id,x,y,z,type
0,0.0004549896294076978,0.00021463224370146428,0.00012393975496154464,0
1,0.00046132802837065977,0.00022519578529638107,0.00045271765116494314,0
2,0.00023126011584610395,0.0008635084976659698,0.0003978877413176255,0
3,0.000672614020278591,0.0003195072979243111,0.00034047405937132335,0
4,0.000264267005100716,0.0006856888032444599,0.0006628195093889765,0
5,0.000770283387929331,0.0005590522572235838,0.0004358623096132741,0
6,0.0005068888400757444,0.0005556598681027929,0.0007122611572263433,0
7,0.0006878798930402726,0.0007439851325064151,0.00032562099495277185,0
8,0.0004210963044509777,0.0004171848509124031,0.0004452137461932665,0
9,0.0002556404174422766,0.0008129003649309867,0.0008276944475333281,0
10,0.0007367219545269173,0.0009101511854971684,0.0007041337162574787,0
11,0.0008821445611188718,0.0002551811628747087,6.4139743314094e-05,0
12,0.00045511405847158007,6.338066224495254e-05,0.00034225334591581524,0
13,0.0007884412705426908,0.0003412064119668696,0.0004265060514214172,0
14,0.0007211567412017774,0.0001489035463127585,8.824155656046685e-05,0
15,0.0008832108204843298,0.00019544024914432901,0.000515918887421674,0
16,0.0008186682821394894,5.492827790893551e-05,0.0009756792120822452,0
17,0.0002365629456661431,0.000590129323267882,0.00033037187297772986,0
18,4.204185959595297e-05,0.0007724790624648106,5.8347124617277315e-05,0
19,0.0007469164802748648,7.135703176591512e-05,0.00037586683380807606,0
20,0.000238978727539107,0.0008783783936128587,0.00017943400337886884,0
21,0.0003754654649146264,0.0008159206549297554,0.0008507775246961452,0
22,0.0006767048212047484,0.0005110488898006331,3.64778572009844e-05,0
23,0.0007123073773459762,0.00037453190346222154,0.0006680334261758631,0
24,5.9077358452545915e-05,0.0008582132856718188,0.0003299880034774667,0
25,0.000653062412837639,0.0005329043262035848,0.0005567333972765303,0
26,0.0009566826201639414,0.00022005083315208406,0.0006719576303515748,0
27,0.000928224922353514,0.0008682274945067092,0.00010973367841755655,0
28,0.0006488684076297299,0.00031715612287845716,0.0008517746912637745,0
29,9.4621386210202e-05,0.0006852465747391981,0.0009685853001618604,0
30,0.0009807965378906547,0.0007211043561187954,0.00014068942551203378,0
31,0.000516351059155673,0.0006069622357152513,0.0003590721485188152,0
32,0.00018203137679044867,0.00013589780764675685,0.0008453738473661678,0
33,0.0007178305933955042,0.00028883392899355873,0.0006633080168362679,0
34,2.9569961849039595e-05,0.00018339971706531356,0.0007399293345697164,0
35,0.00032744525696420745,0.00014365828075005128,0.0009452691416328737,0
36,3.047486505359398e-05,0.0008784631167766467,0.0005124283807007878,0
37,0.0006396985716407937,0.00028070703197437486,0.0003374347617646203,0
38,0.00045261083009274974,6.10259221089382e-05,0.0009901583669260873,0
39,0.00024950171720578706,0.0006807236560778288,0.0007860272012623321,0
40,0.0009172154336426867,0.00019409305443592517,0.0008260534237746754,0
41,0.00013334301788995705,0.0002672683048599793,0.0006891122633217223,0
42,0.0005592805063996896,8.456646738097307e-05,6.829363427548274e-05,0
43,0.0002487455248768996,0.0007386539665839548,0.0006657333299357653,0
44,0.00014522041246750817,0.0008945710018224183,0.00027769360887319874,0
45,0.0007940431018860525,0.0005241484836598802,0.0003524775043138494,0
46,0.0005081499379888828,0.0004879580070221573,5.917268883163796e-05,0
47,3.850564019577607e-05,0.0009971878655971372,0.00027693173951184614,0
48,0.0009531372355830892,0.000822864832863035,2.5341530469976336e-05,0
49,0.00048030123464116135,0.0003282267748813742,0.0007096724078947228,0
50,0.00013500712573393282,0.0006897429584534578,0.0006911607428556725,0
51,0.0003161838962874232,0.0002926453904002437,0.0008350393263669126,0
52,0.000311942057857186,3.2816134152966804e-05,0.0008229530783885928,0
53,0.00017011560602451538,0.0008703879294704573,0.0007162870221571908,0
54,0.0008313051179993052,0.000806115265888259,0.0002707665185263587,0
55,0.0008309796682118612,0.0005015935264143138,9.939060267722733e-05,0
56,0.000758943351965293,0.0006177402571464406,0.00012816435174603703,0
57,0.0006178404462969163,0.0006950324816041352,3.741430318453354e-05,0
58,0.0005660654254909254,0.00033684831516517146,0.0008954598409406407,0
59,0.0005257384403631111,0.000527019203294541,0.00010675239678166382,0
60,0.0003053691323916413,0.00019662847461429634,0.0008588195980700781,0
61,0.0008194650723795502,0.0009400808058450155,0.0005697237297954018,0
62,0.00021086482317683687,0.00042456244116010657,0.000615962691906506,0
63,0.0007080748244073484,0.0005482652712078262,0.0007316889930659568,0
64,0.0009650989650502522,0.0006417772082326301,0.0008236904924348003,0
65,0.0004272398116259749,0.00036207148452376193,0.0006424802810666044,0
66,0.0002425191315907409,0.0007675377110487423,0.00012779739610006269,0
67,0.0005753337277082302,0.0005945346697077048,0.0009640894356846685,0
68,0.0009405036725593372,5.488642922916254e-05,0.00017003458210491075,0
69,0.0009672710704404679,0.000812614727329973,0.0004256262502146816,0
70,0.0006952620214794847,0.0007446032572918814,0.0007084252517691874,0
71,0.00022304160934051654,0.0001984270216969214,0.000734650709746989,0
72,0.00032586044635997305,0.0006760067890053612,0.0007430484035942502,0
73,0.0003333177491985313,0.0001311653882849504,0.0005181528892378718,0
74,0.0006253356725903315,0.00020963851614356867,0.0006047059281585724,0
75,0.00041372331615100003,0.00020300510123295913,0.00037826813965485817,0
76,0.0003515038291522348,0.0008316182280650342,0.00016563338052428923,0
77,0.0008402900047714075,0.0009218561796144639,0.0008382314974386265,0
78,6.471580968302249e-06,0.0007536788484592922,0.00041548358279479226,0
79,0.00018386696873026032,0.0009450328652413208,0.0007323118804496411,0
80,0.00040887993826249923,0.0002818625462503519,0.00019883889823457324,0
81,7.441575647606702e-05,0.000809602654080285,9.509530436558244e-05,0
82,0.0009141401957249476,0.000933333896759857,0.0006642759720750989,0
83,0.0006549367087209293,0.0007635209409530229,0.000205889234007259,0
84,0.0008429523743809577,0.0007364118755709795,0.0005342128637744796,0
85,0.0004279381375120316,0.0007161696332086367,0.0009020986781626332,0
86,9.909085908909721e-05,0.0003295775369654871,0.000775123639438267,0
87,0.0009733531766158381,0.0007680535131666182,0.00046774471762412183,0
88,9.072331146933277e-05,0.0007481003808468078,0.0002848318501914283,0
89,0.0005364507438764244,0.00037745565894312604,0.0001923095647957811,0
90,0.0005413964268171194,8.579562475441838e-05,0.0006366259642019996,0
91,0.0009153802636537843,4.029747776705361e-05,0.00022912749000403898,0
92,0.00035160730351582227,0.00012959183181549593,0.0005285476919551166,0
93,0.0006884240900427047,1.9395352278217315e-05,0.00028028482337679773,0
94,0.0006699926618274527,0.0003815147945741826,0.0009943194705052283,0
95,0.0004728018702018995,0.00017433328713578223,0.0005281593731532917,0
96,0.00042477563025476316,0.0003716984588041638,0.00035033150767880796,0
97,0.00023681138873422926,0.000796704043933975,8.226546309453453e-05,0
98,0.0006635966589616039,0.0009861695365400124,0.0008682523110890657,0
99,0.000798125709420447,7.13361783427825e-05,0.00014649232990114613,0
100,0.0005735944215550347,0.0009793055764360883,0.0004918189555557362,1
101,0.0007539537533088962,0.0002158272253435549,0.0008267593932651577,1
102,0.0008442031407082663,0.0006234091091973786,0.00014489899060497968,1
103,0.0003016320841073314,0.00016481693312587188,0.00017442417018622935,1
104,0.0006807020809294133,0.0009012897747060673,0.0005215787243706885,1
105,0.0006020523022669476,0.0006697899618149359,0.00044898148427923633,1
106,9.962598935283029e-05,0.0002089626839409443,0.0006282542030817927,1
107,0.0008088151815686421,0.0005988939520300205,0.0002641541614476536,1
108,0.00034546192979646793,4.564851813894988e-05,6.8746522560584335e-06,1
109,0.0006968099453806322,0.0007631810865301708,0.00034681579407008713,1
110,5.5181284746044335e-05,0.00043344877521371827,0.000926890152268326,1
111,0.00012830928014968945,0.0007462754232087893,0.0006906852148824867,1
112,0.0002462631239109605,0.0005651658633243798,0.000942643005779823,1
113,2.9053697338244255e-05,0.0001626816320877924,0.0006246421678376891,1
114,0.00016800303260781858,0.00023811807570941291,0.0009762850849735599,1
115,0.0006645335983907597,0.0006225208091755348,0.000809232645329005,1
116,5.673333725344476e-05,0.0001716575094565741,0.0009871040313561307,1
117,0.00037305635719815135,0.0001291859551089698,0.0005817518158454084,1
118,0.0001269240133844992,0.0007097954219140716,0.0007951399839734002,1
119,0.00045384757405444765,0.00023222083640327864,6.361346964650071e-05,1
120,0.0004246045780854385,0.0005600417897330492,0.0002891760314815215,1
121,0.0004925344805230594,0.0006985880199903341,0.0007188603773107082,1
122,0.0001917480873582379,0.0007716742049949867,0.00022474497163826323,1
123,0.00018749389668244032,0.0004077374923877106,0.00041020582481949343,1
124,0.00023182221051658015,0.0004286232919187076,0.0004916390697346227,1
125,1.4207255842558886e-05,0.0004767814650542277,3.889044876742353e-06,1
126,0.0004857557712071177,0.0006055139821842347,0.00010635588881331693,1
127,0.00091065413576403,0.0007061575232978097,2.1785517847747514e-05,1
128,0.00011148521639686993,0.0002444574086119623,0.00027787078105459887,1
129,0.0006326245156704056,0.00010108227426879313,0.00028147594669600896,1
130,0.0008780235476834233,0.00034042134814399696,0.0001336288271255629,1
131,0.000684040436833959,0.0003892691758823558,0.0006744494148126048,1
132,0.000826748759059962,0.0004965429218203736,0.0004718504371864731,1
133,0.0006670902665074531,0.000550570905523001,0.0004125701677047802,1
134,0.00024983456795874015,0.0003844552991812145,0.0009754587262038206,1
135,0.0008668897501669275,0.0003341487970149628,0.0008590339979497817,1
136,0.0007968961821494909,0.0005657347886013129,6.751189656819867e-05,1
137,0.0007032643291213407,0.0009185820362245613,0.0008647442441842816,1
138,0.0009732254765484842,0.000168245041011281,0.00012802071854471498,1
139,0.0005387316531637922,0.0006634424170880773,0.00026079811780187304,1
140,0.00033001685711094665,0.00047127807327058605,0.0003118525711968002,1
141,0.0001461114671992696,3.275233225136054e-05,0.0004777261542520811,1
142,0.00028601627684278377,0.0008130401180636932,0.00038601938652267154,1
143,0.000138188484675154,0.0005125158610065954,0.00010030300925155156,1
144,0.0008246676026386864,0.0009022949722982001,0.00023826675458839443,1
145,0.0006194418593981088,0.0007617777017399995,0.0004041091804583291,1
146,0.0006165538549704123,0.0007026044370294559,0.0007219413542887915,1
147,0.00039203817022692125,0.00014757018265516297,0.0009042920209161084,1
148,0.00035008659860588166,0.0005791154961301756,0.00028226130873792765,1
149,0.0009100077676648541,0.0007920211911505145,0.000322813978737748,1
150,0.0008238550542529892,0.0008348424785140587,0.0009556757580477932,1
151,0.00027519098689696034,0.0006480341166068314,0.0007527161109010921,1
152,0.0004366935678937571,0.00015829191935483057,0.0009278280578854528,1
153,0.0007334997854746822,0.0001156061262560677,0.00019639706482488972,1
154,0.0008237388409653441,0.00029073257184456745,0.0002432452305598094,1
155,0.0005619604193884676,0.0009081489433762008,0.0005891001566826117,1
156,0.0004561782349335576,0.0003837016228502032,0.00011266305277229516,1
157,0.0003777784163926773,0.0003380579022530289,0.0004589731631098335,1
158,4.9544967814523115e-05,1.6229825109619677e-05,0.0005504115944802366,1
159,0.0005988824000039913,0.00032006184078472587,0.000266766807463374,1
160,0.00018775818642639098,0.00010196351812189863,0.0009385681981674991,1
161,0.0006374893789606269,0.0007765446397392351,0.0005424456716975819,1
162,0.0002181272087487074,0.0008908621043728262,0.0008041032215374678,1
163,0.0009344307201969327,0.00029301690649732203,8.53317072381069e-05,1
164,0.000797318562810147,0.0007433640189046206,0.00038181486797629095,1
165,0.00030655023359270795,0.0005571603477415025,0.0003306416693607771,1
166,0.0005996020311915548,0.000108092363707049,5.593587775961972e-06,1
167,0.0005563742241249246,0.000364376930670136,0.00012545581051908995,1
168,0.00024526105561499057,7.873028735017019e-05,0.0007222104535101095,1
169,0.0009389648684577264,0.0007208393498075517,1.9568270465586847e-05,1
170,0.0005159861710659445,4.8354017219970016e-05,0.0003931663941584596,1
171,0.0005676575471677007,0.0003105998528951579,0.0005399868738441919,1
172,1.6930144137642155e-05,0.000955691409841412,0.0009171103677273135,1
173,0.00040792977757531915,0.0003865858986837626,0.00030381452542856547,1
174,0.00033687304400062645,0.00016024128724220245,0.0008016898862992759,1
175,0.0008166945005212361,0.0009517534889207768,0.0007383943984029976,1
176,0.0006232922426532223,0.00015647946720242023,0.00015646403867783753,1
177,0.0001858495291915857,0.000702650163534242,0.0007597751757240812,1
178,0.0007591767866733085,0.0007397795614418625,0.0008534031377544273,1
179,0.000634649957624736,0.000417882609173763,0.0001125476656736656,1
180,0.0005006829721321208,0.0005795916060799501,0.0006053169252101793,1
181,0.0009175748052180522,0.0004912392367402853,0.0007517741806833524,1
182,0.000342717901014961,0.00015924705760200685,0.0008037472521596445,1
183,0.0009260069357741179,0.0006700219958127989,7.109561845798807e-05,1
184,0.0009390921071733097,0.0005801320949282424,0.0009631429504908804,1
185,0.0004022566959955204,0.0004426369463212123,0.0007431916819918612,1
186,0.0008491170026014833,0.0006599642277684458,0.00043380353621248394,1
187,7.333883379695327e-05,0.0007752440507156424,0.000636224390357424,1
188,0.00018952572437907312,0.0004844337623558367,0.0009402671466599485,1
189,0.000661576885102865,0.00020476060697097021,0.000831053377408471,1
190,0.00035807368753323297,0.0006960134390974649,0.00021305067294376368,1
191,0.0001284677876087721,0.0003231352048740882,7.540155967112561e-05,1
192,0.0005744809606221197,0.00011770357319236858,0.00032475639542370885,1
193,0.000752836271315262,0.0005410990019305047,0.0002270919152280485,1
194,0.0008565344375703305,0.0009709096722995146,0.00041381542012653994,1
195,0.0009416520494771583,0.00028903823091978544,0.0001797930868052402,1
196,0.0006501273137986378,0.0005475232447104016,0.0004943997709281539,1
197,0.0004524190306059802,0.0004052823718716957,3.50762565005569e-06,1
198,9.081306103054676e-05,0.0008258179568773056,6.98906997411708e-07,1
199,0.0003576099972581287,0.0009088232654719433,0.0004978830232686734,1
200,0.0004457652275837556,0.00040444915050822814,7.993290866400005e-05,1
201,0.0003370674883859598,0.00048323715509034017,0.00047066622131087686,1
202,0.0008849502554739999,0.0006189162350395939,0.00020029801233565936,1
203,0.00015417738303160865,0.0006495097503461234,0.00037338960850370387,1
204,2.3303362825720654e-06,0.00019985496654683423,0.0008307346418460062,1
205,0.00034324738526482734,0.0005901815089711665,0.0009338033527142573,1
206,0.0006340220864505577,0.0007664157650441271,0.000932856593503898,1
207,0.0003182157300759739,0.0006435645144149704,0.00014535496477724452,1
208,0.00030273742784421196,0.0002678849990293457,0.000118590200607257,1
209,0.0003417169539959615,0.000649402799127504,0.0003842702773963752,1
210,0.00024020500730523588,0.00028328954407903664,0.0005496044373620111,1
211,0.0009606016195851171,0.0008968687718327474,0.00020116938062242319,1
212,0.00014026375052468332,0.0007320856554466384,0.0001319856264206011,1
213,0.000678228672380741,1.3056633734352618e-05,0.0004756504779192529,1
214,0.0008593523434239012,0.0007665808896728964,0.00029664673754833525,1
215,0.0004199730511044416,0.0005148115853470832,0.00033888805722662716,1
216,0.00013353823895716156,0.0005368237244332151,0.0008984919112549501,1
217,0.0004210537331017266,0.0006527448716253509,7.75086435279948e-06,1
218,0.00017098095546237536,8.38696905944547e-06,0.0007246425207366638,1
219,0.0008438658148803092,0.0008091822146453763,0.0006106794006428269,1
220,0.0006288595787094731,0.0003000521884760985,0.00036505154814476474,1
221,0.0006505565589880382,0.0007594590740279017,0.00093070742666792,1
222,0.0005995909014608518,0.0006086774283170605,0.0006255478862607719,1
223,0.0006951651586783158,0.000737407234714131,0.00017851337981170513,1
224,0.00011278471216307996,0.0007351936759327115,0.0006021042167053773,1
225,0.0009433491963950517,0.00022733200342070316,0.00033253103028353046,1
226,0.0008039012551303773,0.0005141808362010217,0.0003224733221680832,1
227,0.0006019103529603187,0.0003961650697708813,0.0006130669222335025,1
228,0.0005666425622278857,0.0004930346918145141,0.00023234887607727727,1
229,0.0008713798139997083,0.0005501791610660733,0.000967666125578462,1
230,0.00024609653080895886,0.00018612915086831683,0.0009283769029963465,1
231,0.00033847569819282,0.0009767241435142615,0.0009994217169052128,1
232,0.0006375211117381571,0.000715359979794459,0.0008520070872933509,1
233,0.00043062441058927395,2.096347148501787e-05,0.0004339018978695689,1
234,0.0003730841575657127,0.0004509225239191661,0.000847259579188483,1
235,0.0008390954574767123,0.0007235304416070122,0.00032572071015004125,1
236,0.0006304039466474899,0.0002623712566823313,0.000826484836231336,1
237,0.00024417250619515965,0.0008894074814615531,0.0005525530100201745,1
238,0.0005175677208694132,0.0002189500660941872,0.00025595163931658137,1
239,6.569453521338187e-05,0.000630235724383556,0.0008711340546897988,1
240,4.633155470247674e-05,0.00011103201889078218,0.0008757602343478916,1
241,0.0006961306067137294,0.000585227521310795,0.0004793666092471225,1
242,0.0006057359068584022,0.0008259611601312631,0.0005790031700346907,1
243,7.771895205524415e-05,0.00018756927775886312,0.0008196916327887089,1
244,0.0006912107732723475,0.0008624644626346151,0.0005085682872838194,1
245,0.0005959423170014915,0.0004045048648188254,0.00046457829446389467,1
246,0.00066812235271096,0.0006779084655913886,0.0007221035405728801,1
247,0.0004765246684135108,0.00013143882272147523,0.0008341911055646655,1
248,0.0002697804957233431,0.0004599267056461418,0.0006914183071882945,1
249,0.00012838345097639903,0.00033657651946302327,0.00030861403508910124,1
250,0.00020779607844814585,0.0007392221247548317,0.00028417577634515755,1
251,0.0009806798527725385,0.0001672492478187917,0.0009913608197947353,1
252,0.0005999234759305157,0.0009577790503302566,0.00029232866849062224,1
253,0.0008761949121407395,0.0007672550848582027,2.8106782205599478e-05,1
254,0.0005864529862011455,2.4610850281697183e-05,0.0002471455809299955,1
255,0.00041713658576358794,0.0007276793591096376,0.0006994704663230168,1
256,0.0004139312167068521,0.0007597846880005498,0.00011759694119018272,1
257,0.0003458440388437666,0.0008891844059323412,0.0005670560900924318,1
258,0.000688101633772958,0.00015154871010026393,0.0001272302762589883,1
259,0.0005559042866411802,0.0005041846312274086,0.00029480669986929777,1
260,0.000978503920520001,0.000486895618534389,0.00012147029844262425,1
261,0.0009588150956660257,0.0007090717910236415,0.00035183842622875605,1
262,0.0007440610473937177,0.00016654222503618266,0.0005556214353144662,1
263,0.0004056438102948853,1.2048405774533922e-05,0.0008020851872448058,1
264,0.00013259533649383616,0.00029283334430308696,0.0009600063265773121,1
265,0.0009536053931695898,4.839674271672279e-05,0.0001877456603936216,1
266,0.0009964347638807983,0.00034573150823916733,0.0008287513146953575,1
267,0.0006593467237643729,0.00034035516637337913,0.0006836982576391562,1
268,0.0004311455753297596,0.00023122913771491893,0.0006192581505435504,1
269,0.0008349676705407484,0.0008933462577126402,0.000671643276767825,1
270,0.00027494339572208757,0.00018266877642571567,0.00037447623593849346,1
271,0.0006524096804207028,0.0006823984797354894,0.00034271952467318533,1
272,0.0007555810345817807,0.00021495361560865857,0.0004416246098829797,1
273,0.0009980102043708346,0.00010029398824275703,0.0004415458148597542,1
274,0.0005195658044258951,8.9237684014164e-05,0.00010421054578781596,1
275,0.000882312228721273,0.00035566303405806067,0.0005389386724958669,1
276,0.0004119754954165252,0.0006874473961104078,0.0006390788886795813,1
277,0.000802085566161073,0.0007704320294715409,0.00018944279293772439,1
278,0.0007650339330135118,0.00045405527625877516,0.0003932341971387728,1
279,0.000430792933134043,0.0004782547993141987,0.0008327707515234039,1
280,0.0005194228998613869,0.0004914038786602735,0.0007528861230835491,1
281,3.748871405045129e-05,0.0008256689747014367,0.00022754686433510573,1
282,0.0006830817604054015,0.000516058195665553,0.00015758763844724865,1
283,0.0004933930437615227,0.00047607353256011274,0.00046927886995086455,1
284,0.0006433721468806206,0.0006657473734065715,0.0006933171366502517,1
285,0.0004994092532668467,0.000957389200123078,0.00036646773623610343,1
286,0.0007063107837046784,0.0006789166971330772,0.00030179475366134755,1
287,0.000514282296412593,0.0007651531206287272,2.761881350493789e-05,1
288,0.00048004707906529,0.0009093915344697305,0.00012934474514858697,1
289,0.0008393038675556988,0.00079465591753693,0.0005427100433548709,1
290,0.0009424259676166713,0.0009530909640815331,0.000928594443366223,1
291,0.0009660479597461796,0.0003501103363026047,0.0004030669733992123,1
292,0.0004635265995561756,0.000683587325687107,0.000388732000164974,1
293,0.00010865183372149901,0.00042966499433966764,0.0002892372392603332,1
294,0.0003341631991317361,0.00047722845496629517,0.0004478354570019312,1
295,0.0009923909015921366,0.0009157407090277424,0.0007778144201617668,1
296,0.000777609897574229,3.4029803303640805e-05,0.0008539618173462361,1
297,0.0002060049651935576,0.00018680949741133602,0.00015058172813787007,1
298,0.00038634199361757695,0.000357063114182243,7.282246234860679e-05,1
299,0.0007369424250591028,0.0004426433392365504,8.353991795116488e-05,1
300,0.0001263523281691723,0.0004642720664561866,0.00044635195554406016,1
301,0.00016440929011420937,2.267058388707821e-05,0.0008400018319490105,1
302,0.000979587412936032,0.0005942963299849801,0.0006293395466602131,1
303,0.0008541979790473008,0.0009975009138243815,0.0002679944105981078,1
304,0.00020717214106758197,0.0004105254764257145,2.2042326602784713e-06,1
305,0.0006248473231690693,0.00030289986656099633,0.0007864689532100605,1
306,0.0006930261224902872,0.0009529400235539386,0.0003819312617577607,1
307,0.00099479403813648,0.0005522796430099866,5.3916134929542945e-05,1
308,0.00020291250464399656,0.0006675963660204077,0.0005908862198679281,1
309,2.0200366611196174e-05,0.0006262036279545137,0.0008742624324066802,1
310,0.0008715324360109104,0.0001451405748534651,0.0009596140817220534,1
311,8.884679248227801e-05,0.0004775681745174127,0.000760081508300052,1
312,0.0009326253543926892,0.00037693983670948915,0.000966081911061865,1
313,2.600924846771746e-05,3.774187284666586e-05,0.00025563350028209896,1
314,0.000994911696890408,0.0009486807669160562,0.0007527092659345148,1
315,0.000970224602087192,0.0005702641882839463,0.0008887715725380763,1
316,0.0009002547872184584,0.0001922039135354564,0.0004511865163211919,1
317,0.0005577929095650697,0.0005679476026031953,0.00035330109800226563,1
318,0.0005385690397152067,0.0006005043507803175,0.0008449006277810772,1
319,0.0009361161961394646,0.0004695787197586393,1.0881169042573635e-06,1
320,0.0007719703078620637,0.0008703670354860792,0.0002930148663893193,1
321,0.0004932910779830227,0.0002017243353940219,0.0005965053221657704,1
322,0.000588874574338564,0.0006787980805233957,0.0009569321574150763,1
323,0.0007500333952317918,0.000596674495897353,0.0001291889101185727,1
324,0.0008383909779274874,0.0005004066437105879,0.000982543042136114,1
325,0.0008353851964894998,0.0004383538085313034,0.0004439929633561954,1
326,0.0009917972411635787,5.1052027220368393e-05,0.0005231908146934364,1
327,0.0006152961724504252,0.0002832643296736164,0.0009017009957438368,1
328,4.206233049080888e-05,0.0006014768131407537,0.0007573156201735861,1
329,0.000940783293620258,4.3881631831868105e-05,0.0009133118680471084,1
330,0.0005070000584937712,0.0005088456407160266,0.0003120094771910781,1
331,0.0007104521114052167,0.000168216948610592,0.0008811555629700819,1
332,0.0007251608336450164,0.00048742859630143345,0.00035905408837751964,1
333,0.0004524797423442911,6.908155882131973e-05,0.0007287440989049434,1
334,0.0007947066739040393,0.0006823324167541194,0.000914372214843011,1
335,0.00026866077663537644,2.694721162188274e-05,0.0003728149101854792,1
336,0.00037242549647848534,0.0004872669654469182,0.0006959012503135173,1
337,0.0001889680061188206,0.0005550004945530367,0.000797464277535078,1
338,0.0007824100360192677,0.0009388073840108503,0.000968378091117193,1
339,0.0008386136695606804,0.00018618255119994733,0.0009303149910845961,1
340,0.00017585289359418944,0.00013213082061544801,0.0003781182276578544,1
341,0.00018320426530311074,0.0006850125198873636,0.000354030240777363,1
342,0.0008036279557335008,0.000563276700192071,0.00010661776735778861,1
343,0.00011865206901128733,0.0002891170673199132,0.0005954879481441911,1
344,0.0004059697256640391,0.0004216242366488766,0.00020886283517376693,1
345,0.00010099779262077724,0.0006073061587037257,0.00013710234434107294,1
346,0.0007687427911377701,8.146752369478671e-05,0.0007875912426631068,1
347,0.0008037471953262556,0.000258714588157148,0.0005205444683641792,1
348,0.000781741810866792,0.0009655457021116918,0.00034479933778919924,1
349,0.0006027142075719401,0.00015624612253879855,0.0007210519596042005,1
350,0.00012882731609716326,0.0007788695449132179,0.0006781226560400412,1
351,0.0007704369111065811,0.00019200688400568456,0.0008219391336618327,1
352,0.00036643313436859594,0.0005659478286913878,0.0004527700145580822,1
353,0.00027385507297259947,0.0004814368587974182,0.0003693110075183568,1
354,0.0008759983449131533,0.00020344459694481232,0.000429173635439298,1
355,0.00028456088941691647,0.0006009759610113066,0.0008948164306587377,1
356,3.58592234477465e-05,0.00019666793116060333,0.0006173615847812776,1
357,0.00019559196206371166,0.0008561100515392296,0.0005636858686052294,1
358,0.0003560457068558729,0.0002636128998574464,0.0007287331705647487,1
359,0.00046776294472615954,0.0008032726707032264,0.0008795983088181772,1
360,1.0797678270321854e-05,0.0009281423692199516,0.0002896681643129061,1
361,0.0006391468914327294,0.0002881102303373464,0.0006444532578986929,1
362,0.0001656245215029536,0.00016488102738745658,0.0003854447344121693,1
363,0.0002719639058608546,0.0009346427020520775,0.000776461137830038,1
364,0.0003344963377733973,0.0008421831908621454,0.0004895924195713251,1
365,0.0006001689352645757,0.00020513066988332452,0.0006925418465417134,1
366,0.0008856841288599146,0.0009130541370836057,8.50296115436473e-05,1
367,0.00020308660170919546,0.0004969983759478961,0.0006662172957777755,1
368,0.0008755127407143886,0.000515001185855952,2.3765198642363707e-05,1
369,0.0004715484417720559,0.0006672313834968773,0.00020974195350184177,1
370,0.0007307238916300635,0.00020660008971895016,0.00045756693871304747,1
371,0.0009131992978719884,0.0009657216826918374,0.0007712468753382446,1
372,0.00048395907215898637,3.77031923990665e-05,0.00022951799364915226,1
373,0.00027901030262685055,4.491301683034055e-05,0.0005512358546505343,1
374,3.0132413806408964e-05,0.000991602853475884,0.0004653030951018775,1
375,0.0008105778729127728,0.0003532101648537882,7.386682061316951e-05,1
376,0.00014005563207741744,0.00040477642038523387,0.0006483588435702548,1
377,0.00014545495414350473,0.0005379389625473077,0.0006996918811345579,1
378,0.0006862141237126702,0.0008093536652561732,0.0006246404452582587,1
379,0.0009295294329983951,0.0004894853828614871,7.721824893070705e-05,1
380,0.0009943328411191632,0.00021405943111065074,6.529648626827844e-05,1
381,3.3539970627622376e-05,0.0005176953612012313,0.00021956351868826873,1
382,0.00025597633252197793,0.000790927336342234,0.0003903860698271281,1
383,0.0006673772892262417,0.0009223565371719978,0.0005749580924197804,1
384,0.00011030888738824496,0.0009408421799749159,0.0006957368302009632,1
385,0.0004398483560032073,0.0001489129120462579,0.0002677243208525585,1
386,0.0007345658859371635,0.00011178979331276762,0.00034147112471339926,1
387,0.0005044032235274012,0.00028058848846698747,0.0003527658977302758,1
388,0.000522847094971621,0.000313386023036454,0.00073350476759109,1
389,0.0002760549158014093,9.097923514957862e-06,0.0006416754388533633,1
390,0.00011792805182756749,0.0002959248725663434,0.0005138359072844856,1
391,0.0008151318523371777,0.00037137601511656916,0.0009034462941479151,1
392,0.0003106229619819411,0.0008919737668212594,0.0006042863633327024,1
393,0.0005629384128800038,0.0008677811298154608,0.0005468716196113021,1
394,0.00040773442010320107,0.0007846419183234396,0.00029109814464632036,1
395,3.8346454600479366e-05,0.000685170305430031,0.0009473443899211401,1
396,0.0005082621537017888,7.864816226077065e-05,0.0006069295563885752,1
397,0.0005633052808476256,2.203843537980721e-05,0.00031227752538686484,1
398,0.0009940508394414092,0.0008709159832727485,0.000964327079356162,1
399,3.1711290411078894e-05,0.0004210124709079716,0.0007849549596680813,1
400,0.000165762143638044,0.000655604668971299,0.0003295029852526167,1
401,0.00036431719962254274,0.0007586176460346195,6.335412211721081e-05,1
402,0.00023452859592972952,0.0006415290443373104,0.0007497604804728799,1
403,0.0009269628484196469,0.0005453733394914347,0.0009052867079730354,1
404,0.0003375858451219014,0.00024001190481417445,0.0005880167597490469,1
405,0.0009951599825650732,0.000244317403794479,0.00031041012754181197,1
406,9.598120054688597e-05,0.0008632050974689583,0.0005040546320872423,1
407,0.000557743329157458,0.0008632231027496279,0.0007760326246704082,1
408,6.610096118227538e-05,9.573944993760441e-05,0.0007006051220387497,1
409,0.00031665813091598627,0.00028548299356532646,0.0004121480537118524,1
410,4.07523959558086e-05,0.00025961749965699565,0.0007955589490371665,1
411,4.646840198869262e-05,0.0006519075893190751,0.0005598574469556675,1
412,0.0003357830669176127,0.00017086266933471027,0.0009993110685712768,1
413,0.0008484243231097525,0.0005715171668754351,0.0001862856816055717,1
414,0.00045836088327915093,0.0007034160105630448,0.0006499869482819282,1
415,0.00021353995537613048,0.0008455575292242877,0.0005553026893644478,1
416,0.0005868361647899278,4.52036787831428e-05,0.000909422360464718,1
417,0.0009102351005241111,0.0009828374056942244,4.8090008700514276e-05,1
418,0.0004811502214782694,0.0009205147901515386,0.0007974153657395165,1
419,0.00014376508745278283,0.0007364090733928839,0.00016471710598183842,1
420,0.000354822420334025,0.000619472786233752,2.0793810498688447e-05,1
421,0.0006862884012833318,0.0007835928647660531,0.0003366026607026588,1
422,0.0009530646310932747,0.0002978272936132419,0.0003598100177290875,1
423,0.0005751427261262129,6.984443177740973e-05,0.0007470178866514015,1
424,0.0008946803209519572,0.0005219917438991686,0.000493413676968439,1
425,7.275765467984551e-05,0.0009445570034388703,0.0008751444051574187,1
426,0.0004887689220481224,0.0009106516041702108,0.00015641444863816921,1
427,0.00026077895361573654,0.0004565955607610307,0.0004624281006484354,1
428,0.0005360332335079797,0.0007119756243162107,0.0005808030823427257,1
429,0.0005496362647904324,2.9503975741142054e-05,0.00011597370015392627,1
430,0.0001975654578792654,0.000331302121977893,0.0007562415236795821,1
431,0.0007944624451501058,0.0009414399882524834,0.00043038182121882284,1
432,0.0005419823677196385,0.0008721980981009099,0.00016726075069192902,1
433,0.0005011143131208538,0.0005535357386981675,0.0007975993559248722,1
434,0.0002827478475105364,0.0005843505509373198,0.0002920055863333281,1
435,0.0003941983926271767,0.000883872669384419,0.0003351124835627095,1
436,0.000752774357370396,5.466417817681324e-05,6.335652813106906e-05,1
437,0.0006404424177169194,0.0009802263039793856,0.0008322358587239482,1
438,0.0007311342520163898,0.000604555238552591,0.0008979158054102455,1
439,5.900004856041818e-05,0.00014636351015564065,0.0007827917843426475,1
440,0.0008703792384359547,0.00032733433846654324,8.077758506098598e-05,1
441,0.0001570481924535202,0.00053422408664946,0.00021277730481452108,1
442,0.00045108678832715254,0.0008404920246819248,0.0008328016911330967,1
443,0.0007508154119334237,7.399554146554344e-05,5.6338287410824586e-05,1
444,0.0008826622447893592,0.00020884868556264157,0.0009284029255930365,1
445,0.0009700085384129857,0.00011183379816812023,0.0004582069485094671,1
446,0.0004228740753323119,0.0004105455562254441,0.0006346957661853231,1
447,0.0007205469185893145,0.0007281158387990188,0.0005082336448305818,1
448,0.0009714086360947261,0.00023822854878134247,0.00015936400930804075,1
449,0.0005864958120376505,0.0006626542080206245,0.00012404895097974068,1
450,0.0006524959069462956,0.00023252755460819176,0.0006365362246613217,1
451,0.0005093181575867103,0.0009842036135727188,0.0004570996851931993,1
452,0.0009437309030726525,0.0005013950684375714,5.567136665909167e-05,1
453,0.000763533884294015,0.0008520085511646392,0.0006485996447405287,1
454,0.0009481028580000726,6.0488290757783506e-05,0.0009480444544192188,1
455,0.000425171558970027,0.00032527873763159467,0.0009990290304052862,1
456,0.0009777494689644601,0.00041244085865151884,0.0005112245665230254,1
457,0.000680440338415449,0.0005530873381632252,0.0008503384089477139,1
458,3.182461102078615e-05,0.0005328913873325706,0.0003088060110912363,1
459,0.00046566843341795726,0.0003440245119624752,0.00037142989220018894,1
460,0.000250696488081419,0.0009050830836588747,0.00030498458153880583,1
461,0.0006273344905293974,0.00047095946086553233,0.0006823035967307474,1
462,0.00023276735424034657,0.0007901714226341091,0.0007365309110586551,1
463,0.00016894464744850957,0.0008234085317711703,0.0004390401312715773,1
464,0.0002467731391452717,0.0007379959916028921,0.00010252762845510456,1
465,0.0009826837832906667,0.0003671168849332158,0.0009210242983216922,1
466,0.00022445796106080817,0.00014353909137620858,0.0008205265420174702,1
467,0.0004861018148582459,0.0009167838443535054,0.00031894630115067744,1
468,0.00041246036110252274,0.0005146898600350829,0.00039666593042520247,1
469,0.0004173114645725142,0.0009701393357037899,0.0008272025131878717,1
470,1.0541638515891517e-05,0.0004810824439641154,0.0008202994189187023,1
471,0.0006340694743436293,0.0002681023207797266,0.0005492519290369337,1
472,0.000585478302662459,0.0005988389523789275,0.0002263632491875175,1
473,0.0009847537998936347,0.0003157260368363609,0.0008197213573901366,1
474,0.0003403986703923262,0.000669650701119797,0.00029464149207249137,1
475,7.690964165316583e-05,0.0001258105099955994,0.0002820631230254461,1
476,0.00048671545752933,0.0009471450194057438,0.000590626247620478,1
477,7.445143065624794e-05,0.0007734627455445277,0.00025370250053210433,1
478,0.0007844267750282415,0.0005903655721311574,0.0006015003995428097,1
479,3.196732596237084e-05,0.00017332727021781736,0.0007526332854521905,1
480,0.0006488470831208238,0.0007527666830613274,0.0003056576185192766,1
481,0.00037259613177960393,0.00031768880240113387,4.575208089984195e-05,1
482,0.0008844455843765197,0.0008873382868043924,0.0009978230685095324,1
483,0.00019402592458274239,0.0005294137771706171,0.0006547558750064937,1
484,0.00031595002311690434,0.0007381055118455085,0.000313794361951143,1
485,0.0008485114684585535,0.00040061232157700776,0.0006817377946663486,1
486,0.0007017379571139645,5.4166677852936165e-05,0.0007288432800002103,1
487,0.000924492138856869,0.0006474772664054508,0.000439847240190937,1
488,0.0006007981230567663,0.000713464314770647,0.0009910993872145448,1
489,0.00015664358200069095,0.0005082386130016805,1.1320454419494253e-05,1
490,0.000734037035651866,4.404563184773636e-05,0.0008678665048978218,1
491,7.372199997331729e-05,0.0004085863729882867,0.00016288150846637507,1
492,0.00016654924293971386,0.0008804272639366786,0.0002598166697349997,1
493,0.00012355077931489234,0.00023057610107526984,0.0002501644700910202,1
494,5.419856491313668e-05,0.0008768450321085554,9.336113514804657e-05,1
495,0.0007157184037309824,0.00014892506166708897,0.0002851592553058363,1
496,0.0004481051064273981,5.205566419254859e-05,0.0005861578932314116,1
497,0.000324924863878145,9.411112337883165e-06,0.0005492230317996981,1
498,0.0008537394231426903,9.575367109106392e-05,0.00022736092570315702,1
499,0.0009354327253783146,0.00048737215383249977,0.0006370304954700047,1
500,0.0006370534957558934,0.0006345948107669418,0.0003883519045070299,1
501,0.0008081718544986176,2.454510175931257e-05,0.0002199796559300936,1
502,0.0002585206039298499,0.0009294622759792286,0.0003028822471392676,1
503,0.000758650754549043,0.00011795609151605336,0.0009124626654946485,1
504,0.0007149163165994432,0.0006436508389119456,0.0008167739156185296,1
505,0.0003314576091797662,0.0008205670269368413,0.0001669304758159551,1
506,6.347569185492796e-05,0.00047464198254569193,0.0007480194665585469,1
507,5.4741949748642216e-05,0.0002843810020355546,0.0006346958998213272,1
508,0.000719205996435265,0.0002360234647207361,0.0007945856630127454,1
509,0.0004954277811883993,0.0008561007695283709,0.0005049527658701005,1
510,0.0001428298710057393,0.000475356905604873,0.0003925987113713797,1
511,0.0009431330429646284,2.9487113869420712e-05,0.00023284858334040516,1
512,0.0006523026297579374,0.000930889168260997,0.0005057407466227482,1
513,0.0007411384140526969,0.0003345301461882968,0.0006993908732195707,1
514,0.0005753328140807408,0.0005800910500170586,0.00034371198886315414,1
515,0.0002117622650511879,0.00019021451752178066,0.0009253524828678802,1
516,0.00040426271469974986,0.00014941840895885716,0.0008151377276422999,1
517,0.0004973932379529701,0.0005483870958569859,0.0006564018752854283,1
518,0.0005358736610398199,0.00010347925984644535,0.0007364779725419117,1
519,8.967571452365153e-06,0.00021268582708190608,0.0007299096745158884,1
520,0.0005364641706895704,7.978034508198428e-05,0.0008252072159888226,1
521,0.0004626806952630419,0.00017124242399649826,3.4504848670040886e-05,1
522,0.0001627220928337121,0.0006793116126324017,0.0006108761201494583,1
523,0.0008589172326202589,0.0007494907994296082,0.0005979304638630985,1
524,0.00012272754497534888,0.00039464183901365027,0.0008549038442675304,1
525,0.0007383900181412046,0.0006753605742821091,0.0008781131151713809,1
526,0.0005653214469590399,0.0006356060319250538,0.0008270445803638931,1
527,0.0001448470475413839,0.0006251540564384347,0.00013027726937134398,1
528,0.000925391107581084,0.0003398192518580334,0.0007671317281157692,1
529,1.2523651205246899e-05,0.0001858972303483395,0.0003072354897495635,1
530,0.0005967051172955797,0.0007174473134523401,0.00024064048374783698,1
531,0.000870978216746714,0.00012495493644287172,0.0001242149230323524,1
532,0.0006431143305748764,0.0001157042750910724,0.0001333674077056509,1
533,0.0008337417185087573,0.00022257630924698391,0.0003366456760462817,1
534,0.0008979414195395786,0.00011232123821028572,0.0007349350347377994,1
535,0.0003001661397570492,0.0006884657752879683,0.0006713749970498915,1
536,0.0002490521243233322,0.0008833780669717667,0.00045611352910071047,1
537,0.0007211462125303048,0.0007206317530406466,0.0002230192250217048,1
538,0.0006897356045841362,0.000259759038837541,0.0004756380130748167,1
539,0.0003435067493463783,0.0006928537665196637,0.0004053821304444213,1
540,0.0005989806475845055,0.000814477158364684,0.00023303961905527383,1
541,0.0005496900685749961,0.0006503914791159079,0.0005021717497830167,1
542,0.00047650140269101427,0.0003865346598646737,9.140805941496144e-05,1
543,0.0005201691573205195,0.0007726768362665119,0.0006286543844251834,1
544,0.0009838956039500333,0.000802749238027265,0.0004815786153648364,1
545,2.1680496136536777e-05,0.0009939917623673377,0.0002773410759771052,1
546,0.0003450597787623955,0.0003640667935856038,0.00028244789328435107,1
547,0.00047824324214658,0.0006569414241091285,0.00011045692807739361,1
548,0.0006185044435259599,0.000412619934679227,5.5342678473622065e-05,1
549,9.040472737956207e-05,0.00016083167977333124,0.0009178814015973476,1
550,6.5397683529826e-05,0.00011497650858007102,0.0006503726316792027,1
551,0.0009839750937379545,0.0001757603409707841,0.0008014484604639403,1
552,0.0008937210085328475,0.0007880365967536891,0.00010137267895457425,1
553,4.5839084762268947e-05,0.00010586371832327812,0.00042312777953458725,1
554,0.0006374198730793033,0.0008229410143915831,0.00015971047854107756,1
555,0.0008553516272561043,0.0007966927018815468,0.0007528808991028889,1
556,9.300224831695836e-05,0.0007816562125645184,0.0003491856800353811,1
557,0.0007593463405657651,0.0003658416283587642,0.0007597186605376181,1
558,0.0006062348398172945,0.0009617057341265862,0.0003220204009939086,1
559,0.0007791087895960348,0.00038913054384332694,0.0008902708790343655,1
560,0.0006136110477675372,0.0005757119931927643,0.000934857459323907,1
561,0.00032710755354448963,0.00036289494305529667,9.168458241855238e-05,1
562,0.0006020562702738475,0.0009057195279272063,0.0002983908150736277,1
563,0.0005427307007603305,0.00023622811782231424,0.0007374061281153258,1
564,0.0009077220750986405,0.0004380963249301668,0.0007639868805980718,1
565,5.1395445299999286e-05,0.0007421298532443885,0.0004228974384733215,1
566,0.0003166928395139833,0.0005400336076563385,0.0008625768388821189,1
567,0.00028995625140166106,0.00048656212635956496,0.00088955125068724,1
568,0.00011342924089892037,0.0003474683125732704,0.00040303562583258535,1
569,0.0008610126808958291,0.0008172763498803028,0.0005266648500326569,1
570,0.00036704573043131117,3.8051377647940757e-07,0.0009313287383654911,1
571,0.00026292844537224814,0.0007409068797072374,0.0008890208904525666,1
572,0.0002204683941198128,0.0006207625886648115,0.0009130484130398753,1
573,0.0007117188271813213,0.000422920727220638,0.00023428142120598982,1
574,0.0005075126592082781,0.0006557667428143534,0.0007848670005297234,1
575,0.0006967789863920401,0.000754969182989101,0.0003145815697695008,1
576,0.000791569697435129,0.0005074345207920829,0.0007245109886671923,1
577,0.000741386571419307,1.2205827883062793e-05,0.0007443339460195083,1
578,0.0005091952718942864,0.0004198636716380444,8.020296638534208e-06,1
579,0.0009904601056205562,0.00046348277889029756,0.0005436235669838913,1
580,0.00016450956260361172,0.0005904311333686884,0.0008056658065383976,1
581,0.000280739989979798,0.0008930961215375593,0.000566348538868378,1
582,0.0008209095807426775,0.0007082970368147284,0.0002039954203209371,1
583,0.00011828801633321973,0.0003555555608696701,0.0008304408049443269,1
584,0.0007549194322256898,0.000512257541333345,0.00012413734109087215,1
585,0.0003186647458824298,0.0008737001720110057,0.000624991660702205,1
586,0.0006858348899399932,0.0008927482319240579,0.00020508178823954172,1
587,0.00017349387508835956,5.994595303879902e-05,7.295403132351031e-05,1
588,0.00011275235989856136,2.667302600796484e-05,0.0009038920986404122,1
589,0.000661083373988304,0.0009666367175625519,0.0009696651140470927,1
590,5.1219792043720736e-05,0.0001958026129594409,0.00010135014442809531,1
591,0.0006220582684720268,0.0006507067775306531,0.0007171535965910946,1
592,0.00037128149466512093,0.00028574116862750866,0.0005735165699012384,1
593,0.0005196436853751525,0.0008736933437877208,5.6481799884938176e-05,1
594,0.0005270377145106154,0.0003764582895878288,0.0005679576522609675,1
595,0.000554337383633649,0.0005064184281887606,0.000688490824077759,1
596,0.00019306767042718488,0.0007324294784129661,0.0008269602782545943,1
597,6.702106060381174e-05,0.0009699411355199021,0.0007562940876111403,1
598,0.00034884825766850835,0.00045741473724982484,4.4534276385491124e-05,1
599,0.0007956655595849754,0.0002843753623090264,0.0005963940952352448,1
600,0.0006883054489446908,0.0008735204277172198,0.0009943245071252116,1
601,0.000734517191602666,0.00030898430486552133,0.0003636031502418229,1
602,0.0006531385208204834,0.00023792790843153388,0.0009170085600117935,1
603,0.0003672176854298586,0.0005669470841956995,0.0001196979417830102,1
604,0.0008368962371403069,0.0008098724886127421,0.00043182643623272655,1
605,0.0002160641341030809,0.00029070478745963594,0.0005390166402066164,1
606,0.0005030500630052501,0.0007536879087166357,0.0005644552712204138,1
607,0.0008673203692205156,0.0008154271908075062,6.664296291674754e-06,1
608,0.000695621932921436,0.00013251991169083843,0.0006685863508553658,1
609,0.0005373628788945111,0.00023566944029687075,0.0004649622886601015,1
610,0.0005929743760776955,0.00017373023852703206,4.849066747872955e-05,1
611,0.000986460501167413,0.0007954712211322179,0.0005755742341439905,1
612,0.000816235286093523,9.908819839956029e-05,0.0004554830144781489,1
613,0.0007014264526832748,0.0003691141452639396,0.0005616391481633681,1
614,3.9065985774333625e-07,0.000987532409436429,0.0005397713277354769,1
615,0.0003013186739336741,0.00021242302091267485,0.0005570168228602476,1
616,0.0006601539548683193,6.563235382370925e-05,0.0009663865801293779,1
617,0.0005466346874643052,3.4767222376540286e-05,0.0005496961138458006,1
618,0.0003488719930372479,0.0008272517267156956,0.00029734639056986945,1
619,7.554321809185404e-05,0.00016785377680884507,5.345128458485781e-06,1
620,0.0006915600799253916,0.0009329257865725889,0.0006940034943102863,1
621,2.46036721166909e-05,0.0002816943389256913,0.0008483494446364654,1
622,0.00022272696123341407,0.0005609715879666157,0.00017862119524968633,1
623,0.0007443170651409863,0.000547513107368077,0.0009955587842064675,1
624,0.0007152301447902545,0.0009233131314981735,0.00013177602354810791,1
625,0.0008513512291950183,0.0005182185098854106,0.0003650220723491472,1
626,0.0003568101355340735,0.0007398354813471918,0.0007865481815751373,1
627,0.00039883666185360243,0.0007297404390468331,0.000540512392435474,1
628,0.0004015924003445739,9.183698953013209e-05,0.0001995986126581888,1
629,0.0009750271879653493,9.342480412877219e-05,0.0005237117297062915,1
630,0.0005186823621597468,0.00021939769443315527,0.0008888187673352987,1
631,0.0005265927997185715,0.00038047523542175535,0.0005087430525052631,1
632,0.0007880710450673159,0.0007027095729385549,5.412569819346047e-05,1
633,7.93083491743335e-05,0.00032785803642378455,0.0005077175071207627,1
634,0.0007338384448283204,0.0007290297500463811,0.0009447047484584741,1
635,0.0006967869763457699,0.000996234741487059,0.0005748714201769034,1
636,0.0008458683319715069,0.00016003971844940989,0.00015475663871304947,1
637,0.0009509876020728897,0.0001856644247771566,9.987339598801526e-05,1
638,0.0008005293819232565,0.0007693056745719729,0.0001775647204504095,1
639,0.0009982575748753474,0.000242022502476964,0.0005179860600625504,1
640,0.0009360151624763996,0.000341467212268869,0.0002068713291266565,1
641,0.0007454698259723498,0.0005973339645271289,7.507076602792006e-05,1
642,8.699764590270409e-05,0.0005985363953594787,0.00022269198726910754,1
643,0.0007888743355402518,0.0008466838106268705,0.00017532071840832387,1
644,0.0007773453780351033,0.0003945507429930553,0.00018056105597740325,1
645,0.0009058082871011146,0.0005616925254732317,0.0005067936802058362,1
646,8.476477578000496e-05,0.0009895353174986725,0.0007395037762593127,1
647,0.0008194556710638219,0.0005686162026672185,0.00034249576402988434,1
648,0.00017195096156106594,0.0006901388895966362,0.0008170883354303391,1
649,0.0007094231872948329,0.0007634282382754361,0.000768367985560618,1
650,0.0003055022721106966,0.0005357606509790348,0.00037514871361924953,1
651,0.00036694793151776864,0.00035494425608860436,0.0002400125796240138,1
652,0.0003116845313476394,8.825476950406442e-05,0.0002540615602924531,1
653,0.0004697492141737044,0.0003263409301943907,0.0004911723908099206,1
654,0.00015970315666594603,0.0006811929522450508,0.00047253483313153553,1
655,0.00012264465721002117,0.0007980699184403368,0.0003437083268390061,1
656,0.0003697236282362708,0.00040400163857004257,0.0009055870469088907,1
657,1.306092994291086e-05,0.0007631193343369054,0.0003732900400414172,1
658,0.0007808424098979518,0.0005766931010655509,0.0003992153585894407,1
659,0.00018488378357592861,0.00034998166977543967,0.0002712719244038403,1
660,0.0005269361789303416,1.600596398630283e-05,0.000367705003584494,1
661,0.00019665833488621555,0.0007519309572297146,0.00040358967878323273,1
662,0.0008588060130515078,0.0003754683459978113,0.0006623838216329079,1
663,0.00038528099242835146,0.0005607370836421199,0.0002989417923133614,1
664,6.909086436016332e-05,0.0007863772327185351,0.00031028289725346504,1
665,0.0004322189672642113,0.0007570665117731385,0.00010430251712228033,1
666,0.0005444042437251886,8.796937519750148e-05,0.0004811266785404156,1
667,0.0008580898240414382,0.0007807500281559513,0.0007915706157718923,1
668,0.0006891866021989136,0.0003787700980507338,0.0009327189869888345,1
669,0.0007958138967923486,0.0005209295100778204,0.0007408196589341825,1
670,0.00020457779481386506,0.00024283262936616734,0.0004424676022743087,1
671,0.0006397329670368075,0.00039390553927596894,0.0003024836775106967,1
672,0.0008882164110716016,0.0005024295548866462,6.473662720828677e-05,1
673,0.0009175772531594717,0.00042427445400950093,0.00024602266749998105,1
674,0.0004206733997412565,0.000721915206449919,0.0006454070146196584,1
675,0.0007322712407299369,0.000693222085942064,0.000795799626045856,1
676,0.00032036721105253553,0.0008174884648193324,0.0009464027423280414,1
677,0.0008284781050149575,2.8037341243442926e-05,0.0005972889093856139,1
678,0.0009547228848641789,0.00019970653821003203,0.00011703701426321101,1
679,0.00028505827315966983,0.00018525956935863853,0.00028244473783967897,1
680,0.000796656667602272,0.0003794917958736271,0.0009820047222488255,1
681,0.0006498118348365647,0.0002648053423517437,0.00017868966665693676,1
682,0.0006698634654147982,0.0009567844140444618,0.00047179483839423543,1
683,0.00024312883074629267,0.0003408063838985995,0.0008175857828249934,1
684,0.0007113096791729588,4.023398368246711e-05,9.743770546601594e-05,1
685,0.000762775650051553,0.0009381687514288947,0.0004300932084212024,1
686,0.0004891489096248657,0.00023265571109229243,0.00032811386464015515,1
687,8.562003476074487e-05,0.0007970540576179178,0.00016791972767743802,1
688,0.0003198742391634024,0.0005577827075801046,0.0009253840862204745,1
689,0.0005127318465957542,0.0005214172020396649,0.0004167801890598034,1
690,0.00023918054816427382,0.00028210548610568874,0.00032435768573246506,1
691,0.0006238910387669672,0.0009932881922707578,0.00010050132185739957,1
692,0.0002887007748541329,0.0002697220513376697,0.0007663389541478354,1
693,9.432535181040813e-06,0.0001846169278826244,0.00023525976053433972,1
694,0.0003146075549722928,0.0009267923692599607,0.0005104762412379815,1
695,0.0004123175323213567,0.0008801242220364638,0.000366062810474019,1
696,0.00083972699389875,0.0006002748844842565,0.00043888595934018994,1
697,0.0009774322801329581,0.00010401415682529292,0.0005589167418651561,1
698,0.0005704494147958241,0.00012050774352110516,0.0007060479428437434,1
699,0.00022247919919852777,0.000424444441962628,0.0007754210086526292,1
700,3.386511086286592e-05,0.0005765171573762712,0.0009115675302697479,1
701,0.00015731909995040394,0.0009478038858738752,0.0004286664851514146,1
702,0.0006771110644526344,1.7473176845639317e-07,0.0008350694045813485,1
703,0.00047757755968433856,0.00038741642137065714,0.00011819542266164008,1
704,0.00030891873185712003,0.0002137742481940974,0.0005752370267232845,1
705,0.0004048669482233903,0.000634231762162743,0.0009252881829238582,1
706,4.0141242718779836e-05,0.0006769700795175357,7.255323055698837e-05,1
707,0.0005602978647065616,0.000880999488805316,0.000622091629207589,1
708,5.4360478045693215e-05,0.0009293180456702746,0.000745075191328648,1
709,0.0006796468447352878,0.0005683668586143675,0.0006171119896252336,1
710,0.0004934213061564846,0.0006442872502185895,0.00011757899311148646,1
711,0.0007954771601493623,0.0008132418288317801,0.0008034890345042849,1
712,0.0009031750353611332,0.0007946260642041794,0.000670149902988527,1
713,0.0008570958481616764,0.00018018628995421283,0.0003096805338878769,1
714,0.000648139361138301,0.0006871724291004557,0.0009225415358548364,1
715,0.0003665301443787016,0.0006929773396624513,0.0005494392597327405,1
716,0.00029711735958099086,0.0008483138464279406,0.0005828291389620238,1
717,0.0008797530920735256,9.107935429900161e-05,0.0008721251520920027,1
718,0.0002912090341503102,0.0007904691172737493,3.7827683033005876e-05,1
719,0.0006773341761070821,0.00075658940846401,7.20540668523254e-05,1
720,0.000783897816976885,0.000845184570696763,0.0006090672227491587,1
721,0.0005248829245523368,0.00025978277202788635,0.0008860897875417286,1
722,0.0005035757447046167,0.0008529469066676661,0.0009628110487710674,1
723,0.0009784001268099704,0.0009190026694165349,0.0005065409130191803,1
724,0.0004800356179726382,0.00024114532533971367,0.0009803472239863149,1
725,6.113259717515896e-05,0.00010253306758478631,0.00032717872411218906,1
726,1.8060032512894341e-06,0.0006085723835333674,0.0007554683024597977,1
727,0.00018934432257804957,0.00024388109886501754,0.0004863463225623016,1
728,0.00019527999164494593,0.0002612690881478278,0.00031139565242686287,1
729,0.0005834437481187272,0.0009198648442198758,0.0009604704483568455,1
730,0.0008070737333026023,0.0009333861670279796,0.00042094187868977527,1
731,0.00014463892246476085,0.0008120544391834122,0.0009775785773665664,1
732,0.00047874314369321017,0.0009093391374301831,0.0007056694496750997,1
733,0.0005005846940151578,0.0006943635484736859,0.0006042500843980185,1
734,0.0009036626329138131,6.49170099786739e-05,0.00026600115085645014,1
735,0.0007419211121637748,0.0009198081676375622,6.476790869982108e-05,1
736,0.0007315715037753852,0.0004298214627623991,7.126663862372407e-05,1
737,0.0007869439801735028,0.0007868488787226087,0.000616201320695162,1
738,0.00022410235985295758,0.00047754481638672053,0.0008281924186550395,1
739,0.00015784551487889854,3.5847495349442316e-05,0.0007737285817868108,1
740,0.00027202366082493555,0.0009619528743230571,0.0009234862229118929,1
741,0.0009480966256084065,0.0008450575956779878,0.0005333864315611476,1
742,0.0008946848197548882,0.0004483408921924162,0.0005898153921620829,1
743,0.00027855822224452463,0.0002794300973005779,0.0007490411909019186,1
744,2.4033407246161322e-05,0.00025363911953589524,0.0008132774902033284,1
745,0.0009507515526197079,0.00022006708879785875,0.0004301572271419124,1
746,0.0007467126875130833,0.00017093450163709357,0.00034649151344362663,1
747,0.00038443389592078124,0.0005506610992914682,0.0008867243414398578,1
748,0.00012277414046369395,1.1441077680934054e-05,0.0006081165072583714,1
749,0.00042730047055553614,0.0009124480439057075,0.0004225224802875716,1
750,0.0008379603565101157,0.00020059146231820235,0.000732236458624548,1
751,0.0005911600210445106,0.0008793843771453475,0.0006518262774001732,1
752,2.9463846101437152e-05,0.00025873918003624564,0.000372802599958594,1
753,0.0005653779831110185,0.00018021309636733285,0.00013526446225461453,1
754,0.0003604504362823412,0.0007382755554753143,0.0007147658315581126,1
755,2.0258318833585643e-05,2.287210688613539e-05,0.00015664327385533084,1
756,0.00032648524797311974,0.0009142992860383566,0.0008407614592662528,1
757,0.000942161062914868,0.0009111512361630925,0.000347990528391809,1
758,0.00040859056082848236,0.0008039563255133342,0.0006733994695773991,1
759,0.0001746625088552345,0.0009999374909794147,0.00032091052489200854,1
760,0.0005160993144688144,0.0009833712835178863,0.0005010429737394937,1
761,0.0009487481052089233,0.00018793194016447057,0.0009977611464797502,1
762,0.00047578496098021406,0.0006189357017921384,0.0006436213379659847,1
763,0.00044121582348266564,0.0006629955881228406,0.0006970113141422413,1
764,0.0006171903306186499,0.0007088114689970734,0.0007680863250857827,1
765,0.0001355380304438013,0.0009492572362404195,0.0008853880508521729,1
766,0.0001493993248943094,0.0009374629478990715,0.0007849636797693926,1
767,0.00032777808132250887,0.0008012793191284392,0.0008855706853856066,1
768,0.0005782214158291061,0.0007305395568451489,0.0008434920915676107,1
769,0.0009097600856197519,0.00024938698560414375,0.0007470569886852761,1
770,0.0006771905513296538,0.0009872250115402557,0.0003481708362711885,1
771,0.0002069378385399786,5.3328743802511514e-05,0.00018861683783508732,1
772,0.0008434410898202681,0.00015465925577916084,0.0006978766984506063,1
773,0.0006973476276848376,0.0003333550201015718,0.0002962712693198215,1
774,0.0006146291846802022,0.0002689982438253692,0.0001136259558334305,1
775,7.830274550064442e-05,0.0001236225758432783,0.0007621558451400142,1
776,0.0004012437154267039,0.00019507758821087507,0.00010905482076555729,1
777,0.000776078436171182,0.0006141636668201419,9.947021090396224e-05,1
778,0.0004376312473726454,0.0005047181555964241,0.00026691882324686656,1
779,0.0007307099178377454,0.0005394711290094891,0.0008438035818016505,1
780,8.093225942796668e-05,0.0003134065036546012,0.0003082774483203358,1
781,0.0009187375134805992,0.00035616266679601216,0.00016553102839441736,1
782,0.0008674812311886417,0.00020068082216505247,0.00039714935999445776,1
783,0.0003451598643803391,0.00019817844013279607,0.0008792872854796211,1
784,0.0005937619582814213,0.000992288557989088,0.0005735274205598714,1
785,0.0004489348773327956,0.0002670716066493087,0.0007189997025604037,1
786,0.0008695490904870504,0.0003853083043902521,0.0007101290660582545,1
787,0.00027986673493230385,0.0004071383527356891,0.0004873010075948628,1
788,0.00022671071735245253,0.0005300636125940927,0.0007853778032729611,1
789,5.956763950392485e-05,0.0006792772837616485,0.0003427850782404891,1
790,0.0009503020332158177,0.000867018694507366,0.0007120642395010344,1
791,0.00023121102284788086,0.00023487209222259743,0.0004421598453627108,1
792,0.00022999083719133672,0.0003826887921829043,0.0005386651232707193,1
793,0.0008314849858947895,0.0005052121866155337,0.0008698750682188922,1
794,0.0007965765327299293,0.0006687732375257431,0.0009970292098076601,1
795,0.0009926592716995284,0.00029941171079063633,0.0006976944425403109,1
796,0.0005832496464562841,0.0006276149585338623,3.368323984730015e-05,1
797,0.000840717406721618,0.00012808720805728669,0.0008504361507922612,1
798,0.00021510354555081803,0.0005053500097525185,0.00025297654824962547,1
799,0.0005245232583052559,0.00018476203235572941,4.835631664274576e-05,1
800,0.000624367382401359,7.389119036779346e-05,0.00035607785433422977,1
801,0.0006378704810730094,0.0009028390781812306,0.0003431849463814559,1
802,0.0007226418262320191,0.00015144457043640748,0.0007508109976687363,1
803,0.0009205729608536396,0.0004053502667959609,0.0008913051781117432,1
804,0.0007844110700498005,0.00037007982384601625,0.0004890080468368699,1
805,0.00012787863305104862,0.0006494594475789279,0.000904453056420637,1
806,0.000237394150985475,0.0009229166642513107,0.0002924648350573348,1
807,0.0006118690669877657,0.0006477905294733847,6.081024604637842e-05,1
808,0.0006098654260964067,0.0008232240145048751,0.0005307397109307961,1
809,0.0008277852424181327,0.0003253371398674333,0.0009144238891704688,1
810,0.0008544521422910953,0.0001364353105788907,0.0008846115028419427,1
811,0.00029976508937389426,0.000956309266743788,0.0005920635352477172,1
812,0.000399207654326476,0.000689033034313058,0.0007985775796044045,1
813,0.00024220504634343964,0.0004890256718915905,0.0005880861380719257,1
814,0.0003274515580924493,0.0007298772414641559,0.0007417298549561491,1
815,0.00023298978977211106,0.00011925275541516123,0.000658763438661144,1
816,0.0001542407533933069,0.0003259042506391776,0.0008625123530119347,1
817,0.00017195465349845618,0.0005603442954601653,0.0006648452686602678,1
818,0.0005556977703052219,0.0003497156057627391,0.00012467069135595055,1
819,0.0008036816186957886,0.0007620777496451806,1.9701566412817727e-05,1
820,0.0008617924970157817,0.0009100270389603789,0.00023249312105206167,1
821,0.0007535306099388322,0.00028463260592098173,0.0009254184069577005,1
822,0.00026957233602478904,0.0006747335940167946,0.00036813075469483103,1
823,0.000361053698066079,0.0002602589533704914,8.065895801050827e-05,1
824,0.0007661854351265028,0.0009250696200746043,0.0005282668462615968,1
825,0.0007988027862645828,0.0006522442878176527,0.00020562791128724445,1
826,0.0002103389658622874,0.00023823985766254687,0.00034069143479884803,1
827,0.00040958658256100966,0.0005741885794897834,0.0008487604567236006,1
828,0.00019439620519756041,0.00019106569607648416,0.0008191465643243287,1
829,0.00028565451463326763,0.0005874232969011396,0.0009699771848939967,1
830,0.00022504642242684325,0.0008976283516645743,0.0009643281204522922,1
831,0.0008923819053896756,0.0005756005225892576,0.00021641545339951985,1
832,0.0008268672845582963,0.0008960909477792713,0.0001572474407408485,1
833,1.7355091430148018e-05,0.0008312809177138253,0.0008572064162054478,1
834,0.0006589301113534319,0.0006132910585618151,0.0007738777611507986,1
835,0.00030825491331171553,0.00047447808124646064,0.0005879507966535332,1
836,7.684241112075562e-05,0.000984450567531197,0.00047026241624308865,1
837,0.00012305045619766274,0.00027517385160444053,0.00043656200880201677,1
838,0.00015561569801847552,0.0008168205912781137,0.0005405472530300782,1
839,0.0002198334642972909,9.184292112308534e-05,0.0006236377259668405,1
840,0.0009877320507781127,0.0008765119622343102,0.00037969021346640673,1
841,0.0009645954611746841,9.048229488978355e-05,0.0004359726166713728,1
842,0.0005800009122047595,0.0005312915073639837,0.0004062571706798427,1
843,1.913615048690942e-05,0.0006336700335887607,0.0006433053270778324,1
844,0.000486713954043018,0.0009500707162565155,0.00013918049904840336,1
845,0.0009617210934787932,0.0002859841925997968,0.00032344295453340144,1
846,0.00046732927344584707,0.0002687166022841503,0.0007485007808098102,1
847,8.372108928167376e-05,0.0008460614337716555,0.0007703734237865238,1
848,4.7900982404859406e-05,0.000549350381765264,0.0002538638668907337,1
849,0.0005872590259798476,0.0007080954308517803,0.00046289681875900257,1
850,0.000958917438035338,0.0006798624021144469,0.0002361227475387139,1
851,0.0005077973494805496,0.0001767570925682739,0.0005043462947090222,1
852,0.0006959858594620489,0.0005526716384514869,0.000415637465134721,1
853,4.780491140924148e-05,0.0006481249592107965,0.000731207100262255,1
854,0.0007780679736850126,0.0006131164763569596,0.00018603950721605078,1
855,0.0005200840468915725,1.6052293582812793e-05,0.0005167230852856933,1
856,0.0008361504075960649,0.0006084720961263661,0.0008181165969709364,1
857,0.0003397313860807777,0.00019169416227090752,4.627316257459335e-05,1
858,0.0003747053354570741,0.0004854451382205577,0.00015663416787922713,1
859,0.0006496927282297045,0.000484760382577723,0.0007978581005799809,1
860,0.0005610995707110816,0.00014305675113093842,0.0008802849151207815,1
861,9.268698071632209e-05,0.0003122399832441003,0.0009619032586455376,1
862,0.00013651605242342125,0.00040412714876321133,0.0007744258486169775,1
863,9.298516211371134e-05,0.00024150581567982066,0.000186568666829832,1
864,0.0003229368857440994,0.0007149990472763016,0.0007245156627811165,1
865,0.000967761304063968,0.0003911233108754495,2.1054472519161594e-05,1
866,4.9112057915181365e-05,0.0008797032540704819,0.0006399836876365836,1
867,0.0008488266821919455,0.0003595755876251949,0.0009815449299612224,1
868,0.00035559161866703236,0.0004289435116596687,0.0004560981040131832,1
869,0.0008158603828023016,0.0009555478065753222,0.00027386717595020385,1
870,0.0002773384172783681,0.000573550840161795,0.0009574590455534217,1
871,0.0002857269670770283,0.0009421736227972668,6.151285079559666e-05,1
872,0.0003282885485745462,0.0007963742681604762,0.0008834342455961216,1
873,0.0009658429264395158,0.000922306318050907,0.00032937411132451835,1
874,0.00034779551192939376,0.0007019070330657927,0.0004058439690456394,1
875,0.0002689824686165837,0.0005386042633877515,0.0003197787150242636,1
876,0.0007171472123289047,0.0009084570261203962,0.0004280326931145504,1
877,0.000857686486387083,9.095694527751119e-05,0.00042301764724337823,1
878,0.000891944102942406,0.0008414693280380113,0.0007366767296568748,1
879,0.0006273003145916275,0.0006142520963219539,0.0009019685647275053,1
880,0.00034497523241329854,0.0007507537278666958,0.00028543721450769165,1
881,0.0002491389041049885,0.00023195688212471644,0.0005234403999307076,1
882,8.309778608295216e-05,0.0009746631401528041,0.0003480507557515762,1
883,0.000671249922664826,0.00017674890658302435,0.0004136503207618302,1
884,0.0005921966795570842,0.00017135566494198517,0.00044336013600548905,1
885,0.0007589409001232642,6.846200755769715e-05,0.0003086302995024337,1
886,7.11332669515884e-05,0.000521932825793849,0.00031800093678147214,1
887,8.602168520454546e-05,0.00028392042364646145,0.00047861905442494513,1
888,0.0003143582361535592,0.0008390536225639888,0.0009763298187089954,1
889,0.0004919704596227591,0.00012925465915176383,0.0001259855342969083,1
890,0.0004460863340242648,0.0008434052369532535,0.0005487851096227141,1
891,0.0005643673847871759,0.0008796877710130821,0.000835558377733571,1
892,0.00011905689474154902,1.915033346829187e-06,0.000603233673003038,1
893,0.0007538455750286321,0.0005745106079959048,0.0003714318780303405,1
894,0.00037507061743638335,0.0005519959832792007,0.00036461495468304917,1
895,0.00019462748467349622,0.0007093270811535255,0.0008912652168334724,1
896,0.00017228366536177687,0.0005604954809985764,0.0004232407838542971,1
897,0.0003214586258436644,0.0002240613965139553,0.00045647836963543876,1
898,0.00018863918221343723,0.0005434439662777254,0.00011039434123461867,1
899,0.0009775607295745782,0.0007308836577609901,0.0009792844307791768,1
900,0.0007179943498000585,0.0005378387717716538,0.0007928743431780779,1
901,0.0008666532155405939,0.0008740589872795938,0.00013848996830224237,1
902,3.05557599949059e-05,0.0008541389661844189,0.0004132778155527762,1
903,0.0008242404576349765,2.338264248236133e-06,0.000908562825344064,1
904,0.0008640969683261339,0.00022898136384222513,0.000510796331165244,1
905,0.0002473421192175317,7.733156616619864e-05,0.0006818881230830696,1
906,0.0005417605587730217,0.0003523922925406181,0.00042966224307065413,1
907,0.0006736683625107265,0.0006112602052009389,0.00037668448476241745,1
908,0.00015453188804051443,0.0008379171203298675,0.00018144882263794327,1
909,0.0008483441809105407,0.0005256760210061183,0.0008080321293064031,1
910,0.00022871440529460807,0.0003482815926902575,0.0009045076686272655,1
911,0.0005814964902647634,0.00036989346450856696,0.000353888323944046,1
912,9.804149133198159e-05,0.0004195167862170205,0.0007967278539077231,1
913,0.0002609451566889033,0.00015999212792852758,0.0007950771052054144,1
914,0.0006112795363411405,0.0005430216566514226,0.0004815818707920755,1
915,0.0009612576049570804,0.0009417487236294775,0.00029969591374420356,1
916,0.0004943403820683987,6.186584042638643e-05,0.0003062787544805742,1
917,0.000897636370371844,0.0004291454869219912,0.0009354406736820423,1
918,0.0005825724888746673,0.000748656022276634,0.0008146771523812509,1
919,0.0008886303152408171,0.0006441609820633114,0.0004477196171364155,1
920,0.0007446576784525844,2.9573809110813088e-05,0.00043181348505813013,1
921,8.522302339542776e-05,0.0006064074624059255,0.0008269401120236622,1
922,0.0001322284108441978,0.00019860345751089692,0.0004296725520930906,1
923,0.00014155447502846652,0.0009273719415969947,0.0008540295404924025,1
924,0.00021667513944970606,0.0005902762391469471,0.00019098634802737103,1
925,0.0009513020691593006,7.020053760200096e-06,0.00040308088789842167,1
926,4.647221703867688e-05,0.0005157082254225999,0.00011795457931989395,1
927,0.00035587334496356014,0.000938901186476846,0.000713115795310987,1
928,0.0008159482304597844,3.684335578641418e-05,0.00020704725398900837,1
929,0.0007047248023341527,0.00047528720039700413,0.00043544778884524514,1
930,0.00011178447636994926,0.0007264029286748595,0.0001537367309866121,1
931,0.00020373771277767649,0.0001304549649803851,0.0009726678162648979,1
932,0.0008219675011950461,0.00017363592552416263,0.0005829435811875736,1
933,0.0009041671868243632,0.0002549430210607163,0.0007877213247158339,1
934,0.0008173153456615017,0.0002735782296825223,0.0002405673495485904,1
935,0.00018265793839820167,0.0005950263301253794,0.0005215391716793652,1
936,0.00016374030583765297,0.0003007854949574449,0.0006464285844339534,1
937,0.0007371421899645782,0.000512216114053584,0.00012366374039314665,1
938,0.00041879928862636497,0.0006813045929221461,0.0006714490196303615,1
939,0.0009633945789808787,8.954024683781581e-05,0.0005784096939227163,1
940,0.0008772340907348083,0.0006592252309396802,6.44092155917988e-05,1
941,5.921589742352218e-05,0.0006343758827191692,0.00021218124421941797,1
942,0.0006452903519852342,0.0008448612344145717,0.0006491334364636823,1
943,0.0009571934737035952,0.0004220777603246907,0.0007695451307356554,1
944,2.993074316725708e-05,0.0003219900774423771,0.0007350080552239527,1
945,0.0008875917652308603,8.291949270799604e-05,0.0009566949225251913,1
946,0.000619391650876762,0.0004972292374416615,0.00037550148370248717,1
947,0.0006351599497563849,0.0007196571141507011,0.000610112168522466,1
948,0.0007796136562486365,7.260509155375495e-05,0.0005912306471022776,1
949,0.0008887434605669053,3.392883537446256e-05,5.699464327506876e-05,1
950,0.00040295422783347693,0.0007307488434377717,0.00048216932382607605,1
951,6.784764669258292e-05,0.0009721104032247113,0.0005488808676052129,1
952,0.0007514869818422561,0.0008059095805312333,0.0008870169716493259,1
953,0.00036438731048480934,0.00020721961078255991,0.0004871204693818757,1
954,0.00027428330713045123,0.00037048122162771946,0.0001939797907195442,1
955,0.0008066387458251785,0.0006650945557025079,0.0005655402933635826,1
956,0.0005607273318230299,0.0008907492656426896,0.00017236269116458847,1
957,0.0002065516110231783,0.0007703626841222805,0.0003696072029125418,1
958,0.0008838637847686105,0.0009574631064332486,0.0006732607301262994,1
959,0.0005401766233148927,0.00034652579140139606,0.00037779850444082043,1
960,0.0006830779432226101,0.0007716840378256194,0.0005482725558021026,1
961,0.0002237798113731817,0.0007424995959490727,0.00020887764953998633,1
962,6.230478417497187e-05,0.00040603635271445695,0.0004658349680194619,1
963,0.0009500246850698571,0.0007409870591994076,0.00041175785381821996,1
964,0.00038462263458765477,0.0009778597907082176,0.00011776445744094933,1
965,0.0007809252715246044,0.00014618554482288026,0.0007515193045425244,1
966,0.0008484036197050632,0.0007926986283208201,0.0004989036549454163,1
967,0.0009014671904328405,0.0004715541856614067,4.278597773801374e-05,1
968,0.0002445122360389214,0.0007015120740226175,0.0005609438569680661,1
969,4.2802386360511924e-05,0.000540677031555671,0.0007137156163950955,1
970,6.92297548463472e-05,0.0008492165205305997,0.00016105928642424873,1
971,5.112915617898928e-05,0.0009027770189495793,0.000155289205134732,1
972,0.0003619531152309462,0.00013685248282333608,0.00048650617468273106,1
973,0.0005169495074318118,0.00021445449636300874,0.00043676376193338873,1
974,0.0005305341720162172,0.00037362092445111485,0.0006162285848031726,1
975,0.0004664259206877459,0.0008677153828785607,0.0008572754082837376,1
976,0.0008640703550023823,8.456764047774557e-05,0.000710285100326287,1
977,0.0006761270514524014,0.0009492679384319305,0.0005728449912512837,1
978,9.33904898890281e-06,0.00012838344405789403,3.684830647845672e-05,1
979,0.000954062218324371,0.0001507297915815975,0.00028202319424802045,1
980,0.0001666967135853573,0.0003435775126387384,0.00041172862824721726,1
981,2.987669697570683e-05,0.000999392526764942,0.00022984144242116456,1
982,0.0008830185033211773,0.00011598410053438024,0.00017511877949407507,1
983,0.0008098177186851985,0.0008689112001006081,0.000127212734493795,1
984,0.00027390584463996237,0.0008601390826300426,2.531811639924253e-05,1
985,0.000616790987555698,0.0008858734759987956,0.000564179913364775,1
986,0.0008512618386500772,0.0008327127655161358,0.00010154677619697484,1
987,0.0007341697381781824,0.00018259481049377925,0.0002885438825954814,1
988,0.0008163924656801237,0.0005708930989786377,0.0006710202175149683,1
989,0.0009159215226178543,0.00023951374230780177,0.0009255612515617733,1
990,0.00016253139677141292,0.0008690372246963881,0.0002161720427111421,1
991,0.0008272065415758224,0.0008332715029382421,0.0008934643050809417,1
992,0.00017923419606622105,0.0007247397675428272,0.0002753276616384222,1
993,0.0007150860518419784,0.0009287797866468728,0.0005786479641000583,1
994,0.0009696358593933632,0.0004882826463409346,0.0002113056520812474,1
995,0.0003498396871036099,0.0003765089653894712,0.0007560663404185191,1
996,0.00029409392011306223,0.0002783110728216158,0.0009107077199130205,1
997,0.0003953316667090583,0.0006011305609547375,0.000800737958023275,1
998,0.00021986145856295292,0.0006531719304789466,0.0002536277795498283,1
999,0.00012058236691514568,0.0005685153541717463,0.0008719979626709886,1
1000,0.00032092417742248295,0.0003174477812794247,9.971156545100169e-06,1
1001,0.0009059733055206981,0.0006140095295987425,0.0007552523898825835,1
1002,0.0003911085314278635,0.0008788137903784116,0.0003822621136875598,1
1003,0.0005547677858259046,0.0007546932562714479,0.0006638986602770615,1
1004,0.0006586479151992336,0.0003278086631123847,0.0008608022007204752,1
1005,0.00022836523923539808,0.00034859130650589655,0.00036050682506250407,1
1006,0.0007244062510400705,0.00016857243892059304,0.00025205058919738834,1
1007,0.0009027430654204055,0.0009731793669974358,0.00034451156058623844,1
1008,0.0005389780321747206,0.0006705509809719284,0.0005099763845761715,1
1009,0.0008798147919532512,0.0005519240570474264,0.000604976670199193,1
1010,0.0007906322351491697,0.0005595089388428023,8.987568792894463e-05,1
1011,7.269740707736094e-05,4.794493541823719e-05,0.0009830633352787613,1
1012,0.000958306109047725,0.0007372695582632978,9.818723676638386e-05,1
1013,1.8898018952732688e-05,0.000579139914975846,8.57372074872047e-05,1
1014,0.0005860861417737804,0.00026118942754536613,0.00017854530737766705,1
1015,0.0009008142737447867,0.0009539358080483126,0.000564890059808808,1
1016,0.0001401350047514589,0.0008294112148913272,0.0003628767313317375,1
1017,0.0006384068570838083,0.0001393466887895598,0.000796995790102454,1
1018,0.0004236297332721172,8.63087859062518e-05,0.0007243874346445546,1
1019,0.0006319018930280797,5.4458763171998497e-05,0.0007044892089676303,1
1020,4.7008406431099274e-05,0.0009409070452511678,0.00033358110120745654,1
1021,0.0005152846175315443,0.0008244407452386625,0.0006905223446457767,1
1022,0.000361792585501573,0.0003692337666327313,4.0437956749276415e-05,1
1023,0.0009001303839006214,0.0007693243995107407,0.0006398775537636428,1
1024,0.0005300688977888312,0.0005247234922085217,0.00027632290238593097,1
1025,0.0009016283104874365,0.0008486490621150118,0.00044885388751629655,1
1026,0.0007854866041917096,0.0004235795082197106,0.0004937921167678328,1
1027,0.0005942017780017481,0.000464700110954174,0.0008465709829289986,1
1028,0.000977775016521009,0.000689551645930384,0.0007853672594081491,1
1029,0.0002499919564293911,0.0007615547264451731,0.00027625688784841,1
1030,0.0006521092374125956,0.000485615385772209,0.000850921183770874,1
1031,0.00041470736723095224,9.407971864984766e-05,0.0009249556206366004,1
1032,0.0004017841277138442,0.0003568251698377325,0.0008291465440512351,1
1033,0.0001417101214440184,0.0003352755359103802,0.0009209366027326068,1
1034,0.0007008821344374284,0.0004216923375108992,0.0003218284759966089,1
1035,0.00046443801504499006,0.0008469052063686007,0.0008938762492139031,1
1036,0.00036932074435217,0.0001762238477415762,4.408419914125117e-05,1
1037,0.0009680157438570052,0.0007135678820069932,0.00022218490399452718,1
1038,0.000436364169653643,0.0004884824542206127,0.0009517227108145413,1
1039,0.0003326467896536983,1.3738633627114583e-05,0.0008353836182758664,1
1040,0.0005661975937153048,0.0003852544544453245,3.0304941455733037e-05,1
1041,0.00019201356628683976,0.00029041733274796444,0.00025030807872712646,1
1042,0.0004801377822614289,0.0005050144934950608,0.0005822319489956436,1
1043,0.0006147863161358781,0.0005564281754549082,0.0006939289134333975,1
1044,4.084934832325726e-05,0.0007591758727859796,0.0008799584633878037,1
1045,5.285788616015286e-05,0.0008238354657791423,0.0002550130392448089,1
1046,0.00038071050605243393,0.0009348682140840697,0.0005517689863315925,1
1047,1.2173088549797706e-05,0.0006868912119555048,0.0003074370074756953,1
1048,0.0003682105980278162,0.0005432292324449011,8.858671861845713e-05,1
1049,0.0004443368215397009,0.0009058133088380883,0.0005053439395285925,1
1050,0.0007167906276582522,0.0002617877849225133,8.208800796832539e-05,1
1051,0.0005339900778763236,0.0001541005491387635,0.0001656729578231173,1
1052,0.0009428209869629401,0.0006654683122564952,0.0004917991130432793,1
1053,0.0005836635314805864,0.0004674156532999014,0.0005942767014273294,1
1054,3.831230546106757e-05,0.0002008150915211433,0.0006650622466164202,1
1055,0.00019609338257157595,0.0008548667271526154,0.0008983349381890258,1
1056,0.0009437145033970994,5.535303959116056e-05,0.0009735401813406946,1
1057,0.00011390277981770269,0.00021135174039071226,0.0005996165093376154,1
1058,6.0599051536261106e-05,0.0005382159011344604,0.0009130281257049386,1
1059,0.0003101571380361913,0.0009816482058609185,0.0005752428449969055,1
1060,0.0006323759941805693,0.00023191387121034035,0.0001573797831246221,1
1061,0.0001730163618530466,0.0008797958866103374,0.0003115912309044239,1
1062,0.0003942261776699508,0.0005358025176329773,0.0003179282254033975,1
1063,0.000566028386870473,0.00021207787474827812,0.00093824355307506,1
1064,0.0004089936663890439,9.388139566702825e-05,0.0002657476407714894,1
1065,0.0009032992166056483,0.0006018447833935969,0.00091686115765746,1
1066,0.0003772356396895553,0.00046054988895397275,0.0007753656296167079,1
1067,2.2602006321465363e-05,0.0002019568644955705,0.00020974525459487893,1
1068,0.000699903481296227,0.0009440447034844477,0.0008021994519634784,1
1069,0.0008266134233094918,0.0006178909327764396,0.0007246664989288613,1
1070,0.0006334514589710908,0.0007457068128976802,7.698698898078226e-05,1
1071,0.0009175533536595468,0.0002984353238027597,0.0008158291718572742,1
1072,0.000861775372102397,0.0006185423755898646,0.0009634825910141045,1
1073,0.00024393036453417518,0.0005631418777975349,0.000294965829319896,1
1074,0.000854962258570955,0.000989392566242326,0.000653938063065634,1
1075,0.0007254014161165529,0.0008740839970876189,0.000722036982215513,1
1076,0.0008716039663029476,9.534081080402978e-05,0.0005398685153809391,1
1077,0.00019449950973279097,9.539538973381434e-05,0.00033330711559077466,1
1078,0.00019711078199262955,0.0006048601758568695,9.276529134859424e-05,1
1079,0.000981931275364306,0.0004965164503712517,0.0001474903551334418,1
1080,0.0007406414292253674,0.0006632642215358613,0.00036298200182874785,1
1081,0.0008110458531246211,0.0004176031331800918,0.0006668684189470043,1
1082,0.0006250024126028104,2.19372485294157e-05,0.0004412775057407602,1
1083,0.00015829491944311237,0.0008743567341999792,0.000736447866666292,1
1084,0.0008193712093405373,0.0009919034082160952,0.0006168148749535573,1
1085,0.0009230858015895993,0.0001962511239809317,1.9190099464735267e-05,1
1086,0.0007178130864051858,0.0008895310144374695,0.00042088306795454535,1
1087,0.00021472545997577985,0.0005496648113878533,0.000296100196634393,1
1088,0.00026731566265842776,0.0004209916260938378,0.0008180942104808551,1
1089,0.0005121268279743027,0.00025335405550432034,0.0004866591610727786,1
1090,0.0007201785413437033,0.0007318672515878963,0.0007997101003940635,1
1091,0.000984221331807885,0.0005851339062377544,0.000560611913492452,1
1092,0.0005918986295340958,0.0008652155381898898,0.00044994189223078777,1
1093,0.0004833145154012928,0.00042437080626192336,0.00046289125507535835,1
1094,0.0004112144943338888,0.0009606134828981594,0.00019926454109991576,1
1095,0.0006882208773057087,0.0005754105507490585,0.0007610532207067045,1
1096,0.0007197915286173496,0.0009986464750468451,0.0009569792344741038,1
1097,0.00026100646993414334,0.0005470082303925054,0.0004265113498911797,1
1098,0.00017698328005818497,0.00041307374756067284,0.0005852012265139541,1
1099,0.0006106935021507619,0.0003079335735143796,8.773977572905744e-05,1
1100,0.0008196778452381251,0.000591675988862293,0.0009484993130129703,1
1101,0.00010608101494405286,8.846060506447162e-05,0.0002148280882736603,1
1102,1.7670656046732126e-06,0.0004597432232717315,0.00010406874406591616,1
1103,0.0007343558540865621,0.0006911784921637092,0.0008253339517885527,1
1104,0.00046206591527597296,0.0002240951317530856,0.00011226256358576558,1
1105,8.46046596324046e-06,0.0009793293270592062,0.0005909060303623124,1
1106,0.0006112052603645869,0.0003293035531056797,0.0009523391455457117,1
1107,0.0009318340011657889,0.000537863329385624,0.0008169998264117271,1
1108,0.0009488469464361085,0.00011904072802246135,0.000574456577316351,1
1109,0.00036592164294432984,0.0008795297287245613,0.0008419792752482884,1
1110,0.0006611259120142172,0.00020400059292154481,0.0004349819839792509,1
1111,0.0009234361969762266,0.000686828394641005,0.0006665975118962531,1
1112,0.0006827558175827614,0.0009189610625555945,0.0004931977106717655,1
1113,0.0002406362811821442,1.087718733361065e-05,0.000630399039958283,1
1114,0.00040467412783541955,0.0005996301546319061,0.00042940765432678907,1
1115,0.00044244391844873676,0.00046488675868783545,0.00040209172242036787,1
1116,0.0005143744817567568,0.0008796768079560154,0.0009789341629082432,1
1117,0.0003109852214766993,0.00020109750744862909,0.0007337906192603117,1
1118,0.00011904141456971607,0.0007601168885426978,0.0002262940862143147,1
1119,0.000729954526320141,0.0005856874066302517,0.0007719984388602701,1
1120,0.0006271226098005319,0.0008107977257047909,0.0009879408031516557,1
1121,0.00036093678101708327,0.0005659740735296289,0.00012591231594695664,1
1122,0.0009010485022184569,0.0009499301127442515,6.352492365470963e-05,1
1123,0.000535846825488023,0.0008553426802447966,0.000759014056136775,1
1124,0.0007614177149443858,0.0003892112746098512,0.0001892371096644575,1
1125,0.0006467728001640897,0.0002855723529513412,2.9181382493391863e-05,1
1126,0.00015726738680911024,0.0006584918038268738,0.0002533937840439474,1
1127,0.000166288208588414,0.0001853663785212255,0.0004400014897209543,1
1128,0.00010485947925400242,0.00057876109716955,0.00043353728953101744,1
1129,0.0007584697810193672,0.0006429713265517571,2.4168065106498825e-05,1
1130,0.0009228593423036398,0.0009344108087356006,0.0008994211308432778,1
1131,0.0009456992114898357,0.0003550880975788717,0.00016353829268256427,1
1132,0.0009525520533293256,0.00010112435545967358,0.0001994252389482134,1
1133,0.0004864120365628794,0.0004169849274647923,0.0009097050671076388,1
1134,0.000509094626752327,0.00012761055042650505,0.00037539366511637383,1
1135,0.0007381193114871505,0.0008560595120131069,0.00010198109010020929,1
1136,0.0004469268597878955,0.000401478662786344,0.0006973510099162513,1
1137,4.130416100399892e-05,8.163955113874877e-05,0.000439498744370216,1
1138,0.00012796420596381674,0.0007891321419800882,0.0009160789956981746,1
1139,1.0050628153479346e-05,0.0007720127019999795,0.00011514668503105685,1
1140,0.0007371319124807518,0.0008479500686130964,0.00021959344038767747,1
1141,0.0009484447033917817,0.0006088052736428912,0.0006163346207242503,1
1142,0.0005374478554796018,0.0007687566399488685,0.000762628864195264,1
1143,0.00027284628547938263,0.00043463377723897736,7.992314590971739e-05,1
1144,0.0009024564990540589,0.00047335889233274963,0.0007583417162861528,1
1145,2.4395974106851682e-05,0.00014877861482192356,0.0005871862866244069,1
1146,6.256677653102505e-05,2.4962884782320783e-05,0.0009228442922044679,1
1147,0.00017295869454552826,0.0004248646389342833,0.0005617645446219481,1
1148,0.0006540550401849164,7.331429463524286e-05,0.0003249134982388815,1
1149,0.0002886492080071914,0.0006566769105127779,0.0008038401529973954,1
1150,0.000362809335798971,0.000981031263771747,0.0005958880495205263,1
1151,0.00032427222885808826,0.0005005694171157803,8.035971394468033e-05,1
1152,0.0004249799795627394,0.0008438192101683542,0.0009534457329091568,1
1153,0.0003139322714386601,0.00012718504696540168,0.0004845092267969223,1
1154,6.027898851503388e-05,0.0002411156364580903,0.0005224338369154407,1
1155,0.00014145493516490204,0.0009649021815083317,0.0003564369424403098,1
1156,0.0009060503625425472,0.0006473637743123141,0.0002953973263609987,1
1157,0.0007631201539403586,0.0003249026493784006,0.0007280997852266162,1
1158,0.0005812767828968854,0.0009695609008609429,0.0009367243871117156,1
1159,0.0003952930606154124,0.00015923927063300303,0.0002646894394752449,1
1160,0.0003009013793136198,0.0009595675407983281,0.00021031914961007548,1
1161,0.0006687952129194506,0.0004028098892590583,0.0006506323718723731,1
1162,0.0006772534308754476,0.00031125306685794995,1.020600162312424e-05,1
1163,0.0008837268790587455,6.979210038113182e-05,0.0007387582220708149,1
1164,0.0003321283540270521,0.00014061426060828585,0.000997911332109097,1
1165,0.0005735994613229817,0.0003394134655225134,0.00044811340182118286,1
1166,6.310901949437731e-06,0.0004977047255457014,0.0009940406489904823,1
1167,0.0008805303078090491,0.0004551159021198523,0.00014745041601098242,1
1168,0.00043962057361990027,0.0006644210300641347,0.0005353101923103265,1
1169,0.0005274529983474562,0.00020831308941223782,0.0005190079955873753,1
1170,0.00022573136362932046,0.00021333285250537225,0.0009037487476970854,1
1171,0.0001522360801146142,0.00012948962573970603,0.0006000733533424967,1
1172,0.0004424659574196881,0.0002595912831986196,0.0002675690476130999,1
1173,0.0008441074537079845,0.00040611115821871327,0.00014592311474720255,1
1174,0.00041601131981459363,0.00035205169815122106,0.0007872243711637293,1
1175,0.0002842464423580874,0.0007664564285857981,0.0007245214526163648,1
1176,0.0008888794563608647,0.0005027657781508325,0.0005288024732600573,1
1177,0.0007080165661638354,0.000603874819830643,0.0008938250802459388,1
1178,9.578230890234241e-06,0.0007971662369202338,0.00033790149770895905,1
1179,1.367866961470221e-05,0.0004661392162419756,3.901039102356363e-05,1
1180,0.0008143429635880798,0.00023487562970956732,0.0003129898626866877,1
1181,0.000991410916470997,0.0007512724374967306,0.0008930882762650174,1
1182,0.0005325951111454293,0.000596057847143148,0.000787378048280464,1
1183,0.0009503878366061,0.0004257450005819561,4.328756772565367e-05,1
1184,0.00040002053350988943,0.0006149379872441147,0.00019889673491292004,1
1185,0.0002335266034841116,0.0008751426183296583,2.8910273546570055e-05,1
1186,0.000855407089287983,0.0003224794343826332,0.0007717033709340267,1
1187,0.00015923788063266375,0.00030782586361148215,0.0007449063451055658,1
1188,0.0007029452577533781,0.0001752775529392615,0.0006359498459652308,1
1189,0.0008963613130451849,0.0007917425140799208,0.000740683406212862,1
1190,0.00025806329531079074,0.0005054120160007975,0.0001489830485762641,1
1191,0.00031885135508994913,0.0003792683874973286,0.0005029446975543666,1
1192,0.0009146557046084921,0.0009217102198065455,0.00022600873399367173,1
1193,0.0007795060787314602,0.0005713342350540759,0.0004255484027684089,1
1194,0.00042001010975154895,6.670167513607995e-05,0.000321545098690909,1
1195,0.0005318982340724563,0.0009711361228436956,2.9031952764856373e-05,1
1196,0.00018543406424697463,0.00023763472487789251,6.07187842164747e-06,1
1197,0.00042487305462597305,0.00041431406621372183,0.0002901920193815589,1
1198,1.3879958016630444e-05,0.00011969249541812511,0.00018943895042756442,1
1199,0.0005324778521935499,0.0006302789122793002,0.0009126911051704501,1
1200,0.0009297197543908169,0.0007302072787944861,0.000813080352398723,1
1201,1.9824479289426102e-05,0.0007960414730973003,0.0003127173723623269,1
1202,0.0003406418653016453,0.0008733653004947014,0.0001829882813698447,1
1203,0.0006951087832797924,0.0008577726652984493,0.0006786240911357718,1
1204,0.000824819711313991,0.0008348107121622309,0.0007423554286967426,1
1205,0.0006288368965869664,0.0009877103818949995,0.0005412934850683317,1
1206,0.0009323099806617153,0.0003576802528195262,0.00044626163832567513,1
1207,1.016787190049484e-05,0.0007333689996997522,0.0004604153517086184,1
1208,1.3444332906743629e-05,0.00031317521505369605,0.0008232723564977387,1
1209,0.000499899880072795,4.694901562456899e-05,0.0001539998182121497,1
1210,0.0006458592529376547,0.00021698617066625748,0.0009374264826728434,1
1211,0.0007714057000888332,0.0009966707100717627,0.00044125907000197253,1
1212,7.827108975448261e-05,0.0004173166348705677,0.0002045742103589958,1
1213,0.0003863378696060881,0.000549183070889778,0.0002911631077727954,1
1214,0.0006372983353035584,0.000523367865537523,0.000831293080214221,1
1215,1.4532653439189857e-06,0.0006811145481535441,0.0004629039000819875,1
1216,0.0007800843139777267,0.0001785757442894661,0.0004189492371922321,1
1217,0.0006210759246473939,0.0008620438669485646,4.716464517554153e-05,1
1218,0.0007851497869211895,0.0007600283681462656,0.0006425436140543201,1
1219,0.0008997917335427756,0.0005447730396281381,0.0009853711808782987,1
1220,0.00046162255712832814,0.0007056923374993486,0.0005150888573221602,1
1221,0.0005223974713778966,0.00020631908125012588,0.0006091795459082964,1
1222,0.0009359710382720509,8.59176370207727e-05,0.0008434160284707077,1
1223,0.0001569964893593482,0.0006264341910053905,9.84980606066539e-05,1
1224,0.0009683276727038892,0.0007205109433150316,0.0002841769954292781,1
1225,0.0008363950719305852,0.0007818763500419008,0.0004305486839961521,1
1226,0.0005813338340207488,0.0002736579894956706,7.006992918104138e-05,1
1227,0.0004275123925978852,0.0002657315972563689,0.0009190851872196993,1
1228,0.0006595858021227344,0.00021238339701874786,0.0006191563520807124,1
1229,0.000449722664561787,0.0005207272729098484,0.0006442961656159008,1
1230,0.0004533556404058099,8.861782669898899e-07,0.0007673023345449632,1
1231,8.123996000879541e-05,0.00035412042747447225,0.0007349482859592558,1
1232,0.0006497250420746278,0.0007342849053353992,0.0006799436222154773,1
1233,0.000368050844877434,7.114296169131728e-07,6.941710076595808e-05,1
1234,0.0005081640574986182,0.00020364094775000098,0.0008008109152152066,1
1235,0.0005270493119507653,0.0004290216218875482,0.00023227035560435084,1
1236,0.0006085575819316977,0.0004466216245415315,0.0002175837266599816,1
1237,0.0009766865167287941,0.0001486099597696865,0.0005585179437031267,1
1238,0.0009207797956636332,0.000854988100843024,0.0005177404574275591,1
1239,0.0005976925740796435,0.0004809612105907951,0.0009802206461253593,1
1240,0.0006681716803975728,0.00016675577859719538,0.0006963995591676255,1
1241,0.0007219705300050917,5.157696738107453e-05,0.00010885756199662378,1
1242,0.000722902893036873,0.0005767016710297738,0.0009196280405602248,1
1243,3.40513681831881e-05,0.0003554651585526941,0.00038974440849623394,1
1244,0.0004379427745893697,0.00019076450671895117,5.778367301410015e-06,1
1245,0.0005575590845251123,0.0009270399014049211,0.00010445252743465583,1
1246,0.00012286999439078096,0.0005908932522826737,0.0006961292704243058,1
1247,0.0007741139064669921,0.0009725740089372257,0.0007534912766306282,1
1248,0.0009094267174618091,0.0005337077937313692,0.0007098672946400328,1
1249,0.0005972628662198407,0.0008940101049685599,0.0006671046076839423,1
1250,0.0007019586387032918,0.0001613451918890102,0.0005857256358077043,1
1251,0.0007114202486772824,0.0008201848240931393,0.0006338095083588591,1
1252,0.00045502001969660756,0.00015961930052300178,0.0005492257522219626,1
1253,0.0006741509407924588,0.0002703235614980313,0.0005847105566119435,1
1254,0.0009073053876478807,0.0005351560206977842,0.0009606702890216955,1
1255,0.00035625815285071996,0.0006291078016226233,0.0006178332329207405,1
1256,0.00016721074839493678,0.0008784262842718995,0.00020371144062397297,1
1257,0.0006266779393458696,0.00043488030549089366,0.0007128527849295087,1
1258,0.00019287368422687967,0.000797747449836508,0.0006428175388614869,1
1259,0.0009292278316306889,0.0004757691396647768,0.0008115978908830161,1
1260,5.272945454561284e-05,0.0004069030432137464,0.0007389334714445407,1
1261,0.00043282798674042233,0.0002734812875518049,0.000534611532468879,1
1262,0.00046084408698822865,0.0003372162879002888,0.0008775123658483417,1
1263,0.000736937663499281,0.0005301997144115971,0.0007589295011189576,1
1264,0.0008971976028671553,0.0005905909848358359,0.0003909367124554299,1
1265,0.0007671233108466405,0.00044747214900836064,0.00025860947974847557,1
1266,8.273980779096003e-05,0.0009342257019896526,0.00026232725702756034,1
1267,0.0007740987421063748,0.000817491769687837,0.0004668015817156583,1
1268,0.00011334158886916756,8.62158286111353e-05,0.0008028849024447469,1
1269,0.00019321074060433996,4.088447595122502e-05,0.00022253124982671524,1
1270,0.00014243320268461212,0.0006739825156830884,0.0008624258266433818,1
1271,0.0007915320283963938,0.00014493295973941556,0.0009051058847805855,1
1272,0.00043544826480752406,0.0008510455536577521,0.0007424505751462907,1
1273,0.00038185736541614226,0.0009076380127567967,0.0004982651874349657,1
1274,0.0001638728480258258,0.00010815205353916291,0.0009478255406372387,1
1275,0.0005797109615109467,0.0007597804577301396,0.00027853497142231676,1
1276,1.771989383420969e-05,0.00088397187563758,0.000525842875344499,1
1277,8.7184145447879e-05,0.00047908833672817943,0.00012996118831790494,1
1278,0.0007300668546831936,0.00010333749104623491,0.0009910549345238996,1
1279,0.0006595948413136999,0.000639390122096854,0.0007449973935940624,1
1280,2.3237926452904347e-05,0.0004896431369287175,0.0006161946130557344,1
1281,6.147242691506882e-05,0.00026963762134572176,1.6930407041513717e-05,1
1282,0.000730634851333099,0.0005836117181596039,0.0007047965615397972,1
1283,0.00035134908622200625,0.0008735184800640958,0.0009685848261737784,1
1284,0.0005683893533246962,0.0005151906420530145,0.0007452687757714835,1
1285,0.0007655489508748232,0.0008271866038995935,0.0009809524314523198,1
1286,0.00038105641924573796,0.0003325556933975302,0.0007377188383066353,1
1287,0.0006580122493900394,0.00011652571177397431,0.0008889886795368294,1
1288,1.552475594536973e-05,0.0007330631297845528,0.000609635608533532,1
1289,3.3598926895764824e-06,0.00019688832929582213,0.0002905428147257393,1
1290,0.0005800489004679282,0.0003637819562091759,0.00011751748649158379,1
1291,0.000342987283485634,4.316705576447033e-06,0.0006986200415930274,1
1292,0.0004914502978426122,0.0009145789829847303,0.00022757638492277332,1
1293,0.0006470185987233715,0.0009177511321309895,0.0007275688837121202,1
1294,0.000346444790684449,0.0007106377866038039,3.000836595733536e-05,1
1295,0.000805112018610086,0.0009681627356564206,0.0007249062485992286,1
1296,0.0005617421093741099,0.000395280553108164,0.0008693769334717165,1
1297,0.00034214252721891103,0.000568310650619687,0.00046136264673626414,1
1298,0.0005185618161307917,0.00027356910668955225,0.0004632241171551235,1
1299,0.0009210037094168473,0.0009848193618364435,0.0007545921273224006,1
1300,0.0007419716710244068,0.0009027090867388966,0.0007775462791838398,1
1301,0.0009400929310691987,0.0008430253407742736,0.0009877822927496765,1
1302,0.00037411606481893323,0.0008105070187355227,0.0003550675044070286,1
1303,0.0008190320040628094,0.0008368133357949627,0.00021568502837344917,1
1304,0.0002410204463618112,0.00016193399974248046,0.00016003197738757535,1
1305,0.0005317278367072112,0.0009420241467805266,0.0006433456976873896,1
1306,0.0002588327645664783,0.00034293961275352913,0.0008729829921112296,1
1307,0.00048406985195353127,0.000979665657589013,3.1801095621301624e-05,1
1308,0.0005817813307002955,0.00015982485441706572,0.00020323749377718293,1
1309,0.0008705545558872883,0.00010708881173155327,0.000484928497589355,1
1310,0.0008158921071582492,5.778582290301382e-05,9.632081326871356e-05,1
1311,7.353676597162561e-05,0.0005520205846320796,0.0008742693880478787,1
1312,0.00045286949808747004,0.0005297227070061094,0.00035961296460802387,1
1313,0.00047726440847335586,0.000317135173701574,0.0004299386337939318,1
1314,0.0003933555846533764,4.0115623065194116e-05,0.0008950894573167162,1
1315,0.00035516395337045325,7.519056682510673e-05,0.00016143982272977952,1
1316,0.0008946859377138667,0.0009197619000279334,0.0009396947315682239,1
1317,0.0006085160823343431,0.00021506443281893884,0.000994142477309488,1
1318,0.0009524834743383318,0.0008800327739176099,0.0007624955056591483,1
1319,0.00038914066738025756,0.00029641481338712783,0.0002608150071919199,1
1320,0.0007913911149236017,0.0004000088656570997,8.245927868528213e-05,1
1321,0.0007297945525111849,0.0007756795016135466,0.0005544280455846186,1
1322,0.0007986958080396304,0.00027541361021688707,0.00015014950755814626,1
1323,0.0009215239602050687,0.0009786809257478848,0.0006624628202944909,1
1324,0.0009434363333658717,3.7979123791268885e-05,0.00028956511801148945,1
1325,0.0009449425779253994,0.00014666104707413674,0.00039148579804689133,1
1326,0.0006995749556454142,6.609219102037334e-05,0.00022599553915602456,1
1327,0.00042288790959016024,8.557223811304793e-05,0.0005304807576130044,1
1328,0.0008863508494007594,0.0009413016769566722,0.00027402192743177845,1
1329,0.0007586117304263652,0.0006892185295185585,0.000676706968333218,1
1330,1.7004866177441792e-05,0.0002115183184779934,2.9591989195225655e-06,1
1331,0.000887249708039316,0.0007024976393133118,0.0004947320481998912,1
1332,0.0009057548858061844,0.00039734811680475234,3.519267110092206e-05,1
1333,0.000710624643713655,0.0002432238864690861,0.00016622345983739717,1
1334,0.00021085551062428965,0.0005797838753723849,0.0001530405809210358,1
1335,0.0004740569366492905,0.00021752154264647184,1.467130668908745e-05,1
1336,0.0009155808394512735,0.0007981633568208894,0.00035128945383487963,1
1337,0.00029117062319895104,0.0001605776022382912,0.0008094097962608037,1
1338,0.00023379708791373187,0.0006192053320213857,0.0009455358299537467,1
1339,0.0006144663842340997,0.00040746264965562117,0.0009072744115933088,1
1340,0.0004714056511752669,0.0006688561540981149,0.00026259664505027646,1
1341,0.00040622236424790904,0.0005200808187921438,0.000648149398189159,1
1342,0.00045765340555418944,0.000756636410029696,0.000713291179012119,1
1343,0.0005631640331592233,0.00042429903458751384,0.0008156610037571801,1
1344,0.0004419348769055366,0.0008818584943445321,0.00016461471799153094,1
1345,9.657479533764912e-05,0.0005849513889863642,0.0002535482906901195,1
1346,0.0006502369554746057,0.0009149992129000418,0.00011425892253273207,1
1347,0.0005116351017049299,0.0006976890781266484,0.00048690232253054345,1
1348,9.960807638293734e-05,0.0008825711752005845,0.0001902302858040287,1
1349,0.0008108374179379636,0.00047874530731683906,0.0008054260277183418,1
1350,0.00038470647626303044,0.0009526865222071478,0.0005201942998617792,1
1351,0.000874149315477703,0.0009591152502092091,0.00038614725106517135,1
1352,2.6791808246155345e-05,9.52900716623466e-05,0.00044514265832866896,1
1353,5.433763569704042e-06,9.000450643684155e-05,0.000868860744987205,1
1354,0.0004846973484003461,0.00013034463877807502,0.0004161967034403571,1
1355,0.00011204912149355762,0.00024056849754164523,7.179571820360897e-05,1
1356,0.00048087282362516706,0.0004478897020496885,5.544810059449101e-05,1
1357,0.0002777138669323801,0.0002786725310213347,0.0003225568019008657,1
1358,0.00011338975017567144,0.0002060618072945788,0.000627580378175066,1
1359,0.0004401712533656265,8.428691429175206e-05,0.000671591015046222,1
1360,0.00044389737135980744,0.000766242784450868,0.00030622115451583954,1
1361,0.0007566966084324754,3.05890832429706e-05,0.00031262095884136134,1
1362,0.000903249253350234,0.000167478336674726,0.00019806829895045884,1
1363,0.0003398249872638972,0.0006502314162966306,0.0006208558561424628,1
1364,0.0008834290146271566,0.0002347824534049563,0.0009992020429518945,1
1365,0.00023864196612850442,0.00038135855027915177,0.0009245587799749365,1
1366,0.00016346805714871916,0.00033090860105368456,0.00024045180981318925,1
1367,0.00012621467118494067,0.00011785307011873991,0.0005063045258285833,1
1368,5.753281155376644e-05,0.0006208806468195134,0.0003653867886686058,1
1369,0.0005406578834575607,0.00020134601100467442,0.0005170168024898685,1
1370,0.00017430100822315552,7.591053073815824e-05,0.0006293739192160623,1
1371,0.0005896447389700436,0.0007507463349644347,0.0002456771787696131,1
1372,0.000636263006693334,0.0009399591060443591,0.0003561779400756444,1
1373,0.0005174100876269307,0.0005807266661705028,0.00020081690971194999,1
1374,0.0008787817522129514,0.0006722474479881385,0.0009353821249000831,1
1375,0.0008885701692483313,0.00014241502308704257,0.0004389463693829879,1
1376,0.0001752739343332519,0.00016112772985955572,0.0006435644392497971,1
1377,0.00013636695977643543,0.0003370514164229807,0.000997807337209799,1
1378,0.000572166741831074,0.00029717449906020645,0.000324135949396177,1
1379,0.0002907726821301502,0.0006488318277609074,0.0006458239987963701,1
1380,0.0005182727406956389,0.0005025770147169994,0.0006575592862451162,1
1381,0.00032512920230251476,0.00019497173681334512,0.0007814904229394441,1
1382,0.0006166772706302388,0.00036509749813531115,0.0005338581784045776,1
1383,0.0006587754631282351,0.00035881823366174296,0.0002887461070230001,1
1384,0.0003546918486660353,0.00048760872950513246,0.0009283007740374682,1
1385,3.818596683729181e-05,0.0006184518853453116,9.866129717139416e-05,1
1386,0.0001671609572331153,0.0001665310929010463,0.0008206998318453869,1
1387,0.00041216950864349976,0.000807573569854119,0.00013140397015764139,1
1388,0.0003984712052686602,0.0007446508403159377,0.0004025423454308308,1
1389,8.602688951146175e-05,0.0003769296027650988,0.0009704483177704266,1
1390,0.0002921797623661773,0.00017373030006511702,0.0008267869792385769,1
1391,0.0008306459129188538,0.0005976534470588221,8.48873355523061e-05,1
1392,0.0005427496481625342,0.0006992179843443816,0.0008908221649830695,1
1393,0.0008511505427476029,0.00047364048269107754,0.0006414418053790977,1
1394,0.0008484078017215785,0.00042694623616951313,0.0002342159808001335,1
1395,0.0008444078051291443,0.00046031745895438623,0.000806355231149055,1
1396,0.0005253241813628867,0.0007715652126564418,0.0006104615955863549,1
1397,0.0008028651961163788,0.00043260211057619027,0.00019213069608709098,1
1398,0.0008243296348516199,0.00043402923724596354,0.00044429201857363443,1
1399,0.0005492153170917554,0.0006003729590197812,0.0002876071388845939,1
1400,0.00018609575607279294,0.0004797756329991505,0.0003583887475162504,1
1401,7.626923524648699e-05,0.00031505343764022943,0.00011942014247009992,1
1402,0.0008375829297117397,0.0007236113192373757,0.0006743175269417889,1
1403,0.0006157362212668349,0.00042266902548113253,0.0002507816232954676,1
1404,0.0008136041714082723,0.00042264470275605394,0.0003800592556124567,1
1405,0.00019924306371463406,0.00014315962079340094,0.0004032369271197893,1
1406,0.00043541103540810513,0.0008488474135557434,3.460616980961295e-05,1
1407,0.0003307490292261843,0.00017507591582350212,0.000579125891592257,1
1408,0.0007473912673905288,0.00016662086790178343,0.0009988324635940781,1
1409,0.00035659641796827646,0.0004471451427168094,0.0007717760666888792,1
1410,0.00011612983744811578,0.0005740399808085955,0.0007490730544561533,1
1411,0.0007726897655131676,0.0009728211813128465,0.0007123261693610398,1
1412,8.999099996634064e-06,0.00014368597660044692,0.0007789050663846161,1
1413,0.0008279652235258109,0.0005603436324461899,0.0002477545145424062,1
1414,0.00017057692945537606,0.0001153684265408228,0.0004362488313111486,1
1415,0.0007584652937525607,0.00017378871311645328,0.00010166689121964634,1
1416,0.0003976785006702811,0.0009465797921883717,0.0007549298096664568,1
1417,0.0001412438505926148,0.0004682177200228014,0.0001390419657172789,1
1418,0.0005984532327340183,0.00015196814298522709,0.00020619205039012746,1
1419,0.0009035928034410889,0.0009811086961660602,0.000900621912334186,1
1420,0.0006521136003434673,0.0005831906536271202,0.00017301806183217506,1
1421,0.00025724655529379514,0.0005200769590243837,0.0002071449335737745,1
1422,2.6914393992516716e-05,0.0006976207904458609,3.9729874917229233e-05,1
1423,0.0008867744445566966,0.0007899347719521482,0.0006378663080669314,1
1424,0.00042136049641890773,0.0005752498344970002,0.0003276603069489499,1
1425,0.0007595573767204069,0.00013011825699971492,0.00051316914385031,1
1426,0.0009009563764564374,0.0004127142872227426,0.0003950794370568496,1
1427,0.0003833731896881412,0.0009178220117912902,0.0008898137560395618,1
1428,0.0006491363441353514,0.00013318913563171254,0.0007352083858285523,1
1429,0.0006961246887441675,0.0006113806321399233,0.0008491586197640096,1
1430,0.0006995133911545453,0.00019607700810489071,0.0004949029104957469,1
1431,0.0005367117806196513,0.00047047721930050046,0.0004298384622298848,1
1432,0.0004302207310557216,0.00041298141406213927,0.00020735433036041728,1
1433,0.0004175686036481825,0.00019589745945851233,0.0009746961881467231,1
1434,0.00017623386325581547,0.0004925181097378902,0.0009647657963544623,1
1435,0.00025177746067291275,0.0007210712664011234,0.0007438094238516125,1
1436,0.0003133223627563805,0.0003889854307106745,0.0005428507635275382,1
1437,0.00036642452290701013,0.0008698064337880027,0.0009644438869064459,1
1438,0.000707706213531539,0.0009922464835196924,0.0002727854314051466,1
1439,0.0005581114025969875,6.286232382698931e-05,0.0009514615882497568,1
1440,0.0005173884250554418,0.0006708414442419427,0.0006992253078809546,1
1441,0.00016157925176520994,0.0008028334056549777,0.00039913282690549467,1
1442,8.823472072624906e-06,0.0009112809158018496,0.0008098955857426837,1
1443,0.0002907843961333276,0.0004344942786046606,0.0002352256225032361,1
1444,0.00024226909436320375,0.00048170194488873655,0.0005433735528055634,1
1445,0.00034259620713596986,0.0008983824344144635,0.0008158495109427201,1
1446,0.0009935206705650815,0.000642399305923846,0.0008910823683862529,1
1447,0.0005370823305469373,0.0005991206233980493,0.0003042388835731286,1
1448,0.0001985963613076317,8.11330199367778e-05,0.0006756538337304732,1
1449,0.0005234453120129605,0.000693002021378249,0.0007908144380082748,1
1450,0.00044934790035718356,0.0007326132346772576,0.00046721772880036904,1
1451,0.00021190184108111165,0.0009691870475085222,0.00014150345234272699,1
1452,0.0007699772542885548,0.0006737900395133367,0.00027062182501609155,1
1453,0.00010212710919784385,0.0004330965629389415,0.0003507380754217467,1
1454,0.00030653896251739497,0.0008193932865257484,0.00013628081682811954,1
1455,0.0003205506659667655,0.0006308421628640103,0.00010714234916657761,1
1456,0.0005010053822313589,0.000998123126758771,5.035593850146525e-05,1
1457,0.00035308174093191645,0.0008366625187177752,0.00011150036983268264,1
1458,0.000381800029185005,0.0008798363815497358,0.0006179766632590354,1
1459,0.0007192347262952218,0.0002913981844553991,0.0006776807300953459,1
1460,0.0002872630807911677,0.0007350021063420962,0.0006103430177424083,1
1461,0.0007511476362540953,0.0009742442761318262,2.363663553246642e-05,1
1462,1.261466158694069e-05,0.0002895025162093181,0.0008594086710284925,1
1463,0.0009123404673036572,2.6401299916846143e-05,4.1121827546666266e-05,1
1464,0.00032142072487714946,0.000675039609284105,0.0008038147587456208,1
1465,0.0005055469943456667,0.000526998724902649,0.00036907620323343147,1
1466,0.00035152940556854376,0.0002791112763083112,0.0007157823502068849,1
1467,0.0006552063783701427,8.157517775876255e-06,0.0009511996370324876,1
1468,0.0006141671091367605,0.0006847956611156522,0.0007313185442462535,1
1469,0.00021806617896008118,0.00046756361895498654,0.00020211219024343576,1
1470,0.00017895374368241568,0.0006715935763843408,0.00034750783045037935,1
1471,0.0009554430765981749,0.0008812422400473893,0.00015748557606003378,1
1472,0.0008883734292653525,6.996947180916924e-05,0.0005687985360501415,1
1473,0.0002832319208325982,0.00012994584889380135,0.0002458837800048299,1
1474,0.0009500078885898027,7.551135555709377e-05,0.000260956050950505,1
1475,0.00022164377406735282,0.0007056153761756754,0.0008368329600452154,1
1476,0.0006519225120643548,0.0006614838088549269,0.0005853626376863982,1
1477,0.0008032104626111836,0.0005877205932651514,0.00034976703241340547,1
1478,0.0007878275688782527,0.0006163250884193063,0.00012216916115672372,1
1479,0.0009544939228534381,0.00039167262884152657,0.0008096191316720331,1
1480,0.0002051347414766803,0.000406342397523619,0.0008071816118237022,1
1481,0.0005907375415389167,0.00015544527144451271,0.0006808255546530837,1
1482,0.0005930321799627914,0.000352585837152548,0.0008849544844254862,1
1483,0.0009846550009421523,0.0003955252984421487,0.000996899147612635,1
1484,0.0007160552809830867,0.0004045402968427867,0.0006622837732096524,1
1485,0.00032470894829012063,0.0005546420400999993,0.000986394984348669,1
1486,8.634586331968785e-06,0.00010531373884131002,0.0008701659154011925,1
1487,9.248301728360697e-05,0.000445856788171469,0.0009979678608127277,1
1488,7.304474121078131e-05,0.00019847901326651364,0.0005813093664535753,1
1489,0.000197326310554071,0.0008821335237447748,0.0008194423092515718,1
1490,0.0005769587384702044,0.000813538304572253,9.230775099786137e-05,1
1491,0.0002715014537429122,3.746116969013169e-05,0.0002116382713295838,1
1492,0.0007496442249117301,5.524917636571225e-05,0.0007637349122561051,1
1493,0.0003634028319746151,0.0004300676952139754,0.0005253271447348019,1
1494,0.00018290237909825803,0.0006670061561010648,0.0001087141292842987,1
1495,0.00030149812294456504,0.0003909257719644923,0.0008342394317907469,1
1496,0.00011587952486573283,0.0007380311070411365,0.000991779797386391,1
1497,9.37190540341265e-05,0.0005074972873987449,0.00023089333370928677,1
1498,0.0008546392247592582,0.000610534577100076,0.0009394671142521709,1
1499,0.0003835018593826727,0.0009056479028701664,0.0008153240193006098,1
1500,0.0002724155216455855,0.00015359903047565515,0.00022550407833534138,1
1501,0.00020602137148483757,0.00039036318267741634,0.0002367637061831991,1
1502,0.000664818130922835,0.0006682734648525,0.000102533079407232,1
1503,0.00042008790130065025,0.000551857819143969,0.0008039638028515836,1
1504,0.00047348742063569205,0.0006869208795690914,0.00021119883828967512,1
1505,0.00032840234557712165,0.0004734722722889608,0.0009051521325277302,1
1506,0.0008279343591765355,0.0009621988059682104,7.475234035027211e-05,1
1507,0.00010617331904449578,1.6063894646252353e-05,3.314359552653168e-05,1
1508,0.0006700882803765534,0.00011769765024479451,0.0008248004501114802,1
1509,4.286006035216006e-05,0.0007304520681371284,0.0006323588054013589,1
1510,0.0009148421595912983,0.000853523917272499,0.0003038132572925291,1
1511,0.0007023005141410801,0.00017656168115246206,0.000341370240815947,1
1512,0.0003069533624298733,0.0009805097343648244,0.0002940546860577256,1
1513,0.0009340574935930683,0.000131308062512277,0.0008684427020795992,1
1514,0.00036635239897431937,0.0008048064332543544,0.0003761119648847173,1
1515,0.00048414849224514455,0.00021525614270064564,0.000697704129835446,1
1516,0.00040319709619353707,0.0008939878932136417,0.0006899988648290263,1
1517,0.0006798351459139514,0.0007871807314785924,0.0004624418365461139,1
1518,0.0009981108306347391,0.0009677975894993542,1.1280803131192729e-05,1
1519,0.0003921940380626341,5.063983273619388e-05,0.00034402625226157544,1
1520,0.0004809025200144298,0.00013595364712719272,0.0006300774374110897,1
1521,0.00018221598336805623,0.0008742836919731873,0.0005917154761411954,1
1522,0.00013371271270479313,0.0005767900415242224,0.0006873387124618493,1
1523,0.0008615767887831704,0.0008950914985298852,0.0001940725989604759,1
1524,0.000149800092295454,2.0854313306634563e-05,0.0006340085515106199,1
1525,0.00035456304555638306,0.0007847673763158801,0.0007446971072625313,1
1526,0.0005965876545680875,0.000981011775458767,0.0004354798631930119,1
1527,0.000894647411004848,0.00021756686024111937,0.0009766812546505002,1
1528,0.0001468812260026411,0.00046920215918258145,1.9079977720232512e-05,1
1529,0.0005477446383796719,0.0003244757129231094,0.0006554783080841991,1
1530,0.0005044427986121919,8.586641846740806e-05,0.00014452691688913332,1
1531,0.0007603950038566078,0.000855366003274181,0.0008986889345746694,1
1532,9.776191982090187e-05,0.00019318400574535444,0.000909028044213445,1
1533,0.0005677853321151667,6.65361823424947e-05,2.6916236248923142e-05,1
1534,0.0005605503114660045,0.0007242754787277324,0.0008998727385600656,1
1535,0.00012339570106978403,0.0006540237717040788,0.00042768366063245,1
1536,0.0007216464848114235,0.00014704954238617317,0.00021654159711433074,1
1537,0.00020335849923313132,2.9116446837079924e-05,0.00013857904839731272,1
1538,7.512701071322526e-05,0.00023213390404470502,0.0008331193423356275,1
1539,0.0005175008442745578,0.0008209263734249455,0.0009279729241160813,1
1540,0.0006595046085852211,0.0007334910513165395,0.0003063652605293303,1
1541,8.197236347335313e-05,0.0008358232293808961,0.000568353347943257,1
1542,0.0003566426240119015,0.0007730160448754894,0.0009959370972035088,1
1543,0.0008755945199854406,0.0004934190903664268,0.000938845951014254,1
1544,0.0009677638606672113,0.00037649194354524385,0.0007772185114335651,1
1545,0.0005201637674357697,0.00034314813481148743,0.00019441972980762846,1
1546,0.00022125940349481988,0.0006932426791293268,0.0004362401427120264,1
1547,0.0002494641245898317,0.0007152292482879368,0.0001612705865089803,1
1548,0.0008344257850002972,0.00033730769118295946,7.577362226705132e-05,1
1549,0.00029582054203827404,0.0006016861520176519,0.00045810262164691786,1
1550,0.0007519106678376637,4.357312622927156e-06,0.0008534389359527275,1
1551,4.05767383283232e-05,0.0005717182525554632,9.537029863008206e-05,1
1552,0.0002881303504977948,0.0006239552259385639,0.0005123084679716758,1
1553,0.0008227402169987281,0.00025664076315458617,0.0008562659679371147,1
1554,0.000860285217658875,0.0005930340089866644,0.0003914632057358609,1
1555,0.0004879622962017458,0.000956177905308159,0.0005933141867992592,1
1556,0.00037847551684731996,3.395298420915982e-05,0.000843759280185578,1
1557,0.0008097029640229711,0.0002756367808476503,0.0009552950273583324,1
1558,0.0009542413032922661,0.0006795184355936204,0.00028315174077851127,1
1559,8.374887464902581e-05,0.00036139867388710234,0.0009029278890915593,1
1560,0.0005142439262770965,0.0005546073977196884,0.0004410076468581723,1
1561,0.0007080223284378168,0.0003299887101179696,0.0004589919308956417,1
1562,0.0009045594069517953,0.0005700426410692865,4.1495641042692875e-05,1
1563,0.0009490462668417197,0.0002563932163309831,0.0007135453199905385,1
1564,0.00022627534960995778,0.0005800455732414406,0.0009978228093952897,1
1565,0.0008437394551559323,0.00031188246840907973,0.0005047922215649889,1
1566,0.00023260707492725287,0.00017688633178602965,0.00021331544084763476,1
1567,0.0004699813459549885,0.0006866654506590907,0.0007017514554963024,1
1568,0.0003623790633077756,5.753922008536183e-05,0.0001866231024367191,1
1569,0.0007516427988932976,0.0006768406544549305,0.0007063955862237276,1
1570,0.0006357515410350121,0.00045357261675930304,3.3803129376667186e-06,1
1571,0.0002599766249863068,0.0008444785049438728,0.0009035526974930003,1
1572,0.00033596040471341925,0.0004812984058833797,0.0004716075507249835,1
1573,0.0005440547348026452,0.0006851476703319478,0.0006340063792406401,1
1574,0.0008672053273188411,0.0004888696979825358,0.0009766911967550322,1
1575,9.359923661032443e-05,0.0005267198275642897,0.00033916191115970995,1
1576,0.00031784850388876505,0.0009334667806056502,0.0007189381558580746,1
1577,0.000686151857543034,0.00031001399867096026,0.0008057005384688383,1
1578,0.00031102647796663887,0.00012369811670848708,0.0004079030541711909,1
1579,0.0008569897517406835,0.0009003405283349128,0.0009898506991277976,1
1580,0.0006656354288040906,7.465205698435029e-05,3.334831465114074e-05,1
1581,0.0007691496434988396,0.00044599578228447345,0.000310399171056294,1
1582,0.0009754323558481355,0.0007217753266352907,0.0001169961848366784,1
1583,0.0008351236705281534,0.0004362024076868669,0.0004281036124810468,1
1584,0.0005674545412460238,0.0008923834312018512,0.00037120536652282044,1
1585,0.0004989221838959855,0.0009757931326214115,0.00046458837559030733,1
1586,0.0006168935061480959,0.000447213702213738,1.127244896722912e-05,1
1587,0.0008260459624330304,0.00013699182785798913,0.0005148909419774477,1
1588,0.0005848889588155924,0.0006466544265289345,0.0009125911962130438,1
1589,0.00042328443974697094,0.00048432313733812974,0.000845227192652142,1
1590,0.0006036873230991725,0.0009964757895385434,0.0005805653311529761,1
1591,0.0006744548690855124,0.0007547220856097393,0.0008457757135215945,1
1592,0.0005497555201928422,0.0003653358069859747,8.109540649328117e-07,1
1593,0.0008561897911971258,0.0005574385608146183,0.00016483799872964866,1
1594,0.0003339207621739219,0.00013289293769705858,0.00042681714658029425,1
1595,0.0004429316561009551,0.0003997487604831683,0.0006808291699907778,1
1596,0.0007194093923801123,0.0005120125936514232,0.0001423615481960151,1
1597,0.000886528731708416,0.000564642762626156,9.179179433450491e-05,1
1598,0.00024574369548194366,0.0004831698522789645,0.0004143210111138427,1
1599,0.0007721064019353337,0.0009730956213505651,0.00011442116775198974,1
1600,0.0007343586171603459,0.0007365115886151707,0.0007601220110797338,1
1601,0.0004886822516701808,0.0007160227687099592,0.0005030200738473465,1
1602,0.0009266358169380445,0.000489817438469215,0.000656712216919854,1
1603,0.000793858435657006,0.0007665802707600691,0.0007171533961181808,1
1604,0.00021680652551254065,0.0004979929552680803,0.0009710315450768887,1
1605,0.00019645741070219757,0.0001691824977724059,0.0006359393279571219,1
1606,0.00024693239008537595,0.000378645600908183,0.0005274085748208499,1
1607,0.00027701865250550104,0.0002714411163481667,0.0009886154877728206,1
1608,0.00048717045593063183,0.0009379998952218464,0.00039040049084937433,1
1609,0.0006635497705504997,0.0003040185924205039,0.0002792197256803556,1
1610,0.0008283448852824919,0.0001185289252070918,8.40218123714841e-05,1
1611,0.0005766416430231573,0.00018748038921882006,7.478649925597947e-05,1
1612,0.0009888481162839058,5.0853607656911384e-05,0.00010119981496264264,1
1613,0.0004096206889556178,0.0008694341372958376,0.0002008026807744514,1
1614,0.0002539055924255017,0.000950892364416569,0.0005292093420666802,1
1615,0.0007221696623986058,0.0006061915324923907,0.0003846778635513619,1
1616,0.0009743872083071956,0.0005147294762151586,0.0001113561915707162,1
1617,0.000615021053072116,0.0003742556996156179,0.0005052793917727121,1
1618,0.00037450204206352603,6.678556799789159e-05,0.0007628188990453539,1
1619,0.00023047376755833238,0.0006868196399327917,0.0005043182126491131,1
1620,0.0009889109737290852,0.0006801845905045046,0.0007210430011625383,1
1621,5.1997425932903467e-05,0.000312981125681858,0.0005079189802228073,1
1622,0.0005883198632326608,0.0002952603346136449,0.0003209094454415786,1
1623,6.049622153170564e-05,0.0006167990152856192,0.0006265830269866208,1
1624,0.0006698068545945218,0.0003355819230182606,0.0004399165168395298,1
1625,0.0005139050808812583,0.00032763560980547527,0.0008198084621465511,1
1626,0.0004110839544406343,0.0004069190695813315,0.0004684347472786645,1
1627,9.716274364088851e-05,0.0005777527784445057,0.0009930142120468568,1
1628,8.420973190532588e-05,0.0007059260315741027,0.00036243102258432604,1
1629,6.969231728323077e-05,0.000827899477252271,0.0001248920442587036,1
1630,0.0002831290477191264,0.00021561905507246214,2.4482108060757347e-05,1
1631,0.000782189987301889,0.00032319812898289133,0.000928881739531854,1
1632,0.00020376394748951955,0.00044411206897522406,0.0002251443546872285,1
1633,0.0008451664028405195,0.0004596149075892141,0.0005267014618236608,1
1634,0.0002552177629385115,0.0008788630992539897,9.34100000717597e-06,1
1635,0.0009558087892758238,2.5330081277965654e-05,0.00031170164811597344,1
1636,0.0003431363029744514,1.9391243037315876e-05,0.00021167122098339686,1
1637,0.0004961660393994256,0.00030313382351610684,0.00041680917481891176,1
1638,0.000698175359783689,0.0008697986691622983,3.023420596874904e-05,1
1639,0.0006985095067876513,0.0008260472539416844,0.00018142748844207635,1
1640,0.000735778879166237,0.0004814828646579874,0.0006261519321526649,1
1641,0.0005313672760685367,0.0007531078747127255,0.0006873958528552385,1
1642,0.0004319919202623698,0.0002609202389848829,0.0005821001846423551,1
1643,0.00030027356700621313,0.0005292926990440114,0.0008436815165064372,1
1644,0.00045596699210881045,0.0004661654431825294,0.00025592800746539527,1
1645,0.0004708128218731095,0.0007849454430438767,0.0008817651406288182,1
1646,0.0003761047638859247,0.0003585254142438479,0.0005109670944624674,1
1647,0.0003856910768908098,0.0003464264365195854,0.0006983468449159147,1
1648,0.0007877882642261739,0.00038761934762546624,0.0007908885213457381,1
1649,0.00020289113464596755,0.0007053540885653919,0.00019166267759511402,1
1650,0.0005859877975800072,0.0006889483691931412,0.00035255650458639097,1
1651,0.00040403712405097115,0.00033361298343650503,0.00019505354293339374,1
1652,0.0003978259326681063,4.359474087013193e-05,0.0006337422766485815,1
1653,0.00023986076468843787,0.0003779280596629323,0.0008177533147816806,1
1654,3.996501674793607e-05,0.0008990114911042399,0.0009481945801673701,1
1655,0.0007442297471848434,0.0003633273939687981,0.00030837575442451673,1
1656,0.0008969249363262787,0.0002778381118913734,0.00011079364100280042,1
1657,4.356705192579391e-05,0.0007647716817950318,1.7464195813064244e-05,1
1658,0.0003587465029084758,0.0009263748885313737,0.00041818287884342687,1
1659,0.00011612465769550384,0.0008672810065139712,0.0005167026821903545,1
1660,0.0009173090426159578,0.00038085620679942367,0.00010140788212107244,1
1661,0.0008263519014194034,0.00017379282129600127,0.0005273319116316056,1
1662,8.04662994516111e-05,0.00020056956217710554,0.00013425796604625095,1
1663,0.0008971429006269692,0.00018681198753500982,0.0006951247226106528,1
1664,0.0001616955730334141,0.0009043099253553457,1.2236059786819299e-05,1
1665,0.0003676336425537107,0.0005971734473502641,0.000991088161633817,1
1666,0.0006173618542349717,0.0008735970536790335,0.0006909784966458296,1
1667,0.0004626473174440194,5.809343880715245e-05,0.00011064853662031694,1
1668,0.00046499588217169697,0.0006526005300439039,0.0004751685015931055,1
1669,0.00041908215104648926,0.0006229780646924686,0.00023831843287377874,1
1670,0.0009551785868053702,0.00021948067366317514,0.0006670271208640315,1
1671,0.0002630257829307893,0.00022240565252268628,6.538688231175461e-05,1
1672,0.00043583667685364094,0.000949071800200527,5.781979822011352e-05,1
1673,0.0008765408322060755,0.0009064743748590018,0.0006872383313026746,1
1674,0.0004468023258114846,0.00039885849972665235,0.0006312504679063714,1
1675,0.0005133844676817102,0.0004380926818853227,0.0005811725172741168,1
1676,0.0003809093255044371,0.00013389617118905484,0.0005154482982033558,1
1677,0.00038700816973331463,0.00014684196577723508,0.0004717226084952363,1
1678,0.0008414029070564266,0.0002636825984516054,0.0002842232194370934,1
1679,0.00035348411944304117,0.0007479993486738537,1.3938903715383422e-05,1
1680,0.00025219095801745937,0.00036358279197630094,0.00031795400300251367,1
1681,7.373502258419584e-05,0.0009786288162746655,0.00025676413438755776,1
1682,0.00040703307115673817,0.0004695216493211092,0.0007708957557317473,1
1683,0.00017037160183528454,0.00021290515479057017,0.0001129605559506569,1
1684,0.00027730044427482615,0.0009747228862401026,0.00021797681541125858,1
1685,0.0005195685855167636,0.0009437801898741105,0.0006125602388072828,1
1686,0.0007274985862356696,1.234322352710704e-05,0.0008021277811346125,1
1687,0.0005224303947260156,0.0009789902734531446,0.0003601703693225754,1
1688,0.0008244294784181603,0.0002620352727713037,0.0009620694492855986,1
1689,0.0008517296574035964,5.375230471023884e-05,0.0004929168922804223,1
1690,0.0007154037202169851,0.0004306634569590748,0.0007839486549188432,1
1691,0.000421683768944552,0.000964044894290199,0.00010796812568686754,1
1692,0.0007335963397595763,0.0009988020623685142,0.0002712401776120403,1
1693,0.00036230692768855576,0.00048464728003394145,0.00013091486173786316,1
1694,0.0005038343594976656,0.00044545566004138096,0.0006191954618959139,1
1695,0.0006734549892148524,0.0006364035845592001,0.0002979314865146262,1
1696,0.0009115251942749534,0.000680438767447775,0.0004464111992091936,1
1697,0.0009541981617364953,0.00028502550737866496,0.0003402473799778385,1
1698,0.0004604870342657468,0.000834112934066762,0.0005351067030226207,1
1699,0.0002877614755299793,7.546084319712021e-05,0.0008521083990121778,1
1700,8.264966086593073e-05,0.00037326470857099457,0.0007874904766590324,1
1701,0.0007070869860685435,0.0007282224578283637,0.00027965394435701754,1
1702,0.0002584950616300699,0.000788991467020303,0.0008559400789045521,1
1703,0.00019807128885058133,0.000948909804910604,0.0003170711248595098,1
1704,0.0006761354407931795,0.00042278451856109933,0.0005839397422333754,1
1705,0.0007974689487135438,0.000624090400977064,0.0005366057619700254,1
1706,0.000235555779435358,0.0004476245632708615,0.0006054886187772742,1
1707,0.0008613177273214858,0.0004957141032338027,0.0005079377600253764,1
1708,0.0006850311132116039,2.806326096785672e-05,0.0009254631890730865,1
1709,0.00026204117920359285,0.00040008462211234486,0.00012142721683052183,1
1710,0.00045421967973122813,2.9038358606200523e-05,3.722654231789657e-05,1
1711,0.0006704691351112323,0.0008891246664826383,0.00038632636033526736,1
1712,0.00042999790712999996,0.0003370976532839074,0.0009132092194039061,1
1713,0.0008459135436397682,6.820787075682799e-05,0.0002260863602577351,1
1714,0.0005466349756156853,0.0006439469272266929,0.0007920916767866432,1
1715,0.00023308615601211346,0.00044883734333370494,0.0007772515543738508,1
1716,0.00028437999556196183,0.0003239343274978641,0.0003000106679697385,1
1717,0.0003205712989595424,0.0004982645342110852,0.00032460176600484104,1
1718,0.00032529202087892964,0.0007150788265487954,0.0006674900287630844,1
1719,0.0008175192790499497,0.000302332758666682,0.00027321759083780573,1
1720,0.0005350041360292455,7.441767587454962e-06,0.0005142829453026582,1
1721,0.00043413209292068736,0.0005864224994718989,0.0006667648619483873,1
1722,0.0006801799149835102,0.00014501451695232703,3.167571060880059e-05,1
1723,0.0006115929070687347,0.0008473341618464977,0.00015798453557091174,1
1724,0.000423150113529426,0.0003974564685581632,0.0006432982052839014,1
1725,0.0009675746592498249,0.0007559134377865593,0.0006592563149806505,1
1726,0.0008366407489280117,0.0008138389880673235,0.0005342621763920562,1
1727,0.0003615725283195058,0.0009242387292400499,0.00039121563147315777,1
1728,0.0005191706941532372,0.0005289997949121281,0.0006504103410624034,1
1729,0.0001942619320397141,0.0007886269255549392,0.0009267713269697921,1
1730,0.0006195289994086332,0.0007460476133496542,0.0005736747253625965,1
1731,0.00016789179797781228,0.0006203073984610661,5.407162445448743e-05,1
1732,0.0008641652877940217,0.0009172060274295633,0.00033299387272919925,1
1733,0.00075453040911066,0.0006397045539708684,0.0007390379387720181,1
1734,0.0004335283343602382,0.0005585032236606112,5.276387811803929e-05,1
1735,0.0008849052979259209,0.0009011996786232552,0.00010464354491357042,1
1736,0.0006934858444173938,0.0005303372519901829,0.0009071827233971905,1
1737,0.0002849662173003115,0.00012201393515299153,0.0006768092792269557,1
1738,0.0006574128100656783,0.000601820774409867,0.0008659895112757738,1
1739,0.00020856466985268586,0.0005351011510959335,0.0004671871824870547,1
1740,0.000825553420549429,0.0006718758384911085,0.00011859046964989395,1
1741,0.0005420252662612356,0.0004315296413018234,0.0002827623557135297,1
1742,0.0007744719221082678,0.0001705797347933946,0.00019473883302768903,1
1743,0.0006787318324923212,0.00015574648585137151,0.00019822388119488134,1
1744,0.0009503099389043477,0.0008312624000662035,0.0008665202191383748,1
1745,0.00010830452952105252,0.0009419165353004957,0.0004193502539578441,1
1746,0.0009999010019904977,7.45145199013263e-05,0.0005944245313763993,1
1747,0.0008284327651706447,0.0004959616602347064,0.000793526547682864,1
1748,0.0006904883992350306,0.0007222143137854475,0.00033469835169663045,1
1749,6.49099893832067e-05,0.00036040172340075216,0.0005613625108096962,1
1750,0.0006652057070974957,0.00018869234420514026,0.0008134018917743653,1
1751,0.0008958755453264735,0.0003037721700348083,0.0005141280314710733,1
1752,6.822073069252932e-05,0.0005712030109227906,0.00045359297967058733,1
1753,0.00015523648245517296,0.0004380883778157344,0.0001449363523730083,1
1754,0.0007573060260622552,0.0007908818798380438,0.00037770210451389444,1
1755,0.0006856562775754625,0.0003355780208560322,0.000872480340707448,1
1756,0.0007116365052929692,0.0006407074976355533,0.0006465732402412031,1
1757,0.0008437869880504501,0.00019589340080610517,0.00043346504019794107,1
1758,0.0005380493983492142,0.0009302255405336956,0.00010727208105205888,1
1759,0.0006166398010130065,0.0009511384297582543,0.0009084228277022048,1
1760,0.0005104986551080961,0.0008375062437097291,0.0001904603798041906,1
1761,0.0005829249121118938,5.661856719249159e-05,0.00015094522317707725,1
1762,0.0007784938130839414,0.0008928263299967764,0.000993056790499673,1
1763,0.0009771931169897437,0.0008616766515761927,0.0007138349005680523,1
1764,0.00036928866399468097,0.0008393989190775739,0.0004433273596690682,1
1765,0.0003193317815880786,0.00028160216233654714,0.0009652822091295192,1
1766,0.0009732464388257334,0.00034894278366370644,7.438061806534901e-05,1
1767,0.0002991210292690062,0.00022684244519034858,0.0006768326387098701,1
1768,0.00011666786710135057,0.0002262362349453907,0.00027312931863007295,1
1769,0.0003340155247221872,0.0004402689724558739,0.0002716664418001572,1
1770,0.0008514977262869152,0.0009079406384767699,0.0009105061506501364,1
1771,3.5007731686904186e-05,0.0005046384339689748,0.00011983633607870493,1
1772,0.00022639459560012376,0.0002819306112882594,0.0007826091311674417,1
1773,8.273868363534676e-05,0.0005666626892696084,0.00032224624938634484,1
1774,0.0006149587812417656,0.00019183099175174557,0.0009979963068573751,1
1775,0.00030994261340104654,0.0003441738276073111,0.0008844309579090028,1
1776,5.2551359889076995e-06,0.0008237132426644418,0.0002444375091315744,1
1777,0.0005398156209858143,0.0004556801866056266,0.0009868195301220106,1
1778,0.0003708108938608432,0.0003119460331257159,0.0002973851059235285,1
1779,0.0007918644804054498,0.00030541615309068594,0.00016889930464916925,1
1780,0.0005896067797229511,0.0007468568553553175,7.752243733993881e-05,1
1781,0.0004450033593242869,0.000489815214406387,1.1660140090968496e-05,1
1782,0.0007318740441013816,0.00047508575795677344,0.0006595920304934734,1
1783,0.0005102268180312864,0.00036270955442436684,0.0002908855427395603,1
1784,8.871881029819895e-05,0.00043820637884055627,0.0004285861662302468,1
1785,0.0005021418195398875,0.00037962030524776023,0.0009663786471410535,1
1786,0.0005112963655342838,0.0006170930400967418,0.0007121912642662691,1
1787,0.000605356085452962,0.0005258464170136939,0.0006842598221725851,1
1788,0.0008927214786820683,7.712617670584198e-05,0.0006740112272396319,1
1789,0.00015651950571042095,0.0003589909547770901,0.0006133252166746709,1
1790,0.0009836713154442284,0.0007751670726572355,0.00029690542310512134,1
1791,0.0003343989549249959,8.842142370145134e-05,0.000523356689266549,1
1792,0.00021271960393315305,0.0005662436198327263,0.0009236948753639777,1
1793,0.0001983745202002586,7.482937838676728e-05,0.0005598150473899613,1
1794,0.0002960270439790057,0.00041421702202537304,0.0007948158435654472,1
1795,0.0002933282704186433,0.0007823810017080516,0.0009363611082394247,1
1796,0.00024958749654252065,0.0005253218337369323,0.00030502884269674615,1
1797,0.00028609945425074303,7.912892015390039e-05,0.00039983190940936787,1
1798,0.0009720426156900255,0.000989562811267918,0.0009864937195196218,1
1799,1.874386810051254e-06,0.0001505934028797957,7.429477975539035e-05,1
1800,0.0006322097071643634,0.00038205000093847666,0.0007403897382228087,1
1801,0.0008989456027723341,0.0006653236914246479,0.00026775506477794175,1
1802,0.0008012136977567161,0.0006698236533346265,0.00038565293162107775,1
1803,0.000611515514863932,0.00030978397836584916,0.0004893294534372028,1
1804,0.00018958912206400814,0.00012672044961228158,0.0003169216597497281,1
1805,0.0004791162455707736,0.0002758581412888469,0.0006206739820589747,1
1806,0.0007887414607249766,0.0005123274499730959,7.536739603969233e-05,1
1807,0.0008853658117864518,0.0006928820531428639,0.00022729407484098208,1
1808,0.000979779931756391,0.00043116526723311255,0.0008096197563479165,1
1809,0.0004523925882723232,0.00020324120816372337,0.0004495186541480397,1
1810,0.000561247830369999,0.0009523103913003321,0.00014123560600885166,1
1811,0.00022631081122265285,0.00016253629544189907,0.00052972614555719,1
1812,0.0006173736335310139,0.00033929756864872805,0.00012126978367297914,1
1813,0.000794141283949254,0.0007061488596526286,0.0007120210978651373,1
1814,0.0007275863746957779,0.000387314042498921,0.0006745706251047015,1
1815,0.0008994434007775458,0.0009523559044707499,0.00033792992519542,1
1816,0.0002008529881814234,0.000754830439794581,0.000351535938741306,1
1817,0.00043143363935153515,0.00021940126481080724,0.00041351909830414444,1
1818,0.0008949205543719365,0.0005692792525268892,0.00028760626775564116,1
1819,0.0003010809284160496,0.0007910179090107729,0.0008639767901703085,1
1820,0.00031693068152145867,0.00028659795499875,0.0004873643487488932,1
1821,0.0009669630657471863,4.5068835975677344e-05,0.0005889005591597816,1
1822,0.0005505785493336245,2.262464143242604e-06,0.0009049286977730581,1
1823,0.00018955012081621071,0.000825833154712796,7.420291098752552e-05,1
1824,0.00016702482129756158,0.0003118664203422218,0.000987545088113368,1
1825,0.0005107302664324936,0.00025705582170780684,0.0006093961953944939,1
1826,3.6360424915417022e-06,0.0008076287838765893,0.0009921114756599105,1
1827,0.0005626890978224386,0.0009642372205978772,0.00031592820485656817,1
1828,0.0009130466304153948,0.00021395381655441958,0.0004475502286032348,1
1829,0.00029490895995983247,0.0005116403531994304,0.0008747374634520709,1
1830,0.0005960647986718476,0.000548487427359957,0.0002916713054453055,1
1831,0.0006867789567171243,0.00011146193340258592,0.00010225214644024549,1
1832,0.00046735343679123566,3.908844970793668e-05,0.00040836492279365945,1
1833,4.0435128604294994e-05,0.0009065833699208239,0.0008517716569039755,1
1834,0.0009363539895325643,0.0004165226054146126,0.0003307929754872202,1
1835,0.0003608820694944578,0.0009576301443173108,0.0007532637967309252,1
1836,0.0005637308548089435,0.00042426003897332146,0.0006085779829947015,1
1837,9.088934717718101e-05,0.00014756286296743615,0.0005815511508048735,1
1838,0.00045280514218839254,0.0001634157331653192,0.00022872977826984332,1
1839,0.00025055311867972017,0.000260865349284499,0.0009561444651385354,1
1840,0.0007792450145445885,0.0005231108179528393,0.0008017790938670141,1
1841,0.00011153461278328014,0.00022728206326169055,0.000814801319276981,1
1842,0.0007491177267001854,0.0009375824415908189,0.00016175255495862683,1
1843,0.0005743100776243455,8.980177577119375e-05,0.0005303861629143237,1
1844,0.00040890427103700054,0.0008073296835580908,0.0005848735028785456,1
1845,0.0008497401686185429,0.0005287101616214716,7.503315665321598e-05,1
1846,0.00017454477005492198,0.00047740229400920276,0.0007072953408012382,1
1847,0.00015761379342464654,0.00034792120778663616,0.0004919228297891864,1
1848,0.00021788817278513463,0.0006583675875560373,0.0008790406675313179,1
1849,0.00022517026840841004,3.504765957118528e-05,0.00043439651922245315,1
1850,0.00020939467931436264,0.0006605417787646551,0.00024163482016854567,1
1851,0.0005304802992727208,0.0009438548382388032,0.0004247802567047554,1
1852,0.0001752373750681433,0.0007952547290376156,0.00037161182738409596,1
1853,0.0006974267770294647,0.0005354537109278259,0.0008493938033103525,1
1854,0.00019689428608698868,0.000859473566756523,0.0004599416118122322,1
1855,0.0009027424197367554,0.00037110163088208847,0.0009501021863030366,1
1856,6.718344723887215e-05,0.000667015650871211,0.0006084355589617065,1
1857,0.00031252804697463465,0.0008498566883070467,0.000119475600726911,1
1858,0.000950956953013222,0.00032636531229595,0.0007681889382626395,1
1859,0.000693979074192366,6.029807640784757e-05,0.0005753264420272609,1
1860,0.00035476688577213344,0.0009598241998940178,0.0004820748093965821,1
1861,0.0007126466754018167,4.376943355972474e-05,0.00028466262146050624,1
1862,7.907280472947475e-05,0.0004581173670594443,0.00013849031091658782,1
1863,0.0007423822752784069,3.121175258050124e-05,0.0006057069144229332,1
1864,0.00010568376806265167,0.0005780885045005592,0.0009926615217477775,1
1865,0.0008599917641331612,0.0007543542071762334,0.0004261992917164964,1
1866,0.0003680399694723255,0.0007500884934737066,0.0007966091987078479,1
1867,0.0005630449635948856,0.00012970588596334764,0.0005476960651501901,1
1868,0.00047993240696618403,0.00026417302031152046,4.529758027598174e-05,1
1869,0.00017970865078730026,0.0001368591627158261,0.0005377618321068203,1
1870,0.00038297019230643483,0.0009752033404505977,0.0008401064499661152,1
1871,0.0008549259053046478,0.0006660230677027973,0.0005584858821444698,1
1872,6.844600722007954e-05,0.0008984916235585681,0.00020704310975458952,1
1873,0.00015914285276436092,0.0003127376269715552,0.0007879259207929684,1
1874,0.00022505307880064753,0.0006579661873172768,0.0001994518497376273,1
1875,0.0008898000119950507,0.0004444870953857382,0.00041774712527661384,1
1876,0.0008899918986022341,0.0005598614379760333,0.0008324847253707589,1
1877,0.000735140029985297,0.00025861143855846467,0.0009387919834749509,1
1878,0.0005155361665129061,0.0007594925786631616,0.00037016687764228974,1
1879,0.0006880623181554898,0.0007999018650020228,0.0008156993358513568,1
1880,0.0002220007545068896,0.0004691935049829258,0.0009089487068033519,1
1881,0.000799234553757537,0.0007593551525642568,0.00017085216969154194,1
1882,0.00027235302918258595,0.0009465381339438753,0.0008489007502901383,1
1883,0.0008782893594105886,0.0005420566610189165,0.0003373168716328182,1
1884,0.0009348445252684994,0.0008256300157446703,0.0005875714352258893,1
1885,0.000691397405546029,1.8662645288308077e-05,0.00020394263755425224,1
1886,0.0006610173460435831,0.0006072656133985674,0.0008431134232229932,1
1887,0.00046181932081755826,0.0006089008011367148,0.0005444611221342625,1
1888,0.0001636358507405431,0.0005834537028207785,0.0008702332630025421,1
1889,0.0006365085980185459,0.0006472064732153936,0.0004789387027169762,1
1890,0.000814397506599792,0.0005836509115869616,0.00027722315719628247,1
1891,0.0003526699915737652,0.0008307160635339859,0.00043202287576844724,1
1892,0.0001891503862911157,0.0001897134452565902,0.0006019938304549946,1
1893,0.0005114543396666432,0.0008524244169791991,0.0005380633953755064,1
1894,0.0008953503920640632,0.0008091834544513814,0.0003892520140824731,1
1895,0.0003921366289079861,0.00027435992400909136,0.0006960039097948752,1
1896,0.00013288937029171333,0.000273955641780717,0.0003625677499396628,1
1897,0.000935636738059695,0.0005464254249421488,2.409982609443584e-06,1
1898,0.000966371046939573,0.0008185245021885161,0.00014595214881572626,1
1899,0.0004442876496278701,0.0003121417141763355,0.00024500313077741097,1
1900,0.000860962137548165,0.0001860863158135073,0.0002533804089451027,3
1901,2.763928067029675e-05,0.00013592456367966132,0.000402382498277457,3
1902,0.0006528794961915609,0.0001381840167560836,0.00041623168085393224,3
1903,0.000685517413823194,5.1660672346706904e-05,0.0004868302652601848,3
1904,0.0008879641162547251,0.0005187502255579183,0.0002757072121934594,3
1905,0.0008491669921236921,0.00017494909952456438,9.267833068682108e-05,3
1906,0.0003198102577550729,0.0007941648770391467,0.00011650276459814457,3
1907,0.0007019532098551554,0.0005252441076374338,0.0009009550387885878,3
1908,0.0009888497638936037,2.429153915453286e-06,0.00028340198999955555,3
1909,0.0009894091581557037,0.00042936355903544965,0.000674759961620044,3
1910,0.00015519251956860625,0.0008800279552386624,5.458733648308023e-05,3
1911,0.0007512754988913857,0.0007994618367973611,0.000426739432487916,3
1912,0.0008783392034204816,0.0004446168389956785,0.0009222730876863505,3
1913,0.000718450113963859,0.0007666236569219611,0.00039675597819811826,3
1914,0.00034865061998233125,0.0003727953961516797,0.0009541250100635953,3
1915,0.00020539220553136118,0.0006261241160128129,8.902238379955929e-05,3
1916,0.0009223597557667518,0.0009691235442830506,0.0009230067954964698,3
1917,0.00011219105047661915,0.00019088159770627112,0.0006771326058858614,3
1918,0.000660628536526123,0.00041234130035510476,0.0005504686885461533,3
1919,0.000698383287839393,0.000635034830177191,0.0009369285789685003,3
1920,0.0005426123701955325,0.0001575769599772201,0.0006841683404277736,3
1921,0.0009671516573927575,0.0004615078603493383,0.0005756234428010786,3
1922,0.00023360318366502254,4.7902719774639e-05,0.0009860606625952274,3
1923,0.0007292130420944638,0.0002891885367729712,0.00045627752543104963,3
1924,0.0005755089243007795,0.0007736300183304224,0.0007082641748846555,3
1925,0.0006399745233579311,0.0009614399848516171,0.0007487581652220195,3
1926,0.0006207246201637885,0.0009131639320309757,0.0004099666121959016,3
1927,0.000534585833382252,0.000707205106690911,0.0006989703327088878,3
1928,0.0006358168799040963,1.0165080322716569e-05,0.0009082654011242019,3
1929,0.0008109945275458942,0.0009289212030833299,0.0009172103397328597,3
1930,0.00018156645815361715,0.0001468290573035692,0.0007610920868854067,3
1931,0.00025240979442307934,0.0005413943134484927,0.000797300544409383,3
1932,7.877873685543635e-05,0.00036894755697270445,0.0009727898412655902,3
1933,0.0007642713204105442,0.0005556726772342707,0.0006769887290004822,3
1934,0.0007405692484016266,0.0007775624504809505,0.00023242079496741796,3
1935,0.000442521395786739,0.0003566406229119222,1.629308889047887e-06,3
1936,0.0005543135023557786,5.302918153998793e-05,0.0002816038035945384,3
1937,0.0001087284218040132,7.21629642487165e-05,0.00035449342359747084,3
1938,0.00019040744154273748,0.0001507273839868235,2.1068921138587494e-05,3
1939,0.0009204883515034827,0.0005931961337209835,0.00029710728514858656,3
1940,0.00012898829888574725,0.0006538817753650002,0.00024674088280970285,3
1941,0.0009005925948567555,0.0001909067642036131,0.0008701796186126942,3
1942,0.0002929375754199017,4.5643835760239007e-05,0.0003821763671808798,3
1943,0.0006716427878664328,0.0006233932093062535,0.000892573106430322,3
1944,0.000666339310920744,0.0005062593783069849,0.00045880532889834623,3
1945,0.000871376280141805,0.0004359152793039056,0.0006782757643906808,3
1946,0.000682748643363558,0.00041368894691958604,0.0008439749667685227,3
1947,0.0007946003727154749,0.00016030346392637097,0.0007362253226238829,3
1948,0.0007369471137335098,0.0009236342951103756,0.00017719669372250025,3
1949,0.00021426278147272472,0.0005259218961226771,0.0004998353633761136,3
1950,0.0008290051553959452,0.00029103596442656187,0.0003029749244521146,3
1951,0.0008686982216249415,0.0005204263859970498,0.00025602819182776206,3
1952,8.51873285871162e-05,0.0003796435672697246,0.0008355262766688282,3
1953,0.0001673323202293302,0.0008809023284143463,0.0004984459465301521,3
1954,8.805298417688168e-05,0.00045342722604972517,1.4849285266210655e-05,3
1955,3.365697626071518e-05,0.0004986718810921269,0.0007851954274214189,3
1956,0.000575952645489217,0.0003582889830150566,0.0008596200218718293,3
1957,0.0001678463394771309,0.0002622587618276444,0.00035146847267343616,3
1958,0.00044684418296365395,0.00026827510030048076,0.0008972028890584485,3
1959,0.0003571489292707688,0.0003221437360601427,0.00017572689965863786,3
1960,0.0009050810084692383,0.00013372815617532653,0.0007555125405260277,3
1961,0.0007619824711223402,0.0002681983889770495,0.0008800138864796058,3
1962,0.0002032888705389897,0.000896118569788322,0.0006179489633069713,3
1963,0.0009559971471868349,0.0004170545603032707,0.00034659898575305914,3
1964,0.00017918811698387505,0.0004600793600676959,0.00036534932885849534,3
1965,0.000724702098086145,0.00011930245338539092,1.2032484495283713e-05,3
1966,0.0009785419232843076,0.0008051825093982931,1.3062724871384935e-05,3
1967,0.00032323141256452426,0.0008467707262234201,0.0005836909723182737,3
1968,0.0005687880915650147,0.0004878909578989074,0.0004537959280327084,3
1969,0.0006121306972877111,0.0007660500502315413,0.0007842201915249521,3
1970,0.0008164657742657462,0.0004258518960132692,0.0009423747981053039,3
1971,0.00016279010846448095,0.0008708062584837535,0.00020620197350476222,3
1972,0.00041582153049731744,5.182415771220128e-05,0.0001400670620214425,3
1973,3.836014761781526e-06,0.0004483274713656518,0.0008579514433703225,3
1974,0.00021144035972096587,0.00011840015980790742,0.0007517610326002877,3
1975,0.0003839532034217349,0.0004613023856119081,0.0008934961682755243,3
1976,0.00044780580274875713,0.0005642252116199356,0.00010460469878389833,3
1977,0.0006821574221721361,0.0008075579738719302,0.00043447556949401177,3
1978,0.0008585896553616101,0.0007234520748502441,0.0009261935248225565,3
1979,0.00015149359933608642,0.0001406135843119355,0.0009084694455907017,3
1980,6.652453636930222e-05,0.00011933472849112903,0.000393043164483637,3
1981,0.0003938299528104101,0.00023643111402777951,0.0006061597088811972,3
1982,0.00029735505613714974,0.0005964277767289807,8.91724667366175e-05,3
1983,0.0004308535972204953,6.620443301723334e-05,0.0005024153158831345,3
1984,0.0002431887727542581,0.0006281427363364685,0.00024569763132409306,3
1985,0.00034665368746556314,8.982467530737592e-05,0.0001952889720473655,3
1986,0.0006132724888525779,0.0009440322946051643,0.000827943875916263,3
1987,0.0007704795037733039,0.0004697404888129854,0.0003610134967303905,3
1988,0.0008242724471010874,0.00035138776121801206,0.0005906849015443502,3
1989,0.0005676778363126447,0.0007522946226472283,0.0006137594859069585,3
1990,3.6103051454723366e-05,0.00013712650124929283,0.00020062356817983874,3
1991,0.0004843324499345788,0.0008523995862367136,0.0009396670712715675,3
1992,0.0008106831136703649,0.0008404658171168582,0.0005438137491616586,3
1993,0.00036797189512070426,0.00013084963951514518,0.0008751372446268443,3
1994,0.0006017361079826731,0.00037089417512280165,0.0001691964858952515,3
1995,0.0008058137767800298,0.0006254538093162,0.00013447349567805424,3
1996,6.411447145140426e-05,8.61090901813697e-05,0.0003375374197840737,3
1997,0.0004669537259945982,0.000966589558327717,0.0009730373015673738,3
1998,0.0005051831959576027,6.912505593979956e-05,0.000779223510151537,3
1999,0.0004756689592803348,0.0003049613408591466,0.0005625975411033614,3
2000,0.00039065458092357643,0.00042025292763972667,0.0002898797124469408,3
2001,0.00015654881303488687,7.417283487787607e-05,0.0001037176459907897,3
2002,0.0007726714872623579,0.0006757114947494919,0.00036608631092145173,3
2003,0.0005059155322749848,0.00019315794199261548,0.000836854002228452,3
2004,0.0007165682057038182,7.756364130174931e-05,0.000956706902218946,3
2005,0.00046526751618812035,0.0008743408405331363,0.0005504095498374599,3
2006,0.00013046099791835886,0.0009673895687129602,0.0005735347576201934,3
2007,0.000704490765431191,0.00030265425617852725,0.0008322851835137654,3
2008,0.0008324576826834808,0.00026670038873690674,0.0008053755299342872,3
2009,0.0005264535062724642,0.000753223654735067,0.0005719211317896848,3
2010,0.000771808061934526,0.00031777917143840353,0.00020620065789920473,3
2011,0.00029348918778789913,0.000583477259509782,0.000774051767031199,3
2012,0.0004824598736747652,0.0006008937588681036,0.00020654251915412192,3
2013,0.0001420502510322058,0.0009622024626243887,7.740641459943776e-05,3
2014,0.0002329237846857114,0.00033227311972610133,0.00026619916590258817,3
2015,0.0005166263001343538,0.0003494575736766046,0.00023108792268476352,3
2016,0.0009392999517429996,0.00012583479790605968,3.141171223226424e-05,3
2017,0.00039719708491490834,0.0006244887452201215,0.0005679082346484168,3
2018,0.00010142384677727235,0.000845096269958,0.00024042596819053897,3
2019,0.000606961690346233,0.0006999801882133457,0.0005990700117869381,3
2020,0.00047965629705752725,0.0009141541375906426,0.0008927483720292525,3
2021,0.00084116468294174,3.8465173127056885e-05,0.00048532855146920964,3
2022,0.0005737445201031118,0.0004334395041416103,0.00021397386741969982,3
2023,0.0005236196799243518,0.00013003948875959815,0.0001580610685340521,3
2024,0.000879408392854691,0.0004838075190241106,0.0002937502493473129,3
2025,0.0005972670767937906,0.0005804080259930802,0.0008534674906417973,3
2026,0.00043233223295971793,0.000645455133887527,0.0003264169584284369,3
2027,0.00016905631905053044,0.0004726087321734314,0.0006604448932182521,3
2028,0.0007443109062492022,0.0006047269651338337,0.0003353914347482423,3
2029,0.0005472820143172555,0.0007580463555090887,0.0008559215953392918,3
2030,0.000994170931225591,0.00046719707450839856,0.00024272410015994473,3
2031,0.0004205674837752904,7.898413781105884e-05,6.906193878804612e-05,3
2032,0.0004374012912998481,3.918878876398579e-05,8.859229636321386e-05,3
2033,0.0002667496187173482,0.00021548497898919418,9.799953814561524e-05,3
2034,0.000958735052898397,0.0005301522861139301,0.00042293637792396513,3
2035,0.0005375625775613175,0.0008420323507722533,0.000529978638488631,3
2036,0.0006879974516143552,0.0008546514081558477,0.0003667440322018859,3
2037,0.0007056642691620567,0.0008414482194470539,0.0009140384455716451,3
2038,4.287910043529275e-05,0.0008762056303720834,0.00012385846722415083,3
2039,0.0005788843555893285,0.00017801195916638347,0.0006026342400551218,3
2040,0.0003965263249242923,4.196163236359707e-05,0.000999682116903218,3
2041,0.00038443208556498786,0.0009003730130512004,0.0009410111473306954,3
2042,0.00043108018892271295,0.0004670696808626471,0.0009098173727543476,3
2043,0.00046495154826106135,2.668087492919913e-06,0.00016557020537614865,3
2044,0.0006470571117079822,0.00058996790129393,0.00011424646919313864,3
2045,5.603158897510452e-05,0.0009947752560915005,1.5995760980917927e-05,3
2046,0.000886778520388273,0.0002908904599176728,0.0007693857960101872,3
2047,0.0001467934596863988,0.0002891045783985211,0.0004843367089937941,3
2048,0.0007304815428570791,0.0003614080521620947,3.343689498194824e-05,3
2049,0.0009414061826908407,0.00020996036912107385,0.0005017473386967364,3
2050,0.0005865452414707195,0.0005555309417075804,2.0566978724437245e-05,3
2051,0.0005766455222844063,0.0006841352081896006,0.0004888957695558437,3
2052,0.0008359304757169559,0.0005543195281191044,0.0005140062848595431,3
2053,0.000382482473752208,0.0008346129756206522,0.0005781781685507677,3
2054,0.00024086400037906397,0.0008687940300687553,0.0003186187793473612,3
2055,0.000844417281851885,0.0009471454400010325,0.0003933601174646898,3
2056,0.0007715143707976236,0.00023961326112788617,0.0009164774020942156,3
2057,0.0008303358631513402,0.0005675656979486429,0.0005405348654218535,3
2058,5.796192810810874e-05,0.0004821882298247199,0.0007812790343861633,3
2059,0.0009734759120673924,0.0005128021598740933,0.0006683687088346567,3
2060,0.000734783768518919,0.0007811127875667921,0.00012368235714516862,3
2061,0.00014526621265500807,0.0009077908063676831,0.0008448493839508101,3
2062,0.0008286870151712118,0.0006200498600842574,7.006608635395906e-05,3
2063,0.0005141130880099295,0.00038528589807064185,0.00041922173278635276,3
2064,0.0001695691227019528,7.810775137228565e-05,0.0005287159189831722,3
2065,0.0005697054805511875,0.0001543094287505926,0.00036542084549448696,3
2066,0.0009346564150937343,0.00025710769072222737,0.0008813157661099887,3
2067,0.00010730049372141548,8.335201066293707e-06,0.00027908385571430607,3
2068,0.00041802460144769804,0.00085323646350176,6.909558749817335e-05,3
2069,0.0006152828599123324,0.00013538262419958715,0.0004398822290600003,3
2070,0.00025523258502822566,0.0004013016641316548,0.0005549766833933415,3
2071,0.0002655579152531605,0.000521074252157491,0.00045655624062389434,3
2072,4.8615843694827856e-05,0.0006283895941634365,0.00019647720870334608,3
2073,6.373317304379034e-05,0.0001572539135108174,8.188753140127014e-06,3
2074,0.00013795919599817686,0.00011200652799048172,0.0009811116248952265,3
2075,0.00015428768068148524,0.0008704415851094278,0.0004991236395607316,3
2076,4.138330615988739e-05,3.164612841623649e-05,0.0009477078630267492,3
2077,0.0009355019421583515,0.00035996376740430924,0.0006720294190741423,3
2078,0.0004718037815223829,0.0007774840128780839,0.00044727008805011336,3
2079,0.0008166153620041055,0.0008987802126357122,0.00022023044491778143,3
2080,0.0007608059581535006,0.0003294396122615847,0.00010253728718822541,3
2081,0.0005520966410958382,0.0008012927194110394,0.0004037131652960208,3
2082,0.00026782418190639967,0.0002519954531319696,0.0003520256769546225,3
2083,0.0005938518270895644,3.6055922487154833e-06,0.00029287679006299204,3
2084,0.00031448655451960807,0.00036382392643782136,0.0004402557024121553,3
2085,0.0009698421136855106,0.0005332916975756916,0.000312149978434627,3
2086,0.0005683404265648895,0.00012608469713362892,0.0009271394610143509,3
2087,0.000831533096749954,0.0002710245500120131,0.0005980044229207123,3
2088,0.0007847934677235376,0.0006432708482257861,0.0005519586638659232,3
2089,0.00030141904986497926,0.0006860347541524064,0.00012068744263865505,3
2090,0.0006123756336705231,0.0005280594916717191,0.000590780891170946,3
2091,8.951342733100109e-05,0.0009718704186375078,0.0007544677024286195,3
2092,0.0006371347967783538,0.0003105822082262831,0.0001838220961995769,3
2093,1.0277077022053827e-05,0.00011627181093756967,0.0005958635371465585,3
2094,0.000304138016740781,6.339405925071562e-05,0.0009669145377716069,3
2095,0.0007945713293361173,0.000659508174837813,0.0004474381788967377,3
2096,0.0004022814939050431,0.0004630759214141367,7.77959989645568e-05,3
2097,0.0002979591951761096,0.00082561026052333,0.0009812887319210093,3
2098,2.7843441005680258e-05,0.0008398716253529086,0.000465486647624728,3
2099,0.0005349169388256024,0.0009661721271799449,0.0004229026516312705,3
2100,0.0006841726065297968,0.00041678461764367027,0.00010461330520397782,3
2101,0.00012229876881085145,0.0002357715213225504,0.0007622571384503574,3
2102,0.00010021310219799217,0.00039027574534960564,0.0007372921328644186,3
2103,0.0009606063582428164,0.0005668180824392173,0.00015107860103737546,3
2104,0.0005672505357591493,0.00011350901261778979,0.0004137944139735339,3
2105,8.211609256652264e-05,0.0008287435398893941,0.0006653996567140443,3
2106,0.0007752864871572703,0.00035476261111261,0.0001968954069737978,3
2107,0.0001464224524276051,0.00039193235462679587,0.0006530561256930233,3
2108,8.601540384624018e-05,0.0006889979339853194,0.0009803209539345939,3
2109,0.0009756984189552485,0.0001991351319019302,0.00013071169022395036,3
2110,2.5045832486200183e-06,0.0008641315339959713,0.00044655366406936306,3
2111,0.00082719456573118,0.0006263620224410159,0.0005101989377474204,3
2112,0.000914102318349261,0.0008618455363135474,0.0003194663507565392,3
2113,0.0005944053999079054,0.00019934323663663622,0.0005969845695429851,3
2114,0.0009400410103377907,0.0004286982232005682,0.0001890140566787667,3
2115,0.0008664900923871885,0.0009375053556958837,0.00043136182646727586,3
2116,0.00034844423743695687,0.0008870911482819345,0.000502734390228271,3
2117,0.00045763504884413286,0.0008561254899499762,0.0004894360456226368,3
2118,0.0003660054895190075,0.0008879985756768118,0.0005918057015395641,3
2119,0.0002506018552398056,0.0007948801118819081,0.0006477455607046929,3
2120,0.0006556090968092519,0.00025912531113541357,0.0005682125192229354,3
2121,0.0007324800032978338,0.0009866834679580145,0.00018533721831522467,3
2122,0.0006873553856681287,0.0006446497406322619,0.0006940091217618515,3
2123,0.0008442088274516795,0.0008839159274159912,8.467176307045088e-05,3
2124,5.894039848415056e-05,0.0007082245372614644,0.0006947105035797081,3
2125,0.00029675414112200605,0.0001485908244637939,0.0003420763715952496,3
2126,0.0003295818823318004,0.00011941668087984415,0.0003725226211890523,3
2127,0.00039414882009463416,0.0005025758107826618,0.0007297203119818623,3
2128,0.0004606268050784118,2.1593579630737936e-05,0.00016116738505304342,3
2129,0.00010558372373870595,0.0008548758773618694,0.0004101182158825664,3
2130,7.1897766967281565e-06,0.0004802376713666452,0.000911903772618195,3
2131,0.0005188646227522182,0.00045179460956203967,0.0005841449441822109,3
2132,2.9410882411092798e-05,0.00011279470643295465,0.0006170104353073863,3
2133,0.00010602935268713065,0.0002870022491730653,3.743631047490992e-05,3
2134,0.0008202868757766432,0.0003465839575797305,0.0007121088580833439,3
2135,0.0005475252059303428,0.00034630778163979625,0.0003541306600815972,3
2136,0.0006273160890798605,0.0003515533502200444,0.00040222064156895254,3
2137,0.0009469338611515538,8.4551577319667e-05,0.0008097961281284624,3
2138,0.0002161268874937784,0.0007789231615234088,0.0008251850790380129,3
2139,0.0007515616758193493,0.0009556138031078224,0.0007180428892605241,3
2140,0.0006022862899765651,0.0003460693289185269,0.0006738812933704451,3
2141,0.0008036732671446224,0.0009376680920342855,0.00015761850706634073,3
2142,0.0007763554521409323,0.0003760177184687543,0.00037736282955316846,3
2143,0.0004468077795026613,0.00030784956564428555,0.0004534183337226059,3
2144,0.0009956390782476876,2.5859518165881836e-05,0.0007213377533893221,3
2145,0.00036115838599020365,0.0009948347278629901,1.5180351054783437e-05,3
2146,0.0003656767213120347,0.0006455247452623093,0.0006534575665973166,3
2147,0.000315658690335618,0.0003490797372438299,0.00021861343516382025,3
2148,0.00018204781440683704,0.00044068334598556613,1.0499157670824655e-06,3
2149,0.0006019470911301474,0.0002497517727422034,2.277657356734264e-05,3
2150,1.4140856686608805e-05,7.620638121778655e-05,0.0008325298445785389,3
2151,0.0002051665136591443,0.0003123655300628511,3.768645435162665e-05,3
2152,9.038100430201868e-05,0.00031900054873957077,0.0005501278824346774,3
2153,0.0007510781188241429,4.8807927396585574e-05,0.0005511205605576035,3
2154,0.00023830653054252116,0.00031953251523720737,0.0009488306314921057,3
2155,0.0003674834061095034,0.00025784816952311405,0.0008053598198800878,3
2156,0.0005651827789786863,0.00044173475966104614,0.00027046833630028157,3
2157,0.0002487379458737484,0.0005303544020519604,0.0007297360500163503,3
2158,0.0004979873899890571,0.0006296049247749812,0.0007355293199772495,3
2159,0.0006480572801511706,0.0003118803350666972,7.378549441644988e-05,3
2160,0.00010154762096912784,0.0004948212660529023,0.00013092703388054572,3
2161,0.0006352946119463474,0.000453134244326761,0.0005808784490876748,3
2162,0.0006587532961050928,0.00010287832954522103,0.0005415563170888988,3
2163,0.0003526211421038225,6.456884663654517e-05,0.0007207913682445012,3
2164,0.0007488749707697074,0.0006061127209296087,0.0008703706132828608,3
2165,0.0009421081374374143,0.0008472448987967231,0.00041543633867842356,3
2166,0.00021203914865525132,0.0006510423305350072,0.0005526845744185562,3
2167,0.0008726531253422336,0.0003969101096097211,3.44577001328682e-05,3
2168,3.3462567269275654e-05,9.543086005729773e-05,6.898907321785397e-05,3
2169,0.00024034658728579162,0.00033849807337842043,0.00045456876570235295,3
2170,0.0006111698607184357,0.00016784955804692982,0.0007642108475733695,3
2171,2.431390908358544e-05,0.000385301766714506,0.0001251854388237994,3
2172,0.0008711834924279895,0.0008873847141627996,0.0003283625170657977,3
2173,0.00014928427371128605,0.00015144728330529313,0.0006061890851941274,3
2174,4.336898944430223e-05,7.879620753416051e-05,0.000658677794285797,3
2175,0.0004697269216078791,0.00022130101183438246,0.0005582336398602195,3
2176,0.0004770613944241371,1.485914139649247e-05,0.0005126063791592228,3
2177,0.0008923053330739673,0.00012793826611049775,0.0002921013120698641,3
2178,0.0009651618832715303,0.0009992441535876893,0.000838243669817663,3
2179,0.0009161795111809764,0.0002349537117610312,0.000558014627383703,3
2180,7.30152464768581e-05,7.876354702711862e-06,0.0009654492483351559,3
2181,0.0004933136700811126,0.000763901988945963,0.0006904731587100719,3
2182,0.0002739557063172512,0.00036064009440411914,0.0003306885302256697,3
2183,0.0008317629502529064,0.00013999204723083437,0.0006433241667324079,3
2184,0.0005158156939613901,0.0008331041212670484,0.0001860130522498541,3
2185,0.0005963089300038674,5.8080702878954285e-05,0.000423103518081435,3
2186,0.0005706442965577201,0.00017967628662994418,0.0006792376365602279,3
2187,0.00026612695494803384,0.0009155071537668281,0.00016117968036129195,3
2188,0.00020458906881232298,0.0005439857556653368,4.531163535736815e-05,3
2189,0.0009558785246290242,7.639460104388984e-05,0.0006854646792400282,3
2190,0.0009920209566117095,0.0005394566680577993,6.537106848399943e-05,3
2191,0.0004965220368158539,0.00048633417662951873,0.0003787819405879365,3
2192,0.0007584841172341241,0.0006891236602434736,0.0008045069171800817,3
2193,0.0009166510782476544,1.8658994191067535e-08,0.0008729846690693012,3
2194,0.0009498984451495854,0.00012397765595770617,0.0004464170429982023,3
2195,0.000166016671975185,0.0008827551527160591,0.0006492281598504338,3
2196,0.0005003787759985221,0.00018184037930144416,0.0005495189029847805,3
2197,0.00018756076724838622,6.137159302458428e-05,0.0002366665118369381,3
2198,0.0003982402287946648,9.316842144723003e-05,0.00031374316186101695,3
2199,0.00040817051089882516,0.0007876198957721757,0.0005137889875461284,3
2200,0.00039408851597564243,0.0008290066617907461,0.00035524492010314434,3
2201,0.0005538087709351919,0.0006628810597418027,0.000797000969832084,3
2202,0.0007770784728364852,0.0004397048843878662,0.0007080908276285034,3
2203,9.381109880620631e-05,0.0006840095885119496,0.0007992933803003661,3
2204,0.00033553934705537824,0.0009717918924016551,0.0008258618933680308,3
2205,0.00028873897336416523,0.0007970047946888121,0.0009737773394602716,3
2206,0.00033556130782840345,0.000626554038171116,0.00043102550084485157,3
2207,4.577127590266117e-05,0.0009364513691903694,0.0007683219678540299,3
2208,0.0002139158897513598,0.00011662503497399245,0.0007827092406526288,3
2209,0.0009246365890506517,0.0008896904983486909,0.0006556114291880593,3
2210,0.0003983635353992565,0.0007415258296751323,0.0007823443334633155,3
2211,0.0003892381514805018,0.0009377660395287779,0.0009916587950625022,3
2212,0.0008041435683421401,0.00086230413436205,0.0008881286838113943,3
2213,0.0006421379541307307,0.0009495233269340462,0.0009744612963068067,3
2214,2.8536873483326897e-06,0.0007828304542253148,0.0007684095020105171,3
2215,0.0008110077035704308,0.0005194587784389707,0.00019763912372210447,3
2216,0.0008056349638164731,0.0007001678281077516,0.0007734863177043111,3
2217,0.0007613004064665875,0.00019539974184597055,0.00022558623572980065,3
2218,4.9596700939648186e-05,2.5004390551833234e-05,0.000740547967120141,3
2219,0.00035661382508188436,0.000374194860444902,0.0004778179922963959,3
2220,0.0002669889971318289,0.0005816792660610999,0.0005338363944394061,3
2221,0.00016399996103414206,4.0268740536132385e-06,0.0005780747765639747,3
2222,5.460775043424038e-05,0.0008725518533996811,0.0009493910015337993,3
2223,0.0006915463891572546,0.0002612529089619825,0.0002994464381176202,3
2224,0.0004478483413688351,0.00023473613203740484,0.0004717546311652062,3
2225,0.0005313614167280532,0.00013902626807036546,0.0005513291822939744,3
2226,0.0007784227045502135,0.0009597560264114562,0.000963077968564199,3
2227,0.0009563894628684521,0.000901258258323014,0.0008653627079349519,3
2228,0.0009079347861757725,0.00042990661888729664,0.00018870387301605596,3
2229,0.00046784321086046175,0.0005281930660867008,0.00012418789010032339,3
2230,3.027147728509827e-05,0.0006995122540320457,0.0009653341002658672,3
2231,0.0006808661464631793,0.0009512245989334298,0.0006836035824005327,3
2232,0.00010152727178879273,0.0006977397532740862,0.00046561447231887687,3
2233,0.00034564723396453615,0.0006084067578271179,0.0002218017589668423,3
2234,0.000543184763670395,0.0008156881238339809,0.0009307226604541814,3
2235,0.00046821662411298994,0.0002397608519852058,0.0007823738872175344,3
2236,0.0009997366353826306,0.000910583659262177,0.0005623948284979848,3
2237,0.0009881816041754446,0.0006572572667939431,0.0009207986951397341,3
2238,0.0005916651471191452,0.0009300833176686563,0.0002465664320269078,3
2239,0.00013052032705369122,0.0009849893131576384,0.0006898868923526559,3
2240,0.0008449048450035122,0.0009915372082132516,6.252952128607404e-05,3
2241,0.0005320477316665061,0.0006304695471855682,0.0005372727422920667,3
2242,0.0005240131503567062,0.00020199905008609986,0.00016426723795108823,3
2243,0.00044283954219601654,0.0008156384612982528,8.77723155896627e-05,3
2244,0.0003092446711576138,0.0009711621145706267,0.0008424820456905879,3
2245,0.00022888627568807486,0.0001663218008120827,0.0009178799633062346,3
2246,6.291560644952777e-05,0.0009572489477652063,0.0002600793998038731,3
2247,0.0005179750659424361,0.0007036976933413448,0.0005432934092329039,3
2248,0.0006242831547542021,0.0005978838387646004,0.0005059294668446764,3
2249,0.0006837792599021837,0.00021049512290325235,0.0003387066179552812,3
2250,0.0003783002476923234,0.0006725298308104488,0.000934020399053295,3
2251,0.0008363446711630756,0.0008765920015391268,0.00020763421332495503,3
2252,0.0009660515872183734,0.0009336797880176949,0.00031501274106136113,3
2253,0.0007856990178352827,0.0005081983214358632,0.00012338340746401,3
2254,0.0006267815375506432,0.0004388047371580479,0.0006329032819259914,3
2255,0.00016768297585771842,0.0005036624567812225,0.0007023577952826359,3
2256,0.0001330052725593356,0.0005171263387519972,0.0007269682945913124,3
2257,0.0007651351580024456,0.00014801041594693687,5.850377501965676e-05,3
2258,0.0009261186627228764,0.0008286416311041299,0.0002100424625911037,3
2259,0.00019017869657364452,0.00015750310191626116,0.0009572487654069627,3
2260,0.0005599662607030532,0.0005040028182902528,0.000660151381027402,3
2261,0.0003587177527363492,0.0002633830984642551,0.0005764155752382732,3
2262,0.0007554154972338904,0.0004389605811672578,0.0005536519963531261,3
2263,0.00015636145902562216,0.0002966323874523722,0.0001435030408430481,3
2264,0.0001659755644253711,0.0009790146306860338,0.0008042045974335261,3
2265,4.1769680714821126e-05,0.00016104766544722992,0.000942060949389853,3
2266,0.00013848579543710083,0.00038475802283209414,0.0001813390597532717,3
2267,0.0001865382150226711,0.0008685149785960518,0.0009127181741060924,3
2268,0.0007284949898061182,0.00029078502433268084,0.0009880630819474815,3
2269,0.0002227602699958624,0.000672304499824911,0.0008025156632389912,3
2270,0.00023723363621563787,0.00023577942877106862,0.0008959052011943781,3
2271,0.00033845702326084325,0.0004700347272557799,0.000989236832621994,3
2272,0.0008701258524578228,0.0008967777086765545,0.0009134272486524985,3
2273,5.000250706403664e-05,0.0009174547992903936,0.0005869989816060217,3
2274,0.0006381180791588564,0.0004919629832980615,0.0009173113994374808,3
2275,8.232226871060677e-05,0.0007725506606347888,0.0001778113923799637,3
2276,3.870580075719787e-05,6.556042337156453e-05,0.0007472670298126317,3
2277,0.0008517813700704909,0.00045129664970242723,0.0008375541592856421,3
2278,0.0005021194344086577,0.0002570073567663811,0.0005987027034812796,3
2279,0.0008499772654792824,0.0001281883906072059,0.00027266952290360194,3
2280,0.0004221559071094535,3.8223415220471683e-05,0.0009733520658910352,3
2281,0.000285091744123935,0.0007258085321380554,0.0005397261101662488,3
2282,0.0009973232250647494,0.0005032965180948136,0.00032167743083817414,3
2283,0.0006475390358744912,0.0005230255609517439,0.0002357936272028852,3
2284,0.0005806831848238041,0.0005988018042158687,0.0006273231168628301,3
2285,0.0007148572982310712,0.0009439504355639936,0.00038104464234065916,3
2286,0.000126587180528286,0.0002489286648326295,1.4807017876882433e-05,3
2287,0.0006678419835205219,0.00010028359407151732,0.000692478310275569,3
2288,4.1790819776020726e-05,0.0006254273380794186,0.0006716831711101018,3
2289,0.0003314309915629074,0.00044516504695402847,0.00016380445471291083,3
2290,0.0008471829283089341,4.270993627464825e-05,9.902795423126943e-05,3
2291,0.0004839474846357228,0.00020252764526076272,0.0001535438600272172,3
2292,0.00021235656617616105,0.0008249602641989733,0.0003222212190153333,3
2293,0.000557071141942897,0.0005504782078794842,0.000716465639492087,3
2294,0.0005252465220392244,5.87001170411472e-05,0.0009781444661825563,3
2295,0.0004284144727281365,0.0005219814102217628,0.0005736247556647463,3
2296,0.0009814631303414793,0.0004345814056132593,0.0009636062938922363,3
2297,0.0007442422212126203,2.325093126647204e-05,0.0006984491574843072,3
2298,4.8286722397829386e-05,0.0005055253723591929,8.210867211249961e-05,3
2299,0.00013648440444895992,0.00031965626737187435,8.088172585045772e-05,3
2300,6.18547757743555e-05,0.0004537369489112592,0.0005373104949139583,3
2301,0.0005380925981977883,0.0008556488605882402,0.0008563167198676983,3
2302,0.0004936684841569692,0.0009131726420732961,0.0001715436811953963,3
2303,0.0005918680110392776,0.0009349692690477447,0.0008814392406392101,3
2304,0.0008276503647278243,0.0005019653697849294,0.0008771119756119113,3
2305,0.0008226920767805589,8.552037287791181e-05,0.0007548002795609745,3
2306,0.0004455669620670657,0.0009268339009331098,0.0007383642203350984,3
2307,1.0209170798712752e-05,9.715661359412386e-05,0.00011481566873987415,3
2308,0.000707740964513458,6.287742895501458e-05,0.0009105158206477585,3
2309,0.0006373617798039656,0.00045004049072996265,0.0006313251334577622,3
2310,0.0002583622835093049,0.0009079910290463761,0.0009023504366386935,3
2311,0.00012418033851378752,0.00044841011696657477,0.00045390089557181644,3
2312,0.0006019423498659313,0.0001996725082616978,0.00030456442067574495,3
2313,0.00017441701390952426,0.0004312738886855768,0.0009845519489492976,3
2314,0.0007996577066443179,0.0003081517242313346,0.0008411563719225787,3
2315,0.00046587834164018617,0.0007859160524656522,0.0005637646015589397,3
2316,0.00041374618219659607,0.0005144199418275942,0.00036885378436698004,3
2317,0.0006080302712649235,0.0006905590497214169,0.0006895666249227815,3
2318,0.00019558092594918074,0.0005054898360466514,0.0005343212728946825,3
2319,0.0008938324848481316,0.00020841194751465875,0.0008021121889694923,3
2320,0.0005729863598639754,0.0004119640822751668,0.0005551699746250947,3
2321,0.0008870378542880586,0.0009640368323874466,0.0006330248456381555,3
2322,0.00012778833102959953,0.0002563487535214444,0.0007886552732677661,3
2323,0.0009423806593259871,0.0005986619646571922,0.00012152202292805769,3
2324,0.0002858980224877881,3.0310360663122427e-05,9.246822367598994e-05,3
2325,0.0007918305414422718,0.000498024544858656,4.1076318445885666e-05,3
2326,0.0005197424345262292,0.0009492205190448049,0.0009272760292548537,3
2327,0.00024941166485156687,0.000548462174119501,0.000365451168669802,3
2328,0.0003363383999428251,0.0006028227564261004,0.000749998927557741,3
2329,0.00039850136846769635,0.0005602032170886746,0.00011941643080474262,3
2330,2.6381180378468596e-06,0.000366843552120246,0.00047125370820648725,3
2331,0.0007356153253098205,0.0009109227600973281,0.00028311701077525644,3
2332,0.0008177332498088805,0.0008850695219246882,2.6254068424411136e-05,3
2333,0.0006937507344378407,0.0006057850327118453,0.00013548542531111675,3
2334,0.0006595040881556788,1.8115025877532774e-05,7.598810454813543e-05,3
2335,0.0002721975009695068,0.0006710339635020938,0.0008746196996131292,3
2336,0.0005045259209208263,0.0007926390974146344,0.0009135624672709808,3
2337,0.0005326682503759919,0.0007663896671243065,0.00035877005140019737,3
2338,0.0007390156156647029,0.0007507417359142945,0.0007427855688542874,3
2339,0.00010024527895867685,0.0007001588913127391,0.00031272174789826547,3
2340,0.0005189996303218205,7.021559981139424e-05,0.00011757025091350548,3
2341,0.0001731116732834901,0.0006658999172503211,0.00015835323053185337,3
2342,0.0001700360158981481,0.0009701216282215193,0.0005053201558318355,3
2343,5.319816166422797e-05,8.33564244509183e-05,0.0006567535872191984,3
2344,0.0008994949942378439,0.0009927113764611013,0.0007799590540233086,3
2345,0.0006790041401861895,0.0005737473552193422,0.0005741001350549563,3
2346,0.0006604043698929595,0.00035270154604962004,0.00038742512052103195,3
2347,0.00018276555921659465,0.0008330005396568885,0.00014628446108090376,3
2348,0.000413816461048771,0.0007596283240931285,0.00021083142454009375,3
2349,0.0003256251732126535,0.0002688307869307296,0.00058822532029847,3
2350,0.0004845882073011461,0.0005485207051532829,0.000580250828025018,3
2351,0.0007287967253027623,0.0006988813217499307,0.00020817601080172588,3
2352,0.0003601819978294657,0.0004969739006514729,2.391488346308013e-05,3
2353,0.0003144176588626728,0.0007884000322782307,0.0006678199954883896,3
2354,0.00018654604917005624,0.00098679553324609,0.0005812001742734364,3
2355,0.0007243236405307517,1.1588800536176946e-05,0.0006236101027247284,3
2356,0.0008990900359338196,0.0004292305952770773,0.0008747927005210978,3
2357,5.405437652967904e-05,0.00022916345089906199,0.00020960704287208932,3
2358,0.0009422305562716452,0.0001607174148327678,0.0006856137844647299,3
2359,0.0008385743113047365,0.0001359302532061887,0.0009443771480491456,3
2360,0.00021182174727670122,0.0007973845075657591,0.00038539033225147643,3
2361,0.0007997222251831785,0.0008877190056166135,0.0003046940491003455,3
2362,0.0007197243673466944,0.0008792797710550132,0.0007597721309287944,3
2363,0.0003546047362224266,0.000636772786610412,0.000552135854254208,3
2364,0.000732725296922333,4.683423500374351e-05,0.0006576466943770764,3
2365,0.0005563087203963724,0.000785119356876622,0.00043855403253018754,3
2366,0.00043687361812911566,0.00037170871578953203,0.00015714146311724908,3
2367,0.00024430491904308283,0.000822378628916757,0.00020640433592288465,3
2368,2.12110761501364e-05,6.0704518628591496e-06,0.00059918247838537,3
2369,0.0008558213226116973,0.00011754044085251392,0.0006343843854534548,3
2370,0.00034166531732408514,0.0005396718432770926,0.0005617398986950984,3
2371,0.0007924758861670235,0.00011600613180675224,0.0005841315020022059,3
2372,0.0007423914420457871,0.0007903290272297656,0.0009309471500243221,3
2373,0.00026152951902477627,0.00039247831383017493,0.0002355745913034515,3
2374,7.563070346351807e-05,0.0002248671554314049,0.00027671732754472924,3
2375,0.0004464121990782534,0.0007970668987686099,0.0003384282545243379,3
2376,0.00037804179862584744,0.0004393631535281201,0.0008317791198432484,3
2377,0.0008658936783806229,0.0008388556011219734,0.0006037529018903962,3
2378,0.0009434127184869186,0.00040015796077910883,0.00045369781540865084,3
2379,0.0005978757772388021,0.000598313183116493,0.0003161073568247268,3
2380,0.0006650879974993331,0.00023621974259374956,0.00021253739532364337,3
2381,0.0008542253325276325,0.00012110118804650772,0.00015728955122143784,3
2382,0.0008963868111656777,0.0002628487537459844,0.0006823836546465205,3
2383,7.845110072158979e-05,0.00014189320112145587,0.0005921626874891012,3
2384,1.5885480126380024e-05,0.0006475837703459489,0.0009521214157635054,3
2385,0.0008150675778406478,0.0004379182576277578,0.00035706983565679507,3
2386,0.00021880583603601657,0.00034088223456855927,0.00016834169611444893,3
2387,0.00021661364235726655,0.0009496216648100485,0.000548815760462645,3
2388,0.0007097627404176601,5.680987738128374e-05,0.00043009483336571753,3
2389,0.0009583372133884515,0.00044886081897472786,0.00033305122833565573,3
2390,0.0008518038936112714,0.0006897134686865457,2.501867782152434e-05,3
2391,0.00018796547350826266,0.0009729593436361003,0.00015893190821869362,3
2392,0.00019859966025627073,0.00025163811953795114,0.0007561786751212979,3
2393,0.0005457783307088689,3.976380848238403e-05,0.0004996903533118777,3
2394,0.0009883059834483096,5.172355862215106e-05,0.0009819566463086273,3
2395,0.0007183483448973133,0.0009554710152626694,9.642629075794273e-05,3
2396,0.000463997332481497,0.0007889744814509508,0.0007589554712156546,3
2397,0.00046245725321996734,0.0005957569105507987,0.0003415450075133569,3
2398,0.00046106993014214726,0.00021858422098446683,0.0005035326578762965,3
2399,0.0009995110510897447,0.0006965539792752177,0.0001565978216394096,3
2400,0.0003668919396127066,0.0004597163108480168,0.000949532977521388,3
2401,0.0009198285474468134,0.0007472935853279329,0.0003289383356716367,3
2402,0.00021593143166100082,0.00012806084993479305,0.00019172597194452168,3
2403,0.0007168932605529715,0.0004310549584605227,3.6815011313896975e-05,3
2404,0.0008019678883600537,0.0008428708324981753,1.0182045519027905e-05,3
2405,0.0006011568587021051,0.0007345389082086947,0.0005513425694380129,3
2406,0.00023930753003367978,8.474508109616441e-05,0.00045604775670693665,3
2407,0.00012231586451812637,0.0009231840279029744,8.222181735413015e-05,3
2408,3.8744736289781146e-05,0.0008177946187666643,0.0005586568131223464,3
2409,0.00039098573943193403,0.0001713142068980128,0.00011128274548622253,3
2410,0.0002857162507117582,0.00029533287166378096,0.0006594820339840555,3
2411,0.0005718258006854239,0.00021716261936976388,0.0009064975581711902,3
2412,0.0009226487184036736,0.0005285084221631204,0.0005723054205278485,3
2413,0.00030973502497155504,0.000502199536294425,0.0004231877034785517,3
2414,0.0009552142793032302,0.0006081893720491732,1.2051441873197288e-05,3
2415,0.0007904909142073353,0.0005800831486100406,0.0008508483012029664,3
2416,0.00030276320348160467,0.00016926185843254416,0.00036147672055230376,3
2417,0.0005592669679327957,0.0006929549251488226,9.284854704648238e-05,3
2418,0.0007800921013375965,0.00016166970324972375,0.0005062984296727494,3
2419,0.00048129738130852387,0.0003583250517335237,0.0006450773962965879,3
2420,0.0008391521172583988,0.0008354252751627462,0.0009671047666792001,3
2421,0.00032456343105751476,0.00039318588491297324,0.0007013438001166295,3
2422,0.0007113285801766502,7.834419734220178e-05,0.0009037219864370656,3
2423,0.0004952463155849772,3.5456051563570126e-05,0.000487879602988691,3
2424,0.0009523508684057764,0.0006602121591316812,7.362465745982328e-05,3
2425,0.0007003000648841776,6.940545354949491e-05,0.000704864962740277,3
2426,0.00046811464870015186,0.00048458248530634264,0.00025884253617754205,3
2427,0.0006150227816171755,0.0009588529300133287,0.0002836488459875724,3
2428,0.000944078942194008,0.0007557341847928424,2.8939511157875743e-05,3
2429,0.0001455396620287658,0.0002239052696868208,0.00030181919524757797,3
2430,0.0008578426286675417,0.0002786821842404668,0.00037485373171208315,3
2431,2.869388086407243e-05,0.0009831253556149637,0.0004031974091293957,3
2432,0.0004256462715244308,0.0005992741167317262,0.0006234473358246447,3
2433,0.00033226973209392075,0.0009804315291125248,0.0001149347209835726,3
2434,0.000774498889569871,0.0009601347562941731,0.0008870452149724344,3
2435,0.00035700950681952535,0.0006585616500528798,0.0001239849439310411,3
2436,0.0002047885277869479,0.0006671824792926457,0.0004079408875846222,3
2437,0.0007390858637090808,0.000697638360045116,0.0002027215051636224,3
2438,0.0008848708594312853,0.0003097734695928197,0.0004843083574116898,3
2439,0.0004316774494762189,0.0004728101498209325,0.0007672633136877565,3
2440,0.0005464009585080928,3.2738685609083216e-05,5.279933474230869e-05,3
2441,0.00017224186099916693,0.0006006758683748082,0.0002479653400778623,3
2442,0.0004042226073694398,0.00013853152401328383,0.0006820518077405105,3
2443,0.0008235559272493842,0.00039924640255985445,1.7371811468321452e-05,3
2444,0.0006686514188837936,0.0004932288258808195,0.00042094016834888395,3
2445,0.0007160653362195921,0.0008343927033025,0.0001164197025490652,3
2446,0.0003271857698937361,0.00031513501883512494,0.0009708304408271023,3
2447,0.0005720858398760664,0.00010564556824344485,0.0009967787285423595,3
2448,0.0009050334058167661,0.0004601787464234225,0.000515924726562473,3
2449,2.4558034754924796e-05,0.0009623424420321546,0.0007600442894209565,3
2450,0.0005534331341395713,0.0004099522191550605,0.0008662812961758653,3
2451,0.00034781755654829193,0.00021020444586153676,0.0007889905607530453,3
2452,0.000809485457982901,0.00019647422858531116,0.0002982140882002239,3
2453,0.0005685843062349269,0.0006954284934721723,3.606484706557889e-06,3
2454,3.952836474105159e-05,0.0004324792214994364,0.000485414464539325,3
2455,0.0008108825619691131,0.00018492471212149843,0.000496770014719398,3
2456,0.00031742491511108073,0.0009213272128395714,0.0004650266827683988,3
2457,0.0007539257418469549,0.0002117004237924166,0.0003185228938701749,3
2458,0.0005524339399345093,0.0008900880860082608,0.0008802691478834024,3
2459,0.0007666687052262597,0.0007525255361787254,0.00042329491951202403,3
2460,0.0004023072223466373,0.0005682564156836558,0.000163862051593345,3
2461,0.0006660770117685247,0.0009490703266831486,0.000628097070319794,3
2462,0.00032606346715589743,0.0004361275994705936,0.0003093374127156351,3
2463,0.0006827611043647624,0.000373274734440191,0.000855444246073673,3
2464,0.00017258602881398423,0.0002723098461209594,0.000367276374394363,3
2465,0.00022958766698639278,0.0003130192534319842,0.00035426682842951173,3
2466,0.00038802028078601693,0.0002698528820702697,0.00030057520701785243,3
2467,0.00023211268654086537,0.0008295994989098509,0.0007453456549113271,3
2468,0.0006456396904697084,0.00039797193016449664,6.139744317379104e-05,3
2469,0.00020391727699226137,0.0001414987703958842,0.0004712421505700362,3
2470,0.0009418031707573276,0.00016574378793642231,0.0001254465367970482,3
2471,0.0008023477165530282,0.000519106455705439,0.0003649801861835401,3
2472,0.0009855286365476634,0.00013335097372623329,0.0005945728905814042,3
2473,0.0002308764722837413,1.6415228950969695e-05,0.000339269268999009,3
2474,0.0009047925581056962,7.252778524855463e-05,0.00065325997398144,3
2475,0.00042787248706133564,0.0003133348736742155,0.0008859784016193078,3
2476,0.00011803238106200598,0.0004153606037815484,0.00024767573306575896,3
2477,0.0008739529088830504,0.00010519308722256516,0.00047126776084581033,3
2478,0.0006811588434844835,0.00047633958526109165,0.0005104579744785901,3
2479,0.0006089011795642899,0.00043543652009144965,1.5881717465809575e-05,3
2480,0.0006523163197189161,0.00011646432353354997,0.0007907602173235055,3
2481,0.0008907423146733227,0.0006050370711240664,8.079106854926443e-05,3
2482,4.274157929537004e-05,0.000474464341619309,7.293495542425355e-05,3
2483,0.0002928139443820289,0.0003914712001834184,0.00048153018508697855,3
2484,0.000327052453009871,0.0008689814719067488,0.0003973570167957409,3
2485,1.8923742129787204e-05,0.000527344022641733,0.00040822659237782044,3
2486,0.0006470266848279447,0.0005021115812107986,0.0003400014054435704,3
2487,0.00017029271672140513,0.0007898607771817849,0.00017843250806298628,3
2488,0.0004729945820483006,0.0009790633893238204,0.000918584317249079,3
2489,0.0005571109263935117,0.0003810923903143313,0.0009036421721683131,3
2490,0.000892128215488059,0.000922587711316074,0.00033089267270697764,3
2491,0.0007036871368264694,0.00031767586889103726,0.000287269601117878,3
2492,0.0009532550821223296,0.000590973450190446,0.00024834983837676263,3
2493,0.0008024077840037284,0.0008808257538548202,0.0002395999800487184,3
2494,0.00025597190303846905,0.00013516196108933766,0.0008610429599492039,3
2495,0.0006829152366337097,0.000992393970783093,0.00014931072754933417,3
2496,0.0009906942684816391,0.00019884193711472464,0.0006592426246079731,3
2497,8.762806280800062e-06,3.8199301323245785e-05,0.0005209048509994776,3
2498,0.0007559608070911611,0.00043226735257982977,0.00016877056142176804,3
2499,0.00013321306643725994,1.096429753392747e-05,0.0007718194789875476,3
2500,0.0006816445069583396,0.0004529704749438092,0.0008040019131477339,3
2501,0.00024062793941745063,0.0006470987792487714,0.0009593170335210745,3
2502,0.0007495665022010982,0.0003726685995659309,0.00019703553535133244,3
2503,0.0009287807084476065,0.0007687081170231718,0.00028073513066428647,3
2504,0.00037844122527323586,0.0009146323718173995,0.00011732437394852569,3
2505,0.0006423264098159259,0.0006431090528927333,0.0004833198150083303,3
2506,0.00030621920109309843,0.00047158350254402313,0.0002114607983706791,3
2507,0.00037829996489814865,0.0005814550986729535,0.000416897119825154,3
2508,0.00023811669282936633,0.0009281712299848498,4.722131807764285e-05,3
2509,0.00033904403439130305,0.0006118630190279689,0.0008732582009677736,3
2510,0.000304919063934347,0.0005909536820373462,0.0001621103459084895,3
2511,0.0003354076604397339,0.000604539349976027,0.0002977671405951885,3
2512,0.0006439144734943522,0.0009191920412579724,0.0009197253123851835,3
2513,0.000468234002099894,0.0004973240983251285,0.0006796927103656987,3
2514,0.0006669281561208679,0.00039542691179218493,1.8839823519313682e-05,3
2515,0.00019215905559991832,0.0009773169616497936,0.0001624509255323673,3
2516,0.0005203635185123856,0.0007878548141482388,5.0370701154890394e-05,3
2517,7.526291840451105e-05,0.0009554397057538671,0.0006346902688393274,3
2518,7.96246481381352e-05,0.0003342677766928812,0.0003138961059963423,3
2519,0.0005157457395606492,0.0008098507343454928,3.3364736919797576e-06,3
2520,0.0004778155700078145,0.00040937183081721527,0.0006829511572209986,3
2521,0.0006195938362144309,0.0005855318402091855,0.0006015102953371684,3
2522,0.00048756282653568183,6.1973440549958345e-06,0.0004271417301052678,3
2523,0.00044075234326365777,0.0007688141514089449,0.0004439649272397284,3
2524,0.0005461989134330306,0.00037082058489764904,2.9478009716277453e-05,3
2525,0.0004848047335014887,0.0004969349933682705,0.00031600653354074405,3
2526,0.0006915235291607947,0.0002843999784780836,0.0005090203136720182,3
2527,0.00025858628452350685,0.0006653140911036078,0.0009580867480543934,3
2528,0.0009021429601682409,0.0005710232464340319,0.0005849093006618229,3
2529,0.0003144071824304664,0.0008662165467128194,0.0008978011503906157,3
2530,0.0005787014900239333,0.0006696581748448924,0.0004918357992575046,3
2531,0.0008592755582127492,0.0007995174459560224,0.000778557792235684,3
2532,0.0001230466369369917,2.167566663563758e-05,0.00065812403849021,3
2533,0.0004959532138827902,0.0007720356472904336,0.0007228925869585798,3
2534,0.0002899313089974995,3.849885467281744e-05,0.00011485049056167673,3
2535,0.0004817222045743078,0.0004177515742931467,0.0007102453234973835,3
2536,0.0007619655776655511,0.0008152244021007328,0.00028210444775203335,3
2537,0.0008923924100686283,0.0007382465150823871,0.0005905984024919233,3
2538,0.0001720522893308346,8.286911193059143e-05,0.00016874070677602073,3
2539,0.0001260566710836063,0.0009488433236010931,0.00029993274981440424,3
2540,0.00023086810069843688,0.0008935510929356633,0.0004275353776156472,3
2541,0.0007821926814282977,0.0002905725325103161,0.00037898271450110654,3
2542,1.1581586606057904e-05,0.00046357853991691556,0.00014543187623298226,3
2543,0.0005120942727936499,0.00020778721932870515,0.0004553030006252387,3
2544,0.0005370106412080178,0.00011489009445636522,0.0004088715459288097,3
2545,5.973451185710022e-05,0.0006694485669174982,1.9560224784684443e-05,3
2546,0.00019606150359717766,6.08724435218454e-05,0.0007654457651228478,3
2547,0.0002443606087925505,0.00026490374934820847,0.00023196275599499973,3
2548,7.186477939740266e-05,0.0009369183116860424,0.00020011856263316532,3
2549,6.916242886517154e-06,0.0002788794097783909,0.000735552610140115,3
2550,0.0004129152482392663,0.0006977116972673433,0.00048639733671686073,3
2551,0.0008005280623388314,0.0007688313666108607,3.9663084903248545e-05,3
2552,0.0004047259747968687,0.0005163919809300758,0.0005592909187380356,3
2553,0.0006237084564845173,0.0002823834373601856,0.0003075608039088702,3
2554,0.0006270819249052316,0.00023009324923350095,0.0005665325672280074,3
2555,0.0006225549440062516,0.0007387625584335858,0.00018680003409256386,3
2556,0.0006654644615480929,0.0008237654113429616,0.00018581144729479016,3
2557,0.0007714214924737398,0.0009964127976808943,0.00011729761143804285,3
2558,0.0003045441239030636,0.0005104660146577256,0.0007503354971542521,3
2559,0.00013054783183464536,0.00021781945268995495,0.0006617680391748752,3
2560,0.0006665326765996356,0.00016807865662147347,0.000637598714580584,3
2561,0.00034855791921859923,0.0009448923129689034,0.0006045304119713092,3
2562,0.00042014995943081255,3.0958738325363444e-05,0.0009685509796611727,3
2563,0.00013138480116485862,0.0009912767589067694,0.0006642906294475082,3
2564,0.0009635270753015267,0.00011916568852964016,0.0002942292257906507,3
2565,0.00039581437551513047,0.0003007202901947812,0.0006331308035086997,3
2566,0.00037943574770886337,0.00039378268514332604,0.0007750188252354198,3
2567,0.0003636875397247004,0.0007114688511846552,9.814976331339421e-05,3
2568,0.0005791642812728714,0.0005996898314112759,2.1446368948205064e-05,3
2569,0.000942416802690829,0.0008355030132200485,0.0005324032210615205,3
2570,0.0009546015574816962,0.0001191428826601606,0.0007850888124942345,3
2571,0.00039898726984434143,0.00043270981467868707,0.0008112535834984803,3
2572,0.00048526933783884195,0.0007928273385019273,0.00019621057333899517,3
2573,0.0008731114872036519,4.919287891383284e-05,0.00022041140753008515,3
2574,0.00016809230928562524,0.0009892719778394148,0.0008059138571781183,3
2575,0.0001566713755908501,4.8762386498759306e-05,0.000251418227634624,3
2576,0.0003855737297072357,0.0003926237154644311,0.000433864676350319,3
2577,0.0001747503838979112,0.0006195722981208593,5.914974478818158e-05,3
2578,0.00020349925204297004,0.00044911140408374073,0.00041035521624765536,3
2579,0.0008263990502443467,0.0003436112247445561,0.0008163638249576606,3
2580,0.0002846899846412342,0.0005889619511828822,0.0004887621221455885,3
2581,3.7131275919233046e-05,0.0003546405764517843,0.0009564965866065328,3
2582,0.0007654787125287488,0.0001703792488679975,0.0005216506063616676,3
2583,0.0007316302752711922,0.0007894132906942114,0.0007107243092399335,3
2584,3.434082967134977e-05,0.0009081117835453454,0.00018051569662928712,3
2585,0.0008949832785680241,0.00025923936993838036,0.0005622572192257925,3
2586,0.00011884289232751822,0.000918408537735718,0.0008442976294917817,3
2587,0.0006188211490551368,0.00020659970143929564,0.0006107835836601738,3
2588,0.00021272655730945555,0.00027282042527978226,0.0006070201711676985,3
2589,0.0008015871487185035,0.000627521908185246,0.0005916809374067024,3
2590,0.0005552764319562962,0.0009668994643906512,0.0005867187562751125,3
2591,5.638746648252146e-06,0.000474408080435057,0.0004101903078851302,3
2592,0.0007543227655659412,0.0009004384384704517,0.000501020042132601,3
2593,0.0004988988672884571,2.4739099847865488e-05,0.000975704328256426,3
2594,0.00013767812156619918,0.0006519518103219914,0.0003364026435610482,3
2595,0.0003725628289034333,0.0005407448109292923,0.0009061645728950591,3
2596,0.00014642407231882249,0.0008662567255359703,7.656373545868045e-05,3
2597,0.0002567845752336636,0.0007687254026867328,0.0007076711052723348,3
2598,0.0007652110114741475,0.0008119493568947276,1.7716808740872114e-05,3
2599,0.0009865946643805273,0.0007155865430249051,0.0009786984682126434,3
2600,0.00016120676651833353,0.0007633980306975854,0.000698738981483215,3
2601,0.0006430693603572817,0.00029801502081591117,0.0006099167517002958,3
2602,0.00011346548093004794,0.00047970935537954365,0.0004349445310718719,3
2603,0.0004027710967440493,0.0005594932771612467,0.0006474678666140005,3
2604,0.00045612163784839154,0.0009273710077453664,0.00035006895373280246,3
2605,0.0007277439167409196,0.00024756480594322327,0.0003890282869174131,3
2606,0.0005928748502237632,0.0005615756116800081,0.000996261735617979,3
2607,0.0009178296069163451,0.0009384305446481474,0.0007322535061596214,3
2608,0.0004209021478748964,0.0006606934692374909,7.301329876242746e-05,3
2609,0.0004677112561878862,2.3763491786920167e-05,0.0009495291585705571,3
2610,1.925157058898619e-06,0.00011023326299847658,0.00030826897299109356,3
2611,3.733738168703416e-05,2.1407586826542424e-05,0.00040380762028353515,3
2612,0.000617366919154769,0.0004071569883006251,0.0003796911351239758,3
2613,0.0009603425520387319,0.0001069943356520876,0.0008524806156169788,3
2614,0.0008062086147199825,0.0006361177080325637,0.0008434951152657405,3
2615,0.00010471163735365929,0.0009278919074495638,0.0009487741301745598,3
2616,0.0008659463961564921,0.0006604320678682604,0.0008008940356873635,3
2617,0.00026477403526094944,0.00043390795207425036,0.00020353926239559029,3
2618,0.0007289696869351906,0.00028309069778995445,0.0008133295621212913,3
2619,0.0002195125548771063,0.00022129720998338988,0.0004035688454043868,3
2620,0.0004394517547093129,0.0008647774883709338,0.000910687894730027,3
2621,9.8672281053111e-05,0.00047141877656726604,0.00037893266340875286,3
2622,0.0009285794067902934,0.0008792478417498402,9.116843810230246e-05,3
2623,1.2076618482846357e-05,0.00044175996829556397,0.0008045377748276106,3
2624,0.0006172001211223044,0.0007698624569559407,7.770608246275412e-05,3
2625,0.000719811985743759,3.227194009627488e-05,0.00018869169606718084,3
2626,7.477309390579446e-05,0.0007290192376773387,0.0002580043095681349,3
2627,0.0008767543145678314,4.133213128203817e-05,0.0007712980593812563,3
2628,1.5933663718152082e-05,0.0001445825704611744,0.0008459158474968903,3
2629,0.0008016446699387416,0.00039381135616378503,0.0006637881276140037,3
2630,0.0008261419232028693,0.00029936973750548123,0.000255186796298541,3
2631,0.0008330684222192557,0.0004702797546110672,0.0003467040025740964,3
2632,0.00019467985079186468,0.0008135670438733765,0.0006959694743679046,3
2633,0.0003380314426353786,0.00030591198845528265,0.000727560926780966,3
2634,0.00017790108003350435,0.0008152697784421694,0.00013623954354551892,3
2635,0.0005939098101789464,0.00031112466709809337,2.901934663708783e-05,3
2636,0.00023797715308041036,1.3010330513889113e-05,5.22822418542338e-05,3
2637,0.00029251453567938633,0.0005746776936171236,0.0003486382310813645,3
2638,0.0008567448699361475,0.00036134421449969236,0.0008470232117439002,3
2639,0.0003586831101536816,0.00026320262710724176,0.0008417122198065239,3
2640,0.0003949647089114912,0.0002924364431501252,0.0008550720775488644,3
2641,0.0009287151341918806,0.00031815661376612706,0.0007313101866655195,3
2642,0.0005804062313604662,0.000494283134017698,0.0007258977316987169,3
2643,0.000894418709079154,0.0005784594398307751,0.0005612381409887149,3
2644,0.00017021781996577178,0.00013928940324055007,0.0002020665080994738,3
2645,0.00016039874920650921,0.00010923528931805182,0.00026053679129513154,3
2646,0.0008507083545349038,0.0008251105652597162,8.627035393518223e-05,3
2647,0.0005608176129064472,0.000906246382861434,0.0003002542861819938,3
2648,0.0009192085268726385,0.0005755533999552419,0.0006848713536757067,3
2649,0.00018256034766876472,0.00021066776235747353,0.0007395692908879193,3
2650,0.0005321096683704019,0.0005925850313662209,0.00036174358374472924,3
2651,0.0001036596365755883,0.0009500887358824881,0.00035525625321187516,3
2652,0.0007795794342243899,0.0009431885647396711,0.0006463408415991477,3
2653,0.0007929523655380412,0.00019036182016358294,0.0005686672871994689,3
2654,0.0003493095907286028,9.947751611992773e-05,0.00028260961179021014,3
2655,2.000183414968848e-05,9.995519225463101e-05,0.00021259615523709185,3
2656,0.0008864844958902006,0.0008252761026538922,0.000547368379201929,3
2657,0.0003591994560682178,0.000931750210749096,0.0005214195933688061,3
2658,0.000804397237396605,0.00068351538185365,0.0007771482374673449,3
2659,0.0004357783284446234,0.0007829415926509221,0.0008801611012402085,3
2660,0.0005897600637941097,0.0004658811815494628,0.0008619144582336602,3
2661,0.0004247579906551773,0.000998452917987658,0.00010599554203473027,3
2662,0.0002326129754422275,0.0009572203938043168,0.0007058677549452121,3
2663,0.000563332177669976,0.0007398266481342997,0.00036929751873917297,3
2664,0.0009567175693659018,0.0006480687083840358,0.00032144768406951543,3
2665,0.0005234107881187075,0.0006782468433448467,0.0005774388490960313,3
2666,0.0005897109619002357,0.0004753657578053405,0.0008430364957887597,3
2667,0.0008893208582493637,0.0009644177847628673,0.0007425759780187402,3
2668,0.00062803955899787,0.000186764724616863,0.00044419285128710265,3
2669,0.0005617966243889091,0.0009043882154177054,0.00018371520499757166,3
2670,0.0002621403870758318,0.0009052732198704542,0.0007405841840560582,3
2671,0.00042822312983274604,6.340027093122424e-05,0.0006308636358637021,3
2672,0.0006293461151089324,0.0008663858199836484,0.0005122147309951264,3
2673,0.00046542449494944507,7.377266254041292e-05,0.00028059000139253864,3
2674,0.0005933066304094618,0.0005729483653936288,0.0005425724946305566,3
2675,0.0006788597667936476,8.362137177869156e-05,0.0006270523820606443,3
2676,0.00013963983542214232,0.0009439886781654795,5.537607863938898e-05,3
2677,0.0007744425278433428,0.00022296794886934835,0.00041395314942491103,3
2678,0.0007724918730013641,0.0007786623768221649,0.00018891021280453734,3
2679,0.0006969360743601914,0.0008738322791209673,0.0004402163502787341,3
2680,3.3128541599097396e-05,0.0004531424600227664,0.000166919502816543,3
2681,0.00013114349369280453,0.0008368674343303339,0.0006158328153411793,3
2682,6.0284395717005836e-05,0.000955792541127738,0.0008919905117455707,3
2683,0.00010704300883316609,0.0008998214956378501,0.0007280620292061795,3
2684,0.0004872604386997006,0.000577245849687214,0.0001517741881064467,3
2685,0.0009346668510984755,9.140762449990203e-05,0.0006672979639255139,3
2686,9.43890095675164e-05,0.0009342667754540909,0.0007650708065377529,3
2687,0.0003065318016564842,0.0006906843072555681,0.0006576893287295197,3
2688,0.0002524685435688301,0.0006021580755342169,8.790663488769035e-05,3
2689,2.800322017559864e-07,0.0001320104553113215,0.00032306389449466964,3
2690,0.0006081782315580155,0.000596152859338075,0.0004858784645035662,3
2691,0.0004167510016052989,0.0007533901133420718,0.0006321875826515593,3
2692,0.00035278765001445103,0.0006609516751275498,0.00016744848699023373,3
2693,0.0009841724076734503,0.0006581297935218586,0.00023799699139934405,3
2694,0.0007735675941879754,0.0009642417178430145,0.0006821533276569868,3
2695,0.0007852449493569051,0.000315974694901499,0.0003020392096961986,3
2696,0.000552656218927827,0.0006140535705165801,0.0007324498070774525,3
2697,0.00012445440052266955,0.0005886734328102167,1.4331621671712647e-06,3
2698,0.0005693556206683398,0.000890598188274824,0.000871448500958735,3
2699,9.589306586038793e-05,0.00035693264775919466,0.00047097840834250514,3
2700,0.00035743416969316236,5.521966811437118e-05,0.00045829470081683733,3
2701,0.0003208853589411873,0.0005503071257130619,0.0002952547374018444,3
2702,0.0008376338354638705,0.0009415088362987407,0.00048805120918741764,3
2703,0.00038860727316422064,0.00019798630744237268,0.0006323445915139493,3
2704,0.0008618226113692398,0.0002976887330405077,0.0005482866216271693,3
2705,0.0006547681659867311,0.00047090078518276045,0.0004957049090779176,3
2706,0.0005540023907398909,0.00033115070772593894,3.669842556099556e-05,3
2707,0.0009845506285975755,0.0003759688929332843,0.0004867637478710577,3
2708,0.0005009631933493004,0.000587635846235241,0.0008881567978619761,3
2709,0.000897827349454753,0.0008765659083391848,0.0002249575001662031,3
2710,0.0004211102905786678,0.0006173226052881638,0.00021601060893399826,3
2711,7.406646769663761e-05,0.00019895714993489223,0.0003360655148494755,3
2712,0.00011518449656233532,0.0009908954050803322,0.000720702777309242,3
2713,0.00048138543164617076,0.0007721908249304825,0.0007483970161232964,3
2714,0.00010785873794269619,0.0008610653925512097,0.0004761309346268057,3
2715,0.0005840082126493651,0.000676243758635251,0.000930611220336985,3
2716,0.0003038820999039691,0.000268945542478513,0.0003735826776465516,3
2717,0.0006788990600795147,2.2216019353806794e-05,0.0008382699978496493,3
2718,0.00047613511930654694,0.0005306663475081982,0.0009230746268501807,3
2719,0.00021119062936048605,0.00019801687014107318,1.3001369120927642e-05,3
2720,0.0008319978281069089,0.00018997037421027873,0.0008558515915029182,3
2721,0.0007290744071730226,0.0008761161735962465,0.0004975104468417945,3
2722,0.0001181205578946709,5.5766244460280335e-05,0.00011335837571926465,3
2723,0.0007080732337423597,0.00031923153692253693,0.00036372788032868196,3
2724,2.632784738496563e-05,0.000247822655882903,0.00020460212880897633,3
2725,5.641154850998919e-06,0.0002936633248228968,0.0005510577550735924,3
2726,0.0007202537147106959,0.0005850237269927515,0.0009908704571541683,3
2727,0.0008949588411999105,2.3658426219839824e-05,0.00046004706101676217,3
2728,0.0003700107262729681,0.0007976874557277006,0.00033354924591280167,3
2729,0.0006330974856045686,0.0002363883146436443,8.156522784546661e-05,3
2730,0.0009375418589862666,1.069377440202135e-05,0.0008370393708768094,3
2731,0.00046583922918618024,0.0003752612194272249,0.0009475672374388614,3
2732,0.0003125753962967622,0.0007782361605199343,3.959501558930067e-05,3
2733,0.0008025778291040201,0.00023158721377065328,0.000661561673184258,3
2734,0.00025835681093469386,0.0005017497435203717,0.0009688604027800927,3
2735,0.000357818382139508,0.0008548337928554832,9.18968612662031e-05,3
2736,0.0005699484986219882,0.0008042723488160289,0.0009483669577839908,3
2737,0.00025448914881361285,6.65489552325571e-05,0.0001536886271518375,3
2738,0.0006611877423226095,0.0008660709289979021,0.000922551930631489,3
2739,0.00026105489733493746,0.0005647929066275279,8.11260547300734e-05,3
2740,0.00011755449818002063,0.0005756712211393134,0.0002008314896973381,3
2741,0.0009599345648290968,0.0006615535739679855,0.0002447337952387604,3
2742,0.00027939662139565727,0.00016131150599582388,0.0006812409382967265,3
2743,0.00016896523561044986,0.00034446224644790714,0.00041971998138754787,3
2744,0.00035304904990364185,0.00023110031744737815,9.545333570645409e-05,3
2745,0.0006114818629934133,0.000472846471729235,0.0007174715402274339,3
2746,4.939485947904265e-05,0.0009722076648675491,0.0009438656033514032,3
2747,0.0007007513085676592,0.00032491283998414833,0.0002623247625285892,3
2748,0.0008345225548733685,0.000848863820801018,0.0004368122209733568,3
2749,0.0006848160151511749,0.00021835933170985357,0.0003036540924261026,3
2750,0.00046470679439661143,0.0003180038902400741,0.0005891286153178383,3
2751,0.0003107148341092022,0.0008736187971358361,0.00048456380520815214,3
2752,0.0007160561867585777,0.0004149146215276185,5.2032944404250325e-05,3
2753,0.0008208003681892484,0.0008234643875319574,0.0009027033339279083,3
2754,0.0005557358997331653,0.0003777727626719758,0.0008643263144465165,3
2755,0.00015142267321471026,1.6795014241432704e-05,0.0007958266886136094,3
2756,0.000812178170556879,0.00038713243563686387,7.762236973147862e-05,3
2757,0.0007591072821967911,0.0004842316378311073,7.580758095255002e-05,3
2758,0.00014346961634689726,0.0009803636258110063,0.00012639544815783087,3
2759,0.0004787234092174465,0.0004442250356299166,0.0007693782249451872,3
2760,0.0007195420816456914,0.0002504512748601191,0.00033437157854876567,3
2761,0.0005791937613889947,0.0008007132047941244,0.0006585976931739153,3
2762,0.0004450172374871252,0.0008251488131456423,0.00011457437916737845,3
2763,0.0009469986658707575,0.0007876754121696321,5.3430904616115436e-05,3
2764,0.0003691429311055721,0.00023305616549539298,0.0005440991593641368,3
2765,0.00015311895868270786,0.0008443168263653293,0.0006304651583671565,3
2766,0.0005264793661912,0.00044967967951247843,0.0008161914390756893,3
2767,0.0006960127378299212,0.00026478301995748054,0.0009393355248362199,3
2768,0.0002881256855862666,0.0005707586912841863,0.0008695819261511415,3
2769,0.00046278531151119765,0.000953445954542034,0.0009888792902932847,3
2770,0.0006989957991969422,0.0008262896679703279,0.0008728524422450534,3
2771,0.0003998791593938604,0.0004161771135804392,8.486025712935997e-05,3
2772,2.5490954998619865e-05,5.730203280668156e-05,0.0009067550249002574,3
2773,3.299365200052251e-06,0.0005723298701900028,0.0009068220658169283,3
2774,0.00041254335368654904,0.0007105416342853976,0.00034363704820984886,3
2775,0.0008402627733254109,0.0006120941281062075,1.1052108326965017e-05,3
2776,0.0005188118899265816,0.0007698530897597836,0.0006366685920700505,3
2777,0.00021707891819136005,0.0008399972092049519,0.0005677309053693018,3
2778,0.0003461355212959445,0.00078262238209025,0.000896513798384966,3
2779,0.0001792716749718859,9.245893509978709e-05,0.0004954904326676271,3
2780,1.879487095655552e-05,0.0009352672758998447,0.0007644953484587429,3
2781,0.00018781829268790361,0.000186289094358558,0.00086636901322658,3
2782,0.0006197561660846826,0.0005023331854771622,3.03773267891746e-05,3
2783,1.4473411286723969e-05,0.000546864220226077,0.0008065027217959838,3
2784,0.0006630968895220211,0.00011571842177200742,0.00037190613344533673,3
2785,5.218359211756219e-05,0.0005985366189973238,0.00015804394041441782,3
2786,0.0002070699716445409,0.0007156339280832817,0.0006051762097315764,3
2787,0.0006733247102929564,0.00014899737620338084,0.0002642696285918642,3
2788,0.0006212592716525925,0.0003997495631970357,0.00011367140706568102,3
2789,0.00041724487368386375,0.0008786940399548163,0.0008583609813948175,3
2790,0.000715060790775512,0.0009932658493561409,0.0005431231242020914,3
2791,0.0005410062623047216,0.0009728893190418864,0.0006025601693158835,3
2792,0.00092280912926392,0.0005270214486539252,0.0003302277565241696,3
2793,0.0004182251641327194,0.00014184923870192757,0.0005996482512876327,3
2794,1.242048786992167e-05,5.430780443335592e-05,0.00047725336137496323,3
2795,0.0003568396558460718,0.0003683031582022746,0.0007464004191586627,3
2796,4.423282497603653e-05,0.00011952659122186837,0.0006109371898181091,3
2797,0.0009348130487532283,0.00024303137031995005,0.00010042290541091837,3
2798,0.0007273710567766171,0.00015877636370414662,0.0006716717304505057,3
2799,0.0002583970989893674,0.00021805281031877,0.0005883233881716403,3
2800,0.0005839794135053714,0.00011030790711682248,0.00035193271625482634,3
2801,0.0004460499791046676,0.0007291521320795955,7.680945788028426e-05,3
2802,0.0009853568858567612,0.0007925181847556946,0.0007883117504978868,3
2803,0.0002658455157655697,0.00036337943796789,0.000663793598687342,3
2804,0.0007983344222256068,0.00013141777626133445,0.0005633095106977512,3
2805,0.0006409080778521099,0.00043375920457916397,0.0007430078441233537,3
2806,0.00023401892383698443,0.0004941117511744926,3.1378087474744465e-05,3
2807,0.0006305009325784819,0.00015598817975546697,0.0003309141334797244,3
2808,0.0009597541316555496,0.00016888213737334068,9.252324634493992e-06,3
2809,0.000996175485078629,0.00014065720311311124,0.0007583126317992017,3
2810,0.000996063058045255,0.0006250853400856896,0.0006227915752692256,3
2811,0.000584195240140589,0.0006789457194212783,0.0004165044924796212,3
2812,0.0001736738081680964,0.000952224072867175,0.00022315509800550272,3
2813,8.482484155922666e-05,0.00013640431822190737,0.0005774340995818884,3
2814,0.0009309322948604272,0.00045662892352538853,0.0009847786008572248,3
2815,0.00027703480810292914,0.0009848728896690866,0.0009583647306002205,3
2816,0.0005763494315776799,0.0002468544243922882,0.0009938985676725455,3
2817,0.0008888138164473047,0.00042173948903932837,0.000980826945715044,3
2818,0.000841644993588308,2.384341992110317e-05,0.0009022683736045763,3
2819,0.0009402721727609144,0.00045051050949619756,0.0009176892712050528,3
2820,0.0004353135543590361,0.0005093996729379225,0.000915832648425185,3
2821,0.000226571791615487,0.000516695665839148,0.0003817526575367076,3
2822,0.00041246842255581394,0.00011261088325838919,0.0007784266752395426,3
2823,0.00025034687590703373,0.0008266284016677489,6.256524763836646e-05,3
2824,0.0001243448813111332,0.00046351926969556744,0.0005205735679377023,3
2825,0.00034313608733090473,0.0006753406955108489,0.0006858335068967412,3
2826,0.0005035964047609538,9.433906161258609e-05,0.00018149939665712845,3
2827,0.0007573664504077934,0.0005571091888029809,0.0002476944745168652,3
2828,0.0002145242550425691,0.00014256862410149697,4.898712227062085e-05,3
2829,0.0005170858345766023,0.00010240343297320654,0.0005951070940198582,3
2830,0.000576772645641068,0.00032304643805585234,0.0004119023120196074,3
2831,0.00047908017877802814,0.00028465092028432103,0.0008462992466796296,3
2832,0.0002373263751160014,0.00045700429401483256,0.0006208865993713737,3
2833,0.0002937453239293304,0.0005120468899005705,3.273699054245949e-05,3
2834,0.000778142414163455,0.0005902887404153126,0.0007895216543211913,3
2835,0.00036538113913625494,0.00025619761328532286,0.000611762552272414,3
2836,0.0008381183807023278,0.0009378003843365552,0.0005985752207511189,3
2837,0.0007077934509501237,0.0009111985411843941,0.000588524465877227,3
2838,0.0005769723686552393,0.0006775164785388901,0.0001500438110521708,3
2839,0.0003090581886763096,0.0003310144242199605,0.0008694984686556884,3
2840,0.0005469110968131508,0.00030654048082547704,0.00021170965618060112,3
2841,0.0002679187156838895,0.0005271630414687784,0.0002927112171862443,3
2842,0.00016566999556392727,0.0005137145331085568,0.00010740030618075358,3
2843,0.0001693257218855544,3.8618017925903914e-05,0.0009396156976822017,3
2844,0.00044264928586616704,1.762496677062686e-05,0.0009279316858551889,3
2845,0.0004918356724926405,3.910091248262815e-05,0.0009182021505672297,3
2846,0.0007608441474760007,0.0009460281011090771,0.0008402730265887859,3
2847,0.00033003405708686897,0.000931294056081867,0.00045011181980069684,3
2848,0.0009766754209810716,0.0005155117741213825,0.0003045270226732488,3
2849,0.00013975378561846696,0.00014466567577707813,0.00045134383055538276,3
2850,8.423443643298079e-05,0.000589887641841711,0.00019888612953192997,3
2851,0.0007125821790017359,0.00020740281046904453,0.0002459523105735657,3
2852,6.0530440582427405e-05,0.00045336445901403944,0.0005349758598739136,3
2853,0.0009655752210024562,0.0005848677055717999,0.00043898941188191663,3
2854,0.00040799747795554353,0.0009168665404406786,0.0008154105768051056,3
2855,7.752338783896817e-05,0.0004484738239820779,0.00011238466838217675,3
2856,0.00046020928542115757,0.00015405135327252863,0.0004575733468794743,3
2857,0.0007645308119634147,0.0005781268330783659,0.0006980019273988815,3
2858,0.00029613846988760375,0.0007825085466180384,0.0008452824942442983,3
2859,0.00039496080229258667,0.0005264685951124022,0.0005810447455536965,3
2860,0.00014835022391189635,0.000869844863818445,0.00044881062308601964,3
2861,1.3598276144377809e-05,2.9399991777658176e-05,0.0006659073019394069,3
2862,0.0006342697853944656,0.0008127530875590733,7.034875549255637e-06,3
2863,0.0007459067049516165,0.000822666149737482,0.0005294979711735196,3
2864,0.0003600216571363889,0.00017712154268948054,0.0002788751268935297,3
2865,0.00010425893848971312,7.566389052660383e-06,2.4581138698802742e-05,3
2866,0.0003418296424384202,0.0002456852546545154,0.0002852024374411091,3
2867,9.161185787111914e-05,0.000607894185735052,0.0005964891364675382,3
2868,0.00019530831925274872,0.0009275343397132218,0.0008067874608620675,3
2869,0.0006200667999692267,0.0008632951541238637,0.0004947442971127308,3
2870,0.0002924399171331119,0.0006496178344671561,0.0005630386056697997,3
2871,0.000490571476318386,0.0009924743111037607,0.0003112229880013956,3
2872,0.0009879090136536307,0.0009027894043891078,0.00038845602538062465,3
2873,0.00038512014245370505,0.00016725240736036628,0.0007216604030300111,3
2874,0.0005908399821208127,0.0007879784183327813,0.0002833893958303375,3
2875,0.00037153273356890673,0.0008784218397863136,0.00018757637436592734,3
2876,0.0002615829212633968,4.5969057736689026e-05,0.000950973790617951,3
2877,0.00012337015797595508,0.0004651751590275132,8.033153001127258e-05,3
2878,0.0005516205852434427,0.000902406732956542,0.0007766427379577311,3
2879,7.681619380629945e-06,0.0003956690202342499,5.71428731115009e-05,3
2880,0.00012948266568587263,0.0009026212432672675,0.00045998750500611096,3
2881,0.0008372962102577853,0.0007815011813588528,0.0001415456125412763,3
2882,0.00017361290373490358,0.0008890851377094365,0.0001327947503599096,3
2883,0.0009754368388678629,0.00017814481306640718,0.0001441736981692756,3
2884,0.0004941755629999065,0.0005120297648596128,7.349413519958959e-05,3
2885,0.0005998373738662681,0.000851110734242185,0.000590403679777039,3
2886,0.00016532858160221532,0.000282965850620554,0.00021219850287880316,3
2887,0.0005145863158331673,0.00017968404241997405,0.00028890841406180957,3
2888,0.000716288129620422,0.0004774663064789203,4.871713350871709e-05,3
2889,0.0005230024739915116,0.00043702448277017816,0.0006954688109313348,3
2890,0.0001066298255355882,0.0005687516658771408,0.00013292498436350743,3
2891,0.00037186684567760845,0.0007617480462114567,0.0007010985362161737,3
2892,0.0007036688385837517,0.00037363384652389575,0.0009326897546090541,3
2893,0.0005693693526947476,0.0007800368375430478,0.00044574053601452836,3
2894,0.0003122719393053878,0.0006806673586824008,0.0006468130532534882,3
2895,0.00041301480693838256,0.0006639927687122245,0.00043818331034225176,3
2896,0.0002835195822047214,0.000831292730087499,1.2105305821615509e-05,3
2897,0.00044674701971830343,1.0633098886505766e-05,0.0008515400307637963,3
2898,0.0008607701070348597,0.0001772765654807167,0.00038401679359907436,3
2899,0.0007078354713274328,0.000852682418054429,0.0004020578547010186,3
