id,x,y,z,type
0,0.0006007899848530028,0.000687275849265858,0.00023623482092456784,0
1,0.00059867430136515,0.0007957790271053215,0.0009905390762590621,0
2,0.0007912859801411839,6.730331785967913e-05,0.000463404038342512,0
3,0.00014181286583736164,0.0005865507427416929,0.000684391633883256,0
4,0.0005317636365467614,0.00010618001081259654,0.0005761626140419569,0
5,0.0001162967318567052,0.0007400230835471239,0.0006459829852400075,0
6,0.0002293546927995348,0.000597239391085419,3.137459225336514e-05,0
7,0.00021153826330310167,0.0008894307079556157,0.00014749321008955863,0
8,0.0005456910543276455,0.0006595733979357615,0.0002720800830526261,0
9,0.00018234163402772296,0.0003004534137466556,0.0008796535788030847,0
10,0.0005236510064162177,0.0004902845747514295,0.00029726993408441595,0
11,0.0007289471972407455,0.0005230766418191516,0.0006075412927432043,0
12,0.00047947127024510226,0.0003883178980752299,0.0001978300745888253,0
13,0.00016512636753931875,0.0004826862718831826,0.00021822490241729797,0
14,0.000675310360108489,0.0008832113646565285,0.0009764582593395817,0
15,0.0006619817423394805,0.0002571763057416673,0.00020419581216897832,0
16,7.762417192002347e-05,0.0005036954421458895,0.0008453848167381526,0
17,0.000875941980237375,0.0006460001489633339,0.0008002641430799258,0
18,0.0003685227469877557,0.0007952858545193852,0.0006085688778742943,0
19,0.0006990590827635935,0.000400736775694208,0.00014999375849534746,0
20,0.00027063439639753937,0.0006191346583676484,0.0003442806508718894,0
21,0.00017977364450806054,0.0006855392808961362,0.0005805348822781995,0
22,0.000686893720238102,0.00014748226324280832,0.00021894603369795317,0
23,0.0007261535424096308,0.0005263798736730699,0.0007517044855825233,0
24,0.00040408924309911923,0.000342518784895858,0.00012210830378519755,0
25,0.0004139412778715852,0.0004002121487496043,0.00046482340767605855,0
26,0.0008775401505977281,0.0007398334252340349,0.0008289896172232313,0
27,0.00010200025170351635,7.667485922130158e-05,6.780092783738979e-05,0
28,0.0007950945623244652,0.0001966183865212914,0.0006076915676080512,0
29,0.00025944712430874364,0.0005635959664181967,0.00025165874929403934,0
30,0.0009474448213535498,0.0008573528322884626,0.0007683199415564205,0
31,0.0009720471336798301,0.0005612498696603742,0.0005970423970013505,0
32,0.0008637302900765165,0.0007745671561063339,0.0007555842105941575,0
33,0.0004218875592055863,0.000322575442405607,0.0001390396086092477,0
34,0.0006007168344550484,0.0007656610749933148,0.0006477809951459519,0
35,0.0001613389247808249,0.0007060293039030804,0.0005551513958836188,0
36,0.0004008460802976808,0.0004719846092482311,0.0009954070524402206,0
37,0.0007950493556587054,0.0008562336298303855,0.00012475595604110424,0
38,3.915893573189011e-05,0.0002269242095315518,0.00011404202217437642,0
39,0.0008256099054235433,0.00045956288446581775,6.225448324808081e-05,0
40,0.0008136244380926445,0.0005102280098249633,7.128361507800763e-05,0
41,0.0002626087165436002,0.00017229924402151596,0.00048600046773101293,0
42,0.00024569471867518276,0.00012227759384917514,2.2384066987662932e-05,0
43,0.0008780457493179137,2.6723504730365e-05,0.0008397629270239585,0
44,0.00023954593607869245,0.00040949240503930463,0.0008162781892780232,0
45,0.0003441843865294191,0.0007177159817762599,0.0007901298052571942,0
46,0.0006875676429247638,1.6644652474728017e-05,0.00043778958212991806,0
47,0.0007128155057157616,0.00034699505832174105,0.00012159499027038867,0
48,0.00014836339697718427,0.00011245198839089066,0.0008788232410507041,0
49,0.0005857990845345393,0.0008292674739415425,0.0007917635308804412,0
50,0.0005513882863600158,0.0004392499303101636,0.0007745911494113532,0
51,0.00031770298858405945,0.0009071667964717011,0.0005507913965513415,0
52,0.0009804718068588845,0.0005313518243159905,5.992651922471992e-05,0
53,0.000725006854934758,0.000413279416075539,0.0009144032939104945,0
54,0.0009597019747125819,6.67771670812024e-05,0.0005554832376025688,0
55,0.00034289429048983,0.0009402018782850175,6.793093417364771e-05,0
56,0.0009395275417079593,0.0008957122846689162,0.00014928188734689163,0
57,0.0009136323723277822,0.000594952617514457,0.0003397020701907488,0
58,5.781922124441652e-05,0.000816288304231319,0.0003331790089159774,0
59,0.0004366256729327273,0.00047539371503928387,0.0009484009789695228,0
60,0.0008736048619663975,0.0002934958158922869,0.00016924500878880166,0
61,0.00061969339521487,0.0007254800637798866,0.0003117148654738561,0
62,0.0002525519928950515,0.00044267028445659775,0.0007414724917220103,0
63,0.0008430151728534155,0.0007227583763815034,0.0009336626066751607,0
64,0.00022832415938678986,0.000699292670411242,0.00011234384743062343,0
65,0.0004050618172281412,0.0002075734930675507,0.0005302629838309406,0
66,0.00026201022942704054,4.625805290999219e-05,0.00021247006747856769,0
67,0.00016588240345104732,0.0005182039521547401,3.138052710802131e-05,0
68,0.0002333939630175772,0.0002286739362570134,0.0005014620372913159,0
69,9.680205029686406e-05,0.000576919995404188,0.00032699364119868944,0
70,0.000773999708149279,8.854235824066636e-05,0.0002101797698371296,0
71,0.0004482069574641814,0.00048045291653174316,0.00029606220856352164,0
72,0.0007069774406345254,0.0006629168989404602,0.0008041671630039354,0
73,0.0009591156869105125,9.440035040352857e-05,0.0001107511079738065,0
74,0.00017323558439070097,0.0006472339029376747,0.0006813058390997557,0
75,0.0007801464525090673,0.00018654482655415595,0.00038819787786142945,0
76,8.886956476026075e-05,2.8210102097211422e-05,0.00024601394933641173,0
77,0.0004413329389037953,0.0001058857232968431,0.0008222210614027002,0
78,2.20908793633563e-05,4.290881840828875e-05,0.0009812578428811363,0
79,0.0005818401081305808,6.079304427999088e-05,0.00031256049362591676,0
80,6.035635750125268e-05,0.00015272724837157904,0.0008841269450384264,0
81,0.00017602254589679057,0.0009447102024532599,5.725044409041369e-05,0
82,0.00019627926684139086,0.00028346693886248544,0.0009139847826477021,0
83,3.344233528122509e-05,0.000867477999813391,0.0008494189283762189,0
84,4.768325825903308e-05,0.0004628000728051762,4.6702865808704306e-06,0
85,0.0009462761009446902,0.0006299415058216562,0.0007400249652401183,0
86,0.00028690322731654696,0.00028999056750453133,0.0007367828989933352,0
87,0.00028734458354245907,0.0007830511502425079,0.0006168152540511547,0
88,0.0005841344438019323,0.00011646795164918534,0.00013772529714901226,0
89,0.0004202024270402438,0.0007172727407754576,0.0005791902688282303,0
90,0.0004472649946716612,0.0004500528879858311,0.0004603933558472494,0
91,0.0009893043402809981,0.0008023246671511262,0.0005282780834710159,0
92,0.00026723065780073676,0.0006126024067439715,0.0004481893950872188,0
93,0.0007433469896160018,0.000391186524616852,0.00055034495473303,0
94,7.608865868418435e-05,0.00041323576221917723,0.0009842879000304548,0
95,0.0003948370878170483,0.0006037225194511937,0.0006804505164112245,0
96,0.0006209567609830859,0.0007033087105109652,0.0006438237748812979,0
97,0.0006715625532745631,0.00021747272627412907,1.7755566828000724e-05,0
98,0.0008375460093062657,0.000690667699478096,0.00038456473930906346,0
99,0.0005923442147860602,8.747526811115592e-05,0.0008739954246181991,0
100,0.00038103789463901974,0.0006719190105926443,0.0007078685786635102,0
101,0.00016438225646330618,0.0004072765462897204,0.00010866706743997356,0
102,0.0004458236367241314,0.00020907296013163114,0.0008499006177434543,0
103,0.0001496230215780595,0.0009727169564524384,0.0007772369579302173,0
104,0.0007317348662334055,0.0007465677341697068,0.00041314196197254704,0
105,0.0004724826100111854,9.153292662811762e-05,0.0008668601379212277,0
106,0.0007235996248477933,2.8831021494740818e-05,0.0003805230263040791,0
107,0.0004059037582742804,0.0009191732122001995,0.0003318365688548628,0
108,0.00021143944488723066,0.0005241620320447515,0.0006522589181763085,0
109,0.00062036785861746,0.0007733535551930722,2.331596978826045e-05,0
110,0.0004811807666973758,0.0006371033746481898,5.343336182410219e-05,0
111,0.0008770421328729204,0.0009806765177689848,0.0001917150265299865,0
112,0.00027167177624467056,0.00042653879835232524,8.050660495118344e-05,0
113,0.00046932052097385093,0.000805854258601286,0.00026119958383896095,0
114,0.00033245530910559854,0.00045009470058382273,0.0008630337096015204,0
115,5.1531042797653305e-05,0.00031648160543095507,0.0009534950962303563,0
116,0.00028736478131760336,0.0006278637157696827,0.0003113762356045293,0
117,7.636900634268041e-05,0.0007543589590756818,0.0009472188378391653,0
118,0.00028310284036122703,0.0004684004998912168,0.00020639659697166003,0
119,0.0005189986949889423,1.8310703064117306e-05,0.0007792568518703419,0
120,0.00029742509886010926,2.270977652982531e-05,0.0007323815318913796,0
121,0.00017878863838889116,0.0005863624703441517,0.0005254362732268728,0
122,0.00010515469868051986,0.0006436682085512892,5.5201129830304895e-05,0
123,0.0007386505866758877,0.0009694728898803734,0.0005781558103156768,0
124,0.0001359474261739546,0.000803073936165947,0.0008294496869017901,0
125,0.00023372983800498914,0.0008170085419708788,0.0005291607657004133,0
126,0.00029461787326753153,0.0006636006332005802,0.0009022710606950839,0
127,2.318481648451609e-06,0.0006037631217813056,0.0009362425421307158,0
128,0.0005333574896992279,0.0008928607227729031,8.949188191571156e-05,0
129,0.0007878450675160778,0.0008662632239787704,0.00014087232970745955,0
130,4.0943383074634186e-05,0.0008700769694328197,0.0009065439730184744,0
131,0.00037956433383105984,0.0001698868322170042,5.698418863898103e-06,0
132,0.0007265002292154698,0.00012369187381527547,0.0005659203064165613,0
133,0.0003721457957371043,0.0006677095960909784,0.0008735549131373394,0
134,0.0006739875278775526,0.0006310110062134779,0.0009116934827806564,0
135,0.0006068191512565737,0.00043962007070648103,0.0007081104289256867,0
136,0.00041576291216210016,0.00024865601770746005,0.0008758470061345693,0
137,0.00012151773083840989,0.00028889831239038466,0.0009050165602198045,0
138,0.0007196896529568252,8.629542040164783e-05,0.00021458288571677808,0
139,0.00042223849545759495,0.0008155470145512726,0.0008380058776739732,0
140,0.0006472885799561855,0.0006739198439665311,0.0009976393402839141,0
141,0.000156635579670934,0.0008409091469901521,3.079869959109338e-05,0
142,0.0009115606301801297,0.0008189527268294259,1.5695346995652336e-05,0
143,0.0007311060269751727,0.00024355332524091932,0.00030202878187296966,0
144,0.0008324980417569394,0.0003023350189924797,2.209488544926841e-05,0
145,0.00026844622566911115,0.0005984790922972484,0.0006065102950267364,0
146,0.0004652919570782743,0.0007266014786821087,0.0004653045193350729,0
147,8.088500947299605e-05,0.0009060530273727741,0.0001065486443723046,0
148,0.000605248761874561,0.0009529286579271034,0.000708487390917946,0
149,0.00024261560566673013,0.0001862951086064958,4.4512119805777295e-05,0
150,0.0005627605752834606,0.0007992516254279968,0.0004898317660502891,0
151,0.000159628759081473,0.0009166071727092143,0.000447563799703275,0
152,0.0005304676504145334,0.0008842228212570053,0.00044576563252026505,0
153,0.0006476383088732443,0.000785243813371314,0.00014979295967772354,0
154,0.0005986021950688794,0.0002214232079091545,0.000791588686732414,0
155,0.00011862896128492806,0.0008653264556722718,0.00020027983185773613,0
156,0.0005626815913378433,0.0009609601371207108,0.0006146144683499496,0
157,0.0005996205331435604,0.0008016237017945732,0.0008185903542002372,0
158,0.00042247727185751847,0.0008631839676165701,0.0008700740447410544,0
159,0.0004332820876365926,0.00047381007074505046,0.00018600138387207067,0
160,0.0006655627101131898,9.17398162014631e-05,0.0006272507514269984,0
161,0.00013758103229416009,0.0009309241943527402,0.00035904991834502796,0
162,0.0005943964107693885,0.00025769259748629824,0.0007752839137526809,0
163,0.0007513062423603578,0.00021599009207354513,0.0004488394707063218,0
164,0.0005858037378352769,0.000660629820408197,0.0002553909699881932,0
165,5.6347897018095505e-05,1.174992574372924e-05,0.00019117745419589105,0
166,0.0009153002756983397,0.0005053584766217186,0.00015537006671185617,0
167,5.298345075373068e-05,0.0005080319398855989,0.0005944896916794972,0
168,0.000747201658884255,0.0005046281725997741,0.0003650474710346871,0
169,8.820568987023358e-05,0.0001603446046557623,0.0006100894974737833,0
170,0.0007482226436062563,0.0007217433343806367,0.0004362546373923022,0
171,0.0005734772332093997,0.0004040505244337688,0.0009123368914269512,0
172,0.00045703240825045776,0.0008544197342570638,0.0006219681303488752,0
173,0.0002513445262296923,0.000766659468760205,0.0005002776975228832,0
174,0.00014448523345297738,0.0004444312674467795,0.000731772000805655,0
175,0.000641267760564406,0.000956200247932755,0.0004064643745014639,0
176,0.0006607396071921993,0.00018699640770231674,0.00031494257660125515,0
177,5.2858757049569105e-05,0.0006412645283672582,0.000517963361566713,0
178,0.0008707670161734127,0.0008681338196876665,0.0005216096731514063,0
179,0.0007907038244727415,0.0004062736859262276,0.0009101742527835699,0
180,0.0007314424785439353,0.000983056498258537,0.000899748626161385,0
181,0.0007133063547955104,0.0003855934673220548,0.0008114406384117478,0
182,0.0007561073798139252,0.0008227301704914577,2.4635292913372187e-05,0
183,0.00026784748888412636,0.0009479065819503268,0.00018014072689701311,0
184,0.0008050354319420448,0.000396467219353414,0.0008156661387421688,0
185,0.0009605269947857167,0.0006207139610415952,0.0005715536348494312,0
186,1.2936355777189323e-05,0.0009369447209912553,0.000979454246536359,0
187,0.0004049261492153389,0.000828804977843807,0.0008691600515280871,0
188,0.00012127925674311612,0.0006056014725905558,0.00048777553019569385,0
189,0.0006283603893549505,0.00017050586187805107,0.0009761240795023827,0
190,0.0002616526405579286,0.000602638538236916,0.0007483754039581998,0
191,0.0009533621204749669,0.0007720416482746509,0.0005210159806132192,0
192,0.0001927980304318052,0.00043269999393952377,0.000519644152055371,0
193,0.0001274318635421813,3.231592797976368e-05,0.00018433108439506608,0
194,0.0001841830645563365,0.00027636381169643967,2.8226088756165612e-05,0
195,0.0004832813709386772,2.2726303730748132e-05,0.000774354029528979,0
196,0.000796200560683238,0.0004838942456970311,0.00047540722889360753,0
197,0.0006354524388956901,0.000501488547356279,0.0008229052009045964,0
198,0.00047092354583629916,0.00018924048832199238,0.0008897315607968847,0
199,0.0007884451383883362,0.00039274845190246857,0.00041465603519589303,0
200,0.00045611466314456685,0.0009677153467517549,0.000627693609732048,0
201,0.0005548470457079573,0.00085612462625855,0.00021458012252580438,0
202,0.00013326753535655833,0.00014469613928388815,5.242965921552323e-05,0
203,0.0004232944541643761,8.606575347497258e-05,0.00017244652449558461,0
204,0.0007239397870998868,0.00040187594830747275,0.0009919692761671832,0
205,0.0008781654022202581,0.0005341146609197895,2.095653572582068e-05,0
206,0.00023596280336212616,0.0005062313976806812,0.0008913453160007052,0
207,0.0009278618359090385,9.174863906467479e-05,5.271653255480702e-05,0
208,0.000485634389005323,0.0004694312367742213,3.1738924991592255e-06,0
209,6.173192894239966e-05,7.477684539350893e-05,0.00040680135693972586,0
210,5.4079239416370276e-05,0.0005624866295385281,0.0009550745648885556,0
211,0.00048422063810075523,0.0006246908414038337,0.0006602626948275001,0
212,0.0004623003555349521,0.0009184729030743181,0.00019499196544663945,0
213,0.000913128657717916,0.00031472188953025703,0.0005371856488236472,0
214,0.00014982744878984388,0.0009163145874078804,8.878028908457636e-05,0
215,0.0002980953477455971,0.0005262316863034036,0.0008091422186881863,0
216,0.0009725178555297787,0.0001866910121429183,0.0009230349982412318,0
217,0.0006265208433150942,0.0008372710986243885,0.0008734763599492773,0
218,5.525736336144449e-05,0.0004228015338936445,0.00026483750737695043,0
219,0.0008070980527999014,5.4086858885323496e-05,0.00095561094001967,0
220,0.0005664186804836927,0.0006546723191053332,0.00030069771331415817,0
221,0.0006054942421783771,0.0004788332591754988,0.00019932335558676294,0
222,0.00018098274429067263,0.0004890195050793686,0.00021442069435586732,0
223,0.000589741888050934,0.000977373846601003,0.00035132154377822257,0
224,1.1983069730278296e-05,0.0008269792770044712,0.0004500686209118612,0
225,0.0008580735200025025,0.00042444051041615395,0.0003997958315456882,0
226,0.0006150467842485671,3.8739127363448756e-05,0.00021328115533145265,0
227,0.0004846772382425253,0.0008660436420980187,0.0005535794396386617,0
228,0.00013122935357364517,0.0005292923761148483,0.0005717144211308708,0
229,0.0005903710641683841,0.0005217447013749865,0.0007089794608169025,0
230,0.0003823317120993651,0.0007376479943499717,0.00022921305918247403,0
231,5.1384333777222405e-06,0.0002987423704615083,0.0003362285225338293,0
232,0.00033652685391433846,0.0005197687439832582,0.00022457260869274698,0
233,0.00010215878946883616,0.000711396642350123,0.0006570778272764338,0
234,0.0001689647783962527,0.0006698457679362704,0.0005907594435496457,0
235,0.00025824554132410896,0.0006791978210519624,0.00041606032492140613,0
236,0.0006544535905370314,0.0005173789904412198,8.620457439799633e-05,0
237,0.0008607278691448953,0.00023847339147565916,0.00015998556162372858,0
238,0.000537784846539665,0.0007775916233641787,0.0005502258773399522,0
239,0.0009906976532557256,0.00018347278682928313,0.0003421294468808351,0
240,0.0004070657615776623,0.0005609400067776279,0.0007759188419910513,0
241,0.0004187858100979697,0.00036954155245955844,0.0007687817623179595,0
242,0.0009387270890427626,0.0003412506389820417,0.000765504494967917,0
243,0.000548046048590261,0.0004614962182137836,0.00067962198564147,0
244,0.0005711058313137465,0.00035321409646338873,0.0004350810047735377,0
245,0.00011085570440257808,0.00037584252314166544,0.0009476784435409132,0
246,0.000549706067218403,0.0005769911791332085,0.0007264356996592099,0
247,0.0008421297727524991,0.00017252677563913077,0.0008118753688102496,0
248,0.0006518564989312452,0.000535110211364964,0.0008293974479045327,0
249,0.0009332642493047863,0.00014504490200509045,0.00043764620325315983,0
250,0.000932407211026639,0.0008027012034760117,0.0006482685783091377,0
251,0.0009275979338493824,6.279979033647287e-05,0.00031233110472370475,0
252,2.962434034694872e-05,0.0003689252762115778,0.0007507333110163852,0
253,0.00010125869146652256,0.0003623231380083941,0.0002332952975010798,0
254,2.056997518117376e-05,0.0006933182517467449,0.000966839103043052,0
255,0.0008753280768841217,0.000697038156051914,0.0009597369605338295,0
256,0.0009308275552825549,0.0002474842616377901,0.0005401733784724577,0
257,0.00011584007199110247,0.0006032762605966505,0.0007383300217904016,0
258,0.00010985469025003502,0.00048824869667325244,9.254516385866019e-05,0
259,0.0008590523644355027,0.00017765148653730746,0.00034018939617133203,0
260,0.000303730321098774,0.0005011900724265579,0.0003948396142603135,0
261,0.000799690026434002,0.0008760812961481859,0.0002924809457785763,0
262,0.0006047784313502879,0.000524090218621762,0.0008705475585402773,0
263,0.0008992546850233479,0.0003978084720161085,0.00041790395990381525,0
264,0.0007487978072054547,0.0004377838356347238,0.0006660122379458591,0
265,0.000737453824197235,0.0002088747368345587,0.0006381693327319947,0
266,0.0009933522847227758,0.0008016642710628639,0.00045740585801641186,0
267,0.0007261637322103606,9.211971853972445e-05,8.572774144622419e-05,0
268,0.0009136305132231266,1.3147393192221469e-05,3.424625354241939e-05,0
269,0.0009655071854302549,0.00044455538913896553,0.00011825720858017664,0
270,0.00042607724040565054,0.0005279299110740872,0.0006533398423220517,0
271,0.0008114233875764394,0.000979747673738195,0.0006016849230604518,0
272,0.00083361033536584,0.000560387766727401,0.000698013687272781,0
273,0.00048606922588134737,0.0005466526022846093,0.0006497401508015524,0
274,0.0006206828538602956,1.896432261546155e-05,0.0005483976912971986,0
275,9.752880165150568e-05,0.0009786448043245047,0.000112523765979205,0
276,0.00012435945995704057,0.0005381416951585076,2.5299209190068896e-05,0
277,0.00083438400303568,0.0001481522020174011,0.0009772775929895,0
278,0.0006096466765720476,0.0006387013094295104,0.0004255047413104974,0
279,0.0004142662537501497,0.0003850796624943518,0.0008284205083270877,0
280,0.0005634397970484929,0.0003281543769130203,9.731907793764816e-05,0
281,0.0005468178026752169,0.0008381502584644727,0.00087108858757983,0
282,1.2352937002737874e-05,0.0009423321357062534,0.0008925620720520949,0
283,0.0004325732010509794,0.00022471073112940442,0.0007337111111810869,0
284,0.000983413004243086,0.0007178432259494667,0.0009115273273878338,0
285,0.0007614240925975739,0.0007320673500982854,8.74790404083179e-05,0
286,0.0007124375243550485,0.000987764614508075,0.0009813805969764104,0
287,0.0009617566534947105,0.0004961276809113312,5.770809924985332e-05,0
288,0.0007597698767130051,1.119895593406095e-05,0.00036067977162677315,0
289,0.0007140318374662519,1.4925196543882691e-05,2.590984571413968e-05,0
290,0.00030613957752028,0.0005269169468578495,0.00012016091263850326,0
291,0.0008372578163674737,0.0003102705852334802,0.0006485223897235851,0
292,0.000324915967578481,0.0006807375920983965,0.0007310248140362449,0
293,0.0003145899223718165,0.0006400334286000856,0.0007242260657540437,0
294,0.00025503690452859427,0.0008841623060429649,7.280915377565012e-05,0
295,4.288308174885913e-05,0.0008651010138572002,2.402906554070783e-05,0
296,0.0007641017466809965,0.00010841196654305218,0.0009654416788650049,0
297,0.0009938849920043832,0.0002556145553578733,0.0005576498881736184,0
298,0.0006757843955063132,0.0008362675992427539,0.0006548733709397269,0
299,0.0008095464875125607,0.00010297985034304369,0.0009313504011082405,0
300,0.000613851406589225,0.00024543493062075385,2.0633089886476497e-05,0
301,0.0004029632306748381,0.0005363191250776131,0.00041386269687004586,0
302,0.0002740281424413105,0.0001604851062815279,0.0003497251310265117,0
303,0.0003990339328249204,0.00019950552569004965,0.00025975244611004065,0
304,1.9063069683620704e-05,8.859187007949521e-05,0.0002620370558639165,0
305,9.006385092445279e-05,0.0005759432240338324,0.0002731075566671892,0
306,0.00020195623036585976,0.0008399378899050138,0.0006665535493028395,0
307,0.00011081500269511768,6.28101330863895e-05,2.0862088485918863e-05,0
308,0.0006695277426636023,0.0006745346600200936,0.0007579959283364143,0
309,0.000281576543004924,0.00012952846147505626,0.0001843685872776213,0
310,0.0003436521358892083,0.000911355541847328,0.0002884865008225356,0
311,0.0002800580902513231,2.867075144369924e-05,0.0007384679078152879,0
312,0.0008335176492469201,0.0003627762049969141,0.0002496094107616205,0
313,0.000753349622802314,0.0006019983841918536,0.0005029355533299878,0
314,0.000662222692022277,1.4530981984564484e-05,0.0003116714340485681,0
315,0.0008442537535033459,0.0005596905260809979,0.0008478274696292147,0
316,0.0001693291629617869,0.0007704129630427016,0.0009469513821363805,0
317,0.0005240547967807947,0.0009823940562964128,0.0009367958757996067,0
318,0.00038782054739482775,0.0002282601777149794,0.0007317852881725348,0
319,0.0005755311641351879,9.738944532336324e-05,0.0004689578171518093,0
320,0.0003718763643807834,0.0008735547538807142,0.0008785514302897386,0
321,0.0009418615911784658,0.0004737214158104426,0.000798785804125286,0
322,0.0004955444782561489,0.0007487806425365031,0.0008237267492987921,0
323,0.000821735261614881,0.0003338539095871512,0.00010009544519494095,0
324,0.0005323648302284941,0.0005871611544636384,0.0005503092861479396,0
325,0.000952314508242923,0.00018117085458623904,0.0003332254030123716,0
326,6.575617048306615e-05,0.0004048656243063418,0.0006571239185606815,0
327,0.0007495778991195096,0.00026626163025576566,0.00019470201676569698,0
328,0.0002736545381586923,0.0007375958801860824,0.0006373822858704566,0
329,6.106373359610329e-05,0.0008952170951537338,0.0008843719657161472,0
330,0.00022598990574347722,0.0001766029833205649,0.00047557268637532225,0
331,0.000589458806762259,0.0006980213078144941,0.00011519263284610049,0
332,0.0003622384247464511,0.0004878927878609869,0.0005379697319823861,0
333,0.00022013090877762932,5.480688381144949e-05,0.0005729758759930872,0
334,0.0009177097038709722,0.00021096560232155938,0.0001262642527520217,0
335,8.00949678837518e-05,0.00024597705887709496,8.57185956253237e-06,0
336,0.0003590034729702565,0.0002394388373858908,0.00014655334060150049,0
337,0.0009389915587796683,0.0005756971887482159,0.0002808494400769614,0
338,0.00020336141769098403,0.0002251475035698709,7.247138651566632e-05,0
339,0.00047158702560131017,0.0005289603391738537,0.00016913055526692367,0
340,0.0005567653781630776,0.0003902696761328001,0.0009333062735719831,0
341,0.0009599937612662653,0.0007842496288134644,0.00031846483631071666,0
342,0.0002237521662520311,5.166615953494058e-05,0.0006231855958309565,0
343,2.4007096458530276e-05,0.0005763785804594464,0.000826204621244875,0
344,0.00021396640516465948,0.0003838720343386191,0.0009429248680006827,0
345,0.0009280102769665627,5.51453013462776e-05,0.00038669395113556437,0
346,4.477322971294073e-05,0.0006813124702996364,0.00095045226524095,0
347,0.00013982648683593602,0.000693709694694153,0.0008289422851241987,0
348,0.00021169870771259016,0.0009349786038567138,0.00023484491535817164,0
349,0.00047837312792752495,0.0008492330769587207,0.0009468057931745009,0
350,0.0009717910213341059,0.00016226229393437986,7.514753054551948e-05,0
351,0.00025167019293044946,0.0006306395721571295,0.0007346499525040814,0
352,0.000559620631504146,0.0004185844528733038,0.0006637018612176705,0
353,0.0006248668036516647,0.0006394922921848724,0.00038746855448348183,0
354,0.0004220226525255786,0.00018544591380817378,7.420981409467175e-05,0
355,0.0005383742398903011,0.0008769181666204854,0.0008801939823121367,0
356,2.908303372718224e-05,8.811894455646019e-05,0.00022901849355807348,0
357,2.9525171782340264e-05,0.0003046154546931059,0.00011500965058576462,0
358,0.0007292341589883571,0.000652523211900147,0.0004990973917196968,0
359,0.0005279953768756289,0.00024920535503439957,4.056113983380616e-05,0
360,0.000725284886512187,0.0002941666349266567,5.6292409223234864e-05,0
361,0.0007849001920150865,6.292647766621862e-05,0.0002589533942926139,0
362,0.00018174167880121927,0.00024354283146488842,0.0007432477423402661,0
363,0.000497783255325503,0.0007105095447159859,0.0006184649561098589,0
364,0.0007700783901074758,0.00023951899507406615,0.00038200538679584664,0
365,0.00062725495992067,0.00040662075140586717,0.0007551318880762715,0
366,0.0005876223057115544,0.0005300786577490527,0.0005733853747073385,0
367,0.0005660772720168647,0.00040512139086803557,0.00029739299951533774,0
368,0.0008112685842480421,0.0005031217734603576,0.0004534230725610723,0
369,0.000704191646249756,0.0004579653486250538,0.00031092483645699955,0
370,0.0008275028577328406,0.0002820377128211098,0.0008346670690265477,0
371,0.0003545554690991762,0.0007586361628994982,0.00018892421803285643,0
372,0.0007372596513333542,0.00035820883141516436,0.0006862193451382852,0
373,0.00011213271484725462,0.000324312092834518,0.0009154531202367596,0
374,0.0009892873888517574,0.0006201572210468574,0.00022458743062526632,0
375,6.136251165543349e-05,0.0003383218093771571,0.0005852049077524849,0
376,0.000507990304792403,0.0006553268349786188,0.0003823725786303105,0
377,0.0002589655818454142,0.000494491982386994,0.0003850365195544533,0
378,0.00046884621244912294,0.0009143240773704199,0.0002597703738905868,0
379,0.0005273488544597712,0.0009478139433585814,0.0002761662186595666,0
380,0.0003922673166569747,0.000986566818873654,0.00034850289728638185,0
381,0.0005877402927645732,0.0009183325492276877,0.00026389799832480853,0
382,0.0005948165690487229,0.00018682022252390084,0.0007766983131058812,0
383,0.0004159921446673356,0.0003233817068061218,0.0002927871470249075,0
384,0.00026720151047276666,0.000876495462384397,0.0003854827468845401,0
385,0.0005652429022774561,0.0005280645187464597,0.00019135896422377331,0
386,0.0003401330159483842,0.0009679906554223369,0.0002998701596970548,0
387,0.0002774786312826303,0.0009871746093933055,0.0004777552219165934,0
388,0.000602199382754158,0.0006811506727409718,0.0006806502447591422,0
389,0.0006705644703432653,0.0003794619761812086,0.0009869910620798274,0
390,0.0008171563451190766,0.0003654593668239138,0.00031106632720553885,0
391,1.7709465669391023e-07,0.0002535047995952392,0.0008476205567625572,0
392,0.0001775362184491821,0.0005472321175591315,0.00014208621979106705,0
393,0.0006494694669429433,0.0007725002874109683,3.5004295796911114e-05,0
394,0.0006839613846824268,0.00014297871824950516,0.000698250043111259,0
395,0.0005322350043399884,0.000731665840777986,0.0007521041643468186,0
396,0.00032225948207181766,0.000205953652314807,0.00011796112048188568,0
397,0.0002115261813988778,0.0008987457843435342,0.0002493692142677253,0
398,0.0004831673137142509,0.0003728190078409379,0.0009324000945592888,0
399,0.0002732506296829201,0.0007230712826037463,0.00018531292062747863,0
400,0.0007808183336334925,0.0007383892980169569,0.0009578013047401745,0
401,0.0007329475229445347,0.0002659001604737228,9.964461245020485e-06,0
402,0.0008494395102420186,0.0003203208999911782,0.00039851621437154397,0
403,0.00020433305289660586,0.0004098390668669506,0.0004803934236068688,0
404,0.000951511643474882,0.0003013919750700912,0.0008017454890126845,0
405,0.0007692310026877258,0.0008955771679103501,0.0008226396611347405,0
406,0.0006376761771802094,0.0007615477261779703,6.315799222332208e-05,0
407,0.0008393755763072758,0.00024025536333528299,0.0003467268781577895,0
408,1.7780354649844844e-05,0.0004088120166251468,0.00018247495145776426,0
409,0.0006007518586438795,0.0002477619406975874,0.0002799123846275403,0
410,6.637460690695263e-06,0.0009760838435237745,0.00045835141214165367,0
411,0.0006460409195962561,0.0009581828180460411,0.0005176097578264919,0
412,0.00040449228879688983,0.00044759738760568094,0.0008987099323531071,0
413,0.0008888911473493279,2.344471886218269e-05,0.0005673448445058111,0
414,0.0005760268988224189,0.0004633696321628981,0.0008444029309265902,0
415,0.00028888209243401955,0.0008288877986761,0.00043907890071011936,0
416,0.0008510846529891327,0.0009806882967068147,0.0002545880409691358,0
417,0.0003974128348135443,0.000931774775994681,0.000977130817525034,0
418,0.0009144670974271925,0.0005535196269462404,0.0008525736870578983,0
419,0.0008155820745766314,0.000816270081688652,0.0003081399951225788,0
420,8.006099550457046e-05,0.0008083035903020591,0.0006999816774319829,0
421,7.673185550882967e-05,0.00035025621997756065,0.00014303292569514824,0
422,0.00023729301876668386,0.0007582224018369273,0.0007376970465063455,0
423,3.2875104670311074e-05,0.0007010001103400126,0.0001533861488831938,0
424,0.0007712624231311498,0.0002188465058502821,0.00033621761182980837,0
425,0.0007316780378270864,0.0003423906204289241,0.0005667316350020687,0
426,0.0005279933003288674,0.00028434776455806254,0.00034196608525327555,0
427,0.0006843169892780288,0.0005213164776691359,0.00032466544197029345,0
428,5.504422468808534e-05,0.00010859078759398943,0.000617094495521304,0
429,0.0007205757549343534,0.0001299978609889534,0.0006615027768735881,0
430,0.000982625149850559,0.0007314120972773486,0.00024889075778810086,0
431,0.00033555264908681585,0.0008830715971076314,0.000227644971575936,0
432,0.0008184082029319005,0.0009876661013305504,6.748263944954025e-05,0
433,7.300751954827722e-05,0.00023553274284093494,0.00012773530296122625,0
434,0.0006043344722814902,0.0007014122244902008,3.1313801539814003e-05,0
435,0.000870195147846038,0.0009467126292885508,0.0007996218201108555,0
436,0.00022963979096927645,0.00013846737719713044,0.0005775919810539005,0
437,0.0006871576050148782,0.00040082374770156003,0.0006965274942157839,0
438,0.00040562106170580805,0.0009247971591281459,0.0006754988953717581,0
439,9.197328729481868e-05,0.00027690507864956747,0.00063058685267506,0
440,0.00047591993755527343,0.000891449397217161,0.0009141354579335445,0
441,0.0008152296040371555,0.000629918121162949,5.469954090240448e-05,0
442,0.00048290357921910087,0.0002313970174250667,0.0008805236242348959,0
443,0.0006214068448422586,0.000867004238089757,0.0001250644193284749,0
444,0.0006052398260691635,0.0008225365980044966,0.0007199784403820607,0
445,0.00027352170037446034,0.0005651904434235933,0.00029950371086550856,0
446,0.0007927956109292295,7.385156323491348e-05,0.00019056997830680246,0
447,0.00022051747215595308,0.0002243070054763422,0.0004781519422749715,0
448,0.0005221067773962623,0.0008448701881289222,0.0004942404379928065,0
449,0.0003055280365518637,0.00012437744347638258,0.0007656538542017753,0
450,0.0009977648211878564,0.00027315663683172964,0.0005885920854766665,0
451,0.000607235472013192,0.0005778892742082841,0.0006281486620586279,0
452,0.0009982976648333184,0.0008235109805243311,0.0008645470807048091,0
453,0.00045638368937754847,0.0003834701162292216,2.5225910645609528e-05,0
454,0.00034841430607741685,0.000792996007577938,0.0001520009798631552,0
455,0.0009412552984431534,0.00030086576987587544,0.0003992901807885814,0
456,0.0007883203946179424,0.0009222684361517249,0.0007042308654811657,0
457,0.0007315054102982686,0.0008594071222668556,0.0008650050020030197,0
458,0.0005079875434584098,0.0006590363911949018,0.00038818174402720007,0
459,0.000904529094149911,0.000957593787906018,7.134266012380231e-05,0
460,0.00026623244742641106,0.0007632226795659797,0.0003512952116785341,0
461,1.825077210411552e-05,0.0006112418495270223,0.0005300335185954954,0
462,0.0005648712484509046,0.0005501217263261712,0.0009456192313618154,0
463,0.0005390960648235602,0.0005035217310534285,0.0005360948020021469,0
464,0.0002524150496891261,9.10546110523629e-05,0.00013268005177346332,0
465,0.0007501719405268534,0.00011468134443517908,0.0009021065125007353,0
466,0.0007706973080016242,0.0006188002188665385,0.0002410068882408224,0
467,0.0009602681913682984,0.0007033124305806625,0.0009877690205818714,0
468,0.0007056636728495249,0.0006058640352839535,0.0006795270450429187,0
469,0.0006831837744403965,0.00031300494653440557,0.0009382275500830148,0
470,0.000994714306470833,2.892634996554222e-05,0.0003819779340319071,0
471,0.0008114905195382062,0.0005347788197977889,0.0003719409133628123,0
472,0.0008508785216455021,0.000537696592109853,0.0001433210562638576,0
473,0.0009246637105012153,9.427909650335953e-05,0.0009626574393916068,0
474,0.00040188056816111697,0.00035949791896035444,0.0003805805182446169,0
475,0.0003243537087874545,0.0008035545434747984,0.00020891063926683562,0
476,0.00038508323957732395,0.000780082026847274,0.0008252317228038448,0
477,0.000344124806604589,0.00038296264988568307,0.0004652936651402314,0
478,0.000792371987888756,0.00047239512149463924,0.000865060437750672,0
479,0.0009415275319253263,8.755196847325042e-05,7.742953903905714e-05,0
480,2.136964410859421e-05,0.0006075816092780133,0.0009737637468001445,0
481,0.0007357834171973669,0.00023134096377711767,0.00027045541098553284,0
482,0.0005615407310629811,0.0003394465290865435,0.00014916403708313064,0
483,0.0008071182741540556,7.898359730229999e-05,0.0006101782492334756,0
484,0.0002019240845241338,1.2858536292754352e-05,0.00027480173349818626,0
485,0.0001904495822978629,0.000564885652473183,0.00047224826884177575,0
486,0.00035633021687966004,0.00037597958496811667,0.00084060885283382,0
487,0.0005548228702214698,0.0008918208031930555,0.0003586727355234395,0
488,0.00018571228641544213,0.00013374755179891497,0.0003267962617267363,0
489,0.0009974574753541356,0.00024676658695240827,0.00042204171488312883,0
490,0.0007453765661349762,0.0003499916638143579,9.838700011123747e-05,0
491,0.0009793741955957435,0.00018797908073054382,0.0005984382750902159,0
492,0.0009596901243163539,0.00041215691132909726,0.000686658803902552,0
493,0.00020323601644953583,9.832499227000046e-05,0.0002984258045946482,0
494,0.0002247165649836308,0.00014075904010109474,0.0009088097503544869,0
495,0.0003606485332749021,0.0004491066132155054,0.0009229714646629761,0
496,0.0002782085988113735,8.104551352269307e-05,0.0005430750242973034,0
497,0.0006050014187625271,0.00036479292744073767,0.00025561452384024607,0
498,0.00019623825900714654,0.0009644099320841357,0.0009416636743638046,0
499,0.0008251693778367883,0.00028122693441452306,0.0007419244730131618,0
500,0.00043538860000752054,0.000624983352777731,0.00012827736272472357,0
501,0.0004713666738788912,0.0004674468295284169,0.0009305621609260901,0
502,0.0008160078380102644,0.0008025834261209561,7.649344149799952e-05,0
503,0.0003753587515834593,0.0009667948116385154,0.0002531307690156395,0
504,0.0002905979207818488,0.0009840691189429826,0.0002596094273918368,0
505,0.0006432429215227628,0.0006098503532067199,0.0005500842080330403,0
506,0.0004774638676504287,0.0005780695505657887,0.0008455417861182135,0
507,0.0004714232379260052,0.000337102247743263,0.0008553952784218954,0
508,0.0002841905820077967,0.00041676459046279316,8.843212890273633e-05,0
509,0.00017091402247340328,8.887848431884527e-05,0.0009231044516239566,0
510,0.0005160519510293652,0.00026600701900197254,0.00025411103542572557,0
511,0.0005855889558121579,0.0006579759104100349,0.0006379832740224616,0
512,0.00046859238484758207,0.0006167712862251005,0.000233432053326072,0
513,0.0007223665854507438,0.0006948347228236128,0.0009929410762899134,0
514,0.0004364731036527435,0.0004454122856886074,0.0009948994058888144,0
515,0.000834120949450743,1.324255243357353e-05,0.0006887339364849398,0
516,0.0008046622511001108,0.0009908918732412354,0.0005213042266499589,0
517,0.0008144171450489784,0.0005934719146724895,0.0005956960702625369,0
518,0.00029408911075399103,0.0006740872727373366,0.00013199746327562757,0
519,8.409859548248955e-05,0.0005961969720632779,0.0009354275436875463,0
520,0.0006574663964072927,0.0008787309049121011,0.0007149521175630779,0
521,0.00012729331560789803,0.0005436044732892882,0.0006027064051940199,0
522,0.0008490956998505783,0.0008771192630512502,0.0008022028708133431,0
523,0.00015874575106120226,0.00039352742936837925,0.0009418490833278955,0
524,0.0002651357766590619,0.0005163488051210419,0.00039121273572374283,0
525,0.00045306288125885507,0.0007291806672272152,0.0005472909892440596,0
526,0.00031437766859690556,0.00013313769986526025,0.0005649834869238015,0
527,0.00013118511554096669,0.00014984516301724593,0.0005913272535290215,0
528,0.0008939068990474239,0.00022176638617405354,0.0009159857148304224,0
529,0.00016123175854672079,0.000679299383283511,0.0003274787034626948,0
530,0.00026536171417909784,9.085739290594175e-05,0.00027098058760339117,0
531,0.0006971271323536229,0.0005838506320161394,0.00024239970708267078,0
532,0.000510941758865197,0.00010962352906345296,0.0006509515460061495,0
533,4.438218456601684e-05,0.0008607350868792339,0.0005544719804256825,0
534,0.0007619706809062478,0.000968376573034698,0.0003431827391161639,0
535,0.000839034305488263,0.0006961709867234101,0.0007764574497990336,0
536,0.00030274465088071936,0.0005969484987864086,0.00020482971773436477,0
537,0.0009288019540930104,0.0008061001588888191,0.0004143725016582284,0
538,0.0002708778508009292,0.0007249303804506122,0.0008506633208895799,0
539,0.0003443567798632655,0.0009221807840746962,0.00025279475410389807,0
540,0.0002640570369210039,0.00019226247475401682,0.00023684924766920212,0
541,0.00010766924934401346,4.010217533240934e-05,0.0005916930102410499,0
542,4.295305668050886e-05,0.00023654341079032117,0.00011299320781340561,0
543,0.0002611764707984273,0.000396193921624874,0.0004536947964881403,0
544,0.0008028886386743452,0.0009805697119193296,4.382213472273211e-05,0
545,0.00037704004873940876,0.00016208949700966546,0.0003902914123968696,0
546,0.0007777457625069134,9.468971796603298e-05,0.0007374554832323322,0
547,0.0007920866122160826,0.0004136025453766026,1.2216311267164048e-05,0
548,0.000364223279976054,0.0006601081621676851,0.0005686837764310872,0
549,0.0008415711464605259,0.00040726677717240855,0.00031275360241473103,0
550,0.0007398844268001315,0.00010491101400136482,0.0005556165536086697,0
551,1.464921501700689e-05,0.00015646667402900016,0.0008016370303159183,0
552,0.0008776041218256499,0.000547604431394272,0.0001760143393788074,0
553,7.339955709815849e-05,0.0005006262447032346,0.0002951746309965243,0
554,0.0007380528477672044,0.00010366114606702882,7.356532021964624e-05,0
555,0.000301295095977812,0.0009752613436857208,0.0004358178176947455,0
556,6.471719434821499e-06,0.0008224636390524453,0.0007285335424587984,0
557,0.0006964229000075216,0.0001387098184368617,0.0002100262643626205,0
558,0.000919522071895787,0.0007406820530283294,0.000491488362959131,0
559,9.707632682968959e-05,0.0006966507115852354,0.0008822859771401703,0
560,0.0006981215777370292,0.00025057111027047265,0.0005206141480916369,0
561,0.00016295262442323378,0.0002864998723784643,0.0006871211032371841,0
562,0.0001105759694674312,0.00012014783659659467,0.00021028607547205814,0
563,0.0002985321865251064,0.0005200019080552792,0.0005881740679106079,0
564,0.00016067008679302263,0.00024088803447118112,0.0008459892244720262,0
565,0.0003216905543116734,0.0006750425913093464,0.0009947460321382637,0
566,6.375725351424988e-05,0.00012440159396114815,0.0005482012545073813,0
567,0.0006679264233248594,0.0009143992968364937,0.0003556771945320728,0
568,0.00010547996299188723,0.0008944210604706577,0.0003974918860989496,0
569,0.0007685288412208176,0.0007204085924722651,0.0007555586800504123,0
570,0.0007476928258800054,8.560034678962136e-05,0.0006961249547481221,0
571,0.00097637937473809,0.00017499628606597884,0.00015032332652339386,0
572,0.0009016041982707854,9.51579087672988e-05,0.0004616596185062877,0
573,0.0002690773767910338,0.0004507351047795021,0.0004002261007906304,0
574,0.0006151746476784241,2.1322887362753894e-05,0.0008885886715269239,0
575,0.000502167332845538,0.0001403903300389895,0.00030610480815357045,0
576,0.0007539753905561705,0.0007125179315889036,0.0006565623987186465,0
577,0.0006433753833652361,8.813260794391442e-05,0.0007997809650311245,0
578,0.0003331494237180954,0.0009175271106365147,0.0007462765555636965,0
579,0.0008293592993558997,0.0009732972523190908,0.00038987181389135163,0
580,0.00033484148515105784,0.0003698900009343075,0.0008892438118491397,0
581,0.0006300073809875988,0.0009868857010753142,0.0006592912542406317,0
582,0.00011137112671484684,0.000307153968671795,0.000189398127426612,0
583,0.0007991621670686438,0.0005728307570894047,0.00013118066631369964,0
584,0.000755369621508737,0.0005237248651006241,0.0007857866373497004,0
585,0.0005848320979448539,0.0004621698552061066,0.0006083060599383679,0
586,0.0007648068066680407,7.820379816425283e-05,0.0005413016169027986,0
587,0.0005770443860942743,9.072577806789062e-05,0.0007682326430857616,0
588,0.0008752111096443821,0.0007089748171543721,7.662904732683107e-05,0
589,0.00028577741366997666,0.00010689456636714212,0.000791830387542762,0
590,7.011421558648512e-05,0.00016062871891962948,0.0005906403932026328,0
591,0.0001820221961186621,0.0006178567283570997,0.0005680850530905494,0
592,0.00020769037699422055,0.0005054936582536305,0.0008387773877783345,0
593,0.0005424555770038971,0.0005363331568702924,0.000748260497155869,0
594,0.00019120445677140463,0.0004978608366672785,0.0006251788870285781,0
595,0.0005148815917760044,9.728045329551982e-05,0.00034481001430238125,0
596,0.00021016719709411315,2.717420295649786e-05,0.0006475816451120186,0
597,0.0008140018111613411,0.0008675800858427218,0.00027397484007477734,0
598,0.0007047893108101248,0.0008823571222080391,0.00029708342923807874,0
599,0.00018224479747168732,0.0003637853452821622,0.0009691667759300208,0
600,0.0006199640210109138,0.0007180635883682084,0.0008984705634109433,0
601,0.0007969770293091519,0.0005146835020871747,0.0003858681944643285,0
602,0.00012486830274426196,2.147372677521098e-05,0.00011010616380545757,0
603,0.0005619574793248126,0.0008903513374874435,0.0009316814193957693,0
604,0.0008563697338133864,0.0005525157301691459,0.0002849427528730514,0
605,0.00030499910851394796,0.0003916443104530252,0.0008034229777318779,0
606,0.0008617067813251019,0.0009911108917083759,0.0005653311250261521,0
607,3.352778667821499e-05,0.0003749365952298146,0.0003964973645784606,0
608,0.0007103877361968403,0.0009042676207837214,0.0006857501815210052,0
609,2.011526298283961e-05,0.0005909454246704436,0.0005557352287402448,0
610,0.00015862807862138006,0.000730886912193048,0.000273243605112669,0
611,0.00015497936273138014,0.0005577351332084281,0.00020971638353643661,0
612,0.000754985949554645,0.0001411232492082155,1.444792048313226e-05,0
613,0.0002350966834049968,0.0006471608292695272,0.00035543784937571766,0
614,0.0006102242550750953,0.0006784181830214039,0.0008875488425110414,0
615,0.0008857241562075177,0.00029946368134079317,0.000460822491186774,0
616,0.00030412531475129066,0.0005618929259329962,0.0007859022890227837,0
617,0.0009455226251229435,0.00014013423674847291,0.0008414725613219739,0
618,0.00087443965077401,0.00088394961438348,1.4702427302667131e-05,0
619,0.0003758987878249049,2.4041265286631196e-05,0.0008249379334493326,0
620,0.0003026733438835414,0.00033531724299172295,0.0008373725395025534,0
621,0.0009784286747811328,0.000629892522255705,0.0007231989435789,0
622,0.0009535584423211237,0.00024374238766261525,0.00032795348119526215,0
623,0.0009898530651344679,0.00018320146970177443,0.0004120828952054484,0
624,0.0009352419635794632,0.0005247344681769877,0.0006708953885720042,0
625,0.0008627685029021544,0.0009320321542667015,0.00040398959786484156,0
626,0.0007720568442127503,0.0009399548718680742,0.00046537750877087303,0
627,0.0009619034151105313,0.0007948586326171563,0.000720650209967406,0
628,4.8966033791729037e-05,0.0005108544646060525,0.0002976683584869727,0
629,0.00040352141724026014,6.618449510855618e-05,0.0002946160879903892,0
630,0.0009772357002438862,0.00030505030802270686,0.00012593468005214203,0
631,0.0008835312387156414,0.0008758220838888354,0.00016579413307254276,0
632,9.112277752196341e-05,0.0007503683298504374,0.0006331647864105214,0
633,0.0004959272086188421,0.000990175927729575,0.0006438292306516976,0
634,0.0004401812346667995,0.0008428503710524081,0.0006748780408474961,0
635,0.0005706040064086122,0.0002492030694477709,0.0009728984351019444,0
636,7.396497065235308e-05,0.00024609245646533016,0.0004621920754530884,0
637,0.0007811942347135504,0.0007200377856212447,0.00014654874617125812,0
638,0.0009059372150453123,0.0006882095231195254,0.0009206244486053981,0
639,0.0005675616595459758,0.000354294980125706,0.0003846044695824714,0
640,0.0002531654971201083,0.0005713097792217484,0.0006952373773393277,0
641,0.00046637848313015495,0.00030320028794264363,0.0008930493698008513,0
642,0.00024286847662316358,0.0008065896443156007,0.0007278743587957863,0
643,0.0008984020316728803,0.0003029049776207076,0.0007101210957124613,0
644,0.0004390380156305439,0.00024157815042676888,9.857203704284534e-05,0
645,0.0006107089504296101,0.0003891346907042329,0.0007899236923141528,0
646,0.000370164302195135,0.000735636368494632,0.0006500643881782169,0
647,0.0007743028990736665,0.00039233072070649067,0.0003303426629146966,0
648,0.0004903759571605631,0.0009588592308177645,0.0006349003804736521,0
649,0.000909291642724864,0.0008042063055541667,0.0006833222801159813,0
650,0.0004140566972188028,0.0007135569824689472,0.0003810235008710675,0
651,0.0008778539261609178,0.0009407360893261555,0.0005583790409865358,0
652,0.0006731100654133372,6.200928889842028e-06,0.0009544042048613879,0
653,0.0003523292676413972,0.0007493268415679491,0.00029517276971491747,0
654,0.0004259531493865183,0.0005860731697412157,0.0006668206385955532,0
655,0.0008321393177987546,0.0008600174570631814,0.0009921908056000684,0
656,0.0008627120825935141,0.00034218963050461804,0.0003297779708509312,0
657,0.0005532585911870648,0.0002786686534310089,0.00027154378283265044,0
658,0.0004937979568792597,0.0008827895894450857,0.0009164101361153422,0
659,0.0004999055328723813,0.0009071842754425972,0.0006732550141683866,0
660,0.00040889768991910494,0.0005179583546333184,0.0004212350000401318,0
661,0.0009310568397340018,0.00037522652630516486,0.0008611468353865591,0
662,0.0003335501090399231,0.0008620494077858485,0.0004804084081167306,0
663,0.0006257823866311572,0.0009602625282579384,0.0009644858023671819,0
664,0.0004807605390122871,0.00028164866642997133,0.0005777538723026178,0
665,0.0002893736124481416,0.0008060616673526234,0.00031481577008380757,0
666,0.0008623412016270151,0.0008356057454066122,0.000614284196263401,0
667,1.9272931563092065e-05,8.56364604957578e-05,0.00045661624172352544,0
668,0.0003505139575430792,0.0007481701369886485,0.0008744978893763099,0
669,0.0006511707480663033,0.00028061386367838736,0.0009555498656107734,0
670,0.0002846555282646739,5.3875780756445615e-05,0.0005976261044085317,0
671,0.0007597445269607521,0.0003406795039265106,0.0007046432415725108,0
672,0.0006463093821085549,0.0005421056393732806,0.000674158992042238,0
673,0.000689523634732686,0.0006291712112839961,0.0006988879999292141,0
674,0.00033117176114476566,0.0006397312624251797,0.0009587235694209452,0
675,3.79848412201762e-05,0.0001587740683423179,0.0005698087993474757,0
676,0.0003402297265243415,0.0003889545793008954,0.00013101592291029087,0
677,0.0003090171066497325,0.0004588768570832894,0.0009341433104796553,0
678,0.00013330057158774666,0.0009847621042534083,0.0007326663175142301,0
679,0.00035574648859802607,0.0003987951896631601,0.00025061762992555905,0
680,0.00046919721634337266,0.0009292269581645414,0.0006861184344310909,0
681,0.0002502133128914431,0.0003065892838285208,0.0008541288857562337,0
682,0.0008704032401861628,0.00021260254973557002,0.0003906354245442285,0
683,0.0004936092804732168,0.0005222306024224412,0.0006935505779297265,0
684,4.496628538588243e-05,0.00040678746306079374,0.0006437009091721666,0
685,0.0008453768333777129,0.00091111282660465,0.00022731619024852424,0
686,0.0007495124868842766,6.125193894232162e-06,0.0009746538583055739,0
687,0.0001816923055896169,0.00038579879898070904,0.0006687601512384161,0
688,0.0007622533815369942,9.182702997513803e-05,0.00013588489783052972,0
689,0.00018470692388433696,0.0009997671306542805,0.0002333274146069736,0
690,0.0008294286364486412,0.0004658301852185165,0.00015418241568441448,0
691,0.0005908027131125407,0.000692180476925679,0.0004689900408343374,0
692,0.0003718638203894511,0.0008088818443330781,0.0006442960379644271,0
693,0.0008443940012041312,0.00010366520686876912,0.00028649080248507343,0
694,0.0003683757802529023,0.0005884130967047608,0.0008525760387913047,0
695,0.0006162984285521405,0.0007493591947802864,0.0002043836262275406,0
696,0.0005575393567865454,0.0006076262830753472,0.00019316740755700502,0
697,0.00033777022244700915,0.000282062853493962,0.00018405017810923152,0
698,0.000990311139264433,0.0006158109094235909,0.0006543025315328032,0
699,0.0002357032723791619,0.0009272000304486603,0.0008554625177472181,0
700,0.00019305905845610704,0.0004986044455205287,0.0005503001638093779,0
701,0.00010833640659423682,0.0007614334222997654,0.0005227219932133702,0
702,0.0001802277873346223,0.00036474748684098946,0.00014626250879521153,0
703,0.0003486872883253529,0.0001748086476472408,0.000816864356392428,0
704,0.0003916225438735971,0.0006092641767910432,0.0002322646322202675,0
705,0.0007620546684029847,0.0009869604047995657,6.087663861356474e-05,0
706,0.0002518864257271338,0.00027443656729206735,0.0004305182760359042,0
707,0.0008889386458074255,0.0002883125003157716,0.00014941698718022033,0
708,0.00013657613858777885,0.0004591570446962003,0.0001361670471232548,0
709,9.664579271010942e-06,0.00023172520369171913,0.0008344870091364758,0
710,0.0008065012749777995,0.0009967882697074677,0.000681509451903599,0
711,0.0005575716853765034,0.0004486844559490982,0.0006869747186659695,0
712,0.0004946802599826509,0.0006236492012957604,0.0008050678369676316,0
713,0.00036412979172607075,0.00042998821440738455,0.0006729473930247365,0
714,0.000746551070379203,0.00039005506821585337,0.0001952828194201024,0
715,0.0005414646637353493,0.0002152958095033194,0.00021500934509420167,0
716,0.0003151929685543483,0.00029561601611000364,0.0005253432744137054,0
717,2.5437425434294836e-06,0.0003848175069909131,0.0004515695809225242,0
718,0.0007619319911422249,3.8434745916715694e-05,0.00040685391850613654,0
719,0.0004329755819529716,6.679217899274948e-06,0.00013416150068820776,0
720,0.0007826389467770042,0.00037210097026773794,0.0005602911999043812,0
721,0.0003830400334410502,0.00011250860672878916,0.00036464603084982627,0
722,0.0005948262130094665,0.0005988334077130562,0.0005935904855092147,0
723,0.0006230444864354865,0.0005308459771152421,0.0008826466379995579,0
724,2.6508089337661134e-05,0.0005162393786935086,1.1505656609276939e-05,0
725,0.0003156838581237399,0.0006877606822369055,0.0008276858009129455,0
726,0.0009500554903802778,0.0003899146325551466,0.0006074998392824907,0
727,0.0006735354547127123,0.0003977793552678314,0.0008987735029819722,0
728,0.0008247257103160044,0.0007479824417191255,0.0007036010441722941,0
729,1.4800726730214598e-05,6.421718459240777e-07,0.0004254355697122341,0
730,0.0006237265159732025,0.0008085725707677956,0.00040321497881158175,0
731,0.00041821893079931006,0.0005147352940871047,0.0007077197522446191,0
732,0.00019765749395777777,0.00048250090915029565,5.661187659850364e-05,0
733,0.0008849160804387323,0.00011798471544203605,0.00010614935610702003,0
734,0.0008913188855500705,0.0003247503741555825,0.00045748287403770614,0
735,0.00014500133795962856,0.0005546569648413401,0.0006687735438032993,0
736,0.00041828512623131973,0.0004628161238490547,0.00032253041225071866,0
737,0.0008019109814551001,0.00011071865946656956,7.132954174973327e-05,0
738,0.0009122249845399438,0.0006393558503561533,0.0008814840530731555,0
739,0.0003339025465599509,0.000789275394501649,0.0009305294658674923,0
740,0.000371886935414903,0.00030734450760551326,8.270334801774304e-05,0
741,0.0008984758730716919,0.0005498290127486347,7.804023151499418e-06,0
742,0.00043891559483959854,0.000301364055121805,0.0006343921216027966,0
743,0.0006372062670812528,0.0007917725177703852,0.0006412209111176593,0
744,0.0004564094796437025,0.0009937349637381943,0.0002066567997468789,0
745,0.0005731021673600226,0.00017918858400356796,0.00013598218110114557,0
746,0.0005904269021808297,0.0009528136123769076,1.7823825970950448e-05,0
747,0.00039605014034296626,0.0008413607572076388,0.0002181877996421505,0
748,0.0004183786997640323,0.00019086958394898813,0.0008026513763013119,0
749,0.0004201111694600507,0.0009148034097801769,0.0005284906531810076,0
750,0.0005653822591913846,0.0006916342313586362,0.0008166334766140881,0
751,0.0005339657822275296,0.0009802266002038235,0.0005208505975496547,0
752,0.0007735562831298838,0.0005929528042861741,0.0005736446643607228,0
753,0.000961928689059835,0.00042479302973699317,0.0006036801182438749,0
754,0.0008149591485887076,0.0004423274350837988,0.0008893705280158809,0
755,0.00011799688009359632,0.00024596493484089544,0.0008971687711291507,0
756,0.0008490290877605401,0.000666048196508055,8.031808572520039e-05,0
757,0.0002305544850477328,0.0008323981346235344,0.00022917213475565524,0
758,0.0001869410551542009,0.0001270725938257833,0.0007455882376894332,0
759,0.00014553192961169837,0.0005929270701933907,0.000543883659730291,0
760,0.0007123979938864929,0.00044802714052788874,0.0007832954343397748,0
761,0.00023267149456008385,0.00020761543603057986,0.00024407182061434717,0
762,0.000626315097956289,0.0008688113680330915,0.00032936580705240383,0
763,0.0006522208196151495,0.0009686735868743375,0.0008853575334791494,0
764,0.0006811408937413887,0.0007394027241083594,0.0005980630365082614,0
765,0.0004056553284503497,1.744959868340368e-05,0.0008789339662543653,0
766,0.00042403326702964474,0.0007841471096676776,0.00015792269277363692,0
767,6.908127313399737e-06,0.0003798901173183126,0.00047774342498591705,0
768,0.0007604050464681913,0.0009103995492456094,0.0006933898643259279,0
769,0.0006159461058815693,0.000572202215366224,0.0007751806186590757,0
770,0.0008302797456111093,0.0002105487766340941,0.0003182448086628199,0
771,9.410180285439818e-05,0.0001202087862905914,0.0007645656719379477,0
772,4.863632860336409e-05,0.0006394839772659775,0.0007802643053793387,0
773,0.00017007698501074066,0.0003905154310863944,0.0002616225667437349,0
774,4.9057483099804065e-05,0.0006543955468653567,0.0003881769803467199,0
775,8.521361157153973e-05,0.0007565420444255075,0.0006939360720142836,0
776,0.0009236799337733212,0.00017612208822649977,0.0005530938478025118,0
777,0.0006346229624124605,0.00019566192889305213,0.000769667371764254,0
778,0.0008634998924983113,0.000569867228826846,0.00058166992277877,0
779,0.0007530449824750815,0.0005389592529008143,0.0002885784561901359,0
780,0.0008785879912200858,0.0005798686157259715,0.0009200596222700015,0
781,0.00014260148508612701,0.00040475484810448725,0.00026951875648338906,0
782,0.0003150670616333495,0.0007270698239173213,0.0005557695467344456,0
783,0.0006800974930664299,0.000698325368730742,0.000752214814404616,0
784,0.00021278738206997227,0.000744970570460558,0.0008079491462163486,0
785,0.00024736228068348854,0.0009799789649566487,0.0007564891481436415,0
786,0.00023533218778744102,0.00027039205055159535,0.000443032732552518,0
787,0.0004624175160116512,0.000294633687549121,0.00016576442341422338,0
788,0.0005305442033382876,0.0004660725974026756,0.0008982988972641993,0
789,0.00015631937657511387,0.00013974235056387875,0.00036555000654759994,0
790,0.00044565976072544243,0.00036256177738469233,0.00043440819652896135,0
791,0.00039834474084629633,0.0003221634328345363,0.00019183918970941584,0
792,0.000684653664774543,0.000306749011132468,0.0002834907957480192,0
793,0.0003427362538158056,0.0008740739468862167,5.59504142557209e-05,0
794,0.00038544468196217264,0.0007340169119626412,0.0009396873061552389,0
795,0.000922466181739739,0.00019130844189254882,0.0004914295500877476,0
796,0.0009429888409758345,0.0007561688790125975,0.0009374306547540829,0
797,0.00030194989908803203,6.991035059691675e-06,0.0009642490043984075,0
798,0.00030018116156756993,0.000593945860720537,0.0009052434802717496,0
799,6.250567971854726e-05,0.0008338316004984489,0.0008776971118675048,0
800,7.592356801973187e-05,3.675996584597452e-05,0.00038133822992062394,0
801,0.0009602939684697414,0.000722839477648454,0.000555968146454717,0
802,0.0006591334485090208,0.0005708065575464718,0.0003769247521784981,0
803,4.5139921901186876e-05,0.0001335599372807409,0.0007607235668694043,0
804,0.0005114171877620372,0.0001939045905645427,0.00024977076897120975,0
805,1.288193079041644e-05,0.00029267257034461513,1.3418291932799643e-05,0
806,0.0006936350534421223,0.0004728914737729013,0.0008869732046612444,0
807,0.0008078751781510746,0.00044627349536636085,0.00045896718252971515,0
808,0.0005705304324348853,0.00040282834842012585,0.0009231030786708768,0
809,0.0009374544458166265,0.0005507148696284239,2.5299701178804758e-06,0
810,0.0007196106404386852,0.000882580290346491,0.0006036968853615248,0
811,0.0005485409529261386,0.0008033523775576973,0.0006732221843546937,0
812,0.0009045616052140427,0.0004951408271008408,0.00059592836998219,0
813,0.0005251590570804858,0.00032725519145414804,0.00038119187046237516,0
814,0.00048656814096010795,0.0005127312913498184,0.00030049081492049235,0
815,0.00032951599799532603,0.0007561647542943347,0.000673094917525431,0
816,0.0005623406869957985,0.0009807079492837052,0.00016394738643860584,0
817,0.0005376055325449345,0.00022961839255625972,0.0005210656019874435,0
818,0.0006873139932821427,4.576811634408562e-05,0.0005378853541423872,0
819,0.000938047988246292,0.000718626087863048,0.0002766478076466935,0
820,0.00011272762258850455,0.000614086093623612,0.0001863918920583244,0
821,8.341636118396356e-05,0.0009580571551899905,9.092614566470181e-05,0
822,0.0008422155172645705,0.0008945333736182755,0.000386656955560633,0
823,0.0003863320059491312,0.0008921786042964766,0.0006988013076095532,0
824,0.0008594804092769144,7.667689895432628e-05,0.0007468942021218962,0
825,0.0002704630624455684,0.000977898389290891,0.0009682496008942315,0
826,0.0008978740792119547,0.0002884784680391995,0.0006719527752675935,0
827,0.0009444095477100548,0.00014188533374982838,0.0005825889494505389,0
828,0.0005437066524384446,0.0006593534000572333,0.0008793889777863822,0
829,0.00045497666442084473,0.0009683135224436856,0.0004908676216031005,0
830,0.0009684566861495018,0.0004369703880416519,0.00043418958359223213,0
831,0.0003880655953921983,0.00015792689942871309,0.0005750831497286656,0
832,0.0004578893107657026,0.0001545998927962935,0.000256150894694947,0
833,0.00026341422602934575,0.00031461162035698465,0.0009556704590833517,0
834,0.0007729201584961949,0.0001362206266391579,0.0005873716243478479,0
835,0.0007313099284937592,0.0008968054731531407,0.0003241120612401083,0
836,0.0002476386089484506,0.0006144239700376852,0.000432232052577359,0
837,0.00044531668164812544,0.0004988366596698465,0.0005715051983406607,0
838,0.0008352938757060268,0.00016582140091689378,3.2474931134076514e-05,0
839,9.908596158242999e-05,0.0002989073918289039,0.0005060616660580561,0
840,7.697780579910007e-05,0.0003575219178775947,0.0001373223910348632,0
841,0.0009425078687849664,0.0009687215265744453,0.00042805867450652104,0
842,0.000666847510087495,0.00033996774710381115,0.000262224450511483,0
843,0.0007781445537933899,0.00037495583837071677,0.000661002966897178,0
844,0.0006674283668904096,0.0002514004128166453,7.847317683415267e-05,0
845,0.0002414621298360774,0.0008434133322347103,0.00013912068228006603,0
846,0.0005033224681664252,1.1848328578025757e-05,0.0002160442520756153,0
847,2.8149002125194444e-05,0.0006125658579864586,0.0001260398545934477,0
848,0.0003953363286101377,0.0007835832102733334,0.0006247733898932943,0
849,0.00019514403489823763,0.00016298475693944303,0.00023867689919364766,0
850,0.0002666991277823406,0.0008291224502711844,0.0008685951481549306,0
851,0.00041305301809341644,0.000998288758897698,0.00043622316979556884,0
852,0.0007441730600074836,3.271365292626172e-05,2.8573802710599507e-05,0
853,0.0003869619082412866,0.0007800020052864492,0.0009383169628378138,0
854,0.0005838305398583556,0.0005824392073784622,0.0008423182587973814,0
855,0.00019868406603463484,0.00037917010331570735,0.0008073498719487269,0
856,0.0005127547617118257,0.0004030472699154016,0.00015614366469781095,0
857,7.842725798821815e-05,0.00026732864073398177,0.0003281218726756714,0
858,0.0005476152982323268,6.740846146510649e-05,0.0005916530660832087,0
859,0.0009017010380937765,0.00015933114193897858,0.0003931440840038478,0
860,0.00042370705809969666,9.023294806467253e-05,0.0005278702466582058,0
861,0.00022526837124133825,0.0005259110645281684,3.9175229279628354e-05,0
862,0.0004064533624421044,0.00044567319178129993,0.0009906311707473395,0
863,2.3424090044342762e-05,0.0004872796607448262,0.00036435306986821916,0
864,0.0003363990504689949,0.0009529333592863515,0.0004704483814591984,0
865,8.167422842572558e-05,0.0005831600875713138,0.0008951698818895281,0
866,0.0005964272138191231,0.00017440596956257414,0.0008627038833138454,0
867,0.0005304142902858177,0.0005871456296458747,0.0006368602850003088,0
868,0.0006960678510142621,0.0005916060714502758,7.670559277404866e-05,0
869,0.0009494622560533584,0.0005946196105903681,0.0008941812903670202,0
870,0.0002766937058592618,0.00038026022829098594,0.00048774460730577953,0
871,0.0005623173289864742,0.0001358335482101043,0.0005672711270738905,0
872,1.2018318808233786e-05,0.0001595525916862426,0.0006999607196684028,0
873,0.00028254979622442,0.0007324555383754201,0.0005226802147234135,0
874,0.0009811495128192104,0.0003737691922473682,0.0008857484779830489,0
875,0.0007138285969212239,3.943037093485746e-05,0.0006781815643323861,0
876,0.0005889425985859711,8.934983142838849e-05,0.00032667897035461513,0
877,0.00023352711700887053,0.00024807556236730935,0.0002899362597121663,0
878,0.0004348712262109723,0.0006391036753417398,0.00042338392403436687,0
879,2.4591355293490656e-07,6.651989024928484e-05,2.0331257683137038e-05,0
880,0.00028464707018560333,0.0007989794293677804,0.00011397205126334464,0
881,4.393080242865388e-05,0.000798397259596071,0.0005286481644157001,0
882,0.0009851661513072265,0.00016155084816442834,0.0009866827835393612,0
883,0.00037147749186842175,0.0009166801653317155,0.00012698224885413534,0
884,9.896294795776272e-05,0.0004155481331248038,0.0009958790302955567,0
885,3.214434671007349e-06,0.0004907962043359911,7.843997867134977e-05,0
886,0.000627536787991313,0.00012988777941594587,0.000550909281869991,0
887,0.0007279095420179244,0.0002749275968984163,0.00033499467224918446,0
888,0.00021162668863687574,0.0009604989655917451,0.0009145876531176931,0
889,0.0009546994439550672,0.0004883881461227413,0.0009103186416124614,0
890,0.0002844196455382806,0.000776076768304818,0.000892288843564986,0
891,0.0009176402199870184,0.00027444022575880345,0.000545367738733783,0
892,0.0006939801996059534,4.852413115746312e-05,0.0005189473582527212,0
893,0.00039461751282818757,0.0004259099675204231,0.0004457586594514139,0
894,0.000857205860228841,0.0009491717104111604,0.0001337854919371303,0
895,0.000539051608557968,8.419574868632129e-05,0.00036421123084897776,0
896,0.00015347863578715838,0.00017396521508826845,0.0005080087517574543,0
897,0.0009647722124160183,0.0006148960658336831,0.000800411217740177,0
898,0.0007320034932919032,0.0007326977328947289,0.0008557454824058642,0
899,0.0008120139458256427,4.952065334117928e-05,0.0009293960212405485,0
900,0.0002691486472972934,0.0007063690226776946,0.0005053318238647308,0
901,0.00016201076790005876,0.0009584561414486081,0.00033977285991899567,0
902,0.00038918891278850586,0.00037835938918094706,0.0001732726012529613,0
903,0.0006155531924577753,0.0003610639017451339,0.00017717443162306123,0
904,9.690965567121279e-05,0.00020175690969242567,0.0008202957757706628,0
905,0.0006726599561974549,0.0005166401220947834,0.0005596900902051117,0
906,0.0003195784798513773,0.00048661951925745185,0.00035767802955249104,0
907,0.0004115655460226646,0.0005338596814114902,0.0009114386769410397,0
908,0.00011956629447146872,0.00048746247149826684,0.00010868746538743967,0
909,0.0004050254439935439,0.0004764580824344943,0.0003906324246057793,0
910,0.0005302428010263375,0.0004028670545797398,0.0002870710969692597,0
911,0.0007229896231847702,0.0008831438506523623,0.00037906218834547555,0
912,6.013041165399347e-05,0.0004440916665349153,6.947385205432855e-05,0
913,0.0005149521210651692,0.00021911107014034104,0.0005352271980031594,0
914,0.000718359104562616,9.360975974998098e-05,0.0006536267459660584,0
915,0.0009875485538561823,0.0009462412934684426,0.000949437095482057,0
916,0.0003123718549770632,0.00018659876568489443,0.0006053840395620662,0
917,0.00023870199696802085,0.0005171825390212258,0.0006412117349854908,0
918,0.000879331602255258,5.721268611377517e-05,0.00013859280016405575,0
919,0.0009971751758318477,0.00035697891060931477,0.0006259210182910371,0
920,0.0003585714300086086,0.0007468009611134004,3.221518059994899e-05,0
921,3.716497834761956e-05,5.37015753091078e-05,0.0008374759094190599,0
922,0.00011634898628546242,0.0007699552120141724,0.0008895983091152584,0
923,0.00012675609644188944,0.0007669327143555757,4.502501791469937e-05,0
924,1.6339559992952668e-05,4.408991822173136e-06,0.0009742270955491094,0
925,0.0009269204868105382,0.0007694439283323557,0.0006682430652692185,0
926,0.0003601272061808499,4.00788367488627e-05,0.00022130982966312218,0
927,0.00016468139916982116,1.95928217354131e-05,0.00043625041020748544,0
928,0.0008066155851885882,8.291279156025389e-05,0.0003422359934687841,0
929,0.00022402226277544503,0.0001563630100633906,0.0007846848135170801,0
930,5.525216798565003e-05,0.00013782801956307346,0.0009338326400239638,0
931,0.0005886890845852895,1.1299368418370426e-05,5.964101064509842e-06,0
932,0.0009605322170105678,0.0007802611218697996,7.855877966798919e-05,0
933,0.0003003425202854554,0.0006391405111884588,0.00019189258246227582,0
934,0.0007733276147386304,0.00044754284635465015,0.00038434124992321397,0
935,0.0004404390663415304,0.0005387948818966035,0.0009954411097151802,0
936,0.000803600480660855,0.000932236309603657,5.963985038342379e-05,0
937,0.0008775755641463569,0.00038430022713835355,0.0006792261795348571,0
938,0.0003712236242565967,0.00015972856561142324,0.0009783354124433415,0
939,0.0009518483373995177,0.0007081844472041014,0.0005817374226354493,0
940,0.0009070149178577065,0.00042968764966285855,0.000505258415940707,0
941,0.0006495998761377979,0.0003010957100520666,0.0003912545356328179,0
942,0.0008173415034886499,0.0008186892945589996,0.0002522947072140681,0
943,0.0009659348909086982,0.0004122661045681996,0.0009178909716286042,0
944,0.0006358603741179757,0.00027514521798873684,0.0007323059045079997,0
945,0.00046391028785630373,0.0008708607126085402,0.0008789710608028423,0
946,0.0005689793185572434,2.33036794569772e-05,0.0006471578124288002,0
947,0.0007914678909407576,0.0008254230256026632,0.0006836420905293433,0
948,0.0005965008481989615,0.0009780417560842736,0.000750880753909281,0
949,0.0007463162987938538,0.0004886312557816901,0.00027215364130907363,0
950,0.000876330008429981,0.000900300632790336,4.1449422524776684e-05,0
951,0.0003563270216582004,0.0007970432771775253,0.0003542291607363102,0
952,9.946716756446284e-05,0.0004603483455094598,0.0003663340924371996,0
953,1.0439301273286628e-05,0.00026299616434956254,0.00020914435836196988,0
954,0.0005956724947097669,4.022068703396908e-05,0.0003480634101434789,0
955,0.0005025444894918926,0.0006585579846748785,0.0006928437411749582,0
956,0.0001909784750155895,0.0007350580053883092,0.0006878457034166113,0
957,0.0002976388521598874,0.0003299770328382464,0.0003563325023434909,0
958,0.0003649534336239563,0.0008508644957357191,0.00016495223071838705,0
959,0.0003258995136872269,0.0009492998908712242,0.0005341053617282293,0
960,0.00043794142572436235,0.00017720856220112825,0.00033657464381586723,0
961,0.0009827184609197475,0.00014928486418720898,0.0002258893870927262,0
962,0.0008018062438320855,0.00020232739501890797,0.0005874793925097943,0
963,0.00019618225492372166,0.00022579313732771058,0.0006194144487434455,0
964,0.0009726576697989224,0.00013801468583520994,0.0008998956236152725,0
965,0.0006802809123266602,0.0006250669550018728,0.0004955892370073049,0
966,0.00019421644031324982,0.0006671892969839264,0.0008626917275875263,0
967,0.0004803652103515824,0.0009566476843119437,0.0005548214216465902,0
968,0.0008760963296774502,0.0006671737437350293,0.00041172658584892597,0
969,0.0002308538760219123,0.0007116138863028008,0.0006292424642642638,0
970,0.0005329228301700064,0.0003669139192339397,0.00031537415817495577,0
971,0.0009766398282902026,0.00010321913068371102,0.00015372084508569005,0
972,0.000833637532937931,0.0003786360669836696,9.987135911799549e-05,0
973,0.0001941197521591258,0.0005463044542284464,0.0007647570794935036,0
974,0.0008810837776347608,0.000349798560294025,0.0006778086772286415,0
975,0.0004600143169349985,0.000272970066669427,0.0006280499216203306,0
976,0.0007619012388929427,0.00046015906516498465,0.0005384187580905292,0
977,0.0006386000004151315,0.00013459082379850128,0.0006242694636874825,0
978,0.0002080669133983838,0.0001884884252201583,0.00022486246407105404,0
979,8.726350671396954e-05,0.0008897337230623081,0.00039674128057574253,0
980,0.0009229354492893333,0.0006547648985093232,0.0002548568669483904,0
981,0.0002767527142649818,0.0006365884457584232,3.944705620208477e-05,0
982,0.0009456388569763029,0.00010227514307452401,0.0008838733136942297,0
983,0.0004126261533459766,0.00044037003561211307,0.0006561936585922468,0
984,0.0005225930075206829,0.0007624196607228694,0.0006923166198709023,0
985,0.0006936099599950213,0.0004111261805538994,0.0005233572465039423,0
986,0.0004621034525213041,0.00026484233218733433,0.00039219820960507013,0
987,0.00038862342540988624,0.0001295233286065226,0.0008601618640572121,0
988,0.0003796152238872439,0.0001547710862149062,0.0007784704796273256,0
989,0.0002978551968500016,0.000841708898952468,0.0002996384345503271,0
990,0.0008543653134222409,0.0003657914967873973,7.913063989945802e-05,0
991,0.0006775751170894826,0.0005699736357515443,0.0007852394586626545,0
992,6.793958138678968e-05,0.000809503260966671,0.0003969467630566623,0
993,4.46444531998833e-05,0.0006549893019736949,0.00027121582292018555,0
994,0.00020736631786070358,0.00039762827429816293,0.00041629189380627086,0
995,0.0005949603039670253,0.00034564350402162313,0.0007523965611681754,0
996,0.0004255686575080937,0.00036633181869098297,0.0005666378853889114,0
997,0.00042339249509571066,0.0002589127494750343,0.0003923288755544863,0
998,0.0005277121301193329,0.0005239325463042933,0.0006087129706062803,0
999,0.000778160066332248,0.0001106687548148203,0.00025769461369994117,0
1000,0.0003695816404748662,0.0009092182651594691,0.0005095836319315599,1
1001,0.0006499001706275758,0.0009406366772418763,0.00097972584734345,1
1002,0.0006460739454452361,0.0008984890558014507,8.511548349302556e-05,1
1003,0.00016261206336371325,0.0007499534946020317,0.000617861581023005,1
1004,0.00025669111669397363,0.0008830127906879011,8.36902724362767e-05,1
1005,7.987037183095281e-05,0.0009197747948171565,0.00023781524340653183,1
1006,0.0008390272435638439,0.0005933553926156511,0.0001168122464663448,1
1007,0.00020530175990189392,0.0003540911370395753,0.00012941664583534441,1
1008,6.124984735124972e-05,0.000846455902607235,0.00010590040083101416,1
1009,0.0005772460122342818,0.0008259508022316777,0.00017854471030738405,1
1010,0.00028877987603576603,0.0008038495801505587,0.0004420486257463623,1
1011,0.0005084316720182953,0.0006500337677315057,0.0009364510678123408,1
1012,0.000586622408604333,0.0006726851208628455,0.0004124334353871718,1
1013,0.0007196646046728485,0.000808720175139529,0.00019295596203591848,1
1014,0.0007120515769941089,0.0007818489992383823,0.0009678149339393868,1
1015,1.698791867055638e-05,2.321999455580892e-05,0.0003524706218683945,1
1016,0.0005260926344422523,0.00022597697496049463,0.0009758053342763922,1
1017,0.0005438898482180952,0.00021922527151585792,0.000288478832384097,1
1018,0.0007583678312798921,0.0008969681760710896,3.6498820012601185e-05,1
1019,0.00046034198793074114,0.00024290946193313134,0.00012123286555038516,1
1020,0.0002266658769777823,0.0005550997416995246,0.0003655890188666191,1
1021,0.00039277854799193567,0.0004819558037857258,0.0009530493567915206,1
1022,0.0007597099774716647,0.00026567020509739016,0.0006840701816458028,1
1023,0.0007269504505999061,0.0007322287462370126,0.000849429900271609,1
1024,0.00015914354954035614,0.0002770887732004642,0.00075877315748175,1
1025,0.0009627701549406682,7.096760557869387e-05,0.00028639195348803694,1
1026,0.00013997963498904386,0.0001354042177518522,0.00030865997053302474,1
1027,0.00011312196047335432,0.00030297489613901316,0.0009858228332696633,1
1028,0.0007733451339993063,0.00030028616513474125,3.7396685966337605e-05,1
1029,0.00010786022047142097,0.00032191198562505296,2.157606702880477e-05,1
1030,0.000622896016373859,0.0009225797563426895,0.0006430625588020713,1
1031,0.0007852246288736457,0.0001554069027003363,0.0008454964446634554,1
1032,0.0006759049459144543,0.0008327246200065424,1.6221213172785687e-05,1
1033,0.0008125583747047305,0.0001764696990513043,0.0004833349375091439,1
1034,0.00040253880805293107,0.0006100986238806038,0.00030764158860798775,1
1035,0.0008851736669911508,2.1635546429184637e-05,0.0007314500708370414,1
1036,0.000618788677764631,0.0004327161694667828,0.000648436266654228,1
1037,0.0004548243127286932,0.00019897498056630514,0.0009424862725024004,1
1038,0.0008491327104106735,0.0008120467290037913,0.0004477855813688817,1
1039,0.0008384256343045493,0.00025650403128229106,0.0009385457211504787,1
1040,0.0009523425611501897,5.0036809735390596e-05,0.0005449591994367579,1
1041,0.0007924414568338056,0.0006931373020394688,3.960696193376945e-05,1
1042,0.00013390017620132,0.0008214594461855347,0.0009245126411917519,1
1043,0.0006264121501794071,0.00041364105189718703,0.0007340408619141898,1
1044,0.00047122147497991274,0.0004004825110606937,0.000829365219327035,1
1045,0.00042338351031435387,0.0006217885158712499,2.816778246094165e-07,1
1046,0.0006451072650823057,0.0007097238414109741,0.0009452158120601478,1
1047,3.969642389697581e-05,0.0006902554729492568,6.561370554771174e-05,1
1048,4.527733108438348e-06,0.0009878106767914757,0.00037612678057108553,1
1049,0.0007053462741852517,0.0004268558901020454,0.0009138086080636743,1
1050,8.187061920466777e-05,0.0007896211285574779,0.0002908284109606267,1
1051,0.00011816193934543284,5.633281367851761e-05,0.00017873701689339472,1
1052,4.276740071967889e-05,0.00010636929774950155,0.000779866116824921,1
1053,0.0007688262428225267,0.00033444486212206404,0.0005944903988486221,1
1054,0.00013007014728987065,0.00025659912050478295,0.0004932381501518884,1
1055,0.00044683676903712813,0.0007763782870991576,0.0009822051740114642,1
1056,0.0003817634194060798,0.0007708615520867349,0.000513696511259376,1
1057,0.0007716631054822933,0.0003706377430529226,0.00020016565872437198,1
1058,0.0002161443527069782,0.00013877021466428242,0.000299640651266366,1
1059,9.280721285923055e-05,0.0005825549600431921,0.00022371467178833605,1
1060,0.0007511521745938183,0.0003925051684798159,0.0007184846916735195,1
1061,0.0006881011803480715,0.0006939058658592913,0.00028546219639599923,1
1062,0.0006019350050122744,0.0005490745029630149,0.0009726377460998366,1
1063,0.0005386316159867745,0.0009507494153085927,0.00025163725763575515,1
1064,0.0006733230204335362,0.0003327891012825447,0.00010791937580263056,1
1065,0.0005798581514419983,0.0006552784832472922,0.0005230653810939553,1
1066,0.0002295136424696379,0.0008670152163439373,0.0007847773537861191,1
1067,0.0002723056196679461,0.0003979915572014596,0.00013412328709824683,1
1068,0.000777571635874634,0.0003452827413680655,0.00021012934320471167,1
1069,0.00021653471849403794,0.0003534619144410195,0.0006638915694743971,1
1070,0.0003393187127627242,0.000737421909837772,0.0004883419887984715,1
1071,0.00022811566008213135,0.000704511072823014,0.0004959581163436165,1
1072,0.0007323665255640492,0.0005972165595003728,0.000934206014534017,1
1073,0.0009025424462121009,0.000649283668220582,0.0003285411718946262,1
1074,0.0008128521274157037,0.0009114385408293113,0.0008038780783996657,1
1075,0.000974890418721562,0.0008360546959938804,0.0008678813200161725,1
1076,0.0005711605912618937,0.0004387515050765452,0.00042614820006800193,1
1077,0.00026377136242535925,0.00027495136100003136,3.3197409890263984e-05,1
1078,0.0006105851719865724,0.0007257458625790278,0.0008842333675451183,1
1079,0.0007340783456002313,4.950965937976148e-05,0.0002805473413887106,1
1080,0.00015686941565231716,0.0007615574007527774,0.000505681269889937,1
1081,0.0008106922942318399,0.0003486773865375975,0.0004943038874917041,1
1082,0.0005501244112630391,4.8174116816786296e-05,0.00014823745148647438,1
1083,0.0006862768302932296,0.0003803439303364493,0.00018269238550519185,1
1084,0.0007341864995669904,0.0005447449153582862,0.0004820911502288813,1
1085,0.00030993373472558395,0.0009953644967184943,0.000806896206661947,1
1086,0.0007706337360790813,0.0006246128020285745,0.000887780816075665,1
1087,0.0006886873669290286,0.00010448383986215637,0.00023095313764667614,1
1088,0.0008189688955162395,0.00022651565307077738,0.0004897232903291576,1
1089,0.0008522436721229719,0.0007735708665480723,0.0008731227003588894,1
1090,9.70987500190923e-05,0.0009558971450113198,0.0004235018159807711,1
1091,0.0006009236141879751,0.0007513971790545363,0.0009507474494517289,1
1092,4.064558504407634e-05,0.000535141999072955,0.0009164220016725217,1
1093,0.0004336525258431645,0.0003135545911172627,0.0004780965518288722,1
1094,0.0008099272371560122,0.00010583412932903314,0.0003942397786920643,1
1095,4.837412788911488e-05,0.0008802779778542682,0.0006151224942869361,1
1096,0.000662617154937563,0.0007630242273592189,0.000325102275408243,1
1097,0.0006271365151322636,0.000487588245734269,0.00035220880548304643,1
1098,0.0009159962654350101,8.61020618414432e-06,0.0007907174433678741,1
1099,0.00015335106645735885,0.00011803989239377533,0.0002194521597245629,1
1100,0.0008756354301879614,0.00047709917463835893,0.0007488326949903124,1
1101,0.0004942573602642234,0.0008052983805721329,0.0008787337959204974,1
1102,0.00031727477072482347,0.0008489966704695732,0.0009325468758953673,1
1103,0.0009013029447228295,0.0006954235894404153,0.0007265499729348639,1
1104,0.0007960783118672394,0.0005274675233745311,0.000655637673217123,1
1105,0.0006489260984974585,0.00015954961051643725,0.0005863036691408903,1
1106,0.000614237305981127,0.0006952918718632667,0.0009432053437263623,1
1107,0.0006595400237403247,0.0009060299865189066,0.00020011592434899918,1
1108,0.00026587950493549663,0.0006059263701531072,0.0008884802428248892,1
1109,0.0003263028811568286,0.0007460322790491812,0.0008427011869841388,1
1110,0.0007101309861406074,7.19553422320316e-05,0.0007708445595804138,1
1111,0.0009375981111556058,0.0005506443266501184,0.0006322440704028571,1
1112,0.0006929026940705607,4.545522810253522e-05,0.0009728837185484874,1
1113,3.7665163105781607e-05,0.0007082199341512297,0.0004346279687258727,1
1114,0.00035729154284229036,0.000534920654783992,0.0007365423039719035,1
1115,0.00011522563647111528,0.0008448958367193741,0.00019943537807361357,1
1116,0.0009420060195747943,0.0008722893525468551,0.00038262168594434774,1
1117,0.00018747409943291115,0.0009183892907091961,0.000359653148877648,1
1118,0.00070589686889041,0.0009135859472389405,0.0006770853654100841,1
1119,0.0006310002937155626,0.0003447226136703464,0.0006593851332086407,1
1120,0.0004854235579763232,0.00045650797300595536,0.00011250284866599237,1
1121,0.000368565225898253,7.400564224047012e-05,0.0005548240838820067,1
1122,0.0005721447780940789,0.0009836463046990116,0.00011614600798779495,1
1123,0.000977957177427375,0.0002944805121230981,0.00025441088217633567,1
1124,0.0009788371722535907,0.0003446999820874873,0.0005574791824836811,1
1125,0.00035699294994514873,0.00028493324365242215,0.0007304533392348528,1
1126,0.0007656034056868606,0.0009805177639048974,0.0005672496867694865,1
1127,0.00015982258088244629,0.0007372552936169372,0.000964507552135858,1
1128,0.0003851973332766956,0.00017750843739129752,0.00033575115777628663,1
1129,0.0007212189855174784,0.0008400303544647263,0.0007937543787015128,1
1130,0.00011919848343207884,0.0008803919255886989,0.00020493955423420796,1
1131,0.0007724878515865676,0.00033175733081790314,0.00010461810629339952,1
1132,0.0008624052550507168,0.00024374864409964958,0.0001493560143350804,1
1133,0.00042589692761331276,0.000633992979528231,0.0003319649090552318,1
1134,0.0008714545469098615,0.0006797244972947237,0.000693659227168318,1
1135,8.165652549132807e-05,0.0005211966687588163,0.0006357893183435832,1
1136,0.0003516737506032053,7.226683535913114e-05,0.0008992961142859357,1
1137,0.0007409532484648221,0.0009391960640228858,0.0009725296297130246,1
1138,0.0007059763535936633,0.0006987189787792782,0.0006325852862258451,1
1139,0.00016698865763643058,0.00020899179524975153,0.00034669598201657613,1
1140,0.0001069599483005571,5.5691329796825455e-05,7.651231911461331e-06,1
1141,0.00013026115160968,0.0006808695830275303,0.00030622929729548476,1
1142,0.00044414556384595816,0.0008170150079229716,0.0007338485900659648,1
1143,0.0008800453598658415,0.0008379517085642954,0.0009537135569883228,1
1144,0.00021162266635048088,0.00023417536185423761,0.00011141494330726176,1
1145,0.0008707009662274472,0.00062887145582758,1.989740883700375e-05,1
1146,0.00040856858058322255,0.0005738494964201314,0.0007943795501990632,1
1147,0.00013189723256387009,0.0009700139503324238,0.0008416916887341686,1
1148,0.00040864575364507475,0.0005913050821248541,0.0009554264617244625,1
1149,0.00045553852844618895,0.0007511090487658943,0.0009540873389266571,1
1150,0.00043113098543088793,0.0006332460353926862,0.000477705974484707,1
1151,0.0008206279577399245,0.0008399252601201996,0.00016257192363853824,1
1152,0.00019865017640755944,0.0007571290319043585,0.00027046784606944366,1
1153,0.0007229522661626654,0.0002577730105100051,6.675856213406339e-05,1
1154,1.2411578512749877e-06,0.0005655874714731123,0.00012363216236964292,1
1155,0.0007999222826126177,0.0008761179095806697,0.0006206775094902122,1
1156,0.00031841999431167246,0.00041863361483065667,0.00041445279927427117,1
1157,0.0007488898530578276,0.0005017762550878148,0.00011490407772673727,1
1158,0.0007810226445843126,0.00023160090440934634,0.0008992360427617334,1
1159,0.00019660140640519752,0.0008793245093974957,7.976282152188818e-06,1
1160,0.0007576089630845097,0.0002556552112122116,3.739574837753368e-05,1
1161,0.0008393722972747612,0.0006511899516366657,0.0006354556098377932,1
1162,9.719111621925103e-05,0.0003040096683134047,0.0002440494846328526,1
1163,0.0001429435480748572,0.0007970179860818734,0.000742328668273065,1
1164,0.0008797863577148639,0.0003802209555504508,0.0005678365426778733,1
1165,0.0004314815616788873,0.00023988674403800127,0.0008145286188686444,1
1166,0.000429223377370351,0.00023715602363643784,0.0007720090250980816,1
1167,0.0003940960946721507,5.019421863026108e-05,0.00039999515052416724,1
1168,0.0009657551143433408,0.0007773517609339896,0.000658595099020787,1
1169,0.00032167427341033564,0.0006806010358178535,0.0008399803425623194,1
1170,0.0004089324968240238,0.0007351128815506865,0.000831783755162972,1
1171,0.0004741202055461785,0.0008756308701279249,0.000690622171280205,1
1172,0.0006170421571937381,0.00047592556828467613,0.0005043131578899052,1
1173,0.0009785868959956967,0.00070765020156472,1.6552530431717562e-05,1
1174,0.0007553842929684599,0.0005286124569474103,0.00025912974752230245,1
1175,0.0009228644207461286,7.23500303733271e-06,7.947111362963e-05,1
1176,0.0009587092527334611,0.0008579420870249097,0.00018386059142020973,1
1177,0.0004763249722088325,0.0005999056939424425,0.0007429191149719534,1
1178,0.0007735995145773458,0.00053306526353087,0.0004924532427764508,1
1179,0.0008464999511954825,0.0007523299842395336,0.00020782688589728805,1
1180,0.0005906270544549197,0.00013620276504988893,0.000474831089508767,1
1181,0.0008164890079148047,0.0001327375595179139,0.00030148941279534603,1
1182,0.00017347431328668163,0.0003508566737688026,0.00022724055593823677,1
1183,2.4893251810622962e-05,0.0005284130200087812,6.11687806490857e-05,1
1184,0.0009971751551240498,0.000574601634981055,9.53806434232346e-05,1
1185,0.0004190442258675279,0.0005822798755515832,8.786665676804106e-05,1
1186,0.0009672414634132493,0.0005884544983044077,0.0007540716068669474,1
1187,0.0008600650722644989,0.00018727809067783008,0.0006157840930949058,1
1188,0.00013983261314624463,0.0004013520669981712,0.0001183927119911351,1
1189,0.0003275386045440325,0.00023295640589288192,0.0006138392732492701,1
1190,0.0005369790779007449,0.0004631272471355804,0.0007587762885937576,1
1191,0.0006523976828392186,0.0002900791482227516,0.0008346669819502016,1
1192,0.000525236226352143,0.0005830105763127621,0.0006705161298834904,1
1193,0.00029406148182736623,0.00014113365398036204,0.0008261890599463088,1
1194,0.0005542024157170881,0.00042397731379080093,0.00035210717461526533,1
1195,0.0007257347821812895,0.0009254310299767378,0.0008262835130130263,1
1196,0.000686889985788009,1.4512518516850981e-05,2.505123181729818e-05,1
1197,6.765044113686481e-05,0.0008207853947357807,0.0005189954703808473,1
1198,0.0009385810026119229,7.590932644885518e-05,0.000979653069511841,1
1199,0.0007955785718954785,0.0009266112618532858,0.0007798119576312153,1
1200,0.0006801187368758363,0.0006602845941439821,0.0008167980545672608,1
1201,0.0007543193450773195,4.970184308265502e-05,0.00020957266498118155,1
1202,0.0003123037763635164,0.0007269975267498541,0.0006430217350021372,1
1203,0.0002754389024443604,0.0002977036256210166,0.0008606897223701745,1
1204,2.4003788026642492e-05,0.000812040333168149,0.0009143640441162808,1
1205,9.349872400559523e-05,0.0005048039318157258,2.3236044763230268e-05,1
1206,0.0009115305693620307,0.0007204169261868552,0.00015909183801256666,1
1207,0.0005171094407554768,0.0006883124478638436,0.0007295568110991218,1
1208,0.00014027314521469593,0.0005504391218176466,1.7585750697675096e-05,1
1209,0.0006302471541157165,0.00037255313210349993,0.00031062787590464483,1
1210,0.00038545335097732756,0.00018166901326070183,0.0007212362634552279,1
1211,0.0005170719196973755,0.0004138525775554609,0.0007974631447930929,1
1212,0.000988780967598658,0.0009234732970283127,0.00011341823008534625,1
1213,0.0005936308612884565,0.000222714533093877,0.00029058837739776234,1
1214,0.0005809612474288565,0.0008177229944210141,0.000557663289274106,1
1215,0.0008518593312145778,0.0008966695562183827,0.0007128883268885101,1
1216,0.0005706090577145532,0.0009348002889798672,0.0007461000540133695,1
1217,0.0005238119767501782,0.0002846527206275097,0.0007448300011145948,1
1218,0.00029390057423066084,0.0004126759683643205,0.0008724866404420205,1
1219,0.0007856596714092382,0.0002629765088303679,0.0005895560398030955,1
1220,0.0008692682246445639,0.0008647085717809852,0.00041598894840083936,1
1221,0.0006237473568812377,0.0009626224368945885,0.00010267138109216601,1
1222,0.0006514597366315707,2.7233039649745884e-05,0.0002636844611566985,1
1223,0.00045705154555137386,0.0007801815356048267,0.0007211783400480574,1
1224,0.0006067837239184447,0.0006436516049717672,0.000714169483296312,1
1225,5.6310305053493995e-05,0.00032843888112833275,0.000126527054684048,1
1226,0.0007277948538701349,0.0009175020988405292,0.0007773516708963152,1
1227,0.00042734838315300404,0.0005584792045697261,0.0007717161179716732,1
1228,0.0003855910770740401,0.00032466708714763904,0.000968142838220297,1
1229,0.0002856238834523379,0.0005472781357566036,0.00020005200191282026,1
1230,0.00048235328878916796,0.0002534563924061155,0.0005167836865097307,1
1231,0.0006652428458509079,0.00044317380280094475,0.0002679985456624221,1
1232,0.0006264173880836803,0.0007096376748313845,0.0006487372530609815,1
1233,0.0004199699939118023,7.645739121222761e-05,0.00011794416478944769,1
1234,0.0002583558204028311,0.00035405186612463325,0.0007128353483186019,1
1235,0.0006755334624579871,0.0007732834925181045,0.0005547415723662533,1
1236,0.0004411919300727237,0.00028393765401233295,0.0008784554230427962,1
1237,0.00095353000779772,0.0001503983795202465,0.0008840939969549734,1
1238,0.00023395637084787057,0.0009210945708627266,0.00013563735235648855,1
1239,0.000880071686073285,0.0003840889835265906,0.00043505629962889105,1
1240,0.00020161031131937202,0.0005881640996718508,0.0007520531198605362,1
1241,0.0006117528713444297,0.00030190883760683197,0.00030945052116825245,1
1242,0.00030695083390957324,0.000450892392060829,0.0009166713069677918,1
1243,0.0008495336294704849,0.0005799508790895724,0.0003725846661008131,1
1244,0.00032995817521034877,0.0001695208930711344,0.00016550321849733197,1
1245,0.0003181338930512323,0.0004443045621325903,0.0006641593904947613,1
1246,0.0004954714278444562,0.0006253395522848491,0.00015576407442425357,1
1247,0.00022255545806754628,0.0008352305429704421,0.0004265020699094253,1
1248,0.0008002919930471991,0.0008919892977614268,0.0004328312010924577,1
1249,0.0005716483659627907,0.0006999905864295795,0.00015631413664367856,1
1250,0.0008741787197333549,0.00040706987144979603,0.0007652392176267872,1
1251,0.00041042653111005966,0.0005613452109745074,0.0009544877066692255,1
1252,0.00016011243275709919,0.0009420674980684429,0.00021886218511178702,1
1253,0.000551682127215099,4.387074774702682e-06,0.0007818554885834318,1
1254,0.00023638929636505935,0.0006813039401673585,0.00040855374868783333,1
1255,0.0009993944766695524,0.0004908669886837311,0.000692699380194841,1
1256,0.00014217292523586935,0.00022205331646840587,0.0002581214048885191,1
1257,0.00030405233026855303,0.0003141766596600496,0.00019577141296557533,1
1258,0.0008223297799115464,0.0006656589909114588,0.00043137081212164596,1
1259,0.0007589375161573184,2.0113943868566353e-05,0.00097530562430274,1
1260,0.0004472415708897435,0.0008754577253741822,0.000234398850730536,1
1261,0.000996193186772651,0.00014252496663079339,0.00025651654548366023,1
1262,0.0006485705342209601,0.0006564093602757071,0.000904976250449029,1
1263,0.00033461188971129255,4.0013337394360414e-05,0.000652770373047578,1
1264,0.00037583203260489485,0.0008841889348353802,0.0006235924464925266,1
1265,0.00038915658894984754,0.000394187612545544,0.0004652307550704524,1
1266,0.00037872830992767814,0.0005601760031023256,0.0006939362341239638,1
1267,3.2940733431718883e-06,0.00013766982438714515,0.0009185646621303003,1
1268,0.000435170725034024,0.0003559452582211641,0.00015303166714130534,1
1269,0.0009947400731369505,0.0001935317027238086,2.760796042342206e-05,1
1270,0.0008285057256979297,5.120979049705221e-05,0.000632624779688123,1
1271,0.000687439964997073,0.0007750168790126667,0.0008008304702232107,1
1272,0.0004892805312819303,0.0002697442201979062,4.6552867272271927e-05,1
1273,0.00029809679586665906,0.00031109874327342056,0.0005898377799810282,1
1274,0.0009901408858305613,0.0004922466774171754,3.179272395961097e-05,1
1275,0.0003207579176532809,0.0008043247402968185,0.0005304641270386797,1
1276,0.0007743745995681763,0.0009934913985313962,0.0004330383671222752,1
1277,0.00020507904010374811,0.0009587495683709183,1.1877056293129295e-05,1
1278,0.00039788900453351973,0.0009300940020236535,0.0009829364887890975,1
1279,0.0006937042996863034,0.0007329313886176222,0.0005208124715004495,1
1280,0.000648263994436653,0.0005711601154324897,0.0002902078685917654,1
1281,0.0005915377966589095,0.0004878284304648877,0.0008845063184677311,1
1282,0.0001549050793614193,0.0005954888253889475,0.0009761468139722436,1
1283,0.0009088638015369427,0.0004392131996539932,0.0004375158687204596,1
1284,0.0008243617517447373,0.0005319496406000351,0.0009510782902132155,1
1285,0.00047782742457810337,0.000711747837484034,4.767282850228538e-05,1
1286,9.043561403374312e-05,0.0006014213523612422,0.00014850683318581737,1
1287,0.0009994875321042021,0.000882727438545015,0.00011263547685771192,1
1288,0.0002733199780767045,0.0005683489794324188,0.0003717761217661658,1
1289,0.0006803937709549342,0.0007648374398988002,0.0009254499522331768,1
1290,0.0005639540489550793,0.00023273653934155746,0.0002446501285948612,1
1291,9.11001713097378e-05,6.995874235380528e-05,0.0007961463953953784,1
1292,0.000498084950334164,0.0006800909198400261,0.0006331239818907568,1
1293,0.0006066434289142891,0.00030583100113774453,0.0009206657358580155,1
1294,0.0008595194180277767,0.000977194443230703,0.0004606203414431257,1
1295,0.0005963030042681331,0.0005405669190503218,0.00018475450443246943,1
1296,0.00048441706728876945,0.0004598344187421093,0.0005596430912351369,1
1297,0.000698288283138994,0.00031204992336367475,0.00033993458168552593,1
1298,0.00013047098556464087,0.0002543326145990439,0.00022349355725134057,1
1299,0.00035405700209474247,0.0004323616572500367,0.000796853744400941,1
1300,6.609168630874296e-05,0.0007574077875097476,0.0009882290829021712,1
1301,0.0005242677507521119,0.0003968420894401872,0.0007293671057760723,1
1302,0.0005721254372459884,0.0003978556268292333,0.0006144910298641003,1
1303,0.0007951292770081197,0.0006461339276060542,0.00021290987004533792,1
1304,0.00020989369669268998,0.00017928546689116866,0.0005247012939495011,1
1305,0.0004868540075576112,9.669495476515122e-05,9.786873812858444e-05,1
1306,0.0009818416570385239,9.847345229695015e-05,0.00044288839110151636,1
1307,0.0008077241190650277,0.0009546346306947619,0.0008583153109748435,1
1308,0.00010905786179949106,0.0001466907094131984,0.0003224875870013522,1
1309,0.00045891019314526707,0.0005051738012278968,0.0006829993068867259,1
1310,0.0007578119264634687,0.0007759046866182192,0.0003126768749676927,1
1311,0.0004900758861428465,1.3380676789618406e-05,0.00010756798183724604,1
1312,0.00048758137988787653,0.00017545247598255487,0.0008064995922516214,1
1313,0.0009238920346128359,0.0007585536311324127,0.0003502997337293318,1
1314,0.0004532106017578507,0.0002794686086492584,0.0004437056702817542,1
1315,0.0006184347314226294,0.0008895725749588364,0.0005296239773965244,1
1316,0.0009514465681704177,0.0005538331528879802,0.0007765840010055741,1
1317,0.0007653411494799504,9.19514914453914e-05,0.0001562392985901976,1
1318,0.000738135867433792,0.0007747223996511499,1.800060464636055e-05,1
1319,0.0006914055181789447,0.0003238299278256072,0.0009216320888954261,1
1320,0.0003682641498803776,0.0003777173016200282,3.914584966165769e-05,1
1321,0.0005298447923573859,0.0006280398358887053,0.00037204339518863715,1
1322,0.0007217510251154222,0.000525368390344194,0.0009339427239951036,1
1323,0.0008004328363476232,0.0005864274147589994,0.0009298891466801991,1
1324,0.0008342850043981368,0.0005162847846668821,0.0003198657679763666,1
1325,0.000332665730311849,0.0009776766586683592,0.0005024964648435748,1
1326,0.0002814155171770959,0.00023882017158674508,0.0004302023518696089,1
1327,0.0008026007883703223,0.0009420676052059347,0.0007370487183637982,1
1328,0.0008792713807918935,0.0002068544247719637,0.0009487618813465393,1
1329,0.0005165896370100706,0.0007171914727750575,8.68585747950208e-05,1
1330,4.198644250994332e-05,8.353868003070898e-05,4.505746146115064e-05,1
1331,2.1852947568470117e-05,0.0008718023496037921,0.00046521571566191265,1
1332,0.0006625337092248887,0.0004107139767221528,0.0005909512206971519,1
1333,0.00018065966715012972,0.0008118569169077114,0.0003854406859737042,1
1334,0.000490204663323791,0.00024523977457944124,3.2880498806483914e-05,1
1335,0.0008005331990862518,0.00017758778681865962,9.609808060062097e-05,1
1336,0.00048081365764094053,0.0004181892219312703,0.00011662327747280188,1
1337,0.0006183775696738439,4.194823368038469e-05,0.0006920852844744116,1
1338,0.0004950762904546685,0.0005837459602863558,0.0003680756642670498,1
1339,0.0009129330837346501,0.0008861080922111055,0.0005038848959734578,1
1340,0.0007545922130681903,0.0009463730444952721,0.0008156363386228059,1
1341,0.00027774623972017133,4.542495618952458e-05,0.0002863459758483693,1
1342,0.0009212255116326685,8.770026880526704e-05,0.0004854107154299454,1
1343,0.00020978346173827555,0.00037842503273814124,0.0004432078134554979,1
1344,0.0002612606291655757,0.0004211172343921253,0.0006403293049723518,1
1345,0.0007895620784413635,0.00018946746210166533,5.0292446696238e-05,1
1346,0.0002355358321402452,0.00043351879375042555,0.0008861567346265442,1
1347,0.0003067458357915044,0.0003003243844206032,0.0007900946840445473,1
1348,0.00017511847430140903,0.0009308710078701048,0.0006941153157030638,1
1349,0.0008305679493638988,0.000506288112668573,0.00026012874361417505,1
1350,0.0009594403035315844,0.00014465590893122238,0.00025940054725076214,1
1351,0.0005276704799033801,0.0006206103928552155,0.0005335321111112259,1
1352,0.000892936813154989,8.420091707298072e-05,0.0005093062100842583,1
1353,0.0008208191042064171,0.00044238895435562463,0.00016257842693677782,1
1354,0.0005244638298818687,0.0007513761865937944,0.00036842611701846587,1
1355,2.9020851894089207e-05,0.0005734921080975561,0.000659120940207364,1
1356,0.0007427664404726624,0.00027204807684769606,0.0009239777965045815,1
1357,0.0008831232970167886,0.0006521695256256937,0.0007364702870580458,1
1358,0.0002748385904641092,0.0001770822318054358,0.0005838224465549057,1
1359,0.0004956828374295627,4.856893780834426e-05,0.000943746710065757,1
1360,0.0005494474648604973,0.0004962532910441447,0.0009675421562769889,1
1361,0.000281950185252154,0.0005299180713392751,0.0005881263529429753,1
1362,0.0009606738163486858,0.0003650476839141783,0.0001344743901546217,1
1363,0.0002558863097487971,0.00034647499831897343,0.0008782594494288064,1
1364,0.00022927871388925768,0.00035533150155597407,0.0004696382306618869,1
1365,0.0005006100430389615,0.0003540864417650451,0.00039204661367368577,1
1366,0.0008299818059711287,0.0004650860313607891,0.000386319667285338,1
1367,0.00024366833289163914,0.00018586439899383623,8.247013302223705e-05,1
1368,0.0006625147558895762,0.0007053995969775986,0.00043088659808892827,1
1369,0.0009271171023210164,0.0006306455768647411,0.0003373978589552018,1
1370,5.7680958654536596e-05,0.0005213634567242572,0.0009562246729325634,1
1371,0.0007577953030893087,0.0006166863139651302,0.0006712276030499018,1
1372,0.000782608097048,0.00030911679605952,0.0003811664020772841,1
1373,1.9245503737541635e-05,0.0006949719499102794,0.0002822875783828105,1
1374,0.0005671360861056499,7.187020225339603e-05,0.0006460271389062547,1
1375,0.00023732726984506457,0.000836824361302906,0.00038907287452084584,1
1376,0.00022307085502100754,0.0009206181747919026,0.0007343814580539704,1
1377,0.0006722334778925503,0.0003798985194486604,0.00039356618507293406,1
1378,0.0008518215698825279,9.368277546977821e-05,0.0004779169005886559,1
1379,0.0004751739227776993,0.00010110728749250863,0.0004991343456723549,1
1380,0.0005373817115049817,0.00046944559129627163,0.0007170140511804502,1
1381,0.0006667607742720356,7.99493809886792e-05,0.0009004153892657382,1
1382,0.00035629302691633183,0.0008715186305588447,0.0003765759743670343,1
1383,0.0007336950086671099,0.00024901131142096756,0.0003184639945492913,1
1384,0.00019941760657320686,0.0003128738906089447,0.0007740724127725597,1
1385,0.00037740136529104673,0.0009520935025937527,0.0009021201586653579,1
1386,0.00019157691523953124,0.00018371585977314253,0.00043911026824745993,1
1387,0.0005236623914637461,0.0006619066334554045,0.00010778040809953404,1
1388,0.0006122172290910344,0.00032704684820036135,0.0003905117241958467,1
1389,0.00011311168677170469,0.00043981023068948244,0.0008013010583498364,1
1390,7.518244907156358e-06,4.2361115822625026e-05,0.0006359312576936971,1
1391,0.0009752365524783928,0.00022722080116355781,0.00012557292179338732,1
1392,0.0003923718521777031,0.0006461501547345067,0.00045253020407244436,1
1393,6.185400159183973e-05,0.00045104724728072676,0.0007630405977826528,1
1394,0.0002575939383286754,3.4108469978756387e-06,0.0008506048972227808,1
1395,0.0006981044821667567,0.0007690710541224177,0.0006437475403079908,1
1396,0.00032631492185430277,0.0007828175554875651,0.0005918364903333364,1
1397,0.0006799077984289627,0.0003664867031163155,0.00032360601282158466,1
1398,0.0006069022639031813,0.0008035970841061693,0.0007490050414387038,1
1399,0.0009705799412311507,0.00030484005123502676,0.0009194954744200678,1
1400,0.00015301673428930353,5.866632391639026e-05,0.0001426390073986571,1
1401,0.00037859551569140295,0.0008213696232671171,0.0007683358903410652,1
1402,2.2211447816941953e-05,0.000618757501548785,0.0007292367367974099,1
1403,0.0009737137580869684,0.0006163550665988911,5.511195302153749e-05,1
1404,0.00032503406230982167,0.0005851089804738138,0.000617291625977006,1
1405,0.0009781443531123321,0.0007370356203713837,0.0003349022401864809,1
1406,0.0009405519241547479,0.00038000995166151543,0.00042533328620525314,1
1407,0.0002624284583174319,0.00026150942820363335,0.0008062415717078073,1
1408,0.0004635811393637741,0.0001461071601669487,0.00042066390702536475,1
1409,3.002134327622341e-05,0.0009746312586672068,0.0002952959285636928,1
1410,0.0003495286648256606,8.10702855927331e-05,0.0006568972751396712,1
1411,7.292846941689079e-05,0.00012803899044981903,0.0009144893098026729,1
1412,0.000963137447082793,4.888897111575441e-05,0.0009448172589108968,1
1413,0.0009386600254268725,0.0009202041307994909,0.0008547126118580555,1
1414,0.0005325310906082342,0.0009878100063334546,0.00015534769339102183,1
1415,0.0008539236699375266,0.0004798108702022349,0.00037028856108946865,1
1416,0.0004517912982732044,7.146326157120509e-05,0.00034409801345365365,1
1417,0.0005222263623287229,1.599412671293521e-05,0.00044465053769746646,1
1418,0.000265691998782003,0.0003534373265237132,0.00018331361491744248,1
1419,0.0002471808840881117,0.0004108647868925055,0.00035266987879503653,1
1420,0.0005418755795079264,0.0006082631337217542,0.0007384245676420574,1
1421,0.00021656586793895394,0.0005510403088436437,0.00044377501177580335,1
1422,0.0006250645589102017,0.00018880212064699143,0.0007133762505688926,1
1423,0.0003452123443202099,0.0006920361442259576,0.0003261736828551117,1
1424,0.0008956035656349311,0.0008733879479652609,8.610926018342091e-05,1
1425,7.702569612428445e-05,0.0005104895870012063,0.0007773039132962236,1
1426,0.00020295913058002057,0.00031305880031180924,0.00013162110820600804,1
1427,4.124436406602794e-05,0.0005134048567292214,7.075337284599636e-05,1
1428,0.00019942100734154922,0.0004936950690051117,0.00019897026849466083,1
1429,0.0008167496714782766,0.00034890410583184164,0.0003628800862206713,1
1430,0.0007446877469579604,0.0008012189718326531,0.0003511006555864329,1
1431,0.0005125352262337893,0.0003496400915941884,0.0007238181444971797,1
1432,0.00025671283612401175,0.0009550842640099619,0.0004549092413453225,1
1433,0.0008191748135636422,0.0002725173415011127,0.000940167476987059,1
1434,0.00043030720297755165,0.00036975011002426863,0.000912584072100067,1
1435,0.0005769676802872948,0.0003531435477450842,0.0008829925915385306,1
1436,2.3714122764147196e-05,5.989443427882502e-05,0.00033593102057766753,1
1437,0.0004881561585304386,0.00034821551995928003,0.0004481530939267696,1
1438,0.0009109050117183784,0.0005773119367239864,0.0004736459536854806,1
1439,3.4380389692031166e-05,3.7762434405017365e-05,6.476562445559464e-05,1
1440,0.0002955395260119017,0.00043784716194070027,0.0005539265032559807,1
1441,0.0005432037143625739,0.0001258357269310536,0.00021332787679157795,1
1442,0.0005811056330478582,0.0006691464124042201,0.0004768248375374685,1
1443,0.00011848792787830587,0.0005800302068173529,0.0003731970016030549,1
1444,0.0006312729347924403,0.0007092093808874906,0.0008682548528295414,1
1445,0.0009567648504057474,1.9746058598562045e-05,3.364677213920009e-05,1
1446,5.4615307512003496e-05,0.0009672233793365879,0.00038528776034613956,1
1447,0.0006856311081140001,5.588259966736042e-05,0.000715140345298066,1
1448,0.0005426221981532503,0.00041324916382294753,6.447974652989174e-05,1
1449,9.20367634769922e-05,0.00012457199841069323,0.0006790171687845473,1
1450,7.953572882571658e-05,0.00038082157161023066,0.0003133463236536753,1
1451,0.0006745524694903725,0.0006277713058070664,0.0005432935218662758,1
1452,0.0005255966959515287,0.000868026375103471,0.000472073881907088,1
1453,0.0002772020130585651,0.000607912123088547,0.0009480381930858706,1
1454,0.000578706860164032,0.0009152254060412157,0.00022788592513053185,1
1455,1.5621772972436833e-05,0.0003562900616275335,1.190351954147073e-05,1
1456,0.00018247302125649466,0.00010318149475855686,0.0007755004086996937,1
1457,0.00028554144167944806,0.0005881514893956928,0.0007221562520458844,1
1458,0.00026449298282911726,0.0007836624620362742,0.0004767674309282303,1
1459,6.760728149561968e-05,0.00019897883065525114,0.00016764250206517385,1
1460,0.0005414844345357338,0.0007833487792852216,0.0004308737913869466,1
1461,0.0005877772060953474,0.00037404680199828576,0.0006409891323469391,1
1462,0.0009148801284617921,0.0005474906609085674,0.0008322867673160729,1
1463,0.00039004542118732964,2.7233770632404842e-05,0.0007960221281144602,1
1464,0.0005994027284077486,0.0006796973270108349,9.911253048398727e-05,1
1465,0.0002482433206197378,0.00024850724524888156,0.0008423584814533601,1
1466,0.0009752031023632255,0.0003996974209284656,0.00043324777789643476,1
1467,0.00032758220628683823,0.000561714354944975,0.0006072709366613686,1
1468,0.000232430818966067,0.0008666082986872694,0.0006493144766037955,1
1469,0.00018773118267896439,0.0007877115783504802,0.0007377880260386834,1
1470,0.00020276741464214478,0.0008508388399974311,0.0007285672900979219,1
1471,0.00046782505227940476,0.0009829789653395616,8.625650117977968e-05,1
1472,0.00011863073506419696,0.0008864355660805043,0.0008839358420163888,1
1473,0.00037371997046886483,0.000721601957669885,0.00018932396791786587,1
1474,0.0004065218152090793,8.76900357460474e-05,0.0007764870856398132,1
1475,0.0005752301382836928,2.315856645462755e-05,0.0002610401712311129,1
1476,0.0006622113359529204,0.0006206400143499545,0.0009907501457455043,1
1477,0.0004966010462886505,0.00028182649823200323,0.0005599126649517199,1
1478,0.0007137246710686453,0.00032982052081368985,0.0008455591398540812,1
1479,0.0008320206043753189,0.00018727580811888977,0.0005191971774657414,1
1480,0.0006877381222622764,0.00010310406164519137,0.0009489891234852848,1
1481,0.0001908568223004915,0.0009816432471848097,0.0007261147911077958,1
1482,0.0007557151572618619,0.0004437642390468146,0.0008335642018905099,1
1483,0.0002528582756382448,0.0007291837680217204,2.2564593655016397e-05,1
1484,0.0006691723245815158,0.0003478753365978796,1.89694503191743e-05,1
1485,2.6938952143242934e-05,0.0001442008609471167,0.0003271317902355032,1
1486,0.0006557251284476707,0.0004725181529781918,0.0006842229824299439,1
1487,0.0005387477661695468,4.13358008512188e-05,0.0007072071347779192,1
1488,0.0007334347931966798,0.0006351664963142228,0.0009438637289681776,1
1489,6.474417337455152e-05,0.0008539388935800356,0.0003589320689584044,1
1490,0.0005769270202410484,0.0009107023137011427,0.0009156437474207626,1
1491,0.0002481338439865145,0.0005124022224506833,0.0008784247248637141,1
1492,0.0008715119623019662,0.0002926471069807145,0.0002056717947962873,1
1493,0.0006490187020022233,0.00029257678725748583,0.00017019799828204418,1
1494,0.0009410328856903898,0.0007657271436783903,0.0005980771015326354,1
1495,0.0009006020175866409,0.0003711009912855076,0.0008123403734515748,1
1496,8.804800160196336e-05,0.0004864722764870241,0.00043158005404387114,1
1497,0.0009965667106685986,0.00012949961141394173,0.0007760844349701526,1
1498,0.0006262143070759225,0.00020519565502560489,0.0006456132381520806,1
1499,6.510545724672335e-05,0.0005884962476834938,0.0005228281242305366,1
1500,0.000944672205426907,0.0008396066167879846,0.00023731679592403455,1
1501,0.0009734047503631819,0.0009344374272564345,0.00015036972253764348,1
1502,0.0006168016759855698,0.0004881429433035287,0.00013366930122941378,1
1503,0.0003218893772890573,0.0005346164547134863,0.0005611548036751711,1
1504,0.00027212387491112655,0.0003961503164346961,0.0009038478813491013,1
1505,0.00032680857529073426,9.634064868770753e-05,0.0009280544077254297,1
1506,0.0003587905908176566,9.405307252904061e-05,0.0009929094914370633,1
1507,0.00039994206145005617,0.00023833364628134346,0.0009752441071174257,1
1508,0.00013399628262885567,0.000975424181464689,0.0007503001117342138,1
1509,0.00046081423497556774,0.00013020887423863793,0.0009844149060622138,1
1510,0.00013059417737133316,0.0008694998054956716,0.0008053449895112836,1
1511,0.0005561139102862579,4.5024701982372406e-05,2.2077470495353468e-05,1
1512,0.0008363297487545272,0.00098165166750606,4.258016779416529e-05,1
1513,0.0007246563433939793,0.000927810081824702,0.0007243379832038561,1
1514,0.000469501048901267,0.0008227566642652214,0.0008788112433878172,1
1515,0.0005385172311941716,0.0004752324049376904,0.0009467552984627692,1
1516,8.566110978101238e-05,0.0009682281420585812,0.00027691362194272784,1
1517,0.0009097470138230802,0.0009281209706509863,0.0005801231438689601,1
1518,0.0009563879882605799,0.0005684316262253994,0.0006143826187013427,1
1519,0.0003401961796432298,0.000605981266893666,0.0008300824416256811,1
1520,0.0003013316098843953,0.0004525588134388453,0.0002930831528590817,1
1521,0.00045567182295867294,0.00045807750036537054,0.00045436681400595524,1
1522,0.0002467240332590788,0.0004947252160822777,0.00035503196244675994,1
1523,0.00026482018710190914,0.0005004377062036467,0.0007479898994719006,1
1524,0.00038605456291818807,0.0008475197868583711,0.0005851327039010259,1
1525,0.0009235507342817731,2.7793034425408148e-05,0.00028028299512609554,1
1526,0.0001587907541335659,8.290061120187154e-06,0.0004280382228278187,1
1527,0.0006341694643307891,0.0008158661268558939,0.0008911688453603061,1
1528,0.0009007321396725617,0.00042509471956079484,0.0005769792748370397,1
1529,0.0004120649750700025,0.00025710027684803594,0.0008807537306215283,1
1530,0.0007529118170791902,0.0009040863740781751,0.0003314911340287514,1
1531,0.0003369297630780642,0.0009452613854490097,0.00043538153024011195,1
1532,7.214465566492967e-06,0.0004560948808400579,0.0009396162834091393,1
1533,0.00042362837081306206,0.0007440720474582375,0.0008019603638542072,1
1534,0.0008319948069656529,0.0005418347015879892,0.0002944139516840948,1
1535,0.0005521314921042745,0.0004885915977720317,0.0005129752864833784,1
1536,0.00014698014120747416,0.0005903639115405095,0.0008618219382266777,1
1537,0.0004650191139505613,4.319583081890199e-05,0.0003723810097264797,1
1538,0.0006066548395383118,3.1463568689625414e-05,0.00011059254229056448,1
1539,0.00016263628706324196,0.00023171186420759137,0.00051793337988568,1
1540,0.0008321726385581382,0.00015353567782573784,0.000255080777088033,1
1541,0.0004295894055179407,0.00044415638967852444,0.00010345459382875943,1
1542,0.0007515813874144653,0.0008943232641230175,0.00026318004972162277,1
1543,5.00634672561846e-05,0.0007666470398893383,0.0008359841365935016,1
1544,1.3102002258585933e-05,0.0007112678443722974,0.0003045197813508194,1
1545,0.00036628041864597685,0.0008977557672426242,0.00026657930898451763,1
1546,0.0004720901408962498,0.000506178398074709,0.0005912733848778726,1
1547,0.0007815192918231659,0.00014824101952238156,0.0009257023537478664,1
1548,0.00026317152912333876,0.0005559684984634457,0.0008865644473396913,1
1549,0.0006960297962695504,0.00010710349936231789,0.0007941152721403582,1
1550,0.0004141833680521048,0.0007073894541655355,0.00022423826897601174,1
1551,0.00017595153355234872,0.0007313869704816152,0.0004860722206102308,1
1552,0.000400030324079497,0.0003785631987527841,0.0002989856014794191,1
1553,0.00019693971487400963,0.0006101243357070089,0.000972480677389433,1
1554,0.000675809986172712,0.000753784571353508,0.00041568020712715584,1
1555,0.00039471197175604966,0.0007976756539080201,0.00038026485500792254,1
1556,0.00048470596504897377,0.00020567199812963544,0.00011400219124893829,1
1557,0.0007192495905682665,0.00010990337627819114,0.0007439902192591982,1
1558,0.000152948131524819,0.0003351758983397545,0.0007611713620906824,1
1559,0.00029071036530592696,0.00045873625624518653,0.0003903113682601892,1
1560,0.0008308513980152192,0.0009357020821083791,0.0008170067663038288,1
1561,0.0007734321143743094,0.00016578435986714247,0.0008720988498281372,1
1562,0.0001687529571102018,0.0009713279984483903,9.929813847201984e-05,1
1563,0.0003166298704294934,0.00021719609502612647,0.0005546164966130754,1
1564,0.00042845690919219063,0.00018781735093304508,0.0008834561136595015,1
1565,0.0009394127712748187,0.00012047551509935306,0.0006311394928038888,1
1566,0.0005400023278506108,0.0005003152978064019,0.0006225523882375269,1
1567,0.00047848088355573957,0.0005853455186430346,0.000997818156117828,1
1568,0.00039361916589447887,0.0005798829315738416,0.00018307519237605342,1
1569,0.0009588628119733371,6.933673169031962e-05,6.276729166619455e-05,1
1570,0.0002531127602634081,0.0006489132381223941,8.41005461388139e-05,1
1571,0.0006745288241220125,3.055377536507309e-05,0.0003202527748779757,1
1572,0.00046422538551256867,0.0007117269012070277,0.0009852961788975332,1
1573,0.000346995153051617,0.0008412053700240811,0.00038192849700841817,1
1574,0.00067481480397163,6.0153878466306376e-05,0.0009181923585118909,1
1575,0.0003421545610769211,0.00019568331365486447,0.0009095746939345726,1
1576,0.00042899022291189215,0.000876561165142196,0.0009140959667761531,1
1577,0.0005529289019251159,0.00015359532526259756,0.0006093889081789191,1
1578,0.00044552578733600943,0.0004560581458741948,0.00024022993613967715,1
1579,0.0008169985492255257,0.00026422567921015674,4.9682005800833267e-05,1
1580,0.0009929414812079739,0.0004869226874494611,0.000764172387466301,1
1581,6.197245003467311e-05,0.0003936151311339853,0.00048616895233598436,1
1582,0.0003524377947436196,0.0001535520066457159,0.0007152237374069468,1
1583,0.0009897629741150685,2.6911863003136307e-05,0.00045109667046058387,1
1584,0.0009131861676468149,0.00037603165419826135,0.00041057415390563246,1
1585,0.0005354988399761326,0.0008090736420813762,9.140714051356392e-05,1
1586,0.0005723257564380562,0.0003210352823205722,0.000841706909247498,1
1587,0.0007645235287206372,0.0003437465988417089,0.0004760965458217069,1
1588,0.0007036927933943631,0.0006766839835292196,0.0005158139111854505,1
1589,0.0006094986455991267,9.281512539967896e-05,0.00018244006728125516,1
1590,0.0008287240420370744,0.00017030278957310763,0.0009626518597910575,1
1591,0.0009300029212558733,0.00034071059783080806,0.0003177863867371804,1
1592,0.000348827545945173,0.0009843374799705627,0.00024067752406406974,1
1593,4.551671520709322e-05,0.0004865283814902618,0.0009615489923356159,1
1594,0.0009403526650719805,0.0006299593582576999,0.0003349600356296247,1
1595,0.00011027181518387685,0.00036696573054662685,0.0003711930674618734,1
1596,0.00047764168792579766,0.0007870391504901636,0.00011268673454874068,1
1597,0.0006860842946266335,0.0006321422495941154,0.000989297782697213,1
1598,0.000929233047399486,0.000633421603288784,0.00032656623019372175,1
1599,0.00034900838552356787,9.77035064306746e-05,0.000812359254525056,1
1600,0.0005022482215697469,3.7623182217595974e-05,1.9226454371182864e-06,1
1601,0.0007763923325259456,0.0009260548871248433,0.0007758344445031236,1
1602,2.356499434861936e-06,0.0006000139057518875,0.00023569856685447455,1
1603,0.00020291273892259954,0.0007128237290569262,0.0007019446522650929,1
1604,5.348859601955058e-05,0.0007748991325824984,0.00035114457462072504,1
1605,0.0006847877199502606,0.0006655757078633101,0.0001652421891459359,1
1606,0.00037729921786553024,0.0009449469450431431,1.2155817779670565e-05,1
1607,0.0007487537881293008,0.0007097789300336661,0.0008474806041396203,1
1608,0.00023971301296681825,0.00047365469971395827,0.0006827427181384286,1
1609,0.0005540179582780859,0.00022966175923803944,0.0008978305513786506,1
1610,0.00033895477467008116,3.055442646452622e-05,0.00035406634402006845,1
1611,0.0001566216603321511,0.0007482105101078856,0.0003381307697132346,1
1612,0.0007880127163651569,0.0005214153775955099,0.00028765947141546244,1
1613,0.0009852562278888232,0.0003597608304513208,0.00017621736831539524,1
1614,0.0006760920774377191,0.0003725122151617781,0.0002983965827537318,1
1615,0.00025841003520453,0.0003802394761290862,0.00015779001787829562,1
1616,0.0008477324652966475,0.00012220128862510426,0.0002874263994052594,1
1617,0.0001805097351694296,0.00014574271568938024,0.0009311154179092726,1
1618,0.00016666003341445846,0.0005138078032372498,2.8323902183840844e-05,1
1619,0.000672999462763591,0.00024762771507209035,0.00035087155867344957,1
1620,3.135191845084295e-05,4.3596663806269366e-05,0.0008126408056212624,1
1621,0.0005399107487395229,0.0009707813830247766,0.0006810524036404019,1
1622,0.0001815082905651618,0.0005351347822234341,0.0006751154774104378,1
1623,0.0005665863584472755,0.0001677693019851302,0.00021589000583414786,1
1624,0.0003508311796749649,0.0001676277526748865,1.6323919756728312e-05,1
1625,0.0006202217933445927,0.000361804779090392,0.0008052805405101071,1
1626,0.0006848006475771857,0.0003510022405071488,0.000725526314608696,1
1627,5.636326609150377e-05,0.0006567418444888009,0.00013534047562387152,1
1628,0.00039260514231166145,0.0009247307412717939,0.0009732967817503802,1
1629,0.00015542352365827206,0.00015085230101014046,0.0005594555207139143,1
1630,0.0005156715792713818,0.0003424739840136151,0.0005385329607307015,1
1631,9.91414192990665e-05,0.0002975656662246872,0.0006390812441022588,1
1632,0.00015867884011826861,0.0006124237782361287,0.00012115780956865585,1
1633,0.0008721396004976663,6.0314726393410956e-05,0.0005539547337663043,1
1634,0.00035302698315868233,0.0003075704447937857,1.1703909846957017e-05,1
1635,0.0008748309355656053,0.0007099785501031725,0.00024977229137907673,1
1636,0.00011171692848928894,0.00016326582972864812,0.0008768853550405548,1
1637,0.000980846638056136,0.0005381145976098119,0.000547865437363157,1
1638,0.0009209955811026077,0.0007703597272791972,0.00041698097080263865,1
1639,2.1768575119236024e-05,0.000983608696996337,0.0005873146983423856,1
1640,0.0003730133101644296,0.0004688028372804455,0.0007476326307302156,1
1641,0.00020119105864486076,4.5235138038029476e-05,0.0005601002990913703,1
1642,0.0003762359096506741,7.517461418502303e-05,0.0007967035662068841,1
1643,0.0005803872301793371,0.00045585699442808424,0.0003010286370785529,1
1644,0.0008491926895730013,0.00017037491457578703,0.0008568415769687772,1
1645,0.0007289281786580128,0.0003494046913386185,0.0006556512760824139,1
1646,0.0004521431777201158,0.000573605447869797,0.00025975047109345884,1
1647,0.0003271130146517877,0.0006902502531056381,0.00040233534040310206,1
1648,0.0007215394030801263,0.0002450970150607489,0.0004111237267772122,1
1649,0.0002770803227237476,6.0247657857726127e-05,0.000913310874002999,1
1650,0.0002750584172571452,0.00041843494582567134,0.00022864132855287002,1
1651,0.00034477151370288883,0.000790298475107699,0.0009268372261556962,1
1652,6.53731813540741e-05,0.0006960526130280987,0.0004994464346687395,1
1653,0.0005681364184043791,0.000736343259631201,0.000466982961754253,1
1654,0.0002058844097756477,0.0004957042189326521,0.0008396451158437256,1
1655,8.416805780812586e-05,0.0009785655494145519,0.0005655618162896891,1
1656,0.0003090564585499052,0.00019109780274716525,0.0006286390332156804,1
1657,0.0008990736186696317,0.00023359463497498912,0.00025451841681718555,1
1658,0.0005988106662083392,0.0005755307173891296,0.0002026847919635293,1
1659,0.0002669043449709063,0.0008240620675652196,0.0005198536297434741,1
1660,0.0008808793770721293,0.0009472103758037161,0.0006839952934050057,1
1661,0.00014945256992053435,0.0006094461783717638,0.000977355071965711,1
1662,3.826620828659788e-05,0.0002490208274170802,0.0009718160577335662,1
1663,0.0006932465026436668,0.0008000010394427411,6.110709934412961e-05,1
1664,0.0005796732485926306,0.0007469007514095459,0.00030029895799201867,1
1665,0.00019015865351232865,0.0004534093688922628,0.0001615084236207617,1
1666,7.001723949165873e-05,0.000897969789052947,0.0008297289217751932,1
1667,0.0007519794829385637,0.0007550925894457144,0.0003732442870830435,1
1668,0.0002038468042548849,0.00018833812194221067,0.0008899175156539265,1
1669,0.0009908461194229575,0.0004287840029033151,0.0009630940669131383,1
1670,0.0002196989850004959,8.342488526465164e-05,0.0009132906331340324,1
1671,0.0001545334961861007,0.0003013928103890612,0.00036137628984648395,1
1672,0.0004011642981967638,0.0005574133902187619,0.00047696192916764005,1
1673,0.00011465352743534386,0.000958003565541389,0.0006344119708604452,1
1674,0.00010619271543788189,0.00042079226375216927,0.0005463328354255987,1
1675,0.00012451477459582172,0.0006755962221373463,0.0008990274320942645,1
1676,0.0003501008166141828,0.00010148425631130675,0.0005155332210692716,1
1677,0.0008518739698202915,0.0009709577250938124,0.0005191407505487544,1
1678,5.1072492750895095e-05,0.00022424514319037425,0.00030104982398457123,1
1679,0.0001266488901000048,0.0007723810125593082,0.0003903087299511534,1
1680,0.0008503694714334599,0.0005093696544796927,0.00048693947088156576,1
1681,0.000873472132236194,0.0006611150250608168,8.846027289708347e-05,1
1682,1.6285665831922923e-05,0.00039187352551745024,0.0009820422055409092,1
1683,0.0005363378533370167,0.0002531115723857196,0.0002276029560076438,1
1684,0.00015214740642553927,4.4698918039998924e-05,0.00035605438258529164,1
1685,0.0007389340785778848,0.00042209294143726283,0.00032547051316986463,1
1686,0.0008152819120115512,0.00030243185721167966,0.0009049252470447503,1
1687,0.0008588511876299858,0.0009207552193793323,0.000766933911793427,1
1688,0.0007857854515763599,0.000421733340002875,0.0009781111288899129,1
1689,0.000131689573191744,0.0004853543489041566,0.0005969531515383311,1
1690,0.0007300681335412696,0.0006612566867310197,0.000634327724348911,1
1691,0.0004838786947176086,0.0007660659988764217,0.0009153406548537772,1
1692,0.000794538931331195,0.00016492587110112346,0.00024218690388287689,1
1693,0.0005358506219180091,0.0006333950209069492,0.00019343282960680852,1
1694,0.0006562197167674625,0.0009747011820062455,0.0009427637338386819,1
1695,0.0006690638072140697,0.0007197897679479864,0.0005792281917609131,1
1696,0.0009774412399444997,0.00035323338495141287,0.00045854467734592264,1
1697,0.0009303982219310072,0.0006692356477786003,0.0006475051228516641,1
1698,0.0006745027456811547,0.00043888104013856333,3.229245813085302e-05,1
1699,0.000126203078907425,0.00038654784591084424,0.00016433031652766039,1
1700,0.0007324478390334907,0.0007262169640898056,1.5380102465607947e-05,1
1701,0.0007793320672182879,0.0002987893273624752,0.00047193609226698344,1
1702,0.000830636201861963,0.00047933986470541655,9.741784912833119e-05,1
1703,0.000285771216620226,0.0006062534159223586,0.00032490637578623294,1
1704,0.00034023022229797773,8.984805772763372e-05,0.0008551230466860472,1
1705,0.00028360681668209553,0.0004256647265329806,0.0003471806206448623,1
1706,5.3716107315103126e-05,0.00037833549063177353,0.0006516855151455894,1
1707,0.0007771918202492745,0.00033672580189287725,0.0005328333900546681,1
1708,0.0001779593784717728,0.00040093664405355643,0.0008969881835904912,1
1709,0.0003880665734220913,3.3130456915476445e-05,0.00019783074845563254,1
1710,0.0006567404734037273,0.00017318909272440942,0.0009489547751260922,1
1711,0.00014330624024980898,0.0009556444561750032,0.0003389702975282316,1
1712,0.0006354583487502705,0.0001572201550955892,0.00021967447523369888,1
1713,0.00029743520225130595,0.00030996543202851246,0.0006714156702307861,1
1714,0.0002606593533020845,0.0003462876179154948,1.5374549157041617e-05,1
1715,0.0003119772109737147,0.0006140199026580141,0.0008117303722947151,1
1716,0.00016552546691114045,0.0006975546625930295,0.0008037720848716862,1
1717,0.0006784283834554661,0.000928486380725257,0.00023522308014838945,1
1718,0.000871610763262035,0.0009070741206242882,0.0004418711235291155,1
1719,0.0006665774700741062,0.00023729736668455314,0.000933149129863283,1
1720,0.0007462724452528116,0.0006683737159747097,0.0008998354270577248,1
1721,0.00044614674268048614,0.0008016628909289729,0.00013630877452742196,1
1722,0.0007270852908549258,0.0005826230963688008,0.00017774818862787968,1
1723,0.0008985993596319383,0.000947928314466247,0.0009067097127446684,1
1724,0.00027422334403562457,6.549976031824833e-05,0.0007467775636763644,1
1725,0.0007101149805460021,0.0004641133618366109,0.00038569823216759723,1
1726,0.00043501207936358924,0.0005957577787642363,0.0005003519080042887,1
1727,0.00036654389604063323,0.0007199439033921077,0.0007073735350525581,1
1728,0.0007342750406733624,6.555909225421952e-05,4.62297233695651e-05,1
1729,0.0007745222458585423,0.0007960980278698506,0.0007353011969824843,1
1730,0.0004154052567698729,0.0008260407359369581,0.00027021467448390136,1
1731,0.0006526908591205987,0.00045063062801920217,8.876865514617094e-05,1
1732,0.00032926219325627435,0.0009531427650434526,0.000914751010246651,1
1733,0.0005131210107432407,0.0004774652477280038,0.0006176051964987321,1
1734,0.0005130977960449292,0.00011205324556065077,0.0008708778082180131,1
1735,0.0006621863904103604,0.0007259490456788566,0.0006952835855372779,1
1736,0.00026773480942291297,0.0008612235572516164,0.0005263322412839764,1
1737,0.0009921933470059712,0.000920561365630754,0.0002457069546021835,1
1738,0.00029401183723769085,0.0008226054152085992,0.00024569991687177083,1
1739,0.00025647435356585045,0.0008813599794061077,0.0007129372040333141,1
1740,0.0003557080134845425,2.2694502533905924e-05,0.00044567536416474196,1
1741,0.0007018611929408249,0.0009039521557821096,9.201142597137646e-05,1
1742,0.0003078999217606775,0.00018592483308638996,0.00016235494369075832,1
1743,0.00010809784608625461,0.0005725834117345093,0.000621661637154015,1
1744,0.0008727316164176766,1.2021536398594491e-05,0.0006097840175632355,1
1745,0.0009371652939319687,0.00047841113011128,0.0006271399058752255,1
1746,4.904526726278225e-05,0.0008077593228583563,0.0008235637873926247,1
1747,0.00050892587750827,2.2246385012604897e-05,0.000850110277625478,1
1748,0.000990889098681257,0.00034421265487885665,0.0008463705065630104,1
1749,0.000987724158753291,0.0007614066102889492,0.00015418779258583926,1
1750,6.16954439038423e-05,4.047014979667862e-06,1.4589055807344708e-06,1
1751,0.0009005876620254246,0.00018342731354002717,0.0006070931855752966,1
1752,0.00026587911169384336,0.0003823026767369706,0.0002860553167668575,1
1753,0.00031521284143818073,0.000992669333556784,0.0006385245280049189,1
1754,0.00012528628631400406,0.0003695737061801483,0.00014908217422394355,1
1755,0.0008750879371402921,0.0007805183436393522,0.0004644461834853173,1
1756,0.0004975132237723482,4.8281550545678064e-05,0.00011818305791133255,1
1757,0.00027708033345472984,0.0001934930374800723,0.0008949855954113971,1
1758,0.0007405927922774071,0.0001800963946501606,0.0008974640769303479,1
1759,0.00020640841285033375,8.212168584629087e-05,0.00024683720312848834,1
1760,0.0009501186901388047,0.0004249823197419447,0.00023176286500621468,1
1761,0.0006482079160456887,0.00020272827859525632,0.0007700835993975701,1
1762,0.0008053718924566001,8.522877494733905e-05,0.0008625115252915451,1
1763,0.0005279473156225183,0.00021009306319535702,9.52106862873966e-05,1
1764,0.0003052386890270552,0.0006157561920076205,0.0008996275873196294,1
1765,0.00028140675696330453,0.0006957042279248126,0.0006558726949644642,1
1766,0.00043511013039391534,0.0006279951169845642,0.000816542692279266,1
1767,0.000877141797932952,0.0004719034195914127,0.0008457987637418,1
1768,0.000642916753973401,0.00010531473733461039,0.0006026149759018921,1
1769,0.0005008471252376349,0.0004167501957859543,0.0008136494139988831,1
1770,0.000124963250155104,8.198547301724612e-05,0.0005916771747186903,1
1771,0.000152016210806168,0.0005394837079954256,0.0008716241294161904,1
1772,0.000878998152628879,0.0004951729748956986,0.000710510640449438,1
1773,0.000786015392178416,0.0006355077979564582,0.0005485164618523722,1
1774,0.00047967493965753985,0.0006941425672222208,9.870892259576902e-05,1
1775,0.0006753254241106536,0.0007955381794741216,0.00030024408732567254,1
1776,0.00015874047023334693,5.861523409210412e-05,0.0007980209082341989,1
1777,0.0008790287831348682,0.0009207808443111879,0.0005989414068285599,1
1778,0.00043261856966603484,0.0008828424389282078,0.00020761037956756135,1
1779,0.00040904034050226034,0.00010675904171144657,0.0009213630947197242,1
1780,0.0007882462570365992,0.00014796364705275521,9.754648042551318e-05,1
1781,4.6335119868762597e-05,0.0003169526425530962,0.0002362660881163239,1
1782,2.288071314734108e-05,0.0003446734198737296,0.000828446683113893,1
1783,0.0005053724557906678,3.6907745107652604e-05,0.00014762797957259998,1
1784,0.00021176955426091925,0.00038865268497412854,0.0009456306910921748,1
1785,0.0006878337447679889,0.0006431024732241257,0.0008036098459196826,1
1786,0.0002742921237853787,4.005626473905011e-05,0.0009531438260081699,1
1787,0.0007839435087689526,0.0001184490543833413,0.00013066274445681347,1
1788,0.0007162023427255158,0.0005811745841194747,2.9074349367987363e-05,1
1789,0.0002946261048531892,0.0006555141892063094,0.0006806813657153286,1
1790,8.215075272299222e-05,0.0008133363969029886,0.0009849067819150672,1
1791,0.000412073353473976,0.0009439660781168479,0.00048109922534998186,1
1792,0.0005933854152645481,0.0007726725114722253,0.0009151903087058536,1
1793,0.0008355262452611624,0.0004891524913135017,0.0008742265085488452,1
1794,0.00019194389899861075,0.0008584145285018163,0.00016473188054574506,1
1795,0.0009645019475748433,0.0007478717413771831,0.0004945464462689728,1
1796,0.0009858710248297784,0.0009897464523276071,0.00048064358531773655,1
1797,0.00021538692004075344,0.000737862281940012,0.0007679527999362284,1
1798,0.0007257078598292383,0.00036115587188209267,6.726162623864273e-05,1
1799,0.0007603609491489921,0.0008933023647574241,0.0006336785365422275,1
1800,0.0002473129750888611,1.8294529658773653e-05,0.00048515104546882073,1
1801,0.00043384464079436583,0.0005331493508795068,0.0006789084594179552,1
1802,0.0007646679092481777,0.0006691662290687931,0.00011703015927242222,1
1803,0.0008091272132160393,0.00043724437973015817,0.000787809333891119,1
1804,0.0006920068423306682,0.00012702435765726217,0.0008731055339787635,1
1805,0.00021395035577677314,0.00035987358632375835,0.0009825298989459504,1
1806,0.0005749477183581787,0.00010199306973582134,0.0007300849700448201,1
1807,0.0006502668764053988,0.0005014399079064883,5.788879388013957e-05,1
1808,0.0005889143981286691,0.0002980489239043489,0.000980657467649933,1
1809,6.71893580636781e-05,0.0003714892138361055,0.0003381706055527568,1
1810,0.0009210972218094405,0.0004879462368529801,0.00012101962319544357,1
1811,0.0009142062049305273,0.0008465074048099683,0.0001334538559459515,1
1812,0.0005434392935891524,0.0003896123160273153,0.0005680906877851007,1
1813,0.0004145397763856037,0.0004284687090165785,4.0828201155826746e-05,1
1814,0.0006113218363851914,0.0003256424361459155,0.000347373978540963,1
1815,0.000929734853544253,0.0005395251288967411,0.0003039594905951759,1
1816,0.0008647523122126643,0.00024117336106499677,0.0006736593987130712,1
1817,0.0009409095109790008,0.0006705660210887788,0.0003689681622307678,1
1818,0.0002836307894597279,0.0006426832521713079,2.4990384909584606e-05,1
1819,4.57423389692968e-05,0.0008517769371386673,0.00022462048497397502,1
1820,0.0009017856783093115,0.00041599927090364344,0.0007425329565382332,1
1821,0.0008350496169248593,0.0008535162986846269,0.0008670207296375067,1
1822,0.00028017154828391546,0.0009371014632014673,0.0009503746008350054,1
1823,0.0006702892689145683,0.00024359612291738564,0.0007841849650982668,1
1824,0.00018253617514752652,0.000271796019892117,0.000833001390875328,1
1825,0.0006541758522344641,0.000855947012016729,0.0004494172910507367,1
1826,0.00016209414859118498,0.00017979562761205538,0.0009387560079933395,1
1827,0.000650375473338687,0.0002532256614713191,0.0006947631430406813,1
1828,8.249089013698141e-06,0.0003618000804839059,0.0007800763942446828,1
1829,0.00034983435755219926,6.142717940306019e-05,0.0009945133450234437,1
1830,0.000416860125217673,0.0001129185734546726,0.00032734695698111296,1
1831,0.0005339875445440358,4.647879175874992e-05,0.0004232986370633948,1
1832,0.0005755343660414909,0.00011486202617575592,0.0002803239256314759,1
1833,0.0004120691851578838,2.3876478050029903e-05,0.0005154936622318062,1
1834,0.00027446755927974044,0.0003586121250215192,0.0003693773385682284,1
1835,0.0005949023842482278,0.0004922882642265377,0.0009203616195801712,1
1836,0.0007341935206924855,0.0007075007526514024,0.00013575693669733524,1
1837,7.415526518782523e-05,0.00025993449617063867,0.00031916012959560234,1
1838,0.0007857205950258773,2.6294153622656635e-05,0.0005151719244190564,1
1839,2.8823080169351756e-05,0.0007442735097296235,2.4095384556423793e-05,1
1840,0.0007786234243112914,0.00019192169717297447,0.00026797711916987733,1
1841,0.00022045055548472882,9.956019873616673e-05,0.0006783637753821503,1
1842,0.0009217787434932065,7.72262530870984e-05,0.00036647212330557025,1
1843,0.0008418171754720994,0.0003263886028256039,0.00018937406640887113,1
1844,0.0007742039180380913,0.0002845097685075493,0.00024069729068075364,1
1845,0.0005502083890070738,0.0005374371897125721,0.0002828422485972044,1
1846,0.00044332774780362326,0.0009363206840191383,0.00018354730726144198,1
1847,0.0008264425422504666,0.0002905833410041936,0.00010092253916045868,1
1848,0.000748485687801844,0.0007668945280112428,0.0001469711246458033,1
1849,0.00021132267614371893,3.809510378111469e-05,5.317723194546387e-05,1
1850,0.0006153791169582887,0.00044220747251821256,0.00016021810407852832,1
1851,0.0008911312031521472,0.00019828145060315995,0.0001753975307901331,1
1852,0.0006362794922099221,0.0009682376260436241,0.00028142157772704157,1
1853,0.00012339156854877098,0.0008376551334809144,0.0008933006700333134,1
1854,0.00037484623274994277,0.0007690559890606695,0.0003199339279798219,1
1855,0.0005086957284905405,0.0008623884002155167,0.0009784871352809805,1
1856,0.0005332670706090181,0.0009708967765310724,0.00016692195041532432,1
1857,0.0002297757797702139,0.0009628026654791967,2.2419655608094336e-05,1
1858,5.379812921853766e-05,0.0009553202290702158,0.0007913498761598267,1
1859,0.0007779804803551876,0.0002601151792897405,0.00034885146507037377,1
1860,0.0005167951366904092,0.0009135165716473392,0.00032839798709801993,1
1861,0.0009762947133929172,0.0005131459359121427,0.0005325396682350059,1
1862,0.00027853390049935143,0.00015436395483924071,0.0002957293937983909,1
1863,0.0006222284713132265,0.0009948010110345554,0.00046624683639622536,1
1864,0.0008817323288764951,0.0002657199558917992,2.29984681127382e-05,1
1865,0.00030877853688579147,0.00026939534126423857,0.0005738000679938764,1
1866,0.00017395908309753472,4.927389260245241e-05,6.181005440896149e-05,1
1867,0.00046693048207913936,0.0008717984290666001,0.00040266774468481105,1
1868,0.00018838321556784334,0.0004669881603154277,0.0002388695739070772,1
1869,0.00039367922214785,0.00031418713898811036,0.0003690996858347293,1
1870,0.00032001201949307843,0.0003923221627331361,0.00012226109639299854,1
1871,0.0006949118593224995,0.00041551585381281644,0.000585205369777368,1
1872,0.0008376032528362663,3.8469000215801685e-07,0.00015278344890197126,1
1873,0.0009339056559884552,0.0005865160241474061,0.00031979697337588045,1
1874,0.00023881473648195608,3.1785683573368416e-05,0.0005771588570640867,1
1875,0.0005239920967354893,0.0008042242290595586,0.0003582637907548708,1
1876,0.00016913247059639557,0.0002350916947288184,0.000770981448133296,1
1877,0.000587276994931642,0.0008379154457403523,0.000494201528787564,1
1878,0.0008581488785879599,0.0006321186373573188,0.0003647383578121336,1
1879,0.0006607984195575826,0.00025223390631724086,0.0004456386076041784,1
1880,0.0004158759098683067,0.0008946738123553978,0.0003243571195840529,1
1881,0.0007963400241035788,0.0009445112362538381,0.0006097581252239498,1
1882,0.0008417831860086026,0.0009676644844407729,0.0008096448140122658,1
1883,0.0007826910318571817,0.000192305247695437,0.0007505510837733955,1
1884,0.0004331186629417947,0.0006001839799781178,4.250030287048623e-05,1
1885,0.0009063599735224418,0.0005338851868009334,0.0003706316208382925,1
1886,6.228301776404266e-05,3.9036672408796933e-05,7.772579401672342e-05,1
1887,0.00041826468406423555,0.0006632983547646245,0.000877650949890248,1
1888,0.0005814605745208619,0.0008846623306260854,0.00019339217393465492,1
1889,0.0005725130104838723,0.0008016018288212445,0.0008420083164695987,1
1890,0.0001630856865203928,0.00022459218332749264,0.0009952625333399154,1
1891,0.0008146165247399154,0.0004932416234741604,0.00031554869781090733,1
1892,0.0005516852033430539,0.0005295088363056877,0.0008248025279000141,1
1893,0.00026765596235672073,0.00036124310271292304,0.00048611870120934976,1
1894,0.0003874414320640917,0.00044759940788062047,0.0004867654337328751,1
1895,0.0005201795789944477,0.0002446521594152208,0.0008088060800757046,1
1896,0.000723165830501424,1.1967374185639312e-05,0.000918603507135631,1
1897,4.284891253408452e-05,0.0005374252990507779,0.0008524288838981522,1
1898,0.0004624155554105106,8.052880537628737e-05,0.00021708619315591237,1
1899,0.00012696411672481555,0.000886741307300387,0.00086551251911932,1
1900,0.0002798542486691814,0.00011602950041890115,0.0002121783837997291,1
1901,0.0005823598933498527,0.0008793848026728299,0.00012167914586049622,1
1902,0.00048368092309161037,0.0009838697454191362,0.0009885930777112366,1
1903,0.0008651208274969849,0.0003431751151024771,3.984007508501786e-05,1
1904,0.0009270577589333786,0.000588097498041094,0.0008037032576659362,1
1905,0.0007832911659036545,0.0003923787968429243,0.0003759516807139718,1
1906,0.0005015095859939226,0.000641619758365299,0.00036203248854178204,1
1907,0.0007410359872933308,0.0005925767476527442,0.0009251381816770645,1
1908,2.9979915220479493e-05,0.0003413233613844134,0.000794359462247513,1
1909,0.0008713332957881788,0.0005650483944529802,0.00020710568211915992,1
1910,0.0006199945179643784,0.0006001165696925329,0.0009835100189030431,1
1911,0.0001206636459593976,0.000549692045796804,0.00040661991871229053,1
1912,0.000785344259062457,0.0005175783870289089,0.000605471496299508,1
1913,9.924716987073223e-05,0.0007107619232657781,6.216215708361272e-05,1
1914,0.0005574336656941105,6.737645960188254e-05,0.0006411331610887988,1
1915,0.00038897905095114284,0.0007924081479136521,0.0009348552406720549,1
1916,0.00028020296806764976,0.000442968671433695,0.0008135542287945925,1
1917,0.0004890905437661345,0.0004113855320632712,0.00046569447658763254,1
1918,0.0004587947185164725,0.0008202251131887116,0.0007832627727899784,1
1919,0.00024867610961153255,0.0003216616785550258,0.00016874746872377566,1
1920,0.0006003294126105612,0.000251799934596341,0.00016405681665251882,1
1921,0.0005722968719635383,0.00047884214548391413,0.0008178434793561202,1
1922,0.0005534764047013037,0.000567412438805308,0.00026407537604421585,1
1923,0.00030330598018164925,0.0008868768527906935,0.00021035519495485834,1
1924,7.233726930730822e-05,0.00022026782473658625,0.0006062019419304761,1
1925,0.00015285265227425293,0.00010418577848161615,0.00010075374177885565,1
1926,0.00028453593248458156,0.0009711826870873959,0.0002786403453938635,1
1927,0.00011889087589230718,0.0009164929916751288,0.0008978210137890938,1
1928,0.0005239298585178877,0.00024205199421555913,0.0008501064566360658,1
1929,0.00040874178016565843,0.00023407610188049433,0.00045693580871540655,1
1930,0.00013350389615516045,0.0005751248491687327,0.00018400150928819803,1
1931,0.0002593004012947462,0.00029213430345273727,0.0009611821855468384,1
1932,0.0007016458820501012,3.4272310633851723e-05,0.0007452428060991258,1
1933,0.0008374431604450678,0.0003145418870978922,0.0009075845314222036,1
1934,0.0005007038682941151,0.0007144909268929337,0.0009319305769142162,1
1935,0.0005006220855692943,0.0008071018226239624,0.00045404985166269576,1
1936,0.0008675917182568199,0.0009172127920760752,0.0009501261593063027,1
1937,0.0002871810914720462,0.0007045087353522662,0.0007971183971810038,1
1938,0.00030205030289431667,0.000273548506253919,0.0007539432328889913,1
1939,0.00012440196426116156,0.0001036762531222909,0.00030524767532438357,1
1940,3.227125506451589e-05,0.0008857351420282853,0.0002202369745914967,1
1941,0.0004499398247716647,0.0003247866705761532,0.000512026599335851,1
1942,0.0002794840930829773,0.00026956127813360667,0.0004671914752541009,1
1943,0.0004900771910653847,0.0008651748018988863,9.366846621061043e-05,1
1944,0.0003848086009993943,0.0005158735302358754,0.0006000988574956037,1
1945,0.0007910286538976446,0.0004088738476837862,0.0003888745948532333,1
1946,1.123272148229526e-05,0.00013874187952243744,0.0007012045460250446,1
1947,0.0009926972189291284,0.0003715233813310563,0.0007648787348182881,1
1948,0.0001031144289400262,0.0006535274565768285,0.0005872524799103021,1
1949,0.0003422407997080289,0.000998653925060282,0.0001777738006670506,1
1950,0.0009639053997678099,0.00044905150996887557,0.0004542116947468623,1
1951,0.0002709113287796917,0.0006339494714198566,0.0006221219222711538,1
1952,0.00025329776571117235,0.0006326509755832428,0.0007269152662323711,1
1953,0.0009888335919748126,0.0009799514728638453,0.00032754322350857923,1
1954,0.00012069229936718451,0.00034662442661437254,0.0004079252928220194,1
1955,0.0005716469615252633,0.00011234264230542879,0.0006257449767485803,1
1956,0.00018642764855274108,0.0003015774250587452,0.0007748662431274501,1
1957,0.0005550882626903403,0.0009446087361923168,0.0005876511911852046,1
1958,0.0003066582624523807,0.0005804335327320611,0.0004534445602918222,1
1959,5.131290653803688e-07,1.1584801255660749e-06,0.0007000972559798777,1
1960,0.0003466484579946316,0.00017441884848852052,0.00021891760333308152,1
1961,0.0008553429920944951,0.00040864023839273203,2.844646768829895e-06,1
1962,8.662947088904283e-05,0.0006423818057666571,0.0005544156567194872,1
1963,0.00032063069852341665,0.00033200350800042725,0.00031950662322810953,1
1964,0.000608492803149302,8.160673775366867e-05,0.0005198753198795711,1
1965,0.00012579466341986988,0.00037371117167725476,0.00031374990582461296,1
1966,0.0007791957474062479,9.613674509792103e-05,0.0008964675495800844,1
1967,0.0008066726644501609,0.0008746766148293061,0.0009607204316418338,1
1968,0.0003737246746208447,0.0007871609138072169,0.0008417255013508811,1
1969,0.00037457859432603904,0.00033023164066355596,0.0007400023721101731,1
1970,0.00018617100868619242,0.0005316384578788906,0.0003428448416458295,1
1971,0.0008989311637790619,3.778277051843337e-05,0.00024193293392291127,1
1972,0.0008029479303705045,0.0007003958379405279,0.0006286356400477346,1
1973,0.0007485938545460332,0.0005552527045048126,0.0007092577377879251,1
1974,0.00013286266898021725,0.00023489100145221664,0.0003894537927268111,1
1975,0.00028370902813929465,0.00029924853090364646,0.0003618868613020729,1
1976,0.0007225004525035036,0.0005135936353305648,0.0009884676460022036,1
1977,0.000768128875398147,0.0002547115918853961,0.0007288030490886844,1
1978,0.000900464502802557,0.0006974332826702164,0.00017437857241693722,1
1979,0.0009697547778424563,0.0005781772348984598,0.0009067976738441456,1
1980,0.0009805974952146138,0.00021579146524084914,0.00011400541909609862,1
1981,0.0008577151897609038,0.00027043094881180196,0.0006428310372598102,1
1982,0.0009694012392791426,0.0004313866154733663,7.550403399132688e-05,1
1983,0.0002436821700780668,0.0009019962401503431,7.126277962061489e-05,1
1984,0.0002874403792267023,0.0005698468343230006,0.0005039162101650385,1
1985,0.0009802065749534062,0.0008263827684698204,0.0006670520688562209,1
1986,0.0004758601133734671,0.0005773614872340122,0.00025884575865554415,1
1987,0.00026710269129051536,1.4499251072744634e-05,0.00043279005860585553,1
1988,4.650622600749543e-05,0.0003230312711002005,0.0006104358663373559,1
1989,0.000720871548916792,0.0007328956629644595,0.0004885313550564637,1
1990,0.000812253177317814,0.00028998161943707604,0.0005258269005826531,1
1991,0.00013975250605251588,0.0007814835930634358,0.0002618988558469939,1
1992,0.0006054715462661897,4.9843663457641795e-05,9.11668667600437e-05,1
1993,0.0003315051415821321,0.0008691583442919003,0.00010851761561095996,1
1994,0.0007674374380368095,0.0001386927597767582,0.0009613376654437388,1
1995,0.0006169433368002626,0.00028117011251068346,0.0008427797306550565,1
1996,0.00026659068112383223,0.0006786696993070562,0.000676553847074174,1
1997,0.00021369291885720687,0.0009533147204816754,0.0006088428185167431,1
1998,0.0007153639967173046,0.000476952741178034,0.0008090281209408597,1
1999,0.0008279337751844111,0.0008532775267581405,0.0004896454867394325,1
