X,Y,Z,Trace,GradX,GradY,GradZ
5.00E-05,0,5.00E-05,-444.517689,-0.015365331,-0.903941328,-0.427380371
5.00E-05,0,0.0001,-431.1209471,-0.008341049,-0.999330169,0.035632003
5.00E-05,0,0.00015,-412.09559,-0.018684297,-0.999460977,0.026993576
5.00E-05,0,0.0002,-406.4294627,-0.027750673,-0.999098306,0.032132138
5.00E-05,0,0.00025,-384.2453075,-0.034063068,-0.998547754,0.041738346
5.00E-05,0,0.0003,-372.4317384,-0.017239701,-0.999104187,0.038647338
5.00E-05,0,0.00035,-353.3622195,0.013261666,-0.998956672,0.043700071
5.00E-05,0,0.0004,-339.0228178,0.038533175,-0.998083802,0.048414036
5.00E-05,0,0.00045,-318.8283039,0.05282638,-0.996519702,0.064481442
5.00E-05,0,0.0005,-296.0035442,0.072420527,-0.994010982,0.081837861
5.00E-05,0,0.00055,-268.0614983,0.094050061,-0.991976857,0.084477813
5.00E-05,0,0.0006,-246.9497825,0.125189937,-0.991412435,0.037800299
5.00E-05,0,0.00065,-247.7616366,0.089126116,-0.995739638,0.023645484
5.00E-05,0,0.0007,-234.8140781,0.158134019,-0.982444928,0.098972701
5.00E-05,0,0.00075,-201.7417624,0.173747684,-0.968306586,0.179427136
5.00E-05,0,0.0008,-157.0718845,0.190453661,-0.953104106,0.235201971
5.00E-05,0,0.00085,-106.6001769,0.219425523,-0.927591071,0.302369386
5.00E-05,0,0.0009,-47.15131815,0.258737079,-0.889625764,0.376325821
5.00E-05,0,0.00095,16.48500765,0.240495263,-0.498667587,-0.832762071
5.00E-05,5.00E-05,5.00E-05,-454.7382463,-0.084955738,-0.008958796,-0.99634445
5.00E-05,5.00E-05,0.0001,-432.8782042,-0.400432504,-0.080063212,0.912821829
5.00E-05,5.00E-05,0.00015,-409.7512568,-0.728579897,-0.01667772,0.684757758
5.00E-05,5.00E-05,0.0002,-389.9712394,-0.786295797,0.194515167,0.586432237
5.00E-05,5.00E-05,0.00025,-365.8549601,-0.987249149,0.091800991,0.130044977
5.00E-05,5.00E-05,0.0003,-379.3611768,-0.987052326,0.124682365,-0.100905966
5.00E-05,5.00E-05,0.00035,-373.1675801,-0.821256515,0.419067538,0.387195216
5.00E-05,5.00E-05,0.0004,-349.8804764,-0.428951886,0.538177984,0.725509984
5.00E-05,5.00E-05,0.00045,-331.2623028,-0.09903618,0.416062555,0.90392687
5.00E-05,5.00E-05,0.0005,-311.5288066,0.701798063,0.238478157,0.671273155
5.00E-05,5.00E-05,0.00055,-291.0391128,0.546993086,0.156449198,0.822388116
5.00E-05,5.00E-05,0.0006,-248.2474288,0.744185958,0.114353043,0.658111421
5.00E-05,5.00E-05,0.00065,-242.9528511,0.771481882,0.511542821,0.378338008
5.00E-05,5.00E-05,0.0007,-214.8989855,0.772728299,0.40930455,0.485139941
5.00E-05,5.00E-05,0.00075,-178.4165541,0.728178425,0.284218332,0.623679501
5.00E-05,5.00E-05,0.0008,-128.781478,0.541844323,0.386683913,0.746244116
5.00E-05,5.00E-05,0.00085,-73.96123757,0.70086475,0.351683733,0.620570023
5.00E-05,5.00E-05,0.0009,-17.91449954,0.699315694,0.27599899,0.659380101
5.00E-05,5.00E-05,0.00095,40.71932501,0.343542266,0.066839489,-0.936755675
5.00E-05,0.0001,5.00E-05,-448.7761195,-0.322675178,0.015621976,-0.946380834
5.00E-05,0.0001,0.0001,-435.0667367,-0.974883129,-0.004099667,0.222679316
5.00E-05,0.0001,0.00015,-413.140617,-0.977548057,-0.044304742,0.206002152
5.00E-05,0.0001,0.0002,-391.8693909,-0.986750493,-0.031260354,0.159205074
5.00E-05,0.0001,0.00025,-376.7554814,-0.991081705,-0.056222242,0.120814374
5.00E-05,0.0001,0.0003,-363.3960511,-0.976724664,0.137232415,0.164852042
5.00E-05,0.0001,0.00035,-321.4547888,-0.615063527,0.76448915,0.193010872
5.00E-05,0.0001,0.0004,-307.9377905,-0.475784001,0.874782785,0.091567813
5.00E-05,0.0001,0.00045,-301.175666,-0.278429079,0.936857072,0.211603578
5.00E-05,0.0001,0.0005,-281.7137545,-0.130020518,0.830171405,0.542134765
5.00E-05,0.0001,0.00055,-256.0229965,0.230317785,0.827246703,0.512461325
5.00E-05,0.0001,0.0006,-238.5943427,0.576233873,0.361076824,0.733197143
5.00E-05,0.0001,0.00065,-202.6719115,0.771854302,0.125461342,0.623297993
5.00E-05,0.0001,0.0007,-180.365871,0.93638597,-0.114616738,0.331729286
5.00E-05,0.0001,0.00075,-162.4969671,0.761292873,0.298190168,0.575774075
5.00E-05,0.0001,0.0008,-102.9459093,0.627355173,0.232070946,0.743349556
5.00E-05,0.0001,0.00085,-43.77066299,0.848094288,-0.047997295,0.527666883
5.00E-05,0.0001,0.0009,0.850918207,0.888575208,-0.080983516,0.451526045
5.00E-05,0.0001,0.00095,47.65330118,0.416129534,0.052341942,-0.907797627
5.00E-05,0.00015,5.00E-05,-446.7699522,-0.543627279,0.247188857,-0.802101646
5.00E-05,0.00015,0.0001,-433.5342763,-0.981349767,0.184842218,0.052782475
5.00E-05,0.00015,0.00015,-419.0416805,-0.995411812,0.065078546,0.070143477
5.00E-05,0.00015,0.0002,-397.1155609,-0.996704441,-0.020611884,0.078456411
5.00E-05,0.00015,0.00025,-379.1053288,-0.974840329,0.178613022,0.133355622
5.00E-05,0.00015,0.0003,-333.3256682,-0.744842245,0.513059214,0.426591459
5.00E-05,0.00015,0.00035,-153.5051433,-0.565426304,0.724748001,0.393742848
5.00E-05,0.00015,0.0004,-156.146162,-0.408301759,0.890560025,-0.200480711
5.00E-05,0.00015,0.00045,-215.1575855,-0.565528436,0.761891939,-0.315750315
5.00E-05,0.00015,0.0005,-242.3864872,-0.805708211,0.591912048,-0.021780856
5.00E-05,0.00015,0.00055,-221.4330966,-0.400599501,0.904152019,0.148422259
5.00E-05,0.00015,0.0006,-221.9736762,-0.109790024,0.990662975,-0.080827098
5.00E-05,0.00015,0.00065,-231.2322579,0.26047202,0.962646107,-0.073937807
5.00E-05,0.00015,0.0007,-228.7799459,0.649214383,0.472077428,0.596375374
5.00E-05,0.00015,0.00075,-138.3211897,0.659544448,0.380478219,0.648257237
5.00E-05,0.00015,0.0008,-91.71557082,0.924981365,0.218725127,0.310755198
5.00E-05,0.00015,0.00085,-83.40273768,0.930499821,-0.199377822,0.307276043
5.00E-05,0.00015,0.0009,-34.31185726,0.688556379,0.262180209,0.676129907
5.00E-05,0.00015,0.00095,66.64399311,0.416716474,0.102604834,-0.90322734
5.00E-05,0.0002,5.00E-05,-294.6329441,-0.554538987,0.57270142,-0.603738019
5.00E-05,0.0002,0.0001,-337.9633844,-0.787913942,0.595907654,-0.155195645
5.00E-05,0.0002,0.00015,-379.3516298,-0.875964304,0.469401251,-0.11112607
5.00E-05,0.0002,0.0002,-402.3613754,-0.803744525,0.571917146,0.164029009
5.00E-05,0.0002,0.00025,-291.3169724,-0.718162686,0.524614285,0.457189466
5.00E-05,0.0002,0.0003,-92.06794203,-0.504374867,0.748209511,0.431031925
5.00E-05,0.0002,0.00035,4.673021873,-0.38524709,0.91008206,0.152759036
5.00E-05,0.0002,0.0004,-34.07004422,-0.22251679,0.905079029,-0.362378572
5.00E-05,0.0002,0.00045,-93.08146771,-0.322552283,0.915116624,-0.241912357
5.00E-05,0.0002,0.0005,-111.1717593,-0.351737276,0.929538938,-0.11062663
5.00E-05,0.0002,0.00055,-131.6731558,-0.370529401,0.928505394,-0.024201176
5.00E-05,0.0002,0.0006,-118.4902372,-0.186087815,0.980733307,0.059443292
5.00E-05,0.0002,0.00065,-114.0565024,0.199618536,0.979316302,0.03304575
5.00E-05,0.0002,0.0007,-106.8195443,0.169041342,0.982291639,0.080797037
5.00E-05,0.0002,0.00075,-82.05049252,0.215372785,0.969168948,0.119691745
5.00E-05,0.0002,0.0008,-64.29154252,0.316711203,0.948517582,0.002900042
5.00E-05,0.0002,0.00085,-81.01739166,0.252459465,0.916942526,0.30899939
5.00E-05,0.0002,0.0009,59.03394316,0.289238194,0.843973046,0.451719785
5.00E-05,0.0002,0.00095,94.50772249,0.310899332,0.603001957,-0.734663355
5.00E-05,0.00025,5.00E-05,-36.53105785,-0.276443225,0.771387857,-0.573184017
5.00E-05,0.00025,0.0001,-108.238336,-0.393985068,0.904000065,-0.166010986
5.00E-05,0.00025,0.00015,-147.0218237,-0.461341287,0.886840161,0.026052755
5.00E-05,0.00025,0.0002,-90.16662292,-0.449447125,0.878616847,0.161337278
5.00E-05,0.00025,0.00025,-23.05082656,-0.441835607,0.822181161,0.35888638
5.00E-05,0.00025,0.0003,180.4704477,-0.347370787,0.867203511,0.356779493
5.00E-05,0.00025,0.00035,192.0249646,-0.13024981,0.962978065,-0.236025916
5.00E-05,0.00025,0.0004,88.00607359,0.027268591,0.949711425,-0.311936905
5.00E-05,0.00025,0.00045,76.50614777,-0.057546659,0.998210152,-0.016274975
5.00E-05,0.00025,0.0005,81.87971144,-0.190810164,0.980659168,-0.043578404
5.00E-05,0.00025,0.00055,59.34855577,-0.046029142,0.998356344,-0.03414569
5.00E-05,0.00025,0.0006,68.6770989,0.131324084,0.980570477,0.145724139
5.00E-05,0.00025,0.00065,114.6306716,0.155804731,0.96435405,0.213883499
5.00E-05,0.00025,0.0007,160.3337785,0.039873123,0.979356016,0.198171459
5.00E-05,0.00025,0.00075,206.0368854,-0.106293161,0.975295475,0.193650458
5.00E-05,0.00025,0.0008,246.1810162,0.375976435,0.914570732,0.14900368
5.00E-05,0.00025,0.00085,282.5603874,0.360072108,0.929416165,0.080831114
5.00E-05,0.00025,0.0009,293.6314167,0.394953088,0.904742409,0.159540691
5.00E-05,0.00025,0.00095,356.9290924,0.335584557,0.792041422,-0.509954303
5.00E-05,0.0003,5.00E-05,331.3867898,-0.250066447,0.852312947,-0.459379378
5.00E-05,0.0003,0.0001,263.7055884,-0.369592828,0.918672361,-0.139435413
5.00E-05,0.0003,0.00015,235.8125308,-0.382073668,0.924052492,0.012112159
5.00E-05,0.0003,0.0002,272.7647194,-0.353515142,0.927015996,0.125173432
5.00E-05,0.0003,0.00025,328.6917914,-0.251690253,0.940755569,0.227224507
5.00E-05,0.0003,0.0003,430.7044846,-0.182024144,0.97604611,0.119168796
5.00E-05,0.0003,0.00035,381.9246624,0.063355116,0.956502677,-0.284760879
5.00E-05,0.0003,0.0004,317.6342211,0.176946357,0.959564682,-0.21891918
5.00E-05,0.0003,0.00045,282.6731314,0.142026911,0.984596712,-0.101968974
5.00E-05,0.0003,0.0005,274.9311822,0.112054924,0.99121658,-0.070238068
5.00E-05,0.0003,0.00055,254.3466281,0.271602573,0.960833009,-0.055063333
5.00E-05,0.0003,0.0006,253.5003686,0.374674427,0.920395225,0.111766289
5.00E-05,0.0003,0.00065,299.2034755,0.464160484,0.859785007,0.212896187
5.00E-05,0.0003,0.0007,344.9065824,0.548122625,0.826325845,0.129410917
5.00E-05,0.0003,0.00075,350.3080124,0.500673321,0.847111695,0.178123558
5.00E-05,0.0003,0.0008,405.4025957,0.370989399,0.869655354,0.325678417
5.00E-05,0.0003,0.00085,464.5790602,0.49511081,0.820097461,0.286889248
5.00E-05,0.0003,0.0009,480.7728789,0.645265847,0.668014334,0.370660002
5.00E-05,0.0003,0.00095,607.303387,0.477928735,0.821801791,-0.310203065
5.00E-05,0.00035,5.00E-05,600.9656739,-0.377426696,0.723506924,-0.57800244
5.00E-05,0.00035,0.0001,521.4541386,-0.675642724,0.726267934,-0.126656215
5.00E-05,0.00035,0.00015,544.1111443,-0.725932525,0.672829233,0.142558034
5.00E-05,0.00035,0.0002,597.683499,-0.69762946,0.692435338,0.183974018
5.00E-05,0.00035,0.00025,630.8518501,-0.359390406,0.931219472,0.060570874
5.00E-05,0.00035,0.0003,616.4716371,-0.018754845,0.951571899,-0.306853673
5.00E-05,0.00035,0.00035,571.8243603,0.133242662,0.930251722,-0.341874433
5.00E-05,0.00035,0.0004,523.0445382,0.344840793,0.912544109,-0.21988196
5.00E-05,0.00035,0.00045,488.840115,0.353036625,0.930141905,-0.101000881
5.00E-05,0.00035,0.0005,481.6301675,0.387331472,0.912542164,-0.131305484
5.00E-05,0.00035,0.00055,433.3076306,0.414244278,0.904077078,-0.10510145
5.00E-05,0.00035,0.0006,438.0731725,0.557661777,0.821269211,0.120541386
5.00E-05,0.00035,0.00065,483.7762794,0.720195151,0.685283451,0.108192127
5.00E-05,0.00035,0.0007,486.6509145,0.764581095,0.644111908,0.023143028
5.00E-05,0.00035,0.00075,493.7409989,0.773006458,0.618960291,0.139101308
5.00E-05,0.00035,0.0008,551.3176892,0.883980895,0.467432359,0.009206899
5.00E-05,0.00035,0.00085,498.0127901,0.927220302,0.374511167,-0.001974304
5.00E-05,0.00035,0.0009,550.8533876,0.748774551,0.348754971,0.56365472
5.00E-05,0.00035,0.00095,752.6884171,0.807084625,0.57604877,0.129546217
5.00E-05,0.0004,5.00E-05,620.8312452,-0.472969297,-0.242038721,-0.847181977
5.00E-05,0.0004,0.0001,589.718976,-0.980121429,0.158939316,-0.118744589
5.00E-05,0.0004,0.00015,595.5912156,-0.987802679,0.150113633,0.041373479
5.00E-05,0.0004,0.0002,599.2365256,-0.993692408,0.028718834,0.108400312
5.00E-05,0.0004,0.00025,617.5415124,-0.972352631,-0.217208544,0.085736858
5.00E-05,0.0004,0.0003,613.7523197,-0.993942132,-0.035904189,0.103874575
5.00E-05,0.0004,0.00035,636.1429113,-0.8622748,0.378113059,0.336916433
5.00E-05,0.0004,0.0004,662.0316611,-0.477954496,0.855126939,0.200791977
5.00E-05,0.0004,0.00045,664.0682371,-0.018719159,0.999803116,-0.006581902
5.00E-05,0.0004,0.0005,660.86886,0.298382438,0.942254036,-0.152069897
5.00E-05,0.0004,0.00055,629.0215791,0.513922708,0.837853559,-0.18407842
5.00E-05,0.0004,0.0006,597.3519588,0.672561155,0.738178167,-0.052483205
5.00E-05,0.0004,0.00065,606.8924308,0.774639129,0.62999648,0.055123998
5.00E-05,0.0004,0.0007,622.2425669,0.792467197,0.605926669,0.06963198
5.00E-05,0.0004,0.00075,638.0563182,0.818425049,0.574613289,8.63E-05
5.00E-05,0.0004,0.0008,622.2805455,0.871164211,0.406026069,-0.276071999
5.00E-05,0.0004,0.00085,552.6537096,0.441640717,0.887646111,0.130529151
5.00E-05,0.0004,0.0009,638.3505372,0.791056969,0.32632265,0.517438306
5.00E-05,0.0004,0.00095,830.135992,0.997781775,0.060938712,-0.026795576
5.00E-05,0.00045,5.00E-05,532.2788644,-0.745338067,-0.121185331,-0.655580111
5.00E-05,0.00045,0.0001,555.2378511,-0.984588419,0.043913841,0.169284437
5.00E-05,0.00045,0.00015,578.643264,-0.979335959,0.071061359,0.189344559
5.00E-05,0.00045,0.0002,603.4988598,-0.995433571,-0.061771049,0.072775979
5.00E-05,0.00045,0.00025,594.0770654,-0.98815112,-0.149219408,0.035929552
5.00E-05,0.00045,0.0003,610.0420739,-0.977103505,-0.050701559,0.206635168
5.00E-05,0.00045,0.00035,626.0070824,-0.952687615,-0.165073513,0.255219599
5.00E-05,0.00045,0.0004,641.9720908,-0.885259587,-0.233656589,0.40214433
5.00E-05,0.00045,0.00045,665.4717619,-0.705146692,-0.188007129,0.683682282
5.00E-05,0.00045,0.0005,698.7859339,-0.348194493,0.133646376,0.927846561
5.00E-05,0.00045,0.00055,722.4119245,0.367596344,0.711762927,0.598553642
5.00E-05,0.00045,0.0006,749.3204419,0.649084005,0.716105135,0.2566776
5.00E-05,0.00045,0.00065,768.2439528,0.725609025,0.686955784,0.039790625
5.00E-05,0.00045,0.0007,757.8342193,0.69812853,0.707891539,-0.107266601
5.00E-05,0.00045,0.00075,746.5483009,0.627281129,0.6633003,-0.408106723
5.00E-05,0.00045,0.0008,676.9214649,-0.225856982,0.601408895,-0.766352377
5.00E-05,0.00045,0.00085,607.294629,-0.87610383,0.440034672,0.197006513
5.00E-05,0.00045,0.0009,725.8476868,0.621771373,0.408522324,0.668213941
5.00E-05,0.00045,0.00095,792.5309307,0.941350867,-0.14447931,-0.304933229
5.00E-05,0.0005,5.00E-05,576.9671316,-0.813378641,0.343678128,-0.469361833
5.00E-05,0.0005,0.0001,601.7463007,-0.945229342,0.265238933,0.190236168
5.00E-05,0.0005,0.00015,613.7036603,-0.99643359,0.016475015,-0.08275672
5.00E-05,0.0005,0.0002,586.1365698,-0.978411966,-0.171672673,-0.115058756
5.00E-05,0.0005,0.00025,590.3668195,-0.992693913,-0.085916524,0.084718037
5.00E-05,0.0005,0.0003,605.9177306,-0.988385594,-0.09262561,0.12047578
5.00E-05,0.0005,0.00035,615.4908921,-0.979542213,-0.027173035,0.199395786
5.00E-05,0.0005,0.0004,639.101629,-0.944594792,-0.218145776,0.245261289
5.00E-05,0.0005,0.00045,648.4448872,-0.889883191,-0.393130848,0.231421784
5.00E-05,0.0005,0.0005,669.0704816,-0.575271423,-0.708764149,0.408308916
5.00E-05,0.0005,0.00055,689.1140868,0.007381882,-0.790882844,0.611923062
5.00E-05,0.0005,0.0006,725.218788,0.371512677,-0.730036365,0.573607214
5.00E-05,0.0005,0.00065,753.8765178,0.582015911,-0.715648337,0.386141085
5.00E-05,0.0005,0.0007,765.4201104,-0.557558685,-0.724160531,0.405856917
5.00E-05,0.0005,0.00075,769.5646988,-0.821328448,-0.291479167,-0.490366675
5.00E-05,0.0005,0.0008,731.5623843,-0.721564136,0.228382342,-0.653595213
5.00E-05,0.0005,0.00085,661.9355484,-0.950456158,0.298405018,0.087106476
5.00E-05,0.0005,0.0009,751.597448,-0.679022321,-0.385311633,0.624870893
5.00E-05,0.0005,0.00095,738.4218484,0.642297444,-0.369128893,-0.671712628
5.00E-05,0.00055,5.00E-05,632.3560183,-0.888507786,-0.081054295,-0.451646006
5.00E-05,0.00055,0.0001,606.4581726,-0.964744518,-0.110614284,-0.238814774
5.00E-05,0.00055,0.00015,581.7508128,-0.946847163,-0.27271318,-0.170610585
5.00E-05,0.00055,0.0002,568.6792774,-0.987622477,-0.15360353,-0.031745836
5.00E-05,0.00055,0.00025,574.016065,-0.993095859,-0.087048322,0.078633351
5.00E-05,0.00055,0.0003,590.7258881,-0.985305197,-0.007368004,0.170644019
5.00E-05,0.00055,0.00035,621.4848843,-0.987516885,-0.131011153,0.08744415
5.00E-05,0.00055,0.0004,612.6614121,-0.960253782,-0.277308125,-0.031825746
5.00E-05,0.00055,0.00045,614.561773,-0.92487188,-0.370671254,0.084940134
5.00E-05,0.00055,0.0005,628.1901925,-0.720263464,-0.637503735,0.273513308
5.00E-05,0.00055,0.00055,649.8427814,-0.260672605,-0.859232425,0.440192495
5.00E-05,0.00055,0.0006,666.8965661,0.02184742,-0.906896618,0.420786424
5.00E-05,0.00055,0.00065,693.7374819,0.083558708,-0.857255536,0.50806583
5.00E-05,0.00055,0.0007,729.8421832,-0.436406763,-0.855795401,0.277782953
5.00E-05,0.00055,0.00075,726.4229084,-0.525439062,-0.841383386,-0.126442835
5.00E-05,0.00055,0.0008,714.5297536,-0.643123841,-0.634028565,-0.429417633
5.00E-05,0.00055,0.00085,675.9297501,-0.759938519,-0.404212065,-0.50902461
5.00E-05,0.00055,0.0009,678.6842463,-0.736423307,-0.66695911,0.113341337
5.00E-05,0.00055,0.00095,696.5656434,-0.707809281,-0.646762275,-0.284085517
5.00E-05,0.0006,5.00E-05,560.7960652,-0.932851983,-0.311224902,-0.181455885
5.00E-05,0.0006,0.0001,578.3069696,-0.984793373,-0.171511219,-0.027675166
5.00E-05,0.0006,0.00015,553.3158322,-0.985279133,-0.132340857,-0.108217043
5.00E-05,0.0006,0.0002,548.7116748,-0.995328809,-0.08590394,0.04405763
5.00E-05,0.0006,0.00025,565.9608842,-0.983502866,0.039175006,0.176599635
5.00E-05,0.0006,0.0003,603.8681397,-0.993740058,-0.099988649,0.049829385
5.00E-05,0.0006,0.00035,582.626506,-0.965245059,-0.248937512,-0.079574442
5.00E-05,0.0006,0.0004,578.7782978,-0.967565048,-0.252517713,-0.007258275
5.00E-05,0.0006,0.00045,580.6786587,-0.942132711,-0.332894178,0.039590671
5.00E-05,0.0006,0.0005,586.837647,-0.780351772,-0.57785508,0.239028489
5.00E-05,0.0006,0.00055,613.5612966,-0.369727103,-0.797092599,0.47743613
5.00E-05,0.0006,0.0006,630.6150813,-0.530105222,-0.767386332,0.360703024
5.00E-05,0.0006,0.00065,647.668866,-0.672024825,-0.684167926,0.283367049
5.00E-05,0.0006,0.0007,664.7226507,-0.703899531,-0.696870015,0.13746866
5.00E-05,0.0006,0.00075,667.6718245,-0.725212414,-0.686250007,-0.055927482
5.00E-05,0.0006,0.0008,657.0100087,-0.580986642,-0.770457781,-0.262391556
5.00E-05,0.0006,0.00085,633.4709394,-0.511285228,-0.812202092,-0.280918453
5.00E-05,0.0006,0.0009,630.165168,-0.414633344,-0.909973664,-0.005207844
5.00E-05,0.0006,0.00095,632.9488542,-0.325667992,-0.793337465,-0.5143501
5.00E-05,0.00065,5.00E-05,538.6367369,-0.968722348,-0.236384244,-0.075495039
5.00E-05,0.00065,0.0001,560.1009481,-0.951583561,-0.306519432,0.023120649
5.00E-05,0.00065,0.00015,545.5581154,-0.968624929,-0.242706411,-0.053472845
5.00E-05,0.00065,0.0002,544.0238479,-0.975840756,-0.176894419,0.12823098
5.00E-05,0.00065,0.00025,586.2513951,-0.994071093,-0.10130763,0.039489581
5.00E-05,0.00065,0.0003,557.2843155,-0.957526851,-0.263190165,-0.117784836
5.00E-05,0.00065,0.00035,542.9948227,-0.975931575,-0.215044609,-0.036240541
5.00E-05,0.00065,0.0004,544.8951836,-0.971357219,-0.237251116,0.013306414
5.00E-05,0.00065,0.00045,546.7955444,-0.949995651,-0.311773157,0.01748604
5.00E-05,0.00065,0.0005,548.6959053,-0.881734826,-0.43556612,0.181179058
5.00E-05,0.00065,0.00055,576.7551646,-0.682384193,-0.631258251,0.368598473
5.00E-05,0.00065,0.0006,594.3335965,-0.806295569,-0.533829447,0.254781428
5.00E-05,0.00065,0.00065,611.3873812,-0.873775585,-0.440132636,0.206880376
5.00E-05,0.00065,0.0007,628.4411659,-0.837466815,-0.528459612,0.139211248
5.00E-05,0.00065,0.00075,631.7860608,-0.721848442,-0.684252759,-0.103600139
5.00E-05,0.00065,0.0008,614.1060264,-0.653016015,-0.713994501,-0.25255086
5.00E-05,0.00065,0.00085,598.314928,-0.687025714,-0.681598035,-0.251832855
5.00E-05,0.00065,0.0009,587.4595861,-0.310458474,-0.945503915,-0.09817272
5.00E-05,0.00065,0.00095,589.5702171,0.008146916,-0.872649302,-0.488279453
5.00E-05,0.0007,5.00E-05,468.5241629,-0.941599956,-0.31150791,-0.12787629
5.00E-05,0.0007,0.0001,486.5475657,-0.940399421,-0.338979509,0.027236397
5.00E-05,0.0007,0.00015,480.3439281,-0.949619243,-0.313081007,0.014268043
5.00E-05,0.0007,0.0002,492.5753646,-0.971983492,-0.192858513,0.134364002
5.00E-05,0.0007,0.00025,531.942125,-0.980712639,-0.191752719,0.037863091
5.00E-05,0.0007,0.0003,507.2113475,-0.975788578,-0.210868325,-0.058062037
5.00E-05,0.0007,0.00035,509.1117084,-0.981459724,-0.19136774,0.010733009
5.00E-05,0.0007,0.0004,511.0120693,-0.974437132,-0.22430784,0.01258048
5.00E-05,0.0007,0.00045,512.9124302,-0.957134499,-0.289189353,0.016219411
5.00E-05,0.0007,0.0005,514.8127911,-0.9182636,-0.375813434,0.124724592
5.00E-05,0.0007,0.00055,535.4026192,-0.805494904,-0.525161044,0.274561173
5.00E-05,0.0007,0.0006,558.0521117,-0.864761397,-0.440548679,0.241048932
5.00E-05,0.0007,0.00065,575.1058964,-0.893941349,-0.415712305,0.167487745
5.00E-05,0.0007,0.0007,587.2872534,-0.830771233,-0.556471868,-0.01257847
5.00E-05,0.0007,0.00075,572.9918478,-0.73776302,-0.659917978,-0.142175906
5.00E-05,0.0007,0.0008,562.3827136,-0.754100294,-0.652707018,-0.072844315
5.00E-05,0.0007,0.00085,561.3510354,-0.72332058,-0.678463892,-0.128429308
5.00E-05,0.0007,0.0009,545.9446394,-0.49329335,-0.853208679,-0.16940077
5.00E-05,0.0007,0.00095,545.6930317,-0.045818998,-0.749744484,-0.660139249
5.00E-05,0.00075,5.00E-05,394.5577957,-0.967269832,-0.168189951,-0.190003193
5.00E-05,0.00075,0.0001,412.9941832,-0.978126545,-0.204480214,0.038161555
5.00E-05,0.00075,0.00015,413.2912481,-0.974157603,-0.193620764,0.11630978
5.00E-05,0.00075,0.0002,469.9627054,-0.975568272,-0.002033588,0.219687077
5.00E-05,0.00075,0.00025,512.129356,-0.99993976,0.002552215,0.010675338
5.00E-05,0.00075,0.0003,474.3693515,-0.992765715,0.079558305,-0.089926145
5.00E-05,0.00075,0.00035,475.2285941,-0.999433912,0.032836637,0.007322005
5.00E-05,0.00075,0.0004,477.128955,-0.999634113,-0.02437156,0.011733201
5.00E-05,0.00075,0.00045,479.0293159,-0.992873151,-0.118401101,0.013567782
5.00E-05,0.00075,0.0005,480.9296768,-0.9599924,-0.273390583,0.060598529
5.00E-05,0.00075,0.00055,494.0500737,-0.887473679,-0.413221656,0.20405473
5.00E-05,0.00075,0.0006,521.7706269,-0.914166044,-0.346905762,0.209658856
5.00E-05,0.00075,0.00065,538.8244116,-0.925748822,-0.373664733,0.057998146
5.00E-05,0.00075,0.0007,534.9155956,-0.882676657,-0.460346082,-0.094675251
5.00E-05,0.00075,0.00075,516.1901487,-0.883614668,-0.457176141,-0.101069754
5.00E-05,0.00075,0.0008,509.800839,-0.876559197,-0.480811263,-0.021552364
5.00E-05,0.00075,0.00085,511.4761838,-0.790560365,-0.612341784,-0.007200563
5.00E-05,0.00075,0.0009,508.5960444,-0.637336423,-0.765772511,-0.0859927
5.00E-05,0.00075,0.00095,501.6409276,-0.273773834,-0.62686952,-0.729439849
5.00E-05,0.0008,5.00E-05,390.0544732,-0.971765993,0.20080376,-0.123889894
5.00E-05,0.0008,0.0001,386.1685217,-0.999143542,0.040292844,-0.009416384
5.00E-05,0.0008,0.00015,385.5084911,-0.973276259,0.089974265,0.211276961
5.00E-05,0.0008,0.0002,491.6604451,-0.952412936,-0.020605232,0.304113505
5.00E-05,0.0008,0.00025,532.9956474,-0.993284619,-0.044453404,0.106815544
5.00E-05,0.0008,0.0003,539.8577159,-0.997539115,0.065166732,-0.025865259
5.00E-05,0.0008,0.00035,521.4875674,-0.995858683,0.031271375,-0.085367351
5.00E-05,0.0008,0.0004,503.1174189,-0.994270284,-0.017216476,-0.105499744
5.00E-05,0.0008,0.00045,479.7449118,-0.984355348,-0.076632103,-0.158657081
5.00E-05,0.0008,0.0005,447.0465626,-0.983213981,-0.15843288,-0.090494702
5.00E-05,0.0008,0.00055,452.6975282,-0.946362982,-0.292117932,0.138073245
5.00E-05,0.0008,0.0006,483.9675913,-0.941319753,-0.310540577,0.132218278
5.00E-05,0.0008,0.00065,490.4167882,-0.92230953,-0.385673855,-0.024511383
5.00E-05,0.0008,0.0007,477.231097,-0.889394359,-0.441774772,-0.117527551
5.00E-05,0.0008,0.00075,459.3884495,-0.892566198,-0.444034453,-0.078479216
5.00E-05,0.0008,0.0008,457.2189644,-0.880549236,-0.473949514,-0.002213948
5.00E-05,0.0008,0.00085,458.8943092,-0.825687503,-0.564096434,0.005946404
5.00E-05,0.0008,0.0009,458.3608229,-0.687303178,-0.722369518,-0.076135541
5.00E-05,0.0008,0.00095,447.6902939,-0.339692258,-0.794686878,-0.503072495
5.00E-05,0.00085,5.00E-05,494.2737838,-0.956061148,0.282945971,0.076737596
5.00E-05,0.00085,0.0001,432.446506,-0.976270673,0.205644227,-0.067867702
5.00E-05,0.00085,0.00015,458.215968,-0.98904732,0.137316759,0.054124915
5.00E-05,0.00085,0.0002,459.9697025,-0.989976767,-0.124007022,0.067588896
5.00E-05,0.00085,0.00025,492.0711072,-0.968603291,-0.232375776,0.08836947
5.00E-05,0.00085,0.0003,503.3636078,-0.975761788,-0.21874079,-0.006434221
5.00E-05,0.00085,0.00035,488.6871304,-0.974210879,-0.215763984,-0.066023224
5.00E-05,0.00085,0.0004,470.3169819,-0.976065349,-0.204363467,-0.074377474
5.00E-05,0.00085,0.00045,451.9468333,-0.978684271,-0.189800653,-0.078439851
5.00E-05,0.00085,0.0005,433.5766848,-0.98271641,-0.163342816,-0.087106726
5.00E-05,0.00085,0.00055,415.9372245,-0.972035582,-0.234830974,-0.001113655
5.00E-05,0.00085,0.0006,433.1795414,-0.95137597,-0.3043471,0.047503754
5.00E-05,0.00085,0.00065,432.8291777,-0.929186686,-0.36687934,-0.044851442
5.00E-05,0.00085,0.0007,418.2830519,-0.915602222,-0.392154753,-0.088810023
5.00E-05,0.00085,0.00075,402.961745,-0.927396629,-0.371582611,-0.043149219
5.00E-05,0.00085,0.0008,404.018057,-0.921510195,-0.388353676,0.000619629
5.00E-05,0.00085,0.00085,403.1555329,-0.907899718,-0.419146818,-0.005835049
5.00E-05,0.00085,0.0009,402.2930087,-0.721621726,-0.690305497,-0.052348877
5.00E-05,0.00085,0.00095,393.7396602,-0.402180512,-0.694055227,0.59710818
5.00E-05,0.0009,5.00E-05,532.7739039,-0.94710964,-0.004755694,0.320874918
5.00E-05,0.0009,0.0001,495.4264079,-0.986067524,0.082150867,-0.144644647
5.00E-05,0.0009,0.00015,455.335781,-0.988475951,0.086986435,-0.123889685
5.00E-05,0.0009,0.0002,429.5455829,-0.99770774,0.027228465,-0.061950588
5.00E-05,0.0009,0.00025,418.8873197,-0.996873338,-0.078574577,-0.008341688
5.00E-05,0.0009,0.0003,424.8144572,-0.988592994,-0.150304405,-0.009616578
5.00E-05,0.0009,0.00035,413.4911496,-0.984812694,-0.169175002,-0.039035588
5.00E-05,0.0009,0.0004,402.167842,-0.979221967,-0.198494909,-0.04152242
5.00E-05,0.0009,0.00045,390.8445344,-0.971589933,-0.232454815,-0.044472034
5.00E-05,0.0009,0.0005,379.5212268,-0.952202153,-0.301129416,-0.051304338
5.00E-05,0.0009,0.00055,368.953862,-0.951156792,-0.308579905,-0.008899433
5.00E-05,0.0009,0.0006,375.7442071,-0.931303362,-0.364243251,-0.00094977
5.00E-05,0.0009,0.00065,368.5653169,-0.907377578,-0.413338326,-0.076271618
5.00E-05,0.0009,0.0007,345.3467067,-0.890460383,-0.447741248,-0.081290104
5.00E-05,0.0009,0.00075,336.5444178,-0.954028335,-0.299192129,-0.017720218
5.00E-05,0.0009,0.0008,335.7619963,-0.956565301,-0.291501679,-0.003097628
5.00E-05,0.0009,0.00085,334.9795748,-0.949270998,-0.314439508,-0.00351692
5.00E-05,0.0009,0.0009,334.1971533,-0.906251778,-0.422313879,0.018939416
5.00E-05,0.0009,0.00095,340.7754334,-0.579108387,-0.408755415,0.705374006
5.00E-05,0.00095,5.00E-05,491.9816984,-0.421846088,-0.888655728,0.179824565
5.00E-05,0.00095,0.0001,476.4274557,-0.416140142,-0.909217872,0.012257427
5.00E-05,0.00095,0.00015,504.4727495,-0.479474867,-0.8775555,-0.000443071
5.00E-05,0.00095,0.0002,475.9894967,-0.549057687,-0.833850674,-0.056821743
5.00E-05,0.00095,0.00025,447.5062439,-0.607734739,-0.792149893,-0.056187496
5.00E-05,0.00095,0.0003,419.022991,-0.606376211,-0.793155674,-0.056674221
5.00E-05,0.00095,0.00035,390.5397382,-0.588617294,-0.806190439,-0.059888701
5.00E-05,0.00095,0.0004,362.0564853,-0.568124451,-0.820522737,-0.063063818
5.00E-05,0.00095,0.00045,333.5732325,-0.565015143,-0.822435103,-0.066018102
5.00E-05,0.00095,0.0005,305.0899796,-0.571686869,-0.818356669,-0.058876866
5.00E-05,0.00095,0.00055,284.9724412,-0.578233814,-0.815431494,-0.026779365
5.00E-05,0.00095,0.0006,284.1699307,-0.637052209,-0.77053772,-0.020883119
5.00E-05,0.00095,0.00065,268.0961838,-0.597341259,-0.800108859,-0.054856484
5.00E-05,0.00095,0.0007,241.9137685,-0.697120465,-0.716180875,-0.033286808
5.00E-05,0.00095,0.00075,241.131347,-0.73440798,-0.678450319,0.018710537
5.00E-05,0.00095,0.0008,256.7588102,-0.749717331,-0.661092937,0.02966569
5.00E-05,0.00095,0.00085,263.2466297,-0.753113549,-0.657442952,0.024264114
5.00E-05,0.00095,0.0009,273.0561047,-0.801344168,-0.597715122,0.024169334
5.00E-05,0.00095,0.00095,278.6669167,-0.673588427,-0.612581671,0.413548459
0.0001,0,5.00E-05,-463.7916957,-0.020484184,-0.905743895,-0.423330125
0.0001,0,0.0001,-446.3374782,-0.023689543,-0.999365682,0.02659022
0.0001,0,0.00015,-438.5792725,-0.042069224,-0.998996443,0.015371613
0.0001,0,0.0002,-432.4032002,-0.051805226,-0.998606207,0.010092642
0.0001,0,0.00025,-430.1981219,-0.097221206,-0.99513491,0.01595454
0.0001,0,0.0003,-420.3322111,-0.100622732,-0.994306586,0.035063931
0.0001,0,0.00035,-404.576734,-0.090145622,-0.995312101,0.03503695
0.0001,0,0.0004,-394.8566536,-0.094178851,-0.995227188,0.025557563
0.0001,0,0.00045,-386.4146544,-0.124686693,-0.991133435,0.045910168
0.0001,0,0.0005,-363.4276739,-0.152630329,-0.985166893,0.078423053
0.0001,0,0.00055,-337.0345062,-0.1741131,-0.981146131,0.083886221
0.0001,0,0.0006,-310.8040949,-0.217496518,-0.975145123,0.042275915
0.0001,0,0.00065,-312.6231072,-0.169910677,-0.980587929,0.097865596
0.0001,0,0.0007,-260.913576,-0.086913757,-0.972239343,0.217247921
0.0001,0,0.00075,-221.6940119,-0.069841991,-0.972483405,0.222256884
0.0001,0,0.0008,-179.886794,-0.062621749,-0.963724223,0.259449684
0.0001,0,0.00085,-126.1776557,-0.079461809,-0.91908196,0.385971723
0.0001,0,0.0009,-65.65723292,-0.06386208,-0.890813713,0.449858381
0.0001,0,0.00095,-4.775400064,-0.074204436,-0.43241976,-0.898613851
0.0001,5.00E-05,5.00E-05,-458.4299956,0.01470317,0.02896614,-0.999472251
0.0001,5.00E-05,0.0001,-424.3272562,0.299569939,0.687208799,0.661817133
0.0001,5.00E-05,0.00015,-427.0702798,-0.350177997,0.928356161,0.124620259
0.0001,5.00E-05,0.0002,-421.0937771,-0.875658445,0.429917015,0.219985564
0.0001,5.00E-05,0.00025,-415.0784764,-0.90549202,0.392367947,0.1616527
0.0001,5.00E-05,0.0003,-409.3817984,-0.696077511,0.697301487,0.171016767
0.0001,5.00E-05,0.00035,-411.0842498,-0.969804924,0.237655712,0.05475557
0.0001,5.00E-05,0.0004,-405.1705729,-0.867458033,0.438290915,0.235409505
0.0001,5.00E-05,0.00045,-386.0557038,-0.59488003,0.647707616,0.47601743
0.0001,5.00E-05,0.0005,-326.527594,-0.369584723,0.775071147,0.512515219
0.0001,5.00E-05,0.00055,-314.0433041,-0.31413852,0.913846692,0.257295966
0.0001,5.00E-05,0.0006,-297.5319468,-0.773142341,0.541509251,0.330179726
0.0001,5.00E-05,0.00065,-275.4952432,-0.400144044,0.680322,0.614041302
0.0001,5.00E-05,0.0007,-224.4576023,-0.152444874,0.656736873,0.73855077
0.0001,5.00E-05,0.00075,-196.09482,-0.693596813,0.499058827,0.519484117
0.0001,5.00E-05,0.0008,-186.2058134,-0.686472748,0.081448112,0.722579664
0.0001,5.00E-05,0.00085,-93.08799204,-0.280703402,0.332357897,0.900413143
0.0001,5.00E-05,0.0009,-47.36424278,-0.339461027,0.328679862,0.881326137
0.0001,5.00E-05,0.00095,17.44068691,-0.124580193,0.065488693,-0.990045962
0.0001,0.0001,5.00E-05,-450.9886269,0.04841849,0.072700936,-0.996177807
0.0001,0.0001,0.0001,-413.7745971,0.724253608,0.252766813,0.641533825
0.0001,0.0001,0.00015,-414.4915338,0.738232981,0.652591847,0.170692551
0.0001,0.0001,0.0002,-408.9676609,-0.771230698,0.521122559,0.365560514
0.0001,0.0001,0.00025,-401.7704802,0.531928854,0.842841784,0.08166653
0.0001,0.0001,0.0003,-404.0462048,0.45352092,0.877476922,0.156054562
0.0001,0.0001,0.00035,-386.2987434,0.127879298,0.912059668,0.389607556
0.0001,0.0001,0.0004,-348.2579221,-0.351784622,0.820669647,0.450276481
0.0001,0.0001,0.00045,-279.4066895,-0.225913381,0.847169102,0.480902959
0.0001,0.0001,0.0005,-254.5241113,0.26012759,0.909091478,0.325401784
0.0001,0.0001,0.00055,-234.049696,0.308446242,0.949993652,0.048713213
0.0001,0.0001,0.0006,-247.5835821,-0.270605973,0.962485114,0.019869902
0.0001,0.0001,0.00065,-231.6609894,-0.387977988,0.77087175,0.505202757
0.0001,0.0001,0.0007,-190.3088352,-0.368100906,0.807886457,0.460240368
0.0001,0.0001,0.00075,-184.9462225,-0.601141128,0.776642345,0.188297667
0.0001,0.0001,0.0008,-168.2760166,-0.527742789,0.603236019,0.597991517
0.0001,0.0001,0.00085,-74.92885649,-0.375440388,0.240991364,0.894967976
0.0001,0.0001,0.0009,-24.43690661,-0.493496706,-0.044728178,0.868596794
0.0001,0.0001,0.00095,22.41541715,-0.128049025,-0.045021526,-0.990745431
0.0001,0.00015,5.00E-05,-426.5969009,0.097206795,0.546131029,-0.832040707
0.0001,0.00015,0.0001,-409.9472601,0.282087197,0.955107601,0.090533332
0.0001,0.00015,0.00015,-408.6923989,0.31711446,0.947158583,0.048260116
0.0001,0.00015,0.0002,-402.9593568,0.277485023,0.943939538,0.178830119
0.0001,0.00015,0.00025,-364.2864467,0.54904207,0.743799044,0.381203078
0.0001,0.00015,0.0003,-322.3859953,0.374368539,0.878426936,0.297008948
0.0001,0.00015,0.00035,-280.4855439,-0.095332303,0.939029258,0.330357085
0.0001,0.00015,0.0004,-210.3501284,-0.088949445,0.97858893,0.185611697
0.0001,0.00015,0.00045,-220.932186,0.053116209,0.997465498,0.047341825
0.0001,0.00015,0.0005,-199.8114593,0.376054809,0.905619631,0.196050666
0.0001,0.00015,0.00055,-178.6907326,0.471973462,0.875863137,0.100522712
0.0001,0.00015,0.0006,-181.8245535,0.3689522,0.92833533,-0.045472956
0.0001,0.00015,0.00065,-188.1016498,0.315192674,0.934948608,0.162863988
0.0001,0.00015,0.0007,-142.4564783,0.45340515,0.801897015,0.389082187
0.0001,0.00015,0.00075,-105.2194514,0.250137873,0.888352745,0.385046029
0.0001,0.00015,0.0008,-75.22357351,-0.184811075,0.935168247,0.302167531
0.0001,0.00015,0.00085,-54.3558986,0.047078463,0.818516793,0.572550328
0.0001,0.00015,0.0009,-52.37696214,-0.309692777,0.344184553,0.886356236
0.0001,0.00015,0.00095,-1.942707442,-0.235129547,0.069944823,-0.969444077
0.0001,0.0002,5.00E-05,-183.1844864,0.202342853,0.88587478,-0.417472447
0.0001,0.0002,0.0001,-224.8858692,0.393257308,0.903948654,-0.168004526
0.0001,0.0002,0.00015,-277.3461407,0.434774003,0.894879163,0.100810964
0.0001,0.0002,0.0002,-174.5746273,0.550560743,0.832573135,0.060867419
0.0001,0.0002,0.00025,-244.5566674,0.475951417,0.878575684,0.039686481
0.0001,0.0002,0.0003,-156.1985535,0.083827938,0.914257961,0.396365056
0.0001,0.0002,0.00035,-67.8404396,0.016834888,0.958827557,0.283489511
0.0001,0.0002,0.0004,-34.27848087,0.097024047,0.994853021,0.029219861
0.0001,0.0002,0.00045,-57.3628895,0.2644691,0.962010707,-0.067760574
0.0001,0.0002,0.0005,-59.39756499,0.332041523,0.94114428,-0.063212898
0.0001,0.0002,0.00055,-77.32822058,0.352212857,0.935828486,0.013082374
0.0001,0.0002,0.0006,-55.45868564,0.358435654,0.910641547,0.205562289
0.0001,0.0002,0.00065,-5.661812633,0.428339227,0.899480217,0.086376191
0.0001,0.0002,0.0007,-19.48891664,0.469405348,0.880911736,-0.06044115
0.0001,0.0002,0.00075,-29.8309088,0.394490869,0.918597944,0.02355358
0.0001,0.0002,0.0008,-10.86009817,0.195531908,0.980086867,-0.034597766
0.0001,0.0002,0.00085,-42.26738698,0.142469298,0.989612087,0.019246194
0.0001,0.0002,0.0009,-4.084129644,-0.210222783,0.945026097,0.250463683
0.0001,0.0002,0.00095,49.41516666,-0.202495495,0.864983564,-0.459128533
0.0001,0.00025,5.00E-05,155.4687454,0.31407676,0.880077514,-0.356117057
0.0001,0.00025,0.0001,96.68968963,0.396567048,0.899462106,-0.183582395
0.0001,0.00025,0.00015,37.91063388,0.384749325,0.919307995,-0.082708935
0.0001,0.00025,0.0002,45.55045764,0.386419069,0.922283813,0.008536457
0.0001,0.00025,0.00025,42.5213909,0.313373388,0.947092736,0.069371963
0.0001,0.00025,0.0003,85.22869074,-0.005689806,0.982675315,0.185248079
0.0001,0.00025,0.00035,131.87654,0.01501303,0.987210946,0.158710922
0.0001,0.00025,0.0004,146.3806015,0.208628508,0.977940536,0.010317637
0.0001,0.00025,0.00045,135.6885813,0.188604457,0.974258318,-0.1234872
0.0001,0.00025,0.0005,97.44207017,0.23002406,0.96930101,-0.08685899
0.0001,0.00025,0.00055,103.0712364,0.277514686,0.956161422,0.093492957
0.0001,0.00025,0.0006,135.6578451,0.325787718,0.923218419,0.203789385
0.0001,0.00025,0.00065,186.470268,0.342784235,0.92173074,0.181415025
0.0001,0.00025,0.0007,209.8008928,0.231691088,0.967691395,0.09946157
0.0001,0.00025,0.00075,231.3075248,0.107890537,0.984035258,0.141542373
0.0001,0.00025,0.0008,277.0774613,0.119257519,0.98515057,0.123515179
0.0001,0.00025,0.00085,294.0548245,0.013793146,0.999490761,0.028774415
0.0001,0.00025,0.0009,293.5510575,0.012536667,0.997690596,0.06675558
0.0001,0.00025,0.00095,335.4766726,-0.074616734,0.970042026,-0.231194314
0.0001,0.0003,5.00E-05,406.9334266,0.167317063,0.841955382,-0.512948473
0.0001,0.0003,0.0001,351.0902011,0.318584737,0.909272499,-0.267819508
0.0001,0.0003,0.00015,291.0653021,0.289792191,0.954356433,-0.072279207
0.0001,0.0003,0.0002,323.5742514,0.143148701,0.989591968,0.014703263
0.0001,0.0003,0.00025,297.145843,0.053862463,0.998490895,-0.010712933
0.0001,0.0003,0.0003,317.7987995,-0.130005184,0.990561632,0.043431619
0.0001,0.0003,0.00035,312.5356223,-0.076052181,0.996619567,0.031072561
0.0001,0.0003,0.0004,327.0396838,0.082043192,0.995506156,0.047290677
0.0001,0.0003,0.00045,328.7400521,0.157364362,0.985876251,-0.057310346
0.0001,0.0003,0.0005,304.5949872,0.168927797,0.985004591,-0.035062162
0.0001,0.0003,0.00055,313.5081669,0.278893225,0.959324248,0.043767067
0.0001,0.0003,0.0006,322.3604148,0.338341486,0.930047944,0.143303384
0.0001,0.0003,0.00065,371.0430719,0.351069769,0.907165364,0.231950467
0.0001,0.0003,0.0007,416.7461788,0.377081967,0.909411635,0.175441352
0.0001,0.0003,0.00075,437.8913279,0.439978166,0.879161426,0.183014755
0.0001,0.0003,0.0008,489.6090628,0.416303685,0.880645994,0.226172224
0.0001,0.0003,0.00085,529.9495291,0.500092799,0.774508337,0.38735517
0.0001,0.0003,0.0009,614.9830496,0.42993653,0.870485102,0.239604397
0.0001,0.0003,0.00095,628.7790935,0.109604362,0.926001839,-0.361258189
0.0001,0.00035,5.00E-05,611.2682451,0.064478012,0.554696801,-0.829550508
0.0001,0.00035,0.0001,490.0729044,0.113616762,0.750231369,-0.651340253
0.0001,0.00035,0.00015,401.2242999,-0.427605653,0.89697618,-0.112192413
0.0001,0.00035,0.0002,454.7966546,-0.378327518,0.752185815,0.539522741
0.0001,0.00035,0.00025,580.8180548,-0.348848803,0.935090811,-0.062527491
0.0001,0.00035,0.0003,436.2293,-0.442283319,0.732382795,-0.517688041
0.0001,0.00035,0.00035,428.2681386,-0.535163967,0.8215428,0.196639151
0.0001,0.00035,0.0004,487.4966651,-0.240362955,0.89921824,0.365557392
0.0001,0.00035,0.00045,521.7915228,0.086680242,0.987777787,0.129543738
0.0001,0.00035,0.0005,525.3528482,0.149547386,0.985131433,-0.084567364
0.0001,0.00035,0.00055,492.4691694,0.313584299,0.948578444,-0.043172013
0.0001,0.00035,0.0006,509.0629845,0.343409942,0.925940792,0.157172712
0.0001,0.00035,0.00065,555.6158758,0.40319559,0.905423429,0.132822176
0.0001,0.00035,0.0007,556.3131658,0.450173414,0.889069056,0.083066907
0.0001,0.00035,0.00075,581.3243144,0.50725054,0.830711414,0.229380548
0.0001,0.00035,0.0008,635.5241563,0.658819496,0.737879422,-0.146597511
0.0001,0.00035,0.00085,544.7374166,0.935941432,0.316489091,0.154428922
0.0001,0.00035,0.0009,652.5998259,0.657076521,0.120162727,0.744185034
0.0001,0.00035,0.00095,868.7637772,0.345797904,0.925839083,-0.152465742
0.0001,0.0004,5.00E-05,660.1532292,0.127302588,-0.292955393,-0.947613417
0.0001,0.0004,0.0001,593.0245141,0.056677357,0.347409677,-0.935999035
0.0001,0.0004,0.00015,573.0982392,-0.626805052,0.771504408,-0.109070506
0.0001,0.0004,0.0002,573.9582753,-0.594395046,0.8040414,0.014558704
0.0001,0.0004,0.00025,574.8183115,-0.806067806,-0.297039395,-0.511881128
0.0001,0.0004,0.0003,533.613972,-0.386099324,0.855920312,-0.343987981
0.0001,0.0004,0.00035,526.7266141,-0.563182334,0.816543756,0.126814642
0.0001,0.0004,0.0004,557.093664,-0.583697796,0.653817084,0.481477002
0.0001,0.0004,0.00045,617.3954299,-0.585445879,0.62011028,0.522222523
0.0001,0.0004,0.0005,646.1732338,-0.432866358,0.843405207,0.31826777
0.0001,0.0004,0.00055,671.4301719,-0.056807973,0.975211563,0.213858041
0.0001,0.0004,0.0006,694.3722653,0.200612717,0.975374225,0.091649657
0.0001,0.0004,0.00065,693.1385418,0.371900479,0.928195118,-0.011994002
0.0001,0.0004,0.0007,691.9048182,0.295146505,0.942745375,0.155305178
0.0001,0.0004,0.00075,724.7573008,0.309187764,0.945618515,-0.101037372
0.0001,0.0004,0.0008,673.7644338,0.51678817,0.272633698,-0.811542269
0.0001,0.0004,0.00085,564.9446781,0.646345878,0.760217302,-0.065625149
0.0001,0.0004,0.0009,667.3032246,0.437142383,0.277706278,0.855444773
0.0001,0.0004,0.00095,879.7626409,0.973692146,-0.214714217,-0.076298161
0.0001,0.00045,5.00E-05,522.62294,-0.049108183,-0.342754023,-0.93814075
0.0001,0.00045,0.0001,522.3846321,-0.926554073,-0.268187148,0.26376733
0.0001,0.00045,0.00015,536.0883231,-0.894976523,-0.012274425,0.445944349
0.0001,0.00045,0.0002,549.792014,-0.936005325,-0.218132426,0.276246768
0.0001,0.00045,0.00025,557.4066673,-0.836875274,-0.541609707,0.079364357
0.0001,0.00045,0.0003,555.8923782,-0.949777228,-0.079999484,0.30252818
0.0001,0.00045,0.00035,579.4509646,-0.797091785,0.30594134,0.520619422
0.0001,0.00045,0.0004,610.6195151,-0.796730917,0.341259886,0.498759998
0.0001,0.00045,0.00045,627.568571,-0.80324399,-0.208750026,0.55787321
0.0001,0.00045,0.0005,668.5441702,-0.731573561,-0.050189597,0.67991259
0.0001,0.00045,0.00055,712.2610116,-0.70877418,0.149695431,0.689369596
0.0001,0.00045,0.0006,740.092593,-0.837424174,0.322810001,0.44103793
0.0001,0.00045,0.00065,746.5673441,-0.848634446,0.518039483,0.107026495
0.0001,0.00045,0.0007,748.2477758,-0.710385912,0.70057917,0.067384594
0.0001,0.00045,0.00075,751.101923,-0.48992266,-0.043965926,-0.870656525
0.0001,0.00045,0.0008,689.2124335,0.234656546,0.232293174,-0.943915349
0.0001,0.00045,0.00085,619.5855976,0.189380204,0.841911559,0.505292059
0.0001,0.00045,0.0009,754.8003742,0.115049011,0.30441033,0.945567595
0.0001,0.00045,0.00095,848.6426415,0.206818112,-0.445613076,-0.871008183
0.0001,0.0005,5.00E-05,540.9533702,-0.305308905,0.430540224,-0.849365403
0.0001,0.0005,0.0001,579.3334983,-0.891138735,0.374575385,0.256056702
0.0001,0.0005,0.00015,572.3438629,-0.955060308,0.148694002,-0.256417436
0.0001,0.0005,0.0002,557.1246951,-0.833365005,-0.300799843,-0.463704888
0.0001,0.0005,0.00025,533.187325,-0.756078951,-0.58316161,-0.297097891
0.0001,0.0005,0.0003,527.7846558,-0.733506039,-0.626993697,0.262388632
0.0001,0.0005,0.00035,558.8869464,-0.576167191,-0.534202314,0.618594581
0.0001,0.0005,0.0004,590.0165306,-0.795441483,-0.498069433,0.345253076
0.0001,0.0005,0.00045,595.7206604,-0.75832697,-0.493446222,0.425970695
0.0001,0.0005,0.0005,639.9214309,-0.595761187,-0.434928848,0.67520775
0.0001,0.0005,0.00055,686.9667898,-0.429355825,-0.518710073,0.739319576
0.0001,0.0005,0.0006,719.4821855,-0.62212196,-0.584218784,0.521203107
0.0001,0.0005,0.00065,732.6120074,-0.871474443,-0.4265663,0.242019602
0.0001,0.0005,0.0007,739.0495935,-0.934240804,-0.326904706,-0.142574308
0.0001,0.0005,0.00075,721.7761671,-0.860751524,-0.4103328,-0.30122053
0.0001,0.0005,0.0008,706.1299893,-0.727292733,-0.180340952,-0.662210255
0.0001,0.0005,0.00085,674.226517,0.01915,0.87171249,0.489643353
0.0001,0.0005,0.0009,741.0444682,-0.14153669,-0.654447329,0.742742256
0.0001,0.0005,0.00095,760.9792555,0.013244055,-0.642273343,-0.766361238
0.0001,0.00055,5.00E-05,614.6985115,-0.363006875,-0.065353429,-0.929491763
0.0001,0.00055,0.0001,568.3045623,-0.671629753,-0.365680591,-0.644353304
0.0001,0.00055,0.00015,548.9669942,-0.71218698,-0.519678664,-0.471936215
0.0001,0.00055,0.0002,524.3916338,-0.72892454,-0.502570883,-0.464856454
0.0001,0.00055,0.00025,499.8162734,-0.835951421,-0.468955285,-0.285072207
0.0001,0.00055,0.0003,494.4815599,-0.813653167,-0.525377174,0.248892245
0.0001,0.00055,0.00035,525.7091237,-0.712990611,-0.455741357,0.532864152
0.0001,0.00055,0.0004,557.4824157,-0.675430117,-0.567577633,0.47079697
0.0001,0.00055,0.00045,569.7585273,-0.620374249,-0.320479644,0.715841176
0.0001,0.00055,0.0005,609.768817,-0.483375955,-0.248706145,0.839340777
0.0001,0.00055,0.00055,656.440814,-0.358300597,-0.30262713,0.883197318
0.0001,0.00055,0.0006,688.9286741,-0.212679336,-0.673161178,0.708252447
0.0001,0.00055,0.00065,712.0792416,-0.359521059,-0.778111067,0.515060943
0.0001,0.00055,0.0007,723.4025758,-0.668665992,-0.735982024,-0.105906808
0.0001,0.00055,0.00075,706.2577242,-0.577566949,-0.627325271,-0.522378621
0.0001,0.00055,0.0008,676.2631487,-0.545842371,-0.766496693,-0.338435999
0.0001,0.00055,0.00085,681.743875,0.08887457,-0.995000956,0.04554568
0.0001,0.00055,0.0009,678.3605358,-0.000732608,-0.999977514,-0.006665905
0.0001,0.00055,0.00095,680.9499503,-0.123634578,-0.901213407,-0.415365966
0.0001,0.0006,5.00E-05,533.0331684,-0.241843451,-0.869663274,-0.430345831
0.0001,0.0006,0.0001,542.0298328,-0.952128413,-0.29348316,-0.085551851
0.0001,0.0006,0.00015,523.988574,-0.769331503,-0.386428629,-0.508725813
0.0001,0.0006,0.0002,503.9863102,-0.837133695,-0.297233777,-0.459194141
0.0001,0.0006,0.00025,483.9840464,-0.93382189,-0.213138944,-0.287312491
0.0001,0.0006,0.0003,473.1284228,-0.960444762,-0.224216089,0.165145402
0.0001,0.0006,0.00035,505.004366,-0.696821624,-0.287315217,0.657183073
0.0001,0.0006,0.0004,536.9119912,-0.43179253,-0.28618696,0.855366726
0.0001,0.0006,0.00045,572.3122175,-0.203263947,0.071191112,0.976532433
0.0001,0.0006,0.0005,614.2364911,-0.045440514,-0.026090974,0.998626267
0.0001,0.0006,0.00055,659.8427034,0.249606831,-0.142181189,0.957852253
0.0001,0.0006,0.0006,666.6004346,0.653916805,-0.644132294,0.396845561
0.0001,0.0006,0.00065,680.5317152,0.13920256,-0.887545498,0.439187473
0.0001,0.0006,0.0007,698.5939112,0.096786556,-0.970109984,-0.222528608
0.0001,0.0006,0.00075,665.1663583,-0.011455608,-0.841026563,-0.540872526
0.0001,0.0006,0.0008,650.6105281,-0.29757282,-0.84522034,-0.443906514
0.0001,0.0006,0.00085,628.4065365,-0.057260012,-0.96370847,-0.260743696
0.0001,0.0006,0.0009,621.9448371,-0.090861818,-0.994596519,-0.050218476
0.0001,0.0006,0.00095,622.8527007,-0.093427268,-0.783849887,-0.613881666
0.0001,0.00065,5.00E-05,451.3678253,-0.644137199,-0.739928093,-0.193890912
0.0001,0.00065,0.0001,537.2773416,-0.788478941,-0.433125593,0.436695752
0.0001,0.00065,0.00015,520.0690969,-0.622475791,-0.634763131,-0.457820551
0.0001,0.00065,0.0002,498.4969288,-0.770963692,-0.432826271,-0.467200605
0.0001,0.00065,0.00025,476.9247607,-0.947838377,-0.199716576,-0.24842645
0.0001,0.00065,0.0003,465.942504,-0.96485532,-0.147005317,0.217815628
0.0001,0.00065,0.00035,497.8234545,-0.541445644,-0.117565366,0.832475224
0.0001,0.00065,0.0004,534.9626837,-0.166839151,0.007535521,0.98595533
0.0001,0.00065,0.00045,575.3956336,0.269382559,0.062631733,0.960994434
0.0001,0.00065,0.0005,607.4819198,0.602235565,-0.055236664,0.796405196
0.0001,0.00065,0.00055,648.6680414,0.802068298,-0.224598097,0.553391489
0.0001,0.00065,0.0006,655.3476997,0.878672546,-0.477066885,-0.018486308
0.0001,0.00065,0.00065,647.4242415,0.540629783,-0.841093798,0.016752903
0.0001,0.00065,0.0007,656.4175428,0.00090298,-0.983671205,-0.179972621
0.0001,0.00065,0.00075,631.646244,-0.086588678,-0.848123387,-0.522674967
0.0001,0.00065,0.0008,606.2705983,-0.127553042,-0.878721509,-0.45997688
0.0001,0.00065,0.00085,575.7955064,-0.134285711,-0.935310801,-0.327354628
0.0001,0.00065,0.0009,568.3646506,-0.130312801,-0.988424929,-0.077683543
0.0001,0.00065,0.00095,567.4209018,-0.160988143,-0.668684988,-0.725908538
0.0001,0.0007,5.00E-05,417.999066,-0.541167527,-0.527016058,-0.655279927
0.0001,0.0007,0.0001,473.8902211,-0.362235653,-0.861832343,0.355007526
0.0001,0.0007,0.00015,470.2199606,-0.202254383,-0.974353853,-0.098629275
0.0001,0.0007,0.0002,464.0163231,-0.5169115,-0.839829984,-0.165795354
0.0001,0.0007,0.00025,457.8126855,-0.902615164,-0.426432032,-0.058665046
0.0001,0.0007,0.0003,459.0237457,-0.756591322,-0.314585786,0.573241096
0.0001,0.0007,0.00035,495.2570697,-0.211126468,-0.264244319,0.941063523
0.0001,0.0007,0.0004,537.5048647,0.213184075,-0.197899015,0.95675939
0.0001,0.0007,0.00045,577.0385773,0.59124923,-0.273921128,0.75854569
0.0001,0.0007,0.0005,609.1545009,0.766607855,-0.356375728,0.534142994
0.0001,0.0007,0.00055,640.4160167,0.862669975,-0.458542042,0.213400351
0.0001,0.0007,0.0006,634.5023146,0.646377923,-0.75369665,-0.118898865
0.0001,0.0007,0.00065,626.8193284,0.379032888,-0.897888602,-0.223897582
0.0001,0.0007,0.0007,612.3565616,-0.057188497,-0.930618826,-0.361494226
0.0001,0.0007,0.00075,583.7949534,0.044618315,-0.880317144,-0.472282682
0.0001,0.0007,0.0008,543.9155038,-0.08029646,-0.892012086,-0.444822343
0.0001,0.0007,0.00085,520.102455,-0.303165055,-0.918907861,-0.252387189
0.0001,0.0007,0.0009,515.3885745,-0.295199179,-0.954262917,-0.047325776
0.0001,0.0007,0.00095,515.0787641,-0.290705573,-0.702182775,-0.649945859
0.0001,0.00075,5.00E-05,418.2414885,0.628140542,-0.020683523,-0.777824949
0.0001,0.00075,0.0001,410.5035336,0.305625803,-0.95009564,0.062539134
0.0001,0.00075,0.00015,422.5253344,0.271357307,-0.888743681,0.369458905
0.0001,0.00075,0.0002,435.6483543,-0.40801832,-0.86413581,0.294602025
0.0001,0.00075,0.00025,440.6340722,-0.782250801,-0.609292654,0.129792703
0.0001,0.00075,0.0003,445.3936091,-0.208853116,-0.751261877,0.626087828
0.0001,0.00075,0.00035,475.7864832,0.16526627,-0.543864229,0.822738573
0.0001,0.00075,0.0004,518.0467485,0.437335738,-0.516749446,0.736007787
0.0001,0.00075,0.00045,549.521979,0.703048103,-0.560210079,0.438050263
0.0001,0.00075,0.0005,565.1970235,0.714200748,-0.618478544,0.327721807
0.0001,0.00075,0.00055,594.2021598,0.723919364,-0.689381827,0.026333454
0.0001,0.00075,0.0006,569.1586647,0.403271269,-0.879022757,-0.254344798
0.0001,0.00075,0.00065,558.6139068,-0.056590654,-0.981693357,-0.181867124
0.0001,0.00075,0.0007,545.6570093,-0.128802668,-0.912377615,-0.388557538
0.0001,0.00075,0.00075,504.0746882,-0.248334968,-0.856624885,-0.452242799
0.0001,0.00075,0.0008,478.5466221,-0.377289173,-0.883711563,-0.276959839
0.0001,0.00075,0.00085,471.9327877,-0.550224726,-0.827567947,-0.111283618
0.0001,0.00075,0.0009,467.0684357,-0.601816779,-0.793315215,-0.09201921
0.0001,0.00075,0.00095,462.2040836,-0.511249652,-0.739395482,-0.438084597
0.0001,0.0008,5.00E-05,416.6242714,0.847291192,0.055323638,-0.528239463
0.0001,0.0008,0.0001,408.8099577,0.93125078,-0.336700934,-0.139299914
0.0001,0.0008,0.00015,409.7333944,0.815323757,-0.577740624,0.038248433
0.0001,0.0008,0.0002,410.899211,-0.779564107,-0.625496734,0.032150257
0.0001,0.0008,0.00025,412.0650276,-0.87647877,-0.478176749,0.05596393
0.0001,0.0008,0.0003,416.8432958,-0.771122059,-0.562003164,0.299204299
0.0001,0.0008,0.00035,447.2303393,-0.439243278,-0.67458984,0.59329073
0.0001,0.0008,0.0004,485.7353355,-0.014077726,-0.764785528,0.644131131
0.0001,0.0008,0.00045,516.7394255,0.44261906,-0.83589802,0.324596469
0.0001,0.0008,0.0005,524.833798,0.642941623,-0.754235746,0.133246047
0.0001,0.0008,0.00055,536.7044611,0.600198688,-0.796013616,-0.078255088
0.0001,0.0008,0.0006,511.5083139,0.239418594,-0.93849475,-0.248809848
0.0001,0.0008,0.00065,499.9606722,-0.24017868,-0.952778513,-0.185815251
0.0001,0.0008,0.0007,484.292228,-0.241541238,-0.931665815,-0.271397568
0.0001,0.0008,0.00075,456.6764502,-0.361367201,-0.876762098,-0.317335737
0.0001,0.0008,0.0008,441.3585078,-0.443885255,-0.878375901,-0.177261548
0.0001,0.0008,0.00085,434.7441667,-0.502556054,-0.859445714,-0.093757542
0.0001,0.0008,0.0009,431.5155553,-0.569357327,-0.821795936,-0.021992581
0.0001,0.0008,0.00095,432.6690551,-0.528092889,-0.828183915,-0.187694707
0.0001,0.00085,5.00E-05,420.7403023,-0.58161039,0.813098395,-0.024502129
0.0001,0.00085,0.0001,393.8476388,-0.562800218,-0.134939738,-0.81550425
0.0001,0.00085,0.00015,390.9672703,-0.78121504,-0.62117252,-0.062030327
0.0001,0.00085,0.0002,390.2854522,-0.75130843,-0.659708095,-0.017912934
0.0001,0.00085,0.00025,389.8455883,-0.787018355,-0.604476594,-0.123329466
0.0001,0.00085,0.0003,379.3416957,-0.794779206,-0.603302488,0.065970611
0.0001,0.00085,0.00035,397.4541113,-0.486382814,-0.769670075,0.413569502
0.0001,0.00085,0.0004,435.5176786,-0.132572169,-0.919953509,0.368931106
0.0001,0.00085,0.00045,448.8359563,0.089316942,-0.989568085,0.113037559
0.0001,0.00085,0.0005,452.1854647,0.23234036,-0.970627385,0.06245347
0.0001,0.00085,0.00055,458.6548476,0.356892993,-0.925517125,-0.126670605
0.0001,0.00085,0.0006,430.5634551,-0.074030417,-0.968721637,-0.236849926
0.0001,0.00085,0.00065,419.0618422,-0.339164617,-0.92272222,-0.183169505
0.0001,0.00085,0.0007,397.0689793,-0.33028683,-0.930242016,-0.159876207
0.0001,0.00085,0.00075,385.4537634,-0.293686105,-0.945703783,-0.139258128
0.0001,0.00085,0.0008,369.8665983,-0.373938821,-0.927242839,-0.019760462
0.0001,0.00085,0.00085,381.7055575,-0.35979625,-0.925972975,0.11454566
0.0001,0.00085,0.0009,389.5278187,-0.364946325,-0.926057645,0.096080266
0.0001,0.00085,0.00095,396.4977993,-0.298465749,-0.924185019,0.238328025
0.0001,0.0009,5.00E-05,504.5693335,-0.153465164,0.572556104,0.805374417
0.0001,0.0009,0.0001,403.883478,-0.402944019,0.644416905,-0.649894584
0.0001,0.0009,0.00015,374.0616104,-0.564058791,0.768849904,-0.301176868
0.0001,0.0009,0.0002,369.5892448,-0.83782053,0.411027556,-0.359323125
0.0001,0.0009,0.00025,358.426227,-0.573972902,-0.752494399,-0.322966387
0.0001,0.0009,0.0003,347.2632092,-0.716475839,-0.676275693,-0.171212029
0.0001,0.0009,0.00035,342.6844944,-0.535312591,-0.838440372,0.102265202
0.0001,0.0009,0.0004,357.6113909,-0.168726687,-0.964453421,0.203373806
0.0001,0.0009,0.00045,370.8241276,0.006860772,-0.99563451,0.093085186
0.0001,0.0009,0.0005,372.2324315,-0.129863144,-0.99030108,0.04938963
0.0001,0.0009,0.00055,378.7235294,-0.040270788,-0.988967218,-0.142555621
0.0001,0.0009,0.0006,349.5720124,-0.365494921,-0.894504155,-0.257440828
0.0001,0.0009,0.00065,331.2311825,-0.380788399,-0.882577454,-0.275784758
0.0001,0.0009,0.0007,288.7431374,-0.426197264,-0.871965584,-0.240898137
0.0001,0.0009,0.00075,271.9447219,-0.416809589,-0.904257351,-0.092673673
0.0001,0.0009,0.0008,265.4771379,-0.469196539,-0.882931377,0.016934904
0.0001,0.0009,0.00085,275.8052883,-0.435300375,-0.894317955,0.103484202
0.0001,0.0009,0.0009,288.9423797,-0.327015951,-0.929689728,0.169521614
0.0001,0.0009,0.00095,311.633731,-0.207420535,-0.641849777,0.738244936
0.0001,0.00095,5.00E-05,486.3224149,-0.01029656,-0.951124437,0.30863617
0.0001,0.00095,0.0001,523.2553689,0.033821847,-0.999385734,-0.009178076
0.0001,0.00095,0.00015,478.5142258,-0.055800695,-0.98857783,-0.14000056
0.0001,0.00095,0.0002,408.170673,-0.078382264,-0.98192946,-0.172252014
0.0001,0.00095,0.00025,337.8271201,-0.125140841,-0.98559794,-0.113738607
0.0001,0.00095,0.0003,317.162939,-0.119308354,-0.992322017,-0.032596486
0.0001,0.00095,0.00035,312.6126099,-0.08397952,-0.996264343,-0.020119622
0.0001,0.00095,0.0004,302.071951,-0.051021835,-0.998339206,-0.026750757
0.0001,0.00095,0.00045,292.4500345,-0.025902531,-0.999604779,-0.010924505
0.0001,0.00095,0.0005,293.7962216,-0.033008149,-0.999380295,0.012226501
0.0001,0.00095,0.00055,301.4501612,-0.003824949,-0.999214728,-0.039437264
0.0001,0.00095,0.0006,265.5464996,-0.110837326,-0.98714124,-0.11518359
0.0001,0.00095,0.00065,224.3948348,-0.136096142,-0.982550884,-0.126773817
0.0001,0.00095,0.0007,182.4730761,-0.17837077,-0.976954681,-0.117232331
0.0001,0.00095,0.00075,158.4372841,-0.217033065,-0.975778379,-0.027444548
0.0001,0.00095,0.0008,168.5890916,-0.275821824,-0.960194105,0.044154305
0.0001,0.00095,0.00085,178.917242,-0.285584192,-0.956586027,0.058179392
0.0001,0.00095,0.0009,193.0376229,-0.298685292,-0.950929924,0.080742647
0.0001,0.00095,0.00095,209.025992,-0.211451317,-0.716815244,0.664427759
0.00015,0,5.00E-05,-465.8840846,-0.004707231,-0.904933256,-0.42552749
0.00015,0,0.0001,-453.5829942,-0.022799447,-0.999596602,0.016935745
0.00015,0,0.00015,-450.2310985,-0.030132358,-0.999534827,0.004708487
0.00015,0,0.0002,-449.4496562,-0.037001636,-0.999275542,-0.008903365
0.00015,0,0.00025,-457.8015552,-0.0526025,-0.99860549,0.004477871
0.00015,0,0.0003,-445.9572664,-0.055650077,-0.99700616,0.053682271
0.00015,0,0.00035,-418.9075933,-0.041344611,-0.997817321,0.051489965
0.00015,0,0.0004,-405.949535,-0.033529,-0.999253073,0.019212056
0.00015,0,0.00045,-404.1857678,-0.039692649,-0.999038857,0.018597217
0.00015,0,0.0005,-392.1093192,-0.053607518,-0.99769281,0.041656813
0.00015,0,0.00055,-377.2862833,-0.069688832,-0.997053539,0.032057881
0.00015,0,0.0006,-372.5388855,-0.117822185,-0.99001066,0.077439174
0.00015,0,0.00065,-334.379735,-0.086790446,-0.97379596,0.210211431
0.00015,0,0.0007,-271.1918221,-0.064494247,-0.959080204,0.275691231
0.00015,0,0.00075,-227.203614,-0.016103965,-0.969470887,0.244677054
0.00015,0,0.0008,-180.1260706,-0.001976285,-0.964664668,0.263473288
0.00015,0,0.00085,-130.1171524,-0.001886048,-0.913847875,0.406052341
0.00015,0,0.0009,-64.38563196,-0.006383466,-0.890132018,0.455658031
0.00015,0,0.00095,-16.3915648,-0.057920916,-0.438559933,-0.896833514
0.00015,5.00E-05,5.00E-05,-448.2394273,0.095166941,0.09313138,-0.991095252
0.00015,5.00E-05,0.0001,-418.683304,-0.083491573,0.89402664,0.440165338
0.00015,5.00E-05,0.00015,-418.8372051,-0.006146084,0.949994954,-0.31220476
0.00015,5.00E-05,0.0002,-437.7049349,-0.538239302,0.77963803,-0.320098417
0.00015,5.00E-05,0.00025,-431.4592045,0.133885366,0.928778462,0.34560856
0.00015,5.00E-05,0.0003,-395.6185962,-0.224073271,0.966711656,-0.123530333
0.00015,5.00E-05,0.00035,-447.7548269,-0.409711218,0.846506577,-0.339946074
0.00015,5.00E-05,0.0004,-442.1079047,-0.922141948,0.240965539,0.302638129
0.00015,5.00E-05,0.00045,-429.5426068,-0.496119297,0.520894305,0.694647224
0.00015,5.00E-05,0.0005,-363.4583529,-0.482367662,0.71660059,0.503790665
0.00015,5.00E-05,0.00055,-326.4405605,-0.485920946,0.864205258,0.130499446
0.00015,5.00E-05,0.0006,-338.5108087,-0.612087565,0.74553295,0.263684344
0.00015,5.00E-05,0.00065,-290.5722273,-0.18210094,0.622629338,0.761033478
0.00015,5.00E-05,0.0007,-231.2880924,-0.100667848,0.65526761,0.74865903
0.00015,5.00E-05,0.00075,-229.4889893,-0.993326336,-0.088971746,0.073394947
0.00015,5.00E-05,0.0008,-226.6411103,-0.334132861,-0.164640796,0.928034827
0.00015,5.00E-05,0.00085,-117.2450362,-0.22060951,0.150823471,0.963630492
0.00015,5.00E-05,0.0009,-60.48691089,-0.182501803,0.091500214,0.97893861
0.00015,5.00E-05,0.00095,-11.00620381,-0.097962232,0.022875177,-0.994927197
0.00015,0.0001,5.00E-05,-427.5754246,0.129702604,0.125087176,-0.983631248
0.00015,0.0001,0.0001,-393.863685,0.465830265,0.670744329,0.577151807
0.00015,0.0001,0.00015,-392.3509644,0.428950365,0.793687956,-0.431347904
0.00015,0.0001,0.0002,-418.707265,0.257553389,0.885997143,0.38558438
0.00015,0.0001,0.00025,-344.6999442,0.416361585,0.781196965,0.465160545
0.00015,0.0001,0.0003,-318.4325704,0.583481867,0.788344123,0.195096012
0.00015,0.0001,0.00035,-303.1436284,0.063110117,0.961349954,-0.26799884
0.00015,0.0001,0.0004,-391.4486608,-0.11778493,0.980040468,-0.160148029
0.00015,0.0001,0.00045,-345.20892,-0.409322715,0.766597513,0.494755665
0.00015,0.0001,0.0005,-245.4551782,-0.31427249,0.792775784,0.522244539
0.00015,0.0001,0.00055,-212.0763955,-0.191544179,0.972596775,-0.131781411
0.00015,0.0001,0.0006,-271.125871,-0.405372793,0.899806617,-0.161310105
0.00015,0.0001,0.00065,-246.6569071,-0.139507158,0.921293625,0.36298183
0.00015,0.0001,0.0007,-217.7284085,-0.150085547,0.979195757,0.136564992
0.00015,0.0001,0.00075,-232.8368371,-0.340448498,0.932275562,0.122299206
0.00015,0.0001,0.0008,-200.0390451,-0.363871474,0.584738708,0.725036685
0.00015,0.0001,0.00085,-104.1113822,-0.369745348,0.221408144,0.902367337
0.00015,0.0001,0.0009,-54.45561612,-0.568636953,0.06670262,0.819879732
0.00015,0.0001,0.00095,-7.476432498,-0.117859256,-0.034878611,-0.992417593
0.00015,0.00015,5.00E-05,-399.1030355,0.123334742,0.596383014,-0.793168231
0.00015,0.00015,0.0001,-377.7467486,0.201350328,0.975218481,0.091689476
0.00015,0.00015,0.00015,-373.1245679,0.359015179,0.91240779,0.196520039
0.00015,0.00015,0.0002,-328.2122534,0.410153511,0.860349694,0.302609485
0.00015,0.00015,0.00025,-263.0565144,0.508737351,0.808170575,0.296726525
0.00015,0.00015,0.0003,-227.6978018,0.594513061,0.771688499,0.225944864
0.00015,0.00015,0.00035,-185.8357264,0.347191204,0.929175197,0.126853146
0.00015,0.00015,0.0004,-184.6855171,0.129762705,0.990559586,-0.044196695
0.00015,0.00015,0.00045,-203.3334925,0.112113822,0.991498241,0.066043394
0.00015,0.00015,0.0005,-161.3609952,-0.056606536,0.962055841,0.266916202
0.00015,0.00015,0.00055,-136.9811153,0.206606383,0.974954281,0.082328325
0.00015,0.00015,0.0006,-145.6166735,0.094318339,0.993441551,-0.064636957
0.00015,0.00015,0.00065,-155.0427388,0.139730664,0.98926867,0.042694721
0.00015,0.00015,0.0007,-132.1956847,0.051769201,0.978837742,0.197981375
0.00015,0.00015,0.00075,-94.64460419,-0.078523495,0.996410698,0.031619308
0.00015,0.00015,0.0008,-122.8246308,-0.359581879,0.931227244,0.059301704
0.00015,0.00015,0.00085,-81.52415462,-0.493791588,0.627831224,0.601662548
0.00015,0.00015,0.0009,-52.62502085,-0.411124472,0.489471536,0.769021641
0.00015,0.00015,0.00095,-24.11953507,-0.154941751,0.065417253,-0.985755363
0.00015,0.0002,5.00E-05,-161.6832023,0.072887742,0.97150118,-0.225550071
0.00015,0.0002,0.0001,-117.5540922,0.219908383,0.975519687,-0.001281915
0.00015,0.0002,0.00015,-162.3710628,0.336354045,0.941432172,0.023904441
0.00015,0.0002,0.0002,-105.7725398,0.248787705,0.94888926,0.194200538
0.00015,0.0002,0.00025,-70.93667948,0.494361802,0.862875655,0.105128555
0.00015,0.0002,0.0003,-54.69391842,0.424221656,0.887222448,0.18130724
0.00015,0.0002,0.00035,11.91318667,0.284349588,0.948873387,0.137056946
0.00015,0.0002,0.0004,0.720480975,0.236516384,0.971435472,-0.019316394
0.00015,0.0002,0.00045,4.958162046,0.266198613,0.963729385,-0.019077996
0.00015,0.0002,0.0005,-6.298875699,0.274985864,0.957335606,-0.088833062
0.00015,0.0002,0.00055,-25.62788181,0.315174839,0.948227942,0.039097195
0.00015,0.0002,0.0006,6.473324498,0.302151202,0.92286759,0.238788739
0.00015,0.0002,0.00065,64.31745494,0.207382381,0.962518135,0.174789555
0.00015,0.0002,0.0007,80.88540616,0.280010454,0.959986562,-0.004466049
0.00015,0.0002,0.00075,62.47064458,0.316887625,0.927694418,-0.197396299
0.00015,0.0002,0.0008,5.994159546,0.160388012,0.964553825,-0.209550961
0.00015,0.0002,0.00085,-30.85851445,0.143970789,0.987543547,-0.063483502
0.00015,0.0002,0.0009,-17.91837735,-0.036263861,0.990877426,0.129795451
0.00015,0.0002,0.00095,15.51673685,-0.196413816,0.901669668,-0.385244627
0.00015,0.00025,5.00E-05,174.0666672,0.022538094,0.961322657,-0.274500972
0.00015,0.00025,0.0001,145.7058029,0.101301674,0.982319009,-0.157439945
0.00015,0.00025,0.00015,90.87006933,0.169892921,0.984060108,-0.052555672
0.00015,0.00025,0.0002,118.5481167,0.271767606,0.951824866,0.142027435
0.00015,0.00025,0.00025,156.1873245,0.367249981,0.921383807,0.127198004
0.00015,0.00025,0.0003,177.7259473,0.33960354,0.936375779,0.088712093
0.00015,0.00025,0.00035,197.8095412,0.331472966,0.942840993,-0.034300658
0.00015,0.00025,0.0004,165.0877232,0.216372247,0.967541511,-0.130562152
0.00015,0.00025,0.00045,151.25094,0.214384939,0.976706614,0.009126179
0.00015,0.00025,0.0005,168.2584976,0.348220925,0.935689019,0.056817666
0.00015,0.00025,0.00055,172.7842529,0.293035937,0.952599526,0.081756235
0.00015,0.00025,0.0006,202.0028861,0.300136477,0.932773546,0.199628675
0.00015,0.00025,0.00065,254.7241826,0.30572962,0.939236317,0.156091448
0.00015,0.00025,0.0007,264.7800764,0.274114021,0.961677732,0.006119166
0.00015,0.00025,0.00075,257.3183845,0.201709442,0.975443131,0.088453375
0.00015,0.00025,0.0008,306.7653699,0.143925225,0.987913668,0.057550965
0.00015,0.00025,0.00085,290.45708,0.056306328,0.998380409,-0.008133681
0.00015,0.00025,0.0009,301.4104207,0.046436545,0.998397178,0.032353096
0.00015,0.00025,0.00095,312.3637613,-0.247159252,0.951160509,-0.184948616
0.00015,0.0003,5.00E-05,421.9652637,0.037383003,0.860954722,-0.507306099
0.00015,0.0003,0.0001,401.5365335,0.130587937,0.975088131,-0.179304007
0.00015,0.0003,0.00015,346.1334337,0.270669928,0.940534683,-0.205261539
0.00015,0.0003,0.0002,331.9639283,0.180296024,0.983082693,0.032276337
0.00015,0.0003,0.00025,357.7295965,0.312135911,0.940608264,0.133518789
0.00015,0.0003,0.0003,384.6377915,0.397681166,0.917511673,0.00469258
0.00015,0.0003,0.00035,359.3069773,0.431026345,0.890178941,-0.147640584
0.00015,0.0003,0.0004,345.7468055,0.215084868,0.97534695,-0.049364215
0.00015,0.0003,0.00045,344.3024108,0.131054178,0.991350335,0.007022564
0.00015,0.0003,0.0005,348.3176678,0.242107823,0.968289433,0.061639071
0.00015,0.0003,0.00055,367.551778,0.257633075,0.960627226,0.104021785
0.00015,0.0003,0.0006,389.341161,0.331266676,0.925356025,0.184332895
0.00015,0.0003,0.00065,442.0615127,0.336920364,0.909793714,0.242404758
0.00015,0.0003,0.0007,488.5857751,0.341288495,0.915853836,0.211503935
0.00015,0.0003,0.00075,525.4746434,0.36121194,0.91265426,0.191280256
0.00015,0.0003,0.0008,574.8494346,0.35628681,0.907140664,0.223954289
0.00015,0.0003,0.00085,626.4424685,0.410373261,0.880905063,0.235796641
0.00015,0.0003,0.0009,658.1086897,0.132401095,0.987870308,0.081130791
0.00015,0.0003,0.00095,670.4248521,0.092228881,0.910686735,-0.402670466
0.00015,0.00035,5.00E-05,630.3999692,-0.063804307,0.634304732,-0.770445662
0.00015,0.00035,0.0001,558.0932266,0.098566997,0.655887222,-0.748395951
0.00015,0.00035,0.00015,409.660664,0.358686125,0.794326324,-0.490295782
0.00015,0.00035,0.0002,471.7476408,-0.01133853,0.858639446,0.512454621
0.00015,0.00035,0.00025,527.2622231,-0.466544153,0.882129127,0.064689694
0.00015,0.00035,0.0003,486.1416356,0.343433459,0.825613827,-0.44767764
0.00015,0.00035,0.00035,432.2974838,0.196504016,0.970696311,-0.13832875
0.00015,0.00035,0.0004,461.5506182,-0.138262405,0.920591837,0.365231676
0.00015,0.00035,0.00045,514.1704254,-0.275655953,0.913618488,0.298856242
0.00015,0.00035,0.0005,533.4832828,-0.204671543,0.96703033,0.151531846
0.00015,0.00035,0.00055,551.6307082,0.021737666,0.985434266,0.168661738
0.00015,0.00035,0.0006,576.0437307,0.06017879,0.957196705,0.283113019
0.00015,0.00035,0.00065,627.2091406,0.089311873,0.97534752,0.201793472
0.00015,0.00035,0.0007,625.9754171,0.29291601,0.934734451,0.201175834
0.00015,0.00035,0.00075,668.9076299,0.283728073,0.845849111,0.451705282
0.00015,0.00035,0.0008,715.741774,0.300897934,0.869080581,-0.39263135
0.00015,0.00035,0.00085,601.5026443,0.844701176,-0.044672444,0.533370693
0.00015,0.00035,0.0009,836.951742,0.570924402,0.409866592,0.71137522
0.00015,0.00035,0.00095,846.4299607,0.295296631,0.737677719,-0.607150296
0.00015,0.0004,5.00E-05,659.3517062,-0.146123525,-0.329254103,-0.932866363
0.00015,0.0004,0.0001,594.9903989,-0.205641953,-0.272023479,-0.940060963
0.00015,0.0004,0.00015,486.0215875,-0.479235692,0.759593632,-0.439716574
0.00015,0.0004,0.0002,529.010327,-0.685045086,0.479848698,0.54814091
0.00015,0.0004,0.00025,554.0106607,-0.901574893,0.034877813,0.431214853
0.00015,0.0004,0.0003,559.77319,-0.027144197,0.926586967,-0.375099701
0.00015,0.0004,0.00035,531.8698749,-0.054972432,0.996072229,-0.069412874
0.00015,0.0004,0.0004,552.1132482,-0.422263032,0.865275718,0.270170066
0.00015,0.0004,0.00045,564.2041662,-0.825530307,0.500837965,0.260117367
0.00015,0.0004,0.0005,587.3778434,-0.791986501,0.499882778,0.350534722
0.00015,0.0004,0.00055,616.2182762,-0.720057305,0.597290352,0.353216241
0.00015,0.0004,0.0006,644.869595,-0.663755759,0.63532171,0.394708268
0.00015,0.0004,0.00065,683.4010668,-0.706040975,0.635797312,0.311878052
0.00015,0.0004,0.0007,682.3317816,-0.465138348,0.878832045,0.106304064
0.00015,0.0004,0.00075,693.5683014,-0.76726113,0.467498377,0.439039436
0.00015,0.0004,0.0008,724.0488402,-0.012922683,-0.079011087,-0.996789974
0.00015,0.0004,0.00085,616.2905318,0.889636754,0.171072535,0.423415439
0.00015,0.0004,0.0009,799.2262347,0.45499098,-0.23437712,0.859098698
0.00015,0.0004,0.00095,921.3818914,0.348222521,0.008247998,-0.937375616
0.00015,0.00045,5.00E-05,515.2004696,-0.029699956,-0.398487045,-0.916692963
0.00015,0.00045,0.0001,507.9370518,-0.172708315,-0.981651539,0.080821373
0.00015,0.00045,0.00015,523.6387249,-0.610045113,0.70333051,0.36492623
0.00015,0.00045,0.0002,531.2660377,-0.953563849,-0.273481669,0.126189395
0.00015,0.00045,0.00025,529.7504059,-0.734294045,-0.658599708,0.164495228
0.00015,0.00045,0.0003,540.8347306,-0.725559173,-0.619149375,0.30036301
0.00015,0.00045,0.00035,542.2173708,-0.826424194,0.409015651,0.386948639
0.00015,0.00045,0.0004,565.107898,-0.900776439,0.023132554,0.433666568
0.00015,0.00045,0.00045,582.0699598,-0.900507988,-0.046753015,0.432318771
0.00015,0.00045,0.0005,607.6584106,-0.841508902,0.009566862,0.540158535
0.00015,0.00045,0.00055,648.8495351,-0.833337487,0.182049428,0.521925893
0.00015,0.00045,0.0006,684.1810283,-0.891839191,0.193285437,0.408978724
0.00015,0.00045,0.00065,703.5798804,-0.96748149,0.000159492,0.252941773
0.00015,0.00045,0.0007,710.0295091,-0.982783765,0.14380077,0.116006074
0.00015,0.00045,0.00075,713.3288267,-0.976348445,-0.21614646,-0.004941735
0.00015,0.00045,0.0008,709.6163105,-0.162423708,-0.474790135,-0.864981426
0.00015,0.00045,0.00085,631.8765661,0.747875733,0.484146966,0.454184546
0.00015,0.00045,0.0009,753.7174938,0.185483773,-0.280058601,0.941893279
0.00015,0.00045,0.00095,847.6607212,0.147660393,-0.594724769,-0.790252401
0.00015,0.0005,5.00E-05,511.6735996,-0.118735075,0.279521796,-0.952769409
0.00015,0.0005,0.0001,492.4998576,-0.93018216,0.308700639,0.198658161
0.00015,0.0005,0.00015,530.9840654,-0.964982036,-0.086779747,0.247545847
0.00015,0.0005,0.0002,515.7648976,-0.846456846,-0.496836432,-0.191479418
0.00015,0.0005,0.00025,515.6998937,-0.472206811,-0.812291336,0.342349987
0.00015,0.0005,0.0003,534.0745744,-0.159168178,-0.630939615,0.759329108
0.00015,0.0005,0.00035,557.5272991,-0.879947192,-0.114978278,0.460947866
0.00015,0.0005,0.0004,554.2390569,-0.962540901,-0.268781348,0.035659513
0.00015,0.0005,0.00045,559.6025507,-0.72934465,-0.239416303,0.640887053
0.00015,0.0005,0.0005,588.5605906,-0.677305933,-0.244752675,0.693795936
0.00015,0.0005,0.00055,642.909611,-0.760149001,-0.230119464,0.607633548
0.00015,0.0005,0.0006,670.7354362,-0.892614446,-0.289791786,0.345340661
0.00015,0.0005,0.00065,683.4173655,-0.912016832,-0.336256613,0.234854825
0.00015,0.0005,0.0007,694.4165452,-0.970245648,-0.219331368,-0.102553076
0.00015,0.0005,0.00075,675.4954153,-0.81209954,-0.544310174,-0.210287354
0.00015,0.0005,0.0008,679.339522,-0.725737204,-0.648901834,-0.228543037
0.00015,0.0005,0.00085,663.3010571,-0.186880074,0.642246728,0.743367324
0.00015,0.0005,0.0009,735.0658782,0.102752533,-0.687364474,0.719007647
0.00015,0.0005,0.00095,741.8797705,-0.020724106,-0.605553784,-0.795534491
0.00015,0.00055,5.00E-05,588.3631053,-0.376001327,0.024551723,-0.926293806
0.00015,0.00055,0.0001,537.9441409,-0.632401128,-0.154687117,-0.759039333
0.00015,0.00055,0.00015,515.4829254,-0.815230665,-0.350329575,-0.461159574
0.00015,0.00055,0.0002,491.6078153,-0.71244986,-0.566854705,-0.413631408
0.00015,0.00055,0.00025,486.3071683,-0.112424358,-0.954533073,0.276093057
0.00015,0.00055,0.0003,506.0796201,0.236345257,-0.697464979,0.676523113
0.00015,0.00055,0.00035,537.1875667,0.012930055,-0.69997959,0.714045788
0.00015,0.00055,0.0004,549.4658188,-0.327193625,-0.266852594,0.906495463
0.00015,0.00055,0.00045,569.2484577,-0.192737987,0.167206678,0.966899165
0.00015,0.00055,0.0005,578.2699048,-0.579300442,-0.09527652,0.809526641
0.00015,0.00055,0.00055,617.7287527,-0.728089611,-0.14622298,0.66970468
0.00015,0.00055,0.0006,650.1890434,-0.840541529,-0.062461028,0.53813433
0.00015,0.00055,0.00065,669.6741282,-0.810002905,-0.300585598,0.503531123
0.00015,0.00055,0.0007,693.0867489,-0.9325599,-0.353924571,0.071199929
0.00015,0.00055,0.00075,674.3032887,-0.910540052,-0.181478987,-0.371459541
0.00015,0.00055,0.0008,674.9928911,-0.298840441,-0.947307007,0.115342209
0.00015,0.00055,0.00085,680.0224407,-0.05081025,-0.993774827,0.099145908
0.00015,0.00055,0.0009,678.596991,0.075754492,-0.99690816,-0.020865677
0.00015,0.00055,0.00095,677.6165042,0.087388105,-0.801981036,-0.590922784
0.00015,0.0006,5.00E-05,515.3756617,-0.168729456,-0.716046098,-0.677353937
0.00015,0.0006,0.0001,477.6473665,-0.62024524,-0.770296107,-0.148120729
0.00015,0.0006,0.00015,495.7837006,-0.9509527,-0.308292203,-0.0253945
0.00015,0.0006,0.0002,475.7814368,-0.794935363,-0.321014039,-0.514808466
0.00015,0.0006,0.00025,465.666704,-0.389021041,-0.895668503,0.215500723
0.00015,0.0006,0.0003,481.6191663,0.297868782,-0.613417944,0.731431893
0.00015,0.0006,0.00035,514.9957779,0.253922117,-0.508832076,0.822565181
0.00015,0.0006,0.0004,544.8010263,0.11304866,-0.333964527,0.935781863
0.00015,0.0006,0.00045,564.5836653,-0.284327905,-0.053443476,0.957236354
0.00015,0.0006,0.0005,582.8547453,-0.555078339,0.317211175,0.768937649
0.00015,0.0006,0.00055,627.2068228,-0.629282879,0.254770381,0.734230966
0.00015,0.0006,0.0006,664.7061581,-0.794440415,0.064404551,0.603917611
0.00015,0.0006,0.00065,657.8093507,-0.701115048,-0.686292713,0.193494192
0.00015,0.0006,0.0007,671.4056565,-0.640660601,-0.760717481,0.104225277
0.00015,0.0006,0.00075,666.6555428,-0.369464946,-0.736950618,-0.566038374
0.00015,0.0006,0.0008,632.3680549,-0.171942454,-0.875103288,-0.452360507
0.00015,0.0006,0.00085,627.1758771,0.011804875,-0.992089671,-0.124974914
0.00015,0.0006,0.0009,620.1164438,0.127437135,-0.989159461,-0.0729612
0.00015,0.0006,0.00095,619.417298,0.11914086,-0.731114069,-0.67177204
0.00015,0.00065,5.00E-05,438.4949187,0.025090193,-0.535239346,-0.844327736
0.00015,0.00065,0.0001,436.0569069,-0.770292536,-0.403416074,0.49386727
0.00015,0.00065,0.00015,492.8303205,-0.802162792,-0.415857579,0.42848259
0.00015,0.00065,0.0002,472.8280567,-0.758260268,-0.37778481,-0.531337937
0.00015,0.00065,0.00025,462.0442778,-0.828648291,-0.443467096,-0.341582999
0.00015,0.00065,0.0003,464.7096178,0.167361164,-0.543540823,0.822528793
0.00015,0.00065,0.00035,498.1037862,0.136443874,-0.327515748,0.934941979
0.00015,0.00065,0.0004,531.7687507,0.065768748,-0.219533165,0.973385669
0.00015,0.00065,0.00045,567.12388,-0.245707793,0.055870381,0.967732495
0.00015,0.00065,0.0005,604.103944,-0.341880663,0.26180651,0.902538068
0.00015,0.00065,0.00055,646.1303274,-0.56034901,0.174947401,0.809569264
0.00015,0.00065,0.0006,653.4526377,-0.135349959,-0.990775839,-0.006604888
0.00015,0.00065,0.00065,645.9120871,-0.386381472,-0.807677156,-0.44538407
0.00015,0.00065,0.0007,628.5203291,-0.538006384,-0.818399094,-0.201920909
0.00015,0.00065,0.00075,623.4784932,-0.363990995,-0.881039349,-0.302126166
0.00015,0.00065,0.0008,598.6184404,-0.159393391,-0.88311431,-0.441251473
0.00015,0.00065,0.00085,582.7653475,0.095887024,-0.965252584,-0.243090781
0.00015,0.00065,0.0009,573.4113315,0.212389843,-0.961488832,-0.174441341
0.00015,0.00065,0.00095,563.6232821,0.031867972,-0.655736209,-0.754317212
0.00015,0.0007,5.00E-05,434.5083156,0.432338833,-0.028604498,-0.901257409
0.00015,0.0007,0.0001,433.2634281,-0.684358782,-0.060424308,0.726637434
0.00015,0.0007,0.00015,460.0959931,-0.318695429,-0.898009364,0.303335468
0.00015,0.0007,0.0002,453.8923555,-0.410731292,-0.89767507,-0.159622286
0.00015,0.0007,0.00025,455.1267751,-0.381826723,-0.842606003,0.379767663
0.00015,0.0007,0.0003,457.7904383,-0.067541783,-0.056587366,0.996110424
0.00015,0.0007,0.00035,491.5045639,-0.068475081,-0.114869229,0.991017772
0.00015,0.0007,0.0004,529.2345349,-0.152653308,-0.137152556,0.97871658
0.00015,0.0007,0.00045,568.759814,-0.20882857,-0.156654938,0.965323707
0.00015,0.0007,0.0005,605.7727839,-0.156124819,-0.345485049,0.925345947
0.00015,0.0007,0.00055,637.871044,-0.116220479,-0.849135869,0.515229149
0.00015,0.0007,0.0006,631.9687059,-0.204088444,-0.928011772,-0.311676208
0.00015,0.0007,0.00065,612.5961124,-0.345188299,-0.855847369,-0.385188681
0.00015,0.0007,0.0007,580.4807841,-0.480058702,-0.840996406,-0.249536946
0.00015,0.0007,0.00075,579.4577311,-0.238970701,-0.951183717,-0.195301151
0.00015,0.0007,0.0008,550.8853546,0.018537735,-0.929924266,-0.367283557
0.00015,0.0007,0.00085,527.0847633,0.096744376,-0.957617337,-0.271310819
0.00015,0.0007,0.0009,514.6088734,0.004010322,-0.981640546,-0.190698077
0.00015,0.0007,0.00095,502.1329836,-0.112859825,-0.824195432,-0.554945538
0.00015,0.00075,5.00E-05,436.3091069,0.923605302,-0.191416778,-0.332133802
0.00015,0.00075,0.0001,433.9291364,0.988291033,-0.033623686,-0.148829707
0.00015,0.00075,0.00015,431.7594207,0.578464756,-0.766388598,0.279333212
0.00015,0.00075,0.0002,444.8824407,0.435333836,-0.58991921,0.680058657
0.00015,0.00075,0.00025,453.3954425,0.442042875,-0.583777861,0.681029739
0.00015,0.00075,0.0003,462.6430565,0.393684524,-0.210337337,0.894857922
0.00015,0.00075,0.00035,489.8226751,0.299022254,-0.32367762,0.897673933
0.00015,0.00075,0.0004,520.9425777,0.080436737,-0.390616455,0.91703256
0.00015,0.00075,0.00045,554.703078,0.021723144,-0.528292453,0.848784536
0.00015,0.00075,0.0005,578.300733,0.277533613,-0.759943231,0.587759628
0.00015,0.00075,0.00055,602.9575041,0.097802337,-0.99520508,-0.001245879
0.00015,0.00075,0.0006,578.1968643,0.066386738,-0.842601352,-0.534430317
0.00015,0.00075,0.00065,531.5115229,-0.105220492,-0.926501121,-0.361281499
0.00015,0.00075,0.0007,516.836428,-0.40542508,-0.857881599,-0.31570503
0.00015,0.00075,0.00075,479.3385816,-0.173106923,-0.943161583,-0.283690364
0.00015,0.00075,0.0008,466.0154617,-0.089421745,-0.982602744,-0.162774689
0.00015,0.00075,0.00085,454.7240574,-0.107245055,-0.979513961,-0.170443241
0.00015,0.00075,0.0009,444.9691414,-0.178691736,-0.97981003,-0.089674797
0.00015,0.00075,0.00095,444.659331,-0.246265107,-0.965310401,-0.086771698
0.00015,0.0008,5.00E-05,428.3242438,0.553503198,-0.153020112,0.818669076
0.00015,0.0008,0.0001,432.2355606,0.806904,-0.588890687,0.045974923
0.00015,0.0008,0.00015,430.0441154,0.875491995,-0.477389581,0.074919654
0.00015,0.0008,0.0002,435.1241143,0.740657245,-0.642031122,0.198047679
0.00015,0.0008,0.00025,439.9023969,0.79570303,-0.551797285,0.249752765
0.00015,0.0008,0.0003,449.2281773,0.639786245,-0.658942292,0.395561142
0.00015,0.0008,0.00035,470.4832893,0.477818554,-0.692903506,0.539976075
0.00015,0.0008,0.0004,501.5982719,0.303963922,-0.706108592,0.639544049
0.00015,0.0008,0.00045,533.0594928,0.254357646,-0.876464702,0.408793119
0.00015,0.0008,0.0005,543.3822713,0.281591829,-0.940561009,0.189871088
0.00015,0.0008,0.00055,554.9009545,0.218708807,-0.958502305,-0.182865492
0.00015,0.0008,0.0006,519.3244968,0.137940212,-0.836789227,-0.529864405
0.00015,0.0008,0.00065,455.2381709,-0.220222426,-0.871893167,-0.43738357
0.00015,0.0008,0.0007,438.7085537,-0.464141256,-0.855923254,-0.22796552
0.00015,0.0008,0.00075,410.4975226,-0.441840546,-0.865590275,-0.235648909
0.00015,0.0008,0.0008,402.2977627,-0.403559517,-0.914460927,-0.030015486
0.00015,0.0008,0.00085,406.1344431,-0.452077367,-0.891788428,0.018424309
0.00015,0.0008,0.0009,404.6390697,-0.49565741,-0.868512931,-0.003003389
0.00015,0.0008,0.00095,405.7925694,-0.212282136,-0.945036367,0.248681643
0.00015,0.00085,5.00E-05,431.366561,0.200142658,0.818098972,0.539126135
0.00015,0.00085,0.0001,411.8993796,0.734859288,-0.475703892,-0.483412489
0.00015,0.00085,0.00015,413.353497,0.696624198,-0.717188006,0.018870385
0.00015,0.00085,0.0002,412.9238559,0.669691255,-0.726600512,0.153509996
0.00015,0.00085,0.00025,422.2342913,0.624375133,-0.780965905,-0.015746382
0.00015,0.00085,0.0003,411.7001271,0.582575103,-0.812769429,0.003479025
0.00015,0.00085,0.00035,422.6207678,0.43781367,-0.84559052,0.305443714
0.00015,0.00085,0.0004,451.8533649,0.304043973,-0.900255958,0.31160307
0.00015,0.00085,0.00045,465.1169308,0.223041957,-0.966758639,0.125020074
0.00015,0.00085,0.0005,470.1050755,0.181947583,-0.981326363,0.062399081
0.00015,0.00085,0.00055,476.8569914,0.178996675,-0.953042632,-0.244274295
0.00015,0.00085,0.0006,420.8042507,0.035452015,-0.892941372,-0.448774845
0.00015,0.00085,0.00065,370.8093504,-0.29955757,-0.879138709,-0.37064861
0.00015,0.00085,0.0007,348.8524219,-0.413552126,-0.903204054,-0.114878532
0.00015,0.00085,0.00075,345.5937375,-0.422118926,-0.903029564,-0.079707082
0.00015,0.00085,0.0008,333.0885557,-0.384207201,-0.922977063,-0.022319661
0.00015,0.00085,0.00085,341.3982095,-0.389027175,-0.918532522,0.070397897
0.00015,0.00085,0.0009,346.1069205,-0.454227617,-0.886895444,0.084224358
0.00015,0.00085,0.00095,354.6512765,-0.30556627,-0.787808971,0.53477685
0.00015,0.0009,5.00E-05,515.1955922,0.058768316,0.349068193,0.935252737
0.00015,0.0009,0.0001,414.5097367,0.113902856,0.597061221,-0.794068031
0.00015,0.0009,0.00015,391.1078613,0.41548681,0.822132824,-0.389189325
0.00015,0.0009,0.0002,393.0891338,0.864384498,-0.04015467,-0.50122554
0.00015,0.0009,0.00025,379.2096939,0.312979612,-0.864095547,-0.394186058
0.00015,0.0009,0.0003,358.939582,0.450513439,-0.869277157,-0.203457282
0.00015,0.0009,0.00035,359.3230472,0.450518122,-0.873861785,0.182753938
0.00015,0.0009,0.0004,378.8221262,0.330582789,-0.914691886,0.232494673
0.00015,0.0009,0.00045,391.9221669,0.238072448,-0.962797608,-0.127836907
0.00015,0.0009,0.0005,358.7508515,0.014610769,-0.98807353,-0.153288048
0.00015,0.0009,0.00055,362.5524804,0.008704118,-0.967991055,-0.250833721
0.00015,0.0009,0.0006,308.3181825,-0.110225216,-0.932165892,-0.344843664
0.00015,0.0009,0.00065,284.5761579,-0.391425327,-0.867559624,-0.306800444
0.00015,0.0009,0.0007,240.4570316,-0.318560591,-0.918707813,-0.233441866
0.00015,0.0009,0.00075,231.9031393,-0.271633858,-0.960979817,-0.052276552
0.00015,0.0009,0.0008,228.8015779,-0.267535629,-0.963327411,0.020615221
0.00015,0.0009,0.00085,236.274378,-0.333452197,-0.927352442,0.169785395
0.00015,0.0009,0.0009,265.0822364,-0.237791127,-0.944895984,0.225004353
0.00015,0.0009,0.00095,280.1919387,-0.156699576,-0.55367162,0.817858777
0.00015,0.00095,5.00E-05,481.4985405,0.036373782,-0.950113939,0.309774839
0.00015,0.00095,0.0001,505.2011739,-0.044041481,-0.998682411,-0.026339909
0.00015,0.00095,0.00015,458.6028901,-0.05753269,-0.992270013,-0.109955499
0.00015,0.00095,0.0002,411.9706583,-0.02948683,-0.990967185,-0.130822648
0.00015,0.00095,0.00025,347.3750337,0.0103571,-0.994801468,-0.101305331
0.00015,0.00095,0.0003,326.7338506,0.026538211,-0.999344707,-0.024614647
0.00015,0.00095,0.00035,327.5497902,0.033849901,-0.999418826,-0.004024144
0.00015,0.00095,0.0004,323.6003174,0.048845867,-0.998656407,-0.01730496
0.00015,0.00095,0.00045,313.9510767,0.053304996,-0.997137752,-0.053617914
0.00015,0.00095,0.0005,280.7921434,0.010698684,-0.999051779,-0.042202863
0.00015,0.00095,0.00055,282.2325514,-0.044068712,-0.994489045,-0.095128798
0.00015,0.00095,0.0006,210.0221607,-0.082984932,-0.985271243,-0.149512803
0.00015,0.00095,0.00065,178.913948,-0.110144575,-0.987890547,-0.10927232
0.00015,0.00095,0.0007,141.5583549,-0.088032759,-0.991838577,-0.092230532
0.00015,0.00095,0.00075,131.3359982,0.047665123,-0.998479426,-0.027692441
0.00015,0.00095,0.0008,128.8252067,0.141230413,-0.989557805,0.028797942
0.00015,0.00095,0.00085,143.2365406,0.243045642,-0.966138997,0.086627095
0.00015,0.00095,0.0009,161.6770366,0.251139518,-0.960146227,0.122670963
0.00015,0.00095,0.00095,185.3302754,0.272232332,-0.654285094,0.705549837
0.0002,0,5.00E-05,-468.6279545,-0.00833725,-0.907415725,-0.420151392
0.0002,0,0.0001,-467.4100336,-0.031781835,-0.999487105,0.003929701
0.0002,0,0.00015,-465.0309161,-0.037780115,-0.999277533,0.004132275
0.0002,0,0.0002,-463.8653801,-0.036456014,-0.999307132,-0.007497722
0.0002,0,0.00025,-471.223961,-0.026624726,-0.999636208,0.00431001
0.0002,0,0.0003,-460.6518912,-0.026832024,-0.998655948,0.044343424
0.0002,0,0.00035,-436.7015199,-0.044377321,-0.997780827,0.049639442
0.0002,0,0.0004,-420.5492751,-0.03991653,-0.998868105,0.025868486
0.0002,0,0.00045,-415.9542801,-0.020763216,-0.999365571,0.028936888
0.0002,0,0.0005,-398.0442109,-0.015708521,-0.998627559,0.049962395
0.0002,0,0.00055,-379.5775757,-0.025823927,-0.999138901,0.032474329
0.0002,0,0.0006,-376.0855669,-0.016582422,-0.99895504,0.042589331
0.0002,0,0.00065,-354.4664874,-0.091905418,-0.976924403,0.192800685
0.0002,0,0.0007,-285.9859849,-0.099370583,-0.941253338,0.322750121
0.0002,0,0.00075,-227.6877072,-0.043266669,-0.971512279,0.233006196
0.0002,0,0.0008,-180.6150291,-0.024558189,-0.975810975,0.21723222
0.0002,0,0.00085,-126.7152514,-0.008529583,-0.962465042,0.271271614
0.0002,0,0.0009,-67.25045277,-0.015513238,-0.963551312,0.267073413
0.0002,0,0.00095,-30.70569576,-0.038573631,-0.66008689,-0.750198222
0.0002,5.00E-05,5.00E-05,-419.2840282,0.077287047,0.164829282,-0.983289388
0.0002,5.00E-05,0.0001,-429.9043373,-0.153396596,0.983314892,-0.097781939
0.0002,5.00E-05,0.00015,-427.4447409,-0.132544215,0.977958924,-0.161333114
0.0002,5.00E-05,0.0002,-442.3174252,0.092484497,0.945395182,0.312529307
0.0002,5.00E-05,0.00025,-398.7746416,0.388770362,0.921127523,0.019536954
0.0002,5.00E-05,0.0003,-438.940639,-0.44875968,0.835981672,-0.315831273
0.0002,5.00E-05,0.00035,-467.1142871,-0.426021543,0.861330636,-0.276794472
0.0002,5.00E-05,0.0004,-460.6634223,-0.40799249,0.782253507,0.470767011
0.0002,5.00E-05,0.00045,-442.2274684,-0.412276962,0.370456924,0.832339699
0.0002,5.00E-05,0.0005,-425.2453681,-0.702303627,0.622017778,0.346213084
0.0002,5.00E-05,0.00055,-406.9366813,-0.665760202,0.69020247,0.283520553
0.0002,5.00E-05,0.0006,-380.7927137,-0.511317397,0.31451791,0.799770595
0.0002,5.00E-05,0.00065,-301.1516144,-0.199705131,0.556776313,0.806298951
0.0002,5.00E-05,0.0007,-232.6711119,-0.61621707,0.697646514,0.365466638
0.0002,5.00E-05,0.00075,-258.9870203,-0.993783108,-0.081484649,0.075864266
0.0002,5.00E-05,0.0008,-226.6185135,-0.15016921,-0.374078259,0.915158273
0.0002,5.00E-05,0.00085,-131.1266353,-0.324712382,-0.04660549,0.944663854
0.0002,5.00E-05,0.0009,-67.17016141,-0.358527297,-0.199972824,0.911849246
0.0002,5.00E-05,0.00095,-20.7380886,-0.079257083,0.024932392,-0.996542368
0.0002,0.0001,5.00E-05,-400.0392157,0.152314033,0.1285421,-0.979937428
0.0002,0.0001,0.0001,-385.3442614,0.118649792,0.984249913,0.131050893
0.0002,0.0001,0.00015,-389.7860406,0.366303104,0.927881947,0.069693097
0.0002,0.0001,0.0002,-377.1388774,0.442141388,0.82917613,0.342020378
0.0002,0.0001,0.00025,-312.0153812,0.374268075,0.838979166,0.395015655
0.0002,0.0001,0.0003,-279.7619794,-0.177910542,0.968726571,-0.172964362
0.0002,0.0001,0.00035,-369.1044375,-0.350398356,0.890291275,-0.290864982
0.0002,0.0001,0.0004,-379.1959076,-0.052609067,0.993355705,-0.102355898
0.0002,0.0001,0.00045,-400.1904478,-0.166280821,0.972004779,0.166004213
0.0002,0.0001,0.0005,-334.6396257,-0.492639182,0.743081777,0.452919538
0.0002,0.0001,0.00055,-271.3620281,-0.505182316,0.863012501,0.000499941
0.0002,0.0001,0.0006,-334.4845148,-0.244551682,0.966142926,0.082233335
0.0002,0.0001,0.00065,-252.1835821,-0.032420484,0.772212793,0.634536299
0.0002,0.0001,0.0007,-205.4971549,-0.194042126,0.967157742,0.164175378
0.0002,0.0001,0.00075,-234.1887107,-0.136783817,0.969488244,-0.203427463
0.0002,0.0001,0.0008,-232.8789835,-0.344918203,0.549055098,0.761294905
0.0002,0.0001,0.00085,-134.58172,-0.434881103,0.120878344,0.892337858
0.0002,0.0001,0.0009,-91.45917978,-0.483998431,-0.122229439,0.866490325
0.0002,0.0001,0.00095,-21.89619466,-0.160185329,-0.11332866,-0.980559674
0.0002,0.00015,5.00E-05,-371.6091702,0.138135972,0.652793631,-0.744834833
0.0002,0.00015,0.0001,-352.8984774,0.17151963,0.967544054,0.185578878
0.0002,0.00015,0.00015,-318.1996649,0.331320099,0.888791952,0.316663635
0.0002,0.00015,0.0002,-253.7743484,0.334170163,0.876638266,0.346172866
0.0002,0.00015,0.00025,-191.9545128,0.342574209,0.860746324,0.376508535
0.0002,0.00015,0.0003,-119.2002882,0.128612494,0.987527531,0.090819615
0.0002,0.00015,0.00035,-162.7629064,-0.082757738,0.992050234,-0.094802373
0.0002,0.00015,0.0004,-158.9762086,-0.074219055,0.996313241,-0.043028573
0.0002,0.00015,0.00045,-181.3369872,-0.013768102,0.992236165,-0.123603531
0.0002,0.00015,0.0005,-213.8832099,-0.204007624,0.972673393,0.110848364
0.0002,0.00015,0.00055,-139.1796972,-0.297571579,0.93675241,0.184244613
0.0002,0.00015,0.0006,-155.4690069,-0.145355045,0.989299495,-0.012586495
0.0002,0.00015,0.00065,-144.1776326,-0.043117252,0.995392744,0.085639867
0.0002,0.00015,0.0007,-126.6632596,0.002273977,0.998649434,0.05190508
0.0002,0.00015,0.00075,-128.4915576,-0.200594548,0.976019107,-0.08454898
0.0002,0.00015,0.0008,-154.7807465,-0.182387761,0.981671989,0.055270337
0.0002,0.00015,0.00085,-111.9695509,-0.264024555,0.866340379,0.423963893
0.0002,0.00015,0.0009,-83.06588251,-0.572950448,0.656714424,0.49036104
0.0002,0.00015,0.00095,-56.40237603,-0.266507288,-0.006633615,-0.963810075
0.0002,0.0002,5.00E-05,-140.1819183,0.063625157,0.986421331,-0.151409367
0.0002,0.0002,0.0001,-106.8855813,-0.024038076,0.99809844,0.056759808
0.0002,0.0002,0.00015,-111.5705513,0.184359941,0.976817388,0.108808097
0.0002,0.0002,0.0002,-57.43926495,0.18599551,0.952613402,0.240693531
0.0002,0.0002,0.00025,-4.361990048,0.233639513,0.946622188,0.22207884
0.0002,0.0002,0.0003,37.65309512,0.25937667,0.956244693,0.135350766
0.0002,0.0002,0.00035,47.12682073,0.025885945,0.999161759,0.031712736
0.0002,0.0002,0.0004,50.88116626,0.067350115,0.997583277,-0.017075326
0.0002,0.0002,0.00045,40.57942253,0.068293234,0.996874396,-0.039717423
0.0002,0.0002,0.0005,35.2826082,-0.015446174,0.999312816,-0.03369438
0.0002,0.0002,0.00055,25.632519,0.142617028,0.987787102,0.062745712
0.0002,0.0002,0.0006,58.35359766,0.167537716,0.976668587,0.134348746
0.0002,0.0002,0.00065,82.62581187,0.052691183,0.995134588,0.083251367
0.0002,0.0002,0.0007,96.30162417,0.052594873,0.998468894,0.017136151
0.0002,0.0002,0.00075,90.39479642,0.084078622,0.99340838,-0.077913903
0.0002,0.0002,0.0008,60.57301892,0.122035278,0.981200337,-0.149510168
0.0002,0.0002,0.00085,11.96255773,0.140767896,0.97519505,-0.170818659
0.0002,0.0002,0.0009,-17.04102205,0.10722045,0.990421476,-0.087000431
0.0002,0.0002,0.00095,-23.88215128,-0.14849644,0.864509059,-0.480180064
0.0002,0.00025,5.00E-05,169.1523132,-0.022269904,0.999398611,-0.026579448
0.0002,0.00025,0.0001,150.2209245,0.010074387,0.996384418,-0.084359928
0.0002,0.00025,0.00015,125.701322,0.111416339,0.992936004,0.040798182
0.0002,0.00025,0.0002,170.5341561,0.184813409,0.964298689,0.189662969
0.0002,0.00025,0.00025,213.3814392,0.186630578,0.967832752,0.16872697
0.0002,0.00025,0.0003,244.5649393,0.201742797,0.974752172,0.095697684
0.0002,0.00025,0.00035,254.0091699,0.160546194,0.985512527,-0.054680692
0.0002,0.00025,0.0004,223.5391733,0.274326981,0.953812405,-0.122419782
0.0002,0.00025,0.00045,210.1738926,0.197369971,0.980179371,0.017131696
0.0002,0.00025,0.0005,229.4142299,0.116232448,0.992490789,0.038105805
0.0002,0.00025,0.00055,224.020037,0.144265474,0.986724535,0.074579919
0.0002,0.00025,0.0006,258.8523807,0.236382657,0.950021537,0.203917431
0.0002,0.00025,0.00065,309.4292563,0.185685922,0.970641461,0.152891766
0.0002,0.00025,0.0007,326.0107038,0.150984504,0.987795729,0.038252813
0.0002,0.00025,0.00075,327.0509623,0.200253152,0.97758505,0.065008809
0.0002,0.00025,0.0008,359.9517305,0.046295696,0.998903937,0.006901616
0.0002,0.00025,0.00085,331.1250679,0.003936897,0.998604627,-0.052662126
0.0002,0.00025,0.0009,324.9938158,0.003918577,0.973339911,-0.229333952
0.0002,0.00025,0.00095,165.2986657,0.104267656,0.971218017,-0.214158398
0.0002,0.0003,5.00E-05,426.7476037,0.019072518,0.833989236,-0.551450989
0.0002,0.0003,0.0001,406.3188734,0.017397646,0.992831597,-0.118248642
0.0002,0.0003,0.00015,382.8078277,0.154322445,0.986633054,-0.052343096
0.0002,0.0003,0.0002,388.350562,0.274394689,0.953216061,0.126833341
0.0002,0.0003,0.00025,420.2850987,0.284827542,0.932225402,0.223224261
0.0002,0.0003,0.0003,451.4767834,0.307845365,0.951208553,0.020821155
0.0002,0.0003,0.00035,426.0751324,0.441967807,0.863284725,-0.243729236
0.0002,0.0003,0.0004,392.4160943,0.349047427,0.916754885,-0.194232782
0.0002,0.0003,0.00045,376.7171529,0.270635433,0.962583995,0.013730091
0.0002,0.0003,0.0005,395.9145602,0.324440164,0.934531737,0.14624983
0.0002,0.0003,0.00055,415.1119676,0.290556494,0.934450792,0.20586073
0.0002,0.0003,0.0006,456.2626795,0.363993464,0.878413987,0.309673418
0.0002,0.0003,0.00065,508.983976,0.360750899,0.87908753,0.311550805
0.0002,0.0003,0.0007,551.3438725,0.321506215,0.903037376,0.284881116
0.0002,0.0003,0.00075,600.7908579,0.144995432,0.942813252,0.300132465
0.0002,0.0003,0.0008,650.2378432,0.141327185,0.965542494,0.218527616
0.0002,0.0003,0.00085,674.8513894,0.092672055,0.991683967,0.089301738
0.0002,0.0003,0.0009,686.7599387,0.120367017,0.992613436,0.015177191
0.0002,0.0003,0.00095,682.8661092,0.112762576,0.94540404,-0.305770833
0.0002,0.00035,5.00E-05,587.3896949,-0.174431207,0.369624496,-0.912661759
0.0002,0.00035,0.0001,519.1452296,-0.390793088,0.709455139,-0.586476059
0.0002,0.00035,0.00015,464.3922175,0.179292709,0.856332274,-0.484302759
0.0002,0.00035,0.0002,452.1946119,-0.171647151,0.977507663,0.122539891
0.0002,0.00035,0.00025,477.0081021,-0.35897496,0.789495782,0.497828674
0.0002,0.00035,0.0003,509.0809816,0.293640009,0.942170205,-0.16152662
0.0002,0.00035,0.00035,463.2011058,0.570206786,0.718021543,-0.399135673
0.0002,0.00035,0.0004,456.5027766,0.109649261,0.991682258,-0.067404288
0.0002,0.00035,0.00045,455.44301,-0.38645816,0.913176895,0.12945288
0.0002,0.00035,0.0005,474.7558674,-0.362260191,0.887665123,0.284285391
0.0002,0.00035,0.00055,497.9544964,-0.337579808,0.885064892,0.320468422
0.0002,0.00035,0.0006,525.1280127,-0.360282653,0.786631061,0.501406007
0.0002,0.00035,0.00065,577.7151656,-0.404620051,0.671310516,0.620986961
0.0002,0.00035,0.0007,617.0269944,-0.0975533,0.844160111,0.527140456
0.0002,0.00035,0.00075,637.7089449,-0.322413908,0.557056223,0.765334983
0.0002,0.00035,0.0008,687.180808,-0.256841718,0.214432733,0.942364545
0.0002,0.00035,0.00085,736.6980996,0.610570654,0.225209138,0.759265646
0.0002,0.00035,0.0009,849.1697624,0.350213318,0.488489861,0.799204785
0.0002,0.00035,0.00095,969.2233226,0.466290318,0.609504582,-0.64115326
0.0002,0.0004,5.00E-05,609.0274974,-0.251321631,-0.190912087,-0.948888831
0.0002,0.0004,0.0001,555.1078836,-0.638091322,-0.104636505,-0.762817584
0.0002,0.0004,0.00015,501.1882698,-0.195992838,0.434678646,-0.879000161
0.0002,0.0004,0.0002,488.9881889,-0.691322811,0.710979409,0.128767434
0.0002,0.0004,0.00025,510.4999683,-0.676615529,0.48516559,0.553900511
0.0002,0.0004,0.0003,532.0117477,-0.880414838,0.405092524,0.246515233
0.0002,0.0004,0.00035,520.6602232,-0.024204264,0.929731624,-0.367441507
0.0002,0.0004,0.0004,506.5566964,-0.495242729,0.849721641,-0.180852899
0.0002,0.0004,0.00045,505.4767508,-0.532823327,0.818060735,0.216508513
0.0002,0.0004,0.0005,528.6542823,-0.49329055,0.764379031,0.415197701
0.0002,0.0004,0.00055,554.2290046,-0.509498436,0.746757783,0.427509248
0.0002,0.0004,0.0006,581.3952445,-0.536055498,0.734726637,0.415717779
0.0002,0.0004,0.00065,608.3302694,-0.550326755,0.607337505,0.572958653
0.0002,0.0004,0.0007,647.417613,-0.492984224,0.648307523,0.580227464
0.0002,0.0004,0.00075,651.8529671,-0.65692467,0.589285758,0.470310827
0.0002,0.0004,0.0008,672.7625817,-0.565187379,-0.15139145,0.810952437
0.0002,0.0004,0.00085,722.8996489,0.529204375,-0.232557486,0.816002294
0.0002,0.0004,0.0009,828.8839801,0.503495534,-0.208301512,0.838512211
0.0002,0.0004,0.00095,931.72416,0.42889984,-0.295180708,-0.853764181
0.0002,0.00045,5.00E-05,511.616225,-0.017860351,-0.247038285,-0.968841109
0.0002,0.00045,0.0001,504.3528072,-0.105193606,-0.971334888,-0.213173262
0.0002,0.00045,0.00015,497.0893894,-0.803515021,-0.594852832,-0.02266539
0.0002,0.00045,0.0002,503.6084336,-0.883892217,0.01516416,0.467444752
0.0002,0.00045,0.00025,514.6927582,-0.722300532,-0.079560508,0.686987676
0.0002,0.00045,0.0003,525.7770829,-0.789674111,-0.435131824,0.432521784
0.0002,0.00045,0.00035,527.6096327,-0.996016552,-0.011447333,0.088430685
0.0002,0.00045,0.0004,527.841003,-0.811571479,0.540057919,0.222910695
0.0002,0.00045,0.00045,538.9370356,-0.519734051,0.694508545,0.497528287
0.0002,0.00045,0.0005,564.5087742,-0.547559441,0.422743138,0.722126649
0.0002,0.00045,0.00055,590.0805128,-0.649571693,0.357272901,0.671127924
0.0002,0.00045,0.0006,620.7449007,-0.708588293,0.35375655,0.610539872
0.0002,0.00045,0.00065,647.6990298,-0.743889985,0.390365784,0.542441006
0.0002,0.00045,0.0007,665.656358,-0.858108579,0.312357405,0.407532231
0.0002,0.00045,0.00075,669.4654519,-0.940402142,0.277778487,0.196170649
0.0002,0.00045,0.0008,673.9175638,-0.802673885,-0.136734832,0.580532704
0.0002,0.00045,0.00085,692.2041071,0.464893974,-0.401028924,0.78933478
0.0002,0.00045,0.0009,797.2939986,0.251681737,-0.344678162,0.904352402
0.0002,0.00045,0.00095,893.2100703,0.205290387,-0.514545896,-0.832525302
0.0002,0.0005,5.00E-05,509.8753965,-0.013306287,0.171624532,-0.985072567
0.0002,0.0005,0.0001,488.915613,-0.2160306,0.111048698,-0.970051012
0.0002,0.0005,0.00015,481.6521952,-0.797897629,-0.602654616,0.01291465
0.0002,0.0005,0.0002,489.5592517,-0.459649738,-0.662825024,0.59108807
0.0002,0.0005,0.00025,507.932602,-0.348903022,-0.540022183,0.765926056
0.0002,0.0005,0.0003,519.0169267,-0.785057451,-0.455487127,0.419781225
0.0002,0.0005,0.00035,520.3930492,-0.939233766,-0.025471964,0.342331873
0.0002,0.0005,0.0004,534.0002143,-0.574350351,0.365039163,0.732712825
0.0002,0.0005,0.00045,556.6619419,-0.498171927,0.619081183,0.607094078
0.0002,0.0005,0.0005,558.5943961,-0.597099516,0.287696007,0.748801159
0.0002,0.0005,0.00055,584.1661348,-0.662207927,-0.154369523,0.733246692
0.0002,0.0005,0.0006,614.7803332,-0.660319422,-0.167852966,0.731986095
0.0002,0.0005,0.00065,640.6506435,-0.64190008,-0.071621488,0.763436081
0.0002,0.0005,0.0007,664.1007183,-0.786306374,-0.077236939,0.612990001
0.0002,0.0005,0.00075,663.5508702,-0.906527668,-0.386780242,0.169140864
0.0002,0.0005,0.0008,667.4068693,-0.824870052,-0.546148468,-0.145983725
0.0002,0.0005,0.00085,660.2170963,0.109743164,-0.142649793,0.983670409
0.0002,0.0005,0.0009,752.2740592,0.112228368,-0.752814325,0.648594931
0.0002,0.0005,0.00095,755.1597653,0.215570552,-0.61944879,-0.754859281
0.0002,0.00055,5.00E-05,558.0026839,-0.308678981,-0.061802254,-0.949156345
0.0002,0.00055,0.0001,507.5837195,-0.470050912,-0.267515759,-0.841122737
0.0002,0.00055,0.00015,467.0543643,-0.675453653,-0.468714736,-0.569270462
0.0002,0.00055,0.0002,474.1385252,-0.223090122,-0.74728183,0.625939824
0.0002,0.00055,0.00025,493.923393,0.25117096,-0.649393932,0.717774804
0.0002,0.00055,0.0003,512.2567705,0.128549449,-0.615758844,0.777377698
0.0002,0.00055,0.00035,526.4947679,-0.4854746,0.106116095,0.867786717
0.0002,0.00055,0.0004,545.9102462,-0.298781753,0.220302632,0.928545214
0.0002,0.00055,0.00045,564.0168308,-0.388659294,0.135831557,0.911314293
0.0002,0.00055,0.0005,575.0761276,-0.739505779,0.398000619,0.542887383
0.0002,0.00055,0.00055,578.2517567,-0.687477923,0.120919838,0.716067384
0.0002,0.00055,0.0006,607.7923427,-0.458665879,0.156053362,0.874798811
0.0002,0.00055,0.00065,643.0720552,-0.395512779,0.250799556,0.883554879
0.0002,0.00055,0.0007,662.770922,-0.750993721,-0.479398106,0.454076963
0.0002,0.00055,0.00075,661.9051625,-0.428256153,-0.902266704,-0.050114488
0.0002,0.00055,0.0008,661.4453823,-0.469031342,-0.768696053,0.434874669
0.0002,0.00055,0.00085,679.8968475,0.293207054,-0.733212433,0.613538223
0.0002,0.00055,0.0009,687.0954789,0.262463129,-0.957691086,0.118071545
0.0002,0.00055,0.00095,694.2941104,0.211206544,-0.646138987,-0.733414075
0.0002,0.0006,5.00E-05,497.7181549,-0.166951865,-0.48619576,-0.85775332
0.0002,0.0006,0.0001,459.9898597,-0.057659443,-0.782610884,-0.619835133
0.0002,0.0006,0.00015,454.1147478,-0.867326288,-0.491602473,-0.077923801
0.0002,0.0006,0.0002,457.4815085,-0.091009942,-0.708585359,0.699731362
0.0002,0.0006,0.00025,473.4458005,0.465098923,-0.634192171,0.617643329
0.0002,0.0006,0.0003,493.2172257,0.42454917,-0.54935999,0.719695494
0.0002,0.0006,0.00035,524.5083178,0.08114601,-0.354118377,0.931673494
0.0002,0.0006,0.0004,542.9025371,-0.238737082,-0.16476069,0.957004974
0.0002,0.0006,0.00045,561.0091217,-0.398623144,-0.236931213,0.885981484
0.0002,0.0006,0.0005,569.0302793,-0.613880517,0.067954137,0.786468656
0.0002,0.0006,0.00055,589.6908096,-0.65355277,0.404659105,0.639624722
0.0002,0.0006,0.0006,626.3434782,-0.634332566,0.420042911,0.648988559
0.0002,0.0006,0.00065,656.256469,-0.718150202,-0.483644158,0.500348493
0.0002,0.0006,0.0007,644.2174018,-0.50922484,-0.834820682,-0.209199646
0.0002,0.0006,0.00075,639.6857089,-0.568810193,-0.815611745,-0.105983236
0.0002,0.0006,0.0008,635.6042875,-0.204603685,-0.968735752,-0.140315271
0.0002,0.0006,0.00085,629.5637987,-0.146698411,-0.989180615,-0.001134447
0.0002,0.0006,0.0009,635.4963014,-0.076944833,-0.989416388,0.123023185
0.0002,0.0006,0.00095,641.4288041,0.00761347,-0.660389316,-0.750884802
0.0002,0.00065,5.00E-05,455.1586103,0.249573958,-0.34958023,-0.903053986
0.0002,0.00065,0.0001,452.5295621,0.949137397,-0.293814199,-0.113187534
0.0002,0.00065,0.00015,451.2297814,-0.977721724,-0.197171104,0.071998515
0.0002,0.00065,0.0002,454.5628685,-0.730769273,-0.492484987,0.472688911
0.0002,0.00065,0.00025,457.23019,0.464859694,-0.639579054,0.61224513
0.0002,0.00065,0.0003,473.2795861,0.44388257,-0.527242444,0.724557568
0.0002,0.00065,0.00035,507.6099526,0.093829808,-0.456033061,0.88500272
0.0002,0.00065,0.0004,539.6261643,0.05035883,-0.33248495,0.941763105
0.0002,0.00065,0.00045,557.0296897,-0.441432692,-0.012491749,0.897207409
0.0002,0.00065,0.0005,577.5543438,-0.583624446,0.360340835,0.727692922
0.0002,0.00065,0.00055,614.510999,-0.610746779,0.41295702,0.67561444
0.0002,0.00065,0.0006,650.875434,-0.938575757,-0.205919719,0.276898207
0.0002,0.00065,0.00065,625.7948597,-0.264224758,-0.783604043,-0.562272159
0.0002,0.00065,0.0007,596.6445516,-0.344231982,-0.895357941,-0.282557072
0.0002,0.00065,0.00075,595.6214986,-0.417953586,-0.907089283,-0.050038304
0.0002,0.00065,0.0008,591.5637775,-0.297578713,-0.948870811,-0.10531426
0.0002,0.00065,0.00085,585.7384366,-0.191878372,-0.981418108,0.001089558
0.0002,0.00065,0.0009,591.6709393,-0.156948534,-0.982154668,-0.103630912
0.0002,0.00065,0.00095,573.120775,-0.063978033,-0.720974766,-0.690001593
0.0002,0.0007,5.00E-05,451.0362238,0.555303132,-0.11890888,-0.823103341
0.0002,0.0007,0.0001,449.7913363,0.939304862,-0.335709681,-0.070748755
0.0002,0.0007,0.00015,448.5464487,0.234460156,-0.945520643,0.225874188
0.0002,0.0007,0.0002,451.2298045,0.888617175,-0.315394455,0.332995276
0.0002,0.0007,0.00025,453.8934677,0.938685608,-0.237637926,0.249795005
0.0002,0.0007,0.0003,456.5571309,0.462752273,-0.274447503,0.842934696
0.0002,0.0007,0.00035,490.3205888,-0.076577926,-0.176657625,0.9812889
0.0002,0.0007,0.0004,525.4551358,-0.110123962,-0.219523282,0.969372086
0.0002,0.0007,0.00045,560.4810506,-0.331434198,-0.07882454,0.940179804
0.0002,0.0007,0.0005,597.4940205,-0.490759774,0.121537628,0.862776593
0.0002,0.0007,0.00055,634.5069904,-0.842092482,-0.27548644,0.463667416
0.0002,0.0007,0.0006,617.9520572,-0.318768832,-0.762278369,-0.563309968
0.0002,0.0007,0.00065,580.6782317,-0.286704192,-0.742494758,-0.605394285
0.0002,0.0007,0.0007,548.6050066,-0.254022046,-0.931254671,-0.261223159
0.0002,0.0007,0.00075,547.5819536,-0.260039467,-0.965463449,-0.016118467
0.0002,0.0007,0.0008,546.5589006,-0.153232681,-0.981726918,-0.112836181
0.0002,0.0007,0.00085,533.0379713,-0.08129824,-0.968901347,-0.233710881
0.0002,0.0007,0.0009,515.9133027,-0.077007957,-0.970208445,-0.229707091
0.0002,0.0007,0.00095,498.7886341,-0.063352257,-0.900127168,-0.430996025
0.0002,0.00075,5.00E-05,448.08026,0.796281945,-0.594635862,0.111100206
0.0002,0.00075,0.0001,440.7153386,0.837451318,-0.528143476,-0.140498256
0.0002,0.00075,0.00015,445.2082816,0.845761811,-0.266275076,0.462368405
0.0002,0.00075,0.0002,449.4984719,0.938441258,-0.153977401,0.309223165
0.0002,0.00075,0.00025,452.1621351,0.906910126,0.106247811,0.407707525
0.0002,0.00075,0.0003,461.4194355,0.422928498,0.200147808,0.883782972
0.0002,0.00075,0.00035,495.2065127,-0.052598813,0.052031751,0.997259275
0.0002,0.00075,0.0004,523.7376783,0.01284155,-0.176068761,0.984294105
0.0002,0.00075,0.00045,550.9899599,-0.428730606,-0.240504742,0.87083152
0.0002,0.00075,0.0005,587.9822312,-0.724785465,-0.425068305,0.542220403
0.0002,0.00075,0.00055,602.3559251,-0.62830109,-0.770014415,-0.110975405
0.0002,0.00075,0.0006,578.0336583,-0.483934036,-0.694916231,-0.53188277
0.0002,0.00075,0.00065,540.7431458,-0.250637201,-0.748875456,-0.6134872
0.0002,0.00075,0.0007,478.6570667,-0.251228575,-0.887424254,-0.386474315
0.0002,0.00075,0.00075,473.0639024,-0.073391743,-0.993665512,-0.085102889
0.0002,0.00075,0.0008,465.024411,-0.089152017,-0.992208065,-0.087034894
0.0002,0.00075,0.00085,458.6901753,-0.097091947,-0.988685598,-0.114341341
0.0002,0.00075,0.0009,447.0128183,-0.109771465,-0.983020139,-0.147042957
0.0002,0.00075,0.00095,437.6262044,-0.292708585,-0.956128624,0.011821123
0.0002,0.0008,5.00E-05,434.5024112,0.413749536,-0.20349569,0.887356087
0.0002,0.0008,0.0001,438.9953542,0.516359796,-0.777660962,0.358630715
0.0002,0.0008,0.00015,443.4882971,0.652934009,-0.66807344,0.356868405
0.0002,0.0008,0.0002,447.7671393,0.764947771,-0.537549398,0.354817633
0.0002,0.0008,0.00025,457.0000483,0.860216274,-0.304397338,0.409109059
0.0002,0.0008,0.0003,466.3052683,0.693407807,-0.308997859,0.650926983
0.0002,0.0008,0.00035,493.5720274,0.312842617,-0.601155071,0.735351669
0.0002,0.0008,0.0004,515.476693,0.261799531,-0.665078553,0.699379385
0.0002,0.0008,0.00045,542.7381012,-0.220264229,-0.836463567,0.501809098
0.0002,0.0008,0.0005,557.2261817,-0.375936212,-0.904258027,0.202458355
0.0002,0.0008,0.00055,565.4777802,-0.361393207,-0.91705164,-0.168556342
0.0002,0.0008,0.0006,537.4536414,-0.20541322,-0.778113854,-0.593585915
0.0002,0.0008,0.00065,459.370582,-0.200090983,-0.764272654,-0.613066806
0.0002,0.0008,0.0007,393.1995894,-0.229184642,-0.900081335,-0.370577915
0.0002,0.0008,0.00075,388.406396,-0.172395625,-0.983177066,-0.060354002
0.0002,0.0008,0.0008,382.6967144,-0.159160426,-0.98508472,-0.065391532
0.0002,0.0008,0.00085,377.2955059,-0.242224655,-0.968958793,-0.049457809
0.0002,0.0008,0.0009,375.0952182,-0.392319246,-0.887445189,0.24192281
0.0002,0.0008,0.00095,412.4506776,-0.104263656,-0.829595233,0.548544292
0.0002,0.00085,5.00E-05,441.9928196,0.193929154,0.716376374,0.670221138
0.0002,0.00085,0.0001,421.2301903,0.64881917,-0.605020702,-0.4615015
0.0002,0.00085,0.00015,428.7871119,0.409216979,-0.89990249,0.150721509
0.0002,0.00085,0.0002,429.0281428,0.479723482,-0.865549782,0.143836561
0.0002,0.00085,0.00025,438.3688519,0.490443062,-0.852812835,0.179376337
0.0002,0.00085,0.0003,444.0585586,0.621576444,-0.764761256,0.16965537
0.0002,0.00085,0.00035,455.0085332,0.233610577,-0.925210802,0.299016838
0.0002,0.00085,0.0004,476.9829384,0.159356852,-0.96068697,0.227345417
0.0002,0.00085,0.00045,481.3979052,-0.000148566,-0.997549875,0.06995873
0.0002,0.00085,0.0005,486.4179503,-0.023193523,-0.997044774,0.07323782
0.0002,0.00085,0.00055,494.7809727,-0.083808755,-0.965205689,-0.247697537
0.0002,0.00085,0.0006,438.9409358,0.033948319,-0.845957193,-0.532169089
0.0002,0.00085,0.00065,360.9104977,-0.049481507,-0.849710765,-0.524922086
0.0002,0.00085,0.0007,306.2950971,-0.272467912,-0.912538268,-0.305016634
0.0002,0.00085,0.00075,301.9702627,-0.294657899,-0.954464123,-0.046636474
0.0002,0.00085,0.0008,297.6454282,-0.263482181,-0.96369731,0.043181414
0.0002,0.00085,0.00085,309.7645214,-0.292938445,-0.94952813,0.112175742
0.0002,0.00085,0.0009,318.053139,-0.399845073,-0.881068819,0.252669059
0.0002,0.00085,0.00095,347.7812733,-0.256911501,-0.742457129,0.618671069
0.0002,0.0009,5.00E-05,513.009438,-0.124258452,0.456654603,0.880923612
0.0002,0.0009,0.0001,421.6828936,0.096463971,0.479086882,-0.872450836
0.0002,0.0009,0.00015,396.9296014,0.345848135,0.028085518,-0.937870072
0.0002,0.0009,0.0002,390.1081343,0.11810951,-0.963809243,-0.239001854
0.0002,0.0009,0.00025,385.5406144,0.368008146,-0.929744515,0.012047421
0.0002,0.0009,0.0003,391.2980134,0.529390903,-0.846937258,0.049422185
0.0002,0.0009,0.00035,391.6981931,0.095585916,-0.989543719,0.108011855
0.0002,0.0009,0.0004,403.9638849,0.028953194,-0.992355514,0.119967691
0.0002,0.0009,0.00045,408.2031413,-0.04394448,-0.980076157,-0.193699793
0.0002,0.0009,0.0005,375.0318259,0.147367386,-0.978105965,-0.14694072
0.0002,0.0009,0.00055,380.4735807,-0.070685533,-0.973620924,-0.216946658
0.0002,0.0009,0.0006,324.6477993,0.024047947,-0.861534239,-0.507129619
0.0002,0.0009,0.00065,244.6518645,-0.178628234,-0.871362771,-0.45696704
0.0002,0.0009,0.0007,216.8642227,-0.198022171,-0.961788134,-0.189078832
0.0002,0.0009,0.00075,211.381893,-0.23562121,-0.969688557,-0.064705087
0.0002,0.0009,0.0008,208.7490485,-0.398545669,-0.912897215,-0.088204447
0.0002,0.0009,0.00085,204.5514253,-0.245964751,-0.730035208,0.637612685
0.0002,0.0009,0.0009,242.5290276,-0.412576328,-0.499910379,0.76149221
0.0002,0.0009,0.00095,263.7126743,-0.036752638,-0.056636135,0.997718193
0.0002,0.00095,5.00E-05,523.8816766,0.021938763,-0.987902109,0.153519097
0.0002,0.00095,0.0001,484.9728388,-0.04505682,-0.993430088,-0.105197636
0.0002,0.00095,0.00015,429.7326517,-0.066377666,-0.99089807,-0.117111145
0.0002,0.00095,0.0002,383.1004199,-0.055757122,-0.993740199,-0.09680682
0.0002,0.00095,0.00025,346.5414307,0.009367337,-0.998606244,-0.051940572
0.0002,0.00095,0.0003,338.5374683,0.053276158,-0.998540394,-0.008873082
0.0002,0.00095,0.00035,338.9709592,-0.011928222,-0.999926174,0.002316233
0.0002,0.00095,0.0004,340.4563764,-0.005448979,-0.999973606,-0.004805839
0.0002,0.00095,0.00045,335.0083775,-0.002327895,-0.998901208,-0.046807659
0.0002,0.00095,0.0005,301.8370621,-0.002534179,-0.996334785,-0.085501901
0.0002,0.00095,0.00055,268.6657467,-0.043345286,-0.991563751,-0.122157739
0.0002,0.00095,0.0006,208.2009939,-0.001779147,-0.987181977,-0.159588778
0.0002,0.00095,0.00065,155.3845239,0.046036209,-0.991971042,-0.117788455
0.0002,0.00095,0.0007,137.0605852,0.212543799,-0.97594908,0.048461604
0.0002,0.00095,0.00075,180.3539901,0.32964172,-0.924921223,0.189359627
0.0002,0.00095,0.0008,226.9515444,0.455231269,-0.867140017,0.202070982
0.0002,0.00095,0.00085,271.0881044,0.576467012,-0.807137166,0.127339619
0.0002,0.00095,0.0009,279.2144982,0.670281389,-0.727973199,0.144145348
0.0002,0.00095,0.00095,332.4272733,0.636344618,-0.593284463,0.493030498
0.00025,0,5.00E-05,-474.5498022,-0.016235706,-0.899739175,-0.436125921
0.00025,0,0.0001,-482.6743905,-0.029069516,-0.999536694,-0.009020041
0.00025,0,0.00015,-482.6387724,-0.03322658,-0.999440816,0.003748276
0.00025,0,0.0002,-479.5619646,-0.03285026,-0.999440542,0.006282009
0.00025,0,0.00025,-477.6526133,-0.021271636,-0.999617724,0.01766136
0.00025,0,0.0003,-466.8466538,-0.019700103,-0.999455874,0.026454885
0.00025,0,0.00035,-454.759058,-0.039097823,-0.998582922,0.036104137
0.00025,0,0.0004,-437.9636941,-0.041920401,-0.998156178,0.043896748
0.00025,0,0.00045,-420.3339287,-0.030163889,-0.99851922,0.045271482
0.00025,0,0.0005,-403.5464057,-0.03690522,-0.998677537,0.035793592
0.00025,0,0.00055,-394.7480275,-0.050077748,-0.998258669,0.031174479
0.00025,0,0.0006,-382.3160447,-0.041018237,-0.998757733,0.028293028
0.00025,0,0.00065,-377.3289588,-0.057203896,-0.989386519,0.133574065
0.00025,0,0.0007,-310.2253667,-0.079057602,-0.970239292,0.228879034
0.00025,0,0.00075,-246.7698332,-0.066727324,-0.978594913,0.194677838
0.00025,0,0.0008,-191.5410468,-0.049071965,-0.980387203,0.190873973
0.00025,0,0.00085,-133.6816704,-0.040477027,-0.975783137,0.214962508
0.00025,0,0.0009,-69.9624474,-0.007671162,-0.984921622,0.172830991
0.00025,0,0.00095,-37.02956062,-0.005282018,-0.8003504,-0.599509248
0.00025,5.00E-05,5.00E-05,-416.0787517,-0.01734812,0.254876807,-0.966817902
0.00025,5.00E-05,0.0001,-431.4855205,0.075926348,0.988527825,-0.130567719
0.00025,5.00E-05,0.00015,-429.035254,0.32636135,0.945108927,0.016043223
0.00025,5.00E-05,0.0002,-429.2208035,0.343587813,0.871550783,0.349780857
0.00025,5.00E-05,0.00025,-364.2637558,0.075250773,0.959744898,-0.270604974
0.00025,5.00E-05,0.0003,-492.7213219,-0.178608922,0.598857649,-0.780684551
0.00025,5.00E-05,0.00035,-481.1889254,0.735456664,0.500507886,0.456722401
0.00025,5.00E-05,0.0004,-463.6761856,0.64202214,0.511447696,0.571164447
0.00025,5.00E-05,0.00045,-447.0859822,0.464554621,0.645606121,0.606120236
0.00025,5.00E-05,0.0005,-435.0467733,0.579343356,0.604277652,0.547000727
0.00025,5.00E-05,0.00055,-430.8238508,0.81277147,0.389068382,0.433622338
0.00025,5.00E-05,0.0006,-406.1423838,0.086417577,0.461653632,0.882840827
0.00025,5.00E-05,0.00065,-327.2591705,0.030366587,0.766775627,0.641196545
0.00025,5.00E-05,0.0007,-302.3822497,-0.637452902,0.745786496,0.193536299
0.00025,5.00E-05,0.00075,-308.774935,-0.76534946,-0.05246122,0.641473323
0.00025,5.00E-05,0.0008,-247.6218451,-0.241806682,-0.354311588,0.903323213
0.00025,5.00E-05,0.00085,-172.0527374,-0.388048323,-0.243369348,0.88892624
0.00025,5.00E-05,0.0009,-103.8902558,-0.364085977,-0.312791413,0.877270159
0.00025,5.00E-05,0.00095,-39.01055044,-0.17026578,-0.06568657,-0.983206407
0.00025,0.0001,5.00E-05,-371.0838167,0.097004739,0.214105843,-0.971981877
0.00025,0.0001,0.0001,-384.5807487,0.346882965,0.917512494,0.194532855
0.00025,0.0001,0.00015,-349.2239151,0.542333258,0.775706518,0.322729043
0.00025,0.0001,0.0002,-318.1704855,0.396963438,0.841879309,0.365594391
0.00025,0.0001,0.00025,-252.4376156,0.077931022,0.963997687,-0.254234567
0.00025,0.0001,0.0003,-377.1541755,-0.155147921,0.86322485,-0.480387324
0.00025,0.0001,0.00035,-422.9293957,0.073227006,0.990655369,-0.115064089
0.00025,0.0001,0.0004,-407.4263037,0.024502605,0.990844451,0.132766325
0.00025,0.0001,0.00045,-389.8394447,0.147201114,0.98495376,0.090542378
0.00025,0.0001,0.0005,-385.5814523,-0.04654848,0.993223109,0.106494572
0.00025,0.0001,0.00055,-368.8135148,-0.245916415,0.931474683,0.268104515
0.00025,0.0001,0.0006,-328.1601772,0.19722668,0.851773755,0.485369042
0.00025,0.0001,0.00065,-253.2472829,0.208897021,0.851307998,0.481286532
0.00025,0.0001,0.0007,-238.9969029,0.089058724,0.995958225,0.011651487
0.00025,0.0001,0.00075,-251.2482698,0.024830799,0.998817008,-0.04180928
0.00025,0.0001,0.0008,-245.1677646,-0.228645748,0.650637677,0.724148973
0.00025,0.0001,0.00085,-173.0323629,-0.353132734,0.316110501,0.880551772
0.00025,0.0001,0.0009,-117.3987511,-0.279671195,-0.113112216,0.953409487
0.00025,0.0001,0.00095,-57.88641354,-0.263336972,-0.239082788,-0.934608506
0.00025,0.00015,5.00E-05,-344.1153048,0.163515921,0.726411373,-0.667524577
0.00025,0.00015,0.0001,-328.3834875,0.272802669,0.923241721,0.270561319
0.00025,0.00015,0.00015,-269.4125762,0.345449096,0.85548007,0.385770361
0.00025,0.00015,0.0002,-206.3443453,0.278906735,0.880204719,0.383993081
0.00025,0.00015,0.00025,-140.6114754,-0.049784956,0.996253038,0.070720172
0.00025,0.00015,0.0003,-186.3586561,-0.210761244,0.960385242,-0.182318085
0.00025,0.00015,0.00035,-220.5581186,-0.190797885,0.97935852,-0.066731226
0.00025,0.00015,0.0004,-216.7235476,-0.294659697,0.955289335,0.024452992
0.00025,0.00015,0.00045,-209.4495412,-0.239773531,0.969482876,-0.051103881
0.00025,0.00015,0.0005,-238.9481447,-0.149983044,0.986987418,-0.057973462
0.00025,0.00015,0.00055,-231.3252935,-0.26892283,0.959283022,0.086351581
0.00025,0.00015,0.0006,-203.3352934,-0.117999582,0.981696955,0.149489756
0.00025,0.00015,0.00065,-169.5456184,0.040036723,0.977814402,0.205611419
0.00025,0.00015,0.0007,-131.5084731,0.111680001,0.993462145,0.023675829
0.00025,0.00015,0.00075,-161.3540379,-0.067669665,0.989367511,-0.128735175
0.00025,0.00015,0.0008,-177.3459518,-0.131056854,0.985260056,0.109939636
0.00025,0.00015,0.00085,-126.1847622,-0.156929991,0.948509475,0.275141336
0.00025,0.00015,0.0009,-117.5511368,-0.361724925,0.921271771,0.142875483
0.00025,0.00015,0.00095,-103.9058862,-0.25554959,0.148925717,-0.955256791
0.00025,0.0002,5.00E-05,-126.8035487,0.010951329,0.978226993,-0.20724869
0.00025,0.0002,0.0001,-129.6711559,-0.020584903,0.994767723,0.10006717
0.00025,0.0002,0.00015,-78.59126845,0.14621552,0.958175917,0.246007993
0.00025,0.0002,0.0002,-22.92730938,0.155819999,0.955425073,0.250764944
0.00025,0.0002,0.00025,29.10586717,0.074354609,0.982023726,0.173495801
0.00025,0.0002,0.0003,43.97561049,-0.042068145,0.999013748,-0.014205726
0.00025,0.0002,0.00035,22.71077659,-0.110461956,0.993225991,-0.036059496
0.00025,0.0002,0.0004,26.54534766,-0.204776897,0.978634056,0.018488024
0.00025,0.0002,0.00045,31.77953918,-0.193618014,0.976891804,-0.090523304
0.00025,0.0002,0.0005,-13.15083344,-0.140215006,0.990060583,-0.010945019
0.00025,0.0002,0.00055,26.81101563,-0.068818659,0.978869149,0.192559553
0.00025,0.0002,0.0006,77.54600987,-0.033678754,0.992078299,0.121022272
0.00025,0.0002,0.00065,88.33539586,0.047460781,0.997433771,0.053603599
0.00025,0.0002,0.0007,104.7302449,0.034270248,0.999041945,0.027216585
0.00025,0.0002,0.00075,101.0261754,0.028248384,0.997407753,-0.066180084
0.00025,0.0002,0.0008,70.01321716,0.034698783,0.990698715,-0.131575262
0.00025,0.0002,0.00085,33.10150784,0.054948986,0.993095254,-0.103645674
0.00025,0.0002,0.0009,26.25710318,0.199449719,0.971484251,-0.128211386
0.00025,0.0002,0.00095,-22.56477911,0.086293908,0.951322833,-0.295868601
0.00025,0.00025,5.00E-05,161.4336037,-0.025437234,0.920002239,-0.391086726
0.00025,0.00025,0.0001,150.8947842,0.012134569,0.99953281,-0.028052004
0.00025,0.00025,0.00015,146.3437643,0.161855735,0.980775725,0.109003207
0.00025,0.00025,0.0002,203.9863096,0.136369274,0.969432237,0.203971955
0.00025,0.00025,0.00025,238.0735094,0.097951031,0.984871504,0.142946549
0.00025,0.00025,0.0003,263.3743315,0.044193292,0.997758321,0.050252223
0.00025,0.00025,0.00035,259.5426064,0.006498855,0.999978874,-0.000129346
0.00025,0.00025,0.0004,263.3169403,0.029231573,0.994656168,-0.09901829
0.00025,0.00025,0.00045,218.9359943,0.079188766,0.987437902,-0.136731595
0.00025,0.00025,0.0005,210.4927782,0.046569662,0.998623541,0.024130666
0.00025,0.00025,0.00055,229.7286536,0.107619975,0.972473317,0.206672663
0.00025,0.00025,0.0006,301.009911,0.1328397,0.960992833,0.242582745
0.00025,0.00025,0.00065,336.2874702,0.124549424,0.989662518,0.071102324
0.00025,0.00025,0.0007,334.3332502,0.092946362,0.994302756,0.052182394
0.00025,0.00025,0.00075,361.8703314,0.079520469,0.996833106,-0.000504476
0.00025,0.00025,0.0008,334.0942673,-0.041268364,0.99149683,-0.123413773
0.00025,0.00025,0.00085,293.0704514,-0.026192966,0.998541063,-0.047219427
0.00025,0.00025,0.0009,304.2438587,0.032398143,0.990245313,0.135515975
0.00025,0.00025,0.00095,388.2385733,0.31538471,0.933786334,-0.169043094
0.00025,0.0003,5.00E-05,431.5299437,0.012292531,0.730148105,-0.683178336
0.00025,0.0003,0.0001,408.0012899,0.055033871,0.993560376,-0.099040661
0.00025,0.0003,0.00015,399.1091645,0.151311912,0.988334729,0.017296503
0.00025,0.0003,0.0002,413.0432725,0.203196857,0.967346222,0.151500242
0.00025,0.0003,0.00025,438.2767843,0.145331838,0.964104181,0.222220126
0.00025,0.0003,0.0003,470.2447148,0.125248557,0.985798166,0.111869459
0.00025,0.0003,0.00035,466.4050162,0.204376613,0.968839936,-0.139926329
0.00025,0.0003,0.0004,434.4459198,0.345583757,0.909931272,-0.229340245
0.00025,0.0003,0.00045,413.2610825,0.301945911,0.953317584,-0.00377503
0.00025,0.0003,0.0005,433.4926041,0.275984435,0.950967471,0.139618986
0.00025,0.0003,0.00055,452.7284795,0.27452042,0.933701133,0.229871122
0.00025,0.0003,0.0006,499.6793286,0.333286581,0.857625728,0.39166078
0.00025,0.0003,0.00065,552.1579248,0.314314296,0.881289919,0.352894604
0.00025,0.0003,0.0007,592.1956019,0.273390181,0.959195852,0.072118839
0.00025,0.0003,0.00075,573.2507946,0.009668845,0.993947214,0.1094324
0.00025,0.0003,0.0008,622.7462022,-0.175767804,0.953485217,0.244891037
0.00025,0.0003,0.00085,664.3429363,-0.106945961,0.969910843,0.218713323
0.00025,0.0003,0.0009,721.6716968,-0.00463585,0.987324594,0.158646319
0.00025,0.0003,0.00095,766.312548,0.092978514,0.908869527,-0.406584775
0.00025,0.00035,5.00E-05,544.3794206,-0.147924146,0.2202367,-0.96416505
0.00025,0.00035,0.0001,476.1349552,-0.354353004,0.6179093,-0.701870391
0.00025,0.00035,0.00015,434.4463118,-0.027859559,0.955953906,-0.292191675
0.00025,0.00035,0.0002,454.0760024,0.335077904,0.741085496,0.581820494
0.00025,0.00035,0.00025,486.2425243,0.31045241,0.704874222,0.63778651
0.00025,0.00035,0.0003,511.2414398,0.182464016,0.913647124,0.363257231
0.00025,0.00035,0.00035,507.4109135,0.569597948,0.710634598,-0.412985042
0.00025,0.00035,0.0004,474.1710242,0.537666499,0.714252838,-0.448059838
0.00025,0.00035,0.00045,459.6791241,0.415403297,0.908351074,0.048357278
0.00025,0.00035,0.0005,479.3115959,0.402005266,0.848600953,0.343901423
0.00025,0.00035,0.00055,498.5689463,0.361257826,0.868229162,0.340104258
0.00025,0.00035,0.0006,518.7321207,0.322776696,0.699457987,0.637631342
0.00025,0.00035,0.00065,567.3299917,0.249213681,0.558293435,0.791328618
0.00025,0.00035,0.0007,614.8728901,0.379076302,0.549511164,0.744539212
0.00025,0.00035,0.00075,639.3538192,0.178630411,0.742254756,0.645870772
0.00025,0.00035,0.0008,688.7622524,-0.319832275,0.463180475,0.826541689
0.00025,0.00035,0.00085,731.7675948,-0.175463755,0.204836349,0.96294057
0.00025,0.00035,0.0009,938.844813,0.086332978,0.551841032,0.82946856
0.00025,0.00035,0.00095,1036.814255,0.084211483,0.556409737,-0.826629682
0.00025,0.0004,5.00E-05,559.6015419,-0.172351558,-0.067771457,-0.982701364
0.00025,0.0004,0.0001,504.7836748,-0.657679841,0.202374152,-0.725604527
0.00025,0.0004,0.00015,471.2787158,-0.433828781,0.833571726,-0.341980652
0.00025,0.0004,0.0002,479.0179541,-0.01407393,0.824023492,0.566380799
0.00025,0.0004,0.00025,501.4553599,-0.029427611,0.41339925,0.910074214
0.00025,0.0004,0.0003,523.4864297,-0.484575563,0.179075741,0.856223337
0.00025,0.0004,0.00035,530.1930889,-0.051448294,0.665020116,-0.745051218
0.00025,0.0004,0.0004,510.5352346,0.494543534,0.804212392,-0.329649999
0.00025,0.0004,0.00045,509.8224283,0.194939871,0.956889757,0.215314745
0.00025,0.0004,0.0005,529.4559762,0.138382637,0.890712411,0.43299151
0.00025,0.0004,0.00055,553.3624716,0.074872573,0.90029541,0.428791642
0.00025,0.0004,0.0006,575.107651,0.007951992,0.828493146,0.559942741
0.00025,0.0004,0.00065,619.9865855,-0.054179032,0.727238294,0.684243448
0.00025,0.0004,0.0007,645.3531746,-0.020479014,0.79061035,0.61197703
0.00025,0.0004,0.00075,658.1667452,0.220197619,0.743626188,0.631294782
0.00025,0.0004,0.0008,674.5333741,0.226938486,-0.170939902,0.958790109
0.00025,0.0004,0.00085,717.5404029,-0.183566886,-0.106389107,0.977233113
0.00025,0.0004,0.0009,924.6176211,0.010707315,-0.380159278,0.924859058
0.00025,0.0004,0.00095,1031.829732,0.222044987,-0.30155104,-0.927234056
0.00025,0.00045,5.00E-05,508.0319804,-0.014841226,-0.122516107,-0.992355552
0.00025,0.00045,0.0001,500.7685626,-0.157541823,-0.853987563,-0.495868749
0.00025,0.00045,0.00015,497.2497955,-0.132319936,0.981652687,-0.137293251
0.00025,0.00045,0.0002,497.9797924,-0.411635238,0.793938222,0.447457853
0.00025,0.00045,0.00025,506.4422335,-0.55467566,0.035614682,0.8313041
0.00025,0.00045,0.0003,517.2518227,-0.654915714,-0.538288204,0.530406651
0.00025,0.00045,0.00035,518.9709312,-0.606202508,-0.716917199,0.344308363
0.00025,0.00045,0.0004,523.8671799,0.273479108,0.504489355,0.818962556
0.00025,0.00045,0.00045,543.7656266,0.311054774,0.522177363,0.794087986
0.00025,0.00045,0.0005,568.8783797,0.188072824,0.581077782,0.791818934
0.00025,0.00045,0.00055,594.4196796,0.183573716,0.614656676,0.767136143
0.00025,0.00045,0.0006,617.3093816,0.058227485,0.683406314,0.727712423
0.00025,0.00045,0.00065,641.9894347,-0.052173545,0.423588902,0.904350796
0.00025,0.00045,0.0007,664.1976653,-0.018928061,0.52706763,0.849612524
0.00025,0.00045,0.00075,673.7262885,0.501915905,-0.024181577,0.864578323
0.00025,0.00045,0.0008,678.1766955,0.437461657,-0.372638982,0.818393235
0.00025,0.00045,0.00085,704.5415018,0.233471398,-0.313430997,0.92046299
0.00025,0.00045,0.0009,809.6575564,0.076457881,-0.627878929,0.774546476
0.00025,0.00045,0.00095,918.1053079,-0.007606071,-0.590536134,-0.806975354
0.00025,0.0005,5.00E-05,508.0771935,-0.01104887,0.060246659,-0.998122369
0.00025,0.0005,0.0001,486.2145437,0.493161684,-0.547418311,-0.676110011
0.00025,0.0005,0.00015,491.2185435,0.389121082,-0.847833474,0.360226572
0.00025,0.0005,0.0002,495.3283794,0.137186651,-0.813908944,0.564563595
0.00025,0.0005,0.00025,502.2810111,-0.460359575,-0.357583498,0.812528832
0.00025,0.0005,0.0003,510.7715624,-0.464214417,-0.335489711,0.819726558
0.00025,0.0005,0.00035,516.4186243,-0.163156247,-0.040019335,0.985788259
0.00025,0.0005,0.0004,525.8090219,-0.24371928,0.491575636,0.836034872
0.00025,0.0005,0.00045,539.4209489,-0.214369702,0.297315295,0.930402733
0.00025,0.0005,0.0005,566.6285462,0.277973924,-0.178908894,0.94378075
0.00025,0.0005,0.00055,592.1671074,0.310307626,-0.14323133,0.939783998
0.00025,0.0005,0.0006,619.7811648,0.238902873,-0.021573851,0.970803784
0.00025,0.0005,0.00065,641.9485904,0.148852881,0.067011247,0.986586191
0.00025,0.0005,0.0007,665.0415241,0.105516829,-0.140497471,0.984442309
0.00025,0.0005,0.00075,657.7757627,-0.551874646,-0.768251065,-0.324383532
0.00025,0.0005,0.0008,660.5022834,-0.066327895,-0.831330313,0.551806597
0.00025,0.0005,0.00085,672.769263,0.405351501,-0.122078389,0.905972973
0.00025,0.0005,0.0009,751.4940991,0.095616384,-0.579530194,0.8093221
0.00025,0.0005,0.00095,811.1032865,0.259202871,-0.619141135,-0.741267919
0.00025,0.00055,5.00E-05,527.6422625,-0.216296449,-0.119243362,-0.969018507
0.00025,0.00055,0.0001,487.118811,-0.214512212,-0.231072546,-0.948994199
0.00025,0.00055,0.00015,475.7993652,0.611361642,-0.773218244,-0.168435418
0.00025,0.00055,0.0002,482.0314716,0.429637971,-0.613223467,0.662848545
0.00025,0.00055,0.00025,499.6458871,0.323679002,-0.296265935,0.89858689
0.00025,0.00055,0.0003,511.4657179,0.203991192,0.050644155,0.977661886
0.00025,0.00055,0.00035,518.3604663,-0.157671109,0.109942964,0.981352315
0.00025,0.00055,0.0004,537.3921927,-0.387228518,0.229600046,0.892937788
0.00025,0.00055,0.00045,556.8097294,-0.644283634,0.40485156,0.648840361
0.00025,0.00055,0.0005,558.8794929,-0.152323841,-0.20200365,0.967466781
0.00025,0.00055,0.00055,586.318754,0.324243544,-0.359104133,0.875163039
0.00025,0.00055,0.0006,616.2031042,0.296480479,-0.309691808,0.903432515
0.00025,0.00055,0.00065,645.0636244,0.105471896,-0.208221487,0.972378266
0.00025,0.00055,0.0007,661.9388456,0.101388886,-0.880012534,0.464002408
0.00025,0.00055,0.00075,662.9758152,-0.067489852,-0.98360004,-0.167260517
0.00025,0.00055,0.0008,655.5880723,-0.226642297,-0.804212275,0.54943233
0.00025,0.00055,0.00085,692.2805022,0.077484001,-0.732368728,0.676485237
0.00025,0.00055,0.0009,710.6008972,0.122655509,-0.979647796,0.15888934
0.00025,0.00055,0.00095,714.792288,0.063759956,-0.719388208,-0.6916757
0.00025,0.0006,5.00E-05,480.0606482,-0.025790287,-0.354407096,-0.934735509
0.00025,0.0006,0.0001,473.5912102,0.780091851,-0.519015599,-0.349398785
0.00025,0.0006,0.00015,467.8646451,0.911565552,-0.410962081,-0.012586166
0.00025,0.0006,0.0002,473.2671605,0.637351433,-0.461481618,0.617104422
0.00025,0.0006,0.00025,492.5764799,0.53206674,-0.439851929,0.723488262
0.00025,0.0006,0.0003,511.7410019,0.586771564,-0.413627197,0.696140556
0.00025,0.0006,0.00035,519.3232218,-0.069112434,-0.482096658,0.87338782
0.00025,0.0006,0.0004,535.6954358,-0.352941094,-0.082913711,0.931964538
0.00025,0.0006,0.00045,552.8282021,-0.539370825,-0.268880281,0.797986533
0.00025,0.0006,0.0005,560.467166,-0.723152647,-0.038224562,0.689629706
0.00025,0.0006,0.00055,568.6456093,-0.211112374,-0.159264176,0.964399548
0.00025,0.0006,0.0006,599.6437391,-0.210256298,-0.015365771,0.977525541
0.00025,0.0006,0.00065,632.1549078,-0.6596512,-0.463684973,0.591486721
0.00025,0.0006,0.0007,631.0698202,-0.114121204,-0.979882825,-0.163725381
0.00025,0.0006,0.00075,620.4291074,-0.163049387,-0.973566368,-0.159948191
0.00025,0.0006,0.0008,617.6085771,-0.273022031,-0.958550212,-0.081489033
0.00025,0.0006,0.00085,613.2119063,-0.172804588,-0.98423572,-0.037664607
0.00025,0.0006,0.0009,612.6954779,-0.182032562,-0.982131405,0.047770802
0.00025,0.0006,0.00095,620.8142764,-0.148265681,-0.768623996,-0.622281641
0.00025,0.00065,5.00E-05,471.8223019,0.372964072,-0.13984751,-0.917246137
0.00025,0.00065,0.0001,469.0022172,0.95098675,-0.228924203,-0.207889177
0.00025,0.00065,0.00015,465.2185311,0.947160089,-0.242167904,-0.210338945
0.00025,0.00065,0.0002,463.5515238,0.90965038,-0.174405936,0.376986413
0.00025,0.00065,0.00025,476.2553302,0.734459846,-0.32445729,0.596067279
0.00025,0.00065,0.0003,495.5735539,0.686477742,-0.553862023,0.471153021
0.00025,0.00065,0.00035,505.1379868,0.278713982,-0.623981541,0.730044898
0.00025,0.00065,0.0004,534.4113687,-0.203949731,-0.309382705,0.928809372
0.00025,0.00065,0.00045,548.4629347,-0.451657463,-0.332172294,0.828050182
0.00025,0.00065,0.0005,558.002771,-0.624594926,0.079177421,0.776924781
0.00025,0.00065,0.00055,579.8490033,-0.650948774,0.371238118,0.662154025
0.00025,0.00065,0.0006,615.2047985,-0.835137684,0.02524059,0.54946152
0.00025,0.00065,0.00065,620.4277348,-0.536794484,-0.770147706,-0.344563771
0.00025,0.00065,0.0007,591.7609027,-0.057290454,-0.901497674,-0.42897523
0.00025,0.00065,0.00075,581.0404493,-0.332007535,-0.90720697,-0.258353459
0.00025,0.00065,0.0008,570.6926034,-0.392173534,-0.902322999,-0.178922117
0.00025,0.00065,0.00085,563.8934534,-0.345705915,-0.925170486,-0.156674798
0.00025,0.00065,0.0009,554.3019417,-0.397555244,-0.91125724,-0.107517765
0.00025,0.00065,0.00095,550.9656443,-0.182924655,-0.826826659,-0.531879917
0.00025,0.0007,5.00E-05,467.564132,0.746270767,-0.301901474,-0.593241471
0.00025,0.0007,0.0001,466.3192445,0.842293452,-0.511442364,-0.170201202
0.00025,0.0007,0.00015,461.5891406,0.806456751,-0.588005033,0.062270301
0.00025,0.0007,0.0002,468.1611853,0.895765166,0.078577215,0.437527586
0.00025,0.0007,0.00025,475.1459289,0.969276189,0.087354475,0.229941003
0.00025,0.0007,0.0003,477.7881121,0.938470824,-0.257913456,0.229680564
0.00025,0.0007,0.00035,486.1278942,0.351231315,-0.368314179,0.860802665
0.00025,0.0007,0.0004,521.2640681,-0.143032123,-0.21505007,0.966072088
0.00025,0.0007,0.00045,543.3645121,-0.397256698,-0.471445466,0.787353979
0.00025,0.0007,0.0005,563.6657613,-0.572683767,-0.528474466,0.626696132
0.00025,0.0007,0.00055,600.7160525,-0.807886726,-0.388775887,0.442913477
0.00025,0.0007,0.0006,601.5078025,-0.476294317,-0.85779734,-0.193203126
0.00025,0.0007,0.00065,579.7545567,-0.09790697,-0.920533534,-0.37819603
0.00025,0.0007,0.0007,548.2968679,0.007361954,-0.962918547,-0.269691811
0.00025,0.0007,0.00075,546.4478724,-0.117204733,-0.981937294,-0.148533501
0.00025,0.0007,0.0008,531.1344788,-0.273886027,-0.932726931,-0.234535535
0.00025,0.0007,0.00085,516.4244416,-0.273792591,-0.93832542,-0.211146923
0.00025,0.0007,0.0009,503.1269837,-0.24728236,-0.951820368,-0.181354411
0.00025,0.0007,0.00095,492.596679,-0.163258736,-0.952973679,-0.255318924
0.00025,0.00075,5.00E-05,458.4496761,0.439281684,-0.568998009,0.695178299
0.00025,0.00075,0.0001,451.047798,0.661927264,-0.669782417,-0.336517178
0.00025,0.00075,0.00015,447.8254811,0.470430459,-0.635301542,0.612443577
0.00025,0.00075,0.0002,465.9862381,0.617555446,-0.095072547,0.780760195
0.00025,0.00075,0.00025,479.912595,0.939079249,0.07272643,0.335918189
0.00025,0.00075,0.0003,483.2416588,0.96584677,0.218549348,0.139198417
0.00025,0.00075,0.00035,486.5358011,0.319450367,0.128855036,0.93880128
0.00025,0.00075,0.0004,521.670354,-0.19224972,-0.033858634,0.980761764
0.00025,0.00075,0.00045,523.0739908,-0.707235107,-0.651775753,-0.273873825
0.00025,0.00075,0.0005,509.6398992,-0.843620569,-0.502439885,0.189363399
0.00025,0.00075,0.00055,546.6324183,-0.743338313,-0.662300218,0.093843349
0.00025,0.00075,0.0006,522.1384194,-0.561588264,-0.749227542,-0.351107836
0.00025,0.00075,0.00065,490.9117014,-0.284614775,-0.921374485,-0.264695084
0.00025,0.00075,0.0007,472.8413701,-0.027777199,-0.988261603,-0.150224605
0.00025,0.00075,0.00075,467.5819376,-0.077474234,-0.988693575,-0.128385195
0.00025,0.00075,0.0008,451.2920937,-0.142032694,-0.974103242,-0.175924948
0.00025,0.00075,0.00085,439.4296714,-0.257267406,-0.955724998,-0.142839808
0.00025,0.00075,0.0009,429.2443289,-0.2993356,-0.945400545,-0.128903098
0.00025,0.00075,0.00095,418.2278861,-0.42527896,-0.8674343,0.258254798
0.00025,0.0008,5.00E-05,440.7012904,0.308934522,-0.108718061,0.944849112
0.00025,0.0008,0.0001,445.1735216,0.381330789,-0.894263846,0.23426268
0.00025,0.0008,0.00015,446.0931596,0.031185617,-0.57156185,0.819966163
0.00025,0.0008,0.0002,464.253963,0.351443513,-0.5067209,0.787223848
0.00025,0.0008,0.00025,478.8817348,0.817219615,-0.328235603,0.47372301
0.00025,0.0008,0.0003,488.1869184,0.943214497,-0.214374796,0.253751572
0.00025,0.0008,0.00035,491.4024193,0.381381046,-0.710260844,0.591673923
0.00025,0.0008,0.0004,520.0026678,0.026033055,-0.9100278,0.413728997
0.00025,0.0008,0.00045,514.7339603,-0.372080115,-0.882740689,-0.286923795
0.00025,0.0008,0.0005,501.1579394,-0.908101705,-0.418209119,-0.021270306
0.00025,0.0008,0.00055,512.5076417,-0.798930358,-0.587850521,-0.127051358
0.00025,0.0008,0.0006,482.6055979,-0.6252106,-0.518625694,-0.583214451
0.00025,0.0008,0.00065,408.1569478,-0.351499423,-0.780633624,-0.516777805
0.00025,0.0008,0.0007,394.8206129,-0.038867141,-0.987214295,-0.154587453
0.00025,0.0008,0.00075,380.4970314,-0.107253668,-0.988187593,-0.109462011
0.00025,0.0008,0.0008,375.2542915,-0.111858881,-0.991303244,-0.069321491
0.00025,0.0008,0.00085,368.9053417,-0.224838158,-0.958554164,-0.17499062
0.00025,0.0008,0.0009,347.6289413,-0.368395861,-0.915184625,0.163467404
0.00025,0.0008,0.00095,394.5008447,-0.36704109,-0.723177262,0.585060241
0.00025,0.00085,5.00E-05,452.6190783,0.139756271,0.375793271,0.91610458
0.00025,0.00085,0.0001,430.4651184,0.507691226,-0.604698278,-0.613668975
0.00025,0.00085,0.00015,434.5253562,0.084374644,-0.945506538,0.314481009
0.00025,0.00085,0.0002,444.8808608,0.192185319,-0.898412296,0.394867256
0.00025,0.00085,0.00025,463.3298074,0.50622212,-0.789738128,0.346486442
0.00025,0.00085,0.0003,472.6639147,0.633771406,-0.752706046,-0.178234153
0.00025,0.00085,0.00035,448.3433438,0.138211762,-0.990221407,-0.018949253
0.00025,0.00085,0.0004,470.3508887,-0.021475238,-0.99239766,0.121184566
0.00025,0.00085,0.00045,465.0968944,-0.09761854,-0.994626678,-0.034473065
0.00025,0.00085,0.0005,465.8668215,-0.540499569,-0.840751579,-0.031575279
0.00025,0.00085,0.00055,460.7930873,-0.485249906,-0.854039038,-0.187482935
0.00025,0.00085,0.0006,429.3441635,-0.335765681,-0.803927195,-0.490879285
0.00025,0.00085,0.00065,358.3055594,-0.237615132,-0.757228214,-0.608395004
0.00025,0.00085,0.0007,296.201776,-0.06193851,-0.940266919,-0.334756242
0.00025,0.00085,0.00075,290.943524,-0.113644814,-0.991743526,-0.05941073
0.00025,0.00085,0.0008,285.5299396,-0.13523187,-0.990687049,-0.015859107
0.00025,0.00085,0.00085,288.1050203,-0.253611673,-0.967302169,0.002762743
0.00025,0.00085,0.0009,285.9459693,-0.379773143,-0.917174554,0.120678076
0.00025,0.00085,0.00095,303.1836534,-0.329917218,-0.564275541,0.756800993
0.00025,0.0009,5.00E-05,492.9131439,-0.236552909,0.298271138,0.924703763
0.00025,0.0009,0.0001,427.344296,0.116528849,0.354145813,-0.927901811
0.00025,0.0009,0.00015,402.7513415,0.251709621,-0.737261394,-0.626967227
0.00025,0.0009,0.0002,398.7173231,0.309154376,-0.939296703,0.148812891
0.00025,0.0009,0.00025,415.5564951,0.419152725,-0.882324535,0.214043004
0.00025,0.0009,0.0003,424.8971305,0.502298573,-0.789088092,-0.353604478
0.00025,0.0009,0.00035,370.5318069,0.041370349,-0.951025063,-0.306332864
0.00025,0.0009,0.0004,382.8054568,-0.216751508,-0.971569527,0.095244102
0.00025,0.0009,0.00045,385.3583794,-0.273135555,-0.96168615,0.023594885
0.00025,0.0009,0.0005,386.5609294,-0.119270876,-0.97172672,-0.203768594
0.00025,0.0009,0.00055,346.1363631,-0.333366004,-0.892877956,-0.30271449
0.00025,0.0009,0.0006,314.7588109,-0.224474443,-0.881899985,-0.414564398
0.00025,0.0009,0.00065,242.4436008,-0.048395598,-0.81057684,-0.583629208
0.00025,0.0009,0.0007,205.6134063,0.073270707,-0.745610726,-0.662341338
0.00025,0.0009,0.00075,202.3520292,0.988665508,-0.056590097,-0.139061403
0.00025,0.0009,0.0008,197.938584,0.860708614,0.466338124,0.204228883
0.00025,0.0009,0.00085,223.2434513,0.77448826,0.59083083,0.226024037
0.00025,0.0009,0.0009,233.0286835,0.4812107,0.841487266,0.24563274
0.00025,0.0009,0.00095,270.2283351,0.239678437,0.588240168,0.772352091
0.00025,0.00095,5.00E-05,503.2981804,-0.041981391,-0.998418138,-0.037400341
0.00025,0.00095,0.0001,464.8765447,-0.043847379,-0.992768474,-0.111750453
0.00025,0.00095,0.00015,400.8624133,-0.028191184,-0.993184091,-0.11309562
0.00025,0.00095,0.0002,364.0556144,-0.011594231,-0.998596549,-0.051676942
0.00025,0.00095,0.00025,355.4118377,0.04949513,-0.998732962,0.009094058
0.00025,0.00095,0.0003,372.1888146,0.07711729,-0.99613014,-0.042162389
0.00025,0.00095,0.00035,317.6677248,0.012904394,-0.997854875,-0.064180408
0.00025,0.00095,0.0004,319.1074441,-0.059102294,-0.998228387,-0.006856158
0.00025,0.00095,0.00045,312.0304147,-0.06215238,-0.996821608,-0.049837375
0.00025,0.00095,0.0005,278.8258234,-0.058991573,-0.995097879,-0.079373831
0.00025,0.00095,0.00055,249.0076229,-0.027407964,-0.995183889,-0.094116046
0.00025,0.00095,0.0006,208.7592654,0.005670991,-0.998148783,-0.060554487
0.00025,0.00095,0.00065,206.7183258,0.146910653,-0.986852815,0.067370474
0.00025,0.00095,0.0007,251.069902,0.345680804,-0.92696517,0.145740715
0.00025,0.00095,0.00075,287.820307,0.436442024,-0.885043882,0.16191259
0.00025,0.00095,0.0008,333.2336065,0.469082335,-0.859496001,0.203047745
0.00025,0.00095,0.00085,379.8311608,0.497838205,-0.826373044,0.263181903
0.00025,0.00095,0.0009,446.9065213,0.577125071,-0.758168424,0.303491833
0.00025,0.00095,0.00095,501.1173166,0.571526104,-0.807103233,0.148129278
0.0003,0,5.00E-05,-485.2180219,-0.020936504,-0.892479883,-0.450601067
0.0003,0,0.0001,-493.4789232,-0.020613674,-0.999751084,-0.008535015
0.0003,0,0.00015,-492.6210049,-0.020771572,-0.999774109,0.004502455
0.0003,0,0.0002,-489.939304,-0.022895798,-0.99970512,0.00809041
0.0003,0,0.00025,-486.5384923,-0.021462404,-0.999644008,0.015849972
0.0003,0,0.0003,-477.6999859,-0.022963523,-0.999510604,0.021242135
0.0003,0,0.00035,-467.9793992,-0.036980451,-0.998819718,0.031489939
0.0003,0,0.0004,-453.424495,-0.047207586,-0.998057345,0.040656848
0.0003,0,0.00045,-438.8861398,-0.049902944,-0.997910314,0.041045107
0.0003,0,0.0005,-424.4247235,-0.058190853,-0.997584908,0.037923286
0.0003,0,0.00055,-413.6813909,-0.063582302,-0.997241214,0.03830472
0.0003,0,0.0006,-401.3391201,-0.061254495,-0.996944112,0.048480134
0.0003,0,0.00065,-385.3397533,-0.009585515,-0.991714348,0.128104531
0.0003,0,0.0007,-331.082695,-0.042800537,-0.981924768,0.184368824
0.0003,0,0.00075,-268.3676696,-0.035803263,-0.985680292,0.164780121
0.0003,0,0.0008,-209.6889689,-0.022766238,-0.985763296,0.166590582
0.0003,0,0.00085,-149.6082681,-0.017087425,-0.979836691,0.199068026
0.0003,0,0.0009,-71.54038911,-0.001903318,-0.983762457,0.179465333
0.0003,0,0.00095,-34.27034066,0.007360097,-0.83378399,-0.552041744
0.0003,5.00E-05,5.00E-05,-426.3264122,-0.056901676,0.320429385,-0.945561848
0.0003,5.00E-05,0.0001,-422.3700102,0.18902641,0.939109809,0.286952579
0.0003,5.00E-05,0.00015,-381.3744397,0.185751582,0.96282691,0.196113974
0.0003,5.00E-05,0.0002,-378.6927387,0.196529614,0.980497201,0.001162078
0.0003,5.00E-05,0.00025,-381.1161965,-0.097478595,0.907001333,-0.409690743
0.0003,5.00E-05,0.0003,-465.691365,0.551086185,0.804671336,-0.220925457
0.0003,5.00E-05,0.00035,-420.3431215,0.616222083,0.739344949,0.271365788
0.0003,5.00E-05,0.0004,-422.3297258,0.548141547,0.836385363,0.000607717
0.0003,5.00E-05,0.00045,-420.2847498,0.57866701,0.800815297,0.154399971
0.0003,5.00E-05,0.0005,-408.0217022,0.512229647,0.658323113,0.551571815
0.0003,5.00E-05,0.00055,-352.7589763,0.559133328,0.765265443,0.318965083
0.0003,5.00E-05,0.0006,-370.6552025,0.513771656,0.768392096,0.38159176
0.0003,5.00E-05,0.00065,-296.2376124,0.241151452,0.885457265,0.397254842
0.0003,5.00E-05,0.0007,-293.5528672,0.249163553,0.9497689,-0.189358286
0.0003,5.00E-05,0.00075,-324.3223111,-0.081760362,0.777645842,0.623363608
0.0003,5.00E-05,0.0008,-263.217087,-0.051170537,-0.344145394,0.937520946
0.0003,5.00E-05,0.00085,-193.8706512,-0.054235081,-0.248671692,0.967068222
0.0003,5.00E-05,0.0009,-122.3855294,-0.148628092,-0.40652528,0.901469294
0.0003,5.00E-05,0.00095,-74.80101727,-0.024511428,-0.19082786,-0.98131744
0.0003,0.0001,5.00E-05,-367.4348026,-0.025534611,0.397710147,-0.917155724
0.0003,0.0001,0.0001,-346.3645863,0.322332759,0.80584159,0.496710101
0.0003,0.0001,0.00015,-278.1862476,0.358002416,0.857492302,0.369514846
0.0003,0.0001,0.0002,-272.0480358,0.19630749,0.978004612,-0.0705007
0.0003,0.0001,0.00025,-293.9349947,-0.134458376,0.932778232,-0.334433425
0.0003,0.0001,0.0003,-334.8247256,0.349705099,0.914972664,-0.201324036
0.0003,0.0001,0.00035,-349.8391973,0.587604037,0.78956838,-0.1769273
0.0003,0.0001,0.0004,-373.0890126,0.443058238,0.890666057,-0.102045933
0.0003,0.0001,0.00045,-364.6757362,0.390738803,0.899516827,0.195429442
0.0003,0.0001,0.0005,-343.8300009,0.467385131,0.847812142,0.250530858
0.0003,0.0001,0.00055,-324.0311675,0.527895477,0.744679856,0.408384962
0.0003,0.0001,0.0006,-287.5248981,0.37648793,0.771682314,0.512604374
0.0003,0.0001,0.00065,-213.4832629,0.362779759,0.803990131,0.471158906
0.0003,0.0001,0.0007,-190.2175979,0.370575668,0.925626294,-0.076743981
0.0003,0.0001,0.00075,-230.5237964,-0.000124602,0.930954699,-0.365134677
0.0003,0.0001,0.0008,-257.5751927,-0.105061915,0.82537222,0.554727584
0.0003,0.0001,0.00085,-185.8216613,0.112896661,0.337518274,0.934524349
0.0003,0.0001,0.0009,-125.2358578,0.010881955,-0.181719821,0.983290135
0.0003,0.0001,0.00095,-93.3749545,0.085875445,-0.171062548,-0.981510577
0.0003,0.00015,5.00E-05,-316.6214395,0.087368453,0.820171982,-0.565406644
0.0003,0.00015,0.0001,-277.5769059,0.290315174,0.866319049,0.406458369
0.0003,0.00015,0.00015,-208.9162269,0.31818194,0.844501562,0.430786914
0.0003,0.00015,0.0002,-160.2218957,0.143641237,0.989577604,0.010166685
0.0003,0.00015,0.00025,-206.02386,-0.094116093,0.982826201,-0.15872876
0.0003,0.00015,0.0003,-211.6192819,0.027610745,0.992117044,-0.122235092
0.0003,0.00015,0.00035,-249.5821874,0.03766256,0.972489081,-0.229883706
0.0003,0.00015,0.0004,-292.8350831,-0.115086976,0.987251938,-0.109948161
0.0003,0.00015,0.00045,-285.6122405,-0.184862807,0.980379713,0.068420472
0.0003,0.00015,0.0005,-270.4779314,-0.029357675,0.993290812,0.111854773
0.0003,0.00015,0.00055,-250.088017,0.014306149,0.97878802,0.204375501
0.0003,0.00015,0.0006,-204.2347287,0.052664291,0.938169457,0.342146961
0.0003,0.00015,0.00065,-130.1914907,0.170118654,0.926295928,0.336207521
0.0003,0.00015,0.0007,-88.02318832,0.214056344,0.974155433,-0.072118468
0.0003,0.00015,0.00075,-152.5860356,-0.0632704,0.949487457,-0.307360415
0.0003,0.00015,0.0008,-196.7053405,-0.037669378,0.999102711,0.019359537
0.0003,0.00015,0.00085,-146.0742038,-0.0838783,0.964645799,0.24984578
0.0003,0.00015,0.0009,-139.4704145,0.475311225,0.870186431,0.129826093
0.0003,0.00015,0.00095,-117.0126547,0.664007761,0.404971117,-0.628563512
0.0003,0.0002,5.00E-05,-134.5222581,-0.022614428,0.959544789,-0.280646372
0.0003,0.0002,0.0001,-116.8033707,0.12427862,0.973180522,0.193583306
0.0003,0.0002,0.00015,-48.12705576,0.166759457,0.942990715,0.28802742
0.0003,0.0002,0.0002,9.481443136,0.176689452,0.967887015,0.178817127
0.0003,0.0002,0.00025,24.31040664,0.030023221,0.999347979,0.020055484
0.0003,0.0002,0.0003,18.71498469,-0.077568095,0.994928185,-0.064039812
0.0003,0.0002,0.00035,-6.267739473,-0.091231939,0.986901351,-0.133050579
0.0003,0.0002,0.0004,-49.56618792,-0.181583646,0.980834341,-0.07064967
0.0003,0.0002,0.00045,-44.32573936,-0.132791078,0.990341335,0.039881945
0.0003,0.0002,0.0005,-28.36840732,-0.008556597,0.997374339,0.071911137
0.0003,0.0002,0.00055,-6.781531774,-0.047154539,0.990099958,0.132206363
0.0003,0.0002,0.0006,41.23224946,-0.126951472,0.969223649,0.210923783
0.0003,0.0002,0.00065,106.6948117,-0.010042932,0.98992534,0.141233711
0.0003,0.0002,0.0007,112.2814452,0.067276486,0.997729188,-0.003215817
0.0003,0.0002,0.00075,105.2134529,-0.008671047,0.997835321,-0.065188079
0.0003,0.0002,0.0008,78.48598568,-0.077012563,0.988549087,-0.129768129
0.0003,0.0002,0.00085,35.16038164,-0.007488322,0.999784079,-0.019383486
0.0003,0.0002,0.0009,69.55522841,0.126895415,0.991483123,-0.029304778
0.0003,0.0002,0.00095,20.75996919,0.121345936,0.930356857,-0.345993183
0.0003,0.00025,5.00E-05,153.7148943,-0.017557276,0.899839934,-0.435866763
0.0003,0.00025,0.0001,156.7483977,0.115341795,0.98897412,0.092878744
0.0003,0.00025,0.00015,204.5354048,0.175199423,0.972451547,0.153763297
0.0003,0.00025,0.0002,231.8617967,0.155697346,0.981355305,0.112694729
0.0003,0.00025,0.00025,254.0757966,0.11365609,0.990892303,0.072213136
0.0003,0.00025,0.0003,263.4454983,-0.025167659,0.999664842,0.006065633
0.0003,0.00025,0.00035,256.8927355,-0.042060506,0.997461298,-0.05746193
0.0003,0.00025,0.0004,235.5268087,-0.09422562,0.995076297,-0.030735914
0.0003,0.00025,0.00045,240.767262,0.055344107,0.998030443,0.029534128
0.0003,0.00025,0.0005,250.2429337,0.112248657,0.991866754,0.060004841
0.0003,0.00025,0.00055,271.1547256,0.111813242,0.984968254,0.131663732
0.0003,0.00025,0.0006,317.2045989,-0.037842622,0.981097802,0.189776287
0.0003,0.00025,0.00065,367.8015074,0.016719009,0.993627421,0.111467591
0.0003,0.00025,0.0007,371.5784461,0.119508673,0.992815679,-0.005891075
0.0003,0.00025,0.00075,364.7217849,0.043811339,0.996635377,-0.06927115
0.0003,0.00025,0.0008,336.9457207,-0.008547718,0.995094216,-0.098561849
0.0003,0.00025,0.00085,314.5668251,0.064153107,0.997773656,0.018223899
0.0003,0.00025,0.0009,347.7458966,0.116926728,0.975548097,0.186102257
0.0003,0.00025,0.00095,431.7406112,0.025524154,0.965994059,-0.257301372
0.0003,0.0003,5.00E-05,433.1947521,0.014859952,0.730550081,-0.682697415
0.0003,0.0003,0.0001,424.3341103,0.141018357,0.989799834,-0.020251227
0.0003,0.0003,0.00015,426.9157055,0.208993514,0.975907559,0.062658975
0.0003,0.0003,0.0002,440.883397,0.2317052,0.965505628,0.11879218
0.0003,0.0003,0.00025,457.6948101,0.199014813,0.966479103,0.162207421
0.0003,0.0003,0.0003,482.9690286,0.101341761,0.991631885,0.079975323
0.0003,0.0003,0.00035,478.362908,0.067586681,0.996888903,-0.040553111
0.0003,0.0003,0.0004,472.4965891,0.151363949,0.984386987,-0.08983994
0.0003,0.0003,0.00045,452.9681368,0.3167417,0.948497295,0.005251424
0.0003,0.0003,0.0005,473.9296466,0.304188108,0.941716388,0.143665724
0.0003,0.0003,0.00055,494.1545515,0.306727038,0.923560762,0.230117454
0.0003,0.0003,0.0006,540.8728871,0.247056848,0.899517233,0.360321609
0.0003,0.0003,0.00065,591.3858802,0.244487247,0.907467618,0.341655539
0.0003,0.0003,0.0007,631.303333,0.220986339,0.974380484,0.041805617
0.0003,0.0003,0.00075,603.4901408,0.202390762,0.96726212,-0.153107708
0.0003,0.0003,0.0008,584.8574769,-0.050323852,0.996075012,0.072815391
0.0003,0.0003,0.00085,626.4790179,-0.103863358,0.961952557,0.252704731
0.0003,0.0003,0.0009,683.7802552,-0.041702921,0.973664582,0.224138682
0.0003,0.0003,0.00095,749.2162303,-0.028956222,0.917018716,-0.397791669
0.0003,0.00035,5.00E-05,501.3691462,-0.110708905,0.150124611,-0.982449052
0.0003,0.00035,0.0001,463.643348,0.144620025,0.783801131,-0.603937775
0.0003,0.00035,0.00015,462.2889656,0.737825296,0.617373937,0.272879561
0.0003,0.00035,0.0002,482.0247167,0.508052016,0.64071747,0.575642486
0.0003,0.00035,0.00025,504.8342595,0.329154714,0.761328756,0.558601558
0.0003,0.00035,0.0003,519.7138582,0.199646791,0.941175579,0.272634715
0.0003,0.00035,0.00035,514.3294289,0.122175985,0.982470732,-0.140798756
0.0003,0.00035,0.0004,513.7803586,0.44211608,0.874533136,-0.199311731
0.0003,0.00035,0.00045,499.602039,0.691426947,0.719380703,0.066484439
0.0003,0.00035,0.0005,520.2163171,0.651454909,0.654569388,0.383595383
0.0003,0.00035,0.00055,539.8268716,0.651031605,0.655542998,0.382650267
0.0003,0.00035,0.0006,559.9356854,0.749012308,0.344349697,0.566042268
0.0003,0.00035,0.00065,607.992846,0.696752641,0.086444043,0.712083693
0.0003,0.00035,0.0007,653.6973614,0.764208282,0.182965383,0.618473419
0.0003,0.00035,0.00075,658.1447468,0.414141093,0.909525386,-0.035365625
0.0003,0.00035,0.0008,651.4210774,-0.377504226,0.881051138,0.285025351
0.0003,0.00035,0.00085,691.128906,-0.316825144,0.199761014,0.927209451
0.0003,0.00035,0.0009,880.9197138,-0.36959029,0.393402726,0.841805983
0.0003,0.00035,0.00095,1009.408809,-0.177531179,0.570340329,-0.801994133
0.0003,0.0004,5.00E-05,516.5912676,-0.112181587,0.007315419,-0.993660795
0.0003,0.0004,0.0001,475.0530602,-0.1291178,0.607597173,-0.783679953
0.0003,0.0004,0.00015,468.5024697,0.481052087,0.810991754,0.332988386
0.0003,0.0004,0.0002,488.238333,0.403393503,0.281760638,0.870565692
0.0003,0.0004,0.00025,509.0620625,0.170484807,-0.10684074,0.979550911
0.0003,0.0004,0.0003,515.7477654,-0.543288049,-0.554199823,0.630635117
0.0003,0.0004,0.00035,519.7658996,-0.694029092,0.054855762,0.71785407
0.0003,0.0004,0.0004,537.1169224,0.635332007,0.766068908,0.097425191
0.0003,0.0004,0.00045,522.6070543,0.573422352,0.815532647,0.078059644
0.0003,0.0004,0.0005,542.5695344,0.492218119,0.712127029,0.500596063
0.0003,0.0004,0.00055,562.2003782,0.42991542,0.759386862,0.488369046
0.0003,0.0004,0.0006,582.3414027,0.589217091,0.684288279,0.429619333
0.0003,0.0004,0.00065,602.7681636,0.408204835,0.45799465,0.789689631
0.0003,0.0004,0.0007,646.1399637,0.364842881,0.1736746,0.914727722
0.0003,0.0004,0.00075,662.0311131,-0.000199255,0.43113568,0.902287086
0.0003,0.0004,0.0008,686.8158848,-0.126482907,0.934371614,0.333094222
0.0003,0.0004,0.00085,675.9229492,-0.44085893,0.206380134,0.873527701
0.0003,0.0004,0.0009,832.5225831,-0.435602109,-0.161376573,0.885555421
0.0003,0.0004,0.00095,1019.134658,-0.295334074,-0.336868621,-0.894034293
0.0003,0.00045,5.00E-05,505.3747231,0.003794452,-0.026470295,-0.999642399
0.0003,0.00045,0.0001,500.9272131,0.077596393,0.919376215,-0.385650328
0.0003,0.00045,0.00015,494.4016397,-0.034023381,0.969316031,-0.243451927
0.0003,0.00045,0.0002,495.1519245,-0.05037856,0.474151827,0.879000595
0.0003,0.00045,0.00025,501.8337742,-0.121634009,-0.542027689,0.831511366
0.0003,0.00045,0.0003,510.3073655,-0.327247945,-0.300384198,0.895923052
0.0003,0.00045,0.00035,515.9623811,0.391161433,-0.066202131,0.917937913
0.0003,0.00045,0.0004,536.1207847,0.539933327,-0.197895122,0.818113393
0.0003,0.00045,0.00045,556.5685183,0.479955404,0.456778073,0.748997064
0.0003,0.00045,0.0005,576.5401243,0.353104869,0.536400255,0.766545314
0.0003,0.00045,0.00055,601.6699276,0.235418052,0.617632794,0.750405272
0.0003,0.00045,0.0006,624.5511669,0.039502762,0.717430505,0.695509168
0.0003,0.00045,0.00065,644.9939645,-0.029082233,0.741674703,0.670128986
0.0003,0.00045,0.0007,664.9493097,0.021985509,0.516400456,0.856064955
0.0003,0.00045,0.00075,677.5807347,0.406099317,-0.216470083,0.887819828
0.0003,0.00045,0.0008,690.3894427,0.402684328,-0.370150115,0.837158423
0.0003,0.00045,0.00085,725.5536505,0.118342151,0.190406028,0.974546397
0.0003,0.00045,0.0009,818.3755433,-0.223678298,-0.352358014,0.908741904
0.0003,0.00045,0.00095,890.3671264,-0.256653294,-0.479520991,-0.839159524
0.0003,0.0005,5.00E-05,506.2789904,0.007041266,0.005333694,-0.999960985
0.0003,0.0005,0.0001,501.2124879,0.749936748,-0.214318612,-0.625829375
0.0003,0.0005,0.00015,491.4970703,0.234669963,-0.684153423,-0.690553475
0.0003,0.0005,0.0002,492.2473862,-0.064524918,-0.584683277,0.808691536
0.0003,0.0005,0.00025,499.1828606,0.172559303,0.139891497,0.975014695
0.0003,0.0005,0.0003,511.01074,0.287371488,0.285863233,0.914166199
0.0003,0.0005,0.00035,517.9042232,0.373650311,0.337771119,0.863884319
0.0003,0.0005,0.0004,527.2946208,0.458762755,-0.202895122,0.865083987
0.0003,0.0005,0.00045,547.256908,0.395232675,-0.261147982,0.880677503
0.0003,0.0005,0.0005,574.129844,0.245601654,-0.108079913,0.963326819
0.0003,0.0005,0.00055,601.7166176,0.311470247,-0.039126913,0.949450035
0.0003,0.0005,0.0006,627.030944,-0.00127071,0.054973407,0.99848701
0.0003,0.0005,0.00065,647.4793777,-0.042058904,0.07808292,0.996059289
0.0003,0.0005,0.0007,665.7971438,0.095188748,0.20260819,0.974622503
0.0003,0.0005,0.00075,655.8282468,0.307270775,-0.951569116,-0.010044337
0.0003,0.0005,0.0008,665.6046304,0.254350173,-0.650826631,0.715353539
0.0003,0.0005,0.00085,700.9287623,0.200614168,-0.349632523,0.915156301
0.0003,0.0005,0.0009,768.6173656,-0.059537282,-0.631749344,0.772882966
0.0003,0.0005,0.00095,840.2765755,-0.060090377,-0.563048873,-0.824236078
0.0003,0.00055,5.00E-05,507.1832577,-0.075197186,-0.058364464,-0.995459177
0.0003,0.00055,0.0001,495.8650656,0.492916511,-0.472083792,-0.730869486
0.0003,0.00055,0.00015,485.5196266,0.714456965,-0.637893963,-0.287476149
0.0003,0.00055,0.0002,489.5951048,0.507810324,-0.376763376,0.774711581
0.0003,0.00055,0.00025,504.5258707,0.390295825,0.088218754,0.916453283
0.0003,0.00055,0.0003,516.1616065,0.4276229,0.233078454,0.873391716
0.0003,0.00055,0.00035,522.3292343,0.529444824,0.287437086,0.798165459
0.0003,0.00055,0.0004,529.2364629,-0.124234372,0.140895468,0.982198701
0.0003,0.00055,0.00045,542.6804333,-0.134637749,-0.071767038,0.988292552
0.0003,0.00055,0.0005,570.4300477,0.335977484,-0.335898667,0.879938188
0.0003,0.00055,0.00055,599.489869,0.359623665,-0.318950264,0.876893122
0.0003,0.00055,0.0006,627.0707138,0.071205272,-0.282725465,0.956554296
0.0003,0.00055,0.00065,648.0329182,-0.082461005,-0.550794055,0.830557699
0.0003,0.00055,0.0007,666.684904,0.147888848,-0.924467796,0.351408855
0.0003,0.00055,0.00075,659.3426166,0.045623575,-0.864052423,-0.50133013
0.0003,0.00055,0.0008,649.357121,-0.016606124,-0.895853544,0.444039035
0.0003,0.00055,0.00085,686.1979662,-0.282994893,-0.827170635,0.485492153
0.0003,0.00055,0.0009,704.473577,-0.166206155,-0.97460217,0.150087058
0.0003,0.00055,0.00095,711.1595785,-0.093481404,-0.756317411,-0.647491468
0.0003,0.0006,5.00E-05,493.6561234,0.228033038,-0.146782148,-0.96252581
0.0003,0.0006,0.0001,487.2194983,0.790260975,-0.387622562,-0.47459071
0.0003,0.0006,0.00015,477.5843678,0.901680799,-0.396865754,-0.171666274
0.0003,0.0006,0.0002,483.0041312,0.640653707,-0.252219601,0.725222794
0.0003,0.0006,0.00025,501.7401799,0.420211709,-0.211184009,0.882509736
0.0003,0.0006,0.0003,515.7618504,0.359286176,-0.03572053,0.932543558
0.0003,0.0006,0.00035,522.612769,0.473974472,0.006585097,0.880513961
0.0003,0.0006,0.0004,530.2139809,0.091572032,0.040268789,0.994983913
0.0003,0.0006,0.00045,544.2655452,-0.570639402,0.054603337,0.819383395
0.0003,0.0006,0.0005,552.443987,-0.023570411,-0.440910244,0.897241658
0.0003,0.0006,0.00055,581.1148419,0.267376626,-0.544094103,0.795280672
0.0003,0.0006,0.0006,612.6832418,0.083552842,-0.684272623,0.72442384
0.0003,0.0006,0.00065,621.208764,-0.103537234,-0.924263133,0.367447551
0.0003,0.0006,0.0007,636.0441885,0.030235031,-0.997556148,0.06298868
0.0003,0.0006,0.00075,625.9634691,0.093579939,-0.960910604,-0.260564016
0.0003,0.0006,0.0008,611.4236728,-0.018836922,-0.980671873,-0.194750733
0.0003,0.0006,0.00085,607.0225815,-0.069252397,-0.996959119,-0.035729837
0.0003,0.0006,0.0009,606.5271643,-0.048910291,-0.998650933,0.017438409
0.0003,0.0006,0.00095,609.8270469,-0.069024864,-0.82561013,-0.560003109
0.0003,0.00065,5.00E-05,488.4859935,0.455476377,-0.135689861,-0.879846311
0.0003,0.00065,0.0001,482.7384389,0.868527523,-0.260641949,-0.42157528
0.0003,0.00065,0.00015,475.7743528,0.972882063,-0.221671723,-0.066046492
0.0003,0.00065,0.0002,481.1941426,0.814053984,-0.10961199,0.570351929
0.0003,0.00065,0.00025,496.6869697,0.675751418,-0.153327696,0.721006684
0.0003,0.00065,0.0003,515.3620943,0.636210164,-0.375218208,0.674127527
0.0003,0.00065,0.00035,522.4373174,0.774328571,-0.444413599,0.450457343
0.0003,0.00065,0.0004,530.1127897,0.043383171,-0.519727192,0.853230067
0.0003,0.00065,0.00045,544.1618308,-0.441749506,-0.203705522,0.873705576
0.0003,0.00065,0.0005,552.3220695,-0.681339395,-0.338373465,0.64906088
0.0003,0.00065,0.00055,558.2769684,-0.337451292,-0.367403305,0.866684162
0.0003,0.00065,0.0006,589.1989988,-0.603293237,-0.663199789,0.442948428
0.0003,0.00065,0.00065,589.2717107,-0.585779814,-0.809814829,0.032587607
0.0003,0.00065,0.0007,591.3843051,-0.033536647,-0.971948084,-0.232792214
0.0003,0.00065,0.00075,568.5468307,0.001013255,-0.926253943,-0.37689867
0.0003,0.00065,0.0008,553.9798383,-0.120911297,-0.975236671,-0.185186107
0.0003,0.00065,0.00085,549.5721305,-0.156980877,-0.983478732,-0.090147594
0.0003,0.00065,0.0009,543.8693664,-0.056169429,-0.99765751,-0.039044685
0.0003,0.00065,0.00095,544.7542975,-0.048816115,-0.922849878,-0.382053778
0.0003,0.0007,5.00E-05,484.0920403,0.843537919,-0.529613165,0.089183379
0.0003,0.0007,0.0001,479.360435,0.737269767,-0.591119325,-0.327125718
0.0003,0.0007,0.00015,472.4012489,0.784009553,-0.620628819,-0.012202052
0.0003,0.0007,0.0002,478.9850801,0.714630321,-0.192429971,0.672513353
0.0003,0.0007,0.00025,494.4740984,0.814657456,0.09467277,0.572162823
0.0003,0.0007,0.0003,501.4292517,0.938978358,-0.1743212,0.296532902
0.0003,0.0007,0.00035,508.0599823,0.892258458,-0.303923499,0.333924169
0.0003,0.0007,0.0004,516.9809494,0.372499843,-0.37111782,0.850597102
0.0003,0.0007,0.00045,539.0874245,-0.153389743,-0.645374992,0.74830656
0.0003,0.0007,0.0005,545.0853737,-0.261851613,-0.901894266,0.343541067
0.0003,0.0007,0.00055,565.4820355,-0.656429583,-0.703814797,0.271560183
0.0003,0.0007,0.0006,566.2766959,-0.462651195,-0.886451416,0.012560219
0.0003,0.0007,0.00065,566.9030438,-0.28412762,-0.945981895,-0.156172181
0.0003,0.0007,0.0007,549.514201,-0.006975818,-0.962743643,-0.27032576
0.0003,0.0007,0.00075,534.039465,-0.204006464,-0.923887239,-0.32374949
0.0003,0.0007,0.0008,511.4981233,-0.25912095,-0.916057823,-0.306095406
0.0003,0.0007,0.00085,496.7208679,-0.220036434,-0.95370215,-0.205027261
0.0003,0.0007,0.0009,483.42341,-0.140231885,-0.98035256,-0.138722303
0.0003,0.0007,0.00095,476.048658,-0.098241885,-0.995153333,0.004286704
0.0003,0.00075,5.00E-05,468.8190923,0.300748895,-0.397210173,0.867049122
0.0003,0.00075,0.0001,461.6130662,0.600986914,-0.746087855,-0.286648989
0.0003,0.00075,0.00015,456.6828035,0.605987296,-0.719753624,0.33872425
0.0003,0.00075,0.0002,474.8783159,0.293529475,-0.338984519,0.893828811
0.0003,0.00075,0.00025,500.4006886,0.437323807,0.104791252,0.893177855
0.0003,0.00075,0.0003,507.3754339,0.94273099,0.274487333,0.189512493
0.0003,0.00075,0.00035,508.2828272,0.960205516,0.152922869,0.233709143
0.0003,0.00075,0.0004,516.5754326,0.645099962,-0.002374036,0.764094499
0.0003,0.00075,0.00045,519.9232452,0.307673839,-0.501169183,-0.808805452
0.0003,0.00075,0.0005,483.0286121,-0.124745043,-0.972950243,-0.194438932
0.0003,0.00075,0.00055,503.354461,-0.345073858,-0.937385258,0.047253688
0.0003,0.00075,0.0006,488.9097555,-0.187698873,-0.976229534,-0.108374491
0.0003,0.00075,0.00065,487.7362353,-0.02716843,-0.995860648,-0.086737797
0.0003,0.00075,0.0007,474.3432894,-0.038351193,-0.985209682,-0.16700619
0.0003,0.00075,0.00075,460.05996,-0.050975878,-0.980336711,-0.190634185
0.0003,0.00075,0.0008,442.2957289,-0.097870915,-0.958714463,-0.266997869
0.0003,0.00075,0.00085,418.980158,-0.217274242,-0.938145839,-0.269581691
0.0003,0.00075,0.0009,397.7785545,-0.211478742,-0.962359594,-0.170706632
0.0003,0.00075,0.00095,389.5325397,-0.160046824,-0.853005706,0.496755754
0.0003,0.0008,5.00E-05,451.0707066,0.257355854,-0.076160012,0.963310758
0.0003,0.0008,0.0001,447.7721928,0.510227525,-0.83034832,-0.224030222
0.0003,0.0008,0.00015,444.2139799,0.367747999,-0.794235907,0.48368454
0.0003,0.0008,0.0002,462.405075,0.028039525,-0.507096046,0.861433332
0.0003,0.0008,0.00025,498.2867922,0.384246074,-0.361157594,0.849658841
0.0003,0.0008,0.0003,512.8456347,0.90637883,-0.226447607,0.356649545
0.0003,0.0008,0.00035,514.0798161,0.715985217,-0.693731244,0.078116133
0.0003,0.0008,0.0004,516.9447827,0.250702731,-0.963339084,0.095529842
0.0003,0.0008,0.00045,518.3004323,0.267142555,-0.658251784,-0.703803555
0.0003,0.0008,0.0005,462.1770671,-0.214693076,-0.694550138,-0.686663665
0.0003,0.0008,0.00055,448.8160693,-0.54332733,-0.791179658,-0.280767096
0.0003,0.0008,0.0006,425.5888551,-0.408509612,-0.844711309,-0.345807317
0.0003,0.0008,0.00065,399.6614163,-0.088922206,-0.972773327,-0.214020784
0.0003,0.0008,0.0007,386.2451965,-0.089943519,-0.982093177,-0.165538985
0.0003,0.0008,0.00075,369.2348157,0.121479478,-0.98496958,-0.122791134
0.0003,0.0008,0.0008,363.9920757,-0.106381338,-0.981456097,-0.159458273
0.0003,0.0008,0.00085,341.8008442,-0.266000751,-0.919173077,-0.2904556
0.0003,0.0008,0.0009,317.412297,-0.257423449,-0.961839576,0.092724307
0.0003,0.0008,0.00095,354.061175,-0.232405574,-0.632480533,0.738888371
0.0003,0.00085,5.00E-05,461.4102347,-0.059172192,0.133556598,0.98927311
0.0003,0.00085,0.0001,436.1992116,0.417040742,-0.415188747,-0.808514269
0.0003,0.00085,0.00015,432.6548276,0.193803355,-0.963560643,0.184366884
0.0003,0.00085,0.0002,443.0475191,-0.054841714,-0.701338987,0.710715141
0.0003,0.00085,0.00025,478.9603289,0.166807672,-0.739009557,0.652717455
0.0003,0.00085,0.0003,497.3479643,0.555384166,-0.825378041,-0.101486539
0.0003,0.00085,0.00035,471.8792453,0.435407738,-0.882759416,-0.17651038
0.0003,0.00085,0.0004,474.014025,0.240813515,-0.970343664,-0.021024365
0.0003,0.00085,0.00045,468.7002211,0.084631053,-0.925478829,-0.369224217
0.0003,0.00085,0.0005,412.746207,-0.312583258,-0.806707757,-0.501512015
0.0003,0.00085,0.00055,400.251749,-0.496846535,-0.831728877,-0.247730893
0.0003,0.00085,0.0006,368.8385794,-0.438504395,-0.776933214,-0.451761748
0.0003,0.00085,0.00065,308.9103239,-0.301562668,-0.867118551,-0.396440885
0.0003,0.00085,0.0007,293.831389,-0.036520047,-0.985868498,-0.163491866
0.0003,0.00085,0.00075,281.5564611,-0.084970586,-0.977518279,-0.192971534
0.0003,0.00085,0.0008,273.4412814,-0.23876458,-0.960537099,-0.142688321
0.0003,0.00085,0.00085,271.5742258,-0.812877953,-0.574479758,-0.095929357
0.0003,0.00085,0.0009,270.6007757,-0.518924758,0.837119,0.17305743
0.0003,0.00085,0.00095,275.1223724,-0.091092115,-0.050561682,0.994558064
0.0003,0.0009,5.00E-05,472.8168498,-0.402969937,0.218482584,0.888752266
0.0003,0.0009,0.0001,433.0056984,-0.180764014,0.129914057,-0.974908564
0.0003,0.0009,0.00015,408.4225219,0.415658591,-0.786470272,-0.456828684
0.0003,0.0009,0.0002,416.7104619,0.235760678,-0.900847192,0.364542508
0.0003,0.0009,0.00025,436.8075907,0.348923805,-0.858654799,0.37545188
0.0003,0.0009,0.0003,455.2560175,0.411931724,-0.834308214,-0.366390583
0.0003,0.0009,0.00035,397.3826868,0.530100839,-0.696073225,-0.484226358
0.0003,0.0009,0.0004,370.2223525,0.269362392,-0.947928583,-0.169927346
0.0003,0.0009,0.00045,364.7296049,-0.054561879,-0.993684932,-0.098047219
0.0003,0.0009,0.0005,352.0741947,-0.341865331,-0.872097511,-0.350105736
0.0003,0.0009,0.00055,301.401101,-0.294933225,-0.837290528,-0.460390012
0.0003,0.0009,0.0006,268.5012148,-0.304113785,-0.878322349,-0.36886943
0.0003,0.0009,0.00065,235.6013286,-0.128054429,-0.785617208,-0.605316169
0.0003,0.0009,0.0007,221.2993042,0.889612079,0.347555585,0.296302993
0.0003,0.0009,0.00075,265.9465093,0.720619896,0.587229817,0.368602912
0.0003,0.0009,0.0008,296.7945136,0.729042657,0.645166931,0.228596666
0.0003,0.0009,0.00085,324.7902743,0.600575954,0.787450603,0.138672531
0.0003,0.0009,0.0009,334.5755065,0.555191033,0.828954251,0.06780683
0.0003,0.0009,0.00095,344.3607387,0.312167916,0.848738176,0.426842712
0.0003,0.00095,5.00E-05,483.2018864,-0.041666169,-0.99315931,-0.10908032
0.0003,0.00095,0.0001,444.7802506,-0.04318621,-0.995490982,-0.084455058
0.0003,0.00095,0.00015,404.6011621,-0.014422355,-0.996729723,-0.079510096
0.0003,0.00095,0.0002,372.9031355,0.030078786,-0.999431864,-0.015205769
0.0003,0.00095,0.00025,390.807018,0.058098936,-0.997607815,0.037458781
0.0003,0.00095,0.0003,407.5734922,0.05862379,-0.99730989,-0.044002667
0.0003,0.00095,0.00035,349.6437318,0.08463159,-0.987622134,-0.132060643
0.0003,0.00095,0.0004,291.8609443,0.013996949,-0.996815099,-0.078509509
0.0003,0.00095,0.00045,284.7730153,-0.043859025,-0.997988295,-0.045779355
0.0003,0.00095,0.0005,254.9977758,-0.031596887,-0.998397592,-0.046945545
0.0003,0.00095,0.00055,248.2613439,-0.002083514,-0.9982084,-0.059796737
0.0003,0.00095,0.0006,212.1614305,0.010157609,-0.999947992,-0.000914519
0.0003,0.00095,0.00065,247.6487302,0.124230931,-0.975019146,0.184131315
0.0003,0.00095,0.0007,329.4254845,0.211513029,-0.941391899,0.262761358
0.0003,0.00095,0.00075,401.8296237,0.288395979,-0.937811877,0.193226918
0.0003,0.00095,0.0008,439.5156686,0.350656662,-0.923800456,0.153729055
0.0003,0.00095,0.00085,486.1132229,0.39274144,-0.90970397,0.134880869
0.0003,0.00095,0.0009,509.8542512,0.358080475,-0.922346843,0.145102289
0.0003,0.00095,0.00095,550.0027962,0.190193525,-0.979323369,-0.068935925
0.00035,0,5.00E-05,-495.8862416,-0.021243731,-0.88661803,-0.462014255
0.00035,0,0.0001,-500.5539935,-0.024974843,-0.99968113,-0.003727731
0.00035,0,0.00015,-498.9684101,-0.023386469,-0.999714632,0.004871095
0.00035,0,0.0002,-496.7754279,-0.021349177,-0.999753452,0.006103059
0.00035,0,0.00025,-494.2258413,-0.020709044,-0.999708405,0.012419376
0.00035,0,0.0003,-486.9097106,-0.024504181,-0.999610877,0.013328127
0.00035,0,0.00035,-483.2671668,-0.039566528,-0.999025466,0.019560378
0.00035,0,0.0004,-471.7445361,-0.050266067,-0.998041334,0.037240004
0.00035,0,0.00045,-455.5920653,-0.040023722,-0.998230594,0.043974792
0.00035,0,0.0005,-442.2214783,-0.037846168,-0.998638567,0.035898177
0.00035,0,0.00055,-433.0679997,-0.046798288,-0.998133126,0.039245158
0.00035,0,0.0006,-418.1256132,-0.040912264,-0.99491318,0.09205406
0.00035,0,0.00065,-382.5859468,0.003921772,-0.989979262,0.141158353
0.00035,0,0.0007,-337.3800008,-0.019376019,-0.985534053,0.168366268
0.00035,0,0.00075,-273.1461432,-0.01146868,-0.985880605,0.167056583
0.00035,0,0.0008,-207.7706845,-0.001099608,-0.986887547,0.161405578
0.00035,0,0.00085,-145.539946,0.004465796,-0.984406431,0.175852311
0.00035,0,0.0009,-71.18566246,-0.020980369,-0.987740468,0.154688694
0.00035,0,0.00095,-31.51420342,-0.010576937,-0.825488597,-0.564319684
0.00035,5.00E-05,5.00E-05,-436.9946319,-0.052917694,0.314187567,-0.947884956
0.00035,5.00E-05,0.0001,-401.8739727,-0.039741912,0.96127954,0.272694382
0.00035,5.00E-05,0.00015,-387.6658292,-0.1268439,0.989244819,0.07283758
0.00035,5.00E-05,0.0002,-385.5469544,-0.165220062,0.986183968,0.011979707
0.00035,5.00E-05,0.00025,-384.9635251,-0.113991771,0.992561855,-0.042741549
0.00035,5.00E-05,0.0003,-394.8719533,0.32232475,0.946573613,0.010254282
0.00035,5.00E-05,0.00035,-382.7225717,0.137530721,0.986838315,-0.085061392
0.00035,5.00E-05,0.0004,-411.026752,0.020912418,0.996320604,-0.083113924
0.00035,5.00E-05,0.00045,-393.4617414,0.126971392,0.947057302,0.294891053
0.00035,5.00E-05,0.0005,-372.3374358,0.19829131,0.958748999,0.203668638
0.00035,5.00E-05,0.00055,-365.3218368,0.075147296,0.952822603,0.294078173
0.00035,5.00E-05,0.0006,-330.0425363,0.06504556,0.894015804,0.443288639
0.00035,5.00E-05,0.00065,-280.4546053,-0.137103712,0.9444302,0.298754364
0.00035,5.00E-05,0.0007,-265.4275251,0.121324998,0.977120635,-0.174686891
0.00035,5.00E-05,0.00075,-312.7537755,0.874477109,0.435845972,0.212903907
0.00035,5.00E-05,0.0008,-254.7419863,0.336934735,-0.307344194,0.889951983
0.00035,5.00E-05,0.00085,-179.9508472,0.335296167,-0.082285614,0.938512418
0.00035,5.00E-05,0.0009,-123.5216427,0.122954924,-0.318521965,0.93990736
0.00035,5.00E-05,0.00095,-46.60241076,-0.004793933,-0.01652677,-0.999851931
0.00035,0.0001,5.00E-05,-378.1273227,-0.044503022,0.375704128,-0.925670508
0.00035,0.0001,0.0001,-326.6642035,-0.069436929,0.828450129,0.555741753
0.00035,0.0001,0.00015,-277.2227359,-0.126208599,0.961144616,0.245504411
0.00035,0.0001,0.0002,-274.3184808,-0.170136211,0.985418457,-0.002033539
0.00035,0.0001,0.00025,-277.6768744,0.012351456,0.999565226,-0.026773125
0.00035,0.0001,0.0003,-280.047118,0.198142632,0.976796826,-0.081286274
0.00035,0.0001,0.00035,-295.8475408,0.301151926,0.897544293,-0.322058627
0.00035,0.0001,0.0004,-343.0097159,0.306697914,0.928261766,-0.210396016
0.00035,0.0001,0.00045,-331.3393995,0.298144818,0.921746356,0.247978471
0.00035,0.0001,0.0005,-309.7557945,0.29032027,0.920382707,0.26193475
0.00035,0.0001,0.00055,-296.0311848,0.414344199,0.829052461,0.375487553
0.00035,0.0001,0.0006,-246.9670509,0.055512752,0.77553461,0.628859605
0.00035,0.0001,0.00065,-178.3232637,-0.216762453,0.861918828,0.458377544
0.00035,0.0001,0.0007,-156.7128337,-0.090690327,0.935801603,-0.340662038
0.00035,0.0001,0.00075,-251.2712555,-0.166878001,0.788339961,-0.592175514
0.00035,0.0001,0.0008,-253.6340678,0.371523199,0.525674487,0.765269133
0.00035,0.0001,0.00085,-157.0449046,0.318295337,0.231412607,0.919312941
0.00035,0.0001,0.0009,-116.3756544,0.131309312,0.676548354,0.72459657
0.00035,0.0001,0.00095,-36.69566671,0.047376105,0.443867954,-0.894838949
0.00035,0.00015,5.00E-05,-319.3044004,7.45E-05,0.583125756,-0.812381897
0.00035,0.00015,0.0001,-251.4544342,-0.04255104,0.87875358,0.475375172
0.00035,0.00015,0.00015,-182.7334234,-0.042672168,0.952552381,0.301368623
0.00035,0.00015,0.0002,-165.4791898,-0.123041522,0.991756889,0.035763907
0.00035,0.00015,0.00025,-171.0868675,0.079651543,0.996232254,-0.034306385
0.00035,0.00015,0.0003,-176.5196006,0.0888631,0.988227903,-0.124534978
0.00035,0.00015,0.00035,-207.2522823,0.209010977,0.940032174,-0.269543916
0.00035,0.00015,0.0004,-254.4375921,0.246691698,0.944357044,-0.21756144
0.00035,0.00015,0.00045,-269.8555235,0.157499899,0.98729974,0.020808759
0.00035,0.00015,0.0005,-248.2719185,0.176818461,0.973671318,0.143872852
0.00035,0.00015,0.00055,-226.6883134,0.263558999,0.943533951,0.200699622
0.00035,0.00015,0.0006,-184.8804588,0.015518246,0.910946418,0.412232711
0.00035,0.00015,0.00065,-110.7433919,-0.21504969,0.887874253,0.406734486
0.00035,0.00015,0.0007,-65.03875265,-0.19565075,0.951489177,-0.237463954
0.00035,0.00015,0.00075,-183.7263502,-0.171385188,0.927162203,-0.333162674
0.00035,0.00015,0.0008,-190.0165367,0.047742824,0.989764947,0.134484101
0.00035,0.00015,0.00085,-145.3996886,0.075445585,0.72003353,0.689825832
0.00035,0.00015,0.0009,-11.15279901,0.155599055,0.659426869,0.735489727
0.00035,0.00015,0.00095,83.23455896,0.41448232,0.243853388,-0.876778154
0.00035,0.0002,5.00E-05,-137.8883747,-0.001011761,0.967266333,-0.253761339
0.00035,0.0002,0.0001,-74.20626704,0.018133962,0.961679834,0.273574589
0.00035,0.0002,0.00015,-5.476052537,0.009043778,0.958764155,0.284058983
0.00035,0.0002,0.0002,48.64824803,0.093236999,0.989616674,0.109387846
0.00035,0.0002,0.00025,42.92855358,0.090401666,0.9918164,-0.090154128
0.00035,0.0002,0.0003,6.937891926,-0.045212769,0.986955722,-0.15451281
0.00035,0.0002,0.00035,-24.10919109,-0.013777495,0.984900878,-0.172570104
0.00035,0.0002,0.0004,-71.2712509,0.008733639,0.999470184,-0.031354022
0.00035,0.0002,0.00045,-38.80067294,0.092323247,0.990397182,0.102906951
0.00035,0.0002,0.0005,-17.61816173,0.161305614,0.98383114,0.077825366
0.00035,0.0002,0.00055,1.986288783,0.12364904,0.990969629,0.051866263
0.00035,0.0002,0.0006,9.24651013,-0.168968899,0.970994485,0.169172163
0.00035,0.0002,0.00065,83.28318677,-0.249885059,0.93293291,0.259217365
0.00035,0.0002,0.0007,135.7210022,-0.108806221,0.993654288,0.028501971
0.00035,0.0002,0.00075,96.53084415,-0.094001028,0.978245737,-0.184929947
0.00035,0.0002,0.0008,28.43932209,-0.028610248,0.99141695,-0.127569135
0.00035,0.0002,0.00085,29.65133455,0.098206622,0.987324086,0.12468604
0.00035,0.0002,0.0009,88.61370256,0.002982133,0.99875982,0.049698373
0.00035,0.0002,0.00095,49.00880916,-0.098047962,0.815844709,-0.569898244
0.00035,0.00025,5.00E-05,150.3565624,-0.001507149,0.948030661,-0.318175413
0.00035,0.00025,0.0001,214.0064137,0.042331304,0.987298907,0.153130431
0.00035,0.00025,0.00015,231.9287152,0.082871966,0.988610878,0.125621529
0.00035,0.00025,0.0002,272.4305712,0.222748968,0.966542401,0.127195454
0.00035,0.00025,0.00025,287.7830255,0.297731864,0.953623107,-0.044257283
0.00035,0.00025,0.0003,251.6862266,-0.027957491,0.99470313,-0.098914419
0.00035,0.00025,0.00035,239.106916,-0.032838766,0.996704226,-0.074177505
0.00035,0.00025,0.0004,213.8818479,-0.035171101,0.999290227,0.013492041
0.00035,0.00025,0.00045,246.5125937,0.045463136,0.994080123,0.098680355
0.00035,0.00025,0.0005,267.3373913,0.341770204,0.937189233,0.069781591
0.00035,0.00025,0.00055,286.5947377,0.073160059,0.996965736,0.026588108
0.00035,0.00025,0.0006,281.737916,0.001961697,0.994650112,0.103282652
0.00035,0.00025,0.00065,344.4429961,-0.023943746,0.97724663,0.210750377
0.00035,0.00025,0.0007,396.8097182,-0.037699768,0.996447867,0.075301895
0.00035,0.00025,0.00075,383.7741985,0.143445957,0.982060611,-0.122393685
0.00035,0.00025,0.0008,329.744608,0.137967727,0.986353718,-0.089840133
0.00035,0.00025,0.00085,331.0900237,0.116538532,0.989943704,0.080188743
0.00035,0.00025,0.0009,377.8633171,0.072051032,0.989675201,0.12390176
0.00035,0.00025,0.00095,407.4863413,-0.07229169,0.948421504,-0.308659298
0.00035,0.0003,5.00E-05,438.6014994,0.017618212,0.746432987,-0.665227326
0.00035,0.0003,0.0001,451.7251016,0.156922705,0.985962265,0.057041005
0.00035,0.0003,0.00015,454.3078583,0.207487733,0.974750584,0.08252357
0.00035,0.0003,0.0002,473.0781887,0.22239666,0.962343516,0.156315972
0.00035,0.0003,0.00025,489.9123017,0.136179396,0.985181088,0.10427558
0.00035,0.0003,0.0003,496.4345613,0.042975318,0.99881849,-0.022687996
0.00035,0.0003,0.00035,483.8586078,0.023858623,0.997259386,-0.070032021
0.00035,0.0003,0.0004,477.2314877,0.024255219,0.998248069,0.053967362
0.00035,0.0003,0.00045,499.6965079,0.170964824,0.973623703,0.151089096
0.00035,0.0003,0.0005,520.6979387,0.171970229,0.974091641,0.146873124
0.00035,0.0003,0.00055,541.9581382,0.246831535,0.95639148,0.156171476
0.00035,0.0003,0.0006,566.3466195,0.146828384,0.964213453,0.22075743
0.00035,0.0003,0.00065,616.8695663,0.074457925,0.95890452,0.27378484
0.00035,0.0003,0.0007,656.1792583,-0.071681531,0.995423766,0.063192443
0.00035,0.0003,0.00075,634.6468689,0.107016596,0.979414998,-0.171154053
0.00035,0.0003,0.0008,606.8582308,0.087590977,0.995555159,-0.034608472
0.00035,0.0003,0.00085,623.6850038,0.009268817,0.961558816,0.274442586
0.00035,0.0003,0.0009,698.8353873,0.060616485,0.957298144,0.282676325
0.00035,0.0003,0.00095,748.0718207,-0.006065845,0.902482185,-0.430684469
0.00035,0.00035,5.00E-05,482.8789321,-0.029381787,0.126408147,-0.991543086
0.00035,0.00035,0.0001,485.4931655,0.506089021,0.862141191,0.024217145
0.00035,0.00035,0.00015,484.1467685,0.717548512,0.686627552,0.116904823
0.00035,0.00035,0.0002,491.6257366,0.398548339,0.654180584,0.642811781
0.00035,0.00035,0.00025,508.4507663,0.279918691,0.502717628,0.81787561
0.00035,0.00035,0.0003,518.1946266,0.385444662,0.899166042,0.207202415
0.00035,0.00035,0.00035,512.5596178,0.306024173,0.870671285,-0.385072355
0.00035,0.00035,0.0004,506.8395273,0.071785626,0.962667374,0.260994927
0.00035,0.00035,0.00045,526.6120067,0.343437591,0.728810059,0.59235675
0.00035,0.00035,0.0005,547.6248912,0.360398216,0.718119894,0.595329273
0.00035,0.00035,0.00055,566.1464873,0.267949809,0.581543774,0.768120914
0.00035,0.00035,0.0006,608.9323703,0.403663544,0.521132535,0.751981798
0.00035,0.00035,0.00065,659.0729933,0.487860427,0.409698991,0.770804087
0.00035,0.00035,0.0007,676.8424053,-0.046051632,0.878435496,0.475636759
0.00035,0.00035,0.00075,666.0097242,-0.61987649,0.466822101,-0.630737872
0.00035,0.00035,0.0008,645.076105,-0.259892722,0.946353267,-0.192018925
0.00035,0.00035,0.00085,653.3484862,-0.208586287,0.127906286,0.96960391
0.00035,0.00035,0.0009,799.1057711,-0.29284562,0.178666171,0.939318818
0.00035,0.00035,0.00095,952.7961096,-0.157547493,0.487263352,-0.858925616
0.00035,0.0004,5.00E-05,498.176217,-0.02864281,0.061702977,-0.997683483
0.00035,0.0004,0.0001,496.8606448,0.823855957,0.5170765,-0.232149207
0.00035,0.0004,0.00015,490.3268366,0.930096486,0.366220699,0.028335959
0.00035,0.0004,0.0002,497.8120283,0.757129533,0.228008824,0.612182037
0.00035,0.0004,0.00025,506.2432073,0.453446438,-0.221704307,0.863269094
0.00035,0.0004,0.0003,514.2651437,0.904208016,-0.37595329,0.202649915
0.00035,0.0004,0.00035,509.5331564,0.250643265,0.737651484,0.626935597
0.00035,0.0004,0.0004,529.0630558,-0.229182923,0.716152538,0.659242543
0.00035,0.0004,0.00045,549.8770511,0.32706198,0.697764154,0.637303418
0.00035,0.0004,0.0005,568.3866688,0.275368621,0.708905433,0.649326735
0.00035,0.0004,0.00055,588.3739851,0.158998866,0.563405491,0.810736464
0.00035,0.0004,0.0006,630.7458187,0.465737537,0.146433151,0.872723254
0.00035,0.0004,0.00065,652.9652141,0.697642654,-0.316559477,0.642716753
0.00035,0.0004,0.0007,668.9904436,0.776270939,-0.577066356,0.253767315
0.00035,0.0004,0.00075,658.1577626,-0.488640116,0.872401851,0.012076703
0.00035,0.0004,0.0008,669.2583507,-0.694157519,0.698009028,-0.175865674
0.00035,0.0004,0.00085,644.0039838,-0.155501187,0.603257961,0.782239869
0.00035,0.0004,0.0009,755.7927901,-0.280466497,-0.101074152,0.954527401
0.00035,0.0004,0.00095,927.4654103,-0.432840562,-0.407172086,-0.804276035
0.00035,0.00045,5.00E-05,509.5102199,0.031845253,0.038425919,-0.998753888
0.00035,0.00045,0.0001,502.9764479,0.478596915,0.417688055,-0.772322266
0.00035,0.00045,0.00015,496.4426758,0.863053468,0.296825941,-0.408696797
0.00035,0.00045,0.0002,497.5538311,0.830864169,-0.205744367,0.517043507
0.00035,0.00045,0.00025,504.225286,0.689650528,-0.031920484,0.723438478
0.00035,0.00045,0.0003,512.091159,0.570119342,0.075989171,0.818040085
0.00035,0.00045,0.00035,529.970819,0.592660953,0.273545912,0.757578794
0.00035,0.00045,0.0004,550.6661627,0.477383689,0.260304157,0.839253572
0.00035,0.00045,0.00045,569.6662361,0.135065207,0.259099943,0.956360083
0.00035,0.00045,0.0005,589.654095,-0.019924093,0.29129498,0.956425776
0.00035,0.00045,0.00055,609.4817621,-0.164530806,0.566839859,0.807231186
0.00035,0.00045,0.0006,619.7700524,-0.497133429,-0.29275239,0.816795196
0.00035,0.00045,0.00065,640.2362376,-0.352295132,-0.251964671,0.901333426
0.00035,0.00045,0.0007,665.0345606,-0.149440205,-0.068493389,0.986395601
0.00035,0.00045,0.00075,685.362907,0.023013206,0.150291918,0.988373781
0.00035,0.00045,0.0008,701.2523056,0.643905776,0.157005538,0.748822151
0.00035,0.00045,0.00085,720.0832456,-0.436931504,0.542861945,0.717211105
0.00035,0.00045,0.0009,769.0902648,-0.5398401,-0.12239302,0.832822079
0.00035,0.00045,0.00095,822.3753673,-0.417846179,-0.420382746,-0.80540854
0.00035,0.0005,5.00E-05,510.464727,0.052777888,0.006478074,-0.998585264
0.00035,0.0005,0.0001,503.9278463,0.646189385,-0.058580868,-0.760925464
0.00035,0.0005,0.00015,494.2651433,0.778306731,-0.302302515,-0.550319745
0.00035,0.0005,0.0002,494.7151357,0.77100556,-0.166161074,0.614769
0.00035,0.0005,0.00025,505.6017726,0.646812903,0.223780239,0.729078509
0.00035,0.0005,0.0003,516.6566912,0.707250405,0.291739609,0.643960298
0.00035,0.0005,0.00035,523.4617862,0.704349835,-0.083767111,0.70489317
0.00035,0.0005,0.0004,541.3750464,0.636877445,-0.303704498,0.708625923
0.00035,0.0005,0.00045,560.4397787,0.592262905,-0.343853257,0.728690325
0.00035,0.0005,0.0005,580.5131329,0.37436549,-0.168748284,0.911797399
0.00035,0.0005,0.00055,609.5214895,0.04192896,0.001680797,0.999119181
0.00035,0.0005,0.0006,619.7229255,-0.647823658,0.001152064,0.76178946
0.00035,0.0005,0.00065,640.3116759,-0.65599881,0.014628766,0.754620143
0.00035,0.0005,0.0007,665.8569356,-0.819760434,0.040702038,0.571258414
0.00035,0.0005,0.00075,663.6650256,0.758867873,-0.579383174,0.297379706
0.00035,0.0005,0.0008,676.538164,0.389765902,-0.761897338,0.517295842
0.00035,0.0005,0.00085,695.3509948,0.060834075,-0.680994667,0.729757136
0.00035,0.0005,0.0009,740.7597572,-0.417834145,-0.604536036,0.678196733
0.00035,0.0005,0.00095,791.9776836,-0.435127552,-0.458002566,-0.775175892
0.00035,0.00055,5.00E-05,511.3788718,0.082576436,-0.0073265,-0.996557803
0.00035,0.00055,0.0001,501.7293012,0.640928733,-0.135083346,-0.755620836
0.00035,0.00055,0.00015,491.381935,0.951582862,-0.155871183,-0.264941939
0.00035,0.00055,0.0002,494.4897428,0.742774221,-0.003727631,0.669531599
0.00035,0.00055,0.00025,510.9599332,0.522816997,0.084925989,0.848203963
0.00035,0.00055,0.0003,520.182455,0.700535322,0.136233862,0.70049311
0.00035,0.00055,0.00035,527.0333736,0.805994,0.142898203,0.57441603
0.00035,0.00055,0.0004,534.8180512,0.71147225,-0.105988239,0.69467527
0.00035,0.00055,0.00045,551.1978167,0.468699082,-0.398037984,0.788598081
0.00035,0.00055,0.0005,580.5704384,0.085937761,-0.337580519,0.937365507
0.00035,0.00055,0.00055,609.5477239,0.088643677,-0.463337789,0.881737145
0.00035,0.00055,0.0006,619.8166168,-0.59667873,-0.352722137,0.720806206
0.00035,0.00055,0.00065,641.1305732,-0.63784475,-0.230986959,0.734710215
0.00035,0.00055,0.0007,666.6984817,-0.644148619,-0.620573699,0.447169812
0.00035,0.00055,0.00075,664.552731,0.078011835,-0.940323799,-0.331217915
0.00035,0.00055,0.0008,654.5837388,0.25209537,-0.965175355,-0.069888903
0.00035,0.00055,0.00085,660.1529478,-0.226502397,-0.930420827,0.288121065
0.00035,0.00055,0.0009,682.9584499,-0.305334013,-0.935091639,0.179929896
0.00035,0.00055,0.00095,686.308552,-0.191287341,-0.719797566,-0.667308487
0.00035,0.0006,5.00E-05,509.1077361,0.235840043,-0.067804514,-0.969423551
0.00035,0.0006,0.0001,500.3529672,0.813610471,-0.188293256,-0.550076041
0.00035,0.0006,0.00015,490.0059515,0.974991695,-0.113544748,-0.191046554
0.00035,0.0006,0.0002,494.6061348,0.826049984,-0.03375157,0.562585331
0.00035,0.0006,0.00025,508.1742423,0.622898349,-0.082845497,0.777903767
0.00035,0.0006,0.0003,519.7826989,0.70155967,-0.01155336,0.712517052
0.00035,0.0006,0.00035,527.102702,0.791957822,0.115868674,0.599480824
0.00035,0.0006,0.0004,537.6882205,0.933067674,0.024449635,0.358868961
0.00035,0.0006,0.00045,537.3466614,0.299796846,-0.514389696,0.803445761
0.00035,0.0006,0.0005,559.4991402,0.014283605,-0.587008886,0.809454474
0.00035,0.0006,0.00055,588.898294,0.026067945,-0.701179361,0.712508222
0.00035,0.0006,0.0006,604.2680501,-0.37152329,-0.730931452,0.572459306
0.00035,0.0006,0.00065,625.5723961,-0.163018556,-0.887774528,0.430443187
0.00035,0.0006,0.0007,633.3521137,-0.423377725,-0.904934241,0.042957212
0.00035,0.0006,0.00075,629.2714118,-0.067017453,-0.976313937,-0.205717662
0.00035,0.0006,0.0008,615.7765531,0.036873909,-0.965888448,-0.256319761
0.00035,0.0006,0.00085,603.7213801,-0.062879002,-0.993440712,-0.095508027
0.00035,0.0006,0.0009,604.8296677,-0.085606383,-0.996055015,0.023365664
0.00035,0.0006,0.00095,606.9020175,-0.077753756,-0.827445528,-0.556136899
0.00035,0.00065,5.00E-05,503.9264981,0.446804669,-0.18373472,-0.875561043
0.00035,0.00065,0.0001,495.190683,0.879006525,-0.206864012,-0.429598429
0.00035,0.00065,0.00015,487.9664186,0.988799001,-0.137777879,-0.05739156
0.00035,0.00065,0.0002,493.39976,0.825452916,-0.082198857,0.558453965
0.00035,0.00065,0.00025,508.2786697,0.710462399,-0.028466293,0.703159193
0.00035,0.00065,0.0003,519.8755328,0.679105517,0.03384608,0.73325994
0.00035,0.00065,0.00035,530.4941833,0.842360642,0.019968877,0.538544141
0.00035,0.00065,0.0004,535.5159691,0.933735365,-0.138853917,0.329936143
0.00035,0.00065,0.00045,537.233822,0.406096387,0.030596239,0.913317904
0.00035,0.00065,0.0005,543.185672,-0.429409863,-0.443969501,0.786446598
0.00035,0.00065,0.00055,565.4906384,0.019409423,-0.797422316,0.60310938
0.00035,0.00065,0.0006,572.990136,-0.244850273,-0.932650939,0.264972771
0.00035,0.00065,0.00065,581.1456748,-0.176474706,-0.963901282,0.199376521
0.00035,0.00065,0.0007,588.775223,-0.357750673,-0.933817141,-5.07E-05
0.00035,0.00065,0.00075,581.1410075,-0.03625701,-0.960978965,-0.274235041
0.00035,0.00065,0.0008,558.3036847,-0.019957659,-0.957672692,-0.287166687
0.00035,0.00065,0.00085,546.287318,-0.060858358,-0.9938484,-0.092529008
0.00035,0.00065,0.0009,547.3710385,-0.026025722,-0.999470078,-0.019550566
0.00035,0.00065,0.00095,543.8891507,-0.054041652,-0.946780988,-0.31730941
0.00035,0.0007,5.00E-05,498.8884608,0.686809552,-0.580943358,0.436803679
0.00035,0.0007,0.0001,492.6677294,0.80455919,-0.48537855,-0.342187335
0.00035,0.0007,0.00015,485.7065463,0.887802081,-0.459283692,-0.029427118
0.00035,0.0007,0.0002,491.6163739,0.778176961,-0.32715669,0.536105509
0.00035,0.0007,0.00025,507.1024123,0.677996626,-0.288457475,0.67610122
0.00035,0.0007,0.0003,520.8081307,0.824327451,0.070307512,0.561730458
0.00035,0.0007,0.00035,527.6826395,0.898855099,-0.176031654,0.40133822
0.00035,0.0007,0.0004,534.8518376,0.939724672,-0.128355367,0.316926553
0.00035,0.0007,0.00045,537.6035972,0.709811333,-0.111844683,0.695455705
0.00035,0.0007,0.0005,543.5474345,-0.168891672,-0.951775607,0.256122621
0.00035,0.0007,0.00055,549.4912718,-0.338047647,-0.937264894,0.085195704
0.00035,0.0007,0.0006,549.1654661,-0.28746356,-0.957787287,-0.002865989
0.00035,0.0007,0.00065,549.2581665,-0.216307255,-0.976165298,-0.017677168
0.00035,0.0007,0.0007,547.4488157,0.010845224,-0.976817856,-0.213797234
0.00035,0.0007,0.00075,522.4925433,-0.148892244,-0.920564496,-0.361098475
0.00035,0.0007,0.0008,499.5429222,-0.170816455,-0.944644943,-0.280120815
0.00035,0.0007,0.00085,486.2944981,-0.140716026,-0.982846501,-0.119213069
0.00035,0.0007,0.0009,482.2298179,-0.06278942,-0.996332119,-0.058136022
0.00035,0.0007,0.00095,477.2731328,-0.033254788,-0.993221118,0.111381911
0.00035,0.00075,5.00E-05,483.4518797,0.390493062,-0.348145404,0.852238198
0.00035,0.00075,0.0001,476.4926837,0.746876338,-0.623007475,-0.232459507
0.00035,0.00075,0.00015,471.5573893,0.816628757,-0.57196287,0.077304266
0.00035,0.00075,0.0002,480.3430005,0.677977433,-0.533512401,0.505678868
0.00035,0.00075,0.00025,495.8240546,0.456796706,-0.113351383,0.882319802
0.00035,0.00075,0.0003,522.4514027,0.44924272,0.227706453,0.863904364
0.00035,0.00075,0.00035,524.3344486,0.894014689,0.0633031,0.443543067
0.00035,0.00075,0.0004,531.4979777,0.87568524,-0.150515945,0.458824924
0.00035,0.00075,0.00045,535.8353774,0.688703304,-0.046357593,-0.723559765
0.00035,0.00075,0.0005,499.0099617,0.668843004,-0.664533607,-0.333232833
0.00035,0.00075,0.00055,503.6848952,0.178625342,-0.983266643,-0.035772833
0.00035,0.00075,0.0006,495.0884806,0.171066191,-0.975863747,-0.13574353
0.00035,0.00075,0.00065,486.3491228,0.158706606,-0.971426419,-0.176473585
0.00035,0.00075,0.0007,466.4858082,-0.044944491,-0.986195006,-0.159371903
0.00035,0.00075,0.00075,459.01237,0.296559442,-0.926031579,-0.233490927
0.00035,0.00075,0.0008,436.2338544,-0.000864956,-0.931982089,-0.362503292
0.00035,0.00075,0.00085,403.5502491,-0.151917734,-0.953835805,-0.259071918
0.00035,0.00075,0.0009,392.7633487,-0.027633953,-0.998435451,-0.048610852
0.00035,0.00075,0.00095,395.3397518,0.071133289,-0.806946071,0.586325927
0.00035,0.0008,5.00E-05,465.7369072,0.323835606,-0.3310838,0.886292287
0.00035,0.0008,0.0001,460.7896767,0.761007896,-0.625829879,-0.170891616
0.00035,0.0008,0.00015,457.2186199,0.807016838,-0.581676779,0.101862396
0.00035,0.0008,0.0002,466.0140249,0.48994535,-0.575057309,0.655181384
0.00035,0.0008,0.00025,501.6927574,0.104021756,-0.284731521,0.952946712
0.00035,0.0008,0.0003,528.3228522,0.271789391,-0.36090079,0.892121711
0.00035,0.0008,0.00035,528.9737796,0.435207649,-0.890430426,0.133146384
0.00035,0.0008,0.0004,531.0789973,0.612657572,-0.764026448,0.2022728
0.00035,0.0008,0.00045,535.5221296,0.234181785,-0.718700743,-0.654696979
0.00035,0.0008,0.0005,479.4328761,0.429688335,-0.567507835,-0.702355175
0.00035,0.0008,0.00055,441.7038481,0.159741786,-0.910403984,-0.381637456
0.00035,0.0008,0.0006,424.5381504,0.203631964,-0.931617256,-0.301037061
0.00035,0.0008,0.00065,391.8102881,-0.02063236,-0.969967379,-0.24235839
0.00035,0.0008,0.0007,378.2887033,-0.058725682,-0.996441857,0.060455932
0.00035,0.0008,0.00075,402.5124442,0.150181216,-0.981556231,-0.118291874
0.00035,0.0008,0.0008,356.9519323,0.001370785,-0.910015545,-0.414571862
0.00035,0.0008,0.00085,326.2473379,-0.119982436,-0.948044077,-0.294646641
0.00035,0.0008,0.0009,313.5915163,0.13381785,-0.96721168,0.215857245
0.00035,0.0008,0.00095,352.4607198,0.099959328,-0.581684866,0.807248939
0.00035,0.00085,5.00E-05,442.9844592,0.050240553,-0.081188517,0.995431721
0.00035,0.00085,0.0001,445.2974804,0.616495463,-0.787055073,-0.021855346
0.00035,0.00085,0.00015,441.7241814,0.682610776,-0.727108608,-0.073181968
0.00035,0.00085,0.0002,441.3077372,0.237647442,-0.786403716,0.570169175
0.00035,0.00085,0.00025,477.2067626,-0.136669226,-0.577588339,0.804806333
0.00035,0.00085,0.0003,511.4150807,0.085264999,-0.896293498,0.435187138
0.00035,0.00085,0.00035,505.9024388,0.331431012,-0.941098593,-0.066984494
0.00035,0.00085,0.0004,506.7634974,0.206329186,-0.94290397,-0.261458163
0.00035,0.00085,0.00045,479.1402851,0.104364865,-0.881869821,-0.459797339
0.00035,0.00085,0.0005,423.2041419,0.236683955,-0.800519856,-0.550589381
0.00035,0.00085,0.00055,372.7324004,0.014164408,-0.874854497,-0.484178664
0.00035,0.00085,0.0006,340.6832344,0.018395343,-0.916574386,-0.399440868
0.00035,0.00085,0.00065,301.2494651,0.062217581,-0.951271452,-0.302012576
0.00035,0.00085,0.0007,290.0915983,-0.174446883,-0.958250252,-0.226549641
0.00035,0.00085,0.00075,281.9652081,0.168190158,-0.913814016,-0.369670143
0.00035,0.00085,0.0008,268.8263706,0.395369483,0.778630544,-0.487255014
0.00035,0.00085,0.00085,264.0353868,-0.028783856,0.993923078,0.106246908
0.00035,0.00085,0.0009,275.3066046,0.1281068,0.95699155,0.260299482
0.00035,0.00085,0.00095,285.7073111,0.152553092,0.110518225,0.982096368
0.00035,0.0009,5.00E-05,452.7205557,-0.628180546,0.323127572,0.707797834
0.00035,0.0009,0.0001,415.404533,0.405820314,-0.462416328,-0.788340671
0.00035,0.0009,0.00015,417.5780266,0.639313698,-0.768577087,0.023817146
0.00035,0.0009,0.0002,417.0748066,0.304151423,-0.789040868,0.53376626
0.00035,0.0009,0.00025,451.3785608,-0.141736153,-0.785604048,0.602276633
0.00035,0.0009,0.0003,469.2224199,0.042177652,-0.988758216,0.14345116
0.00035,0.0009,0.00035,463.621364,0.314876507,-0.908150935,-0.275888862
0.00035,0.0009,0.0004,434.5658852,0.287933282,-0.855931708,-0.429505921
0.00035,0.0009,0.00045,375.2591884,0.160929895,-0.867480756,-0.470721474
0.00035,0.0009,0.0005,324.7229825,0.013224662,-0.898175819,-0.439437489
0.00035,0.0009,0.00055,292.5981719,0.156399639,-0.878871044,-0.450693734
0.00035,0.0009,0.0006,260.5102986,0.164833013,-0.888962233,-0.427289394
0.00035,0.0009,0.00065,232.4580527,0.46138122,-0.347500428,0.816315394
0.00035,0.0009,0.0007,296.7209548,0.672130782,0.434308008,0.599680553
0.00035,0.0009,0.00075,349.9454098,0.572457503,0.726766681,0.37960848
0.00035,0.0009,0.0008,385.6036775,0.439273001,0.889199146,0.127922281
0.00035,0.0009,0.00085,386.8689058,-0.372495269,0.927768998,0.022180178
0.00035,0.0009,0.0009,393.268388,-0.38155318,0.923319278,-0.043573872
0.00035,0.0009,0.00095,371.3300075,-0.302467794,0.933601999,0.192095136
0.00035,0.00095,5.00E-05,463.1055923,-0.041813767,-0.98686911,-0.156015925
0.00035,0.00095,0.0001,424.6839565,-0.042028246,-0.995758957,-0.081839639
0.00035,0.00095,0.00015,387.8246068,0.02061945,-0.999126522,-0.036345995
0.00035,0.00095,0.0002,391.3420409,0.042499121,-0.998823666,0.023347551
0.00035,0.00095,0.00025,409.1859,0.008466684,-0.999252764,0.037712442
0.00035,0.00095,0.0003,427.0297592,0.009504541,-0.999789987,-0.018156152
0.00035,0.00095,0.00035,391.8225728,0.047298702,-0.993748693,-0.101125505
0.00035,0.00095,0.0004,330.6728218,0.071871393,-0.98946524,-0.125670366
0.00035,0.00095,0.00045,276.7135647,0.02319473,-0.995528631,-0.091568276
0.00035,0.00095,0.0005,254.2514967,0.026926466,-0.998913758,-0.038029851
0.00035,0.00095,0.00055,247.5150648,-0.00205389,-0.998579744,-0.053237916
0.00035,0.00095,0.0006,215.5635956,0.033105253,-0.997862349,0.056345136
0.00035,0.00095,0.00065,285.8348121,0.119333088,-0.961018989,0.249403522
0.00035,0.00095,0.0007,375.1797336,0.127009684,-0.9594549,0.251624394
0.00035,0.00095,0.00075,452.1326432,0.153635438,-0.9605751,0.231714542
0.00035,0.00095,0.0008,525.4848728,0.21725985,-0.952649183,0.212738554
0.00035,0.00095,0.00085,584.6406076,0.233344159,-0.961840218,0.142877212
0.00035,0.00095,0.0009,604.5719094,-0.470100665,-0.882408722,-0.018979239
0.00035,0.00095,0.00095,574.6509234,-0.40428527,-0.862968982,-0.30304778
0.0004,0,5.00E-05,-506.7847918,-0.016740553,-0.883186568,-0.468722989
0.0004,0,0.0001,-514.1286626,-0.02930141,-0.9995593,-0.004757352
0.0004,0,0.00015,-510.7621647,-0.02855027,-0.999550797,0.009115202
0.0004,0,0.0002,-506.5293348,-0.02608817,-0.999615575,0.00938668
0.0004,0,0.00025,-502.9893643,-0.017904884,-0.999781529,0.010784702
0.0004,0,0.0003,-497.8478546,-0.009826804,-0.99993747,0.00533768
0.0004,0,0.00035,-498.6553562,-0.017114467,-0.999813416,0.008957074
0.0004,0,0.0004,-490.7799826,-0.035770919,-0.998466158,0.042258407
0.0004,0,0.00045,-465.756595,-0.027635762,-0.997811475,0.060071008
0.0004,0,0.0005,-448.1710426,-0.01977961,-0.999172616,0.035536601
0.0004,0,0.00055,-442.4147501,-0.032284018,-0.998621702,0.041381625
0.0004,0,0.0006,-423.7752307,-0.034542769,-0.994438304,0.099495003
0.0004,0,0.00065,-383.0964153,-0.029279423,-0.992065335,0.122266455
0.0004,0,0.0007,-343.6773067,-0.040546966,-0.987444719,0.152672429
0.0004,0,0.00075,-277.2655398,-0.053232843,-0.984417949,0.167593454
0.0004,0,0.0008,-210.558312,-0.052012847,-0.985093297,0.163969084
0.0004,0,0.00085,-146.1396707,0.001865995,-0.987115667,0.159997433
0.0004,0,0.0009,-87.00565746,-0.068727434,-0.959972176,0.271532615
0.0004,0,0.00095,-42.23042332,-0.039253163,-0.721077634,-0.691741451
0.0004,5.00E-05,5.00E-05,-446.1602027,-0.023791903,0.334459038,-0.942109918
0.0004,5.00E-05,0.0001,-429.5590873,-0.263087194,0.939333885,0.220084029
0.0004,5.00E-05,0.00015,-409.8073267,-0.210589521,0.975445138,0.064489046
0.0004,5.00E-05,0.0002,-415.9620026,-0.210251228,0.97746255,0.019010137
0.0004,5.00E-05,0.00025,-405.9859819,-0.111389053,0.989054893,0.096762063
0.0004,5.00E-05,0.0003,-395.2510606,-0.002128986,0.998392036,0.056646355
0.0004,5.00E-05,0.00035,-394.2233855,-0.167168085,0.979206942,-0.114928655
0.0004,5.00E-05,0.0004,-419.6276274,-0.006360512,0.998443348,-0.055411413
0.0004,5.00E-05,0.00045,-403.6262711,0.080409666,0.960715228,0.265632332
0.0004,5.00E-05,0.0005,-380.6247568,0.185891332,0.902701277,0.388039711
0.0004,5.00E-05,0.00055,-341.9511449,0.194340743,0.97400672,0.116372616
0.0004,5.00E-05,0.0006,-358.2022855,-0.180643406,0.977702238,0.107080778
0.0004,5.00E-05,0.00065,-325.8905948,-0.42815706,0.74519468,0.511240081
0.0004,5.00E-05,0.0007,-271.1201779,-0.344717002,0.888975344,0.301484701
0.0004,5.00E-05,0.00075,-280.4327497,0.448277493,0.283130871,0.847870391
0.0004,5.00E-05,0.0008,-212.9380604,0.266891766,-0.009184796,0.963682741
0.0004,5.00E-05,0.00085,-146.9904209,0.407466759,0.066131403,0.910822418
0.0004,5.00E-05,0.0009,-104.94142,0.447320965,-0.202379026,0.871175461
0.0004,5.00E-05,0.00095,-76.30400831,-0.066701086,-0.108385698,-0.991868694
0.0004,0.0001,5.00E-05,-381.3754825,-0.003129024,0.420634797,-0.907224656
0.0004,0.0001,0.0001,-358.9720692,-0.237510529,0.852651515,0.465375271
0.0004,0.0001,0.00015,-305.096071,-0.31252113,0.919508641,0.23839967
0.0004,0.0001,0.0002,-310.0435648,-0.279558329,0.958168122,0.061326925
0.0004,0.0001,0.00025,-291.2921576,-0.158267678,0.983723817,0.0850811
0.0004,0.0001,0.0003,-290.532086,-0.075431654,0.997149749,0.00156301
0.0004,0.0001,0.00035,-290.9638683,-0.070092577,0.986461162,-0.148261279
0.0004,0.0001,0.0004,-321.3519159,0.135845798,0.976628396,-0.166561989
0.0004,0.0001,0.00045,-324.6945059,0.23113304,0.967983533,0.097905046
0.0004,0.0001,0.0005,-304.6954819,0.322766621,0.86993708,0.372868857
0.0004,0.0001,0.00055,-254.744845,0.462143514,0.876020605,0.13788137
0.0004,0.0001,0.0006,-277.1341994,0.01672627,0.999819966,-0.008959248
0.0004,0.0001,0.00065,-256.1636381,-0.658071117,0.670749173,0.3421081
0.0004,0.0001,0.0007,-209.6376579,-0.67533324,0.737444468,-0.010033556
0.0004,0.0001,0.00075,-257.8366816,0.243864345,0.96923281,-0.03343563
0.0004,0.0001,0.0008,-211.8301419,0.480090106,0.212451319,0.851103946
0.0004,0.0001,0.00085,-138.2984393,0.32067786,0.175822231,0.930726734
0.0004,0.0001,0.0009,-103.4265141,0.394141287,0.210636221,0.894586513
0.0004,0.0001,0.00095,-79.51684669,-0.138056839,0.349905555,-0.926556211
0.0004,0.00015,5.00E-05,-316.5907624,0.01363748,0.611821936,-0.790877954
0.0004,0.00015,0.0001,-289.801434,-0.131092342,0.926542901,0.352608919
0.0004,0.00015,0.00015,-221.0898569,-0.268363064,0.911175632,0.312634345
0.0004,0.00015,0.0002,-200.2905037,-0.197960854,0.974031894,0.109878883
0.0004,0.00015,0.00025,-180.3905631,-0.122149711,0.991698526,0.040168176
0.0004,0.00015,0.0003,-185.8131114,-0.064013899,0.997491606,-0.030211201
0.0004,0.00015,0.00035,-189.1626618,0.031279049,0.991244076,-0.128284072
0.0004,0.00015,0.0004,-221.8496186,0.178440629,0.968311862,-0.174731451
0.0004,0.00015,0.00045,-238.9447311,0.190071103,0.981681319,0.013219841
0.0004,0.00015,0.0005,-217.4258125,0.244157122,0.950939767,0.190002264
0.0004,0.00015,0.00055,-166.8422717,0.370182286,0.927492092,0.052187107
0.0004,0.00015,0.0006,-199.8700537,0.203458635,0.97293188,-0.109581665
0.0004,0.00015,0.00065,-193.5545016,-0.370364564,0.908201359,0.194936865
0.0004,0.00015,0.0007,-148.1551379,-0.520904406,0.850479311,-0.073099533
0.0004,0.00015,0.00075,-216.876974,-0.044303173,0.992671083,-0.112433758
0.0004,0.00015,0.0008,-183.0990997,0.090251494,0.946252823,0.310580524
0.0004,0.00015,0.00085,-126.5120495,0.128083125,0.915509743,0.381361538
0.0004,0.00015,0.0009,-91.10091119,-0.307663957,0.710388221,0.633001947
0.0004,0.00015,0.00095,28.66090029,-0.552518185,0.21868139,-0.804302248
0.0004,0.0002,5.00E-05,-135.0135235,0.011961112,0.982110105,-0.187927311
0.0004,0.0002,0.0001,-108.026386,-0.064086906,0.979759912,0.189640139
0.0004,0.0002,0.00015,-44.21565347,-0.146060821,0.936034558,0.320164869
0.0004,0.0002,0.0002,50.73922795,-0.097509721,0.9743367,0.202878903
0.0004,0.0002,0.00025,66.13528735,-0.040821679,0.995147535,-0.089526386
0.0004,0.0002,0.0003,-0.90126616,-0.039186655,0.983326085,-0.177578762
0.0004,0.0002,0.00035,-12.51173006,0.004226362,0.994644833,-0.10326565
0.0004,0.0002,0.0004,-45.47388673,0.100618723,0.994235275,0.037041729
0.0004,0.0002,0.00045,3.809273592,0.141608786,0.970411198,0.195573666
0.0004,0.0002,0.0005,56.16914489,0.157432059,0.984345077,0.079245927
0.0004,0.0002,0.00055,57.26377751,0.238767546,0.951983874,-0.191616186
0.0004,0.0002,0.0006,-39.96696851,0.029367574,0.989928787,-0.138486613
0.0004,0.0002,0.00065,-15.2263643,-0.230974193,0.956649638,0.177404601
0.0004,0.0002,0.0007,61.70853733,-0.296857776,0.946733576,0.124783803
0.0004,0.0002,0.00075,50.68151561,-0.107870808,0.994161314,0.002677724
0.0004,0.0002,0.0008,63.48675115,0.049931909,0.997350751,0.052898807
0.0004,0.0002,0.00085,82.55560457,-0.066952706,0.9976563,0.014115324
0.0004,0.0002,0.0009,70.71676676,-0.299339572,0.934059102,-0.194754757
0.0004,0.0002,0.00095,-18.20850873,-0.396884056,0.791173542,-0.465325125
0.0004,0.00025,5.00E-05,152.7984091,0.008725281,0.945075117,-0.326736732
0.0004,0.00025,0.0001,179.2981652,-0.053719937,0.986494653,0.154733536
0.0004,0.00025,0.00015,243.0775627,-0.041665205,0.960481192,0.275208812
0.0004,0.00025,0.0002,329.6757478,0.021755867,0.946103201,0.323133742
0.0004,0.00025,0.00025,393.629152,0.007272229,0.982485256,-0.186198381
0.0004,0.00025,0.0003,249.6875254,-0.019007757,0.955029411,-0.295901214
0.0004,0.00025,0.00035,240.1565413,-0.017407729,0.997593217,-0.067117397
0.0004,0.00025,0.0004,216.2216611,0.026817469,0.998487647,0.047992109
0.0004,0.00025,0.00045,265.3948246,0.078196276,0.904952781,0.418265236
0.0004,0.00025,0.0005,446.5537713,0.154666944,0.983338801,0.095514077
0.0004,0.00025,0.00055,310.7793293,0.149917071,0.958737897,-0.241550235
0.0004,0.00025,0.0006,318.3033384,-0.020092611,0.99737933,0.069503661
0.0004,0.00025,0.00065,354.7279842,-0.149875554,0.987307656,0.05254436
0.0004,0.00025,0.0007,351.887345,-0.209155434,0.965412138,0.155670835
0.0004,0.00025,0.00075,443.3224,-0.102320762,0.988458106,0.11171855
0.0004,0.00025,0.0008,417.8529457,0.030536,0.99384723,-0.106467067
0.0004,0.00025,0.00085,384.4978841,-0.086400835,0.99516439,-0.046719715
0.0004,0.00025,0.0009,392.1716859,-0.167594041,0.985812127,-0.009310619
0.0004,0.00025,0.00095,378.455815,-0.088407219,0.95049485,-0.297898816
0.0004,0.0003,5.00E-05,441.0433461,0.011223115,0.76922098,-0.638884282
0.0004,0.0003,0.0001,467.5431022,0.058174756,0.99031844,0.126036044
0.0004,0.0003,0.00015,480.6034415,0.161352305,0.982618054,0.091799747
0.0004,0.0003,0.0002,491.5391886,0.258017408,0.965147942,0.043777478
0.0004,0.0003,0.00025,488.1972223,0.137138628,0.990264828,0.023844652
0.0004,0.0003,0.0003,494.4358601,-0.014393745,0.999826132,-0.011854397
0.0004,0.0003,0.00035,484.9050424,-0.00259212,0.998629988,-0.052263063
0.0004,0.0003,0.0004,479.6148125,0.011401656,0.998302035,0.0571231
0.0004,0.0003,0.00045,502.1525872,0.019766622,0.985686706,0.167424602
0.0004,0.0003,0.0005,523.412779,0.225713806,0.814077455,0.535099219
0.0004,0.0003,0.00055,566.3030271,0.184538162,0.949164652,0.25501398
0.0004,0.0003,0.0006,590.6973662,0.078178346,0.982863056,0.16693819
0.0004,0.0003,0.00065,615.8165679,-0.153563073,0.985795067,0.068018153
0.0004,0.0003,0.0007,611.1378793,-0.286096778,0.95639528,0.058793733
0.0004,0.0003,0.00075,634.3288407,-0.239833424,0.970783232,0.007736035
0.0004,0.0003,0.0008,612.6009863,0.025952559,0.999423173,-0.021904022
0.0004,0.0003,0.00085,629.585385,0.011048628,0.941492818,0.336851898
0.0004,0.0003,0.0009,710.4534885,-0.031605589,0.959099902,0.281297821
0.0004,0.0003,0.00095,745.551045,-0.01669445,0.904822231,-0.425462131
0.0004,0.00035,5.00E-05,487.5218454,0.015309309,0.135699405,-0.990631766
0.0004,0.00035,0.0001,490.1385475,0.58249011,0.76700036,0.26910169
0.0004,0.00035,0.00015,499.9299898,0.900286072,0.409094218,0.148751167
0.0004,0.00035,0.0002,497.0933857,0.784614774,0.471379767,0.40271674
0.0004,0.00035,0.00025,513.9274869,0.089004346,0.695327347,0.713160646
0.0004,0.00035,0.0003,527.3572772,0.196535232,0.948507066,0.248411451
0.0004,0.00035,0.00035,523.3535378,0.262576093,0.938655765,-0.223560169
0.0004,0.00035,0.0004,517.6454128,0.291788711,0.956480017,-0.002307605
0.0004,0.00035,0.00045,523.2486458,-0.020469152,0.837407622,0.546195468
0.0004,0.00035,0.0005,544.1495536,-0.094554801,0.67976305,0.727311203
0.0004,0.00035,0.00055,561.2132536,0.281497143,0.117853594,0.952297164
0.0004,0.00035,0.0006,609.8185986,0.166533508,0.275442181,0.946783077
0.0004,0.00035,0.00065,650.9747388,-0.517972781,0.470588132,0.714318562
0.0004,0.00035,0.0007,653.0257401,-0.774714895,0.571680349,-0.27018218
0.0004,0.00035,0.00075,626.925466,-0.911360057,0.275309206,-0.305986418
0.0004,0.00035,0.0008,634.2844144,-0.309548421,0.4835557,0.818751281
0.0004,0.00035,0.00085,657.9932351,0.09290518,0.18593047,0.978160768
0.0004,0.00035,0.0009,787.5627797,0.135586034,0.129820609,0.982223517
0.0004,0.00035,0.00095,951.4052464,0.213236645,0.400735408,-0.891033819
0.0004,0.0004,5.00E-05,504.2288995,0.028202141,0.074020319,-0.996857879
0.0004,0.0004,0.0001,502.9091054,0.748438799,0.645156905,-0.153661744
0.0004,0.0004,0.00015,499.7305794,0.958071942,0.218683459,0.185136975
0.0004,0.0004,0.0002,507.9232528,0.597463588,0.406349485,0.691315671
0.0004,0.0004,0.00025,517.7043348,0.67304365,0.057818543,0.737339312
0.0004,0.0004,0.0003,530.4272601,0.953010653,0.033699875,0.301056497
0.0004,0.0004,0.00035,525.681973,0.746909938,0.632934546,-0.203763111
0.0004,0.0004,0.0004,523.0915355,0.106832328,0.917797201,0.382407049
0.0004,0.0004,0.00045,542.7878008,-0.195550557,0.720945958,0.664828478
0.0004,0.0004,0.0005,558.895441,-0.335655682,0.665228561,0.666937947
0.0004,0.0004,0.00055,574.4300417,-0.26773991,0.491168706,0.828896039
0.0004,0.0004,0.0006,616.8111613,-0.299365225,-0.054356125,0.952589037
0.0004,0.0004,0.00065,644.2811341,-0.311213253,-0.440818225,0.841917813
0.0004,0.0004,0.0007,662.0239025,-0.963722967,0.158230291,0.214944685
0.0004,0.0004,0.00075,651.1912215,-0.281641994,0.821546241,-0.495721253
0.0004,0.0004,0.0008,630.949656,0.206705634,0.974671208,0.085374568
0.0004,0.0004,0.00085,658.7207986,0.453513912,0.192971426,0.870107557
0.0004,0.0004,0.0009,749.2337919,0.042990913,-0.157888577,0.986520643
0.0004,0.0004,0.00095,880.4920806,-0.024519834,-0.623932443,-0.781093519
0.0004,0.00045,5.00E-05,515.5587529,0.048862862,0.069774879,-0.996365338
0.0004,0.00045,0.0001,509.0249808,0.706595363,0.551265335,-0.443654734
0.0004,0.00045,0.00015,505.8526916,0.968841134,0.238198575,-0.067884427
0.0004,0.00045,0.0002,507.6582066,0.908138471,-0.06137469,0.414146912
0.0004,0.00045,0.00025,515.6921411,0.801473428,0.027395496,0.59740257
0.0004,0.00045,0.0003,528.2502837,0.727848106,0.004477736,0.685723766
0.0004,0.00045,0.00035,546.1399661,0.570496477,0.398946348,0.717896637
0.0004,0.00045,0.0004,558.7003069,0.022820916,0.919878736,0.391538398
0.0004,0.00045,0.00045,562.0747217,-0.344115569,0.850121386,0.398595163
0.0004,0.00045,0.0005,575.7106943,-0.404760349,0.664455289,0.628226256
0.0004,0.00045,0.00055,595.5316579,-0.555474075,0.576017358,0.599710392
0.0004,0.00045,0.0006,605.832793,-0.602953917,-0.358193537,0.712842174
0.0004,0.00045,0.00065,627.3018814,-0.296589565,-0.55076669,0.780186313
0.0004,0.00045,0.0007,658.1125611,-0.227916384,-0.489598873,0.84163357
0.0004,0.00045,0.00075,678.4240254,0.169624295,0.450050668,0.876745114
0.0004,0.00045,0.0008,720.2451655,0.599676474,0.796339241,0.078942634
0.0004,0.00045,0.00085,684.226151,0.565252605,0.68559848,0.458741993
0.0004,0.00045,0.0009,752.0691969,-0.143054445,-0.484718071,0.862892703
0.0004,0.00045,0.00095,755.6969255,-0.166082294,-0.574400397,-0.801549035
0.0004,0.0005,5.00E-05,521.5031908,0.086779595,0.035139716,-0.995607605
0.0004,0.0005,0.0001,514.9694188,0.761790106,0.141567581,-0.632166477
0.0004,0.0005,0.00015,504.5264314,0.946203636,0.179473399,-0.269235914
0.0004,0.0005,0.0002,506.4650911,0.887604309,0.115455667,0.445901984
0.0004,0.0005,0.00025,518.6486397,0.710195877,0.133608381,0.691209531
0.0004,0.0005,0.0003,530.6260826,0.746331512,0.109239773,0.65654851
0.0004,0.0005,0.00035,542.6035254,0.761134893,-0.070607878,0.644738864
0.0004,0.0005,0.0004,560.5285862,0.592890492,-0.103270545,0.798633871
0.0004,0.0005,0.00045,579.0674536,0.311102429,0.213940722,0.92598307
0.0004,0.0005,0.0005,594.2817974,-0.158985041,0.002799064,0.987277024
0.0004,0.0005,0.00055,603.3620928,-0.890495235,0.349996207,0.290724768
0.0004,0.0005,0.0006,600.8470543,-0.981878344,-0.146697871,0.119977712
0.0004,0.0005,0.00065,607.374623,-0.775939125,-0.338230436,0.532464691
0.0004,0.0005,0.0007,632.2848985,-0.452588908,-0.28128689,0.846192038
0.0004,0.0005,0.00075,683.0851205,-0.154768989,-0.269672085,0.950433336
0.0004,0.0005,0.0008,689.4789966,0.335783671,-0.867943971,0.365954355
0.0004,0.0005,0.00085,706.2824081,0.543349302,-0.604332888,0.582712018
0.0004,0.0005,0.0009,709.0860704,-0.280020228,-0.958730917,0.049231094
0.0004,0.0005,0.00095,711.0056401,-0.34793573,-0.419020787,-0.838666983
0.0004,0.00055,5.00E-05,522.4778012,0.146674221,-0.012772297,-0.989102392
0.0004,0.00055,0.0001,512.8267622,0.941291342,0.015491644,-0.337239704
0.0004,0.00055,0.00015,511.5216998,0.99717027,0.063503975,-0.040233042
0.0004,0.00055,0.0002,511.3148151,0.956677632,0.099523999,0.273610822
0.0004,0.00055,0.00025,520.3623761,0.677124766,0.1130064,0.727139329
0.0004,0.00055,0.0003,532.2360155,0.735196859,0.112093479,0.668521227
0.0004,0.00055,0.00035,542.8652258,0.826515457,0.093507816,0.555093225
0.0004,0.00055,0.0004,553.9851929,0.814719709,-0.078287104,0.574545842
0.0004,0.00055,0.00045,569.8731217,0.735783806,-0.524340286,0.428590079
0.0004,0.00055,0.0005,575.7795729,0.223172812,-0.753754153,0.618100779
0.0004,0.00055,0.00055,603.4354049,-0.353966198,-0.592834405,0.723363877
0.0004,0.00055,0.0006,600.9266348,-0.894040928,-0.425965802,0.138722578
0.0004,0.00055,0.00065,607.3320394,-0.854572013,0.045552784,0.517331246
0.0004,0.00055,0.0007,632.9452593,-0.724657926,-0.352789415,0.591954829
0.0004,0.00055,0.00075,662.1960049,-0.455307818,-0.791964111,0.406801719
0.0004,0.00055,0.0008,665.2275229,0.027232986,-0.999369478,0.022781813
0.0004,0.00055,0.00085,663.8915789,-0.026636432,-0.998482712,-0.048195172
0.0004,0.00055,0.0009,660.0885371,-0.236189782,-0.971570219,-0.01630017
0.0004,0.00055,0.00095,661.9754277,-0.18687669,-0.628537016,-0.754995577
0.0004,0.0006,5.00E-05,519.5772314,0.255984209,-0.108437357,-0.960579734
0.0004,0.0006,0.0001,515.4727048,0.908001571,0.083254517,-0.410611535
0.0004,0.0006,0.00015,506.912894,0.980134231,-0.127971586,-0.151526108
0.0004,0.0006,0.0002,509.6808245,0.890977196,-0.002940371,0.454038534
0.0004,0.0006,0.00025,521.9000517,0.744047966,0.08248926,0.663014439
0.0004,0.0006,0.0003,534.3992204,0.773245856,0.095215826,0.626916895
0.0004,0.0006,0.00035,546.2672669,0.839453057,0.096157907,0.534857198
0.0004,0.0006,0.0004,556.8485144,0.97688285,-0.131686826,0.168399757
0.0004,0.0006,0.00045,552.4040472,0.834661536,-0.544122259,-0.085270676
0.0004,0.0006,0.0005,553.3536653,0.22169655,-0.768712504,0.599943103
0.0004,0.0006,0.00055,582.7527647,-0.210733071,-0.761911409,0.612439856
0.0004,0.0006,0.0006,588.8819289,-0.550116577,-0.576607016,0.604066305
0.0004,0.0006,0.00065,610.1939723,-0.824331174,-0.536915666,0.179442704
0.0004,0.0006,0.0007,599.5874268,-0.648168313,-0.754664482,0.101780927
0.0004,0.0006,0.00075,620.2378095,-0.478934965,-0.866986021,0.137682744
0.0004,0.0006,0.0008,615.0992753,-0.216937739,-0.960801877,-0.172620305
0.0004,0.0006,0.00085,599.8155514,-0.063288534,-0.984451202,-0.163860896
0.0004,0.0006,0.0009,594.8740451,-0.161093973,-0.986545942,-0.027853844
0.0004,0.0006,0.00095,596.4441195,-0.152289942,-0.845915787,-0.511110805
0.0004,0.00065,5.00E-05,513.337148,0.627350218,-0.355790225,-0.692708466
0.0004,0.00065,0.0001,515.39455,0.964207408,-0.160861702,-0.210778528
0.0004,0.00065,0.00015,506.6301592,0.990173618,-0.077729607,-0.11625108
0.0004,0.00065,0.0002,511.2177577,0.89091035,0.009756742,0.454074392
0.0004,0.00065,0.00025,523.4377272,0.777010853,0.046920356,0.627736102
0.0004,0.00065,0.0003,535.936896,0.785280398,-0.072561204,0.614873619
0.0004,0.00065,0.00035,546.9012136,0.877660027,-0.217678816,0.426999777
0.0004,0.00065,0.0004,549.1862957,0.944459016,-0.327954217,0.021052299
0.0004,0.00065,0.00045,547.5720767,0.897834168,-0.149630271,-0.414131125
0.0004,0.00065,0.0005,536.8934877,0.404180591,-0.740832605,0.536474698
0.0004,0.00065,0.00055,559.2361434,-0.220889062,-0.704818865,0.674120456
0.0004,0.00065,0.0006,574.7328334,-0.275834095,-0.907435033,0.316981409
0.0004,0.00065,0.00065,575.2998118,-0.344937501,-0.909983337,-0.230105297
0.0004,0.00065,0.0007,558.4742617,-0.476296748,-0.858510129,-0.190004648
0.0004,0.00065,0.00075,564.5181447,-0.465549234,-0.883142134,-0.057653124
0.0004,0.00065,0.0008,551.5575585,-0.202999927,-0.964333204,-0.169860244
0.0004,0.00065,0.00085,542.3814893,-0.098681222,-0.991281263,-0.087312503
0.0004,0.00065,0.0009,540.6769251,-0.154282509,-0.987178147,-0.040941585
0.0004,0.00065,0.00095,537.3551639,-0.091902801,-0.972902817,-0.212164993
0.0004,0.0007,5.00E-05,508.2977796,0.426073297,-0.166049717,0.889319424
0.0004,0.0007,0.0001,510.3540732,0.8594627,-0.493724833,-0.132512854
0.0004,0.0007,0.00015,504.1201421,0.968542744,-0.24870643,-0.008370496
0.0004,0.0007,0.0002,510.0419704,0.868751013,-0.094241454,0.48619978
0.0004,0.0007,0.00025,523.7476924,0.785732263,-0.035373441,0.617554476
0.0004,0.0007,0.0003,531.6302956,0.719209047,-0.456415197,0.523854478
0.0004,0.0007,0.00035,539.5128989,0.668939777,-0.601949489,0.436092179
0.0004,0.0007,0.0004,546.3977611,0.864208944,-0.394303941,0.312517685
0.0004,0.0007,0.00045,547.9625163,0.91386251,0.136775078,-0.382292939
0.0004,0.0007,0.0005,537.2464361,0.324100754,0.863520867,-0.386381177
0.0004,0.0007,0.00055,543.1902734,-0.324469596,-0.934645115,0.145457867
0.0004,0.0007,0.0006,542.8958393,-0.148401451,-0.988043175,0.041805417
0.0004,0.0007,0.00065,545.8971937,-0.075594022,-0.988946837,0.127552725
0.0004,0.0007,0.0007,550.8719322,0.021174127,-0.945345523,-0.325382081
0.0004,0.0007,0.00075,514.2863603,-0.050513568,-0.731144539,-0.680349941
0.0004,0.0007,0.0008,489.4247127,-0.157075322,-0.932901225,-0.324071979
0.0004,0.0007,0.00085,476.2849269,-0.132529102,-0.985683356,-0.104232233
0.0004,0.0007,0.0009,473.679945,-0.062938112,-0.99739599,-0.035214097
0.0004,0.0007,0.00095,471.0749631,0.027873911,-0.969073743,0.245192016
0.0004,0.00075,5.00E-05,506.0031295,0.302104077,-0.166793064,0.938569763
0.0004,0.00075,0.0001,499.8292421,0.843238152,-0.507238119,-0.177929507
0.0004,0.00075,0.00015,497.3568772,0.911055848,-0.381518825,0.15627101
0.0004,0.00075,0.0002,507.4132951,0.820580961,-0.286291204,0.494655671
0.0004,0.00075,0.00025,522.2011507,0.79565938,-0.47473392,0.376236437
0.0004,0.00075,0.0003,522.2012497,0.72490594,-0.636885803,0.262464954
0.0004,0.00075,0.00035,526.5172931,0.581919996,-0.576806506,0.5732917
0.0004,0.00075,0.0004,538.5254032,0.549354387,-0.307225373,0.777060054
0.0004,0.00075,0.00045,550.8461973,0.666535486,-0.58001922,0.468303481
0.0004,0.00075,0.0005,547.5589434,0.758403593,-0.348687858,-0.550673014
0.0004,0.00075,0.00055,522.935686,0.155760748,-0.878013677,-0.452582116
0.0004,0.00075,0.0006,510.7565761,0.141211985,-0.983673399,-0.111560835
0.0004,0.00075,0.00065,513.4592525,0.180754047,-0.943641394,-0.277252403
0.0004,0.00075,0.0007,466.6340482,0.07805066,-0.993319728,-0.08499419
0.0004,0.00075,0.00075,498.4833054,0.163742434,-0.965938436,-0.200378027
0.0004,0.00075,0.0008,442.1633928,-0.045330415,-0.76539237,-0.641965477
0.0004,0.00075,0.00085,393.4893956,-0.046909837,-0.950707252,-0.306521104
0.0004,0.00075,0.0009,393.1111092,0.295415072,-0.9541618,0.048012441
0.0004,0.00075,0.00095,400.5349075,0.331577198,-0.619082873,0.711893924
0.0004,0.0008,5.00E-05,490.6522012,0.371060404,-0.286146569,0.883421936
0.0004,0.0008,0.0001,485.7054984,0.871344939,-0.482930306,-0.086811965
0.0004,0.0008,0.00015,485.6044943,0.88224789,-0.442637152,0.160346537
0.0004,0.0008,0.0002,495.6628833,0.696708607,-0.667645112,0.262387351
0.0004,0.0008,0.00025,505.0882991,0.250046971,-0.878862242,0.406297517
0.0004,0.0008,0.0003,521.1569361,-0.264719587,-0.704035652,0.658982049
0.0004,0.0008,0.00035,523.0886633,-0.005355493,-0.896551525,0.44290708
0.0004,0.0008,0.0004,536.7788692,-0.038250572,-0.952994719,0.300562737
0.0004,0.0008,0.00045,536.7739876,-0.093689821,-0.960618064,-0.261601133
0.0004,0.0008,0.0005,519.5734139,0.265633038,-0.778840904,-0.568195332
0.0004,0.0008,0.00055,471.7933253,0.317266415,-0.847935988,-0.424672323
0.0004,0.0008,0.0006,459.3385988,0.29948182,-0.836445116,-0.458988244
0.0004,0.0008,0.00065,395.7241264,0.179634437,-0.903700513,-0.388660331
0.0004,0.0008,0.0007,375.8493362,-0.011641525,-0.999927133,0.003194335
0.0004,0.0008,0.00075,396.323593,-0.124833913,-0.990625836,-0.055470232
0.0004,0.0008,0.0008,364.2442468,0.01380054,-0.905574311,-0.423963102
0.0004,0.0008,0.00085,324.1441409,0.00496386,-0.970748637,-0.240046754
0.0004,0.0008,0.0009,333.6629371,0.403311552,-0.838823185,0.365671241
0.0004,0.0008,0.00095,372.9009038,0.248705561,-0.51801667,0.81841571
0.0004,0.00085,5.00E-05,469.4649291,0.274932095,-0.30448364,0.911977004
0.0004,0.00085,0.0001,471.7491193,0.837568095,-0.546295623,0.006385755
0.0004,0.00085,0.00015,469.8694828,0.851521742,-0.481659926,-0.207158005
0.0004,0.00085,0.0002,457.8367168,0.606519896,-0.794185989,-0.037446372
0.0004,0.00085,0.00025,467.0549599,0.10071624,-0.86795952,0.486315238
0.0004,0.00085,0.0003,502.9702279,-0.222686055,-0.890067265,0.397732554
0.0004,0.00085,0.00035,494.8947055,-0.212180663,-0.973212169,-0.08852932
0.0004,0.00085,0.0004,495.133325,-0.198654092,-0.977854291,-0.065859985
0.0004,0.00085,0.00045,487.6665354,-0.010145581,-0.964776619,-0.262874765
0.0004,0.00085,0.0005,458.4881699,0.193885959,-0.872116813,-0.449244365
0.0004,0.00085,0.00055,402.6658574,0.36118462,-0.805562178,-0.469696975
0.0004,0.00085,0.0006,372.1305639,0.284421513,-0.85847911,-0.426752879
0.0004,0.00085,0.00065,319.3327019,0.180095347,-0.818326556,-0.545808862
0.0004,0.00085,0.0007,278.9821996,0.798183187,-0.380241902,-0.467246933
0.0004,0.00085,0.00075,291.2315784,0.989194594,0.055186848,0.135825137
0.0004,0.00085,0.0008,287.9899345,0.726748464,0.64612603,-0.233147641
0.0004,0.00085,0.00085,269.8186347,-0.014322979,-0.998522555,-0.052417164
0.0004,0.00085,0.0009,281.2666474,0.118750222,-0.967244096,0.22435963
0.0004,0.00085,0.00095,301.1684672,0.160332089,-0.537390547,0.827952306
0.0004,0.0009,5.00E-05,433.7000877,0.036564807,-0.13082487,0.990730977
0.0004,0.0009,0.0001,451.0962939,0.671717227,-0.709956233,0.211561135
0.0004,0.0009,0.00015,453.2569789,0.794450561,-0.577367376,-0.188401748
0.0004,0.0009,0.0002,435.9707287,0.66870565,-0.630877534,-0.393479721
0.0004,0.0009,0.00025,424.5354857,-0.139585225,-0.93881772,0.314860689
0.0004,0.0009,0.0003,458.8556586,-0.210156297,-0.967728918,0.13905061
0.0004,0.0009,0.00035,436.9367613,-0.311728962,-0.911730254,-0.267531302
0.0004,0.0009,0.0004,429.4588146,-0.115613368,-0.963150483,-0.242847065
0.0004,0.0009,0.00045,402.2826119,0.17530108,-0.911537724,-0.371979178
0.0004,0.0009,0.0005,354.5618387,0.275376541,-0.883172608,-0.379702391
0.0004,0.0009,0.00055,323.6841722,0.348810812,-0.86919376,-0.350475712
0.0004,0.0009,0.0006,291.7011284,0.316820818,-0.851084179,-0.418664889
0.0004,0.0009,0.00065,256.0675808,0.783397209,0.047410807,0.619710439
0.0004,0.0009,0.0007,352.9808615,0.488099048,0.595666405,0.637919159
0.0004,0.0009,0.00075,399.9835083,0.485464544,0.828775309,0.278308576
0.0004,0.0009,0.0008,423.5863025,0.269121051,0.784975594,-0.558020768
0.0004,0.0009,0.00085,196.0686549,-0.264741399,0.807961678,-0.526412309
0.0004,0.0009,0.0009,198.5096546,-0.960890356,-0.090249143,0.26181065
0.0004,0.0009,0.00095,250.7489673,-0.515727202,0.212146831,0.830071789
0.0004,0.00095,5.00E-05,443.0092982,-0.041056892,-0.998022999,0.047585982
0.0004,0.00095,0.0001,406.1201615,0.017738642,-0.999638829,-0.020187926
0.0004,0.00095,0.00015,423.5163677,0.073844383,-0.997252548,0.005861893
0.0004,0.00095,0.0002,411.7867075,0.059422006,-0.997890411,-0.026148675
0.0004,0.00095,0.00025,398.8191387,0.010740344,-0.999928502,0.005256939
0.0004,0.00095,0.0003,416.6629978,-0.02166655,-0.99975604,-0.004291895
0.0004,0.00095,0.00035,394.7120659,-0.008044108,-0.997987193,-0.06290353
0.0004,0.00095,0.0004,357.6922539,0.032231695,-0.994673396,-0.097907884
0.0004,0.00095,0.00045,304.1309423,0.062311409,-0.993630877,-0.09388806
0.0004,0.00095,0.0005,275.6713359,0.062958095,-0.995477789,-0.071135435
0.0004,0.00095,0.00055,246.7687858,0.035372239,-0.99794641,-0.053401949
0.0004,0.00095,0.0006,234.6759726,0.088009726,-0.990363434,0.106932482
0.0004,0.00095,0.00065,324.020894,0.12995644,-0.954904815,0.266960893
0.0004,0.00095,0.0007,413.3658155,0.114420244,-0.962687787,0.245235055
0.0004,0.00095,0.00075,501.4875723,0.129612947,-0.964528271,0.229968909
0.0004,0.00095,0.0008,574.8398019,0.130449452,-0.97586909,0.175106998
0.0004,0.00095,0.00085,615.2765638,-0.292389847,-0.706242887,-0.644770628
0.0004,0.00095,0.0009,262.4177146,-0.801141634,-0.447144192,-0.397786568
0.0004,0.00095,0.00095,361.2776116,-0.734076243,-0.578071763,0.356321634
0.00045,0,5.00E-05,-512.7401996,-0.010536057,-0.879967427,-0.474917171
0.00045,0,0.0001,-525.0513701,-0.018051105,-0.999773163,-0.01130399
0.00045,0,0.00015,-522.7707184,-0.020281419,-0.999766288,0.007485486
0.00045,0,0.0002,-518.3781815,-0.019315837,-0.999683143,0.016140394
0.00045,0,0.00025,-508.6389328,-0.016466485,-0.999462273,0.028355231
0.00045,0,0.0003,-494.8887297,-0.005251267,-0.999876652,0.014802171
0.00045,0,0.00035,-496.7718963,0.001537967,-0.999981637,-0.005861822
0.00045,0,0.0004,-499.592697,-0.016483788,-0.999474413,0.027913823
0.00045,0,0.00045,-475.1943752,-0.028272051,-0.997668501,0.062114841
0.00045,0,0.0005,-455.2135083,-0.026977131,-0.999001458,0.035613508
0.00045,0,0.00055,-452.1004771,-0.031966672,-0.999114687,0.027349108
0.00045,0,0.0006,-438.7198088,-0.044536408,-0.995896629,0.078780787
0.00045,0,0.00065,-401.7671768,-0.060307495,-0.993142786,0.100151946
0.00045,0,0.0007,-365.4867191,-0.058745742,-0.992141343,0.110473947
0.00045,0,0.00075,-315.4288363,-0.08782752,-0.986415574,0.138818741
0.00045,0,0.0008,-249.3652921,-0.07180684,-0.97672986,0.202095421
0.00045,0,0.00085,-144.0989938,-0.028167901,-0.966413557,0.255443547
0.00045,0,0.0009,-97.48606084,-0.010774899,-0.89706265,0.441772003
0.00045,0,0.00095,-55.33474898,-0.031187166,-0.547887363,-0.835970572
0.00045,5.00E-05,5.00E-05,-445.9156827,-0.01083406,0.335074342,-0.942129401
0.00045,5.00E-05,0.0001,-445.3299935,-0.135098467,0.987116501,0.085728739
0.00045,5.00E-05,0.00015,-432.0672234,-0.154192092,0.983465398,0.094976893
0.00045,5.00E-05,0.0002,-427.8108492,-0.013356373,0.991765815,0.127366308
0.00045,5.00E-05,0.00025,-408.8052264,-0.321517672,0.933979184,0.155914306
0.00045,5.00E-05,0.0003,-395.3140366,-0.268476166,0.962219354,-0.04532619
0.00045,5.00E-05,0.00035,-418.1792119,-0.505966111,0.859072778,-0.077409661
0.00045,5.00E-05,0.0004,-412.1060814,-0.087668842,0.977104669,0.193857266
0.00045,5.00E-05,0.00045,-381.6551673,0.053724888,0.933928851,0.353398553
0.00045,5.00E-05,0.0005,-342.7918223,0.084392894,0.964122728,0.251684732
0.00045,5.00E-05,0.00055,-327.8766035,0.0179872,0.998175872,-0.057631497
0.00045,5.00E-05,0.0006,-357.1364043,0.014537753,0.991396282,-0.130084839
0.00045,5.00E-05,0.00065,-353.3847618,-0.458851008,0.817887826,0.347153074
0.00045,5.00E-05,0.0007,-317.4039339,-0.506662564,0.692235601,0.513909447
0.00045,5.00E-05,0.00075,-281.9923124,-0.170932922,0.617629965,0.767668654
0.00045,5.00E-05,0.0008,-217.7851568,-0.202947037,0.379231102,0.902771439
0.00045,5.00E-05,0.00085,-131.6373229,0.066096677,0.183336301,0.980825688
0.00045,5.00E-05,0.0009,-87.22641205,0.049154886,0.112033925,0.992487882
0.00045,5.00E-05,0.00095,-69.54865693,-0.091975549,-0.063099699,-0.993759994
0.00045,0.0001,5.00E-05,-379.0911658,0.009816064,0.417519886,-0.908614764
0.00045,0.0001,0.0001,-365.5944271,-0.073215179,0.970167476,0.231116002
0.00045,0.0001,0.00015,-341.3637285,-0.230154635,0.960270841,0.15782508
0.00045,0.0001,0.0002,-337.243517,-0.137636318,0.980242297,0.142060841
0.00045,0.0001,0.00025,-313.9720849,-0.424492551,0.885475807,0.189046738
0.00045,0.0001,0.0003,-295.8905266,-0.331314079,0.943371896,0.016746549
0.00045,0.0001,0.00035,-310.418043,-0.3992234,0.913223918,-0.08150308
0.00045,0.0001,0.0004,-315.4994454,-0.159059346,0.983446804,0.086790021
0.00045,0.0001,0.00045,-292.0170932,0.13435909,0.926936562,0.350337331
0.00045,0.0001,0.0005,-249.2052409,0.220833869,0.881965824,0.416375656
0.00045,0.0001,0.00055,-203.6527299,0.148723405,0.988647143,0.021405025
0.00045,0.0001,0.0006,-244.3182663,0.253918034,0.875005402,-0.412178576
0.00045,0.0001,0.00065,-308.1580277,-0.075628444,0.982513888,-0.170137588
0.00045,0.0001,0.0007,-269.3211486,-0.523210405,0.650692488,0.550318233
0.00045,0.0001,0.00075,-235.2802702,0.202025956,0.698206845,0.686798889
0.00045,0.0001,0.0008,-186.2050215,0.04096216,0.423095689,0.905158627
0.00045,0.0001,0.00085,-119.6949048,0.309203481,0.16757126,0.936115954
0.00045,0.0001,0.0009,-90.47737379,-0.469874258,0.013868793,0.882624404
0.00045,0.0001,0.00095,-78.11005214,-0.168783501,-0.007232398,-0.985626614
0.00045,0.00015,5.00E-05,-313.813005,0.041818302,0.753068038,-0.656612336
0.00045,0.00015,0.0001,-286.9595978,0.091595433,0.974916781,0.202848583
0.00045,0.00015,0.00015,-259.5689595,-0.06325096,0.981732871,0.179443269
0.00045,0.00015,0.0002,-238.8041705,-0.172830094,0.976282156,0.130395205
0.00045,0.00015,0.00025,-215.1120001,-0.24759628,0.96064499,0.125925711
0.00045,0.00015,0.0003,-195.1066223,-0.195091256,0.979121887,0.057094063
0.00045,0.00015,0.00035,-198.465629,-0.17921279,0.983383318,-0.028983211
0.00045,0.00015,0.0004,-203.5987551,-0.088698368,0.995696179,-0.026864822
0.00045,0.00015,0.00045,-206.2513023,0.126948182,0.981389403,0.144079833
0.00045,0.00015,0.0005,-155.6186594,0.205738465,0.935207638,0.288198469
0.00045,0.00015,0.00055,-102.1588797,0.142332588,0.987892254,0.061727866
0.00045,0.00015,0.0006,-135.2842619,0.367318468,0.864385147,-0.343388207
0.00045,0.00015,0.00065,-208.9976254,0.123051001,0.93062211,-0.344675121
0.00045,0.00015,0.0007,-231.2337755,-0.202813272,0.97816807,0.045321119
0.00045,0.00015,0.00075,-197.495599,0.192461551,0.949879187,0.246349509
0.00045,0.00015,0.0008,-163.7574225,0.178366709,0.931838724,0.316009352
0.00045,0.00015,0.00085,-114.5014088,0.101146072,0.826179389,0.554253633
0.00045,0.00015,0.0009,-86.57298382,-0.790879889,0.301170197,0.532733999
0.00045,0.00015,0.00095,-71.66646694,-0.714362973,-0.145637859,-0.68445245
0.00045,0.0002,5.00E-05,-132.1716874,0.076504429,0.996018417,0.045764448
0.00045,0.0002,0.0001,-104.8904599,0.077491586,0.990402854,0.114443177
0.00045,0.0002,0.00015,-77.90572261,-0.001392435,0.977776543,0.209645159
0.00045,0.0002,0.0002,-4.389742969,-0.142872229,0.972947371,0.181551479
0.00045,0.0002,0.00025,19.38184555,-0.133832869,0.990933618,-0.011803723
0.00045,0.0002,0.0003,-10.41730024,-0.007290458,0.995457393,-0.094928546
0.00045,0.0002,0.00035,-22.28496371,0.004354367,0.999249523,-0.03848936
0.00045,0.0002,0.0004,-26.93750614,0.066298816,0.989185672,0.130828793
0.00045,0.0002,0.00045,34.79587316,-0.058263884,0.972264525,0.226510515
0.00045,0.0002,0.0005,88.57597252,-0.06824578,0.982698734,0.172179302
0.00045,0.0002,0.00055,121.7787984,0.038012655,0.990088278,-0.135204436
0.00045,0.0002,0.0006,24.61882323,0.272432225,0.886276258,-0.374559844
0.00045,0.0002,0.00065,-49.09454018,0.056069507,0.993487661,-0.099189106
0.00045,0.0002,0.0007,-21.07231642,-0.213605694,0.966759445,0.14053036
0.00045,0.0002,0.00075,24.89635279,-0.141784727,0.978536759,0.14954231
0.00045,0.0002,0.0008,58.52571149,-0.106173118,0.992686426,-0.057453709
0.00045,0.0002,0.00085,-4.642537778,-0.184484269,0.937840464,-0.29397418
0.00045,0.0002,0.0009,-66.26152137,-0.276546812,0.909153863,-0.311385798
0.00045,0.0002,0.00095,-126.4622058,-0.322837046,0.934348146,-0.150896601
0.00045,0.00025,5.00E-05,155.6749312,0.060227911,0.964365827,-0.25762599
0.00045,0.00025,0.0001,182.6635607,0.063375896,0.993697894,0.092455346
0.00045,0.00025,0.00015,209.1623193,-0.007606402,0.985180554,0.171351738
0.00045,0.00025,0.0002,282.5668706,-0.138168724,0.978493619,0.153165406
0.00045,0.00025,0.00025,290.9070734,-0.256027625,0.963307398,-0.080552545
0.00045,0.00025,0.0003,241.8276323,-0.020977397,0.992626233,-0.119386391
0.00045,0.00025,0.00035,230.4271295,-0.015020209,0.99951235,-0.027376184
0.00045,0.00025,0.0004,227.9847264,0.02619395,0.992939076,0.115697316
0.00045,0.00025,0.00045,289.5740574,-0.075031594,0.969633609,0.23276796
0.00045,0.00025,0.0005,340.8289947,-0.355368918,0.921979355,0.153840831
0.00045,0.00025,0.00055,366.1927941,0.013209923,0.988392183,-0.151348573
0.00045,0.00025,0.0006,269.0329274,-0.007730571,0.979002051,-0.203703764
0.00045,0.00025,0.00065,248.6492395,-0.089970174,0.995845379,0.014048083
0.00045,0.00025,0.0007,277.7764802,-0.189866781,0.97395794,0.123921496
0.00045,0.00025,0.00075,323.3576381,-0.307067796,0.944686501,0.115224924
0.00045,0.00025,0.0008,346.616167,-0.224913094,0.97187851,-0.069758594
0.00045,0.00025,0.00085,283.5965341,-0.182909615,0.975807432,-0.119766144
0.00045,0.00025,0.0009,269.1041938,-0.185268394,0.980270403,0.068888023
0.00045,0.00025,0.00095,336.4477051,-0.066035143,0.989327241,-0.129888299
0.00045,0.0003,5.00E-05,443.4851929,0.082755254,0.778133939,-0.622622791
0.00045,0.0003,0.0001,469.9849489,0.105780004,0.9817845,0.157828341
0.00045,0.0003,0.00015,496.484705,0.139359257,0.979155263,0.147763219
0.00045,0.0003,0.0002,517.8347105,0.151162999,0.987609619,0.042154336
0.00045,0.0003,0.00025,506.5720357,0.125682793,0.985602203,-0.113102309
0.00045,0.0003,0.0003,492.4371588,-0.010942333,0.996544985,-0.082330784
0.00045,0.0003,0.00035,483.1235202,0.007362315,0.999170949,-0.040040106
0.00045,0.0003,0.0004,480.674063,0.016847488,0.997099613,0.07421943
0.00045,0.0003,0.00045,504.8674198,-0.044197465,0.96096812,0.273105942
0.00045,0.0003,0.0005,547.7576679,-0.023073775,0.920102497,0.390997438
0.00045,0.0003,0.00055,590.647916,-0.022312753,0.982100073,0.187033655
0.00045,0.0003,0.0006,589.5341639,-0.091078057,0.994284701,-0.055702074
0.00045,0.0003,0.00065,570.7214738,-0.197548766,0.978424875,-0.060491731
0.00045,0.0003,0.0007,566.0965004,-0.220667861,0.973810055,0.054769262
0.00045,0.0003,0.00075,589.2874617,-0.264031662,0.952145904,0.153965775
0.00045,0.0003,0.0008,612.4784231,-0.118985941,0.98446347,0.129127925
0.00045,0.0003,0.00085,626.8945327,-0.080544227,0.979088149,0.186812805
0.00045,0.0003,0.0009,685.8059122,-0.140517197,0.971979726,0.188441848
0.00045,0.0003,0.00095,737.5005997,-0.094999889,0.938963555,-0.330639476
0.00045,0.00035,5.00E-05,490.0073876,0.046189436,0.126458297,-0.990895976
0.00045,0.00035,0.0001,512.3514933,0.617630708,0.631385997,0.468917936
0.00045,0.00035,0.00015,526.2395068,0.92529851,0.360055913,0.119089911
0.00045,0.00035,0.0002,518.897121,0.94935775,-0.095861697,-0.299216304
0.00045,0.00035,0.00025,512.2277805,0.609358436,0.752010761,0.251320734
0.00045,0.00035,0.0003,525.652218,0.08438609,0.966835504,0.24105621
0.00045,0.00035,0.00035,523.9664056,0.35571972,0.929567676,-0.096785416
0.00045,0.00035,0.0004,520.1027599,0.406227264,0.913331125,0.028384263
0.00045,0.00035,0.00045,525.6187409,0.51759388,0.715724697,0.468865367
0.00045,0.00035,0.0005,542.6892654,0.614849227,0.061704296,0.786227072
0.00045,0.00035,0.00055,585.5581261,0.397414934,-0.22738413,0.889020713
0.00045,0.00035,0.0006,624.7208813,0.319300237,0.393586078,0.86205415
0.00045,0.00035,0.00065,627.7422616,-0.549458343,0.809237799,-0.207917566
0.00045,0.00035,0.0007,607.8840089,-0.524212908,0.827300372,-0.201928014
0.00045,0.00035,0.00075,610.1899405,0.097169156,0.891316837,0.442845855
0.00045,0.00035,0.0008,633.330195,0.233488676,0.770632815,0.592965516
0.00045,0.00035,0.00085,667.9067823,0.087525639,0.355333749,0.930632682
0.00045,0.00035,0.0009,839.6083352,0.264392205,0.210181895,0.941233411
0.00045,0.00035,0.00095,1024.600031,0.275649349,0.444402376,-0.852363751
0.00045,0.0004,5.00E-05,508.8584301,0.064641896,0.078394166,-0.994824497
0.00045,0.0004,0.0001,518.7705699,0.974139451,0.143298904,0.174693317
0.00045,0.0004,0.00015,516.274727,0.962174488,-0.240995693,-0.127048538
0.00045,0.0004,0.0002,513.3456909,0.913811345,0.008985539,0.406039513
0.00045,0.0004,0.00025,526.7848751,0.566428752,0.494368844,0.659361748
0.00045,0.0004,0.0003,539.5187897,0.577849483,0.725921493,0.372998608
0.00045,0.0004,0.00035,536.4228401,0.721209921,0.680794758,-0.127963853
0.00045,0.0004,0.0004,533.8418783,0.711757636,0.699418941,0.064916962
0.00045,0.0004,0.00045,539.345803,0.400954747,0.773651621,0.490610293
0.00045,0.0004,0.0005,552.461802,0.380806702,0.593897456,0.708711555
0.00045,0.0004,0.00055,569.666754,0.131354937,-0.069806012,0.988874614
0.00045,0.0004,0.0006,608.7940775,-0.09731107,-0.42916848,0.897967133
0.00045,0.0004,0.00065,636.2524138,-0.775437427,-0.154655074,0.61219164
0.00045,0.0004,0.0007,638.0084729,-0.487892963,0.868728871,0.085267848
0.00045,0.0004,0.00075,640.5030571,0.325018027,0.822501839,0.466748333
0.00045,0.0004,0.0008,687.4886743,0.529621853,0.733196468,0.426525067
0.00045,0.0004,0.00085,705.6555587,0.52182757,0.648964371,0.553661659
0.00045,0.0004,0.0009,765.4572102,0.197882509,-0.351930686,0.914870103
0.00045,0.0004,0.00095,919.7742963,0.267111938,-0.674172838,-0.68857984
0.00045,0.00045,5.00E-05,521.6072858,0.087103954,0.07285144,-0.993531866
0.00045,0.00045,0.0001,518.4349957,0.957277338,0.203692652,-0.20525448
0.00045,0.00045,0.00015,515.9491682,0.957041596,0.288829822,0.02546993
0.00045,0.00045,0.0002,519.1297076,0.833039925,0.283293616,0.475172821
0.00045,0.00045,0.00025,531.8515525,0.786858789,0.087990016,0.610828129
0.00045,0.00045,0.0003,544.4094085,0.76933183,0.122726145,0.626950419
0.00045,0.00045,0.00035,554.1687746,0.533843288,0.804968523,0.258915085
0.00045,0.00045,0.0004,551.594924,-0.009954784,0.999675226,0.023459427
0.00045,0.00045,0.00045,554.9808117,0.217737557,0.869876037,0.44261274
0.00045,0.00045,0.0005,568.0981014,0.206233355,0.657564359,0.724621913
0.00045,0.00045,0.00055,581.5815537,-0.376022421,0.577168824,0.724902261
0.00045,0.00045,0.0006,592.8973709,-0.083249545,-0.490174385,0.867639664
0.00045,0.00045,0.00065,620.3619673,0.031562204,-0.58201728,0.812563667
0.00045,0.00045,0.0007,651.1905617,-0.093063214,-0.161309662,0.982506199
0.00045,0.00045,0.00075,697.3837316,0.132253795,0.144265044,0.980661272
0.00045,0.00045,0.0008,745.3273264,0.288861653,0.157621755,0.944306268
0.00045,0.00045,0.00085,759.2961734,0.980220612,0.11011619,0.164444447
0.00045,0.00045,0.0009,757.2415008,0.034279199,-0.964143124,0.263159596
0.00045,0.00045,0.00095,773.3700097,-0.065316722,-0.656083514,-0.751856468
0.00045,0.0005,5.00E-05,527.5517238,0.092070103,0.062260707,-0.993804156
0.00045,0.0005,0.0001,524.3856336,0.8344092,0.535316406,-0.131139745
0.00045,0.0005,0.00015,524.1527823,0.892489726,0.447812071,-0.054096555
0.00045,0.0005,0.0002,522.8265445,0.946695867,0.227738256,0.227820591
0.00045,0.0005,0.00025,530.4264253,0.76292394,-0.043167707,0.645045433
0.00045,0.0005,0.0003,543.8874073,0.589499853,0.014827769,0.80763238
0.00045,0.0005,0.00035,558.7626501,0.589975936,0.168748603,0.789589959
0.00045,0.0005,0.0004,568.4451684,-0.055108621,0.854352247,0.516764239
0.00045,0.0005,0.00045,571.7798413,0.206970802,0.950791554,0.23056129
0.00045,0.0005,0.0005,576.6008731,-0.101866582,0.808448452,0.579684656
0.00045,0.0005,0.00055,589.4119886,-0.566168843,0.689010032,0.452457752
0.00045,0.0005,0.0006,586.8850222,0.552452487,0.278916618,0.785494602
0.00045,0.0005,0.00065,594.4985849,0.138903075,-0.634649809,0.760214151
0.00045,0.0005,0.0007,625.362899,0.041630266,-0.652793771,0.756390913
0.00045,0.0005,0.00075,654.3515131,-0.305692605,-0.656406575,0.689697354
0.00045,0.0005,0.0008,697.822978,0.060121735,-0.829950584,0.5545876
0.00045,0.0005,0.00085,713.6335933,-0.050115625,-0.98656794,0.15547387
0.00045,0.0005,0.0009,713.894612,-0.158337829,-0.987372077,0.005051002
0.00045,0.0005,0.00095,714.1556308,-0.228440729,-0.530577744,-0.816273294
0.00045,0.00055,5.00E-05,533.4961617,0.184810242,0.025671613,-0.982438875
0.00045,0.00055,0.0001,532.3095777,0.973184102,0.149583382,-0.174749863
0.00045,0.00055,0.00015,528.8553305,0.95786172,0.124335746,-0.258923827
0.00045,0.00055,0.0002,525.4010833,0.996072614,0.053106132,0.070845512
0.00045,0.00055,0.00025,530.4421182,0.665006548,0.20202835,0.718992933
0.00045,0.00055,0.0003,544.9296489,0.524827588,0.171223965,0.833809545
0.00045,0.00055,0.00035,559.4171796,0.626009359,0.098094619,0.773621178
0.00045,0.00055,0.0004,573.1158918,0.597692887,0.131178757,0.790920569
0.00045,0.00055,0.00045,588.6134095,0.753804134,-0.00752908,0.657056041
0.00045,0.00055,0.0005,592.6885094,0.89203132,-0.254718928,0.373360941
0.00045,0.00055,0.00055,597.2424234,-0.368760256,-0.918108988,0.145230024
0.00045,0.00055,0.0006,594.7035402,0.694859967,-0.464152583,-0.54930138
0.00045,0.00055,0.00065,588.2394698,-0.078783333,-0.963184588,0.257038198
0.00045,0.00055,0.0007,599.5352363,-0.319138513,-0.769870209,0.552675737
0.00045,0.00055,0.00075,628.4212048,-0.380204872,-0.749835714,0.541470827
0.00045,0.00055,0.0008,656.6105987,-0.146757517,-0.955400136,0.256267069
0.00045,0.00055,0.00085,657.3127412,-0.144477184,-0.989436437,-0.011911315
0.00045,0.00055,0.0009,655.1933817,-0.195214819,-0.980000081,-0.038613677
0.00045,0.00055,0.00095,652.2471089,-0.338656213,-0.686128444,-0.643847596
0.00045,0.0006,5.00E-05,530.6857507,0.339197732,-0.159949255,-0.927017332
0.00045,0.0006,0.0001,528.3581187,0.960833887,-0.247920071,-0.123830047
0.00045,0.0006,0.00015,527.4702553,0.972738142,-0.17956517,-0.14675441
0.00045,0.0006,0.0002,524.0160081,0.944919656,0.037573225,0.32513858
0.00045,0.0006,0.00025,535.9137169,0.584302443,0.25196608,0.771429679
0.00045,0.0006,0.0003,549.837477,0.625504746,0.142601125,0.767078048
0.00045,0.0006,0.00035,562.3366458,0.695236663,-0.051668203,0.716921459
0.00045,0.0006,0.0004,573.2875322,0.884850386,-0.29408313,0.361323826
0.00045,0.0006,0.00045,571.5555624,0.803498126,-0.592109179,-0.061623706
0.00045,0.0006,0.0005,570.7138803,0.596456693,-0.796378334,0.100104755
0.00045,0.0006,0.00055,576.6734526,0.114018913,-0.975300996,0.189176252
0.00045,0.0006,0.0006,579.2776425,0.057050796,-0.998340468,-0.007843296
0.00045,0.0006,0.00065,576.3930455,-0.61431149,-0.752775101,-0.236539722
0.00045,0.0006,0.0007,569.3902578,-0.465786037,-0.88453602,-0.0252863
0.00045,0.0006,0.00075,575.3128226,-0.327506005,-0.926337288,0.18611568
0.00045,0.0006,0.0008,590.1112149,-0.210572032,-0.964522968,0.159232104
0.00045,0.0006,0.00085,595.9097228,-0.063622396,-0.997225119,-0.03865556
0.00045,0.0006,0.0009,585.3308383,-0.147603218,-0.985041323,-0.088920649
0.00045,0.0006,0.00095,584.4666722,-0.238352513,-0.884105168,-0.401928019
0.00045,0.00065,5.00E-05,523.8150899,0.795357771,-0.547352993,-0.26040491
0.00045,0.00065,0.0001,525.8718361,0.921299742,-0.388657637,-0.012329888
0.00045,0.00065,0.00015,523.5424283,0.98130838,-0.191677941,0.01712984
0.00045,0.00065,0.0002,526.3768152,0.835930845,0.094193403,0.540691433
0.00045,0.00065,0.00025,538.8759839,0.684702021,-0.041672181,0.727630793
0.00045,0.00065,0.0003,549.8417167,0.699499204,-0.260671345,0.665395607
0.00045,0.00065,0.00035,557.7271448,0.646462575,-0.462029465,0.607136651
0.00045,0.00065,0.0004,565.612573,0.812148887,-0.540105028,0.22068245
0.00045,0.00065,0.00045,563.8845671,0.860720959,-0.337465777,-0.381151257
0.00045,0.00065,0.0005,551.9733919,0.837480465,-0.495337462,-0.23079703
0.00045,0.00065,0.00055,553.0918193,0.224444506,-0.959586072,0.169762288
0.00045,0.00065,0.0006,559.0116902,-0.186726846,-0.978219132,0.090666506
0.00045,0.00065,0.00065,556.7733932,-0.381497406,-0.920979515,0.079097801
0.00045,0.00065,0.0007,561.7481317,0.219081402,-0.521006322,-0.82495803
0.00045,0.00065,0.00075,525.2885981,0.097733214,-0.882584736,-0.459883031
0.00045,0.00065,0.0008,531.8481744,0.113541045,-0.990381906,0.079070297
0.00045,0.00065,0.00085,533.9899475,-0.051524086,-0.998324774,-0.026323252
0.00045,0.00065,0.0009,528.4300501,-0.154140378,-0.987901327,-0.017079581
0.00045,0.00065,0.00095,532.0464708,-0.069099355,-0.996614909,-0.044542147
0.00045,0.0007,5.00E-05,517.7070984,0.404839353,-0.194711162,0.893416287
0.00045,0.0007,0.0001,519.7633921,0.881558158,-0.424017385,0.20751981
0.00045,0.0007,0.00015,521.8196857,0.936125649,-0.262552672,0.233954833
0.00045,0.0007,0.0002,526.687254,0.865033687,-0.177405309,0.469301691
0.00045,0.0007,0.00025,534.5698573,0.640882883,-0.459450813,0.614958601
0.00045,0.0007,0.0003,542.4524606,0.596983866,-0.561882867,0.572623705
0.00045,0.0007,0.00035,550.3350638,0.580626016,-0.594077211,0.556727669
0.00045,0.0007,0.0004,558.2176671,0.665142388,-0.656869109,0.355117694
0.00045,0.0007,0.00045,559.4796299,0.765754881,-0.526337256,-0.36957889
0.00045,0.0007,0.0005,547.550444,0.591959683,-0.435872489,-0.677937244
0.00045,0.0007,0.00055,536.889275,0.050043339,-0.975914145,-0.212337575
0.00045,0.0007,0.0006,539.5564028,0.027307854,-0.988975412,0.145540081
0.00045,0.0007,0.00065,544.5311413,0.087813375,-0.968886878,0.231402309
0.00045,0.0007,0.0007,549.5058798,0.041450992,-0.949838694,-0.30998108
0.00045,0.0007,0.00075,517.9303054,0.200763533,-0.549073916,-0.811302557
0.00045,0.0007,0.0008,481.1239049,0.130707851,-0.886268559,-0.444346148
0.00045,0.0007,0.00085,466.2753557,-0.07445563,-0.995464634,-0.059215886
0.00045,0.0007,0.0009,472.9180562,0.015236031,-0.987053396,0.159666703
0.00045,0.0007,0.00095,481.2085564,0.152283282,-0.872396583,0.464471747
0.00045,0.00075,5.00E-05,515.4124483,0.282185313,-0.063168828,0.957277989
0.00045,0.00075,0.0001,517.4687419,0.960559962,-0.277812649,0.012028766
0.00045,0.00075,0.00015,515.7722172,0.938152971,-0.319600199,0.133134199
0.00045,0.00075,0.0002,521.5569985,0.848681381,-0.327677868,0.415171203
0.00045,0.00075,0.00025,527.0974073,0.336940404,-0.754804725,0.562797469
0.00045,0.00075,0.0003,534.3722219,0.500815207,-0.726920656,0.469862202
0.00045,0.00075,0.00035,540.9042879,0.542493493,-0.699591001,0.465051869
0.00045,0.00075,0.0004,548.6976654,0.159861739,-0.953089234,0.257031391
0.00045,0.00075,0.00045,548.6927986,-0.076742845,-0.934039046,-0.348828892
0.00045,0.00075,0.0005,537.4491652,-0.232807117,-0.738449029,-0.632845856
0.00045,0.00075,0.00055,516.350805,-0.361709997,-0.797641628,-0.482632066
0.00045,0.00075,0.0006,507.083604,0.016370231,-0.999687368,-0.018899275
0.00045,0.00075,0.00065,515.1147003,0.050847881,-0.97217608,-0.228666052
0.00045,0.00075,0.0007,480.2383077,0.161815026,-0.96610044,-0.201161221
0.00045,0.00075,0.00075,479.008997,-0.184007833,-0.92384871,-0.335625801
0.00045,0.00075,0.0008,428.8200329,-0.138673892,-0.818541618,-0.557457775
0.00045,0.00075,0.00085,396.0433121,0.023354293,-0.998361599,0.052236909
0.00045,0.00075,0.0009,436.1135798,0.096204997,-0.893296326,0.439051561
0.00045,0.00075,0.00095,447.9212088,0.128662522,-0.7088064,0.69357007
0.00045,0.0008,5.00E-05,513.1177981,0.284143826,-0.177813597,0.942148933
0.00045,0.0008,0.0001,511.454281,0.883718721,-0.467227519,-0.027196824
0.00045,0.0008,0.00015,512.0054709,0.895739888,-0.41650273,0.155484819
0.00045,0.0008,0.0002,517.7487387,0.663483322,-0.739348047,0.114692401
0.00045,0.0008,0.00025,517.3825178,0.483150169,-0.872575962,0.071952094
0.00045,0.0008,0.0003,521.0919284,0.112757349,-0.952805677,0.28186366
0.00045,0.0008,0.00035,528.7848841,0.030964211,-0.9879781,0.151461187
0.00045,0.0008,0.0004,529.3373593,-0.197440879,-0.980274866,0.008847931
0.00045,0.0008,0.00045,529.3601684,-0.137415338,-0.95502423,-0.262765569
0.00045,0.0008,0.0005,509.8115325,-0.283209427,-0.840352683,-0.462168572
0.00045,0.0008,0.00055,486.7043881,-0.014725678,-0.907845731,-0.419045682
0.00045,0.0008,0.0006,474.1719754,0.14913533,-0.881620559,-0.447776555
0.00045,0.0008,0.00065,430.3980869,0.2373474,-0.856364225,-0.458591894
0.00045,0.0008,0.0007,376.1039905,0.04708067,-0.933772334,-0.354757156
0.00045,0.0008,0.00075,376.3955764,-0.197574754,-0.97237516,-0.124301106
0.00045,0.0008,0.0008,359.3014656,-0.113543603,-0.877488899,-0.465962532
0.00045,0.0008,0.00085,326.8797203,0.028542734,-0.997782571,0.060126972
0.00045,0.0008,0.0009,367.3670488,0.009769857,-0.891445476,0.453022641
0.00045,0.0008,0.00095,400.1676523,-0.07994147,-0.651213133,0.754672655
0.00045,0.00085,5.00E-05,494.4091068,0.217380724,-0.281161153,0.934716014
0.00045,0.00085,0.0001,498.3595301,0.742437501,-0.664103917,0.088048535
0.00045,0.00085,0.00015,498.9110288,0.777190866,-0.5893722,-0.220487569
0.00045,0.00085,0.0002,486.8946399,0.717898942,-0.677190499,-0.161350975
0.00045,0.00085,0.00025,486.5539456,0.519105184,-0.848889025,0.099585294
0.00045,0.00085,0.0003,495.8279153,0.144322435,-0.989498975,0.007925421
0.00045,0.00085,0.00035,487.1195174,0.072240438,-0.99148187,-0.108374451
0.00045,0.00085,0.0004,484.9610999,0.030180008,-0.996001528,-0.084084024
0.00045,0.00085,0.00045,477.7259752,-0.112518693,-0.972235408,-0.205177618
0.00045,0.00085,0.0005,459.888938,-0.087549082,-0.953817458,-0.287345463
0.00045,0.00085,0.00055,439.1391281,0.169715884,-0.887059455,-0.42932743
0.00045,0.00085,0.0006,396.2229702,0.15799919,-0.82433892,-0.543600589
0.00045,0.00085,0.00065,331.9847429,0.155736887,-0.889658605,-0.429247701
0.00045,0.00085,0.0007,338.0958606,0.943529806,0.295477722,0.149814619
0.00045,0.00085,0.00075,347.5672232,0.598328489,0.800978416,-0.020894918
0.00045,0.00085,0.0008,335.5730204,0.387773619,0.760489068,-0.520853144
0.00045,0.00085,0.00085,262.19825,0.046815143,-0.772100692,-0.633773512
0.00045,0.00085,0.0009,291.8996056,0.089126081,-0.94213639,0.323164918
0.00045,0.00085,0.00095,322.1517094,0.03013571,-0.653468277,0.756353787
0.00045,0.0009,5.00E-05,460.114754,0.170261702,-0.263428023,0.949534954
0.00045,0.0009,0.0001,477.4986445,0.414712777,-0.851820419,0.320023884
0.00045,0.0009,0.00015,481.3593551,0.598158881,-0.769152419,-0.224967797
0.00045,0.0009,0.0002,465.8860255,0.714614992,-0.490279805,-0.498950024
0.00045,0.0009,0.00025,441.2331276,0.574019517,-0.798255957,-0.182452795
0.00045,0.0009,0.0003,450.4795596,0.151151261,-0.979942874,-0.129866317
0.00045,0.0009,0.00035,429.3679978,0.183598851,-0.937539189,-0.295485584
0.00045,0.0009,0.0004,418.0679179,0.168556961,-0.974622689,-0.147306361
0.00045,0.0009,0.00045,410.5555748,0.122582406,-0.963291625,-0.238836342
0.00045,0.0009,0.0005,381.725959,0.159169354,-0.929574527,-0.332500098
0.00045,0.0009,0.00055,355.1602686,0.210526907,-0.899413272,-0.383058987
0.00045,0.0009,0.0006,311.6785345,0.209211291,-0.912151014,-0.352436043
0.00045,0.0009,0.00065,309.9238639,0.68957818,0.285599468,0.665518503
0.00045,0.0009,0.0007,406.8371446,0.469637438,0.522711194,0.711486953
0.00045,0.0009,0.00075,473.1052448,0.491153431,0.810360569,0.319505955
0.00045,0.0009,0.0008,483.9472926,0.237226058,0.786108921,-0.570750876
0.00045,0.0009,0.00085,273.6741616,0.400960262,0.482957016,-0.778449349
0.00045,0.0009,0.0009,192.5821863,0.082108513,-0.968283183,-0.235978535
0.00045,0.0009,0.00095,225.2051717,-0.028356442,-0.407806802,0.912627813
0.00045,0.00095,5.00E-05,424.4157163,0.001607557,-0.971075012,0.238769212
0.00045,0.00095,0.0001,441.8119224,0.042851774,-0.998480356,0.034651179
0.00045,0.00095,0.00015,459.2081286,0.042778178,-0.999068758,0.005625263
0.00045,0.00095,0.0002,447.465683,0.064853988,-0.997069287,-0.040580748
0.00045,0.00095,0.00025,419.148548,0.055572119,-0.997518178,-0.043234529
0.00045,0.00095,0.0003,406.2962365,0.011303243,-0.999256709,-0.036854676
0.00045,0.00095,0.00035,384.2813895,0.01832367,-0.998611574,-0.049387923
0.00045,0.00095,0.0004,360.4925154,0.034556649,-0.997731748,-0.057768476
0.00045,0.00095,0.00045,331.1490167,0.060904886,-0.996191811,-0.062389674
0.00045,0.00095,0.0005,305.0196137,0.054274423,-0.996260142,-0.067231061
0.00045,0.00095,0.00055,274.6694629,0.059445201,-0.997719204,-0.031979032
0.00045,0.00095,0.0006,279.1451819,0.127657372,-0.983441438,0.128633327
0.00045,0.00095,0.00065,372.8209455,0.14282621,-0.959905914,0.241208023
0.00045,0.00095,0.0007,457.9810307,0.142009076,-0.966639,0.213172384
0.00045,0.00095,0.00075,543.1411159,0.137282829,-0.972563842,0.18781107
0.00045,0.00095,0.0008,610.2542523,0.13881137,-0.981205483,-0.134041795
0.00045,0.00095,0.00085,442.9637967,-0.144072857,-0.621786847,-0.769820842
0.00045,0.00095,0.0009,93.01834797,-0.349748885,-0.72136955,-0.597747179
0.00045,0.00095,0.00095,202.605056,-0.243357506,-0.626688065,0.740296693
0.0005,0,5.00E-05,-517.205474,-0.004151538,-0.884373262,-0.466761928
0.0005,0,0.0001,-530.1461882,-0.010511568,-0.999861269,-0.012920881
0.0005,0,0.00015,-528.8427192,-0.003056857,-0.999967871,0.007410338
0.0005,0,0.0002,-523.4413926,-0.003379251,-0.999901042,0.013656003
0.0005,0,0.00025,-516.6301875,-0.021917694,-0.999492591,0.023112219
0.0005,0,0.0003,-502.0578431,-0.021198341,-0.999536175,0.021864717
0.0005,0,0.00035,-497.4211755,0.000561348,-0.999998564,-0.001599005
0.0005,0,0.0004,-503.5220311,-0.003459222,-0.999897613,0.013885161
0.0005,0,0.00045,-485.9561262,-0.022504659,-0.998480178,0.050307788
0.0005,0,0.0005,-465.6646044,-0.034824837,-0.998765011,0.035435626
0.0005,0,0.00055,-461.6932102,-0.022874812,-0.999512769,0.021235988
0.0005,0,0.0006,-452.2296861,-0.024158677,-0.99845162,0.050107098
0.0005,0,0.00065,-427.1944521,-0.050965218,-0.995715023,0.077163068
0.0005,0,0.0007,-389.5886735,-0.041642486,-0.995281444,0.087639891
0.0005,0,0.00075,-350.7329751,-0.046026282,-0.990721625,0.127875888
0.0005,0,0.0008,-271.433786,-0.048254874,-0.978868418,0.198716096
0.0005,0,0.00085,-162.8874772,-0.06000735,-0.961836143,0.266965077
0.0005,0,0.0009,-89.17063341,-0.034236902,-0.904413556,0.42528103
0.0005,0,0.00095,-57.72211675,-0.035129417,-0.645185958,-0.763217534
0.0005,5.00E-05,5.00E-05,-450.4815173,0.040338878,0.376179205,-0.925668397
0.0005,5.00E-05,0.0001,-451.3826396,0.083413607,0.993587149,0.076333135
0.0005,5.00E-05,0.00015,-438.2491238,0.060938398,0.982214295,0.177599525
0.0005,5.00E-05,0.0002,-418.4013911,0.169311242,0.968949826,-0.180194167
0.0005,5.00E-05,0.00025,-472.9990725,-0.251039594,0.940309616,-0.229775867
0.0005,5.00E-05,0.0003,-450.775068,-0.695697924,0.701646971,-0.153934815
0.0005,5.00E-05,0.00035,-503.9797843,-0.694806588,0.712964523,0.094474304
0.0005,5.00E-05,0.0004,-436.1450412,-0.133707129,0.793955689,0.593090859
0.0005,5.00E-05,0.00045,-393.0888743,-0.058434638,0.928801961,0.365940311
0.0005,5.00E-05,0.0005,-362.5921626,-0.14435401,0.955894394,0.255788637
0.0005,5.00E-05,0.00055,-337.4740988,-0.343521135,0.938721042,0.028214098
0.0005,5.00E-05,0.0006,-355.3515974,-0.192893946,0.967192331,-0.165320661
0.0005,5.00E-05,0.00065,-378.4071515,0.023142197,0.996006009,0.086234958
0.0005,5.00E-05,0.0007,-341.5058882,0.150220381,0.815681206,0.558657325
0.0005,5.00E-05,0.00075,-302.6143623,0.192193772,0.763474958,0.616577281
0.0005,5.00E-05,0.0008,-246.7385312,-0.162538132,0.361950182,0.917917982
0.0005,5.00E-05,0.00085,-138.1922223,0.064844277,0.360953447,0.930326732
0.0005,5.00E-05,0.0009,-101.8663585,-0.522416516,-0.669634973,0.527892022
0.0005,5.00E-05,0.00095,-109.5018052,-0.203011648,-0.195987406,-0.959361875
0.0005,0.0001,5.00E-05,-378.2696942,0.094678899,0.518400809,-0.84988029
0.0005,0.0001,0.0001,-370.9237344,0.191806699,0.967381401,0.165479348
0.0005,0.0001,0.00015,-346.4399015,0.206237088,0.964413993,0.165444595
0.0005,0.0001,0.0002,-336.5820884,0.302895739,0.92736099,-0.219671949
0.0005,0.0001,0.00025,-384.1476947,-0.262643117,0.958312722,-0.112495866
0.0005,0.0001,0.0003,-360.8453265,-0.604188935,0.796765533,-0.010973414
0.0005,0.0001,0.00035,-387.0134808,-0.450172808,0.892725489,0.01963785
0.0005,0.0001,0.0004,-355.0751826,-0.180046876,0.891853764,0.414945763
0.0005,0.0001,0.00045,-299.2697847,-0.01530346,0.896074566,0.443639691
0.0005,0.0001,0.0005,-257.8295234,-0.051022808,0.940385214,0.336262282
0.0005,0.0001,0.00055,-220.7898503,-0.478711948,0.859707758,0.178150054
0.0005,0.0001,0.0006,-212.7548712,-0.254565299,0.953008566,-0.164229053
0.0005,0.0001,0.00065,-267.2777552,0.361769741,0.892457162,-0.269523409
0.0005,0.0001,0.0007,-278.9255694,0.359274304,0.907695814,0.21681855
0.0005,0.0001,0.00075,-233.3875812,0.362094713,0.826203222,0.431596634
0.0005,0.0001,0.0008,-206.5994275,0.109664735,0.653240602,0.749166445
0.0005,0.0001,0.00085,-106.6791492,0.521181606,0.258602108,0.813323234
0.0005,0.0001,0.0009,-125.5646418,-0.174198058,-0.907428445,-0.382398552
0.0005,0.0001,0.00095,-128.940478,-0.205341645,-0.357019055,-0.911247608
0.0005,0.00015,5.00E-05,-302.8791815,0.128968256,0.971761163,-0.197604229
0.0005,0.00015,0.0001,-265.3077612,0.196752672,0.958290391,0.207287029
0.0005,0.00015,0.00015,-238.0638956,0.235211727,0.97174585,0.019632795
0.0005,0.00015,0.0002,-259.2152199,0.098534503,0.991048491,-0.090076856
0.0005,0.00015,0.00025,-266.3090802,0.015748499,0.998941876,0.043210114
0.0005,0.00015,0.0003,-242.6940076,0.039687482,0.996837867,0.068841632
0.0005,0.00015,0.00035,-241.6723313,0.047413477,0.998792041,-0.01290043
0.0005,0.00015,0.0004,-247.5552239,-0.116666392,0.984510069,0.130877334
0.0005,0.00015,0.00045,-196.6696548,0.04612225,0.933153115,0.356508066
0.0005,0.00015,0.0005,-143.1165516,-0.048673663,0.963197993,0.264349201
0.0005,0.00015,0.00055,-119.9550616,-0.374188421,0.910321937,0.176909571
0.0005,0.00015,0.0006,-85.58585983,-0.164205669,0.977886799,-0.129514117
0.0005,0.00015,0.00065,-159.2999732,0.358253212,0.863717187,-0.354467568
0.0005,0.00015,0.0007,-199.6270264,0.392419154,0.919577851,-0.019590411
0.0005,0.00015,0.00075,-164.1608,0.393224339,0.87974083,0.267265208
0.0005,0.00015,0.0008,-136.2542817,0.287184788,0.931411531,0.223601115
0.0005,0.00015,0.00085,-112.4266158,0.342458953,0.926816215,-0.154057034
0.0005,0.00015,0.0009,-154.6922985,-0.218757945,0.659420652,-0.719242216
0.0005,0.00015,0.00095,-208.5094934,-0.562711949,-0.165496346,-0.809917417
0.0005,0.0002,5.00E-05,-98.95203516,0.118136697,0.977483091,0.174844293
0.0005,0.0002,0.0001,-71.28190025,0.172370287,0.978874086,0.109972759
0.0005,0.0002,0.00015,-44.88316565,0.173736886,0.980344454,0.093489286
0.0005,0.0002,0.0002,-25.82138048,0.065642468,0.994436606,0.082382668
0.0005,0.0002,0.00025,-2.206307896,0.075509209,0.996310244,0.040795297
0.0005,0.0002,0.0003,-4.101253408,0.139870459,0.990018019,-0.017337147
0.0005,0.0002,0.00035,-10.64277096,0.151465692,0.988122261,-0.025933424
0.0005,0.0002,0.0004,-16.54759461,0.029793723,0.999045264,-0.031951435
0.0005,0.0002,0.00045,-25.90353676,-0.131741104,0.987308636,0.088690125
0.0005,0.0002,0.0005,21.69219253,-0.146562653,0.960763626,0.23548385
0.0005,0.0002,0.00055,75.24529573,-0.304192733,0.942977262,0.13513203
0.0005,0.0002,0.0006,84.31598552,0.035968833,0.98651693,-0.159657725
0.0005,0.0002,0.00065,10.60187218,0.253719552,0.927776128,-0.273601616
0.0005,0.0002,0.0007,-50.75738112,0.081842649,0.993393931,-0.080438036
0.0005,0.0002,0.00075,-24.78732445,0.037438526,0.989553389,0.139220859
0.0005,0.0002,0.0008,8.89956824,-0.006382378,0.997664486,0.068006161
0.0005,0.0002,0.00085,4.245048679,0.124368236,0.984873733,-0.120649375
0.0005,0.0002,0.0009,-37.47326957,0.129640934,0.919401963,-0.371339817
0.0005,0.0002,0.00095,-159.220587,-0.059719526,0.991549022,-0.115169938
0.0005,0.00025,5.00E-05,188.7501301,0.137496357,0.974471652,-0.177481692
0.0005,0.00025,0.0001,215.9624719,0.139444185,0.986514733,0.085697148
0.0005,0.00025,0.00015,238.6427975,0.111299794,0.99135747,0.069445827
0.0005,0.00025,0.0002,255.9347595,0.017625776,0.9987853,0.046013646
0.0005,0.00025,0.00025,264.1438519,-0.000587059,0.999470942,-0.032519084
0.0005,0.00025,0.0003,239.0605873,0.030364828,0.997514049,-0.06359009
0.0005,0.00025,0.00035,232.5614964,0.038541629,0.999077002,-0.018965437
0.0005,0.00025,0.0004,229.6125652,0.010996988,0.99991456,-0.007066794
0.0005,0.00025,0.00045,229.0200362,-0.074018122,0.994294562,0.076809126
0.0005,0.00025,0.0005,269.5661832,-0.187387967,0.96721212,0.171424807
0.0005,0.00025,0.00055,317.0457944,-0.14955094,0.984677354,0.089694058
0.0005,0.00025,0.0006,313.8425528,0.083372097,0.995774761,-0.038493107
0.0005,0.00025,0.00065,298.730381,0.112986482,0.983375928,-0.142147246
0.0005,0.00025,0.0007,237.4225941,-0.050266047,0.996554995,-0.065965648
0.0005,0.00025,0.00075,259.8685944,-0.108825146,0.990048247,0.089227548
0.0005,0.00025,0.0008,289.6566565,-0.10637407,0.994266191,0.010922406
0.0005,0.00025,0.00085,266.1198118,-0.004551845,0.997770139,-0.066588511
0.0005,0.00025,0.0009,250.0330219,0.118749471,0.989590446,0.081297682
0.0005,0.00025,0.00095,320.788438,-0.064441515,0.995245592,-0.073030833
0.0005,0.0003,5.00E-05,476.5999076,0.21643316,0.860570503,-0.46105867
0.0005,0.0003,0.0001,503.0645338,0.230971287,0.961821609,0.146804148
0.0005,0.0003,0.00015,525.7317708,0.188780857,0.978972128,0.077300461
0.0005,0.0003,0.0002,527.7117701,0.141390839,0.989428123,-0.03225863
0.0005,0.0003,0.00025,516.4197694,0.09985626,0.985829447,-0.13479254
0.0005,0.0003,0.0003,491.3193896,0.025425953,0.994677978,-0.099846082
0.0005,0.0003,0.00035,487.0679643,0.040117817,0.998958667,-0.021728837
0.0005,0.0003,0.0004,484.5505832,0.029578273,0.9994705,0.013558961
0.0005,0.0003,0.00045,491.296268,-0.133144012,0.985585288,0.10437582
0.0005,0.0003,0.0005,518.3506489,-0.123023187,0.969665257,0.211221651
0.0005,0.0003,0.00055,561.3191719,-0.195675345,0.97098338,0.13748613
0.0005,0.0003,0.0006,558.115785,-0.184922326,0.980303255,-0.069348843
0.0005,0.0003,0.00065,539.2758332,-0.108936933,0.991568307,-0.070178615
0.0005,0.0003,0.0007,536.334665,-0.080588993,0.99587256,0.041752336
0.0005,0.0003,0.00075,554.7897604,-0.110249538,0.987764144,0.110304289
0.0005,0.0003,0.0008,577.9476554,-0.124155601,0.98547808,0.115837557
0.0005,0.0003,0.00085,597.970283,-0.097684277,0.987934877,0.120176785
0.0005,0.0003,0.0009,627.9768269,-0.113037213,0.986249263,0.120561102
0.0005,0.0003,0.00095,675.9270495,-0.132638225,0.971247611,-0.19769972
0.0005,0.00035,5.00E-05,511.3997009,0.116231898,0.100733737,-0.988100633
0.0005,0.00035,0.0001,537.8613316,0.696227469,0.518856486,0.496039574
0.0005,0.00035,0.00015,550.7878627,0.960233782,0.271204779,0.066325344
0.0005,0.00035,0.0002,541.5499904,0.926953502,0.069570753,-0.368669384
0.0005,0.00035,0.00025,530.3060613,0.788257763,0.566478201,-0.240316766
0.0005,0.00035,0.0003,531.4665954,0.251785772,0.939157117,0.233640398
0.0005,0.00035,0.00035,543.7497065,0.421537846,0.898154913,0.124994385
0.0005,0.00035,0.0004,541.2931519,0.402750376,0.913510374,0.057366629
0.0005,0.00035,0.00045,548.1825348,0.118435289,0.796090854,0.593474881
0.0005,0.00035,0.0005,591.0236514,0.468821332,0.664927547,0.581444679
0.0005,0.00035,0.00055,597.8834782,-0.352655085,0.480442502,0.803000245
0.0005,0.00035,0.0006,625.4433763,-0.353406972,0.922692258,0.154086045
0.0005,0.00035,0.00065,606.4803742,-0.138051529,0.9575049,-0.253231398
0.0005,0.00035,0.0007,607.4592379,-0.041738725,0.967735122,0.248488655
0.0005,0.00035,0.00075,632.5088635,0.065231402,0.933203015,0.353379395
0.0005,0.00035,0.0008,657.0112486,0.084501424,0.94475862,0.316687006
0.0005,0.00035,0.00085,677.3936133,-0.008406093,0.502829685,0.864344634
0.0005,0.00035,0.0009,887.7578147,-0.045367456,0.396877766,0.916749602
0.0005,0.00035,0.00095,1064.464106,-0.008568148,0.628467302,-0.777788813
0.0005,0.0004,5.00E-05,530.2853963,0.105988901,0.060379799,-0.992532434
0.0005,0.0004,0.0001,544.2644789,0.97709499,-0.04818468,0.20727667
0.0005,0.0004,0.00015,540.8147214,0.89433558,-0.37103766,-0.24998985
0.0005,0.0004,0.0002,531.5768438,0.988244333,-0.152060299,-0.01583681
0.0005,0.0004,0.00025,540.1884958,0.762877387,0.512836678,0.393721519
0.0005,0.0004,0.0003,545.3583965,0.394553557,0.74442442,0.538664806
0.0005,0.0004,0.00035,557.677296,0.877213182,0.417375899,0.237264393
0.0005,0.0004,0.0004,555.1392639,0.949997864,0.3121988,0.005997296
0.0005,0.0004,0.00045,558.0050657,0.873642127,0.359718006,0.327646746
0.0005,0.0004,0.0005,575.1875718,0.882134713,-0.14510647,0.44808756
0.0005,0.0004,0.00055,581.9128129,0.043546913,-0.404053247,0.913698331
0.0005,0.0004,0.0006,609.5953941,-0.353572776,-0.633278776,0.688436115
0.0005,0.0004,0.00065,607.276487,0.190621082,0.623069038,0.758583269
0.0005,0.0004,0.0007,637.7022032,0.068476569,0.48296067,0.872960452
0.0005,0.0004,0.00075,685.6465292,0.301411965,0.591278094,0.748024761
0.0005,0.0004,0.0008,711.8503843,0.111215203,0.86464645,0.489916008
0.0005,0.0004,0.00085,732.2063488,0.118751956,0.676253973,0.727034069
0.0005,0.0004,0.0009,795.5467634,0.027031135,-0.475057626,0.879539408
0.0005,0.0004,0.00095,980.0311515,0.107435612,-0.774198093,-0.623758689
0.0005,0.00045,5.00E-05,537.9091661,0.20267821,0.043079858,-0.978297332
0.0005,0.00045,0.0001,535.4136265,0.973236075,-0.181535827,-0.140912331
0.0005,0.00045,0.00015,531.9567364,0.96127015,-0.275589039,0.003221992
0.0005,0.00045,0.0002,535.5371602,0.915956702,0.023543786,0.400585833
0.0005,0.00045,0.00025,548.2570377,0.815421047,0.09571788,0.57089982
0.0005,0.00045,0.0003,555.6357815,0.831579908,0.235676071,0.502923102
0.0005,0.00045,0.00035,560.9553996,0.98981989,0.109497392,0.090922528
0.0005,0.00045,0.0004,558.3557267,0.965723029,0.103167172,0.238192289
0.0005,0.00045,0.00045,570.1932443,0.772223509,0.477398631,0.419239071
0.0005,0.00045,0.0005,583.2814842,0.845964996,0.420487818,0.327922582
0.0005,0.00045,0.00055,582.6677425,0.393699444,0.381167246,0.836488062
0.0005,0.00045,0.0006,602.1118338,0.42302305,-0.09930356,0.900661036
0.0005,0.00045,0.00065,629.566149,0.302813017,0.138020902,0.94300292
0.0005,0.00045,0.0007,650.8170418,0.096909283,-0.03430957,0.994701686
0.0005,0.00045,0.00075,691.1194838,0.002444283,-0.36530506,0.930884654
0.0005,0.00045,0.0008,739.1840743,-0.298278262,-0.230319844,0.926273636
0.0005,0.00045,0.00085,755.2441726,-0.389801355,-0.832409825,0.393889308
0.0005,0.00045,0.0009,753.9024564,-0.326844073,-0.927662988,-0.180594388
0.0005,0.00045,0.00095,735.2264564,-0.229779979,-0.807602356,-0.543120241
0.0005,0.0005,5.00E-05,539.0842635,0.234862247,0.056595131,-0.970379676
0.0005,0.0005,0.0001,536.5960283,0.952013402,0.105881722,-0.287157697
0.0005,0.0005,0.00015,530.2484206,0.956216779,0.229325977,-0.18182153
0.0005,0.0005,0.0002,532.5348677,0.88807773,-0.065380534,0.455020143
0.0005,0.0005,0.00025,543.5582594,0.777829672,-0.291578385,0.556743251
0.0005,0.0005,0.0003,551.3090081,0.687849904,-0.206497756,0.695860033
0.0005,0.0005,0.00035,560.9529078,0.644213553,0.394684949,0.655143258
0.0005,0.0005,0.0004,559.1404107,0.568557261,0.469753778,0.675332533
0.0005,0.0005,0.00045,586.3886858,0.661004677,0.426484944,0.617400526
0.0005,0.0005,0.0005,591.1833428,0.916597601,0.381558648,0.119422929
0.0005,0.0005,0.00055,590.4933448,0.432797235,0.688232075,0.582256957
0.0005,0.0005,0.0006,604.424549,0.748254128,0.260371719,0.610182209
0.0005,0.0005,0.00065,614.4051359,0.734569136,-0.410982371,0.539908951
0.0005,0.0005,0.0007,635.5790858,0.510445533,-0.642292289,0.571756919
0.0005,0.0005,0.00075,650.9688449,-0.124986226,-0.746935691,0.653043273
0.0005,0.0005,0.0008,695.9056486,-0.132646517,-0.867025297,0.480283288
0.0005,0.0005,0.00085,701.1018592,-0.127145294,-0.991457543,-0.029086338
0.0005,0.0005,0.0009,692.7213402,-0.358568836,-0.88006171,-0.311319413
0.0005,0.0005,0.00095,658.8560653,-0.470951337,-0.587737668,-0.657852013
0.0005,0.00055,5.00E-05,545.0396976,0.385444791,0.015921244,-0.922593533
0.0005,0.00055,0.0001,538.6716073,0.903075947,0.186066966,-0.387082572
0.0005,0.00055,0.00015,537.078955,0.891184531,0.332717428,-0.30836544
0.0005,0.00055,0.0002,533.6247078,0.993410149,0.089546219,0.071538461
0.0005,0.00055,0.00025,538.4246176,0.737724777,-0.083507283,0.669916925
0.0005,0.00055,0.0003,550.4738873,0.392689368,0.154268324,0.90664014
0.0005,0.00055,0.00035,565.6733551,0.275534429,0.288787066,0.916887566
0.0005,0.00055,0.0004,576.0485702,0.300876741,0.577534807,0.758898369
0.0005,0.00055,0.00045,592.3277057,0.205270643,-0.020550928,0.97848946
0.0005,0.00055,0.0005,596.3959519,0.220055694,-0.755521904,0.617059272
0.0005,0.00055,0.00055,598.3189472,0.371780074,-0.148461759,0.916372567
0.0005,0.00055,0.0006,612.3152682,0.884916517,-0.406747868,0.226889689
0.0005,0.00055,0.00065,605.8511034,0.861112311,-0.506541897,-0.043599241
0.0005,0.00055,0.0007,609.7426139,0.59788416,-0.769641093,0.224024818
0.0005,0.00055,0.00075,622.1193659,-0.008085975,-0.865185926,0.501386009
0.0005,0.00055,0.0008,648.6820878,-0.143970963,-0.96492224,0.219539137
0.0005,0.00055,0.00085,646.7015779,-0.115104743,-0.98504915,-0.128175938
0.0005,0.00055,0.0009,634.4787904,-0.374101067,-0.855911891,-0.357019924
0.0005,0.00055,0.00095,597.9641308,-0.576983054,-0.594139492,-0.560436275
0.0005,0.0006,5.00E-05,540.1074776,0.598843991,-0.382624076,-0.703551485
0.0005,0.0006,0.0001,540.4226827,0.952670658,-0.16708043,-0.25397391
0.0005,0.0006,0.00015,535.6938798,0.940598318,-0.080817284,-0.329762599
0.0005,0.0006,0.0002,534.2192623,0.960968855,0.060837808,0.26988446
0.0005,0.0006,0.00025,541.4579554,0.509599755,0.267051221,0.81791915
0.0005,0.0006,0.0003,555.9454861,0.342590553,0.17684627,0.922690148
0.0005,0.0006,0.00035,569.0080259,0.32677164,-0.079408702,0.94176141
0.0005,0.0006,0.0004,579.4248333,0.594867695,-0.193378283,0.780216166
0.0005,0.0006,0.00045,585.9613357,0.844910511,-0.509911551,0.16160581
0.0005,0.0006,0.0005,583.8477198,0.508079899,-0.857366916,0.082321247
0.0005,0.0006,0.00055,587.9142522,0.31758732,-0.922554764,0.219159764
0.0005,0.0006,0.0006,590.9215622,0.562662847,-0.824355882,-0.062031447
0.0005,0.0006,0.00065,584.5156889,0.6752728,-0.714398283,-0.183416846
0.0005,0.0006,0.0007,579.6891917,0.712259612,-0.701811658,-0.012109614
0.0005,0.0006,0.00075,583.7753369,0.62646833,-0.7697212,0.122746513
0.0005,0.0006,0.0008,587.861482,0.223411464,-0.970211198,0.093688578
0.0005,0.0006,0.00085,591.9476272,-0.038379658,-0.993492601,-0.107235505
0.0005,0.0006,0.0009,575.8792322,-0.376179312,-0.8987419,-0.225282317
0.0005,0.0006,0.00095,564.0383321,-0.612802268,-0.698850921,-0.368891271
0.0005,0.00065,5.00E-05,532.1964072,0.730496914,-0.636542655,0.24736149
0.0005,0.00065,0.0001,535.7680578,0.884774768,-0.450259276,0.12016736
0.0005,0.00065,0.00015,535.5586383,0.989704003,-0.139840996,-0.030503821
0.0005,0.00065,0.0002,534.9240554,0.870633436,-0.033299058,0.490804027
0.0005,0.00065,0.00025,545.5182461,0.380214877,-0.056747477,0.923155659
0.0005,0.00065,0.0003,555.7542376,0.341894971,-0.373779808,0.862204433
0.0005,0.00065,0.00035,563.693592,0.426251922,-0.569860481,0.702544184
0.0005,0.00065,0.0004,571.8466553,0.684667984,-0.535522299,0.494414419
0.0005,0.00065,0.00045,578.3722612,0.866414857,-0.482685413,0.12782835
0.0005,0.00065,0.0005,576.0565369,0.654931476,-0.709700592,-0.259595516
0.0005,0.00065,0.00055,568.5415516,0.444031147,-0.877255662,-0.182370074
0.0005,0.00065,0.0006,567.1506654,0.386652428,-0.913540392,-0.126268967
0.0005,0.00065,0.00065,562.1016531,0.571833682,-0.820336033,-0.007418442
0.0005,0.00065,0.0007,566.8355756,0.477375566,-0.830085516,0.288219718
0.0005,0.00065,0.00075,570.8724103,0.722885816,-0.690000996,-0.036533856
0.0005,0.00065,0.0008,564.0522668,0.546204238,-0.771571031,-0.326096727
0.0005,0.00065,0.00085,535.6909889,0.383941624,-0.878203175,-0.28521573
0.0005,0.00065,0.0009,523.1373711,0.083315901,-0.995044941,-0.054258877
0.0005,0.00065,0.00095,530.1958598,-0.199538203,-0.973393412,0.112648883
0.0005,0.0007,5.00E-05,525.7683753,0.336240338,-0.126288017,0.933270471
0.0005,0.0007,0.0001,527.8246216,0.876049961,-0.369228454,0.310172233
0.0005,0.0007,0.00015,531.8246551,0.917629565,-0.339468297,0.206681535
0.0005,0.0007,0.0002,533.5435434,0.920786298,-0.180500821,0.345791912
0.0005,0.0007,0.00025,540.1774993,0.440797566,-0.657857789,0.610672281
0.0005,0.0007,0.0003,548.0661746,0.352533551,-0.717395986,0.600885259
0.0005,0.0007,0.00035,555.9548499,0.329363567,-0.753404957,0.569122669
0.0005,0.0007,0.0004,563.5257123,0.523346427,-0.763535542,0.378314674
0.0005,0.0007,0.00045,570.0646395,0.627824801,-0.760421146,-0.166119533
0.0005,0.0007,0.0005,556.9718302,0.405572154,-0.77733629,-0.4808945
0.0005,0.0007,0.00055,545.0742947,0.259202556,-0.949720491,-0.175627516
0.0005,0.0007,0.0006,544.3296915,0.259884589,-0.962320983,0.079989536
0.0005,0.0007,0.00065,549.6728568,0.293085396,-0.930384884,0.220192911
0.0005,0.0007,0.0007,554.4290236,0.183276771,-0.951546853,-0.246917418
0.0005,0.0007,0.00075,531.208046,0.23747073,-0.870497386,-0.431093903
0.0005,0.0007,0.0008,504.6194151,0.45175069,-0.811198556,-0.371319562
0.0005,0.0007,0.00085,465.9672287,0.33457219,-0.921801741,-0.195813688
0.0005,0.0007,0.0009,475.1049303,-0.037527744,-0.985677588,0.164412168
0.0005,0.0007,0.00095,485.7596504,-0.095027474,-0.910923658,0.401482091
0.0005,0.00075,5.00E-05,526.5042719,0.17303301,-0.013498299,0.984823524
0.0005,0.00075,0.0001,528.5586735,0.964536097,-0.263527793,-0.014940567
0.0005,0.00075,0.00015,526.1654787,0.923792283,-0.375359297,0.075585814
0.0005,0.00075,0.0002,530.5639325,0.878139681,-0.419662181,0.22968316
0.0005,0.00075,0.00025,529.8734783,0.749128547,-0.591857701,0.297507785
0.0005,0.00075,0.0003,536.917683,0.25961577,-0.828972283,0.495383292
0.0005,0.00075,0.00035,543.228246,-0.014930824,-0.979147055,0.202603343
0.0005,0.00075,0.0004,543.3694997,0.197927602,-0.972045779,0.126299916
0.0005,0.00075,0.00045,548.3715115,0.256960691,-0.951598124,-0.168618544
0.0005,0.00075,0.0005,535.6611863,0.092889743,-0.793290238,-0.601715958
0.0005,0.00075,0.00055,500.1781284,-0.12201625,-0.945369433,-0.302305589
0.0005,0.00075,0.0006,511.827269,0.162434961,-0.94751433,0.275375158
0.0005,0.00075,0.00065,519.4287719,0.062702453,-0.986030369,-0.154313037
0.0005,0.00075,0.0007,495.6776445,0.034549605,-0.960711812,-0.275389069
0.0005,0.00075,0.00075,470.2930849,0.091960981,-0.90502178,-0.415305617
0.0005,0.00075,0.0008,421.5247454,0.207326171,-0.881095934,-0.425071539
0.0005,0.00075,0.00085,396.7502246,0.047901121,-0.991317387,-0.122455383
0.0005,0.00075,0.0009,404.4785962,-0.242526216,-0.961771895,0.127184338
0.0005,0.00075,0.00095,415.2454506,-0.228199292,-0.705478136,0.670988586
0.0005,0.0008,5.00E-05,524.2152689,0.137717287,-0.096305949,0.98577843
0.0005,0.0008,0.0001,521.8488494,0.760728254,-0.644089196,-0.080259772
0.0005,0.0008,0.00015,521.8665351,0.700602162,-0.681606336,0.211114694
0.0005,0.0008,0.0002,526.7685269,0.625951771,-0.742857352,0.237375934
0.0005,0.0008,0.00025,527.5374396,0.824271917,-0.565015827,-0.03650921
0.0005,0.0008,0.0003,525.7183634,0.629670342,-0.771613296,-0.090156427
0.0005,0.0008,0.00035,524.7743312,0.250962341,-0.967092995,-0.041821561
0.0005,0.0008,0.0004,523.9414458,0.242825366,-0.969300158,0.038639938
0.0005,0.0008,0.00045,526.5628016,-0.15750769,-0.913786778,-0.374412942
0.0005,0.0008,0.0005,493.4346415,-0.191129127,-0.830509974,-0.523185283
0.0005,0.0008,0.00055,470.5409162,-0.394268138,-0.899000373,-0.190659288
0.0005,0.0008,0.0006,478.0918335,-0.25377106,-0.944344302,-0.209318151
0.0005,0.0008,0.00065,446.479889,0.022466506,-0.882937057,-0.468953526
0.0005,0.0008,0.0007,383.0161385,0.130018262,-0.831962688,-0.539382367
0.0005,0.0008,0.00075,369.6162302,0.028998289,-0.960361279,-0.277245944
0.0005,0.0008,0.0008,352.1784511,0.00359898,-0.859342341,-0.5113881
0.0005,0.0008,0.00085,327.972935,0.052841095,-0.989375054,-0.135443054
0.0005,0.0008,0.0009,335.2434599,-0.271190012,-0.927732646,0.256452949
0.0005,0.0008,0.00095,357.4617209,-0.271080022,-0.47093098,0.839487721
0.0005,0.00085,5.00E-05,510.4444171,0.134584583,-0.218294701,0.966558024
0.0005,0.00085,0.0001,509.7099523,0.395090539,-0.918635682,-0.003456781
0.0005,0.00085,0.00015,510.2817745,0.415828976,-0.906375094,0.074635462
0.0005,0.00085,0.0002,512.8170909,0.689353633,-0.720815569,0.072225236
0.0005,0.00085,0.00025,513.6211682,0.597389075,-0.801923976,0.006650492
0.0005,0.00085,0.0003,513.269328,0.50948177,-0.841007625,-0.182028846
0.0005,0.00085,0.00035,502.138327,0.394310061,-0.897872643,-0.195816987
0.0005,0.00085,0.0004,498.5049188,0.204355559,-0.912971553,-0.353159665
0.0005,0.00085,0.00045,473.9170489,-0.059672482,-0.896336805,-0.439339877
0.0005,0.00085,0.0005,446.7314398,-0.169126551,-0.91187132,-0.37401458
0.0005,0.00085,0.00055,427.8334225,-0.236959202,-0.901710179,-0.361620091
0.0005,0.00085,0.0006,403.2753168,-0.06281433,-0.875258945,-0.479558275
0.0005,0.00085,0.00065,340.4220056,0.204118891,-0.941489783,-0.268202287
0.0005,0.00085,0.0007,377.1203832,0.52712045,0.814674935,0.241761827
0.0005,0.00085,0.00075,363.4734124,0.160950135,0.972720795,-0.167060794
0.0005,0.00085,0.0008,351.5468816,0.127609705,0.855699271,-0.501492294
0.0005,0.00085,0.00085,273.0446723,0.30945133,0.304558422,-0.90082409
0.0005,0.00085,0.0009,297.8012914,0.105817063,-0.951940653,0.287422586
0.0005,0.00085,0.00095,309.2371351,-0.130223808,-0.47173149,0.872072911
0.0005,0.0009,5.00E-05,478.9389868,0.146202599,-0.265577587,0.952939319
0.0005,0.0009,0.0001,478.6267626,0.273935321,-0.958230167,0.082185072
0.0005,0.0009,0.00015,484.1333589,0.273442394,-0.911118417,0.308370698
0.0005,0.0009,0.0002,493.4410211,0.619049292,-0.752094317,-0.226124109
0.0005,0.0009,0.00025,473.0061716,0.668826267,-0.704763547,-0.236600438
0.0005,0.0009,0.0003,472.6654699,0.498851393,-0.852161281,-0.158014042
0.0005,0.0009,0.00035,457.0756124,0.416359655,-0.884146521,-0.211965959
0.0005,0.0009,0.0004,450.9851412,0.359118536,-0.885890999,-0.293651179
0.0005,0.0009,0.00045,420.9350696,0.05860454,-0.854302266,-0.516462144
0.0005,0.0009,0.0005,381.0798312,0.014587837,-0.905524912,-0.424042249
0.0005,0.0009,0.00055,362.181814,-0.071128344,-0.902650053,-0.424456878
0.0005,0.0009,0.0006,318.5541328,0.066579193,-0.992267521,-0.104749123
0.0005,0.0009,0.00065,354.6663439,0.31804752,0.505137234,0.802298043
0.0005,0.0009,0.0007,460.6934277,0.303870853,0.642625742,0.703345335
0.0005,0.0009,0.00075,518.51937,0.144617452,0.973214271,0.178717026
0.0005,0.0009,0.0008,506.4775458,0.050472489,0.883509526,-0.465685995
0.0005,0.0009,0.00085,346.1437103,0.202856064,0.63118115,-0.748638613
0.0005,0.0009,0.0009,215.3743949,0.169983256,-0.849040415,-0.50023601
0.0005,0.0009,0.00095,242.4364091,-0.030938815,-0.210922595,0.977013024
0.0005,0.00095,5.00E-05,444.6198018,0.039846653,-0.980257146,0.193670267
0.0005,0.00095,0.0001,449.1465932,0.021809881,-0.999526807,0.021690808
0.0005,0.00095,0.00015,466.5112612,0.009011619,-0.999613226,0.026309495
0.0005,0.00095,0.0002,475.8077938,0.029643058,-0.999455064,-0.014521184
0.0005,0.00095,0.00025,451.7368739,0.061790927,-0.996895083,-0.048806496
0.0005,0.00095,0.0003,427.3566741,0.055321247,-0.99762763,-0.04097159
0.0005,0.00095,0.00035,411.7059422,0.058329029,-0.997512155,-0.0395882
0.0005,0.00095,0.0004,389.4756221,0.065494593,-0.996293716,-0.055761004
0.0005,0.00095,0.00045,358.2836663,0.029958252,-0.996735915,-0.074966788
0.0005,0.00095,0.0005,321.2662611,0.027092676,-0.996841023,-0.074658971
0.0005,0.00095,0.00055,294.8662639,0.10138141,-0.994761904,0.013060052
0.0005,0.00095,0.0006,332.0827694,0.206003468,-0.963868534,0.168878717
0.0005,0.00095,0.00065,429.9147456,0.101518319,-0.965339212,0.240445913
0.0005,0.00095,0.0007,526.8280263,0.123702222,-0.970134103,0.208656615
0.0005,0.00095,0.00075,612.7935704,0.118853248,-0.978118155,0.170759423
0.0005,0.00095,0.0008,678.5817055,0.063245096,-0.990742395,-0.120123125
0.0005,0.00095,0.00085,518.475269,0.117441613,-0.670068287,-0.732950174
0.0005,0.00095,0.0009,121.7809965,0.195086391,-0.738524092,-0.645386292
0.0005,0.00095,0.00095,252.3374559,-0.050684438,-0.680038255,0.731422628
0.00055,0,5.00E-05,-516.9420989,0.000454436,-0.889803899,-0.456342871
0.00055,0,0.0001,-534.5186578,-0.008009079,-0.999921906,-0.009593536
0.00055,0,0.00015,-525.5365302,0.004348594,-0.999881711,0.014753125
0.00055,0,0.0002,-521.4002381,0.005587516,-0.999976888,-0.003873454
0.00055,0,0.00025,-528.9173018,-0.009782283,-0.999915771,0.008529874
0.00055,0,0.0003,-513.5123037,-0.002949761,-0.999458125,0.032783462
0.00055,0,0.00035,-496.2578776,0.001817374,-0.999932755,0.01145347
0.00055,0,0.0004,-502.4489947,0.002814941,-0.999984525,0.004798441
0.00055,0,0.00045,-492.129496,-0.00650267,-0.999495218,0.031097032
0.00055,0,0.0005,-479.0582143,-0.019018324,-0.999157597,0.036364821
0.00055,0,0.00055,-466.5721948,-0.009115938,-0.999490606,0.030584763
0.00055,0,0.0006,-455.353068,-0.006658054,-0.999597013,0.027594952
0.00055,0,0.00065,-443.1407631,-0.009879254,-0.997745689,0.066377256
0.00055,0,0.0007,-401.817732,-0.010983501,-0.995108423,0.098176313
0.00055,0,0.00075,-357.9562453,-0.006227035,-0.993027179,0.117721054
0.00055,0,0.0008,-294.9804237,-0.025351524,-0.981990461,0.187221886
0.00055,0,0.00085,-185.0673814,-0.056455829,-0.959113232,0.277334721
0.00055,0,0.0009,-105.9523122,-0.158422984,-0.922789075,0.351229954
0.00055,0,0.00095,-75.03635933,-0.087751452,-0.616182939,-0.782699347
0.00055,5.00E-05,5.00E-05,-431.0171625,0.061073008,0.494917095,-0.8667913
0.00055,5.00E-05,0.0001,-431.9629534,0.109060232,0.992800777,0.049522559
0.00055,5.00E-05,0.00015,-420.7506141,0.173416879,0.972152439,0.157626844
0.00055,5.00E-05,0.0002,-395.1596427,0.108689629,0.98922116,-0.098122686
0.00055,5.00E-05,0.00025,-444.1748011,0.205965373,0.732623422,-0.648722735
0.00055,5.00E-05,0.0003,-535.329256,-0.504641731,0.510504272,-0.696219873
0.00055,5.00E-05,0.00035,-525.7750194,-0.202943248,0.468819952,0.859663824
0.00055,5.00E-05,0.0004,-437.1054639,0.025942997,0.747059529,0.664250722
0.00055,5.00E-05,0.00045,-393.40035,0.005228112,0.95246032,0.304617803
0.00055,5.00E-05,0.0005,-374.1779541,-0.174292,0.979426572,-0.101714738
0.00055,5.00E-05,0.00055,-416.0342052,-0.487158634,0.853514889,-0.184902137
0.00055,5.00E-05,0.0006,-404.8965452,-0.320879539,0.854672196,0.408132036
0.00055,5.00E-05,0.00065,-349.6690978,0.187473446,0.884845745,0.426499372
0.00055,5.00E-05,0.0007,-297.023602,0.21428642,0.868265166,0.447433718
0.00055,5.00E-05,0.00075,-252.4523077,0.26938757,0.928946558,0.253946117
0.00055,5.00E-05,0.0008,-246.8998142,0.110114001,0.692971171,0.712506746
0.00055,5.00E-05,0.00085,-121.539654,0.03353531,0.665910168,0.745277821
0.00055,5.00E-05,0.0009,-115.6192407,-0.942234529,0.079677292,-0.325339242
0.00055,5.00E-05,0.00095,-143.3195037,-0.181657702,-0.183829726,-0.966026455
0.00055,0.0001,5.00E-05,-352.1335947,0.138912014,0.617070275,-0.774550016
0.00055,0.0001,0.0001,-328.7005938,0.244973651,0.938462643,0.243466176
0.00055,0.0001,0.00015,-298.5547079,0.303625392,0.936801672,0.173822464
0.00055,0.0001,0.0002,-285.2499422,0.330404939,0.880858434,-0.338999992
0.00055,0.0001,0.00025,-370.6192551,0.145690081,0.804222523,-0.576194875
0.00055,0.0001,0.0003,-453.6788206,0.146284851,0.969402797,-0.197126762
0.00055,0.0001,0.00035,-442.6912715,-0.153489207,0.949043998,0.275239082
0.00055,0.0001,0.0004,-353.571839,0.023957877,0.795253938,0.605802934
0.00055,0.0001,0.00045,-295.371606,0.027596517,0.907878703,0.418323671
0.00055,0.0001,0.0005,-261.1134056,-0.330207565,0.934294742,-0.13437373
0.00055,0.0001,0.00055,-324.7740774,-0.592977928,0.773860908,-0.22252297
0.00055,0.0001,0.0006,-316.3774253,-0.461060237,0.800033917,0.38388695
0.00055,0.0001,0.00065,-219.3399302,0.086445762,0.923950347,0.372616273
0.00055,0.0001,0.0007,-213.1641976,0.462084406,0.855265504,0.234518483
0.00055,0.0001,0.00075,-174.6011278,0.421745722,0.866769156,0.266161184
0.00055,0.0001,0.0008,-167.6571451,0.274110561,0.782602424,0.558924724
0.00055,0.0001,0.00085,-67.76740781,0.189790959,0.571776278,0.798154922
0.00055,0.0001,0.0009,-100.6183124,-0.161445131,-0.002601957,-0.98687826
0.00055,0.0001,0.00095,-135.0549161,-0.205264936,-0.120877955,-0.971213069
0.00055,0.00015,5.00E-05,-276.743082,0.159714673,0.971228741,-0.176652077
0.00055,0.00015,0.0001,-225.4382342,0.183641086,0.943533538,0.275717997
0.00055,0.00015,0.00015,-186.5769518,0.269238056,0.961487994,0.055242253
0.00055,0.00015,0.0002,-207.9069417,0.279470316,0.957709251,-0.068478702
0.00055,0.00015,0.00025,-209.090625,0.283248623,0.957162774,0.060080286
0.00055,0.00015,0.0003,-180.9034358,0.259998433,0.964113481,0.05372161
0.00055,0.00015,0.00035,-180.5990027,0.126328103,0.984037196,-0.125347543
0.00055,0.00015,0.0004,-243.7149445,0.017809102,0.999207796,-0.035589553
0.00055,0.00015,0.00045,-192.7398366,-0.027832672,0.964910713,0.261098945
0.00055,0.00015,0.0005,-169.7438402,-0.372238175,0.922724055,-0.10009525
0.00055,0.00015,0.00055,-223.8443179,-0.533644406,0.844633701,-0.042632853
0.00055,0.00015,0.0006,-185.1680713,-0.413151165,0.855206057,0.312935641
0.00055,0.00015,0.00065,-93.73852131,-0.006685647,0.98524004,0.171047846
0.00055,0.00015,0.0007,-133.8656546,0.4452208,0.894470474,-0.041243303
0.00055,0.00015,0.00075,-104.2559819,0.371710956,0.915279595,0.155223152
0.00055,0.00015,0.0008,-97.31199927,0.283574387,0.950002756,0.13069174
0.00055,0.00015,0.00085,-73.51487437,0.404584084,0.902062255,-0.150317687
0.00055,0.00015,0.0009,-115.7966478,0.308773703,0.637923542,-0.705487317
0.00055,0.00015,0.00095,-174.6232968,0.164714811,-0.141235642,-0.976176994
0.00055,0.0002,5.00E-05,-72.75432916,0.095843987,0.961211134,0.258625376
0.00055,0.0002,0.0001,-20.14341271,0.151886141,0.975657162,0.158188816
0.00055,0.0002,0.00015,6.576354981,0.209801563,0.972068613,0.10519466
0.00055,0.0002,0.0002,29.61515571,0.215148349,0.971144362,0.10290683
0.00055,0.0002,0.00025,59.58426392,0.235180898,0.970426032,0.054435849
0.00055,0.0002,0.0003,57.64533603,0.275517616,0.961084975,-0.020142364
0.00055,0.0002,0.00035,50.40862659,0.149785092,0.975758592,-0.159560636
0.00055,0.0002,0.0004,-12.70731521,0.018261893,0.988516904,-0.150002777
0.00055,0.0002,0.00045,-22.00584796,0.058106741,0.994608017,0.085898194
0.00055,0.0002,0.0005,25.62201073,-0.189009899,0.981952544,0.006667861
0.00055,0.0002,0.00055,-19.19224079,-0.341642688,0.939505828,0.024679409
0.00055,0.0002,0.0006,39.18215539,-0.347664446,0.920616133,0.177750864
0.00055,0.0002,0.00065,76.16332404,-0.041357527,0.997341986,-0.059987656
0.00055,0.0002,0.0007,14.93484823,0.325139556,0.941671734,-0.086825193
0.00055,0.0002,0.00075,40.9389793,0.298205724,0.94853938,0.106519438
0.00055,0.0002,0.0008,55.80102341,0.222949436,0.974813628,0.005651451
0.00055,0.0002,0.00085,43.15968274,0.182967677,0.966992492,-0.177336825
0.00055,0.0002,0.0009,-9.192936853,0.023305004,0.917229107,-0.397677811
0.00055,0.0002,0.00095,-158.3410344,0.073157601,0.987811686,-0.137390095
0.00055,0.00025,5.00E-05,236.8843691,0.121439523,0.992121931,-0.030765498
0.00055,0.00025,0.0001,263.8476199,0.165886724,0.984128554,0.063028432
0.00055,0.00025,0.00015,273.2253106,0.147339388,0.987762393,0.051152322
0.00055,0.00025,0.0002,292.3351875,0.178088359,0.983484094,0.032304398
0.00055,0.00025,0.00025,290.6024482,0.189026488,0.979240155,-0.073196355
0.00055,0.00025,0.0003,256.9084853,0.18065329,0.979352627,-0.090734898
0.00055,0.00025,0.00035,249.6274338,0.049448061,0.997398508,-0.052450977
0.00055,0.00025,0.0004,233.4957678,0.081272051,0.996687837,0.002865092
0.00055,0.00025,0.00045,251.0722294,0.145841577,0.989047138,0.02271548
0.00055,0.00025,0.0005,244.6062358,-0.006677549,0.996317765,0.085477026
0.00055,0.00025,0.00055,292.3688105,-0.191574143,0.974956875,0.112953265
0.00055,0.00025,0.0006,308.7022224,-0.23324213,0.971836128,0.033654852
0.00055,0.00025,0.00065,309.3920432,-0.152413507,0.97989463,-0.128750292
0.00055,0.00025,0.0007,248.1636675,0.145430561,0.984893752,-0.093990683
0.00055,0.00025,0.00075,259.6510854,0.128795964,0.98895674,0.073322341
0.00055,0.00025,0.0008,285.7351257,0.087097266,0.995338583,0.041414632
0.00055,0.00025,0.00085,280.8879491,0.078979458,0.990188923,0.115274203
0.00055,0.00025,0.0009,348.9572758,-0.022649867,0.999740611,0.002386363
0.00055,0.00025,0.00095,282.3724301,-0.193655469,0.97144693,-0.137070863
0.00055,0.0003,5.00E-05,524.6314394,0.271314824,0.926510177,-0.260705117
0.00055,0.0003,0.0001,547.2855556,0.237715542,0.965975129,0.101898829
0.00055,0.0003,0.00015,556.677443,0.196708253,0.979788484,0.036337179
0.00055,0.0003,0.0002,558.6495775,0.213582169,0.973558167,-0.081037969
0.00055,0.0003,0.00025,533.5320365,0.145781528,0.964013841,-0.222317478
0.00055,0.0003,0.0003,499.9116397,0.099437563,0.986247942,-0.132012003
0.00055,0.0003,0.00035,495.6207256,0.045180928,0.998449472,-0.032516712
0.00055,0.0003,0.0004,489.8979206,-0.036640227,0.993698642,-0.105926876
0.00055,0.0003,0.00045,461.7513385,-0.161401425,0.985115646,0.059133276
0.00055,0.0003,0.0005,506.9737769,-0.139039694,0.96839912,0.207053395
0.00055,0.0003,0.00055,534.0527036,-0.137239813,0.98693541,0.084402197
0.00055,0.0003,0.0006,530.7544456,-0.138987345,0.990248082,0.009552703
0.00055,0.0003,0.00065,536.9110544,-0.046864578,0.998748442,0.017471706
0.00055,0.0003,0.0007,536.152026,0.031736083,0.999036336,0.030318645
0.00055,0.0003,0.00075,547.6951265,0.011947384,0.996458253,0.083235872
0.00055,0.0003,0.0008,566.1972007,-0.020364314,0.994100543,0.10653359
0.00055,0.0003,0.00085,586.2289129,-0.128955146,0.984482226,0.11901814
0.00055,0.0003,0.0009,612.7142142,-0.167020389,0.980518606,0.10338014
0.00055,0.0003,0.00095,635.9406888,-0.134979746,0.983866975,-0.117414836
0.00055,0.00035,5.00E-05,551.9525357,0.186704133,0.066584158,-0.98015719
0.00055,0.00035,0.0001,567.6356312,0.893317055,0.272557808,0.357347004
0.00055,0.00035,0.00015,579.6425433,0.995316137,0.084589201,0.046802296
0.00055,0.00035,0.0002,570.3949626,0.800657986,-0.106885172,-0.589510263
0.00055,0.00035,0.00025,545.3021037,0.556719236,0.457389496,-0.693439645
0.00055,0.00035,0.0003,540.1399462,0.280039031,0.936535723,0.210900406
0.00055,0.00035,0.00035,557.1060179,0.270541269,0.952877348,0.137230398
0.00055,0.00035,0.0004,551.224046,-0.072392041,0.973064104,-0.218873574
0.00055,0.00035,0.00045,535.5430802,-0.298564946,0.927896205,0.22331056
0.00055,0.00035,0.0005,582.7633487,-0.37330544,0.86805025,0.327309964
0.00055,0.00035,0.00055,570.4419526,-0.658698282,0.646042176,0.385676133
0.00055,0.00035,0.0006,605.0033074,-0.450926512,0.720717295,0.526528121
0.00055,0.00035,0.00065,617.9380358,-0.110516365,0.993776703,-0.013928322
0.00055,0.00035,0.0007,603.5119946,-0.045580148,0.998876906,0.012937431
0.00055,0.00035,0.00075,619.3369003,-0.1408748,0.93714059,0.319251947
0.00055,0.00035,0.0008,645.3067688,-0.183293902,0.927484428,0.325846562
0.00055,0.00035,0.00085,665.6626807,0.016262951,0.604963109,0.796087403
0.00055,0.00035,0.0009,820.4532644,-0.275630506,0.395912188,0.875945982
0.00055,0.00035,0.00095,1020.454057,-0.191849432,0.760832993,-0.619941088
0.00055,0.0004,5.00E-05,555.3923562,0.157545927,0.027473702,-0.987129412
0.00055,0.0004,0.0001,568.405441,0.981057141,-0.153089127,0.118703852
0.00055,0.0004,0.00015,561.6645838,0.841004837,-0.464844245,-0.276822494
0.00055,0.0004,0.0002,552.4232503,0.914025538,-0.350251982,-0.20464815
0.00055,0.0004,0.00025,553.4881016,0.704300869,0.709887981,-0.004397682
0.00055,0.0004,0.0003,552.328738,0.424744885,0.722229302,0.545872346
0.00055,0.0004,0.00035,572.5846329,0.470517318,0.550300759,0.689769909
0.00055,0.0004,0.0004,585.7620318,0.713238495,0.61815358,0.330419431
0.00055,0.0004,0.00045,592.8029076,0.310115058,0.930282729,0.195966056
0.00055,0.0004,0.0005,599.5281694,0.443748293,0.566086522,-0.69471829
0.00055,0.0004,0.00055,571.3066327,-0.13596468,0.973655244,-0.183054834
0.00055,0.0004,0.0006,595.7675897,-0.071564353,0.136140463,0.98810137
0.00055,0.0004,0.00065,643.3152513,0.40255357,0.320147322,0.857587497
0.00055,0.0004,0.0007,644.1559583,0.024949674,0.89262934,0.450100406
0.00055,0.0004,0.00075,670.3806095,-0.297923522,0.78622093,0.541385468
0.00055,0.0004,0.0008,698.0581591,-0.306047782,0.810327657,0.499703756
0.00055,0.0004,0.00085,719.3263193,-0.165148247,0.715491248,0.67882128
0.00055,0.0004,0.0009,773.0736803,0.053383494,-0.374055521,0.925868603
0.00055,0.0004,0.00095,965.4626657,-0.168240849,-0.829080624,-0.533216968
0.00055,0.00045,5.00E-05,563.0033986,0.375783693,0.01324448,-0.926612756
0.00055,0.00045,0.0001,559.54651,0.93022651,-0.301702166,-0.208936457
0.00055,0.00045,0.00015,552.8050228,0.931414672,-0.357250041,-0.069563764
0.00055,0.00045,0.0002,556.4010462,0.968258283,-0.105728055,0.226489462
0.00055,0.00045,0.00025,560.5585835,0.812875099,0.193280456,0.549433106
0.00055,0.00045,0.0003,565.406063,0.579793208,0.287387597,0.762396357
0.00055,0.00045,0.00035,583.7792124,0.800374287,-0.150260126,0.580364451
0.00055,0.00045,0.0004,589.0486947,0.950047279,0.072668918,0.303528246
0.00055,0.00045,0.00045,600.8931736,0.939478523,0.261625959,0.221205699
0.00055,0.00045,0.0005,600.2794436,0.723724641,0.437837337,-0.533405202
0.00055,0.00045,0.00055,590.4442004,0.460947677,0.786042378,0.411903652
0.00055,0.00045,0.0006,614.9246444,0.406335382,0.374031279,0.833661898
0.00055,0.00045,0.00065,636.0019729,0.410094925,-0.137174073,0.901668135
0.00055,0.00045,0.0007,657.1874245,0.194766121,0.215111843,0.956970769
0.00055,0.00045,0.00075,697.6157625,-0.101993589,-0.376252369,0.920886238
0.00055,0.00045,0.0008,724.67792,-0.524908235,-0.243731812,0.815515879
0.00055,0.00045,0.00085,744.730545,-0.725414126,-0.676600405,-0.126436696
0.00055,0.00045,0.0009,721.012956,-0.277869036,-0.830308156,-0.48309126
0.00055,0.00045,0.00095,681.9888936,0.045225375,-0.915272818,-0.400287813
0.00055,0.0005,5.00E-05,557.1424786,0.643424127,-0.071489684,-0.76216443
0.00055,0.0005,0.0001,553.6790878,0.935387171,-0.211245867,-0.283594822
0.00055,0.0005,0.00015,545.5108135,0.960703847,-0.246204908,-0.128184486
0.00055,0.0005,0.0002,548.8037932,0.885048842,-0.345124604,0.312374062
0.00055,0.0005,0.00025,556.6559008,0.800715177,-0.410678348,0.43611753
0.00055,0.0005,0.0003,561.0818238,0.867705511,-0.329317492,0.37234008
0.00055,0.0005,0.00035,566.463402,0.647661808,-0.382026199,0.65923453
0.00055,0.0005,0.0004,589.8593541,0.691751966,-0.096900182,0.715604341
0.00055,0.0005,0.00045,606.0858179,0.642814891,-0.307962754,0.701390019
0.00055,0.0005,0.0005,608.105046,0.855047793,-0.323541709,-0.405233308
0.00055,0.0005,0.00055,599.2543054,0.768036889,0.546425731,0.33397344
0.00055,0.0005,0.0006,616.207569,0.538897263,0.199142727,0.818493686
0.00055,0.0005,0.00065,636.8856599,0.643920438,0.055662899,0.763064946
0.00055,0.0005,0.0007,658.0057605,0.88017312,-0.438264534,0.182262114
0.00055,0.0005,0.00075,642.8055869,-0.026823731,-0.936924944,0.348499837
0.00055,0.0005,0.0008,683.977046,-0.249442678,-0.802288056,0.542321147
0.00055,0.0005,0.00085,699.7140057,-0.207566499,-0.961539831,-0.179881353
0.00055,0.0005,0.0009,665.2371095,-0.283973598,-0.742376041,-0.606825189
0.00055,0.0005,0.00095,604.1679965,-0.231301021,-0.727708076,-0.645709528
0.00055,0.00055,5.00E-05,558.2676277,0.939317965,-0.19377092,-0.283080537
0.00055,0.00055,0.0001,550.8822433,0.859870589,-0.25980311,-0.439459799
0.00055,0.00055,0.00015,543.4410077,0.955812537,-0.01496038,-0.293595949
0.00055,0.00055,0.0002,544.0874635,0.956147396,-0.178317708,0.232346622
0.00055,0.00055,0.00025,548.996743,0.844828727,-0.26491092,0.464851188
0.00055,0.00055,0.0003,556.7317841,0.662853344,-0.041913907,0.747575193
0.00055,0.00055,0.00035,567.1026428,0.315873138,0.139974133,0.93841963
0.00055,0.00055,0.0004,583.6834124,0.290030591,-0.134016551,0.947587368
0.00055,0.00055,0.00045,592.8819482,0.163641286,-0.705716702,0.689336976
0.00055,0.00055,0.0005,594.8251061,-0.095794844,-0.915440875,0.390885344
0.00055,0.00055,0.00055,603.7010242,0.275550552,-0.37334242,0.88582579
0.00055,0.00055,0.0006,624.0805007,0.454114759,-0.151572094,0.877955401
0.00055,0.00055,0.00065,639.0510037,0.858788636,-0.364809912,0.359716287
0.00055,0.00055,0.0007,642.9524637,0.765316695,-0.62446743,-0.155983286
0.00055,0.00055,0.00075,627.7932184,0.729950939,-0.680403229,-0.064985176
0.00055,0.00055,0.0008,640.4898979,-0.181840061,-0.959262689,0.21621583
0.00055,0.00055,0.00085,644.5578753,-0.183263732,-0.93174672,-0.313468426
0.00055,0.00055,0.0009,604.1241563,-0.300063575,-0.793561602,-0.529359835
0.00055,0.00055,0.00095,560.1673431,-0.333627069,-0.81563119,-0.472693072
0.00055,0.0006,5.00E-05,550.7867526,0.685976057,-0.488445911,0.539312007
0.00055,0.0006,0.0001,544.9137764,0.946308476,-0.014634917,-0.322933566
0.00055,0.0006,0.00015,545.1645809,0.912414311,0.408758398,-0.020413163
0.00055,0.0006,0.0002,544.5399654,0.978559385,-0.002084647,0.205954328
0.00055,0.0006,0.00025,549.4501139,0.741750111,-0.066261438,0.667395082
0.00055,0.0006,0.0003,560.0666898,0.342345266,0.014163845,0.939467458
0.00055,0.0006,0.00035,570.4834914,0.301283083,0.014155286,0.953429668
0.00055,0.0006,0.0004,586.2134068,0.343196042,0.08720805,0.935206519
0.00055,0.0006,0.00045,594.6793801,0.967833629,-0.033499024,-0.249350923
0.00055,0.0006,0.0005,582.7671188,0.195006348,-0.901147132,-0.38717744
0.00055,0.0006,0.00055,586.9242514,0.068389959,-0.725071197,0.685269708
0.00055,0.0006,0.0006,610.1046731,0.38540059,-0.763163975,0.518697535
0.00055,0.0006,0.00065,617.7464677,0.672899035,-0.738854165,0.036075083
0.00055,0.0006,0.0007,612.9360583,0.680899013,-0.732334115,-0.007954769
0.00055,0.0006,0.00075,617.0222035,0.672449409,-0.738318101,-0.051943958
0.00055,0.0006,0.0008,609.599005,0.394859429,-0.818134547,-0.418021403
0.00055,0.0006,0.00085,591.6212677,-0.068816347,-0.615025452,-0.78549857
0.00055,0.0006,0.0009,538.7275381,-0.395298913,-0.652794593,-0.64621822
0.00055,0.0006,0.00095,525.0426249,-0.815523223,-0.558288786,0.152431969
0.00055,0.00065,5.00E-05,540.2706564,0.460770582,-0.407991416,0.788183656
0.00055,0.00065,0.0001,550.627454,0.671690598,-0.446389859,0.591242619
0.00055,0.00065,0.00015,550.9262948,0.95664261,0.086445923,-0.278140285
0.00055,0.00065,0.0002,544.0440858,0.976665749,0.16845911,-0.133212396
0.00055,0.00065,0.00025,547.4551927,0.623930897,-0.250327576,0.74030152
0.00055,0.00065,0.0003,557.048893,0.220169802,-0.37554605,0.900272416
0.00055,0.00065,0.00035,567.4908353,0.4010968,-0.331149527,0.854085094
0.00055,0.00065,0.0004,585.9396801,0.620300827,-0.25252152,0.742603371
0.00055,0.00065,0.00045,592.418957,0.853737247,-0.391163458,-0.343691521
0.00055,0.00065,0.0005,576.7752115,0.385158451,-0.577145076,-0.720108692
0.00055,0.00065,0.00055,574.7756639,0.166979424,-0.984049559,0.061354194
0.00055,0.00065,0.0006,578.7315188,0.475653992,-0.874066081,0.098801653
0.00055,0.00065,0.00065,581.061373,0.575917228,-0.816818521,-0.033568603
0.00055,0.00065,0.0007,576.2750531,0.607765519,-0.794037821,-0.011180911
0.00055,0.00065,0.00075,580.3611983,0.255816795,-0.947516408,0.191756157
0.00055,0.00065,0.0008,590.7762159,0.626398782,-0.76753168,0.136087057
0.00055,0.00065,0.00085,589.0673147,0.360561708,-0.757099066,-0.544790106
0.00055,0.00065,0.0009,536.8679622,-0.097436358,-0.69016806,-0.717059415
0.00055,0.00065,0.00095,515.9999399,-0.685108757,-0.727091415,0.044317768
0.00055,0.0007,5.00E-05,532.8623407,0.246505306,-0.070709487,0.966558484
0.00055,0.0007,0.0001,536.8687391,0.813411721,-0.359638239,0.45718892
0.00055,0.0007,0.00015,547.2106899,0.892648662,-0.298297802,0.337930152
0.00055,0.0007,0.0002,548.9294876,0.967191596,-0.245892532,-0.063853579
0.00055,0.0007,0.00025,545.0526329,0.973849642,-0.191564639,0.122146899
0.00055,0.0007,0.0003,551.7088791,0.441591223,-0.664379156,0.602990489
0.00055,0.0007,0.00035,559.2818318,0.480580021,-0.632058416,0.607902132
0.00055,0.0007,0.0004,577.7366244,0.633436297,-0.587964482,0.503046941
0.00055,0.0007,0.00045,584.2490814,0.618329583,-0.755847477,-0.215320965
0.00055,0.0007,0.0005,568.6265594,0.483152938,-0.650738874,-0.585749226
0.00055,0.0007,0.00055,555.5473688,0.276467179,-0.940951145,-0.19538895
0.00055,0.0007,0.0006,554.4970498,0.291247205,-0.955874106,0.038467641
0.00055,0.0007,0.00065,557.9737482,0.261325267,-0.955022508,0.140146761
0.00055,0.0007,0.0007,563.2115589,0.14796519,-0.979405597,-0.137371684
0.00055,0.0007,0.00075,545.3682348,0.532530348,-0.845978755,-0.02704395
0.00055,0.0007,0.0008,560.4964651,0.598969401,-0.780848614,-0.177513658
0.00055,0.0007,0.00085,516.7045464,0.441609669,-0.804345766,-0.397503195
0.00055,0.0007,0.0009,468.4003557,0.140576382,-0.934743246,-0.326333181
0.00055,0.0007,0.00095,469.2169401,-0.212513119,-0.842233402,0.495460463
0.00055,0.00075,5.00E-05,535.321526,0.140694538,0.023984703,0.989762487
0.00055,0.00075,0.0001,539.3406209,0.977409239,-0.113394407,0.178361675
0.00055,0.00075,0.00015,540.2800274,0.855333867,-0.508872703,-0.097224221
0.00055,0.00075,0.0002,535.7336651,0.81508795,-0.570804502,0.099064898
0.00055,0.00075,0.00025,543.0962353,0.945269267,-0.187569904,0.266989784
0.00055,0.00075,0.0003,541.3710617,0.878057142,-0.4657963,-0.109770046
0.00055,0.00075,0.00035,540.4288222,0.796277361,-0.477967897,0.370795164
0.00055,0.00075,0.0004,556.7577991,0.651691174,-0.667811629,0.359619579
0.00055,0.00075,0.00045,560.4396296,0.053509216,-0.983576432,-0.172377973
0.00055,0.00075,0.0005,544.8890061,-0.105120865,-0.82332064,-0.557756871
0.00055,0.00075,0.00055,506.7309855,0.093696321,-0.962857665,-0.253231348
0.00055,0.00075,0.0006,518.4389403,-0.04928463,-0.989608446,0.135078309
0.00055,0.00075,0.00065,521.6768229,-0.104893095,-0.962386686,-0.250617848
0.00055,0.00075,0.0007,486.4027448,-0.091340501,-0.983963969,-0.153205156
0.00055,0.00075,0.00075,495.4286481,0.155396468,-0.979483687,-0.128310732
0.00055,0.00075,0.0008,464.6901352,0.31401735,-0.862043084,-0.397837687
0.00055,0.00075,0.00085,402.7112889,0.284338304,-0.905332366,-0.315475887
0.00055,0.00075,0.0009,400.8452658,-0.024768967,-0.999299936,0.028038104
0.00055,0.00075,0.00095,406.4209905,-0.096968813,-0.691957626,0.715396179
0.00055,0.0008,5.00E-05,536.0833537,0.120522661,-0.066171203,0.990502731
0.00055,0.0008,0.0001,533.7163448,0.766732475,-0.606645882,-0.210004965
0.00055,0.0008,0.00015,528.3318413,0.689157106,-0.72396963,-0.030503415
0.00055,0.0008,0.0002,532.7027092,0.546343876,-0.669372527,0.503436977
0.00055,0.0008,0.00025,541.0921595,0.770291325,-0.574245942,0.277295641
0.00055,0.0008,0.0003,540.3900248,0.91986361,-0.389319616,-0.047761656
0.00055,0.0008,0.00035,539.4477907,0.834489857,-0.551006039,0.004361495
0.00055,0.0008,0.0004,540.5766624,0.262396898,-0.891812188,-0.368536145
0.00055,0.0008,0.00045,516.5265942,-0.134500934,-0.860569783,-0.491252631
0.00055,0.0008,0.0005,489.3457159,-0.102102547,-0.859933534,-0.50008938
0.00055,0.0008,0.00055,454.9766899,-0.149558925,-0.897726739,-0.414389708
0.00055,0.0008,0.0006,445.0011063,-0.220015011,-0.964731529,-0.144521528
0.00055,0.0008,0.00065,434.952949,-0.150807013,-0.947738243,-0.281157371
0.00055,0.0008,0.0007,394.6319957,0.091020375,-0.867275066,-0.489437689
0.00055,0.0008,0.00075,379.6210165,0.168793743,-0.94807055,-0.269575417
0.00055,0.0008,0.0008,359.5945373,0.206853322,-0.897232396,-0.390109896
0.00055,0.0008,0.00085,333.4866555,0.104206035,-0.976749628,-0.187353318
0.00055,0.0008,0.0009,336.1836904,0.082504079,-0.994849506,0.058885793
0.00055,0.0008,0.00095,339.1465308,-0.052510477,-0.501287052,0.863686251
0.00055,0.00085,5.00E-05,522.3231583,0.114139476,-0.171611357,0.978530389
0.00055,0.00085,0.0001,516.9486595,0.484081248,-0.864458444,-0.135561589
0.00055,0.00085,0.00015,516.2223474,0.423460113,-0.904608781,0.04862598
0.00055,0.00085,0.0002,518.767477,0.342931085,-0.89941613,0.271014568
0.00055,0.00085,0.00025,527.1767287,0.453771938,-0.869629294,0.194514575
0.00055,0.00085,0.0003,527.9673172,0.57217786,-0.793612627,-0.206861052
0.00055,0.00085,0.00035,516.8501102,0.271846786,-0.894973068,-0.353726634
0.00055,0.00085,0.0004,501.29132,0.042800279,-0.860707396,-0.507297659
0.00055,0.00085,0.00045,470.6939434,0.020856726,-0.844051439,-0.535856479
0.00055,0.00085,0.0005,439.0502724,-0.016941552,-0.869221482,-0.494132572
0.00055,0.00085,0.00055,410.6635858,-0.110067651,-0.891789677,-0.438857931
0.00055,0.00085,0.0006,384.773497,0.35877175,-0.84890268,-0.3881328
0.00055,0.00085,0.00065,351.8903004,0.788907745,-0.613677614,0.032005551
0.00055,0.00085,0.0007,388.3555235,0.251890034,0.94000601,0.230087184
0.00055,0.00085,0.00075,372.2053111,0.103807119,0.969694989,-0.221168962
0.00055,0.00085,0.0008,358.5835133,0.057668452,0.840865068,-0.538163811
0.00055,0.00085,0.00085,280.6609494,0.488755519,0.293561084,-0.82154728
0.00055,0.00085,0.0009,305.2241678,-0.137728571,-0.986495033,0.088647567
0.00055,0.00085,0.00095,290.3984038,-0.097629735,-0.488433085,0.867122573
0.00055,0.0009,5.00E-05,496.3517344,0.112236618,-0.201014529,0.973137247
0.00055,0.0009,0.0001,494.8122752,0.452795078,-0.891070926,-0.031132344
0.00055,0.0009,0.00015,494.4956431,0.390511666,-0.920124598,0.029518877
0.00055,0.0009,0.0002,496.3484006,0.267054798,-0.955286757,0.126921026
0.00055,0.0009,0.00025,499.9618199,0.636697119,-0.76767509,0.072744312
0.00055,0.0009,0.0003,500.772442,0.497235449,-0.801578311,-0.332007711
0.00055,0.0009,0.00035,471.954148,0.407395262,-0.816286934,-0.409517695
0.00055,0.0009,0.0004,462.2657272,0.155651196,-0.814942968,-0.558247852
0.00055,0.0009,0.00045,418.4879442,0.070388307,-0.817481712,-0.571637242
0.00055,0.0009,0.0005,383.7471796,0.171129713,-0.820478899,-0.545462187
0.00055,0.0009,0.00055,344.6825272,0.646042216,-0.466890314,-0.603856681
0.00055,0.0009,0.0006,316.455414,0.938653212,0.323932904,0.118311544
0.00055,0.0009,0.00065,366.270817,0.750284791,0.356385028,0.556832509
0.00055,0.0009,0.0007,477.6276317,0.338145548,0.731960913,0.591515688
0.00055,0.0009,0.00075,510.1536595,-0.028508386,0.995533613,0.090000544
0.00055,0.0009,0.0008,502.6299,-0.03517363,0.885571951,-0.463168582
0.00055,0.0009,0.00085,352.5533942,0.073958916,0.673310957,-0.735651028
0.00055,0.0009,0.0009,227.8225616,0.366629427,-0.648116143,-0.667479084
0.00055,0.0009,0.00095,216.8589409,-0.047485232,-0.379124872,0.924126336
0.00055,0.00095,5.00E-05,464.9081752,0.03846451,-0.962284042,0.269313764
0.00055,0.00095,0.0001,463.8235563,0.03378584,-0.99942354,0.003332321
0.00055,0.00095,0.00015,468.340215,0.016007698,-0.999780349,0.013528039
0.00055,0.00095,0.0002,477.6256231,0.005713029,-0.999912438,0.011936421
0.00055,0.00095,0.00025,480.4895546,0.031829195,-0.999352417,-0.016782398
0.00055,0.00095,0.0003,460.3473747,0.059038045,-0.99746502,-0.039724584
0.00055,0.00095,0.00035,440.0951164,0.048679172,-0.998081721,-0.038252012
0.00055,0.00095,0.0004,423.2401343,0.048709568,-0.995251363,-0.084273976
0.00055,0.00095,0.00045,358.4068633,0.03292426,-0.99403959,-0.103929237
0.00055,0.00095,0.0005,328.0328844,0.073349808,-0.99730624,0.000263577
0.00055,0.00095,0.00055,358.6348933,0.190775166,-0.971775376,0.138771233
0.00055,0.00095,0.0006,443.8814859,0.220147507,-0.967944242,0.120909134
0.00055,0.00095,0.00065,455.0440573,0.185920074,-0.97149822,0.147054191
0.00055,0.00095,0.0007,566.400872,0.174121625,-0.961669418,0.211833874
0.00055,0.00095,0.00075,648.7658443,0.045948948,-0.993198149,0.106986595
0.00055,0.00095,0.0008,659.9130505,-0.062771,-0.987534332,-0.144345917
0.00055,0.00095,0.00085,532.1807393,-0.049371507,-0.740612157,-0.670116473
0.00055,0.00095,0.0009,173.4660831,0.417526883,-0.625276014,-0.659318746
0.00055,0.00095,0.00095,180.2337172,0.050355577,-0.70675817,0.705660829
0.0006,0,5.00E-05,-516.747912,0.001044215,-0.903747389,-0.42806491
0.0006,0,0.0001,-537.3211736,-0.006140676,-0.999940515,-0.009014369
0.0006,0,0.00015,-524.9759668,-0.00661963,-0.999751333,0.021294438
0.0006,0,0.0002,-518.5645783,-0.001919589,-0.999997837,-0.000801199
0.0006,0,0.00025,-525.6762779,0.010789777,-0.999831389,0.014858498
0.0006,0,0.0003,-504.9964436,0.00746029,-0.999519743,0.030077012
0.0006,0,0.00035,-495.6657101,-0.010534584,-0.999936704,0.00395096
0.0006,0,0.0004,-501.1001713,-0.003872337,-0.999977084,0.005553118
0.0006,0,0.00045,-490.8473496,0.000645384,-0.999600217,0.028266393
0.0006,0,0.0005,-479.0307374,-0.001274072,-0.999604642,0.028087996
0.0006,0,0.00055,-468.7586448,-0.003873136,-0.999698918,0.024229583
0.0006,0,0.0006,-457.8831745,-0.000825045,-0.999326484,0.036686471
0.0006,0,0.00065,-435.1623801,0.019742579,-0.997753133,0.064022776
0.0006,0,0.0007,-399.118714,0.013168944,-0.996704776,0.080038541
0.0006,0,0.00075,-356.384298,0.013394797,-0.993300829,0.114778232
0.0006,0,0.0008,-294.8444903,0.030363045,-0.983482338,0.178439277
0.0006,0,0.00085,-201.3671117,-0.011917417,-0.969209383,0.245949479
0.0006,0,0.0009,-138.8003492,-0.079753406,-0.9790324,0.187443203
0.0006,0,0.00095,-103.7997716,-0.049730431,-0.759049186,-0.649131124
0.0006,5.00E-05,5.00E-05,-430.1440684,0.121748067,0.550352992,-0.826007865
0.0006,5.00E-05,0.0001,-428.7733042,0.044221237,0.988399878,0.145293373
0.0006,5.00E-05,0.00015,-397.759096,0.036562037,0.989303379,0.141216294
0.0006,5.00E-05,0.0002,-392.4546271,-0.017551454,0.992503142,-0.120952304
0.0006,5.00E-05,0.00025,-428.4961052,-0.019172824,0.842878918,-0.537761595
0.0006,5.00E-05,0.0003,-509.9214339,0.031735922,0.894240206,-0.446460845
0.0006,5.00E-05,0.00035,-527.1677502,-0.080439127,0.554324632,0.828404339
0.0006,5.00E-05,0.0004,-430.9750119,-0.294692876,0.713797735,0.635333693
0.0006,5.00E-05,0.00045,-392.0088584,-0.066380853,0.98679364,0.147756201
0.0006,5.00E-05,0.0005,-401.3761182,-0.279555219,0.945395714,-0.16755842
0.0006,5.00E-05,0.00055,-418.4078682,-0.082452819,0.994739997,-0.06077722
0.0006,5.00E-05,0.0006,-407.528842,-0.120300119,0.798877618,0.589340677
0.0006,5.00E-05,0.00065,-330.9901711,0.136891285,0.854323101,0.501390881
0.0006,5.00E-05,0.0007,-294.9465051,0.063587428,0.92932588,0.363744481
0.0006,5.00E-05,0.00075,-249.4427465,-0.212261567,0.922124729,0.323467171
0.0006,5.00E-05,0.0008,-226.5067002,0.230817972,0.747585125,0.622767649
0.0006,5.00E-05,0.00085,-132.2849826,-0.208189768,0.85466875,0.475603141
0.0006,5.00E-05,0.0009,-164.94429,-0.849002966,0.032170816,-0.527407814
0.0006,5.00E-05,0.00095,-168.8112179,0.017037628,-0.283117898,-0.95893377
0.0006,0.0001,5.00E-05,-343.5402248,0.258638578,0.76207143,-0.593593481
0.0006,0.0001,0.0001,-317.0131021,0.193202683,0.932680511,0.304597748
0.0006,0.0001,0.00015,-270.5422251,-0.069765907,0.976913799,0.20192114
0.0006,0.0001,0.0002,-266.3446758,-0.080580882,0.950569247,-0.299874689
0.0006,0.0001,0.00025,-341.5606847,-0.084499681,0.986570209,-0.139782066
0.0006,0.0001,0.0003,-307.3617502,-0.073550948,0.967515737,-0.241875085
0.0006,0.0001,0.00035,-442.8389149,-0.039247637,0.992101225,-0.119141862
0.0006,0.0001,0.0004,-349.2490859,-0.126404908,0.77845281,0.614843901
0.0006,0.0001,0.00045,-293.1703671,-0.031210269,0.994328854,0.101666358
0.0006,0.0001,0.0005,-330.0826228,-0.497017711,0.7682322,-0.40347575
0.0006,0.0001,0.00055,-368.0570916,-0.516057749,0.853236441,-0.075312524
0.0006,0.0001,0.0006,-339.3845804,-0.206916891,0.752626586,0.625090892
0.0006,0.0001,0.00065,-243.3326224,-0.248536041,0.728673468,0.638173027
0.0006,0.0001,0.0007,-190.7742961,-0.053110338,0.929433413,0.365147674
0.0006,0.0001,0.00075,-161.2793781,-0.347490581,0.917370056,0.194119746
0.0006,0.0001,0.0008,-154.2055189,0.076837458,0.909416793,0.408726194
0.0006,0.0001,0.00085,-90.73817834,-0.768137673,0.620680551,0.157226491
0.0006,0.0001,0.0009,-136.5723223,-0.400411089,0.469477487,-0.786931921
0.0006,0.0001,0.00095,-182.097988,-0.320139257,-0.057300027,-0.945636063
0.0006,0.00015,5.00E-05,-256.9363812,0.268579871,0.960128412,-0.077577611
0.0006,0.00015,0.0001,-205.2529,0.237538005,0.924068216,0.299455552
0.0006,0.00015,0.00015,-152.6204009,-0.017016132,0.99311438,0.115906335
0.0006,0.00015,0.0002,-167.334048,-0.111473588,0.993021622,0.038492831
0.0006,0.00015,0.00025,-139.001001,-0.107287299,0.985184681,0.13379305
0.0006,0.00015,0.0003,-104.8020664,-0.107420153,0.99004921,-0.090903643
0.0006,0.00015,0.00035,-178.3694656,-0.022993078,0.96411739,-0.264478689
0.0006,0.00015,0.0004,-241.4799199,-0.006103494,0.997054905,-0.076447784
0.0006,0.00015,0.00045,-204.5548399,-0.103419646,0.992909021,-0.058617854
0.0006,0.00015,0.0005,-258.7891273,-0.369620323,0.863095145,-0.344162152
0.0006,0.00015,0.00055,-313.0234147,-0.382014677,0.924141752,0.005177674
0.0006,0.00015,0.0006,-257.3571587,-0.387045795,0.77675275,0.496840737
0.0006,0.00015,0.00065,-161.3052007,-0.361588382,0.75591441,0.545753833
0.0006,0.00015,0.0007,-86.09120526,-0.135174779,0.94601339,0.294595391
0.0006,0.00015,0.00075,-76.62621519,-0.236927096,0.969423526,0.063902891
0.0006,0.00015,0.0008,-69.55235601,-0.033785248,0.997885252,0.055530002
0.0006,0.00015,0.00085,-62.6746889,-0.082025971,0.966341767,-0.243834635
0.0006,0.00015,0.0009,-110.4397354,0.025580251,0.682561258,-0.730380572
0.0006,0.00015,0.00095,-181.3522651,0.270507865,0.347611377,-0.897770475
0.0006,0.0002,5.00E-05,-47.73737394,0.128421158,0.961864144,0.241506471
0.0006,0.0002,0.0001,4.888032427,0.130288121,0.972682549,0.19212929
0.0006,0.0002,0.00015,54.35595411,0.000451847,0.98597577,0.166887919
0.0006,0.0002,0.0002,85.00278996,0.10338493,0.987041403,0.122722554
0.0006,0.0002,0.00025,118.8933554,0.104081222,0.991885916,0.073002939
0.0006,0.0002,0.0003,121.4078324,0.037340496,0.988356453,-0.14750325
0.0006,0.0002,0.00035,55.39969796,0.02839915,0.9579024,-0.285685983
0.0006,0.0002,0.0004,-7.731588434,0.024928546,0.993894891,-0.107477968
0.0006,0.0002,0.00045,0.024740963,0.074772786,0.992282558,-0.0989159
0.0006,0.0002,0.0005,-58.06345994,-0.081681456,0.974547263,-0.208772057
0.0006,0.0002,0.00055,-112.4708796,-0.048677384,0.995256029,-0.084237459
0.0006,0.0002,0.0006,-102.1907852,-0.327789356,0.919765264,0.215837897
0.0006,0.0002,0.00065,-6.115044968,-0.294457807,0.864207338,0.407970926
0.0006,0.0002,0.0007,81.14935419,0.056955822,0.971017648,0.232122299
0.0006,0.0002,0.00075,89.61928074,0.078467303,0.996191843,0.03800914
0.0006,0.0002,0.0008,96.50620182,0.152691254,0.987259141,-0.044774646
0.0006,0.0002,0.00085,71.30271669,0.131228623,0.941886532,-0.309239083
0.0006,0.0002,0.0009,-25.66477803,0.262491529,0.83910414,-0.476447729
0.0006,0.0002,0.00095,-125.3753598,0.559934616,0.826834522,-0.053083894
0.0006,0.00025,5.00E-05,261.8724355,0.050903559,0.970705336,0.234819032
0.0006,0.00025,0.0001,311.6094608,0.095189759,0.990253137,0.101674161
0.0006,0.00025,0.00015,320.6985206,0.066402983,0.994976711,0.07491321
0.0006,0.00025,0.0002,351.7318066,0.214378792,0.974410106,0.0675772
0.0006,0.00025,0.00025,355.6318107,0.379889381,0.922689554,-0.065787876
0.0006,0.00025,0.0003,320.6418898,0.20817027,0.948111007,-0.240313665
0.0006,0.00025,0.00035,254.6337922,0.064120703,0.991706663,-0.111384155
0.0006,0.00025,0.0004,270.5960675,0.054379344,0.994032009,0.094568773
0.0006,0.00025,0.00045,300.3532499,0.166252497,0.986038051,-0.009437673
0.0006,0.00025,0.0005,266.3400539,0.195116668,0.966209476,-0.168430206
0.0006,0.00025,0.00055,208.3359339,-0.083382522,0.990438648,-0.109902867
0.0006,0.00025,0.0006,195.8644652,-0.169885414,0.985012618,0.0298176
0.0006,0.00025,0.00065,227.0653517,-0.145258026,0.965624597,0.215567261
0.0006,0.00025,0.0007,314.3861307,0.157082881,0.966152245,0.20463335
0.0006,0.00025,0.00075,325.8655626,0.289823523,0.956218655,0.040598145
0.0006,0.00025,0.0008,334.3189579,0.202045064,0.978788629,-0.033920681
0.0006,0.00025,0.00085,309.4361049,0.174913874,0.964229005,-0.199167174
0.0006,0.00025,0.0009,235.943253,0.017814242,0.968518831,-0.248302086
0.0006,0.00025,0.00095,162.4504011,0.042678482,0.998404228,0.036980323
0.0006,0.0003,5.00E-05,568.8629676,0.151720835,0.98837973,0.009289653
0.0006,0.0003,0.0001,577.8233236,0.063234146,0.996071966,0.061984526
0.0006,0.0003,0.00015,587.2499449,0.063486538,0.997273796,0.03760899
0.0006,0.0003,0.0002,588.7133742,0.102967801,0.985524909,-0.13467845
0.0006,0.0003,0.00025,554.9363377,0.079508475,0.942045296,-0.325928004
0.0006,0.0003,0.0003,519.8759472,0.184545827,0.956072019,-0.227747959
0.0006,0.0003,0.00035,500.9817057,0.083433205,0.985303611,-0.1490493
0.0006,0.0003,0.0004,472.8351236,0.03015818,0.977498068,-0.208777422
0.0006,0.0003,0.00045,444.6885415,-0.055862071,0.998329723,-0.014737506
0.0006,0.0003,0.0005,469.7991163,-0.001149064,0.964532434,0.263961859
0.0006,0.0003,0.00055,522.6512858,0.019059308,0.991101748,0.131734841
0.0006,0.0003,0.0006,516.5281245,-0.020771552,0.999769019,0.00551823
0.0006,0.0003,0.00065,524.7978353,-0.026445946,0.996092609,0.084262246
0.0006,0.0003,0.0007,547.6229071,0.06387661,0.990959768,0.117976762
0.0006,0.0003,0.00075,559.1023391,0.064067751,0.994793985,0.079248032
0.0006,0.0003,0.0008,570.581771,0.073135852,0.996569072,-0.038745743
0.0006,0.0003,0.00085,547.5694932,0.054955843,0.996594405,-0.061477206
0.0006,0.0003,0.0009,547.6627531,0.020187342,0.998540573,0.05009187
0.0006,0.0003,0.00095,574.6673534,-0.014808575,0.999555459,0.025876432
0.0006,0.00035,5.00E-05,597.6543063,0.15170068,0.065329669,-0.986265146
0.0006,0.00035,0.0001,607.0824409,0.920625333,0.327916864,0.211942272
0.0006,0.00035,0.00015,609.4688958,0.906085989,0.047175523,-0.420455291
0.0006,0.00035,0.0002,588.1903102,0.467252396,-0.310969762,-0.82763096
0.0006,0.00035,0.00025,554.595918,0.489592345,0.008253144,-0.871912393
0.0006,0.00035,0.0003,547.1401389,0.55433357,0.802951665,0.219050034
0.0006,0.00035,0.00035,565.6013259,0.168525794,0.972818915,-0.158815663
0.0006,0.00035,0.0004,534.161249,0.195480845,0.886499687,-0.419410949
0.0006,0.00035,0.00045,506.0146669,-0.002825143,0.992117981,0.125275417
0.0006,0.00035,0.0005,551.2205891,-0.037430088,0.910475622,0.411865428
0.0006,0.00035,0.00055,559.8997366,0.180146525,0.845666627,0.502389476
0.0006,0.00035,0.0006,584.7670244,-0.153477619,0.918887505,0.363442393
0.0006,0.00035,0.00065,594.6473286,-0.218624502,0.962186095,0.1624846
0.0006,0.00035,0.0007,602.5308677,-0.185730012,0.961228595,0.203823331
0.0006,0.00035,0.00075,614.0662807,-0.179514156,0.943974057,0.276925347
0.0006,0.00035,0.0008,630.9522562,-0.245419435,0.830838124,0.499477039
0.0006,0.00035,0.00085,680.9716109,0.113998017,0.748614156,0.653131914
0.0006,0.00035,0.0009,776.1169961,-0.081638529,0.655207923,0.751024453
0.0006,0.00035,0.00095,981.3728036,-0.232498481,0.859337097,-0.455504347
0.0006,0.0004,5.00E-05,593.6557585,0.160110782,-0.031575142,-0.986593912
0.0006,0.0004,0.0001,596.1028443,0.836281207,-0.5411421,-0.08831178
0.0006,0.0004,0.00015,589.3696617,0.700905763,-0.559338975,-0.442573183
0.0006,0.0004,0.0002,568.0956863,0.661226791,-0.372945563,-0.650915308
0.0006,0.0004,0.00025,555.3249008,0.932282209,0.239956513,-0.27068571
0.0006,0.0004,0.0003,560.2174639,0.550755991,0.601542821,0.578631206
0.0006,0.0004,0.00035,580.4833702,0.460214858,0.521114065,0.718778419
0.0006,0.0004,0.0004,598.7821326,0.203608206,0.979013519,-0.008730864
0.0006,0.0004,0.00045,579.7898924,0.123917693,0.988458014,-0.087150218
0.0006,0.0004,0.0005,588.9182241,0.1972618,0.980247861,-0.014209618
0.0006,0.0004,0.00055,579.1196279,0.486910716,0.812409073,0.320795033
0.0006,0.0004,0.0006,604.3800889,0.393784432,0.564195614,0.725683905
0.0006,0.0004,0.00065,629.9901,-0.225779323,0.819336432,0.526983404
0.0006,0.0004,0.0007,639.2024726,-0.363076507,0.85679974,0.366155234
0.0006,0.0004,0.00075,655.9842378,-0.404003838,0.779793477,0.478229059
0.0006,0.0004,0.0008,681.8731713,-0.434836182,0.722440722,0.537584317
0.0006,0.0004,0.00085,713.9560638,-0.011497659,0.384393821,0.923097608
0.0006,0.0004,0.0009,809.7384295,-0.070430438,-0.282564338,0.956659265
0.0006,0.0004,0.00095,911.3482455,-0.409196369,-0.662676769,-0.627230285
0.0006,0.00045,5.00E-05,587.5651317,0.2324979,-0.067300362,-0.970265627
0.0006,0.00045,0.0001,580.8188164,0.857791416,-0.433280329,-0.276517708
0.0006,0.00045,0.00015,574.0725011,0.852760032,-0.460085948,-0.247227118
0.0006,0.00045,0.0002,568.6841742,0.913143666,-0.123837396,-0.388372172
0.0006,0.00045,0.00025,561.5797768,0.623708995,0.718640059,0.307479356
0.0006,0.00045,0.0003,573.2947889,0.505981642,0.344798355,0.790630554
0.0006,0.00045,0.00035,593.5606952,0.546731807,0.184817694,0.816655834
0.0006,0.00045,0.0004,611.9226434,0.818156555,-0.031619785,0.574125457
0.0006,0.00045,0.00045,617.8911447,0.597932537,0.681169381,-0.4224748
0.0006,0.00045,0.0005,597.4586601,0.390580779,0.610323655,-0.68916739
0.0006,0.00045,0.00055,599.0566996,0.461627068,0.660973785,0.5916199
0.0006,0.00045,0.0006,624.3171606,0.411208203,0.407067534,0.815600292
0.0006,0.00045,0.00065,648.7880234,0.413627692,0.409943689,0.812931918
0.0006,0.00045,0.0007,663.3569011,-0.253320153,0.563286216,0.786471576
0.0006,0.00045,0.00075,683.6445129,-0.62423822,-0.119026387,0.772113569
0.0006,0.00045,0.0008,708.8585614,-0.587163871,-0.188987273,0.787097452
0.0006,0.00045,0.00085,734.2169175,-0.791694588,-0.591296124,0.15358572
0.0006,0.00045,0.0009,717.8141153,-0.027350112,-0.992896259,0.115797193
0.0006,0.00045,0.00095,753.078715,0.185128604,-0.897074587,-0.401228845
0.0006,0.0005,5.00E-05,581.7073258,0.742255334,-0.168224796,-0.648658182
0.0006,0.0005,0.0001,574.9610105,0.925042778,-0.251023492,-0.285101851
0.0006,0.0005,0.00015,566.7872751,0.925715159,-0.305566885,-0.222890834
0.0006,0.0005,0.0002,564.1122226,0.915828586,-0.400934902,-0.022565584
0.0006,0.0005,0.00025,566.1008191,0.839456126,-0.009467096,0.543344997
0.0006,0.0005,0.0003,574.1645192,0.736887432,-0.189860771,0.648806443
0.0006,0.0005,0.00035,589.2252547,0.844265793,-0.336895598,0.416793267
0.0006,0.0005,0.0004,597.4421405,0.749400136,-0.593115902,0.294300803
0.0006,0.0005,0.00045,603.1106267,0.284286995,-0.90325132,0.321431109
0.0006,0.0005,0.0005,605.5979271,-0.578491875,-0.428501514,0.694070316
0.0006,0.0005,0.00055,609.1266725,0.680183795,0.244806174,0.690955818
0.0006,0.0005,0.0006,629.2010797,0.562173178,0.126621789,0.817268769
0.0006,0.0005,0.00065,649.6769826,0.562339403,0.049998805,0.825393552
0.0006,0.0005,0.0007,664.1673673,0.021728988,0.916362519,-0.399759409
0.0006,0.0005,0.00075,648.9698575,0.256324063,-0.953806744,0.156686533
0.0006,0.0005,0.0008,669.7304045,-0.309365229,-0.879634188,0.361298839
0.0006,0.0005,0.00085,679.4777001,-0.374480254,-0.909282957,-0.181573798
0.0006,0.0005,0.0009,648.00905,-0.147873464,-0.901083773,-0.40765362
0.0006,0.0005,0.00095,620.1352514,0.110556388,-0.937002023,-0.331367611
0.0006,0.00055,5.00E-05,575.8495199,0.938443394,-0.342653339,0.043734265
0.0006,0.00055,0.0001,567.6821664,0.872785933,-0.358897439,-0.330813156
0.0006,0.00055,0.00015,559.1996135,0.908112714,-0.330452364,-0.257162465
0.0006,0.00055,0.0002,556.48754,0.94767698,-0.311015868,0.071954645
0.0006,0.00055,0.00025,561.4046283,0.919674298,-0.232696778,0.316309019
0.0006,0.00055,0.0003,566.527866,0.898957809,-0.271779364,0.343527051
0.0006,0.00055,0.00035,574.7453045,0.859525293,-0.289299079,0.42133397
0.0006,0.00055,0.0004,583.9389109,0.495644085,-0.357575619,0.791502759
0.0006,0.00055,0.00045,594.9726256,0.660193945,-0.269717473,0.700996747
0.0006,0.00055,0.0005,593.7445051,0.302563454,-0.781744262,0.545280905
0.0006,0.00055,0.00055,607.4193146,0.29249973,-0.428703265,0.854785013
0.0006,0.00055,0.0006,630.5997362,0.402503943,-0.305195953,0.863044614
0.0006,0.00055,0.00065,650.9061313,0.523853115,-0.287948037,0.801663173
0.0006,0.00055,0.0007,664.9778334,0.576776681,-0.815879722,-0.040852656
0.0006,0.00055,0.00075,649.7803236,0.106478714,-0.582896219,-0.805539745
0.0006,0.00055,0.0008,634.5828138,-0.354283338,-0.862012204,-0.362516587
0.0006,0.00055,0.00085,625.4409948,-0.316098198,-0.844672675,-0.431983797
0.0006,0.00055,0.0009,586.6426625,-0.134393718,-0.87546606,-0.464217089
0.0006,0.00055,0.00095,565.5985639,-0.001424929,-0.996019138,-0.089128259
0.0006,0.0006,5.00E-05,565.3825206,0.58283094,-0.30697248,0.752380218
0.0006,0.0006,0.0001,556.8976153,0.870248387,-0.412030508,-0.269997418
0.0006,0.0006,0.00015,552.4022413,0.997281349,-0.029157016,-0.06767406
0.0006,0.0006,0.0002,554.5812939,0.980058764,0.104160079,0.169220261
0.0006,0.0006,0.00025,558.7145248,0.961206066,-0.132103704,0.242139445
0.0006,0.0006,0.0003,563.6101233,0.861376799,-0.153296623,0.484283136
0.0006,0.0006,0.00035,577.2703695,0.694849188,0.072896108,0.715451441
0.0006,0.0006,0.0004,588.3040841,0.640407031,0.282543468,0.714176465
0.0006,0.0006,0.00045,599.3377988,0.940239027,0.339165866,-0.030283454
0.0006,0.0006,0.0005,587.7536791,0.923451612,-0.264127833,-0.278340814
0.0006,0.0006,0.00055,590.6425418,0.38119856,-0.730045019,0.567205367
0.0006,0.0006,0.0006,613.8229634,0.364045066,-0.53964011,0.759117739
0.0006,0.0006,0.00065,637.3287721,0.344005309,-0.806189932,0.481371105
0.0006,0.0006,0.0007,641.6835494,0.412108074,-0.897902241,-0.154720721
0.0006,0.0006,0.00075,626.9757323,0.071027549,-0.89188402,-0.446651969
0.0006,0.0006,0.0008,611.8549879,-0.326513966,-0.561544065,-0.760300528
0.0006,0.0006,0.00085,585.7386847,-0.112803039,-0.572497284,-0.812109804
0.0006,0.0006,0.0009,535.1523317,0.023907557,-0.648224133,-0.761074176
0.0006,0.0006,0.00095,499.5205701,-0.237022724,-0.918807477,0.31561535
0.0006,0.00065,5.00E-05,552.4395824,0.512034062,-0.260428903,0.818533998
0.0006,0.00065,0.0001,547.8735656,0.973892713,-0.118953303,0.193347084
0.0006,0.00065,0.00015,558.2016385,0.909881388,0.277963192,0.307981043
0.0006,0.00065,0.0002,560.3729373,0.967042181,0.251877036,-0.037247526
0.0006,0.00065,0.00025,556.4787815,0.995682172,0.092549439,0.007184336
0.0006,0.00065,0.0003,560.6541361,0.843416522,-0.12859765,0.521642804
0.0006,0.00065,0.00035,577.2613294,0.613604517,-0.018225552,0.789403145
0.0006,0.00065,0.0004,592.6692574,0.66556943,0.200541428,0.718888356
0.0006,0.00065,0.00045,601.1370014,0.949403359,-0.124957101,-0.288130154
0.0006,0.00065,0.0005,585.493256,0.812470208,-0.147029388,-0.56415824
0.0006,0.00065,0.00055,573.865769,0.673142718,-0.670304552,0.312363073
0.0006,0.00065,0.0006,597.4115216,0.320991898,-0.814171013,0.483828237
0.0006,0.00065,0.00065,604.2458235,0.337951931,-0.936036653,0.098101363
0.0006,0.00065,0.0007,604.8952692,0.400963832,-0.899927605,-0.17134267
0.0006,0.00065,0.00075,590.2180263,0.353709314,-0.935200743,-0.017008543
0.0006,0.00065,0.0008,604.1258846,-0.437430728,-0.438199729,-0.78526133
0.0006,0.00065,0.00085,571.3694122,-0.34757393,-0.176803738,-0.920832667
0.0006,0.00065,0.0009,513.2087393,-0.487670972,-0.33955896,-0.804286477
0.0006,0.00065,0.00095,477.5935807,-0.705552507,-0.514449854,0.487377686
0.0006,0.0007,5.00E-05,543.0218863,0.402116379,-0.067501123,0.913096937
0.0006,0.0007,0.0001,553.3526143,0.909190679,0.148004131,0.389187727
0.0006,0.0007,0.00015,563.6833423,0.963364347,-0.006325165,0.268121479
0.0006,0.0007,0.0002,566.2316815,0.989196218,-0.143671814,-0.029141941
0.0006,0.0007,0.00025,562.3369601,0.975986983,-0.141856246,-0.165306425
0.0006,0.0007,0.0003,558.4867193,0.931139616,-0.060786755,0.359560825
0.0006,0.0007,0.00035,576.531212,0.654533613,-0.020516917,0.755754461
0.0006,0.0007,0.0004,594.9644526,0.789085784,-0.339069347,0.512226126
0.0006,0.0007,0.00045,596.2256902,0.378798293,-0.888446573,-0.259180518
0.0006,0.0007,0.0005,580.6463246,0.148681669,-0.877461193,-0.456021508
0.0006,0.0007,0.00055,565.0669589,0.114630028,-0.95640753,-0.268597456
0.0006,0.0007,0.0006,562.7003586,0.147435932,-0.989027945,0.009293536
0.0006,0.0007,0.00065,565.9224041,0.123470759,-0.990903389,0.053529849
0.0006,0.0007,0.0007,568.0066193,0.053855988,-0.987478672,0.148274761
0.0006,0.0007,0.00075,584.6717533,0.169907953,-0.928389604,0.330490592
0.0006,0.0007,0.0008,601.3368874,0.166414154,-0.975176902,-0.146069636
0.0006,0.0007,0.00085,568.2822111,0.157360851,-0.732764929,-0.662037099
0.0006,0.0007,0.0009,495.5614338,-0.02642298,-0.712675781,-0.700995761
0.0006,0.0007,0.00095,458.1105875,-0.292532716,-0.823948008,0.485318752
0.0006,0.00075,5.00E-05,545.3987705,0.253271298,0.029659538,0.966940516
0.0006,0.00075,0.0001,555.730907,0.960730847,-0.068878314,0.268797353
0.0006,0.00075,0.00015,557.8978127,0.943323264,-0.330043482,-0.034821248
0.0006,0.00075,0.0002,553.7351785,0.921495891,-0.370458629,-0.116643593
0.0006,0.00075,0.00025,549.8325107,0.968267586,-0.236891498,0.079626006
0.0006,0.00075,0.0003,558.2544795,0.933685464,-0.014868454,0.357785388
0.0006,0.00075,0.00035,576.2710466,0.955379229,-0.177326929,0.236232279
0.0006,0.00075,0.0004,579.632449,0.764069078,-0.589919954,-0.261137686
0.0006,0.00075,0.00045,552.0557978,0.186301825,-0.825133312,-0.533335398
0.0006,0.00075,0.0005,525.538677,-0.104098788,-0.916367813,-0.386566261
0.0006,0.00075,0.00055,509.9647282,0.386716085,-0.908641733,-0.157546409
0.0006,0.00075,0.0006,506.3741354,-0.069174498,-0.997019246,-0.034168869
0.0006,0.00075,0.00065,506.0204065,-0.206054541,-0.963082874,-0.173242327
0.0006,0.00075,0.0007,480.0285534,-0.008593455,-0.998509089,-0.053905018
0.0006,0.00075,0.00075,496.5891148,-0.259358453,-0.963003202,0.073198533
0.0006,0.00075,0.0008,494.707504,-0.141311702,-0.972879539,-0.183129479
0.0006,0.00075,0.00085,454.2935824,0.053153193,-0.923489868,-0.379922627
0.0006,0.00075,0.0009,401.2014317,0.050422006,-0.934875102,-0.351377525
0.0006,0.00075,0.00095,397.0177836,-0.011805523,-0.616103708,0.787576568
0.0006,0.0008,5.00E-05,547.8901877,0.228314479,-0.040500689,0.97274467
0.0006,0.0008,0.0001,550.1497816,0.907069286,-0.417529493,-0.053799936
0.0006,0.0008,0.00015,544.7673868,0.876153632,-0.461701487,-0.138515526
0.0006,0.0008,0.0002,540.6163808,0.89263191,-0.445638472,0.06793103
0.0006,0.0008,0.00025,548.8918053,0.92494756,-0.251010276,0.285422234
0.0006,0.0008,0.0003,557.3880155,0.960208384,-0.22816447,0.161061582
0.0006,0.0008,0.00035,560.4839144,0.78903655,-0.5852302,-0.186887495
0.0006,0.0008,0.0004,540.2612856,0.463741044,-0.752713706,-0.467296822
0.0006,0.0008,0.00045,512.5361894,0.244122614,-0.763007742,-0.598517614
0.0006,0.0008,0.0005,480.8680839,0.224091325,-0.791930889,-0.568004002
0.0006,0.0008,0.00055,454.5363388,0.413414383,-0.860123515,-0.298791041
0.0006,0.0008,0.0006,447.6083227,0.147062752,-0.80303935,-0.57749489
0.0006,0.0008,0.00065,419.4629373,-0.04859529,-0.817324899,-0.574124122
0.0006,0.0008,0.0007,393.3061782,0.046603603,-0.944015231,-0.326593553
0.0006,0.0008,0.00075,391.5548172,-0.091502697,-0.986203691,-0.137947584
0.0006,0.0008,0.0008,376.6409062,-0.031445481,-0.934583083,-0.354352427
0.0006,0.0008,0.00085,340.994063,0.111878716,-0.969721711,-0.217078227
0.0006,0.0008,0.0009,343.1734338,0.12757256,-0.99117292,0.03607609
0.0006,0.0008,0.00095,345.3082027,0.054781698,-0.479978708,0.875568047
0.0006,0.00085,5.00E-05,536.8700936,0.226138661,-0.144070908,0.963382001
0.0006,0.00085,0.0001,531.4955346,0.787018697,-0.599702578,-0.144770122
0.0006,0.00085,0.00015,526.1209755,0.798155453,-0.598195702,-0.071482687
0.0006,0.00085,0.0002,526.6783305,0.709051456,-0.683905933,0.171810092
0.0006,0.00085,0.00025,535.0829497,0.677975414,-0.680669648,0.277557504
0.0006,0.00085,0.0003,541.8327643,0.69425903,-0.69107916,-0.201032323
0.0006,0.00085,0.00035,522.6394242,0.38277279,-0.790184082,-0.478637762
0.0006,0.00085,0.0004,502.399076,0.293503852,-0.811535115,-0.505238801
0.0006,0.00085,0.00045,476.3396089,0.396809041,-0.750366191,-0.52867113
0.0006,0.00085,0.0005,444.6732727,0.515544296,-0.665640457,-0.539570997
0.0006,0.00085,0.00055,414.2205497,0.921559102,-0.327746694,0.208112774
0.0006,0.00085,0.0006,457.6025843,0.923498713,0.36281583,0.124558425
0.0006,0.00085,0.00065,428.7157035,0.473016456,0.822979837,-0.31457848
0.0006,0.00085,0.0007,399.3604257,0.143691426,0.936199048,-0.32075554
0.0006,0.00085,0.00075,377.4471028,0.175738746,0.937808172,-0.29938558
0.0006,0.00085,0.0008,361.3565744,0.141295335,0.842719584,-0.519479865
0.0006,0.00085,0.00085,304.7892538,0.655932709,0.290258434,-0.696779967
0.0006,0.00085,0.0009,282.6725549,0.454032133,-0.83414823,-0.313131844
0.0006,0.00085,0.00095,284.7938585,0.083029127,-0.415694967,0.905706276
0.0006,0.0009,5.00E-05,510.996687,0.20342193,-0.179805355,0.962439376
0.0006,0.0009,0.0001,505.622128,0.751690431,-0.653362755,-0.08988107
0.0006,0.0009,0.00015,504.4550972,0.77940018,-0.626449164,-0.009838899
0.0006,0.0009,0.0002,504.9424152,0.576814285,-0.806437088,0.130171055
0.0006,0.0009,0.00025,511.7277475,0.268569476,-0.946125549,0.180878087
0.0006,0.0009,0.0003,514.6115056,0.336874038,-0.901785271,-0.270738263
0.0006,0.0009,0.00035,495.382756,0.349414069,-0.74429617,-0.569151139
0.0006,0.0009,0.0004,465.8926389,0.350678754,-0.666900508,-0.657471006
0.0006,0.0009,0.00045,430.6034174,0.407540075,-0.747587381,-0.524427492
0.0006,0.0009,0.0005,404.2350565,0.754379571,-0.655276853,0.039034705
0.0006,0.0009,0.00055,434.1745943,0.834778211,0.232661466,0.499013006
0.0006,0.0009,0.0006,489.8300452,0.854392015,0.177459204,0.488387669
0.0006,0.0009,0.00065,571.832299,0.804139051,0.562755235,0.191486115
0.0006,0.0009,0.0007,542.9454181,0.256447037,0.945240237,-0.201880686
0.0006,0.0009,0.00075,510.5997033,0.093668076,0.980565132,-0.172390006
0.0006,0.0009,0.0008,494.5091749,0.023383805,0.889373575,-0.456582787
0.0006,0.0009,0.00085,373.7715557,0.423773903,0.594217105,-0.683609326
0.0006,0.0009,0.0009,289.9079358,0.831226995,0.218355853,-0.511255714
0.0006,0.0009,0.00095,228.6383282,0.707742542,-0.037204458,0.705490129
0.0006,0.00095,5.00E-05,485.1232805,0.060996766,-0.97778062,0.200560347
0.0006,0.00095,0.0001,483.9434626,0.061260172,-0.998119447,-0.002182071
0.0006,0.00095,0.00015,482.8432159,0.044737669,-0.998996231,-0.00225212
0.0006,0.00095,0.0002,481.6227308,0.020015901,-0.999798342,0.001624745
0.0006,0.00095,0.00025,484.5064889,0.010135785,-0.999933178,0.005559194
0.0006,0.00095,0.0003,487.3902469,0.032868396,-0.999145345,-0.02506487
0.0006,0.00095,0.00035,458.9282877,0.025503822,-0.998369166,-0.051074089
0.0006,0.00095,0.0004,436.6906669,0.009399618,-0.997310052,-0.072693246
0.0006,0.00095,0.00045,388.4448451,0.05188739,-0.997068564,-0.056231456
0.0006,0.00095,0.0005,384.7238109,0.11184929,-0.990988822,0.073694584
0.0006,0.00095,0.00055,454.1286389,0.160643051,-0.977995086,0.133114322
0.0006,0.00095,0.0006,507.6215102,0.138051619,-0.981140471,0.135296437
0.0006,0.00095,0.00065,584.8155549,0.184137691,-0.967822981,0.171499238
0.0006,0.00095,0.0007,686.0620136,0.13991536,-0.98758347,0.071432362
0.0006,0.00095,0.00075,652.9554822,0.025161279,-0.99744014,-0.06693338
0.0006,0.00095,0.0008,627.8829135,-0.031462727,-0.977020021,-0.210812655
0.0006,0.00095,0.00085,482.6357977,0.109449111,-0.891732179,-0.43912938
0.0006,0.00095,0.0009,344.6585412,0.629952881,-0.697772746,-0.340987628
0.0006,0.00095,0.00095,273.1346067,0.551708467,-0.768271764,0.324617104
0.00065,0,5.00E-05,-515.8845739,0.007887328,-0.903889036,-0.427694283
0.00065,0,0.0001,-540.1236895,0.006331648,-0.999847163,-0.016296063
0.00065,0,0.00015,-531.3672413,-0.009104484,-0.999789103,0.018408079
0.00065,0,0.0002,-523.078111,-0.007677341,-0.999876643,0.013702443
0.00065,0,0.00025,-519.0645463,0.005550416,-0.999820698,0.018104265
0.00065,0,0.0003,-506.0684942,-0.014805774,-0.999816616,0.012145931
0.00065,0,0.00035,-506.646647,-0.024575129,-0.999697952,0.000259749
0.00065,0,0.0004,-505.8089653,-0.015118489,-0.999755913,0.016110448
0.00065,0,0.00045,-491.6256025,-0.012526232,-0.999420493,0.031650775
0.00065,0,0.0005,-480.0601584,0.007666798,-0.999642595,0.025610607
0.00065,0,0.00055,-469.9526649,0.016974966,-0.99952543,0.02570537
0.00065,0,0.0006,-456.1086172,0.025266671,-0.998673049,0.044874682
0.00065,0,0.00065,-425.0196806,0.027550394,-0.997204507,0.069456085
0.00065,0,0.0007,-388.8561749,0.020814028,-0.996549027,0.080354296
0.00065,0,0.00075,-345.7872826,0.010722714,-0.992314741,0.123273997
0.00065,0,0.0008,-268.6028577,0.045744121,-0.982674357,0.179606745
0.00065,0,0.00085,-192.6284588,0.015659842,-0.987126956,0.159170168
0.00065,0,0.0009,-147.4653014,-0.008394535,-0.992770349,0.119735404
0.00065,0,0.00095,-103.9912109,0.00629159,-0.834301989,-0.551271809
0.00065,5.00E-05,5.00E-05,-392.7004795,0.158805432,0.609620109,-0.776623562
0.00065,5.00E-05,0.0001,-422.1063199,-0.111184988,0.991208711,-0.071716041
0.00065,5.00E-05,0.00015,-411.3474158,-0.314428142,0.944146074,0.098605954
0.00065,5.00E-05,0.0002,-399.6199067,-0.297213488,0.941427468,-0.1593062
0.00065,5.00E-05,0.00025,-448.3628474,-0.08645145,0.690236528,-0.718400781
0.00065,5.00E-05,0.0003,-528.3153473,0.197080389,0.241171109,-0.95026092
0.00065,5.00E-05,0.00035,-533.4408185,0.836671878,0.476125199,0.270711956
0.00065,5.00E-05,0.0004,-499.7974996,0.106835254,0.687960289,0.717841814
0.00065,5.00E-05,0.00045,-406.6979294,-0.028690902,0.91878741,0.393708683
0.00065,5.00E-05,0.0005,-418.2221804,-0.371392561,0.919562662,-0.12834359
0.00065,5.00E-05,0.00055,-424.3812376,-0.523636096,0.850633689,-0.047197095
0.00065,5.00E-05,0.0006,-422.740824,-0.357572042,0.637294692,0.68264025
0.00065,5.00E-05,0.00065,-318.9315209,-0.270777808,0.69895435,0.661923104
0.00065,5.00E-05,0.0007,-282.7680152,-0.314333846,0.94118399,0.123963421
0.00065,5.00E-05,0.00075,-297.3630174,-0.368674092,0.743657291,0.557721478
0.00065,5.00E-05,0.0008,-203.4773315,0.06308905,0.607451704,0.791847333
0.00065,5.00E-05,0.00085,-148.4878862,-0.924917388,0.304042119,0.228224045
0.00065,5.00E-05,0.0009,-174.4179184,0.732748661,0.024832128,0.68004615
0.00065,5.00E-05,0.00095,-138.6076296,0.26997384,-0.404769493,-0.873656559
0.00065,0.0001,5.00E-05,-293.3488297,0.451551676,0.831572643,-0.323400715
0.00065,0.0001,0.0001,-282.3988416,0.001744458,0.996711106,-0.081018073
0.00065,0.0001,0.00015,-316.0611895,-0.522041355,0.848681742,-0.084924223
0.00065,0.0001,0.0002,-304.3336805,-0.595576463,0.712370415,-0.371237213
0.00065,0.0001,0.00025,-395.414494,-0.157339937,0.715080397,-0.68110511
0.00065,0.0001,0.0003,-484.4761629,-0.296591306,0.935918447,-0.18997436
0.00065,0.0001,0.00035,-456.4897713,0.20271089,0.939558088,0.27593277
0.00065,0.0001,0.0004,-384.341989,0.040623118,0.852552086,0.521061132
0.00065,0.0001,0.00045,-301.2554646,-0.066064084,0.983879894,0.166180296
0.00065,0.0001,0.0005,-353.3618948,-0.368410666,0.775508944,-0.512698215
0.00065,0.0001,0.00055,-388.5131083,-0.55630326,0.83012669,-0.037634584
0.00065,0.0001,0.0006,-357.6635802,-0.33639424,0.688813818,0.642163873
0.00065,0.0001,0.00065,-277.2161019,-0.587367755,0.521550898,0.618856834
0.00065,0.0001,0.0007,-225.098754,-0.736111309,0.641297544,0.216512358
0.00065,0.0001,0.00075,-240.0622974,-0.535181925,0.744377634,0.399352282
0.00065,0.0001,0.0008,-154.3959288,-0.144125524,0.742154441,0.654549172
0.00065,0.0001,0.00085,-153.9152481,-0.910618154,0.410348472,0.048874416
0.00065,0.0001,0.0009,-147.1045203,0.073928905,0.772781042,-0.630352265
0.00065,0.0001,0.00095,-205.1226231,0.444709359,0.049687119,-0.894295687
0.00065,0.00015,5.00E-05,-193.9971798,0.421924502,0.905827802,-0.038153729
0.00065,0.00015,0.0001,-142.6913633,0.097799935,0.995190541,0.005564227
0.00065,0.00015,0.00015,-192.1437932,-0.355131115,0.889261436,-0.288263749
0.00065,0.00015,0.0002,-247.3481398,-0.394956129,0.905287722,-0.156409071
0.00065,0.00015,0.00025,-259.2343914,-0.381775344,0.923542081,0.036298922
0.00065,0.00015,0.0003,-227.4248548,-0.368419425,0.923082566,0.110388872
0.00065,0.00015,0.00035,-192.4814139,-0.218562535,0.975213277,-0.034488872
0.00065,0.00015,0.0004,-245.8055515,-0.047106013,0.99570071,-0.079756628
0.00065,0.00015,0.00045,-223.2785199,-0.072506713,0.989368442,-0.1260669
0.00065,0.00015,0.0005,-286.2359922,-0.058985675,0.951564372,-0.301738192
0.00065,0.00015,0.00055,-329.4965991,0.185080409,0.981506996,-0.048880055
0.00065,0.00015,0.0006,-303.358655,-0.112031679,0.881758539,0.458203864
0.00065,0.00015,0.00065,-207.2105213,-0.472415246,0.758774837,0.448424555
0.00065,0.00015,0.0007,-172.7205161,-0.556049825,0.82096574,0.129706764
0.00065,0.00015,0.00075,-165.5756105,-0.371629839,0.907825416,0.194278866
0.00065,0.00015,0.0008,-105.8003075,-0.190562505,0.943534597,0.270976744
0.00065,0.00015,0.00085,-87.26938874,-0.515116061,0.856884649,-0.02010329
0.00065,0.00015,0.0009,-111.6401815,0.061227132,0.98310372,-0.172505983
0.00065,0.00015,0.00095,-130.4822875,0.202153529,0.93944905,-0.276711825
0.00065,0.0002,5.00E-05,-3.486720537,0.243400381,0.96847167,-0.05309312
0.00065,0.0002,0.0001,49.0888623,0.035353757,0.999127138,0.022250249
0.00065,0.0002,0.00015,6.793264516,-0.26302396,0.962457041,0.06704358
0.00065,0.0002,0.0002,83.98327731,-0.135826853,0.97814529,0.157425719
0.00065,0.0002,0.00025,111.4873976,-0.140168853,0.990029579,-0.0139329
0.00065,0.0002,0.0003,73.71877625,-0.253377338,0.963943246,-0.081322464
0.00065,0.0002,0.00035,63.24597263,-0.116850612,0.981243245,-0.153321976
0.00065,0.0002,0.0004,0.136407124,0.006720587,0.995647238,-0.092959187
0.00065,0.0002,0.00045,16.041162,0.021448001,0.999201768,-0.033701767
0.00065,0.0002,0.0005,-18.39157137,0.160564455,0.982575738,-0.093616108
0.00065,0.0002,0.00055,-44.69161814,0.249429423,0.952594545,-0.174208481
0.00065,0.0002,0.0006,-122.338648,0.092284557,0.995476161,-0.022600276
0.00065,0.0002,0.00065,-56.16457484,-0.234340275,0.912309166,0.335822306
0.00065,0.0002,0.0007,38.42516868,-0.253472924,0.936372686,0.242812004
0.00065,0.0002,0.00075,72.64215428,-0.113499065,0.983850168,0.138408127
0.00065,0.0002,0.0008,118.264479,0.005624399,0.998941905,0.04564468
0.00065,0.0002,0.00085,95.00413062,0.010443192,0.999063814,-0.041981376
0.00065,0.0002,0.0009,99.16381645,0.219175763,0.974761213,-0.042456606
0.00065,0.0002,0.00095,74.4830783,0.457926266,0.866022043,-0.200771901
0.00065,0.00025,5.00E-05,269.2187459,0.08907043,0.995960283,0.011382988
0.00065,0.00025,0.0001,318.9219945,-0.078235311,0.994027002,0.076089132
0.00065,0.00025,0.00015,308.7897113,-0.103581205,0.983870939,0.145838644
0.00065,0.00025,0.0002,403.1559456,-0.012665245,0.951491562,0.30741405
0.00065,0.00025,0.00025,470.1298937,0.005207957,0.991141251,-0.132709826
0.00065,0.00025,0.0003,344.3974128,-0.048019125,0.924854366,-0.377277835
0.00065,0.00025,0.00035,278.4373959,0.067476577,0.98116858,-0.180983783
0.00065,0.00025,0.0004,259.7855676,-0.005912496,0.995442209,0.095183247
0.00065,0.00025,0.00045,326.0454691,-0.019340062,0.978363849,0.205985776
0.00065,0.00025,0.0005,351.2029828,0.114870909,0.979972665,-0.162659924
0.00065,0.00025,0.00055,238.8994836,0.135411986,0.960103042,-0.244674769
0.00065,0.00025,0.0006,201.9915912,0.026891923,0.999532838,-0.014523428
0.00065,0.00025,0.00065,229.5273038,-0.030470877,0.978361452,0.204647001
0.00065,0.00025,0.0007,324.0057615,-0.07434371,0.945881511,0.31588159
0.00065,0.00025,0.00075,401.948282,0.056810859,0.99118847,0.119657611
0.00065,0.00025,0.0008,383.5955073,0.099686202,0.992320259,-0.07323363
0.00065,0.00025,0.00085,367.2840919,0.091540726,0.994699424,-0.04683322
0.00065,0.00025,0.0009,359.5026522,0.215098897,0.971268734,-0.101830792
0.00065,0.00025,0.00095,312.2969433,0.315680696,0.936303878,-0.153885495
0.00065,0.0003,5.00E-05,576.1755012,0.042332337,0.985013583,-0.167201119
0.00065,0.0003,0.0001,566.043218,-0.014888499,0.999882257,-0.003715518
0.00065,0.0003,0.00015,575.0605907,-0.076769319,0.995513357,0.05531391
0.00065,0.0003,0.0002,583.3548,-0.0848361,0.988725963,-0.123384786
0.00065,0.0003,0.00025,550.324576,0.178603382,0.912150422,-0.368893535
0.00065,0.0003,0.0003,543.6314702,0.206265592,0.970712428,-0.123174215
0.00065,0.0003,0.00035,521.9527291,0.149722221,0.976922086,-0.152336782
0.00065,0.0003,0.0004,498.0295441,0.188162959,0.958255938,-0.215267873
0.00065,0.0003,0.00045,450.2434444,0.321622148,0.946067465,0.038930016
0.00065,0.0003,0.0005,506.6343939,0.312003552,0.882255921,0.352531238
0.00065,0.0003,0.00055,540.813425,0.095812233,0.994316405,0.046420932
0.00065,0.0003,0.0006,522.6744697,0.054074163,0.997919601,-0.035106346
0.00065,0.0003,0.00065,527.1518682,0.023065956,0.99589143,0.08756838
0.00065,0.0003,0.0007,554.7256448,0.035534061,0.988404326,0.147628652
0.00065,0.0003,0.00075,566.2561272,0.096983143,0.981680016,0.164007978
0.00065,0.0003,0.0008,587.9664183,0.156292513,0.972624885,0.171969427
0.00065,0.0003,0.00085,606.716733,0.230582173,0.967199383,0.106570232
0.00065,0.0003,0.0009,623.6348239,0.19582297,0.979859375,0.039102047
0.00065,0.0003,0.00095,623.8082217,0.218190834,0.973032458,-0.074837126
0.00065,0.00035,5.00E-05,609.5233652,0.061613202,0.097210947,-0.993354843
0.00065,0.00035,0.0001,618.9553151,0.15823192,0.957423292,0.24146076
0.00065,0.00035,0.00015,620.3553023,-0.036239646,0.868999539,-0.493484032
0.00065,0.00035,0.0002,601.3743865,0.029449148,0.070034092,-0.99710981
0.00065,0.00035,0.00025,568.3524122,0.610725199,0.532153877,-0.586367617
0.00065,0.00035,0.0003,567.9905105,0.806672386,0.589237334,0.045596332
0.00065,0.00035,0.00035,570.8784486,0.357154117,0.924231594,0.135044056
0.00065,0.00035,0.0004,578.9964504,0.415632121,0.860125803,-0.295691633
0.00065,0.00035,0.00045,535.1583673,0.459590341,0.888107894,-0.006409886
0.00065,0.00035,0.0005,577.8663052,0.337887931,0.854100266,0.395404201
0.00065,0.00035,0.00055,582.4710138,0.562368194,0.805675989,0.186086577
0.00065,0.00035,0.0006,590.3297916,0.154318279,0.981568131,0.112738076
0.00065,0.00035,0.00065,594.0366236,-0.052852115,0.997611759,-0.044468318
0.00065,0.00035,0.0007,585.8168554,-0.220036658,0.969849098,0.104769248
0.00065,0.00035,0.00075,600.9130123,-0.147320341,0.921186911,0.360154677
0.00065,0.00035,0.0008,612.4326483,-0.022794364,0.574162182,0.818424221
0.00065,0.00035,0.00085,690.9998173,0.04935037,0.534234365,0.843894652
0.00065,0.00035,0.0009,787.7987865,0.218030682,0.480703961,0.849344644
0.00065,0.00035,0.00095,929.3631497,0.082861661,0.745044219,-0.661848213
0.00065,0.0004,5.00E-05,606.5524001,0.114031681,-0.024161509,-0.993183265
0.00065,0.0004,0.0001,608.9932563,0.802667112,-0.596152805,-0.018092569
0.00065,0.0004,0.00015,606.0196853,0.659793988,-0.570954969,-0.488551242
0.00065,0.0004,0.0002,587.0073317,0.73765737,-0.353379902,-0.575312306
0.00065,0.0004,0.00025,580.6218819,0.971598224,0.034009612,-0.234179924
0.00065,0.0004,0.0003,576.2752131,0.849161754,0.386477864,0.359943294
0.00065,0.0004,0.00035,597.2765728,0.443543804,0.7473405,0.494723227
0.00065,0.0004,0.0004,601.9342886,0.163851727,0.964728986,0.206035422
0.00065,0.0004,0.00045,606.8282631,0.320208436,0.944328154,0.075570463
0.00065,0.0004,0.0005,608.8329641,0.574700244,0.768932999,-0.280110107
0.00065,0.0004,0.00055,594.7750374,0.791269656,0.546354328,0.274571082
0.00065,0.0004,0.0006,623.3718949,0.312629521,0.7866052,0.532461305
0.00065,0.0004,0.00065,628.3960448,-0.314375373,0.946220294,-0.076389003
0.00065,0.0004,0.0007,618.3803859,-0.530996088,0.843275976,0.083239308
0.00065,0.0004,0.00075,634.3327665,-0.488254045,0.765576982,0.418927048
0.00065,0.0004,0.0008,651.1664498,-0.401625311,0.610185232,0.682913678
0.00065,0.0004,0.00085,717.7336913,-0.131145725,0.069692692,0.988910374
0.00065,0.0004,0.0009,758.5414237,-0.171552682,-0.5468365,0.819475149
0.00065,0.0004,0.00095,824.4933175,-0.338686052,-0.730576208,-0.592916658
0.00065,0.00045,5.00E-05,604.2808216,0.205865584,0.015875863,-0.97845149
0.00065,0.00045,0.0001,601.4022841,0.949027414,-0.183787528,-0.256064664
0.00065,0.00045,0.00015,594.6610213,0.873905914,-0.341760297,-0.345670873
0.00065,0.00045,0.0002,585.7740366,0.802076638,-0.230290077,-0.551034979
0.00065,0.00045,0.00025,569.9110223,0.980705781,-0.195476126,0.002292484
0.00065,0.00045,0.0003,585.8729644,0.641684796,0.205872644,0.738821411
0.00065,0.00045,0.00035,609.6396493,0.565864174,0.326778859,0.756976429
0.00065,0.00045,0.0004,623.7207625,0.473494836,0.786679072,0.396154866
0.00065,0.00045,0.00045,621.3641845,0.370091365,0.419988997,-0.828638415
0.00065,0.00045,0.0005,610.9537331,0.945877335,-0.162051668,-0.281167786
0.00065,0.00045,0.00055,611.4012555,0.649838287,0.524715186,0.549894694
0.00065,0.00045,0.0006,639.998113,0.452552592,0.376786953,0.808225058
0.00065,0.00045,0.00065,655.8657738,-0.397329409,0.902442081,0.166516161
0.00065,0.00045,0.0007,645.960253,-0.695499509,0.712967309,0.089207903
0.00065,0.00045,0.00075,660.8285895,-0.710169252,0.277407301,0.647074047
0.00065,0.00045,0.0008,686.9516019,-0.808982215,0.102577355,0.578814013
0.00065,0.00045,0.00085,698.5669853,-0.708063642,-0.638760349,0.301049988
0.00065,0.00045,0.0009,716.5579925,-0.266423811,-0.901299308,0.341581485
0.00065,0.00045,0.00095,742.086299,-0.214068927,-0.849925151,-0.481457923
0.00065,0.0005,5.00E-05,608.8350683,0.874862653,-0.026053477,-0.483669882
0.00065,0.0005,0.0001,602.088753,0.926093746,-0.128079616,-0.354888694
0.00065,0.0005,0.00015,590.5682402,0.83966598,-0.226856071,-0.493454521
0.00065,0.0005,0.0002,576.663743,0.822847864,-0.322075273,-0.468176155
0.00065,0.0005,0.00025,572.186479,0.923242445,0.235355943,0.303695518
0.00065,0.0005,0.0003,587.3455981,0.675807296,0.1016642,0.730033485
0.00065,0.0005,0.00035,613.615074,0.725382946,-0.125429146,0.676821329
0.00065,0.0005,0.0004,625.2167149,0.763709674,-0.645516858,-0.007451164
0.00065,0.0005,0.00045,613.2991336,0.599922494,-0.525097238,-0.603627279
0.00065,0.0005,0.0005,603.0908082,0.855940136,-0.366260166,0.364993116
0.00065,0.0005,0.00055,622.4894841,0.570882966,0.097627837,0.815206381
0.00065,0.0005,0.0006,644.1008369,0.506932339,0.097782246,0.856421763
0.00065,0.0005,0.00065,660.7081398,-0.439053871,0.337410363,0.832697992
0.00065,0.0005,0.0007,658.0441964,-0.843666062,0.443327766,-0.302800375
0.00065,0.0005,0.00075,651.9061795,-0.745552654,-0.666432479,-0.004357935
0.00065,0.0005,0.0008,657.8544441,-0.532579617,-0.845604323,0.036225402
0.00065,0.0005,0.00085,654.9155908,-0.556479041,-0.820585158,-0.130273084
0.00065,0.0005,0.0009,643.7110565,-0.197003308,-0.957380939,-0.211214191
0.00065,0.0005,0.00095,626.2886833,0.078004214,-0.979155242,-0.18753761
0.00065,0.00055,5.00E-05,602.9772624,0.823497102,-0.206441126,0.528426518
0.00065,0.00055,0.0001,594.8097711,0.896113995,-0.270038789,-0.352219761
0.00065,0.00055,0.00015,582.9723699,0.881167742,-0.218051197,-0.419520067
0.00065,0.00055,0.0002,573.1285597,0.985992515,0.113396083,-0.12231144
0.00065,0.00055,0.00025,578.1891757,0.898271997,0.253886823,0.358676596
0.00065,0.00055,0.0003,591.6422956,0.908922586,0.09513847,0.405966014
0.00065,0.00055,0.00035,602.6213394,0.945858996,-0.31519255,0.077488169
0.00065,0.00055,0.0004,596.3498901,0.927055838,-0.374794108,-0.009841237
0.00065,0.00055,0.00045,602.1167898,0.983284927,-0.049815179,0.175126242
0.00065,0.00055,0.0005,601.7314789,0.914965961,0.207742507,0.345948467
0.00065,0.00055,0.00055,616.3125522,0.569916978,-0.320305272,0.756702829
0.00065,0.00055,0.0006,644.361741,0.488330025,-0.217038611,0.845238445
0.00065,0.00055,0.00065,661.5156421,0.130971358,-0.839411137,0.52748028
0.00065,0.00055,0.0007,658.8471373,-0.356185065,-0.474950789,-0.804707368
0.00065,0.00055,0.00075,631.8109253,-0.460165303,-0.516472178,-0.722152604
0.00065,0.00055,0.0008,616.7033486,-0.535799616,-0.799755019,-0.270759451
0.00065,0.00055,0.00085,609.4783294,-0.468046921,-0.819252379,-0.331296876
0.00065,0.00055,0.0009,586.7994025,-0.105832107,-0.895119198,-0.433083349
0.00065,0.00055,0.00095,559.9947888,-0.023174418,-0.991323163,0.129388304
0.00065,0.0006,5.00E-05,595.2338505,0.550244241,-0.180998671,0.815150757
0.00065,0.0006,0.0001,586.7514621,0.92519107,-0.261569784,-0.274959509
0.00065,0.0006,0.00015,579.299139,0.988417869,0.09918028,-0.114862473
0.00065,0.0006,0.0002,581.0982872,0.944708601,0.306219817,0.117282065
0.00065,0.0006,0.00025,585.2913028,0.9620294,0.154709659,0.224865193
0.00065,0.0006,0.0003,593.0712958,0.988008461,-0.016583715,0.153506552
0.00065,0.0006,0.00035,594.466361,0.943043978,-0.206596374,0.260741238
0.00065,0.0006,0.0004,606.001425,0.858683252,0.287000087,0.424610437
0.00065,0.0006,0.00045,611.7683247,0.894886184,0.414015,0.166644222
0.00065,0.0006,0.0005,611.6153821,0.948006341,0.283337211,-0.144927578
0.00065,0.0006,0.00055,604.4444905,0.863439326,-0.305059103,0.401760468
0.00065,0.0006,0.0006,632.4936793,0.31968055,-0.765179339,0.558842487
0.00065,0.0006,0.00065,637.6566563,-0.119586694,-0.982315723,0.144065413
0.00065,0.0006,0.0007,640.5120111,-0.154884928,-0.941081272,-0.300627177
0.00065,0.0006,0.00075,621.765605,-0.207380946,-0.576318889,-0.79047434
0.00065,0.0006,0.0008,591.8895974,-0.507529352,-0.573858687,-0.642728687
0.00065,0.0006,0.00085,580.9671755,-0.581673215,-0.598057887,-0.551346565
0.00065,0.0006,0.0009,541.4359002,-0.046077928,-0.804421739,-0.592268935
0.00065,0.0006,0.00095,502.3401748,0.051448091,-0.881022215,0.470269019
0.00065,0.00065,5.00E-05,584.2343112,0.450355162,-0.149301577,0.880277949
0.00065,0.00065,0.0001,579.6510335,0.997722781,-0.027483937,0.061594518
0.00065,0.00065,0.00015,587.8537159,0.956428085,0.245572297,0.157922657
0.00065,0.00065,0.0002,588.7739127,0.970605873,0.239347606,-0.025238109
0.00065,0.00065,0.00025,586.4267337,0.994763535,0.096703439,0.033074982
0.00065,0.00065,0.0003,590.65109,0.992092907,-0.07681117,0.099255775
0.00065,0.00065,0.00035,592.376248,0.929985749,-0.074352763,0.359997462
0.00065,0.00065,0.0004,608.0445275,0.787506758,0.053770355,0.613955907
0.00065,0.00065,0.00045,616.0642428,0.88117128,-0.300572001,0.364957049
0.00065,0.00065,0.0005,616.0497666,0.341560737,-0.848848384,-0.403475753
0.00065,0.00065,0.00055,600.4595375,0.484260617,-0.807759361,-0.336179223
0.00065,0.00065,0.0006,598.8869182,-0.023306403,-0.994857859,0.09856293
0.00065,0.00065,0.00065,606.8423292,-0.020876953,-0.988508151,0.149719029
0.00065,0.00065,0.0007,609.1018983,0.040858576,-0.988300029,-0.146947707
0.00065,0.00065,0.00075,596.3613047,0.032585268,-0.898786427,-0.43717406
0.00065,0.00065,0.0008,580.2765737,-0.519366948,-0.249829276,-0.817216805
0.00065,0.00065,0.00085,554.7500814,-0.258503467,-0.351119094,-0.899939631
0.00065,0.00065,0.0009,480.0079351,-0.206603269,-0.614873185,-0.761082161
0.00065,0.00065,0.00095,459.2073938,-0.089042125,-0.50757602,0.856993631
0.00065,0.0007,5.00E-05,574.8057285,0.40217582,-0.046444322,0.914383691
0.00065,0.0007,0.0001,585.1364565,0.954759054,0.06764519,0.289584662
0.00065,0.0007,0.00015,593.4853644,0.981030534,0.109409562,0.160026996
0.00065,0.0007,0.0002,594.6311858,0.981739749,0.184399811,-0.046730885
0.00065,0.0007,0.00025,590.7797261,0.975563365,0.194118054,-0.102928626
0.00065,0.0007,0.0003,588.467139,0.949968651,0.312341693,0.001493187
0.00065,0.0007,0.00035,590.8739742,0.744787282,0.580183928,0.329664245
0.00065,0.0007,0.0004,608.0760233,0.749374156,0.534563344,0.390743401
0.00065,0.0007,0.00045,605.1753551,0.425569276,-0.707498148,-0.564213756
0.00065,0.0007,0.0005,578.7855806,0.075620941,-0.888735803,-0.45213952
0.00065,0.0007,0.00055,563.2062149,-0.077457344,-0.97172065,-0.223068014
0.00065,0.0007,0.0006,568.0681344,0.039306594,-0.996105373,0.078924501
0.00065,0.0007,0.00065,570.2130512,0.080383801,-0.996623884,0.016711631
0.00065,0.0007,0.0007,570.0216507,0.05087715,-0.996786519,-0.061872058
0.00065,0.0007,0.00075,562.5036019,-0.131714556,-0.989519571,0.059180193
0.00065,0.0007,0.0008,579.1687359,-0.284051274,-0.949631386,-0.132344641
0.00065,0.0007,0.00085,541.8465142,-0.250328443,-0.746070305,-0.617020883
0.00065,0.0007,0.0009,464.2476022,-0.193258616,-0.563065583,-0.803497515
0.00065,0.0007,0.00095,440.6094836,-0.152106701,-0.439887513,0.885077696
0.00065,0.00075,5.00E-05,576.8933477,0.353616344,0.048621667,0.934126016
0.00065,0.00075,0.0001,584.0144812,0.960105104,0.019667241,0.278946928
0.00065,0.00075,0.00015,594.3452092,0.97142397,-0.071171289,0.226429059
0.00065,0.00075,0.0002,599.4503462,0.993355418,-0.103779782,0.049747062
0.00065,0.00075,0.00025,598.0518065,0.987899735,0.060929578,0.14262433
0.00065,0.00075,0.0003,610.3657091,0.924406245,0.224763839,0.308146572
0.00065,0.00075,0.00035,626.8863888,0.940920222,0.261111273,0.21561549
0.00065,0.00075,0.0004,627.6097818,0.782502942,-0.240544886,-0.574305932
0.00065,0.00075,0.00045,579.3353723,0.333629152,-0.532722857,-0.777751854
0.00065,0.00075,0.0005,533.5542628,0.402139373,-0.854707087,-0.328267757
0.00065,0.00075,0.00055,553.772594,0.534439987,-0.792343674,-0.29421999
0.00065,0.00075,0.0006,510.4537045,0.415548837,-0.795040888,-0.441847429
0.00065,0.00075,0.00065,490.3413699,0.080940155,-0.980485892,-0.179153861
0.00065,0.00075,0.0007,484.8992228,0.051028462,-0.963255383,-0.263695209
0.00065,0.00075,0.00075,443.4179075,-0.157205872,-0.952824512,-0.259637753
0.00065,0.00075,0.0008,432.0528247,-0.184849178,-0.975381676,-0.120255427
0.00065,0.00075,0.00085,415.793285,-0.046456324,-0.991770899,-0.119299181
0.00065,0.00075,0.0009,409.0642339,0.02401215,-0.994527047,-0.101682692
0.00065,0.00075,0.00095,404.2595181,0.022326002,-0.466963399,0.883994759
0.00065,0.0008,5.00E-05,584.1620528,0.327960863,0.013455454,0.944595481
0.00065,0.0008,0.0001,586.3669055,0.991117324,-0.118081437,0.0611819
0.00065,0.0008,0.00015,588.633556,0.95693805,-0.290222931,0.00634184
0.00065,0.0008,0.0002,586.8986717,0.896218205,-0.438323654,0.068303018
0.00065,0.0008,0.00025,595.4428047,0.921980241,-0.322075455,0.214987993
0.00065,0.0008,0.0003,609.4992451,0.9242929,-0.352682393,0.145937535
0.00065,0.0008,0.00035,611.7566194,0.783422005,-0.599725881,-0.163030151
0.00065,0.0008,0.0004,588.1595412,0.565034165,-0.671419733,-0.479512184
0.00065,0.0008,0.00045,540.7518188,0.531764474,-0.552268387,-0.642048419
0.00065,0.0008,0.0005,512.2280606,0.806550409,-0.391579203,-0.442879403
0.00065,0.0008,0.00055,500.9956858,0.683832109,-0.6036413,-0.409866843
0.00065,0.0008,0.0006,453.9327714,0.64436676,-0.190900033,-0.740505676
0.00065,0.0008,0.00065,430.3566808,0.236411504,-0.657739552,-0.71518409
0.00065,0.0008,0.0007,398.6143736,0.161553458,-0.755718698,-0.634657175
0.00065,0.0008,0.00075,368.5666922,-0.150940184,-0.7385758,-0.657056199
0.00065,0.0008,0.0008,355.1077408,-0.170195512,-0.935211758,-0.310503553
0.00065,0.0008,0.00085,350.7352663,0.292979952,-0.954397814,-0.05733725
0.00065,0.0008,0.0009,351.4393859,0.212290665,-0.977076824,0.015923399
0.00065,0.0008,0.00095,351.9550514,0.056460987,-0.362058101,0.930444028
0.00065,0.00085,5.00E-05,580.232468,0.311046754,-0.105634229,0.944505864
0.00065,0.00085,0.0001,575.3844529,0.915894885,-0.386807372,-0.107315499
0.00065,0.00085,0.00015,570.0098849,0.890599393,-0.40884589,-0.199192772
0.00065,0.00085,0.0002,555.7530857,0.779851079,-0.622875616,-0.062114904
0.00065,0.00085,0.00025,564.1936833,0.654061195,-0.743523973,0.139197896
0.00065,0.00085,0.0003,570.9406551,0.616364255,-0.77516177,-0.138633819
0.00065,0.00085,0.00035,548.3857392,0.511195722,-0.800983734,-0.311615135
0.00065,0.00085,0.0004,528.187857,0.533711874,-0.791506096,-0.29777464
0.00065,0.00085,0.00045,514.0216747,0.676039684,-0.68401905,-0.274022417
0.00065,0.00085,0.0005,498.4032154,0.772407758,-0.501933519,-0.389164487
0.00065,0.00085,0.00055,467.9167978,0.991009528,-0.121115025,-0.056844219
0.00065,0.00085,0.0006,492.2431913,0.634332849,0.745330957,-0.20519162
0.00065,0.00085,0.00065,439.4662194,0.242304478,0.864628317,-0.440120907
0.00065,0.00085,0.0007,411.3227289,0.13558054,0.952398477,-0.27304772
0.00065,0.00085,0.00075,394.5134969,0.15742712,0.969018234,-0.190316484
0.00065,0.00085,0.0008,378.3460023,0.164217293,0.955277751,-0.24592092
0.00065,0.00085,0.00085,354.732284,0.401009667,0.866515173,-0.297225002
0.00065,0.00085,0.0009,334.2169137,0.507564434,0.809329356,-0.295574591
0.00065,0.00085,0.00095,313.7015433,0.233130949,0.323216686,0.917159165
0.00065,0.0009,5.00E-05,554.8952442,0.581335044,-0.341198887,0.738669673
0.00065,0.0009,0.0001,549.5206852,0.877410401,-0.475245489,-0.065518797
0.00065,0.0009,0.00015,548.3399062,0.785933939,-0.578573996,-0.218082496
0.00065,0.0009,0.0002,528.5749858,0.659204209,-0.647566974,-0.382239227
0.00065,0.0009,0.00025,514.3185758,0.400178623,-0.911707264,-0.092988892
0.00065,0.0009,0.0003,521.1101779,0.418391228,-0.896628682,-0.144933735
0.00065,0.0009,0.00035,501.8637033,0.352023046,-0.898283309,-0.262995956
0.00065,0.0009,0.0004,496.8174223,0.41276049,-0.854235175,-0.316087082
0.00065,0.0009,0.00045,466.4029298,0.441428829,-0.830461791,-0.339814364
0.00065,0.0009,0.0005,452.7632742,0.687788076,-0.694578732,0.210969066
0.00065,0.0009,0.00055,487.8708424,0.674198297,0.258390741,0.691874903
0.00065,0.0009,0.0006,557.2756704,0.67367302,0.474562977,0.56652859
0.00065,0.0009,0.00065,589.326914,0.323402927,0.946223016,-0.008517669
0.00065,0.0009,0.0007,555.4107917,0.093013876,0.979369162,-0.179400287
0.00065,0.0009,0.00075,536.4714827,0.127213107,0.978521561,-0.162210912
0.00065,0.0009,0.0008,509.6375288,0.112685536,0.96983878,-0.216135863
0.00065,0.0009,0.00085,479.3870438,0.456990127,0.874654375,-0.161677913
0.00065,0.0009,0.0009,463.7879569,0.525028434,0.83762244,-0.15077729
0.00065,0.0009,0.00095,438.6535605,0.813545983,0.439680078,0.380557962
0.00065,0.00095,5.00E-05,529.0218377,0.081303006,-0.99157721,0.100818937
0.00065,0.00095,0.0001,527.8348191,0.069136334,-0.997517916,-0.013348218
0.00065,0.00095,0.00015,514.4408355,0.045380724,-0.998591564,-0.027485964
0.00065,0.00095,0.0002,498.1161703,0.033212928,-0.999200226,-0.022266783
0.00065,0.00095,0.00025,491.0051612,0.02227748,-0.999743461,-0.004089642
0.00065,0.00095,0.0003,493.8889192,0.012648503,-0.999609769,-0.024906325
0.00065,0.00095,0.00035,465.4119276,0.016949044,-0.998000348,-0.060893632
0.00065,0.00095,0.0004,432.354013,0.014724753,-0.998161777,-0.058789863
0.00065,0.00095,0.00045,406.3591078,0.040114137,-0.999183435,-0.004829044
0.00065,0.00095,0.0005,427.7238698,0.086918926,-0.990473417,0.106805948
0.00065,0.00095,0.00055,506.9484716,0.097122203,-0.983365287,0.15349264
0.00065,0.00095,0.0006,577.229715,0.117591837,-0.983760175,0.135602649
0.00065,0.00095,0.00065,646.6345429,0.111152417,-0.986618561,0.119285185
0.00065,0.00095,0.0007,699.8673037,0.050885227,-0.998382036,0.025377229
0.00065,0.00095,0.00075,670.6362561,0.04921104,-0.996057712,-0.073805883
0.00065,0.00095,0.0008,634.493695,0.062698613,-0.994259372,-0.086701701
0.00065,0.00095,0.00085,602.7719072,0.248442999,-0.962828603,-0.10600546
0.00065,0.00095,0.0009,560.5061628,0.281228338,-0.918989894,-0.276347961
0.00065,0.00095,0.00095,418.962931,0.230485782,-0.971441967,-0.056363198
0.0007,0,5.00E-05,-508.7049706,0.013818541,-0.909508599,-0.415455361
0.0007,0,0.0001,-531.3055613,0.02165553,-0.999470806,-0.024272317
0.0007,0,0.00015,-533.4065692,4.16E-06,-0.999982948,0.005839792
0.0007,0,0.0002,-525.4576545,-0.003023519,-0.999907858,0.013233836
0.0007,0,0.00025,-520.46146,-0.004522491,-0.999974121,0.005595038
0.0007,0,0.0003,-520.1337446,-0.015661707,-0.999877318,0.000243152
0.0007,0,0.00035,-520.220062,-0.025135767,-0.999669496,0.005393791
0.0007,0,0.0004,-515.1963341,-0.04266852,-0.99884291,0.022186449
0.0007,0,0.00045,-501.0377963,-0.014263911,-0.998564109,0.051635857
0.0007,0,0.0005,-472.5427208,0.020209567,-0.998429758,0.052245486
0.0007,0,0.00055,-452.9418482,0.034732939,-0.998626499,0.039226757
0.0007,0,0.0006,-432.5836764,0.040950938,-0.998333484,0.04066049
0.0007,0,0.00065,-408.4860815,0.033821581,-0.998198218,0.049562259
0.0007,0,0.0007,-378.5952896,0.026181676,-0.997995949,0.057607333
0.0007,0,0.00075,-345.9243307,0.001816668,-0.992523977,0.122036281
0.0007,0,0.0008,-255.8364019,0.014905812,-0.984837558,0.172837498
0.0007,0,0.00085,-189.449081,0.01570292,-0.992480948,0.121387755
0.0007,0,0.0009,-145.0146221,0.021587039,-0.991299848,0.129840717
0.0007,0,0.00095,-99.59505248,0.00204344,-0.810495574,-0.585741196
0.0007,5.00E-05,5.00E-05,-372.1737282,0.061600458,0.607108886,-0.792227356
0.0007,5.00E-05,0.0001,-457.6825883,-0.365838919,0.847762152,-0.384006797
0.0007,5.00E-05,0.00015,-469.4622823,-0.455161783,0.890010434,-0.026630426
0.0007,5.00E-05,0.0002,-461.5133676,-0.388743741,0.90459952,0.174865695
0.0007,5.00E-05,0.00025,-443.9831533,0.010471089,0.975748081,-0.218645919
0.0007,5.00E-05,0.0003,-492.2765963,0.522805998,0.851694114,0.035930846
0.0007,5.00E-05,0.00035,-439.0294886,0.416466434,0.802939068,0.426432366
0.0007,5.00E-05,0.0004,-412.1120695,0.288048277,0.93310676,0.215267195
0.0007,5.00E-05,0.00045,-397.9535317,-0.293889132,0.936038624,-0.193548115
0.0007,5.00E-05,0.0005,-452.5469569,-0.626078317,0.583925105,-0.516775979
0.0007,5.00E-05,0.00055,-468.5407186,-0.901821585,0.38959907,-0.186896748
0.0007,5.00E-05,0.0006,-462.7641881,-0.387106006,0.367530351,0.845618343
0.0007,5.00E-05,0.00065,-388.2498892,-0.574007532,0.268920976,0.773431873
0.0007,5.00E-05,0.0007,-349.6377244,-0.590921923,0.467863072,0.657202729
0.0007,5.00E-05,0.00075,-301.8567595,-0.17668532,0.545550623,0.81924161
0.0007,5.00E-05,0.0008,-214.6453347,-0.780452692,0.529778457,0.332006599
0.0007,5.00E-05,0.00085,-250.0532768,-0.800152605,-0.3143795,0.510804599
0.0007,5.00E-05,0.0009,-154.298329,0.089944111,0.096317978,0.991278419
0.0007,5.00E-05,0.00095,-101.3584179,0.153632387,-0.044308465,-0.98713416
0.0007,0.0001,5.00E-05,-235.6424859,0.134112142,0.763368092,-0.63188851
0.0007,0.0001,0.0001,-316.524066,-0.330202392,0.810982698,-0.482983896
0.0007,0.0001,0.00015,-405.37882,-0.449713854,0.826278722,-0.339147348
0.0007,0.0001,0.0002,-393.6513109,-0.56572745,0.81183636,0.144478982
0.0007,0.0001,0.00025,-383.1748298,0.252368137,0.96329837,-0.091468978
0.0007,0.0001,0.0003,-402.7135456,0.576909799,0.813914668,0.06868768
0.0007,0.0001,0.00035,-369.276476,0.494318044,0.791299457,0.359853916
0.0007,0.0001,0.0004,-337.1466643,0.305322425,0.878440914,0.367586422
0.0007,0.0001,0.00045,-305.4863372,-0.315703562,0.901865501,-0.294906558
0.0007,0.0001,0.0005,-392.7835366,-0.256484489,0.780944413,-0.569509904
0.0007,0.0001,0.00055,-431.6433301,-0.072481563,0.997122903,-0.022188702
0.0007,0.0001,0.0006,-397.6869444,-0.298304761,0.899173346,0.320158653
0.0007,0.0001,0.00065,-369.1521982,-0.664299238,0.554940547,0.500746954
0.0007,0.0001,0.0007,-317.0919615,-0.600348179,0.480627595,0.639201986
0.0007,0.0001,0.00075,-256.0299925,-0.374932329,0.518941317,0.768196367
0.0007,0.0001,0.0008,-173.1742826,-0.896639175,0.420831289,0.137619826
0.0007,0.0001,0.00085,-226.5902138,-0.937863175,0.23008539,0.259756383
0.0007,0.0001,0.0009,-130.5666246,-0.134324695,0.446708289,0.884538626
0.0007,0.0001,0.00095,-109.374599,0.718176508,-0.129029408,-0.683793766
0.0007,0.00015,5.00E-05,-121.921839,0.148354026,0.975075515,-0.164981279
0.0007,0.00015,0.0001,-172.6767503,-0.293263116,0.864351134,-0.408526451
0.0007,0.00015,0.00015,-281.5539829,-0.420213438,0.808950197,-0.411120718
0.0007,0.00015,0.0002,-336.7477699,-0.19361579,0.966796611,-0.16678501
0.0007,0.00015,0.00025,-348.5449387,-0.112155868,0.993428631,0.022817014
0.0007,0.00015,0.0003,-327.5880513,-0.132522432,0.981110801,0.140923386
0.0007,0.00015,0.00035,-294.8514338,-0.159264935,0.970891258,0.178898983
0.0007,0.00015,0.0004,-259.6693661,0.081974624,0.977009862,0.196804191
0.0007,0.00015,0.00045,-227.8081946,-0.074608647,0.995260624,-0.062368583
0.0007,0.00015,0.0005,-279.553304,0.131555555,0.990241581,-0.04598638
0.0007,0.00015,0.00055,-248.1898248,0.275469711,0.961179563,-0.015820404
0.0007,0.00015,0.0006,-287.2563274,0.196175536,0.969971774,-0.143770361
0.0007,0.00015,0.00065,-298.9324735,-0.382306764,0.920282766,0.08319356
0.0007,0.00015,0.0007,-264.5790811,-0.432539594,0.848996915,0.303502453
0.0007,0.00015,0.00075,-204.6357454,-0.434261806,0.805838578,0.402543003
0.0007,0.00015,0.0008,-124.6206604,-0.635343785,0.771923019,-0.021751489
0.0007,0.00015,0.00085,-212.3125311,-0.545835896,0.83393486,0.081337716
0.0007,0.00015,0.0009,-95.1022857,-0.189682729,0.901266598,0.389536882
0.0007,0.00015,0.00095,-121.1858525,0.097034546,0.987842133,-0.121458706
0.0007,0.0002,5.00E-05,68.68000418,0.20894872,0.958764572,-0.192641967
0.0007,0.0002,0.0001,21.22205613,-0.140863805,0.937076315,-0.319445408
0.0007,0.0002,0.00015,-82.54107976,-0.229628385,0.972114645,-0.047580686
0.0007,0.0002,0.0002,-5.327269974,-0.271834813,0.95252148,0.137144682
0.0007,0.0002,0.00025,15.62961746,-0.273788132,0.961255156,-0.032071555
0.0007,0.0002,0.0003,-28.89853101,-0.237380156,0.971085038,-0.025387229
0.0007,0.0002,0.00035,-0.679313355,-0.183083465,0.982218882,0.041551315
0.0007,0.0002,0.0004,-4.318864657,-0.019163837,0.999535764,0.023685519
0.0007,0.0002,0.00045,11.81605483,-0.034151417,0.994743906,0.096531046
0.0007,0.0002,0.0005,46.10158051,0.078799962,0.996077721,0.040245985
0.0007,0.0002,0.00055,36.35918432,0.174977969,0.967590805,-0.182073458
0.0007,0.0002,0.0006,-55.3428288,0.287007205,0.915225531,-0.28282343
0.0007,0.0002,0.00065,-118.2976976,0.026452827,0.999642076,0.003996078
0.0007,0.0002,0.0007,-53.31277155,-0.246134651,0.936994251,0.247910279
0.0007,0.0002,0.00075,24.14850732,-0.162945057,0.951793627,0.259880356
0.0007,0.0002,0.0008,99.26167452,-0.13536549,0.985626111,0.101080922
0.0007,0.0002,0.00085,76.05415405,-0.155179031,0.987336359,-0.032960308
0.0007,0.0002,0.0009,80.27202865,0.092628914,0.993049585,0.07261133
0.0007,0.0002,0.00095,108.7529072,0.16252027,0.986403753,-0.024388497
0.0007,0.00025,5.00E-05,313.7126186,0.128330151,0.980894415,-0.14621053
0.0007,0.00025,0.0001,270.922352,-0.154358281,0.983521137,-0.094125943
0.0007,0.00025,0.00015,260.8717567,-0.131967613,0.984781063,0.113096452
0.0007,0.00025,0.0002,345.0847033,-0.27927421,0.946907763,0.159284665
0.0007,0.00025,0.00025,357.9376832,-0.374005021,0.923901103,-0.080789826
0.0007,0.00025,0.0003,296.2436738,-0.160943397,0.979893699,-0.117921842
0.0007,0.00025,0.00035,286.1798102,0.003145649,0.998627929,-0.05227202
0.0007,0.00025,0.0004,267.6387976,0.031757789,0.999442008,0.010349686
0.0007,0.00025,0.00045,291.7700435,-0.093818365,0.988551185,0.118172199
0.0007,0.00025,0.0005,327.8828009,-0.098177347,0.995167502,-0.001688825
0.0007,0.00025,0.00055,290.9149879,0.124499333,0.968890254,-0.213896216
0.0007,0.00025,0.0006,213.218215,0.167681957,0.976542447,-0.135083714
0.0007,0.00025,0.00065,208.8980746,0.083684139,0.992211445,0.092268162
0.0007,0.00025,0.0007,273.80632,-0.157115889,0.960745953,0.228652162
0.0007,0.00025,0.00075,354.1574915,-0.184344946,0.964838679,0.187358654
0.0007,0.00025,0.0008,381.5041304,-0.092840023,0.9956702,0.004645824
0.0007,0.00025,0.00085,356.5282636,-0.080780723,0.995303109,-0.053349744
0.0007,0.00025,0.0009,352.0935326,0.081682434,0.996530233,-0.015983597
0.0007,0.00025,0.00095,347.6588016,0.163534926,0.984553643,-0.062533611
0.0007,0.0003,5.00E-05,583.4880349,0.029375542,0.907857628,-0.418248258
0.0007,0.0003,0.0001,573.3557517,0.028509091,0.997856163,-0.058909334
0.0007,0.0003,0.00015,563.2234685,-0.026535154,0.999636597,-0.004749713
0.0007,0.0003,0.0002,571.7055479,-0.067324585,0.996734052,0.044594062
0.0007,0.0003,0.00025,574.168773,0.081443462,0.996504482,-0.01859517
0.0007,0.0003,0.0003,567.3869931,0.094107513,0.991008655,-0.095108474
0.0007,0.0003,0.00035,545.8009645,0.144577957,0.984255704,-0.101675578
0.0007,0.0003,0.0004,535.5153135,0.182220915,0.978869786,-0.092787281
0.0007,0.0003,0.00045,515.7779108,0.32027742,0.946192781,0.046277379
0.0007,0.0003,0.0005,549.9569933,0.175827837,0.973304034,0.147525692
0.0007,0.0003,0.00055,555.7578054,0.062681859,0.997220426,-0.040279096
0.0007,0.0003,0.0006,537.5709653,0.091294949,0.994145786,-0.057787448
0.0007,0.0003,0.00065,533.2402776,0.070104715,0.996236237,0.050977332
0.0007,0.0003,0.0007,557.035261,-0.018677999,0.989501282,0.143312056
0.0007,0.0003,0.00075,578.7586677,0.068135656,0.977911508,0.197602164
0.0007,0.0003,0.0008,607.3539453,0.090530215,0.979062277,0.182322074
0.0007,0.0003,0.00085,624.743938,0.098106699,0.992208921,0.076788889
0.0007,0.0003,0.0009,633.2568937,0.080941652,0.980615824,0.17844062
0.0007,0.0003,0.00095,713.0370335,0.177888669,0.981231062,-0.074439402
0.0007,0.00035,5.00E-05,616.9074671,0.058712842,0.089113795,-0.994289462
0.0007,0.00035,0.0001,614.1807297,0.07182528,0.980206064,-0.184491736
0.0007,0.00035,0.00015,608.1778173,-0.064018296,0.914126335,-0.400343229
0.0007,0.00035,0.0002,589.72619,0.376435852,0.776885001,-0.504723434
0.0007,0.00035,0.00025,589.3665529,0.844212292,0.534220029,0.043755767
0.0007,0.00035,0.0003,591.8297817,0.800009958,0.591856512,0.098437473
0.0007,0.00035,0.00035,594.7089879,0.592055961,0.79924261,-0.103348875
0.0007,0.00035,0.0004,584.370357,0.322605488,0.94104775,-0.101758695
0.0007,0.00035,0.00045,587.0463418,0.509738291,0.857718765,0.066973091
0.0007,0.00035,0.0005,591.6510453,0.25425144,0.954211647,0.15759549
0.0007,0.00035,0.00055,597.5653676,0.266139692,0.955000975,0.130930527
0.0007,0.00035,0.0006,600.5982773,0.076089637,0.992567178,-0.094977702
0.0007,0.00035,0.00065,589.2835497,-0.017850882,0.986636947,-0.161953329
0.0007,0.00035,0.0007,588.0890576,-0.071184148,0.951733149,0.298557916
0.0007,0.00035,0.00075,603.1791593,0.13422964,0.688776422,0.712439082
0.0007,0.00035,0.0008,628.4432011,0.361083201,0.259140569,0.895804157
0.0007,0.00035,0.00085,691.2269003,-0.090629826,0.336458693,0.937326935
0.0007,0.00035,0.0009,837.3059615,-0.02061921,0.442289399,0.896635342
0.0007,0.00035,0.00095,1003.692419,-0.051186352,0.450804098,-0.891154096
0.0007,0.0004,5.00E-05,618.3982558,0.133088378,0.001246153,-0.991103391
0.0007,0.0004,0.0001,619.7364506,0.992203483,0.11970722,0.034676055
0.0007,0.0004,0.00015,619.061902,0.7333568,0.185335746,-0.654093621
0.0007,0.0004,0.0002,600.6603936,0.868812615,0.304524504,-0.390422165
0.0007,0.0004,0.00025,599.8518065,0.950913192,0.308490279,-0.02445097
0.0007,0.0004,0.0003,599.5084488,0.93394234,0.348504558,0.079349089
0.0007,0.0004,0.00035,603.4879985,0.677505689,0.713036338,0.180458367
0.0007,0.0004,0.0004,606.3782097,0.486447749,0.866070014,0.115287978
0.0007,0.0004,0.00045,609.0210763,0.152125272,0.969370553,0.192817613
0.0007,0.0004,0.0005,613.6477557,0.207158779,0.935726942,0.285482626
0.0007,0.0004,0.00055,621.0184859,0.618882549,0.753913078,0.220452856
0.0007,0.0004,0.0006,624.1203392,-0.057863726,0.971196735,-0.231146473
0.0007,0.0004,0.00065,609.4477778,-0.338060336,0.840649638,-0.423111564
0.0007,0.0004,0.0007,601.3312303,-0.516923685,0.834684982,0.18997601
0.0007,0.0004,0.00075,617.7725052,-0.54616437,0.626454001,0.556111379
0.0007,0.0004,0.0008,632.8246261,-0.143184993,0.316627953,0.937680541
0.0007,0.0004,0.00085,699.7163823,-0.212108258,-0.166008337,0.96304274
0.0007,0.0004,0.0009,787.3888803,0.157538196,-0.76606531,0.623157811
0.0007,0.0004,0.00095,824.5290246,-0.023696388,-0.871405588,-0.489990595
0.0007,0.00045,5.00E-05,617.1649608,0.392321143,0.074897483,-0.916773957
0.0007,0.00045,0.0001,616.4717412,0.993277889,0.072722052,-0.09005853
0.0007,0.00045,0.00015,613.582969,0.950922589,-0.188184336,-0.245627533
0.0007,0.00045,0.0002,604.7098291,0.977863057,-0.083951762,-0.191666228
0.0007,0.00045,0.00025,603.9002818,0.99865617,-0.019804024,0.047892123
0.0007,0.00045,0.0003,607.8000909,0.900246372,0.255445872,0.352567548
0.0007,0.00045,0.00035,621.8531389,0.634022057,0.636823856,0.438715634
0.0007,0.00045,0.0004,625.9361198,0.567319538,0.821239163,0.060948981
0.0007,0.00045,0.00045,623.5932305,0.690322024,0.690397497,0.216348791
0.0007,0.00045,0.0005,630.9749774,0.897208071,0.357562113,0.259165994
0.0007,0.00045,0.00055,633.3799078,0.849300903,0.357965216,0.388006288
0.0007,0.00045,0.0006,649.2143508,0.199986721,0.978908487,0.041755059
0.0007,0.00045,0.00065,634.5615751,-0.518658116,0.685069162,-0.511540811
0.0007,0.00045,0.0007,624.6648596,-0.607388636,0.78990641,0.08442102
0.0007,0.00045,0.00075,638.65616,-0.757516901,-0.026245166,0.65228777
0.0007,0.00045,0.0008,656.1133093,-0.863876246,-0.137173525,0.484666128
0.0007,0.00045,0.00085,664.5832699,-0.507787408,-0.814592508,0.280340853
0.0007,0.00045,0.0009,683.8702925,-0.208921264,-0.952576501,0.221246276
0.0007,0.00045,0.00095,703.157315,-0.194099192,-0.925535457,-0.325130161
0.0007,0.0005,5.00E-05,625.4801883,0.917418755,0.291630542,-0.270729488
0.0007,0.0005,0.0001,622.6289006,0.948731464,0.042759763,-0.313177606
0.0007,0.0005,0.00015,610.0506662,0.860339439,-0.162964789,-0.482968454
0.0007,0.0005,0.0002,596.4192779,0.961939956,-0.176004191,-0.209031209
0.0007,0.0005,0.00025,598.5739425,0.963334807,0.062723148,0.260867508
0.0007,0.0005,0.0003,612.5158378,0.857767826,0.203010629,0.472251037
0.0007,0.0005,0.00035,629.8136066,0.825325694,0.289899173,0.484557497
0.0007,0.0005,0.0004,629.8245636,0.945809174,0.247182691,-0.210584241
0.0007,0.0005,0.00045,625.1007348,0.996113223,0.045126918,-0.075643954
0.0007,0.0005,0.0005,627.1500866,0.972033314,0.005794056,0.234771519
0.0007,0.0005,0.00055,637.8456906,0.77780301,0.151933176,0.609867844
0.0007,0.0005,0.0006,651.8234293,0.79677801,0.518806374,0.309814057
0.0007,0.0005,0.00065,642.3251143,-0.646138557,0.651330713,-0.397835729
0.0007,0.0005,0.0007,639.6432392,-0.496669745,0.629124692,-0.597930837
0.0007,0.0005,0.00075,616.5071591,-0.898737792,-0.325931626,-0.293323979
0.0007,0.0005,0.0008,625.486558,-0.499324437,-0.865761069,0.033658245
0.0007,0.0005,0.00085,619.0623132,-0.215969678,-0.975115939,-0.050059999
0.0007,0.0005,0.0009,621.308214,-0.254489337,-0.957402395,0.136439842
0.0007,0.0005,0.00095,634.6415365,0.069135467,-0.997167493,0.029618866
0.0007,0.00055,5.00E-05,630.1050049,0.700395609,-0.039769199,0.712646056
0.0007,0.00055,0.0001,618.5784139,0.878222139,-0.206099574,-0.431565568
0.0007,0.00055,0.00015,604.7392327,0.89136905,-0.161946053,-0.423361186
0.0007,0.00055,0.0002,595.0464325,0.99160234,0.116973632,0.055154052
0.0007,0.00055,0.00025,607.7705488,0.908771205,0.166143078,0.382794167
0.0007,0.00055,0.0003,621.2293549,0.917794854,0.152264204,0.366699085
0.0007,0.00055,0.00035,632.208536,0.971796822,-0.115895297,0.205375793
0.0007,0.00055,0.0004,631.4680643,0.984588033,-0.11912726,-0.128043355
0.0007,0.00055,0.00045,625.1887434,0.99622128,0.086779437,-0.003534071
0.0007,0.00055,0.0005,631.2895172,0.959576395,0.143658216,0.242023675
0.0007,0.00055,0.00055,639.5266482,0.844587062,-0.048917952,0.533178891
0.0007,0.00055,0.0006,656.7154745,0.500701005,-0.679849388,0.535820225
0.0007,0.00055,0.00065,654.5028004,-0.428785867,-0.833133444,-0.34932985
0.0007,0.00055,0.0007,651.829729,-0.217938004,-0.186482489,-0.957980849
0.0007,0.00055,0.00075,622.9257375,-0.132184823,-0.036879244,-0.99053879
0.0007,0.00055,0.0008,590.3893562,-0.416074501,-0.687191213,-0.595525185
0.0007,0.00055,0.00085,583.1935397,-0.090274666,-0.979648626,-0.179273687
0.0007,0.00055,0.0009,574.5504235,-0.00672437,-0.97619311,-0.216798973
0.0007,0.00055,0.00095,562.7009876,0.201480426,-0.899871655,0.386828957
0.0007,0.0006,5.00E-05,622.3619496,0.53368282,-0.127622374,0.835999508
0.0007,0.0006,0.0001,610.5151565,0.92945877,-0.181880414,-0.320976493
0.0007,0.0006,0.00015,601.0491053,0.981332815,0.144382158,-0.127042114
0.0007,0.0006,0.0002,602.8482535,0.936986172,0.319788524,0.140684803
0.0007,0.0006,0.00025,609.9380428,0.957204379,0.073016035,0.280050773
0.0007,0.0006,0.0003,622.6632061,0.97894321,-0.015993412,0.203505287
0.0007,0.0006,0.00035,624.0358163,0.988075487,-0.153666101,0.009672702
0.0007,0.0006,0.0004,623.2935831,0.981991196,-0.158580197,0.102691827
0.0007,0.0006,0.00045,629.4849746,0.946037154,-0.115624221,0.302728828
0.0007,0.0006,0.0005,635.66065,0.785802546,-0.608159566,0.112500229
0.0007,0.0006,0.00055,635.5129168,0.803644916,-0.593683257,-0.04117086
0.0007,0.0006,0.0006,632.8216682,0.374501396,-0.924303531,-0.073564169
0.0007,0.0006,0.00065,630.6728665,0.317001501,-0.948344221,0.012380926
0.0007,0.0006,0.0007,633.4963843,0.12965252,-0.928802628,-0.347154004
0.0007,0.0006,0.00075,614.2196419,-0.241703969,-0.478866396,-0.843958628
0.0007,0.0006,0.0008,579.6385941,-0.23619122,-0.149338501,-0.96016234
0.0007,0.0006,0.00085,532.5097972,-0.487772203,-0.546513914,-0.680735499
0.0007,0.0006,0.0009,529.0352301,-0.032420448,-0.954507958,-0.296417734
0.0007,0.0006,0.00095,505.4061414,0.068308122,-0.715115136,0.695661083
0.0007,0.00065,5.00E-05,614.0592275,0.444830577,-0.100451763,0.889963595
0.0007,0.00065,0.0001,606.5015515,0.997637146,0.068066267,-0.009333208
0.0007,0.00065,0.00015,613.4525953,0.941415328,0.310953594,0.130556665
0.0007,0.00065,0.0002,615.2517435,0.953432288,0.301509105,-0.007689721
0.0007,0.00065,0.00025,612.936788,0.987472427,0.143894968,0.064749088
0.0007,0.00065,0.0003,620.1214156,0.988910961,-0.06154835,0.135155137
0.0007,0.00065,0.00035,622.1940045,0.997753132,-0.049424376,0.045231844
0.0007,0.00065,0.0004,623.0532895,0.999235977,-0.018074506,-0.034652189
0.0007,0.00065,0.00045,620.465267,0.786565765,-0.257401437,-0.561300986
0.0007,0.00065,0.0005,598.703355,0.578419759,-0.742266945,-0.338334694
0.0007,0.00065,0.00055,598.5885686,0.31503066,-0.948405339,-0.035818938
0.0007,0.00065,0.0006,595.9022329,0.306962086,-0.949807154,0.060337778
0.0007,0.00065,0.00065,602.8214377,0.259255542,-0.944210106,0.203110411
0.0007,0.00065,0.0007,607.8095014,0.195221475,-0.96578912,-0.170704283
0.0007,0.00065,0.00075,592.3665548,-0.259015166,-0.826872791,-0.499191878
0.0007,0.00065,0.0008,577.6806452,-0.28695971,-0.396431017,-0.872064547
0.0007,0.00065,0.00085,542.5677128,-0.208347339,-0.116559288,-0.971084609
0.0007,0.00065,0.0009,487.2727332,0.149613759,-0.599671929,-0.786135676
0.0007,0.00065,0.00095,466.764401,-0.023293148,-0.463243604,0.885924823
0.0007,0.0007,5.00E-05,606.5895706,0.379900953,-0.003228362,0.925021537
0.0007,0.0007,0.0001,614.9392721,0.962143824,0.141524539,0.232916437
0.0007,0.0007,0.00015,621.8898924,0.977234745,0.168718057,0.128633088
0.0007,0.0007,0.0002,623.072733,0.982573706,0.185118512,-0.016734677
0.0007,0.0007,0.00025,620.7601459,0.981253693,0.180747736,-0.066868877
0.0007,0.0007,0.0003,618.4475587,0.939999809,0.341173511,0.000997768
0.0007,0.0007,0.00035,620.8321875,0.9101212,0.410645028,0.055227379
0.0007,0.0007,0.0004,622.3918774,0.91666771,0.396913551,-0.046689859
0.0007,0.0007,0.00045,618.3185803,0.7123689,-0.441110961,-0.545849493
0.0007,0.0007,0.0005,587.6657196,0.511891147,-0.508557111,-0.692341764
0.0007,0.0007,0.00055,561.345471,0.464853461,-0.804294165,-0.370165039
0.0007,0.0007,0.0006,566.1899577,0.500473499,-0.784196917,0.366826215
0.0007,0.0007,0.00065,575.3189178,0.291435093,-0.952243035,0.091097684
0.0007,0.0007,0.0007,574.3460692,0.20665587,-0.974235301,-0.090326791
0.0007,0.0007,0.00075,564.3135186,0.080174153,-0.987721485,-0.134083454
0.0007,0.0007,0.0008,557.0005845,-0.126219201,-0.939184508,-0.319376226
0.0007,0.0007,0.00085,521.6581353,-0.082940148,-0.747250113,-0.659346798
0.0007,0.0007,0.0009,471.2117276,-0.135502902,-0.703954953,-0.697198959
0.0007,0.0007,0.00095,439.1104117,0.015710763,-0.435520906,0.900041506
0.0007,0.00075,5.00E-05,613.4455777,0.360433437,0.098094782,0.927612609
0.0007,0.00075,0.0001,615.7983234,0.987766707,0.090807986,0.126770825
0.0007,0.00075,0.00015,624.1206259,0.98729139,0.040110481,0.153775358
0.0007,0.00075,0.0002,627.7489665,0.994378782,0.10399495,0.019896944
0.0007,0.00075,0.00025,625.4387144,0.906366668,0.34957108,0.237275207
0.0007,0.00075,0.0003,644.7550943,0.796744161,0.514263856,0.317382149
0.0007,0.00075,0.00035,651.5221183,0.814529639,0.580103828,-0.004584307
0.0007,0.00075,0.0004,644.4216288,0.731015027,0.01774634,-0.682130558
0.0007,0.00075,0.00045,592.4024236,0.584780555,-0.356838842,-0.728490043
0.0007,0.00075,0.0005,556.8539659,0.844180309,-0.347124021,-0.408490538
0.0007,0.00075,0.00055,551.9260582,0.944663146,-0.236520389,0.227309581
0.0007,0.00075,0.0006,566.029957,0.67908084,-0.629005842,-0.3784189
0.0007,0.00075,0.00065,517.5656989,0.499545418,-0.756117667,-0.422777068
0.0007,0.00075,0.0007,489.1088554,0.316555525,-0.903326441,-0.289471831
0.0007,0.00075,0.00075,464.5915952,0.431653326,-0.884229605,-0.178363147
0.0007,0.00075,0.0008,452.2446488,0.39857414,-0.912471405,-0.092382842
0.0007,0.00075,0.00085,445.3415895,0.199695934,-0.938941809,-0.280196028
0.0007,0.00075,0.0009,403.9251061,-0.075436155,-0.927609722,-0.365854603
0.0007,0.00075,0.00095,401.2564434,-0.047026626,-0.355067756,0.933656996
0.0007,0.0008,5.00E-05,629.2773163,0.324149602,0.034496634,0.945376654
0.0007,0.0008,0.0001,622.5859812,0.998286754,0.033202495,-0.048178324
0.0007,0.0008,0.00015,625.0070761,0.989114543,-0.119345804,0.086075553
0.0007,0.0008,0.0002,629.9619591,0.917782808,-0.318909151,0.236583327
0.0007,0.0008,0.00025,645.8148093,0.920036962,-0.205907754,0.333367642
0.0007,0.0008,0.0003,660.7112837,0.927280327,-0.33113688,0.17464124
0.0007,0.0008,0.00035,663.0293243,0.840860007,-0.458757021,-0.287221943
0.0007,0.0008,0.0004,623.9299381,0.60269909,-0.53966872,-0.587802245
0.0007,0.0008,0.00045,575.4250038,0.745102964,-0.344243431,-0.571242534
0.0007,0.0008,0.0005,553.2700179,0.947975383,-0.209622186,-0.2395855
0.0007,0.0008,0.00055,551.7976597,0.861606838,-0.287105366,-0.418573967
0.0007,0.0008,0.0006,509.076355,0.713765797,-0.123759124,-0.689363523
0.0007,0.0008,0.00065,437.7490063,0.651164093,-0.307289895,-0.693943978
0.0007,0.0008,0.0007,409.0349633,0.593416729,-0.618341646,-0.515276813
0.0007,0.0008,0.00075,381.5603918,0.742911101,-0.547261103,-0.385471634
0.0007,0.0008,0.0008,366.8670127,0.737224516,-0.639830723,-0.217063721
0.0007,0.0008,0.00085,359.7384994,0.2119394,-0.97319699,-0.089270984
0.0007,0.0008,0.0009,359.4356017,-0.01621574,-0.999850102,-0.006068194
0.0007,0.0008,0.00095,359.4302251,-0.003981789,-0.195974862,0.980600836
0.0007,0.00085,5.00E-05,623.0480866,0.299109274,-0.108380224,0.94804397
0.0007,0.00085,0.0001,618.7411952,0.923252927,-0.366572466,-0.115015913
0.0007,0.00085,0.00015,613.8936569,0.848174208,-0.487954267,-0.206158062
0.0007,0.00085,0.0002,599.7005972,0.796243139,-0.601200891,-0.067485947
0.0007,0.00085,0.00025,606.4460961,0.601774174,-0.792811772,0.096526358
0.0007,0.00085,0.0003,612.1146895,0.568152512,-0.816656084,-0.101368451
0.0007,0.00085,0.00035,592.7741676,0.622898118,-0.736964145,-0.262453393
0.0007,0.00085,0.0004,563.9909875,0.654359769,-0.705823812,-0.271341186
0.0007,0.00085,0.00045,549.8211872,0.546116817,-0.798435941,-0.2534886
0.0007,0.00085,0.0005,536.1815315,0.59468079,-0.757193769,-0.270207984
0.0007,0.00085,0.00055,521.613046,0.982656402,-0.159430995,0.094700331
0.0007,0.00085,0.0006,545.5551843,0.704137665,0.640934196,-0.305603511
0.0007,0.00085,0.00065,473.2657125,0.358769931,0.798785316,-0.48293494
0.0007,0.00085,0.0007,421.6814852,0.270099169,0.88615997,-0.376519516
0.0007,0.00085,0.00075,404.7249874,0.258534949,0.946380169,-0.193711785
0.0007,0.00085,0.0008,387.9210615,0.263909776,0.934268303,-0.239779833
0.0007,0.00085,0.00085,364.3272839,-0.335958966,0.915405422,-0.221730663
0.0007,0.00085,0.0009,353.1310629,-0.54923933,0.813489481,-0.191235516
0.0007,0.00085,0.00095,347.3280856,-0.095327934,0.229576364,0.968611004
0.0007,0.0009,5.00E-05,598.2494161,0.446665327,-0.253041459,0.858172539
0.0007,0.0009,0.0001,593.4094805,0.652941113,-0.723672735,-0.223530032
0.0007,0.0009,0.00015,579.9400001,0.503431309,-0.812071216,-0.295122444
0.0007,0.0009,0.0002,563.6151066,0.67698237,-0.675118312,-0.293104308
0.0007,0.0009,0.00025,543.8526226,0.592173828,-0.798888084,-0.105394432
0.0007,0.0009,0.0003,550.5659325,0.496466107,-0.859339534,-0.122706843
0.0007,0.0009,0.00035,527.8988827,0.608240105,-0.754058573,-0.247870213
0.0007,0.0009,0.0004,512.1988852,0.288080956,-0.902107431,-0.321265537
0.0007,0.0009,0.00045,487.8310483,0.308809952,-0.90874004,-0.280763162
0.0007,0.0009,0.0005,474.2233946,0.438403579,-0.738955354,0.511612438
0.0007,0.0009,0.00055,536.0168194,0.530785063,0.165418004,0.831206413
0.0007,0.0009,0.0006,610.4739445,0.593559717,0.495097174,0.634480615
0.0007,0.0009,0.00065,642.638907,0.344479708,0.924316905,-0.164231514
0.0007,0.0009,0.0007,570.3494352,0.141816227,0.946131247,-0.291073568
0.0007,0.0009,0.00075,546.4971586,0.159321967,0.975145048,-0.153976124
0.0007,0.0009,0.0008,524.2709669,0.192449344,0.970561153,-0.144825064
0.0007,0.0009,0.00085,503.3674992,-0.165278565,0.940093698,-0.298172493
0.0007,0.0009,0.0009,431.7478442,-0.804609368,0.541955899,-0.24266761
0.0007,0.0009,0.00095,423.4048947,-0.805284716,0.184606446,0.563415465
0.0007,0.00095,5.00E-05,572.9203949,0.096339008,-0.985413839,0.140279583
0.0007,0.00095,0.0001,559.4649312,0.061014532,-0.997474012,-0.036370624
0.0007,0.00095,0.00015,531.910216,0.037227175,-0.998566283,-0.038464464
0.0007,0.00095,0.0002,516.5791666,0.05587368,-0.998187833,-0.022342376
0.0007,0.00095,0.00025,507.5335681,0.061105305,-0.998015841,-0.01518297
0.0007,0.00095,0.0003,500.3875916,0.053114076,-0.998157183,-0.029345052
0.0007,0.00095,0.00035,476.0558231,0.02971406,-0.998472068,-0.046589736
0.0007,0.00095,0.0004,451.4812815,0.041670569,-0.997990094,-0.047742385
0.0007,0.00095,0.00045,426.9067399,0.050792901,-0.998592756,0.015250892
0.0007,0.00095,0.0005,466.5836663,0.081149789,-0.988552148,0.127198121
0.0007,0.00095,0.00055,548.728205,0.080205932,-0.983641053,0.161298752
0.0007,0.00095,0.0006,628.7544075,0.087440719,-0.985977547,0.142135139
0.0007,0.00095,0.00065,699.0918116,0.097904727,-0.990226725,0.099326218
0.0007,0.00095,0.0007,734.1891202,0.066365932,-0.997791755,-0.002678758
0.0007,0.00095,0.00075,696.5441929,0.076206952,-0.995048055,-0.063811199
0.0007,0.00095,0.0008,676.9592353,0.111869207,-0.992386125,-0.051527277
0.0007,0.00095,0.00085,656.038983,-0.037215759,-0.978045295,-0.205042407
0.0007,0.00095,0.0009,531.713632,-0.236361681,-0.889163524,-0.391818048
0.0007,0.00095,0.00095,401.8833212,-0.167503074,-0.982825709,0.07743608
0.00075,0,5.00E-05,-501.5253673,0.016712873,-0.923678006,-0.382804939
0.00075,0,0.0001,-518.0851587,0.027511747,-0.999261448,-0.026826534
0.00075,0,0.00015,-531.3630739,0.01824831,-0.999803861,-0.00769673
0.00075,0,0.0002,-526.0356653,-0.003902753,-0.999961383,0.007874095
0.00075,0,0.00025,-523.3678839,-0.0062422,-0.999970816,0.004404843
0.00075,0,0.0003,-521.6172174,0.005399259,-0.999965935,-0.006243192
0.00075,0,0.00035,-529.6556228,0.003784276,-0.999747589,-0.022145827
0.00075,0,0.0004,-542.6999017,-0.006246451,-0.99957385,0.028514916
0.00075,0,0.00045,-503.4082547,0.02033427,-0.995956976,0.087499829
0.00075,0,0.0005,-461.4557131,0.018024411,-0.997519669,0.06804139
0.00075,0,0.00055,-434.5713293,0.017879842,-0.998726996,0.047166721
0.00075,0,0.0006,-411.3352915,0.025939545,-0.998820901,0.04103592
0.00075,0,0.00065,-388.1776842,0.040455467,-0.998209419,0.04406031
0.00075,0,0.0007,-360.42279,0.050899782,-0.997931079,0.039278146
0.00075,0,0.00075,-343.9598576,0.042320511,-0.994258843,0.098276792
0.00075,0,0.0008,-255.1081548,-0.002122724,-0.987725361,0.156186122
0.00075,0,0.00085,-178.2923709,0.006084066,-0.988976831,0.1479453
0.00075,0,0.0009,-132.5263632,0.037324807,-0.990577959,0.131765568
0.00075,0,0.00095,-102.722426,0.006061168,-0.762227034,-0.6472814
0.00075,5.00E-05,5.00E-05,-364.9941249,-0.123879713,0.519726729,-0.845303462
0.00075,5.00E-05,0.0001,-514.7920217,-0.39836324,0.670091565,-0.626325813
0.00075,5.00E-05,0.00015,-476.8223095,-0.017556943,0.88787029,0.459758743
0.00075,5.00E-05,0.0002,-456.2625314,-0.001666477,0.976206799,0.216835209
0.00075,5.00E-05,0.00025,-446.8895772,-0.074183569,0.99724459,0.000160949
0.00075,5.00E-05,0.0003,-456.2378452,0.452776663,0.890342028,-0.047795046
0.00075,5.00E-05,0.00035,-455.1497757,0.140221809,0.987712611,0.069004662
0.00075,5.00E-05,0.0004,-444.8339062,-0.121018435,0.990793225,-0.060690397
0.00075,5.00E-05,0.00045,-468.0954478,-0.154020509,0.91321388,-0.377250701
0.00075,5.00E-05,0.0005,-503.7391335,-0.100046117,0.989130276,-0.107759318
0.00075,5.00E-05,0.00055,-473.6818259,0.454147984,0.500470832,0.737074322
0.00075,5.00E-05,0.0006,-459.4962498,0.249785476,-0.062158311,0.966304073
0.00075,5.00E-05,0.00065,-402.8890671,-0.164744277,0.040226699,0.98551567
0.00075,5.00E-05,0.0007,-360.4481466,-0.262589157,0.343177878,0.901818096
0.00075,5.00E-05,0.00075,-326.4767407,-0.397208314,0.634261391,0.663278255
0.00075,5.00E-05,0.0008,-325.252524,-0.570896859,-0.605379563,0.554610098
0.00075,5.00E-05,0.00085,-243.0187771,0.17548471,-0.609241232,0.773324148
0.00075,5.00E-05,0.0009,-160.9260209,0.004676331,-0.227918986,0.97366887
0.00075,5.00E-05,0.00095,-104.6986444,-0.03739179,0.038945403,-0.998541491
0.00075,0.0001,5.00E-05,-249.3833861,-0.277314218,0.559096587,-0.781350006
0.00075,0.0001,0.0001,-398.4427592,-0.455287396,0.744423641,-0.488412562
0.00075,0.0001,0.00015,-418.332933,0.080802365,0.994865047,0.060946826
0.00075,0.0001,0.0002,-391.276477,0.076916952,0.936476086,0.342193401
0.00075,0.0001,0.00025,-370.4112705,0.146235958,0.976053694,0.161041083
0.00075,0.0001,0.0003,-367.743489,0.413870626,0.910108104,0.020355434
0.00075,0.0001,0.00035,-366.4229661,0.243326224,0.954611593,0.171782
0.00075,0.0001,0.0004,-331.3570071,-0.010790883,0.999636745,0.024696849
0.00075,0.0001,0.00045,-360.8158857,-0.324511103,0.89092791,-0.317710566
0.00075,0.0001,0.0005,-410.17796,-0.077339671,0.984713085,-0.156072792
0.00075,0.0001,0.00055,-404.5305693,0.210295772,0.977432037,-0.020057465
0.00075,0.0001,0.0006,-415.8890944,0.078660563,0.992844216,0.089849195
0.00075,0.0001,0.00065,-384.1347467,-0.101563856,0.73055597,0.67525755
0.00075,0.0001,0.0007,-331.3448416,-0.540629353,0.492656284,0.681916188
0.00075,0.0001,0.00075,-310.3039607,-0.988477617,0.084005275,-0.125917094
0.00075,0.0001,0.0008,-346.2059291,-0.999371329,-0.031276999,0.016694181
0.00075,0.0001,0.00085,-307.7522893,-0.271732986,-0.218860936,0.937155843
0.00075,0.0001,0.0009,-164.9047059,-0.209618742,0.022544922,0.977523253
0.00075,0.0001,0.00095,-94.76330299,-0.602010221,-0.041129751,-0.79742839
0.00075,0.00015,5.00E-05,-147.6956719,-0.247808637,0.888429094,-0.386373685
0.00075,0.00015,0.0001,-257.2842369,-0.328652775,0.825078102,-0.459601435
0.00075,0.00015,0.00015,-359.8435565,-0.125393621,0.967201698,-0.220901141
0.00075,0.00015,0.0002,-325.115961,0.177815389,0.965316087,0.191171491
0.00075,0.00015,0.00025,-304.2585204,0.291629592,0.943287249,0.158623285
0.00075,0.00015,0.0003,-277.917495,0.317794053,0.933555701,0.165773017
0.00075,0.00015,0.00035,-252.946067,0.267041529,0.947295788,0.176973195
0.00075,0.00015,0.0004,-217.8801079,0.098517811,0.994968699,0.018207913
0.00075,0.00015,0.00045,-247.0647541,-0.122783566,0.99204493,-0.027767854
0.00075,0.00015,0.0005,-227.9292354,0.062079754,0.991248187,0.116503802
0.00075,0.00015,0.00055,-195.3691973,0.07170949,0.997334187,-0.01350067
0.00075,0.00015,0.0006,-234.1200006,0.070995262,0.965940143,-0.248835915
0.00075,0.00015,0.00065,-311.4212877,0.089925286,0.973940412,-0.208215073
0.00075,0.00015,0.0007,-307.1084528,-0.083262139,0.996275218,-0.022430042
0.00075,0.00015,0.00075,-316.5622033,-0.208940281,0.974829558,-0.077790046
0.00075,0.00015,0.0008,-330.0331492,-0.356895272,0.931242791,0.073570574
0.00075,0.00015,0.00085,-285.3593928,-0.074799735,0.871785299,0.484143979
0.00075,0.00015,0.0009,-156.0137899,-0.145810563,0.857060483,0.494152414
0.00075,0.00015,0.00095,-109.0558847,-0.229845476,0.972673463,0.032823647
0.00075,0.0002,5.00E-05,91.45343991,-0.081733801,0.940802761,-0.328952504
0.00075,0.0002,0.0001,-17.59413503,-0.187495304,0.900846093,-0.391563312
0.00075,0.0002,0.00015,-121.3360125,0.001445883,0.987473567,-0.157777896
0.00075,0.0002,0.0002,-110.6011037,-0.116586643,0.991592193,0.056146927
0.00075,0.0002,0.00025,-89.73550964,-0.112501999,0.991981802,0.05757955
0.00075,0.0002,0.0003,-78.77587286,-0.003788951,0.996382719,0.084894763
0.00075,0.0002,0.00035,-45.05698859,0.006274122,0.991754895,0.127995562
0.00075,0.0002,0.0004,-9.973534031,-0.035221785,0.995581995,0.087039745
0.00075,0.0002,0.00045,-1.796929525,-0.069738864,0.994737375,0.075060279
0.00075,0.0002,0.0005,29.66285357,-0.086812279,0.990969365,0.102192685
0.00075,0.0002,0.00055,52.7994541,-0.022492578,0.999698352,0.009863502
0.00075,0.0002,0.0006,34.60605529,0.130373473,0.976191945,-0.173355255
0.00075,0.0002,0.00065,-42.72621151,0.099294767,0.969543203,-0.223889543
0.00075,0.0002,0.0007,-103.000782,-0.084024902,0.995779085,0.036930072
0.00075,0.0002,0.00075,-23.02206665,-0.073871683,0.968003513,0.239816959
0.00075,0.0002,0.0008,48.75350574,-0.102789672,0.993786511,0.042692552
0.00075,0.0002,0.00085,5.599782679,-0.044531727,0.987738157,0.14963375
0.00075,0.0002,0.0009,140.8770032,0.078721793,0.964688506,0.251354263
0.00075,0.0002,0.00095,151.7301077,0.05731972,0.993906186,-0.09415383
0.00075,0.00025,5.00E-05,336.5709413,0.08377554,0.936141933,-0.341496617
0.00075,0.00025,0.0001,232.2676206,-0.028230507,0.981555405,-0.189082062
0.00075,0.00025,0.00015,222.252704,-0.013349937,0.999910363,0.001022044
0.00075,0.00025,0.0002,232.9700088,-0.121049034,0.992134143,0.031890021
0.00075,0.00025,0.00025,244.0272864,-0.12710534,0.991681453,0.020300951
0.00075,0.00025,0.0003,246.4600367,-0.036648579,0.997790119,0.055423455
0.00075,0.00025,0.00035,280.1587931,0.032449051,0.998237537,0.049687808
0.00075,0.00025,0.0004,276.9390788,0.051595562,0.998662205,-0.003420293
0.00075,0.00025,0.00045,278.2170125,0.009244399,0.998969217,0.044441481
0.00075,0.00025,0.0005,301.495584,-0.014779336,0.998527487,0.052196059
0.00075,0.00025,0.00055,305.6405637,0.053035766,0.998582304,0.004537606
0.00075,0.00025,0.0006,303.8007295,0.202137101,0.978558471,-0.039546312
0.00075,0.00025,0.00065,284.4786905,0.157271266,0.978880537,-0.130608742
0.00075,0.00025,0.0007,224.1923054,-0.068395534,0.997502924,0.017605868
0.00075,0.00025,0.00075,295.9828159,-0.112760744,0.977100619,0.180442222
0.00075,0.00025,0.0008,336.2190786,-0.067089822,0.996617254,0.047465832
0.00075,0.00025,0.00085,322.7513689,0.022842054,0.993939831,0.107526061
0.00075,0.00025,0.0009,404.829074,0.136909223,0.976249893,0.167904766
0.00075,0.00025,0.00095,412.6688841,0.176567256,0.977788908,-0.112928541
0.00075,0.0003,5.00E-05,585.9859746,0.070355515,0.868891413,-0.489977361
0.00075,0.0003,0.0001,575.850227,0.061549477,0.996775807,-0.051474777
0.00075,0.0003,0.00015,565.8414206,0.081048211,0.99644936,-0.022800445
0.00075,0.0003,0.0002,566.8304457,0.064120744,0.997902766,0.008865612
0.00075,0.0003,0.00025,569.2390603,0.057410503,0.998261752,0.013323273
0.00075,0.0003,0.0003,571.7007239,0.082439133,0.996581637,-0.005369407
0.00075,0.0003,0.00035,567.2727797,0.140430744,0.989128491,-0.043635249
0.00075,0.0003,0.0004,556.9905166,0.125879634,0.990689482,-0.051852365
0.00075,0.0003,0.00045,550.1917139,0.167391898,0.985853435,-0.008541488
0.00075,0.0003,0.0005,554.2842528,0.056456046,0.997837357,0.033664888
0.00075,0.0003,0.00055,560.0884171,0.050493977,0.998634209,0.013419226
0.00075,0.0003,0.0006,558.2485711,0.105992725,0.994146826,-0.020919626
0.00075,0.0003,0.00065,553.9194301,0.123261796,0.991907432,-0.030433156
0.00075,0.0003,0.0007,548.7931891,0.033897153,0.996012545,0.082522678
0.00075,0.0003,0.00075,583.6066282,0.055076719,0.979392374,0.194311946
0.00075,0.0003,0.0008,610.7999477,0.075038524,0.981355052,0.176950509
0.00075,0.0003,0.00085,639.8107494,0.100748764,0.983622062,0.149456769
0.00075,0.0003,0.0009,663.6850602,0.105791521,0.959061612,0.262695599
0.00075,0.0003,0.00095,742.7414184,-0.047816567,0.987195391,-0.152180277
0.00075,0.00035,5.00E-05,632.5240496,0.14208675,0.159527673,-0.976914672
0.00075,0.00035,0.0001,622.353893,0.578858093,0.779207168,-0.240332058
0.00075,0.00035,0.00015,616.4448129,0.559296863,0.823736058,-0.092983473
0.00075,0.00035,0.0002,615.4043163,0.701942155,0.707219985,-0.084362935
0.00075,0.00035,0.00025,608.9385591,0.585855907,0.808373765,-0.057486628
0.00075,0.00035,0.0003,611.4089471,0.649996494,0.756267008,0.074597385
0.00075,0.00035,0.00035,613.6113459,0.566886189,0.815209288,-0.118633323
0.00075,0.00035,0.0004,603.2893295,0.438882869,0.851397453,-0.287235451
0.00075,0.00035,0.00045,590.5723489,0.299935055,0.945318696,-0.128107478
0.00075,0.00035,0.0005,594.8368254,0.080591176,0.984314075,0.156942235
0.00075,0.00035,0.00055,600.6578616,0.067160678,0.99719269,0.033108642
0.00075,0.00035,0.0006,596.9646175,-0.058902272,0.990114817,-0.127291679
0.00075,0.00035,0.00065,592.6578276,0.047466107,0.967435206,-0.248628418
0.00075,0.00035,0.0007,582.5037725,0.076355272,0.944619677,0.319160676
0.00075,0.00035,0.00075,608.5160794,-0.190912009,0.284304941,0.939533557
0.00075,0.00035,0.0008,647.9231737,0.380419834,0.3775214,0.844250166
0.00075,0.00035,0.00085,670.8049473,-0.144157173,0.310696268,0.939513991
0.00075,0.00035,0.0009,780.6132653,-0.264556217,0.440907984,0.857677187
0.00075,0.00035,0.00095,916.7038409,-0.675881668,0.32794104,-0.660029275
0.00075,0.0004,5.00E-05,634.0525698,0.245168756,0.04551946,-0.968411204
0.00075,0.0004,0.0001,627.9825001,0.898793963,0.412703014,-0.147802689
0.00075,0.0004,0.00015,627.4073822,0.893699722,0.447420206,0.033406089
0.00075,0.0004,0.0002,629.7558609,0.95588971,0.292255399,-0.029353771
0.00075,0.0004,0.00025,625.42172,0.823817246,0.522558705,-0.219676002
0.00075,0.0004,0.0003,619.0733562,0.857640152,0.510830056,-0.059211682
0.00075,0.0004,0.00035,623.0681289,0.821879086,0.54868799,0.153154357
0.00075,0.0004,0.0004,625.2806364,0.642184713,0.736847263,-0.211317073
0.00075,0.0004,0.00045,612.5636399,0.329036602,0.931692739,-0.15389462
0.00075,0.0004,0.0005,617.5388134,-0.099801746,0.969213459,0.225088609
0.00075,0.0004,0.00055,624.1749703,-0.159321951,0.985572766,0.057121258
0.00075,0.0004,0.0006,620.475358,-0.305844772,0.915076858,-0.26285608
0.00075,0.0004,0.00065,610.1878594,-0.189160642,0.8248716,-0.532733606
0.00075,0.0004,0.0007,595.7288482,-0.296956287,0.936422946,-0.186893097
0.00075,0.0004,0.00075,603.4026843,-0.663066027,0.258440607,0.702532487
0.00075,0.0004,0.0008,638.6535171,-0.336041637,-0.083943737,0.938098858
0.00075,0.0004,0.00085,683.6912202,-0.313720921,-0.139629763,0.939192586
0.00075,0.0004,0.0009,790.0948412,-0.232753713,-0.587286266,0.775190654
0.00075,0.0004,0.00095,816.3207781,-0.056977116,-0.807268292,-0.587427879
0.00075,0.00045,5.00E-05,641.3767526,0.664348199,0.182953469,-0.724685793
0.00075,0.00045,0.0001,640.908961,0.949665908,0.312763389,-0.017712303
0.00075,0.00045,0.00015,640.1960954,0.985287034,0.147697037,-0.085994456
0.00075,0.00045,0.0002,635.1741954,0.996479268,-0.003973964,-0.083745301
0.00075,0.00045,0.00025,634.3497819,0.992900756,0.103888899,-0.057923961
0.00075,0.00045,0.0003,631.7138099,0.837697569,0.545155556,0.032683378
0.00075,0.00045,0.00035,635.8494341,0.784477223,0.573878742,0.235071643
0.00075,0.00045,0.0004,639.9177186,0.787263709,0.614867912,0.046403707
0.00075,0.00045,0.00045,637.4420852,0.531391406,0.839315486,0.114772331
0.00075,0.00045,0.0005,644.8342809,0.061341474,0.938429174,0.339982219
0.00075,0.00045,0.00055,651.325135,0.214763591,0.976292954,0.026993853
0.00075,0.00045,0.0006,645.6577331,-0.306201017,0.823827194,-0.477021688
0.00075,0.00045,0.00065,630.9747141,-0.203009987,0.710411256,-0.673871496
0.00075,0.00045,0.0007,616.5007138,-0.307000066,0.939290457,-0.153246196
0.00075,0.00045,0.00075,624.3067762,-0.854013508,0.107680102,0.508985189
0.00075,0.00045,0.0008,640.7387286,-0.854982851,-0.318969655,0.408977608
0.00075,0.00045,0.00085,648.2901655,-0.430358281,-0.690584642,0.58127842
0.00075,0.00045,0.0009,680.1327997,0.011590122,-0.955727811,0.294023844
0.00075,0.00045,0.00095,702.2639369,0.171691512,-0.963149484,-0.207038877
0.00075,0.0005,5.00E-05,649.5421872,0.946190773,0.255765086,0.198260538
0.00075,0.0005,0.0001,648.8305149,0.978254188,0.084998138,-0.189193182
0.00075,0.0005,0.00015,637.2569461,0.94856113,-0.11675772,-0.294277789
0.00075,0.0005,0.0002,629.4784359,0.990617347,-0.109546251,-0.081712238
0.00075,0.0005,0.00025,631.6280573,0.970206499,0.092030253,0.224120015
0.00075,0.0005,0.0003,644.0874084,0.931336142,0.319931849,0.17394425
0.00075,0.0005,0.00035,643.0962733,0.952658871,0.300637945,0.045364105
0.00075,0.0005,0.0004,646.3839084,0.96768013,0.223669104,0.116478742
0.00075,0.0005,0.00045,648.5178359,0.923555505,0.324232794,0.20473965
0.00075,0.0005,0.0005,655.8592261,0.954604662,0.276975646,0.109610356
0.00075,0.0005,0.00055,653.9569576,0.667033725,0.744265607,-0.033685535
0.00075,0.0005,0.0006,655.620993,0.314389577,0.662522464,-0.679869972
0.00075,0.0005,0.00065,640.9258782,0.6239576,0.617665494,-0.478713119
0.00075,0.0005,0.0007,636.5985769,0.262491137,0.709665133,-0.653814807
0.00075,0.0005,0.00075,608.5304404,0.816736556,-0.024061069,-0.576508858
0.00075,0.0005,0.0008,619.9484016,0.357991791,-0.819000187,0.448420084
0.00075,0.0005,0.00085,636.8893099,0.56419088,-0.82040557,-0.092862001
0.00075,0.0005,0.0009,614.6524902,0.064304752,-0.997888272,-0.00915949
0.00075,0.0005,0.00095,636.0267803,-0.006085965,-0.95571896,0.294218
0.00075,0.00055,5.00E-05,657.8941509,0.739296221,0.146224207,0.657312391
0.00075,0.00055,0.0001,646.4283069,0.930905519,-0.005224066,-0.365222703
0.00075,0.00055,0.00015,632.5179603,0.956760778,0.019526813,-0.290219774
0.00075,0.00055,0.0002,627.6279125,0.98058393,0.158869741,0.114958954
0.00075,0.00055,0.00025,640.3486546,0.895643578,0.287961159,0.33897043
0.00075,0.00055,0.0003,652.8070484,0.956281047,0.246532963,0.15731515
0.00075,0.00055,0.00035,651.0688469,0.947676561,0.315357838,-0.049583968
0.00075,0.00055,0.0004,650.3285114,0.968004165,0.249217221,0.029303792
0.00075,0.00055,0.00045,652.4475262,0.987913028,0.034753227,0.151063108
0.00075,0.00055,0.0005,658.5784589,0.994874883,-0.046407002,0.089835164
0.00075,0.00055,0.00055,656.5887802,0.984153534,0.177193022,-0.006667423
0.00075,0.00055,0.0006,658.3563125,0.992296752,0.101129189,-0.071554478
0.00075,0.00055,0.00065,655.5186206,0.827308568,0.506852957,-0.242199531
0.00075,0.00055,0.0007,651.6634425,0.533830447,0.25423066,-0.806468738
0.00075,0.00055,0.00075,623.6118675,0.513366353,-0.029937622,-0.857647204
0.00075,0.00055,0.0008,588.943726,0.619843215,-0.713160933,-0.327407807
0.00075,0.00055,0.00085,601.5025111,0.556446602,-0.830505803,-0.025045753
0.00075,0.00055,0.0009,586.1637929,0.536657547,-0.832539443,-0.137392697
0.00075,0.00055,0.00095,588.9304735,0.335844548,-0.816186243,0.470157905
0.00075,0.0006,5.00E-05,662.3330234,0.506373415,-0.024009768,0.861979986
0.00075,0.0006,0.0001,648.4675394,0.956561239,-0.023597185,-0.290574894
0.00075,0.0006,0.00015,638.5218902,0.963225809,0.245655679,-0.10885462
0.00075,0.0006,0.0002,640.3002147,0.927507366,0.323697376,0.186949443
0.00075,0.0006,0.00025,653.0181625,0.936639629,0.246221615,0.249160833
0.00075,0.0006,0.0003,660.887321,0.994075254,0.075061295,0.078614193
0.00075,0.0006,0.00035,658.8599587,0.995282952,0.087984192,-0.040873306
0.00075,0.0006,0.0004,658.1090333,0.984743585,0.116122666,-0.12959783
0.00075,0.0006,0.00045,650.4157996,0.995209008,-0.044775088,-0.086915027
0.00075,0.0006,0.0005,653.7199393,0.969426873,-0.117084414,0.215645027
0.00075,0.0006,0.00055,659.8607064,0.816794371,-0.573569501,0.062168987
0.00075,0.0006,0.0006,657.1334682,0.774244449,-0.62761188,-0.081540547
0.00075,0.0006,0.00065,654.9321025,0.833715299,-0.526991814,-0.164919458
0.00075,0.0006,0.0007,646.6568402,0.567846206,-0.438687503,-0.69649405
0.00075,0.0006,0.00075,606.3411029,0.294565533,-0.47497962,-0.829231878
0.00075,0.0006,0.0008,571.7897173,0.44552504,-0.337136768,-0.829364961
0.00075,0.0006,0.00085,544.7079906,0.60016674,-0.714375005,-0.359816948
0.00075,0.0006,0.0009,538.4714599,0.44782685,-0.840735513,-0.304326978
0.00075,0.0006,0.00095,511.5040811,0.197873001,-0.717473084,0.667891196
0.00075,0.00065,5.00E-05,654.0791426,0.453761163,-0.072119034,0.888200232
0.00075,0.00065,0.0001,644.4946377,0.999443429,-0.001359846,-0.033331418
0.00075,0.00065,0.00015,650.9494214,0.970357275,0.216900351,0.106587976
0.00075,0.00065,0.0002,652.7277749,0.956550868,0.263718826,0.124349576
0.00075,0.00065,0.00025,660.6929057,0.995768188,0.064843415,0.065123328
0.00075,0.00065,0.0003,658.3848299,0.997655934,-0.053412727,-0.042775209
0.00075,0.00065,0.00035,657.0494104,0.999261973,-0.037904897,-0.006223243
0.00075,0.00065,0.0004,657.8946741,0.99587715,-0.008983959,-0.090266222
0.00075,0.00065,0.00045,650.1864434,0.998022814,0.00112325,-0.062842676
0.00075,0.00065,0.0005,653.4503491,0.867487906,-0.395157969,-0.302183574
0.00075,0.00065,0.00055,625.0956487,0.699621637,-0.645659872,-0.306027605
0.00075,0.00065,0.0006,620.4211936,0.74660947,-0.664630116,-0.029001857
0.00075,0.00065,0.00065,622.0410841,0.792703366,-0.609571559,0.006624877
0.00075,0.00065,0.0007,621.0583508,0.68835001,-0.56563282,-0.454129691
0.00075,0.00065,0.00075,580.7283767,0.34323534,-0.474504368,-0.81057702
0.00075,0.00065,0.0008,563.8898724,-0.027457716,-0.204402405,-0.978501779
0.00075,0.00065,0.00085,535.3529581,0.098703476,-0.191938809,-0.976430805
0.00075,0.00065,0.0009,494.4344759,0.242310708,-0.728165667,-0.64113983
0.00075,0.00065,0.00095,455.8738642,0.05110543,-0.393950119,0.917709942
0.00075,0.0007,5.00E-05,647.0176165,0.426023105,0.027197992,0.904303369
0.00075,0.0007,0.0001,648.3398539,0.953538771,0.283112973,0.103009014
0.00075,0.0007,0.00015,655.275847,0.948122616,0.269298039,0.168943985
0.00075,0.0007,0.0002,660.9640587,0.985669993,0.162937375,0.043658638
0.00075,0.0007,0.00025,658.6509024,0.998133414,0.027381571,-0.054588796
0.00075,0.0007,0.0003,656.337746,0.978850362,0.20203901,-0.032127973
0.00075,0.0007,0.00035,655.8744888,0.938212993,0.345816397,0.012938322
0.00075,0.0007,0.0004,657.4259803,0.914754881,0.398768699,-0.064861645
0.00075,0.0007,0.00045,650.4952375,0.894364926,-0.006833764,-0.447285903
0.00075,0.0007,0.0005,620.909329,0.764054497,-0.332307909,-0.552984792
0.00075,0.0007,0.00055,590.1754886,0.860649319,-0.356883932,-0.363203262
0.00075,0.0007,0.0006,587.1325838,0.833012327,-0.548852806,0.069649554
0.00075,0.0007,0.00065,596.3056696,0.861279951,-0.498483358,0.098545361
0.00075,0.0007,0.0007,595.2005631,0.652076596,-0.726276295,-0.217528977
0.00075,0.0007,0.00075,572.8751989,0.413355922,-0.751633542,-0.51398823
0.00075,0.0007,0.0008,562.3110992,0.177257017,-0.747201728,-0.640522854
0.00075,0.0007,0.00085,531.0550149,0.108962854,-0.594379247,-0.796768729
0.00075,0.0007,0.0009,448.2041817,0.15394349,-0.722647767,-0.673855775
0.00075,0.0007,0.00095,442.9725848,0.091706467,-0.297184959,0.950405716
0.00075,0.00075,5.00E-05,660.2558057,0.347659582,0.093385989,0.932958666
0.00075,0.00075,0.0001,667.1917988,0.951808245,0.283964465,0.11586737
0.00075,0.00075,0.00015,671.072503,0.985737205,0.167404324,-0.017261376
0.00075,0.00075,0.0002,665.3237397,0.992264666,0.079041681,-0.095724842
0.00075,0.00075,0.00025,663.0134498,0.964870641,0.236311829,0.114810127
0.00075,0.00075,0.0003,675.8445012,0.816579054,0.512371258,0.265846464
0.00075,0.00075,0.00035,686.1358144,0.763544319,0.628221627,0.149457888
0.00075,0.00075,0.0004,690.9662533,0.901680933,0.212168016,-0.37677079
0.00075,0.00075,0.00045,649.6285314,0.862983639,-0.117116122,-0.491470296
0.00075,0.00075,0.0005,617.2021015,0.90552464,-0.108008058,-0.410316203
0.00075,0.00075,0.00055,591.9065811,0.915543986,0.01595492,-0.401901294
0.00075,0.00075,0.0006,572.1141069,0.968120388,-0.204587731,-0.144522573
0.00075,0.00075,0.00065,581.2298943,0.770858831,-0.590153454,-0.239782325
0.00075,0.00075,0.0007,542.8297135,0.652933702,-0.71069523,-0.26189668
0.00075,0.00075,0.00075,532.6322865,0.69810835,-0.698478591,-0.15739247
0.00075,0.00075,0.0008,515.1045503,0.403450237,-0.777958722,-0.481672226
0.00075,0.00075,0.00085,450.2306619,0.233689351,-0.793657708,-0.561690956
0.00075,0.00075,0.0009,399.974246,0.298397645,-0.825904701,-0.478372523
0.00075,0.00075,0.00095,393.7063483,0.086602223,-0.332369039,0.939164989
0.00075,0.0008,5.00E-05,674.3925798,0.314628299,0.016427386,0.949072797
0.00075,0.0008,0.0001,674.8491088,0.986064834,-0.166114319,-0.009065069
0.00075,0.0008,0.00015,673.3926633,0.974311403,-0.214604801,-0.068279356
0.00075,0.0008,0.0002,667.6185603,0.967682052,-0.240275139,0.076546091
0.00075,0.0008,0.00025,680.3056158,0.873875315,-0.263151243,0.408770542
0.00075,0.0008,0.0003,700.9019462,0.843281175,-0.314787806,0.435643774
0.00075,0.0008,0.00035,719.4362842,0.941599096,-0.241249591,-0.234925045
0.00075,0.0008,0.0004,677.9840437,0.813761045,-0.328182453,-0.479676181
0.00075,0.0008,0.00045,632.9174277,0.827793875,-0.405784309,-0.387422761
0.00075,0.0008,0.0005,605.7151063,0.881308588,-0.383113801,-0.276620657
0.00075,0.0008,0.00055,591.965419,0.925111151,-0.235937954,-0.297493933
0.00075,0.0008,0.0006,572.0185495,0.834416615,0.232558531,-0.49966533
0.00075,0.0008,0.00065,524.2307746,0.798218569,-0.250646642,-0.547743897
0.00075,0.0008,0.0007,463.3237939,0.803430467,-0.441782258,-0.399159018
0.00075,0.0008,0.00075,449.8360667,0.849093741,-0.495990367,-0.181750857
0.00075,0.0008,0.0008,429.2225399,0.587144133,-0.606913311,-0.535647272
0.00075,0.0008,0.00085,368.3782754,0.29874579,-0.843092826,-0.447152592
0.00075,0.0008,0.0009,350.6155994,0.233739693,-0.961129719,-0.146953801
0.00075,0.0008,0.00095,350.8593429,-0.041961324,-0.312368805,0.949033707
0.00075,0.00085,5.00E-05,665.8637052,0.340373589,-0.08032,0.93685352
0.00075,0.00085,0.0001,648.8686673,0.78770561,-0.598518891,-0.145928093
0.00075,0.00085,0.00015,648.3465941,0.748671359,-0.661292869,-0.046721921
0.00075,0.00085,0.0002,643.6242564,0.857482594,-0.510764407,-0.061994524
0.00075,0.00085,0.00025,641.5868462,0.626676162,-0.778574538,0.033146308
0.00075,0.00085,0.0003,647.5694334,0.50527643,-0.848959178,0.154803241
0.00075,0.00085,0.00035,662.6009265,0.802448,-0.591893679,-0.075756718
0.00075,0.00085,0.0004,631.7722142,0.696135652,-0.612748326,-0.374078393
0.00075,0.00085,0.00045,573.9344738,0.628388517,-0.675395149,-0.385965366
0.00075,0.00085,0.0005,560.4844294,0.622742743,-0.780034221,-0.061139929
0.00075,0.00085,0.00055,565.1823498,0.919216499,-0.144967593,0.366094831
0.00075,0.00085,0.0006,603.6397471,0.806722248,0.549353736,-0.217737657
0.00075,0.00085,0.00065,531.4913656,0.595189846,0.579966201,-0.5562268
0.00075,0.00085,0.0007,460.4909448,0.626139198,0.650265857,-0.430237167
0.00075,0.00085,0.00075,439.5714133,0.681594883,0.704528484,-0.197656345
0.00075,0.00085,0.0008,422.8090781,0.364008998,0.659016063,-0.658175719
0.00075,0.00085,0.00085,302.019629,0.588009769,0.322407351,-0.741820741
0.00075,0.00085,0.0009,285.3942448,-0.269384245,-0.958447079,-0.093868659
0.00075,0.00085,0.00095,287.1370791,-0.183108922,-0.360958062,0.914429002
0.00075,0.0009,5.00E-05,643.3799608,0.321069158,-0.067200815,0.944668538
0.00075,0.0009,0.0001,603.0032995,0.857731249,-0.392396808,-0.33214733
0.00075,0.0009,0.00015,599.1643045,0.681629195,-0.728309938,0.070329755
0.00075,0.0009,0.0002,611.9259216,0.799347067,-0.595361689,-0.081170961
0.00075,0.0009,0.00025,587.6372439,0.782768875,-0.594821703,-0.18292083
0.00075,0.0009,0.0003,585.6582583,0.742324873,-0.667542116,0.057804029
0.00075,0.0009,0.00035,596.0112678,0.689670777,-0.689922131,-0.219912874
0.00075,0.0009,0.0004,532.7465174,0.517261027,-0.74633196,-0.418843212
0.00075,0.0009,0.00045,508.1719758,0.391465984,-0.873860852,-0.288308158
0.00075,0.0009,0.0005,494.0539328,0.574128815,-0.521102378,0.631528634
0.00075,0.0009,0.00055,574.8766158,0.473429225,0.11997315,0.872623179
0.00075,0.0009,0.0006,657.0211545,0.657252511,0.419603283,0.626060876
0.00075,0.0009,0.00065,673.4890756,0.417377978,0.881599397,-0.22040446
0.00075,0.0009,0.0007,602.2527642,0.348302148,0.898993446,-0.265511578
0.00075,0.0009,0.00075,584.1497331,0.286136143,0.951597206,-0.112200113
0.00075,0.0009,0.0008,566.9499472,0.226065392,0.863960284,-0.449963405
0.00075,0.0009,0.00085,428.1009953,0.093589889,0.594824806,-0.798388616
0.00075,0.0009,0.0009,198.6571442,-0.579410484,0.384775441,-0.718492416
0.00075,0.0009,0.00095,200.6743438,-0.392840104,0.087873207,0.915398794
0.00075,0.00095,5.00E-05,637.2432605,0.110652242,-0.967924603,0.225561618
0.00075,0.00095,0.0001,596.6325634,0.123695361,-0.989721435,-0.071770038
0.00075,0.00095,0.00015,555.9470914,0.110274692,-0.993353203,-0.032998578
0.00075,0.00095,0.0002,559.0771448,0.116618248,-0.993176795,0.000194281
0.00075,0.00095,0.00025,556.169695,0.122647036,-0.992423231,-0.007337295
0.00075,0.00095,0.0003,550.8631364,0.134852563,-0.989435028,-0.053226975
0.00075,0.00095,0.00035,496.6034552,0.096582346,-0.993087226,-0.066705416
0.00075,0.00095,0.0004,475.252378,0.080515071,-0.996066515,-0.036997585
0.00075,0.00095,0.00045,456.6574075,0.080456914,-0.996314452,0.02973547
0.00075,0.00095,0.0005,505.4434627,0.024274123,-0.990450045,0.135718371
0.00075,0.00095,0.00055,587.5880014,0.074115393,-0.984298808,0.16019602
0.00075,0.00095,0.0006,669.7325401,0.073674316,-0.985877658,0.150390622
0.00075,0.00095,0.00065,750.5603435,0.092435129,-0.991899793,0.087123745
0.00075,0.00095,0.0007,762.9842826,0.088733478,-0.995983389,-0.011977467
0.00075,0.00095,0.00075,738.9834293,0.077477408,-0.996043839,-0.043519223
0.00075,0.00095,0.0008,722.4332483,0.090592502,-0.976966296,-0.193209356
0.00075,0.00095,0.00085,576.4094319,0.08776574,-0.883840714,-0.459480976
0.00075,0.00095,0.0009,407.1884185,0.05937022,-0.800679967,-0.596143244
0.00075,0.00095,0.00095,329.8280027,0.053467371,-0.795688328,0.603341798
0.0008,0,5.00E-05,-490.570657,0.023956527,-0.941780063,-0.335375011
0.0008,0,0.0001,-500.7057296,0.031669359,-0.999307911,-0.019512833
0.0008,0,0.00015,-514.5565763,0.038719594,-0.99892714,-0.025403976
0.0008,0,0.0002,-529.420428,0.016726752,-0.999800253,-0.010939365
0.0008,0,0.00025,-526.722939,0.005061553,-0.999897645,0.013382116
0.0008,0,0.0003,-514.6959603,0.028299845,-0.99955451,0.009481585
0.0008,0,0.00035,-516.6174558,0.038220394,-0.999249871,-0.006236752
0.0008,0,0.0004,-520.9460578,0.0528458,-0.997981257,0.035224038
0.0008,0,0.00045,-482.1572878,0.032187884,-0.996929114,0.071388246
0.0008,0,0.0005,-454.3075695,0.007934545,-0.998676992,0.050806583
0.0008,0,0.00055,-433.9423254,0.002724446,-0.9988516,0.047833656
0.0008,0,0.0006,-403.2574164,0.018813311,-0.997868537,0.062485541
0.0008,0,0.00065,-361.7390422,0.033450578,-0.997128083,0.06794589
0.0008,0,0.0007,-321.2942728,0.03614692,-0.998033046,0.051219513
0.0008,0,0.00075,-300.5731432,0.042954065,-0.997406667,0.057748496
0.0008,0,0.0008,-258.0879875,0.008046848,-0.993946155,0.109573212
0.0008,0,0.00085,-184.4080579,0.002827511,-0.989680894,0.143261069
0.0008,0,0.0009,-123.6081677,0.023430695,-0.992086051,0.123354249
0.0008,0,0.00095,-96.13973155,0.031759134,-0.822385631,-0.568043336
0.0008,5.00E-05,5.00E-05,-432.2731507,-0.265789541,0.318881464,-0.909763998
0.0008,5.00E-05,0.0001,-528.8088886,0.260969928,0.541189302,-0.799380283
0.0008,5.00E-05,0.00015,-471.6973652,0.213662355,0.850501765,0.480619545
0.0008,5.00E-05,0.0002,-461.7434143,0.199694033,0.973826009,0.10855965
0.0008,5.00E-05,0.00025,-455.3613725,0.20190401,0.94081401,0.272220076
0.0008,5.00E-05,0.0003,-414.0252826,0.328217491,0.925428513,0.189355081
0.0008,5.00E-05,0.00035,-415.8559682,0.319288418,0.940887657,-0.113072201
0.0008,5.00E-05,0.0004,-437.92612,0.181872966,0.982757663,-0.033310664
0.0008,5.00E-05,0.00045,-422.0028258,0.56613139,0.807366025,-0.166298981
0.0008,5.00E-05,0.0005,-457.733473,0.848453976,0.476474913,-0.230428966
0.0008,5.00E-05,0.00055,-441.2804874,0.892521534,0.441073359,0.094125462
0.0008,5.00E-05,0.0006,-444.4645623,0.833431803,0.298649163,0.464973233
0.0008,5.00E-05,0.00065,-404.8073207,0.184191769,-0.262687704,0.947137035
0.0008,5.00E-05,0.0007,-371.8872761,0.014342792,-0.552874402,0.833141153
0.0008,5.00E-05,0.00075,-322.9338773,0.139307933,-0.704040783,0.696361886
0.0008,5.00E-05,0.0008,-300.5541371,0.420005964,-0.47583938,0.772768966
0.0008,5.00E-05,0.00085,-212.763883,0.212966864,-0.529548739,0.821110984
0.0008,5.00E-05,0.0009,-153.6340059,0.058704034,-0.451580195,0.890297234
0.0008,5.00E-05,0.00095,-109.0000349,0.010251035,-0.266381698,-0.963813108
0.0008,0.0001,5.00E-05,-343.4234166,-0.446132682,0.520795882,-0.727830529
0.0008,0.0001,0.0001,-474.0150999,-0.155927006,0.956774314,-0.245498841
0.0008,0.0001,0.00015,-395.8778732,0.295152584,0.818929233,0.492178691
0.0008,0.0001,0.0002,-382.879659,0.261147688,0.947837751,0.182771666
0.0008,0.0001,0.00025,-361.8053197,0.271539329,0.917586353,0.290347511
0.0008,0.0001,0.0003,-321.6225691,0.401530126,0.890866182,0.212440588
0.0008,0.0001,0.00035,-317.7356553,0.339246072,0.937322091,-0.079620346
0.0008,0.0001,0.0004,-339.5965861,0.012166451,0.950986092,-0.308994224
0.0008,0.0001,0.00045,-385.9944383,0.192523356,0.87776636,-0.438703744
0.0008,0.0001,0.0005,-414.4457314,0.34206553,0.937436095,0.06484397
0.0008,0.0001,0.00055,-371.7640066,0.503221901,0.85419377,0.130846176
0.0008,0.0001,0.0006,-379.8309481,0.505406065,0.861668099,-0.045747102
0.0008,0.0001,0.00065,-381.8682949,0.235968438,0.971305885,0.02972834
0.0008,0.0001,0.0007,-375.6256798,-0.037760641,0.993926068,0.103368782
0.0008,0.0001,0.00075,-372.6928845,0.285280726,0.720883868,0.631618046
0.0008,0.0001,0.0008,-325.9261437,0.784339613,0.157586445,0.599981569
0.0008,0.0001,0.00085,-279.1594029,0.659323465,-0.130754235,0.740402525
0.0008,0.0001,0.0009,-176.23969,-0.294196878,0.058577462,0.953948048
0.0008,0.0001,0.00095,-173.1508948,-0.390974632,-0.357339548,-0.848202384
0.0008,0.00015,5.00E-05,-216.9911135,-0.322629913,0.881321957,-0.345226806
0.0008,0.00015,0.0001,-324.3799124,-0.065902243,0.965240242,-0.252919296
0.0008,0.00015,0.00015,-320.0583812,0.243488258,0.962391446,0.120483079
0.0008,0.00015,0.0002,-285.0461548,0.251779591,0.951318784,0.17776279
0.0008,0.00015,0.00025,-261.7703559,0.273880858,0.947029412,0.167703814
0.0008,0.00015,0.0003,-229.2198555,0.309996975,0.932664184,0.184497685
0.0008,0.00015,0.00035,-204.2587562,0.140610811,0.990055864,0.004241013
0.0008,0.00015,0.0004,-227.8472632,-0.087025207,0.974161424,-0.208413371
0.0008,0.00015,0.00045,-272.2433067,-0.074267345,0.995012385,-0.066593652
0.0008,0.00015,0.0005,-252.0070145,-0.022794696,0.990425315,0.136154681
0.0008,0.00015,0.00055,-215.3072635,-0.013970933,0.999887884,-0.005388181
0.0008,0.00015,0.0006,-254.145558,0.059896357,0.989689118,-0.130107169
0.0008,0.00015,0.00065,-267.409744,0.200775208,0.975611999,-0.088716083
0.0008,0.00015,0.0007,-283.6625779,0.149815556,0.988704726,0.004273556
0.0008,0.00015,0.00075,-266.2103653,0.238788516,0.97083832,0.021283844
0.0008,0.00015,0.0008,-275.9873677,0.363905983,0.928770072,0.070417252
0.0008,0.00015,0.00085,-239.1983387,0.310668104,0.884618021,0.347758949
0.0008,0.00015,0.0009,-147.1245221,-0.113592439,0.974659469,0.192706193
0.0008,0.00015,0.00095,-179.4329391,-0.307149118,0.928661095,-0.207961513
0.0008,0.0002,5.00E-05,26.60853882,-0.208367657,0.91372292,-0.348845731
0.0008,0.0002,0.0001,-80.66957102,-0.03910457,0.982157808,-0.183948017
0.0008,0.0002,0.00015,-81.68875992,0.13803974,0.990283447,0.016844156
0.0008,0.0002,0.0002,-70.94433548,0.150050846,0.986648402,0.063321987
0.0008,0.0002,0.00025,-46.552218,0.168702065,0.98291909,0.073550502
0.0008,0.0002,0.0003,-30.89258467,0.188138731,0.977442602,0.095967592
0.0008,0.0002,0.00035,2.693258953,0.072014741,0.997246158,0.017719436
0.0008,0.0002,0.0004,-21.82461995,-0.070271418,0.996140807,-0.052587273
0.0008,0.0002,0.00045,-25.01030228,-0.096381141,0.994631923,0.037656507
0.0008,0.0002,0.0005,-0.277830348,-0.105985772,0.990577363,0.086738132
0.0008,0.0002,0.00055,25.08678305,-0.088974857,0.995541181,0.03132462
0.0008,0.0002,0.0006,16.4981591,-0.059406333,0.988168088,-0.141402678
0.0008,0.0002,0.00065,-57.26921621,-0.000873092,0.980511316,-0.196460675
0.0008,0.0002,0.0007,-98.14449639,0.032132304,0.997206603,0.067427781
0.0008,0.0002,0.00075,-22.59691373,-0.028608568,0.973412615,0.22726511
0.0008,0.0002,0.0008,30.34964253,-0.072123627,0.9908698,0.113908835
0.0008,0.0002,0.00085,48.63775626,0.056732731,0.986339406,0.154647899
0.0008,0.0002,0.0009,126.0386733,-0.158706866,0.975295423,0.153658607
0.0008,0.0002,0.00095,138.8413786,-0.172459201,0.973115289,-0.15265798
0.0008,0.00025,5.00E-05,357.9684399,-0.068200737,0.943052942,-0.325576117
0.0008,0.00025,0.0001,253.8543033,0.088928974,0.984027415,-0.154213113
0.0008,0.00025,0.00015,251.6971592,0.101583099,0.994747207,0.012604276
0.0008,0.00025,0.0002,262.4321357,0.108262093,0.993593228,0.032431727
0.0008,0.00025,0.00025,273.4758974,0.11976455,0.992683725,0.015345194
0.0008,0.00025,0.0003,272.3518325,0.116552615,0.991850326,0.051462798
0.0008,0.00025,0.00035,306.0844114,0.023801172,0.998851654,0.04157978
0.0008,0.00025,0.0004,296.9308129,-0.005787966,0.999865086,-0.015372331
0.0008,0.00025,0.00045,296.878112,-0.019402566,0.999050436,0.039009826
0.0008,0.00025,0.0005,320.1178109,-0.065102477,0.997195797,0.03690814
0.0008,0.00025,0.00055,317.8576429,-0.028600366,0.999588229,0.002321761
0.0008,0.00025,0.0006,321.3850577,-0.001081934,0.999718274,-0.02371079
0.0008,0.00025,0.00065,304.7577957,0.009079496,0.98936391,-0.145177877
0.0008,0.00025,0.0007,229.1149257,0.037952794,0.998803485,-0.030841273
0.0008,0.00025,0.00075,284.1504714,-0.030690338,0.982836798,0.181906383
0.0008,0.00025,0.0008,343.6685463,-0.01820142,0.98952591,0.143203287
0.0008,0.00025,0.00085,371.1032717,0.063848033,0.989168093,0.132173798
0.0008,0.00025,0.0009,425.4121014,-0.010534421,0.988621266,0.150056714
0.0008,0.00025,0.00095,454.3824967,0.04159195,0.991700598,-0.121655385
0.0008,0.0003,5.00E-05,607.4518273,0.13533946,0.948445082,-0.286592317
0.0008,0.0003,0.0001,597.4430199,0.126804119,0.991467123,-0.030226801
0.0008,0.0003,0.00015,595.2858758,0.146266361,0.989241019,-0.002891014
0.0008,0.0003,0.0002,596.2790567,0.149419002,0.988773913,-0.000332045
0.0008,0.0003,0.00025,595.1549918,0.153414259,0.988155425,0.003594537
0.0008,0.0003,0.0003,597.5762627,0.1422878,0.989809881,-0.005529955
0.0008,0.0003,0.00035,593.14263,0.138412343,0.988421498,-0.062168856
0.0008,0.0003,0.0004,576.9822421,0.118390702,0.990156141,-0.0746623
0.0008,0.0003,0.00045,568.8139409,0.119235046,0.992304584,-0.033385884
0.0008,0.0003,0.0005,566.5537728,0.110946804,0.993803875,0.006683133
0.0008,0.0003,0.00055,570.6747756,0.080110565,0.996754055,0.007978203
0.0008,0.0003,0.0006,568.8271526,0.101849055,0.994794994,0.003112926
0.0008,0.0003,0.00065,571.5369095,0.131274824,0.991345042,0.001388816
0.0008,0.0003,0.0007,569.229624,0.111703641,0.99142804,0.067769736
0.0008,0.0003,0.00075,596.3341638,0.105715929,0.974585285,0.197503581
0.0008,0.0003,0.0008,631.1881481,0.103024598,0.974459347,0.199536745
0.0008,0.0003,0.00085,660.3937768,0.126194943,0.981713151,0.142527631
0.0008,0.0003,0.0009,674.7086426,0.095585922,0.991927402,0.08332683
0.0008,0.0003,0.00095,688.6232026,-0.071597241,0.983466823,-0.166333528
0.0008,0.00035,5.00E-05,659.719013,0.228364042,0.274957962,-0.933942173
0.0008,0.00035,0.0001,652.9087977,0.666377237,0.736779937,-0.114440826
0.0008,0.00035,0.00015,649.9796164,0.662759862,0.74879301,-0.007641551
0.0008,0.00035,0.0002,652.1820064,0.677986953,0.706332936,-0.203537406
0.0008,0.00035,0.00025,630.0840335,0.826139571,0.515990563,-0.226378328
0.0008,0.00035,0.0003,632.5456196,0.793081025,0.606382476,0.057643561
0.0008,0.00035,0.00035,633.5083654,0.709378838,0.67562819,-0.200769054
0.0008,0.00035,0.0004,619.5729097,0.499466484,0.794431101,-0.345561076
0.0008,0.00035,0.00045,606.8359928,0.496251825,0.805892498,-0.322910835
0.0008,0.00035,0.0005,596.8300421,0.440240039,0.891681666,-0.10532101
0.0008,0.00035,0.00055,601.8815809,0.286582717,0.958054316,0.001507822
0.0008,0.00035,0.0006,596.8963843,0.254390744,0.937757069,-0.236425525
0.0008,0.00035,0.00065,592.0442961,0.501874035,0.852403478,-0.146733647
0.0008,0.00035,0.0007,591.8829496,0.812198354,0.580415073,-0.058755231
0.0008,0.00035,0.00075,589.8860212,0.028140843,-0.282966399,0.958716908
0.0008,0.00035,0.0008,656.5106173,-0.119218646,-0.315336529,0.941461517
0.0008,0.00035,0.00085,670.8671945,0.272799085,-0.102668107,0.956577189
0.0008,0.00035,0.0009,761.4568169,0.153859729,0.368651735,0.91674592
0.0008,0.00035,0.00095,852.0464392,-0.077134953,0.762519558,-0.642350467
0.0008,0.0004,5.00E-05,666.0790975,0.367277723,0.084974671,-0.926221561
0.0008,0.0004,0.0001,660.1460976,0.925485487,0.378735722,0.005988885
0.0008,0.0004,0.00015,666.5039135,0.925237637,0.373606421,0.065981492
0.0008,0.0004,0.0002,665.3224121,0.902478457,0.275259771,-0.331307551
0.0008,0.0004,0.00025,639.9127669,0.749138945,0.478455791,-0.458116685
0.0008,0.0004,0.0003,633.5985839,0.930660059,0.35677166,-0.081153177
0.0008,0.0004,0.00035,636.7984043,0.902031751,0.41356897,0.123690856
0.0008,0.0004,0.0004,638.3009605,0.68287926,0.692436743,-0.232824555
0.0008,0.0004,0.00045,625.5735921,0.509464806,0.687047469,-0.518084343
0.0008,0.0004,0.0005,608.499423,0.183605971,0.928456559,-0.322888938
0.0008,0.0004,0.00055,612.8279097,-0.237103644,0.971341017,-0.016688067
0.0008,0.0004,0.0006,607.8457119,-0.265621581,0.920859086,-0.285418499
0.0008,0.0004,0.00065,600.6608989,-0.243253611,0.863128166,-0.442535253
0.0008,0.0004,0.0007,590.5501986,0.141887436,0.63221871,-0.761687244
0.0008,0.0004,0.00075,577.2592333,-0.725292592,0.353990581,0.590458571
0.0008,0.0004,0.0008,604.0640207,-0.519610909,-0.491441254,0.698920595
0.0008,0.0004,0.00085,649.1300463,-0.230819506,-0.233348268,0.944600943
0.0008,0.0004,0.0009,747.5663903,-0.173365536,-0.419534603,0.891030363
0.0008,0.0004,0.00095,809.3938244,0.12616591,-0.813462506,-0.567768364
0.0008,0.00045,5.00E-05,673.4114998,0.734532945,0.23509849,-0.636545405
0.0008,0.00045,0.0001,679.7740637,0.936006714,0.343321715,0.077599171
0.0008,0.00045,0.00015,679.2894166,0.994668672,0.07558473,-0.070151139
0.0008,0.00045,0.0002,674.2746901,0.973114609,-0.00948883,-0.230125879
0.0008,0.00045,0.00025,663.2163114,0.773194934,0.390405953,-0.499752725
0.0008,0.00045,0.0003,646.2372131,0.562658877,0.781041453,-0.270904479
0.0008,0.00045,0.00035,649.2310882,0.555256229,0.820857087,0.133731682
0.0008,0.00045,0.0004,652.9562974,0.584412144,0.808961321,-0.063592668
0.0008,0.00045,0.00045,646.3567218,0.426204631,0.821603619,-0.378572458
0.0008,0.00045,0.0005,633.4798341,-0.038254483,0.994568805,-0.096796109
0.0008,0.00045,0.00055,639.9313087,-0.606733544,0.79171632,0.071131396
0.0008,0.00045,0.0006,636.1513817,-0.372893528,0.892798696,-0.252707154
0.0008,0.00045,0.00065,625.7777548,-0.202544266,0.917272356,-0.342909967
0.0008,0.00045,0.0007,611.3068942,-0.150934741,0.90231307,-0.403794289
0.0008,0.00045,0.00075,597.9878017,-0.447007409,0.891327318,-0.075630597
0.0008,0.00045,0.0008,605.9751449,-0.727286593,0.523083637,0.444339645
0.0008,0.00045,0.00085,635.4172728,-0.510958219,0.022636543,0.859307445
0.0008,0.00045,0.0009,685.9978838,-0.147039414,-0.760771873,0.632143629
0.0008,0.00045,0.00095,735.2966138,0.087441552,-0.993616904,-0.071270072
0.0008,0.0005,5.00E-05,686.5855179,0.774433374,0.239498091,0.585571186
0.0008,0.0005,0.0001,686.1517423,0.982163357,0.044947071,-0.182578479
0.0008,0.0005,0.00015,672.4292438,0.948125718,-0.160505178,-0.274400639
0.0008,0.0005,0.0002,664.6596663,0.968918727,-0.188150377,-0.160611136
0.0008,0.0005,0.00025,661.8155948,0.951586021,0.235895829,0.19707157
0.0008,0.0005,0.0003,673.9192131,0.715474113,0.647764663,0.26172072
0.0008,0.0005,0.00035,678.0407478,0.846773001,0.531695873,0.016582597
0.0008,0.0005,0.0004,674.8657301,0.846309628,0.490435854,-0.207924713
0.0008,0.0005,0.00045,667.8427334,0.654140252,0.756331172,-0.007980575
0.0008,0.0005,0.0005,674.519798,0.142537585,0.856624317,-0.495860683
0.0008,0.0005,0.00055,642.5631313,0.11976366,0.882720346,-0.4543803
0.0008,0.0005,0.0006,657.8493397,0.045654766,0.820847048,0.569320443
0.0008,0.0005,0.00065,667.1190475,0.306604791,0.947037509,-0.095464442
0.0008,0.0005,0.0007,652.6492391,0.159246427,0.904170433,-0.396379116
0.0008,0.0005,0.00075,640.0953601,0.378365067,0.923240904,-0.066828953
0.0008,0.0005,0.0008,648.1265843,0.05729542,0.91910333,0.389828557
0.0008,0.0005,0.00085,651.2380673,0.255592208,0.403593739,-0.878512787
0.0008,0.0005,0.0009,627.3636551,0.365699691,-0.89677297,-0.249122411
0.0008,0.0005,0.00095,633.9198353,-0.023378728,-0.898454722,0.438443324
0.0008,0.00055,5.00E-05,694.774303,0.720162547,0.158222402,0.675523188
0.0008,0.00055,0.0001,683.2590476,0.931219851,0.035536672,-0.362721291
0.0008,0.00055,0.00015,666.7180556,0.955455103,0.01225853,-0.294881799
0.0008,0.00055,0.0002,661.8411683,0.98122643,0.154283261,0.115721084
0.0008,0.00055,0.00025,674.3000434,0.873950536,0.350185292,0.33701739
0.0008,0.00055,0.0003,686.3948314,0.938851707,0.335304161,0.078285325
0.0008,0.00055,0.00035,679.5797232,0.966094547,0.212746776,-0.146287849
0.0008,0.00055,0.0004,677.010542,0.974815551,0.222877521,-0.007762226
0.0008,0.00055,0.00045,679.1412321,0.967140412,0.254224977,0.003014183
0.0008,0.00055,0.0005,677.1516206,0.975589028,0.10246747,-0.19423302
0.0008,0.00055,0.00055,672.3168516,0.680717775,0.72464843,-0.107275175
0.0008,0.00055,0.0006,671.5561376,0.827825898,0.54648886,0.126705205
0.0008,0.00055,0.00065,677.3644,0.90403814,0.425937775,0.035945128
0.0008,0.00055,0.0007,672.9499479,0.813603326,0.448339241,-0.370191238
0.0008,0.00055,0.00075,660.4682048,0.790976494,0.010807724,-0.611751076
0.0008,0.00055,0.0008,632.2464355,0.888431247,-0.420377365,-0.184317092
0.0008,0.00055,0.00085,644.9558798,0.68576753,-0.72118093,-0.098086493
0.0008,0.00055,0.0009,623.6569555,0.600561678,-0.677431915,-0.424748951
0.0008,0.00055,0.00095,613.9396234,-0.010648627,-0.790543017,0.612313927
0.0008,0.0006,5.00E-05,702.8216531,0.463883096,0.093894104,0.880906562
0.0008,0.0006,0.0001,688.9004799,0.909565567,0.208276047,-0.359599177
0.0008,0.0006,0.00015,673.3196064,0.936260175,0.294331877,-0.191795806
0.0008,0.0006,0.0002,674.7682288,0.90827995,0.375099784,0.185277316
0.0008,0.0006,0.00025,687.3286156,0.898487814,0.331877527,0.287362062
0.0008,0.0006,0.0003,696.5326289,0.96360338,0.260357238,0.060684711
0.0008,0.0006,0.00035,691.6883428,0.944162306,0.303148304,-0.129068373
0.0008,0.0006,0.0004,687.4561658,0.922866532,0.337586602,-0.185344681
0.0008,0.0006,0.00045,679.7417145,0.965350198,0.205348928,-0.161030473
0.0008,0.0006,0.0005,678.1199943,0.990798152,-0.134722597,0.012994021
0.0008,0.0006,0.00055,680.3608602,0.998337498,0.044088144,0.037127834
0.0008,0.0006,0.0006,679.6197869,0.994568565,0.07007321,0.076961778
0.0008,0.0006,0.00065,683.6352345,0.988404052,0.038304507,-0.146936021
0.0008,0.0006,0.0007,673.11225,0.743421255,-0.039299135,-0.667667893
0.0008,0.0006,0.00075,640.8144636,0.598534585,-0.471126611,-0.647916713
0.0008,0.0006,0.0008,612.7471725,0.712574601,-0.510098735,-0.481701898
0.0008,0.0006,0.00085,588.0839163,0.578346457,-0.766229548,-0.280013672
0.0008,0.0006,0.0009,577.8958414,0.22033326,-0.895317601,-0.387117099
0.0008,0.0006,0.00095,542.1020275,0.060158538,-0.740696506,0.669140969
0.0008,0.00065,5.00E-05,710.4212623,0.395117968,0.002116776,0.91862795
0.0008,0.00065,0.0001,700.3463216,0.971394606,0.026624326,-0.235973863
0.0008,0.00065,0.00015,688.4055579,0.956954607,0.257253183,-0.134382588
0.0008,0.00065,0.0002,690.2028504,0.936756546,0.31913436,0.143667789
0.0008,0.00065,0.00025,699.4359825,0.952378006,0.235023173,0.19426848
0.0008,0.00065,0.0003,705.0994857,0.996733266,0.078797912,0.017711165
0.0008,0.00065,0.00035,700.897993,0.99185745,0.100143846,-0.078676615
0.0008,0.00065,0.0004,698.7701179,0.980838074,0.143941281,-0.131291967
0.0008,0.00065,0.00045,691.0468843,0.917672877,0.151826459,-0.367185534
0.0008,0.00065,0.0005,670.7322899,0.92996447,-0.142235989,-0.33902066
0.0008,0.00065,0.00055,674.0978085,0.87130333,-0.488422948,0.047681565
0.0008,0.00065,0.0006,674.5374346,0.876155575,-0.478380686,0.059188917
0.0008,0.00065,0.00065,679.060839,0.900365175,-0.432588448,-0.047008355
0.0008,0.00065,0.0007,670.4295043,0.739814046,-0.279439967,-0.61203634
0.0008,0.00065,0.00075,616.5743002,0.502533863,-0.406254414,-0.763162543
0.0008,0.00065,0.0008,576.4073666,0.508158732,-0.474142414,-0.71900186
0.0008,0.00065,0.00085,549.5886804,0.479394445,-0.572216303,-0.66539422
0.0008,0.00065,0.0009,517.3108538,0.266274625,-0.732938746,-0.626018066
0.0008,0.00065,0.00095,475.654693,0.195618234,-0.390421989,0.899613349
0.0008,0.0007,5.00E-05,703.3394056,0.435037398,0.019065033,0.900210524
0.0008,0.0007,0.0001,691.3844554,0.993433948,0.043062335,-0.10599352
0.0008,0.0007,0.00015,692.7376001,0.881439696,0.464331136,0.086375103
0.0008,0.0007,0.0002,699.2705026,0.951254871,0.264666306,0.158322191
0.0008,0.0007,0.00025,705.3503476,0.984985583,0.167032006,0.043631528
0.0008,0.0007,0.0003,703.0371912,0.991765564,0.113392892,-0.059524094
0.0008,0.0007,0.00035,699.744704,0.954504139,0.293907076,-0.050403158
0.0008,0.0007,0.0004,698.2563788,0.92771085,0.361751514,-0.092132624
0.0008,0.0007,0.00045,691.334993,0.892924816,0.337578067,-0.297869639
0.0008,0.0007,0.0005,671.009016,0.869144716,0.129100802,-0.477410144
0.0008,0.0007,0.00055,641.3831132,0.939274141,-0.18035153,-0.291954472
0.0008,0.0007,0.0006,639.5072447,0.941021623,-0.335924534,0.040410549
0.0008,0.0007,0.00065,645.8325246,0.833062707,-0.551614619,0.041567272
0.0008,0.0007,0.0007,644.5825121,0.771066748,-0.469696039,-0.429932204
0.0008,0.0007,0.00075,590.763647,0.637236663,-0.274793469,-0.720012489
0.0008,0.0007,0.0008,568.5738188,0.298340949,-0.68502754,-0.664627676
0.0008,0.0007,0.00085,537.2629337,0.168846618,-0.58089538,-0.796273432
0.0008,0.0007,0.0009,491.3343075,0.508105519,-0.605756653,-0.612280703
0.0008,0.0007,0.00095,458.2943007,0.176326839,-0.22764848,0.957645558
0.0008,0.00075,5.00E-05,715.3577427,0.40091639,0.108562132,0.909659448
0.0008,0.00075,0.0001,704.6535519,0.941267044,0.314974736,0.121685112
0.0008,0.00075,0.00015,730.7989923,0.955504838,0.289941077,0.054264883
0.0008,0.00075,0.0002,711.2875086,0.958605813,0.207785039,-0.194679922
0.0008,0.00075,0.00025,713.8557745,0.990495815,0.128292856,0.049588146
0.0008,0.00075,0.0003,715.7781891,0.916426807,0.365439236,0.163144328
0.0008,0.00075,0.00035,728.7755042,0.769688225,0.613094717,0.178030627
0.0008,0.00075,0.0004,731.7901878,0.730111877,0.680294713,-0.0643098
0.0008,0.00075,0.00045,721.9265406,0.879505993,0.299483796,-0.369835998
0.0008,0.00075,0.0005,684.2402302,0.844252112,0.099651464,-0.526600377
0.0008,0.00075,0.00055,654.6379502,0.91695812,0.12351045,-0.379384996
0.0008,0.00075,0.0006,637.5503979,0.943636952,-0.123824176,-0.306947676
0.0008,0.00075,0.00065,611.7099742,0.896526285,-0.388298441,-0.213225095
0.0008,0.00075,0.0007,610.2673824,0.79499807,-0.583934763,-0.164311476
0.0008,0.00075,0.00075,587.5655082,0.582913284,-0.397305711,-0.708773783
0.0008,0.00075,0.0008,521.26452,0.219986352,-0.747295807,-0.627020719
0.0008,0.00075,0.00085,493.2411075,0.340004064,-0.786108821,-0.51616873
0.0008,0.00075,0.0009,439.1836573,0.561431261,-0.692729108,-0.452682362
0.0008,0.00075,0.00095,425.2575102,0.190249243,-0.372279487,0.908412466
0.0008,0.0008,5.00E-05,736.6835652,0.320558611,0.0954346,0.942408836
0.0008,0.0008,0.0001,731.3532192,0.994906976,0.071866654,-0.070677386
0.0008,0.0008,0.00015,728.1832964,0.946054948,-0.298096123,-0.126959585
0.0008,0.0008,0.0002,717.3542738,0.975988597,-0.185128552,-0.114776645
0.0008,0.0008,0.00025,716.9684917,0.913483352,-0.351649867,0.204671778
0.0008,0.0008,0.0003,736.4570145,0.808451056,-0.399658414,0.432064858
0.0008,0.0008,0.00035,754.8861814,0.835126237,0.371259071,0.40587051
0.0008,0.0008,0.0004,770.7074475,0.981624519,-0.021175598,-0.189644134
0.0008,0.0008,0.00045,729.8397407,0.852411935,-0.283232266,-0.439514933
0.0008,0.0008,0.0005,683.7424033,0.846652,-0.333493026,-0.414683967
0.0008,0.0008,0.00055,656.583193,0.884961173,-0.1732251,-0.432246212
0.0008,0.0008,0.0006,622.1898917,0.884723802,0.222500109,-0.409582098
0.0008,0.0008,0.00065,596.1481646,0.904013124,0.096741,-0.416414997
0.0008,0.0008,0.0007,558.7772271,0.901351657,-0.304946485,-0.307526961
0.0008,0.0008,0.00075,540.8727701,0.713725262,-0.32092554,-0.622577745
0.0008,0.0008,0.0008,456.1561154,0.523113029,-0.346675498,-0.778568467
0.0008,0.0008,0.00085,412.2563488,0.821665825,-0.158917866,-0.547366773
0.0008,0.0008,0.0009,387.300617,0.49285849,-0.771520701,-0.402301276
0.0008,0.0008,0.00095,345.1144946,0.108810289,-0.401192649,0.909507987
0.0008,0.00085,5.00E-05,754.4708504,0.340498311,-0.003599339,0.940238239
0.0008,0.00085,0.0001,713.2968523,0.931472553,-0.140954693,-0.335396269
0.0008,0.00085,0.00015,697.9300178,0.892521054,-0.428872319,-0.139551789
0.0008,0.00085,0.0002,693.1986321,0.937966711,-0.319672214,-0.134268854
0.0008,0.00085,0.00025,681.0350491,0.891466029,-0.44378671,-0.091332771
0.0008,0.00085,0.0003,680.7044647,0.726770649,-0.48347411,0.487911066
0.0008,0.00085,0.00035,760.1051614,0.875196032,-0.379424968,0.300114309
0.0008,0.00085,0.0004,728.993511,0.73886338,-0.570653415,-0.358379109
0.0008,0.00085,0.00045,665.8845164,0.657883765,-0.66069251,-0.361489084
0.0008,0.00085,0.0005,625.3265762,0.714375837,-0.680249104,-0.164098506
0.0008,0.00085,0.00055,629.9704351,0.915879323,-0.233192046,0.326782092
0.0008,0.00085,0.0006,670.3809353,0.794977436,0.606191465,-0.023297716
0.0008,0.00085,0.00065,626.4419234,0.625657827,0.619552512,-0.474032666
0.0008,0.00085,0.0007,555.4558069,0.768515177,0.521039415,-0.371352058
0.0008,0.00085,0.00075,534.6665154,0.551111094,0.603105945,-0.576662623
0.0008,0.00085,0.0008,463.9951033,0.534246469,0.779605738,-0.326795967
0.0008,0.00085,0.00085,473.2501811,0.748763067,0.436309588,-0.498986787
0.0008,0.00085,0.0009,310.4211266,0.473717813,-0.49894231,-0.725705178
0.0008,0.00085,0.00095,271.1413588,0.072005553,-0.245077698,0.966825797
0.0008,0.0009,5.00E-05,734.9909436,0.291396444,-0.10145266,0.951207375
0.0008,0.0009,0.0001,707.5911907,0.948481449,-0.062151518,-0.310676888
0.0008,0.0009,0.00015,666.4171926,0.957416154,-0.230768651,-0.173493913
0.0008,0.0009,0.0002,677.1301125,0.952566513,-0.29617872,-0.069965734
0.0008,0.0009,0.00025,656.2592262,0.972851276,-0.204863657,-0.107662792
0.0008,0.0009,0.0003,658.1059483,0.966413839,-0.158371307,0.202392738
0.0008,0.0009,0.00035,693.8358773,0.738314947,-0.659469941,-0.141387537
0.0008,0.0009,0.0004,620.6782423,0.601750865,-0.622066524,-0.500928274
0.0008,0.0009,0.00045,540.3679963,0.56475031,-0.724455922,-0.395247649
0.0008,0.0009,0.0005,534.8652307,0.566314759,-0.700103058,0.434906084
0.0008,0.0009,0.00055,624.4323548,0.266985989,-0.028141205,0.963289445
0.0008,0.0009,0.0006,713.999479,0.366028493,0.278312894,0.888011866
0.0008,0.0009,0.00065,746.3533235,0.166233749,0.974572536,-0.150248837
0.0008,0.0009,0.0007,687.546151,0.429783549,0.833902835,-0.346254477
0.0008,0.0009,0.00075,636.5274769,0.305113386,0.895276839,-0.324630871
0.0008,0.0009,0.0008,602.6711627,0.265667111,0.920528937,-0.286439281
0.0008,0.0009,0.00085,546.5400619,0.474443717,0.497878939,-0.72596124
0.0008,0.0009,0.0009,248.3452317,0.533214539,0.521543961,-0.666088697
0.0008,0.0009,0.00095,232.5536957,0.101958363,0.295034684,0.950031066
0.0008,0.00095,5.00E-05,703.8049086,0.090744381,-0.971319673,0.219780686
0.0008,0.00095,0.0001,699.5785395,0.134016665,-0.990249465,-0.038020122
0.0008,0.00095,0.00015,657.4129655,0.16668969,-0.985148582,-0.041192453
0.0008,0.00095,0.0002,650.1979617,0.147322833,-0.989034723,-0.010310128
0.0008,0.00095,0.00025,644.8353576,0.15788123,-0.98745768,0.000920663
0.0008,0.00095,0.0003,651.3009229,0.165671668,-0.984922616,-0.049803008
0.0008,0.00095,0.00035,585.5321572,0.150112778,-0.984397197,-0.091805838
0.0008,0.00095,0.0004,538.4128705,0.125160352,-0.989891223,-0.06671021
0.0008,0.00095,0.00045,508.5964348,0.124960087,-0.991051648,-0.046921289
0.0008,0.00095,0.0005,490.0014643,0.046267982,-0.992114029,0.11648617
0.0008,0.00095,0.00055,624.737269,-0.027743242,-0.978953749,0.202187711
0.0008,0.00095,0.0006,708.5923365,-0.025984601,-0.987850446,0.153219768
0.0008,0.00095,0.00065,798.0285228,-0.025334576,-0.994668489,0.09996377
0.0008,0.00095,0.0007,819.955159,0.031626068,-0.999078746,-0.029007771
0.0008,0.00095,0.00075,768.7373263,0.065690932,-0.995316868,-0.070915678
0.0008,0.00095,0.0008,753.1873511,0.074657114,-0.995360738,-0.060690326
0.0008,0.00095,0.00085,716.2540894,0.176670573,-0.95038656,-0.256032996
0.0008,0.00095,0.0009,556.2708067,0.377075399,-0.726625211,-0.574308232
0.0008,0.00095,0.00095,422.2704841,0.15641484,-0.901084387,0.404451883
0.00085,0,5.00E-05,-472.6263859,0.018479127,-0.952183869,-0.30496623
0.00085,0,0.0001,-479.1559737,0.035815833,-0.999288104,-0.011853748
0.00085,0,0.00015,-487.5974255,0.043604803,-0.998772886,-0.023480716
0.00085,0,0.0002,-507.4327817,0.054280782,-0.998190363,-0.025876562
0.00085,0,0.00025,-517.7986095,0.051409597,-0.99858241,0.013792169
0.00085,0,0.0003,-491.4552136,0.040848165,-0.998894693,0.023255534
0.00085,0,0.00035,-491.3534425,0.044832311,-0.998994436,0.000425354
0.00085,0,0.0004,-491.0001177,0.050720304,-0.998560829,0.01742759
0.00085,0,0.00045,-473.3619646,0.019051072,-0.999112845,0.037557693
0.00085,0,0.0005,-453.9259055,0.002808485,-0.999099995,0.042323891
0.00085,0,0.00055,-431.663682,0.010986742,-0.997425489,0.070863858
0.00085,0,0.0006,-389.5961373,0.015775647,-0.996607966,0.080769369
0.00085,0,0.00065,-347.8262437,0.007450405,-0.997859643,0.064966338
0.00085,0,0.0007,-317.256451,-0.00296372,-0.999024986,0.044048756
0.00085,0,0.00075,-296.9462194,0.010700497,-0.997932742,0.063369886
0.00085,0,0.0008,-246.5772127,0.025555661,-0.993097284,0.114475731
0.00085,0,0.00085,-175.638173,0.016538067,-0.989846048,0.141178235
0.00085,0,0.0009,-115.7601126,0.018399707,-0.992247588,0.122907184
0.00085,0,0.00095,-82.20566205,0.045497416,-0.806713652,-0.589188483
0.00085,5.00E-05,5.00E-05,-487.6421991,-0.030477007,0.09651804,-0.994864523
0.00085,5.00E-05,0.0001,-501.9213835,0.858538859,0.389274544,0.333730965
0.00085,5.00E-05,0.00015,-447.0079432,0.571007269,0.700543833,0.428005884
0.00085,5.00E-05,0.0002,-426.21269,0.606496469,0.777255302,0.167440225
0.00085,5.00E-05,0.00025,-411.4973229,0.491353285,0.855986232,0.160808957
0.00085,5.00E-05,0.0003,-387.7613901,0.349313574,0.930854428,0.107191699
0.00085,5.00E-05,0.00035,-387.659619,0.242426539,0.963633152,-0.112430071
0.00085,5.00E-05,0.0004,-411.2726657,0.285204221,0.955405322,-0.076545569
0.00085,5.00E-05,0.00045,-400.6653034,0.23500683,0.961552072,-0.14208942
0.00085,5.00E-05,0.0005,-432.7575685,0.559985812,0.757105885,0.33646184
0.00085,5.00E-05,0.00055,-347.8626456,0.517323251,0.831952893,0.200576762
0.00085,5.00E-05,0.0006,-394.1206649,0.668921174,0.670284749,-0.321345327
0.00085,5.00E-05,0.00065,-388.7748067,0.401536723,-0.076204468,0.912667047
0.00085,5.00E-05,0.0007,-359.038669,0.574213178,-0.18182191,0.798260621
0.00085,5.00E-05,0.00075,-312.2064707,0.138772398,0.095658873,0.985693462
0.00085,5.00E-05,0.0008,-265.3742723,0.239814854,0.200481608,0.949892605
0.00085,5.00E-05,0.00085,-204.9129422,-0.149332853,0.010489322,0.988731345
0.00085,5.00E-05,0.0009,-154.0840852,-0.137690402,-0.61550755,0.776010187
0.00085,5.00E-05,0.00095,-101.735062,0.034053311,-0.259326308,-0.965189224
0.00085,0.0001,5.00E-05,-433.8018038,-0.004929044,0.618288718,-0.785935599
0.00085,0.0001,0.0001,-431.7588691,0.553197626,0.792959655,0.255318179
0.00085,0.0001,0.00015,-363.6803011,0.628755787,0.685635937,0.366837187
0.00085,0.0001,0.0002,-342.5929541,0.675350405,0.711046145,0.195742716
0.00085,0.0001,0.00025,-313.122303,0.599565357,0.76802583,0.22507267
0.00085,0.0001,0.0003,-284.4482109,0.494942731,0.863453276,0.097365977
0.00085,0.0001,0.00035,-289.8393416,0.379442485,0.898560943,-0.220480456
0.00085,0.0001,0.0004,-328.669361,0.32922199,0.920008725,-0.212595453
0.00085,0.0001,0.00045,-327.9686423,0.661958755,0.74857321,-0.038062525
0.00085,0.0001,0.0005,-335.109451,0.634481452,0.742426131,0.21502727
0.00085,0.0001,0.00055,-271.4054174,0.687323255,0.71085476,0.149238915
0.00085,0.0001,0.0006,-304.258666,0.471424461,0.809803184,-0.349253177
0.00085,0.0001,0.00065,-350.7554662,0.311241765,0.929829132,-0.196332242
0.00085,0.0001,0.0007,-334.6966212,0.525121645,0.70723356,0.473358162
0.00085,0.0001,0.00075,-287.8563441,0.472996568,0.523220164,0.708882858
0.00085,0.0001,0.0008,-223.9321484,0.2440249,0.53464715,0.809076185
0.00085,0.0001,0.00085,-174.4575099,0.434770896,0.717140676,0.544686625
0.00085,0.0001,0.0009,-197.597652,-0.812385537,-0.581663735,0.04119513
0.00085,0.0001,0.00095,-171.8258028,0.010138957,-0.423750853,-0.905722042
0.00085,0.00015,5.00E-05,-283.1551108,0.137758603,0.974388079,-0.177736996
0.00085,0.00015,0.0001,-284.1400926,0.380682316,0.924682152,0.006625151
0.00085,0.00015,0.00015,-280.3526589,0.533193679,0.839028047,0.108334839
0.00085,0.00015,0.0002,-242.5579903,0.529632378,0.829554137,0.177001349
0.00085,0.00015,0.00025,-213.0873393,0.5266016,0.834496356,0.16219305
0.00085,0.00015,0.0003,-181.2852696,0.4656078,0.884836578,0.016541055
0.00085,0.00015,0.00035,-207.4377567,0.313026997,0.925429925,-0.213526468
0.00085,0.00015,0.0004,-246.2677761,0.179573962,0.957370511,-0.226262892
0.00085,0.00015,0.00045,-274.0084723,0.361076631,0.932044244,0.03028522
0.00085,0.00015,0.0005,-237.4613336,0.349241813,0.910994758,0.219359767
0.00085,0.00015,0.00055,-200.9141949,0.331174536,0.938996406,0.092785648
0.00085,0.00015,0.0006,-210.1340144,0.216779127,0.966302141,-0.138805554
0.00085,0.00015,0.00065,-244.6207075,0.122891626,0.97695786,-0.174502114
0.00085,0.00015,0.0007,-265.062535,0.155498806,0.986230712,0.056294803
0.00085,0.00015,0.00075,-230.4521935,0.063577997,0.955861178,0.286857539
0.00085,0.00015,0.0008,-190.4389761,0.089570783,0.962851688,0.254742424
0.00085,0.00015,0.00085,-170.2406413,-0.09605284,0.995369286,-0.003719799
0.00085,0.00015,0.0009,-191.2430548,-0.404677579,0.901340857,-0.154339617
0.00085,0.00015,0.00095,-212.2454682,-0.140150055,0.9079033,-0.395056401
0.00085,0.0002,5.00E-05,-39.66177296,-0.003673438,0.990536794,-0.137198272
0.00085,0.0002,0.0001,-40.61650481,0.176646631,0.984268584,-0.003364748
0.00085,0.0002,0.00015,-41.63662277,0.164599773,0.986094603,0.022898675
0.00085,0.0002,0.0002,-27.33985241,0.217978048,0.972858338,0.077667395
0.00085,0.0002,0.00025,2.130798618,0.231756784,0.969328662,0.081796933
0.00085,0.0002,0.0003,17.76694265,0.183120172,0.982881963,-0.020249664
0.00085,0.0002,0.00035,-8.203268187,0.04137808,0.990921164,-0.127918342
0.00085,0.0002,0.0004,-46.99329995,-0.092910795,0.991324604,-0.092968348
0.00085,0.0002,0.00045,-56.9455434,-0.065476878,0.99744737,0.028487242
0.00085,0.0002,0.0005,-31.55103421,-0.046880489,0.991343973,0.122635018
0.00085,0.0002,0.00055,5.148716857,-0.112049098,0.991656108,0.063742942
0.00085,0.0002,0.0006,0.006513432,-0.178971262,0.979512954,-0.092323677
0.00085,0.0002,0.00065,-43.23569544,-0.107278203,0.981481681,-0.15869813
0.00085,0.0002,0.0007,-86.47790431,-0.079016059,0.996842648,0.007822931
0.00085,0.0002,0.00075,-39.19715517,-0.229567223,0.958275676,0.170313298
0.00085,0.0002,0.0008,3.649868197,-0.325437601,0.93441064,0.144800291
0.00085,0.0002,0.00085,40.70339603,-0.35518037,0.931613972,0.077086397
0.00085,0.0002,0.0009,47.70985478,-0.43551321,0.900180154,-0.001983416
0.00085,0.0002,0.00095,39.40291984,-0.354992093,0.926484831,-0.124925862
0.00085,0.00025,5.00E-05,294.5648793,-0.096664119,0.973555594,-0.206991676
0.00085,0.00025,0.0001,293.5503207,0.048433839,0.99881506,-0.004758156
0.00085,0.00025,0.00015,291.3850232,0.041954203,0.998954304,0.018169857
0.00085,0.00025,0.0002,305.6707872,0.036219631,0.998286724,0.045953841
0.00085,0.00025,0.00025,321.4474893,0.054524979,0.998236328,0.023478908
0.00085,0.00025,0.0003,320.3115905,-0.224264329,0.973545874,-0.043748625
0.00085,0.00025,0.00035,294.228337,-0.322517204,0.943885381,-0.071155041
0.00085,0.00025,0.0004,273.4727374,-0.378489267,0.924756456,-0.039640542
0.00085,0.00025,0.00045,266.6843476,-0.362471716,0.931904223,-0.012991303
0.00085,0.00025,0.0005,264.4896707,-0.358999936,0.93266959,0.035305557
0.00085,0.00025,0.00055,290.0301196,-0.391438201,0.918145619,0.061520381
0.00085,0.00025,0.0006,303.2029774,-0.437363249,0.899284869,0.000336115
0.00085,0.00025,0.00065,290.2493099,-0.434468672,0.897491177,-0.075806068
0.00085,0.00025,0.0007,249.5513606,-0.361803212,0.932066147,-0.018738549
0.00085,0.00025,0.00075,276.6559004,-0.439015389,0.892568871,0.102889738
0.00085,0.00025,0.0008,325.1672066,-0.468289635,0.875784875,0.11707122
0.00085,0.00025,0.00085,362.2385083,-0.439328073,0.892367216,0.103303416
0.00085,0.00025,0.0009,398.9826284,-0.43180873,0.8962266,0.101582984
0.00085,0.00025,0.00095,435.7267486,-0.303708164,0.941545945,-0.14578266
0.00085,0.0003,5.00E-05,629.0446191,0.047335883,0.974566268,-0.219043155
0.00085,0.0003,0.0001,626.8874751,0.057260772,0.998296746,-0.01117191
0.00085,0.0003,0.00015,624.730331,0.044596878,0.999000603,-0.002985475
0.00085,0.0003,0.0002,625.7276677,0.039086414,0.999235777,-0.00033678
0.00085,0.0003,0.00025,624.6036028,0.041041648,0.999137863,-0.00625416
0.00085,0.0003,0.0003,623.4795378,-0.485994158,0.873458987,-0.02964923
0.00085,0.0003,0.00035,613.1231751,-0.549577968,0.83301333,-0.063661989
0.00085,0.0003,0.0004,595.5680933,-0.580533493,0.812263933,-0.056640682
0.00085,0.0003,0.00045,587.4361678,-0.573266789,0.819025389,-0.023719213
0.00085,0.0003,0.0005,585.1759997,-0.543722618,0.839195418,-0.010805797
0.00085,0.0003,0.00055,582.9158317,-0.603646526,0.797245825,0.003156947
0.00085,0.0003,0.0006,586.455959,-0.690692001,0.722829816,0.021485271
0.00085,0.0003,0.00065,591.9621733,-0.762673008,0.646751631,0.006496944
0.00085,0.0003,0.0007,589.6660589,-0.718825431,0.693570868,0.047428364
0.00085,0.0003,0.00075,616.7705987,-0.740471715,0.663394152,0.107748955
0.00085,0.0003,0.0008,643.8751384,-0.741066451,0.658765957,0.129799573
0.00085,0.0003,0.00085,678.344094,-0.688226522,0.717022523,0.110557476
0.00085,0.0003,0.0009,696.0676156,-0.466609211,0.881208733,0.075809061
0.00085,0.0003,0.00095,713.7911373,-0.115237591,0.983337585,-0.140596908
0.00085,0.00035,5.00E-05,681.2164399,0.301329934,0.261137673,-0.917064549
0.00085,0.00035,0.0001,679.0654042,0.764554704,0.644340867,-0.016761649
0.00085,0.00035,0.00015,679.4801994,0.749398772,0.661720711,0.022960421
0.00085,0.00035,0.0002,681.6768795,0.724159314,0.689558893,0.010090687
0.00085,0.00035,0.00025,680.5991122,0.844471387,0.490349494,-0.215465657
0.00085,0.00035,0.0003,658.522148,0.822666009,0.471098936,-0.318255291
0.00085,0.00035,0.00035,659.4479212,0.414687915,0.851441796,-0.32106199
0.00085,0.00035,0.0004,641.8409983,0.239219384,0.853780541,-0.462420668
0.00085,0.00035,0.00045,625.5237606,0.296304648,0.86000753,-0.415440253
0.00085,0.00035,0.0005,615.5461832,0.541971085,0.802840957,-0.248422506
0.00085,0.00035,0.00055,613.2671255,-0.635992237,0.748632678,-0.187251136
0.00085,0.00035,0.0006,607.5494061,-0.977123058,0.210243144,-0.032067902
0.00085,0.00035,0.00065,609.8053105,-0.996152734,0.07680923,0.042190901
0.00085,0.00035,0.0007,612.3385173,-0.994264434,0.106768302,0.006226163
0.00085,0.00035,0.00075,610.4130701,-0.877370694,-0.366447808,0.309736451
0.00085,0.00035,0.0008,637.6684095,-0.675105767,-0.401786158,0.618708402
0.00085,0.00035,0.00085,700.733768,0.030365679,-0.168891632,0.985166759
0.00085,0.00035,0.0009,811.0210248,0.096625942,0.293357105,0.951107269
0.00085,0.00035,0.00095,904.4869264,0.019456285,0.680638547,-0.732360991
0.00085,0.0004,5.00E-05,693.2342685,0.487499332,0.148078994,-0.860474877
0.00085,0.0004,0.0001,693.6309518,0.938962775,0.336915683,0.069546595
0.00085,0.0004,0.00015,699.9932072,0.913983729,0.396173344,0.087638036
0.00085,0.0004,0.0002,702.1898785,0.92706951,0.257600265,-0.272367817
0.00085,0.0004,0.00025,677.2983618,0.85183591,-0.031668146,-0.522850563
0.00085,0.0004,0.0003,654.7886908,0.927114805,0.041815067,-0.37243743
0.00085,0.0004,0.00035,657.3608254,0.97990575,0.15619252,0.124050871
0.00085,0.0004,0.0004,658.2032439,0.684614139,0.616021829,-0.389641613
0.00085,0.0004,0.00045,641.8693596,0.541801753,0.598102129,-0.590529172
0.00085,0.0004,0.0005,624.7864553,0.71577115,0.491646165,-0.495939219
0.00085,0.0004,0.00055,614.8870591,0.852875572,0.364818798,-0.373511049
0.00085,0.0004,0.0006,609.1522635,0.854758139,0.400398341,-0.330257008
0.00085,0.0004,0.00065,600.6808291,0.975468595,0.128218135,-0.17894449
0.00085,0.0004,0.0007,600.0881208,0.988675555,-0.061421935,-0.136923313
0.00085,0.0004,0.00075,586.8029167,0.984869554,-0.132447116,-0.111757432
0.00085,0.0004,0.0008,585.2213265,0.831453846,-0.380810743,0.404558623
0.00085,0.0004,0.00085,648.6254643,0.605911671,-0.397008593,0.689387571
0.00085,0.0004,0.0009,758.9127211,0.48667876,-0.557724167,0.672374551
0.00085,0.0004,0.00095,834.4283711,0.611276822,-0.746604232,-0.262531461
0.00085,0.00045,5.00E-05,705.4462469,0.938079034,0.337435624,-0.078389572
0.00085,0.00045,0.0001,711.8088109,0.883575445,0.43390978,0.176115689
0.00085,0.00045,0.00015,718.1713748,0.979823163,0.15973173,-0.120134691
0.00085,0.00045,0.0002,703.1412297,0.807514882,-0.123809258,-0.576707017
0.00085,0.00045,0.00025,677.728105,0.706030399,-0.016026895,-0.708000151
0.00085,0.00045,0.0003,660.7606164,0.718065895,0.642719947,-0.267006442
0.00085,0.00045,0.00035,663.7471869,0.63582208,0.761713876,0.124588335
0.00085,0.00045,0.0004,666.3329437,0.672897126,0.731821928,-0.107917205
0.00085,0.00045,0.00045,659.3690867,0.541974371,0.692767945,-0.475748207
0.00085,0.00045,0.0005,642.2949138,0.426376888,0.704894279,-0.566856952
0.00085,0.00045,0.00055,628.5374825,0.213370387,0.906110068,-0.365291148
0.00085,0.00045,0.0006,624.7728133,0.198183985,0.950305688,-0.240087916
0.00085,0.00045,0.00065,616.299992,0.211237942,0.928841267,-0.304355768
0.00085,0.00045,0.0007,606.1130746,0.786721969,0.552963618,-0.274408054
0.00085,0.00045,0.00075,592.7939821,0.778463788,0.54701392,-0.307847205
0.00085,0.00045,0.0008,579.4748895,0.890831052,0.443944942,0.096607068
0.00085,0.00045,0.00085,600.7073401,0.545038083,-0.061507564,0.836152084
0.00085,0.00045,0.0009,656.9004216,0.320681345,-0.674964626,0.664519547
0.00085,0.00045,0.00095,717.7062244,0.329233256,-0.917997757,0.221100841
0.00085,0.0005,5.00E-05,718.6202651,0.521777061,0.234604789,0.820188571
0.00085,0.0005,0.0001,724.982829,0.984509643,0.119820142,-0.127999599
0.00085,0.0005,0.00015,711.5176697,0.883361868,-0.21508047,-0.416427907
0.00085,0.0005,0.0002,693.5073914,0.837675441,-0.166011667,-0.520326802
0.00085,0.0005,0.00025,676.3389981,0.910784671,0.405428292,-0.078097266
0.00085,0.0005,0.0003,688.4426164,0.548179539,0.80692417,0.219937668
0.00085,0.0005,0.00035,691.4291757,0.48456529,0.874700649,-0.00975981
0.00085,0.0005,0.0004,687.8925759,0.549684765,0.782789415,-0.29169743
0.00085,0.0005,0.00045,676.8727003,0.513192425,0.720967465,-0.46566023
0.00085,0.0005,0.0005,663.1259717,0.065488933,0.936963668,-0.343235028
0.00085,0.0005,0.00055,658.3508873,0.178188622,0.980285044,-0.08538177
0.00085,0.0005,0.0006,657.5901733,0.037096276,0.999252626,-0.010865366
0.00085,0.0005,0.00065,657.6271307,-0.121241322,0.9835093,-0.134201335
0.00085,0.0005,0.0007,647.4554195,0.400418212,0.881450294,-0.250420916
0.00085,0.0005,0.00075,634.136327,0.390374237,0.879368777,-0.272614212
0.00085,0.0005,0.0008,621.5861115,0.229111305,0.968139646,0.101062535
0.00085,0.0005,0.00085,642.9300221,0.338405223,0.900355351,0.273572928
0.00085,0.0005,0.0009,640.07482,0.662405461,-0.701615716,-0.262591686
0.00085,0.0005,0.00095,632.868945,0.122735023,-0.849455351,0.513187802
0.00085,0.00055,5.00E-05,731.7942833,0.432964462,0.143039631,0.889989572
0.00085,0.00055,0.0001,718.4575348,0.902793556,-0.027195197,-0.429213485
0.00085,0.00055,0.00015,701.9146547,0.919659114,-0.05864957,-0.388313457
0.00085,0.00055,0.0002,691.9173798,0.975127001,0.21962017,0.02990505
0.00085,0.00055,0.00025,704.0209981,0.802122505,0.525181645,0.284224783
0.00085,0.00055,0.0003,716.1246164,0.777200579,0.615003778,0.133152591
0.00085,0.00055,0.00035,713.0433095,0.846124787,0.508045522,-0.161129119
0.00085,0.00055,0.0004,705.3962116,0.837553173,0.485507728,-0.2505732
0.00085,0.00055,0.00045,697.714461,0.722496686,0.636309693,-0.270385861
0.00085,0.00055,0.0005,692.8557961,0.285444162,0.947979597,-0.140912433
0.00085,0.00055,0.00055,692.0950821,0.346569949,0.937404527,-0.034088446
0.00085,0.00055,0.0006,691.3343681,0.346641608,0.937378647,-0.03407151
0.00085,0.00055,0.00065,690.5736541,0.363310059,0.929897188,-0.057419696
0.00085,0.00055,0.0007,688.7977645,0.767944048,0.612527652,-0.187274702
0.00085,0.00055,0.00075,676.2403349,0.842041147,0.401580459,-0.360138642
0.00085,0.00055,0.0008,663.7150566,0.926275376,0.334262176,-0.174019325
0.00085,0.00055,0.00085,661.5554941,0.591289663,-0.495479978,-0.636298771
0.00085,0.00055,0.0009,630.018345,-0.016054866,-0.71441264,-0.699540435
0.00085,0.00055,0.00095,587.6936862,-0.188149377,-0.72130718,0.666570149
0.00085,0.0006,5.00E-05,739.6367053,0.355766458,0.087903463,0.930431732
0.00085,0.0006,0.0001,723.0896397,0.908123065,0.192798099,-0.37167377
0.00085,0.0006,0.00015,707.5091332,0.949840297,0.260578496,-0.172922695
0.00085,0.0006,0.0002,708.9761998,0.890092417,0.421080498,0.174432518
0.00085,0.0006,0.00025,721.0683712,0.88339702,0.381799729,0.271732721
0.00085,0.0006,0.0003,730.1147727,0.943721861,0.3260261,0.055641991
0.00085,0.0006,0.00035,725.2561962,0.94630543,0.286093585,-0.150520743
0.00085,0.0006,0.0004,717.5935751,0.919420956,0.318663991,-0.230474223
0.00085,0.0006,0.00045,706.3845539,0.894584372,0.359382708,-0.265636726
0.00085,0.0006,0.0005,700.9299926,0.915039891,0.303685992,-0.265474698
0.00085,0.0006,0.00055,700.1889193,0.987491876,0.13609084,-0.079618324
0.00085,0.0006,0.0006,699.447846,0.987362503,0.137056466,-0.079566402
0.00085,0.0006,0.00065,698.7067727,0.96807591,0.223859395,-0.112765261
0.00085,0.0006,0.0007,694.3360406,0.870991235,0.102308255,-0.480528136
0.00085,0.0006,0.00075,662.1053483,0.774202906,-0.38115759,-0.505300655
0.00085,0.0006,0.0008,649.7932479,0.7619275,-0.489756208,-0.423798703
0.00085,0.0006,0.00085,616.6907039,0.445593812,-0.627281221,-0.638720928
0.00085,0.0006,0.0009,564.6427127,0.090120019,-0.739447784,-0.667154672
0.00085,0.0006,0.00095,522.7354277,-0.042741379,-0.45625364,0.888822699
0.00085,0.00065,5.00E-05,750.7229467,0.318875252,0.079710333,0.9444389
0.00085,0.00065,0.0001,735.1230499,0.904127706,0.284735526,-0.318557329
0.00085,0.00065,0.00015,723.1823023,0.933033679,0.337338873,-0.125102517
0.00085,0.00065,0.0002,724.6494113,0.919401421,0.367726186,0.139565322
0.00085,0.00065,0.00025,733.7218798,0.926842421,0.306417835,0.216959066
0.00085,0.00065,0.0003,740.6625638,0.964919462,0.259287959,0.041233321
0.00085,0.00065,0.00035,736.8422507,0.961332826,0.252655809,-0.10956386
0.00085,0.00065,0.0004,731.4889901,0.934446936,0.294944724,-0.199540805
0.00085,0.00065,0.00045,720.2587963,0.821471233,0.360936181,-0.441486225
0.00085,0.00065,0.0005,699.9432039,0.903159381,0.16825683,-0.394959203
0.00085,0.00065,0.00055,694.6285011,0.874036373,-0.398259231,-0.278298408
0.00085,0.00065,0.0006,693.8874278,0.976270052,-0.177407398,0.124190985
0.00085,0.00065,0.00065,700.7215104,0.99905233,-0.01070782,0.04218749
0.00085,0.00065,0.0007,696.5904983,0.773683187,-0.004053293,-0.633559703
0.00085,0.00065,0.00075,642.640886,0.71826631,-0.173352704,-0.673826645
0.00085,0.00065,0.0008,611.2323475,0.658782084,-0.526791096,-0.537119453
0.00085,0.00065,0.00085,577.9300336,0.481583085,-0.552220415,-0.680536807
0.00085,0.00065,0.0009,525.8820424,0.358407412,-0.500896361,-0.787811502
0.00085,0.00065,0.00095,497.8651453,0.122783435,-0.176889288,0.976542067
0.00085,0.0007,5.00E-05,759.6611946,0.376314673,0.113075015,0.919565826
0.00085,0.0007,0.0001,747.7062445,0.91156445,0.372939605,-0.173107782
0.00085,0.0007,0.00015,735.7512944,0.868333529,0.489014034,-0.082838142
0.00085,0.0007,0.0002,736.7458389,0.957082345,0.275289056,0.090605304
0.00085,0.0007,0.00025,743.6842296,0.964981012,0.216508495,0.148107117
0.00085,0.0007,0.0003,749.7366364,0.97943725,0.199701473,0.02867047
0.00085,0.0007,0.00035,746.4105867,0.978180262,0.192089883,-0.079150824
0.00085,0.0007,0.0004,742.1058666,0.916776909,0.373062099,-0.142635092
0.00085,0.0007,0.00045,732.1747484,0.818757961,0.467524053,-0.333251647
0.00085,0.0007,0.0005,711.8487715,0.836790048,0.287953893,-0.465687632
0.00085,0.0007,0.00055,691.5227945,0.962949555,0.116654607,-0.243145754
0.00085,0.0007,0.0006,690.743954,0.991894092,0.107163809,0.068279042
0.00085,0.0007,0.00065,698.0206927,0.998182242,-0.0499736,0.033687549
0.00085,0.0007,0.0007,693.9644611,0.770507682,-0.342957787,-0.537306121
0.00085,0.0007,0.00075,640.145596,0.609475364,-0.256540014,-0.750151319
0.00085,0.0007,0.0008,586.326731,0.447934101,-0.502689879,-0.73936319
0.00085,0.0007,0.00085,547.4333464,0.33470799,-0.671054615,-0.661555942
0.00085,0.0007,0.0009,513.7368664,0.47434965,-0.472292413,-0.742921454
0.00085,0.0007,0.00095,482.0081012,0.147621989,-0.183066275,0.971953953
0.00085,0.00075,5.00E-05,783.3946932,0.313843911,0.129432588,0.94061108
0.00085,0.00075,0.0001,786.6340139,0.944647663,0.326587168,0.031330718
0.00085,0.00075,0.00015,787.8842865,0.890607677,0.337544821,-0.304764597
0.00085,0.00075,0.0002,748.7523075,0.937604706,0.207897973,-0.278703871
0.00085,0.00075,0.00025,752.712311,0.962483963,0.242868023,0.120994813
0.00085,0.00075,0.0003,759.6527487,0.970666315,0.238724153,0.028595185
0.00085,0.00075,0.00035,755.3612451,0.858354251,0.502255745,0.104724145
0.00085,0.00075,0.0004,768.7228267,0.771473549,0.632300184,0.070887516
0.00085,0.00075,0.00045,762.7069578,0.693108682,0.610219379,-0.383709089
0.00085,0.00075,0.0005,725.0799857,0.797553963,0.36177826,-0.482725767
0.00085,0.00075,0.00055,704.7540087,0.930157039,0.287635179,-0.228197033
0.00085,0.00075,0.0006,704.085865,0.988405502,0.121734736,-0.090748102
0.00085,0.00075,0.00065,695.9440678,0.914069147,-0.255827293,-0.314690308
0.00085,0.00075,0.0007,659.6493314,0.664124867,-0.452975261,-0.594770186
0.00085,0.00075,0.00075,605.8304664,0.498393139,-0.473489081,-0.726231622
0.00085,0.00075,0.0008,548.1976845,0.581015501,-0.465036241,-0.667953802
0.00085,0.00075,0.00085,504.2979179,0.577828423,-0.623616869,-0.526513356
0.00085,0.00075,0.0009,484.2896954,0.582321278,-0.680890222,-0.444173879
0.00085,0.00075,0.00095,451.5456148,0.151499059,-0.282922197,0.947102458
0.00085,0.0008,5.00E-05,805.7709627,0.268850107,0.101518218,0.957817139
0.00085,0.0008,0.0001,794.5051575,0.955142408,0.16758624,-0.244167633
0.00085,0.0008,0.00015,777.7075254,0.948267851,-0.104571499,-0.299754707
0.00085,0.0008,0.0002,762.9822252,0.986424163,0.119554833,-0.112578918
0.00085,0.0008,0.00025,765.5642469,0.990696873,0.105270797,0.086242475
0.00085,0.0008,0.0003,771.851008,0.953316065,0.068791613,0.294034341
0.00085,0.0008,0.00035,789.9105722,0.794539756,0.487073028,0.362583013
0.00085,0.0008,0.0004,807.6279183,0.807164403,0.578452292,0.117807349
0.00085,0.0008,0.00045,801.5807336,0.902159423,-0.000875427,-0.431401911
0.00085,0.0008,0.0005,755.2815412,0.792952545,-0.059835694,-0.60633815
0.00085,0.0008,0.00055,717.985223,0.871866577,-0.119771566,-0.474872028
0.00085,0.0008,0.0006,702.5621167,0.902220506,0.144564091,-0.406324233
0.00085,0.0008,0.00065,661.8960399,0.826726045,-0.091764574,-0.555070545
0.00085,0.0008,0.0007,625.3342017,0.779028208,-0.060994935,-0.624014959
0.00085,0.0008,0.00075,567.481261,0.522744826,-0.497573786,-0.692212521
0.00085,0.0008,0.0008,515.6387366,0.7709106,-0.160831814,-0.616303476
0.00085,0.0008,0.00085,471.7389701,0.807280759,0.190150164,-0.558695526
0.00085,0.0008,0.0009,432.8709509,0.696144957,-0.463927188,-0.547862904
0.00085,0.0008,0.00095,392.6582717,0.226129536,-0.323597918,0.918776262
0.00085,0.00085,5.00E-05,825.9861002,0.227170422,-0.03379822,0.973268349
0.00085,0.00085,0.0001,805.8955593,0.942850892,0.113853397,-0.31316066
0.00085,0.00085,0.00015,776.8872939,0.953817052,-0.069015645,-0.292352308
0.00085,0.00085,0.0002,761.6480402,0.991538342,-0.089690276,-0.093847596
0.00085,0.00085,0.00025,763.5378796,0.998732939,-0.04287687,0.026345607
0.00085,0.00085,0.0003,765.3487602,0.967854985,-0.042067728,0.247965794
0.00085,0.00085,0.00035,803.4218751,0.804524414,0.01512123,0.593727055
0.00085,0.00085,0.0004,826.0251229,0.819864127,-0.521944559,-0.235365017
0.00085,0.00085,0.00045,762.6007334,0.692702099,-0.607650191,-0.38849073
0.00085,0.00085,0.0005,716.8304712,0.68237578,-0.661884015,-0.310278658
0.00085,0.00085,0.00055,691.4571884,0.824999848,-0.563458238,0.043474882
0.00085,0.00085,0.0006,724.0415583,0.98392314,0.08834914,-0.155208515
0.00085,0.00085,0.00065,683.1767056,0.55233436,0.404542031,-0.728884421
0.00085,0.00085,0.0007,650.4206691,0.372852868,0.544627218,-0.751240263
0.00085,0.00085,0.00075,526.9795553,0.31123053,0.574134654,-0.757301101
0.00085,0.00085,0.0008,523.2125807,0.64205741,0.766021711,0.031193269
0.00085,0.00085,0.00085,532.4676585,0.42250957,0.789638933,-0.444922486
0.00085,0.00085,0.0009,417.3246102,0.742379581,0.053916875,-0.667806505
0.00085,0.00085,0.00095,320.2082344,0.278431103,-0.310790958,0.908782208
0.00085,0.0009,5.00E-05,788.9047335,0.221284786,-0.128297013,0.966733117
0.00085,0.0009,0.0001,812.3556304,0.965467374,-0.235489158,-0.111434318
0.00085,0.0009,0.00015,767.2620082,0.932713313,-0.116043211,-0.341437913
0.00085,0.0009,0.0002,750.2241716,0.991396752,-0.124002695,-0.041902398
0.00085,0.0009,0.00025,759.5414101,0.993750487,-0.086511086,0.070539356
0.00085,0.0009,0.0003,765.0846349,0.979646298,-0.095280339,0.176677072
0.00085,0.0009,0.00035,791.4558972,0.768676446,-0.595408349,-0.233720816
0.00085,0.0009,0.0004,717.1031109,0.552784128,-0.657608755,-0.511840242
0.00085,0.0009,0.00045,630.7860508,0.689508499,-0.60957669,-0.391144843
0.00085,0.0009,0.0005,603.5186855,0.664504454,-0.746748648,-0.028289344
0.00085,0.0009,0.00055,624.5255917,0.493723115,-0.687327892,0.532745581
0.00085,0.0009,0.0006,707.2756051,-0.270783902,-0.703267446,0.657336274
0.00085,0.0009,0.00065,702.7567624,-0.90122602,0.338520219,0.270547081
0.00085,0.0009,0.0007,738.5725671,-0.374819127,0.895326998,-0.24062458
0.00085,0.0009,0.00075,663.92186,0.192817459,0.934027246,-0.300690091
0.00085,0.0009,0.0008,650.4116026,0.272017046,0.962167252,-0.01552113
0.00085,0.0009,0.00085,659.6666804,0.438954949,0.600069325,-0.668756576
0.00085,0.0009,0.0009,450.0081976,0.525798805,0.348808181,-0.775801824
0.00085,0.0009,0.00095,252.9016888,0.327077323,0.18242596,0.9272223
0.00085,0.00095,5.00E-05,751.7398905,0.104726413,-0.953631173,0.282170097
0.00085,0.00095,0.0001,760.1589566,0.115905684,-0.993255386,0.003100113
0.00085,0.00095,0.00015,755.7709102,0.149371112,-0.988638008,-0.016827364
0.00085,0.00095,0.0002,738.800303,0.155675781,-0.987774054,-0.00821399
0.00085,0.00095,0.00025,745.3126663,0.155472039,-0.987813902,0.007220849
0.00085,0.00095,0.0003,748.1375674,0.152139987,-0.987074452,-0.050373106
0.00085,0.00095,0.00035,681.1880044,0.146784535,-0.984239739,-0.098622695
0.00085,0.00095,0.0004,619.5976307,0.132794913,-0.988054672,-0.078188726
0.00085,0.00095,0.00045,585.5859543,0.14154395,-0.988058692,-0.060871427
0.00085,0.00095,0.0005,551.5742779,0.148898794,-0.988506163,-0.026167068
0.00085,0.00095,0.00055,557.5939949,0.015593612,-0.996365478,0.083741709
0.00085,0.00095,0.0006,640.3440083,-0.06388814,-0.986888013,0.148224001
0.00085,0.00095,0.00065,722.3368192,-0.18156406,-0.972904735,0.143146319
0.00085,0.00095,0.0007,794.919359,-0.036312289,-0.996590144,0.074091174
0.00085,0.00095,0.00075,800.8320878,0.064530052,-0.997881826,-0.008230073
0.00085,0.00095,0.0008,786.9945588,0.038229592,-0.994435733,-0.098163491
0.00085,0.00095,0.00085,712.2878508,-0.001456053,-0.975897909,-0.218222708
0.00085,0.00095,0.0009,600.2101776,0.099860971,-0.862515809,-0.49607889
0.00085,0.00095,0.00095,386.8842903,0.190157561,-0.89455009,0.404499985
0.0009,0,5.00E-05,-466.5178462,0.018546902,-0.957492295,-0.287861976
0.0009,0,0.0001,-455.4710684,0.031687389,-0.999491675,0.003507372
0.0009,0,0.00015,-462.0452036,0.054208156,-0.998491849,-0.00868926
0.0009,0,0.0002,-466.0679665,0.083565468,-0.996492925,-0.004320016
0.0009,0,0.00025,-467.1673783,0.096982079,-0.995284444,-0.001830622
0.0009,0,0.0003,-468.2452301,0.071683312,-0.997426656,-0.001252092
0.0009,0,0.00035,-468.6503132,0.066957838,-0.997755762,-0.000296544
0.0009,0,0.0004,-468.5846463,0.062848939,-0.998011264,0.004850552
0.0009,0,0.00045,-463.35146,0.049024839,-0.998666806,0.016160935
0.0009,0,0.0005,-451.5405981,0.044639684,-0.998258078,0.038576018
0.0009,0,0.00055,-423.9686292,0.040592158,-0.997020857,0.065587243
0.0009,0,0.0006,-386.8825223,0.011567839,-0.997440117,0.070564856
0.0009,0,0.00065,-353.4430538,-0.010610183,-0.99798346,0.062581453
0.0009,0,0.0007,-324.7176193,-0.015618433,-0.998141983,0.05889521
0.0009,0,0.00075,-288.6384049,-2.55E-05,-0.996642064,0.081881599
0.0009,0,0.0008,-231.0070741,-0.009691931,-0.99366624,0.111952979
0.0009,0,0.00085,-169.0837272,-0.031807774,-0.991341862,0.127395359
0.0009,0,0.0009,-109.6209398,-0.043110077,-0.991156337,0.125501542
0.0009,0,0.00095,-68.58234757,-0.054002904,-0.854670862,-0.516353952
0.0009,5.00E-05,5.00E-05,-444.5325901,0.195630673,0.341436177,-0.919320389
0.0009,5.00E-05,0.0001,-424.2753229,0.538085632,0.737440909,0.408221458
0.0009,5.00E-05,0.00015,-370.6935801,0.266506124,0.889824027,0.370388562
0.0009,5.00E-05,0.0002,-333.1180152,0.239188723,0.963188243,0.122707634
0.0009,5.00E-05,0.00025,-337.8730628,0.283574949,0.958876432,-0.011884307
0.0009,5.00E-05,0.0003,-336.343581,0.184163462,0.97772516,-0.100684307
0.0009,5.00E-05,0.00035,-365.1599476,0.165413679,0.96028226,-0.224713808
0.0009,5.00E-05,0.0004,-389.4677161,0.161041734,0.980670989,-0.111130425
0.0009,5.00E-05,0.00045,-386.4681681,0.098335373,0.989856506,0.102539029
0.0009,5.00E-05,0.0005,-369.8520682,0.293714918,0.933606063,0.205210296
0.0009,5.00E-05,0.00055,-341.6290201,-0.042468944,0.997627704,0.054178892
0.0009,5.00E-05,0.0006,-359.3006949,0.322872657,0.873156522,-0.365172474
0.0009,5.00E-05,0.00065,-389.3726562,0.694632687,0.30418579,0.651886827
0.0009,5.00E-05,0.0007,-316.8093399,0.362099351,0.214941714,0.90701936
0.0009,5.00E-05,0.00075,-309.7471885,0.330060428,-0.215186564,0.919105465
0.0009,5.00E-05,0.0008,-273.4662518,0.033032739,-0.603392913,0.796759582
0.0009,5.00E-05,0.00085,-229.5725755,-0.098643342,-0.656214807,0.748098668
0.0009,5.00E-05,0.0009,-171.9412447,-0.083613703,-0.664792547,0.7423339
0.0009,5.00E-05,0.00095,-97.23160851,-0.139582432,-0.346798923,-0.927495149
0.0009,0.0001,5.00E-05,-345.0536029,0.417008376,0.801382939,-0.428823273
0.0009,0.0001,0.0001,-322.0829146,0.527595043,0.791185415,0.309304236
0.0009,0.0001,0.00015,-243.048261,0.483078252,0.799908128,0.356065147
0.0009,0.0001,0.0002,-208.4447412,0.534023754,0.836729701,0.12125196
0.0009,0.0001,0.00025,-206.9150178,0.466110654,0.884569747,0.016649948
0.0009,0.0001,0.0003,-203.2677515,0.612637417,0.783724797,-0.10222934
0.0009,0.0001,0.00035,-241.6319343,0.28734022,0.91700569,-0.276651699
0.0009,0.0001,0.0004,-280.5501481,0.367796429,0.91949676,-0.138749758
0.0009,0.0001,0.00045,-273.9925698,0.350877728,0.925984907,0.139415824
0.0009,0.0001,0.0005,-247.5444959,0.358065662,0.91742158,0.173570235
0.0009,0.0001,0.00055,-229.6800069,0.079545933,0.990584851,-0.111418573
0.0009,0.0001,0.0006,-272.7236791,0.072740637,0.855466313,-0.51272428
0.0009,0.0001,0.00065,-333.615584,0.275390151,0.941525458,-0.194139323
0.0009,0.0001,0.0007,-305.8483038,0.360233949,0.840390513,0.404938623
0.0009,0.0001,0.00075,-298.7861524,0.008828395,0.97341986,0.228857677
0.0009,0.0001,0.0008,-291.724001,-0.70569812,0.295469078,0.643962878
0.0009,0.0001,0.00085,-258.1391096,-0.690626556,-0.311850414,0.652521478
0.0009,0.0001,0.0009,-228.1380768,-0.055153678,-0.696527336,0.715407396
0.0009,0.0001,0.00095,-170.506746,-0.072222612,-0.698817002,-0.711645061
0.0009,0.00015,5.00E-05,-161.267751,0.464612646,0.877925752,0.115678276
0.0009,0.00015,0.0001,-163.3505458,0.745789327,0.660374942,0.087767964
0.0009,0.00015,0.00015,-115.4029419,0.822297346,0.543556256,0.16844486
0.0009,0.00015,0.0002,-83.77146725,0.794050149,0.595825739,0.120316458
0.0009,0.00015,0.00025,-62.83265346,0.737581251,0.674509869,0.031785768
0.0009,0.00015,0.0003,-70.19192192,0.683741595,0.718964012,-0.124852633
0.0009,0.00015,0.00035,-108.9952554,0.53661377,0.784781631,-0.310102327
0.0009,0.00015,0.0004,-175.0132918,0.595324625,0.774252397,-0.214759903
0.0009,0.00015,0.00045,-167.2481758,0.691025228,0.710838931,0.131118832
0.0009,0.00015,0.0005,-135.6339061,0.762472037,0.631729856,0.139834835
0.0009,0.00015,0.00055,-117.7694172,0.352097897,0.907555444,-0.228845334
0.0009,0.00015,0.0006,-185.8870525,0.182103329,0.855071062,-0.485481057
0.0009,0.00015,0.00065,-228.7268016,0.142744245,0.955751813,-0.257220823
0.0009,0.00015,0.0007,-244.5259808,0.126562266,0.984240282,-0.123503278
0.0009,0.00015,0.00075,-249.6710879,-0.0913191,0.99362608,-0.066091113
0.0009,0.00015,0.0008,-254.816195,-0.319983571,0.944962427,-0.068238739
0.0009,0.00015,0.00085,-259.9613021,-0.487452429,0.872907321,-0.020565454
0.0009,0.00015,0.0009,-257.2609341,-0.164268245,0.808730824,0.564774644
0.0009,0.00015,0.00095,-212.0396244,0.173213239,0.528664167,0.830970139
0.0009,0.0002,5.00E-05,24.4660456,0.473598654,0.845327364,0.247236652
0.0009,0.0002,0.0001,23.00849723,0.479676351,0.877196162,-0.020916321
0.0009,0.0002,0.00015,13.74619393,0.565918918,0.822266564,0.060112199
0.0009,0.0002,0.0002,51.8914712,0.602889967,0.784862093,0.143231222
0.0009,0.0002,0.00025,81.24971085,0.54487264,0.83817107,0.024146732
0.0009,0.0002,0.0003,62.55963725,0.632643316,0.745027863,-0.211414093
0.0009,0.0002,0.00035,23.64142347,0.3363434,0.787297742,-0.516754664
0.0009,0.0002,0.0004,-70.53672094,0.3072941,0.88272806,-0.355473639
0.0009,0.0002,0.00045,-60.50378173,0.424312946,0.884752763,0.19279801
0.0009,0.0002,0.0005,-24.01500862,0.395275984,0.909948026,0.125504922
0.0009,0.0002,0.00055,-30.38594294,0.148698755,0.951897423,-0.267917855
0.0009,0.0002,0.0006,-77.29597482,-0.001328716,0.933429223,-0.35875914
0.0009,0.0002,0.00065,-115.7317384,-0.139189113,0.95536576,-0.260581379
0.0009,0.0002,0.0007,-138.9360517,0.000126213,0.991109384,-0.13304951
0.0009,0.0002,0.00075,-144.0811588,-0.302733434,0.951945815,-0.046385703
0.0009,0.0002,0.0008,-149.2262658,-0.44485132,0.894882632,-0.035949654
0.0009,0.0002,0.00085,-154.3713729,-0.501087017,0.864941726,-0.028064438
0.0009,0.0002,0.0009,-159.51648,-0.402863771,0.908594212,0.110260325
0.0009,0.0002,0.00095,-109.4357715,-0.276636368,0.889186789,0.36444365
0.0009,0.00025,5.00E-05,291.5727307,0.139807455,0.986862679,0.080968694
0.0009,0.00025,0.0001,286.2224378,0.108892784,0.99385613,-0.019807934
0.0009,0.00025,0.00015,279.6833186,0.110428821,0.993884023,-0.000159061
0.0009,0.00025,0.0002,286.1265954,0.150525616,0.987386884,0.049083392
0.0009,0.00025,0.00025,307.4761796,0.098106242,0.955798498,-0.277172143
0.0009,0.00025,0.0003,132.8209357,-0.062909188,0.849691196,-0.523514379
0.0009,0.00025,0.00035,93.78271552,-0.308625446,0.910826874,-0.274125407
0.0009,0.00025,0.0004,33.93984992,-0.333991874,0.935442811,-0.115741851
0.0009,0.00025,0.00045,46.2406123,-0.275640406,0.953358593,0.123003091
0.0009,0.00025,0.0005,82.72938541,-0.244849567,0.967217265,0.067375447
0.0009,0.00025,0.00055,71.53492931,-0.425915181,0.897135885,-0.117232516
0.0009,0.00025,0.0006,36.1679437,-0.513751148,0.839788008,-0.175544468
0.0009,0.00025,0.00065,-2.736675169,-0.472486497,0.860039677,-0.192583134
0.0009,0.00025,0.0007,-33.34612256,-0.171454879,0.979533719,-0.1054368
0.0009,0.00025,0.00075,-38.49122964,0.004796756,0.995574348,0.093854723
0.0009,0.00025,0.0008,1.3346393,-0.481155126,0.855604497,0.190868253
0.0009,0.00025,0.00085,57.18154284,-0.486209,0.851976663,0.194259039
0.0009,0.00025,0.0009,113.0284464,-0.411269009,0.875058099,0.255208005
0.0009,0.00025,0.00095,236.8496102,-0.383660248,0.897921389,0.215735933
0.0009,0.0003,5.00E-05,626.2319696,-0.079019769,0.996364294,-0.03184446
0.0009,0.0003,0.0001,619.5555744,-0.050294917,0.998268726,-0.030495427
0.0009,0.0003,0.00015,612.6110238,-0.104552791,0.994343446,-0.018703601
0.0009,0.0003,0.0002,610.9870265,-0.088909278,0.996021464,-0.006031943
0.0009,0.0003,0.00025,609.9078854,-0.314766957,0.853120742,-0.416061009
0.0009,0.0003,0.0003,409.3952974,-0.344525745,0.851292294,-0.395731526
0.0009,0.0003,0.00035,352.1901388,-0.496586926,0.85564105,-0.145876038
0.0009,0.0003,0.0004,313.705609,-0.499927385,0.864650752,-0.049514501
0.0009,0.0003,0.00045,317.6486891,-0.481020717,0.875868167,0.038393001
0.0009,0.0003,0.0005,339.1009508,-0.515927001,0.856532123,0.01311686
0.0009,0.0003,0.00055,325.9310721,-0.594868243,0.797964188,-0.096875839
0.0009,0.0003,0.0006,278.0123036,-0.658424212,0.723201029,-0.208465414
0.0009,0.0003,0.00065,194.7048702,-0.65165535,0.747033562,-0.131476852
0.0009,0.0003,0.0007,193.2325251,-0.592806792,0.80412568,0.044294441
0.0009,0.0003,0.00075,223.7988571,-0.526590872,0.840056087,0.130414048
0.0009,0.0003,0.0008,279.6457607,-0.447939612,0.876589659,0.175899612
0.0009,0.0003,0.00085,335.4926642,-0.396990139,0.882501571,0.252170195
0.0009,0.0003,0.0009,456.530016,-0.410253049,0.832997458,0.371224556
0.0009,0.0003,0.00095,633.6890735,-0.440958453,0.865552898,0.237431726
0.0009,0.00035,5.00E-05,733.7882294,0.426541421,0.629544504,-0.649412145
0.0009,0.00035,0.0001,732.104518,0.655009178,0.755576691,0.008175605
0.0009,0.00035,0.00015,735.2148313,0.609011409,0.79315872,0.00208542
0.0009,0.00035,0.0002,732.4809086,0.61053859,0.787298522,-0.086044564
0.0009,0.00035,0.00025,720.8340328,0.099986091,0.916677486,-0.386917521
0.0009,0.00035,0.0003,687.2198588,-0.613318513,0.767988059,-0.184485076
0.0009,0.00035,0.00035,655.0539591,-0.646732039,0.753045671,-0.12107802
0.0009,0.00035,0.0004,637.1225509,-0.627450335,0.775940232,-0.064983332
0.0009,0.00035,0.00045,625.5902562,-0.591359445,0.805762838,-0.032252984
0.0009,0.00035,0.0005,623.5697362,-0.630730562,0.765652207,-0.1263157
0.0009,0.00035,0.00055,574.7207943,-0.642721126,0.708918946,-0.290419494
0.0009,0.00035,0.0006,491.4133609,-0.658991389,0.727737929,-0.19007329
0.0009,0.00035,0.00065,478.9704786,-0.638257432,0.769801344,0.005774165
0.0009,0.00035,0.0007,494.8289995,-0.611041433,0.789157253,0.062122435
0.0009,0.00035,0.00075,518.1356507,-0.622342943,0.776183211,0.101137947
0.0009,0.00035,0.0008,557.956882,-0.652867314,0.714917948,0.250312998
0.0009,0.00035,0.00085,676.2104218,-0.585879687,0.730361825,0.351164628
0.0009,0.00035,0.0009,782.1567332,-0.732430944,0.627426103,0.264350899
0.0009,0.00035,0.00095,855.4948956,-0.723295134,0.683178957,-0.100551787
0.0009,0.0004,5.00E-05,745.847432,0.431969913,0.043551128,-0.900835886
0.0009,0.0004,0.0001,751.3999085,0.99019797,0.105814222,0.0911665
0.0009,0.0004,0.00015,755.7656099,0.985613565,0.145060773,-0.086736802
0.0009,0.0004,0.0002,742.5697883,0.883689444,-0.01909271,-0.46768412
0.0009,0.0004,0.00025,717.1394866,0.711962415,-0.175913122,-0.679826516
0.0009,0.0004,0.0003,683.2294311,0.728187276,-0.043364594,-0.684004973
0.0009,0.0004,0.00035,663.7707278,-0.239075494,0.764490336,-0.59866304
0.0009,0.0004,0.0004,665.5200156,-0.620411354,0.772568143,-0.13501191
0.0009,0.0004,0.00045,656.2329998,-0.380577438,0.865742339,-0.325040023
0.0009,0.0004,0.0005,647.4420021,-0.812568235,0.567685695,-0.132158291
0.0009,0.0004,0.00055,648.5270418,-0.84797927,0.529657349,-0.019855735
0.0009,0.0004,0.0006,644.6137151,-0.788258916,0.615313095,0.006138186
0.0009,0.0004,0.00065,650.0716772,-0.839888043,0.521444125,0.150612415
0.0009,0.0004,0.0007,690.7577709,-0.806255747,0.5639863,0.178524856
0.0009,0.0004,0.00075,708.2738138,-0.824147994,0.546213971,0.149767759
0.0009,0.0004,0.0008,731.1224792,-0.763793083,0.510693621,0.39473048
0.0009,0.0004,0.00085,801.7896641,-0.674170048,0.047251791,0.737063101
0.0009,0.0004,0.0009,882.0544196,-0.952262251,-0.073286533,0.296353995
0.0009,0.0004,0.00095,962.319175,-0.97285784,-0.076783997,-0.218293015
0.0009,0.00045,5.00E-05,743.9851721,0.805511414,-0.006132991,-0.592548519
0.0009,0.00045,0.0001,743.6162496,0.9886467,-0.130832921,0.073894857
0.0009,0.00045,0.00015,749.9825427,0.955368013,-0.234377086,-0.179831422
0.0009,0.00045,0.0002,730.9040379,0.760404475,-0.280118608,-0.585933956
0.0009,0.00045,0.00025,705.4790161,0.784002941,0.049202371,-0.6188041
0.0009,0.00045,0.0003,683.8363826,0.758045226,0.46519261,-0.457125006
0.0009,0.00045,0.00035,677.6688127,0.641433034,0.764349032,-0.065834805
0.0009,0.00045,0.0004,680.2551052,0.64433281,0.760420423,-0.081215827
0.0009,0.00045,0.00045,673.7409472,0.507517674,0.736823223,-0.446673649
0.0009,0.00045,0.0005,656.6706645,0.776525902,0.499205495,-0.384449472
0.0009,0.00045,0.00055,650.1661512,0.97573882,0.103505111,-0.192926012
0.0009,0.00045,0.0006,646.2529923,-0.02982955,0.808018962,-0.588400845
0.0009,0.00045,0.00065,638.7285355,-0.599138695,0.18921762,0.777964984
0.0009,0.00045,0.0007,678.6981172,0.034975333,-0.020538564,0.999177108
0.0009,0.00045,0.00075,665.3486942,0.73690511,-0.675974836,0.005373953
0.0009,0.00045,0.0008,678.9456342,0.915363836,-0.38283568,0.124683154
0.0009,0.00045,0.00085,685.8863972,0.856321735,-0.462393928,0.230010743
0.0009,0.00045,0.0009,742.4587656,-0.275712154,-0.849075646,0.450614419
0.0009,0.00045,0.00095,807.5844441,-0.833255722,-0.552881065,0.002725718
0.0009,0.0005,5.00E-05,745.1853489,0.552673807,0.134501953,0.822472423
0.0009,0.0005,0.0001,740.7813953,0.984892331,0.06650578,-0.159887701
0.0009,0.0005,0.00015,739.1975869,0.865582268,-0.36217189,-0.345830682
0.0009,0.0005,0.0002,721.2938991,0.959091253,-0.005878613,-0.283036057
0.0009,0.0005,0.00025,720.8819315,0.917593014,0.3844568,-0.101074375
0.0009,0.0005,0.0003,711.5304449,0.621101287,0.754454053,-0.212208087
0.0009,0.0005,0.00035,705.3497363,0.459076105,0.877439774,-0.139099149
0.0009,0.0005,0.0004,702.2964577,0.509353223,0.841712498,-0.179107131
0.0009,0.0005,0.00045,695.1373848,0.596678058,0.68109718,-0.424360609
0.0009,0.0005,0.0005,678.0537432,0.548738496,0.51283577,-0.660216279
0.0009,0.0005,0.00055,654.1161394,0.557634289,0.75084379,-0.353945762
0.0009,0.0005,0.0006,660.3203723,0.437799828,0.895099116,0.084432711
0.0009,0.0005,0.00065,657.9630212,0.224994574,0.854980672,0.467317335
0.0009,0.0005,0.0007,690.2105808,0.895011287,0.419458407,0.151688634
0.0009,0.0005,0.00075,677.1393252,0.927567341,0.345489484,-0.142323031
0.0009,0.0005,0.0008,668.0621119,0.988133647,0.15288884,-0.014727471
0.0009,0.0005,0.00085,674.1082964,0.99739106,-0.03838329,-0.061137526
0.0009,0.0005,0.0009,652.7434092,0.832758932,-0.545103288,-0.096824417
0.0009,0.0005,0.00095,652.7049214,-0.159354322,-0.91159149,0.378955348
0.0009,0.00055,5.00E-05,758.3886432,0.343516063,0.195510112,0.918570907
0.0009,0.00055,0.0001,746.1068776,0.810492186,0.397459701,-0.430265271
0.0009,0.00055,0.00015,729.5742224,0.945903703,0.194217142,-0.259895913
0.0009,0.00055,0.0002,730.5236247,0.941578164,0.291913019,0.167980208
0.0009,0.00055,0.00025,742.6162862,0.898875089,0.425846833,0.10333465
0.0009,0.00055,0.0003,739.0573112,0.680765407,0.727321032,-0.086963077
0.0009,0.00055,0.00035,735.9169593,0.675313237,0.72755703,-0.120883419
0.0009,0.00055,0.0004,728.2479676,0.685453044,0.679512943,-0.261565069
0.0009,0.00055,0.00045,712.6504127,0.585946605,0.580145926,-0.565771403
0.0009,0.00055,0.0005,688.5347106,0.286681193,0.625292068,-0.725826235
0.0009,0.00055,0.00055,687.7848851,-0.274228532,0.961122051,-0.032297283
0.0009,0.00055,0.0006,687.0350596,-0.122008536,0.981641365,0.146608828
0.0009,0.00055,0.00065,693.414182,0.133692239,0.833759819,0.535696695
0.0009,0.00055,0.0007,731.7255702,0.839884517,0.481178205,0.251120555
0.0009,0.00055,0.00075,719.114153,0.925294799,0.315403768,-0.21059439
0.0009,0.00055,0.0008,710.4113544,0.868632817,0.25943625,-0.422101719
0.0009,0.00055,0.00085,676.2690273,0.623705361,-0.225272307,-0.748494496
0.0009,0.00055,0.0009,621.9617834,0.855841647,-0.291608249,-0.427199842
0.0009,0.00055,0.00095,585.2118453,0.7553564,-0.430798036,0.493811462
0.0009,0.0006,5.00E-05,779.4305068,0.300426291,0.129940475,0.944912439
0.0009,0.0006,0.0001,767.398861,0.891668062,0.339470167,-0.29947967
0.0009,0.0006,0.00015,750.8427675,0.891139336,0.383122617,-0.243079709
0.0009,0.0006,0.0002,743.9581656,0.938918534,0.338762875,0.060594572
0.0009,0.0006,0.00025,756.0496449,0.896956845,0.322849001,0.302054533
0.0009,0.0006,0.0003,767.5606765,0.875415534,0.453695329,0.166757881
0.0009,0.0006,0.00035,770.4075748,0.878513878,0.475054668,-0.050362957
0.0009,0.0006,0.0004,762.740001,0.799728188,0.48790161,-0.349838311
0.0009,0.0006,0.00045,735.8596344,0.618433788,0.397470996,-0.677905936
0.0009,0.0006,0.0005,699.4751474,0.350710653,0.692782167,-0.63012293
0.0009,0.0006,0.00055,698.7436601,-0.758976654,0.627911044,-0.172285108
0.0009,0.0006,0.0006,698.0121728,0.354196037,0.725664034,0.589878698
0.0009,0.0006,0.00065,727.5194557,0.696108758,0.551203738,0.460007649
0.0009,0.0006,0.0007,739.4549206,0.98148475,0.088598673,-0.169817436
0.0009,0.0006,0.00075,709.0612771,0.91147648,-0.102158635,-0.398464853
0.0009,0.0006,0.0008,694.3959983,0.680958478,-0.486049031,-0.547769924
0.0009,0.0006,0.00085,647.487875,0.441331216,-0.482913095,-0.756321162
0.0009,0.0006,0.0009,590.5874279,0.597501877,-0.412315793,-0.687740645
0.0009,0.0006,0.00095,533.6869808,0.57379049,-0.323813422,0.752269461
0.0009,0.00065,5.00E-05,790.5277403,0.274003749,0.113523371,0.955004916
0.0009,0.00065,0.0001,778.512031,0.843696581,0.483729027,-0.232770933
0.0009,0.00065,0.00015,766.5195545,0.827256996,0.533132686,-0.177243902
0.0009,0.00065,0.0002,759.6334394,0.905542529,0.42401255,0.014355664
0.0009,0.00065,0.00025,767.8436747,0.893751755,0.393918197,0.214560607
0.0009,0.00065,0.0003,778.1206867,0.924763186,0.343953577,0.162815808
0.0009,0.00065,0.00035,781.3885628,0.970024264,0.242389216,-0.017331911
0.0009,0.00065,0.0004,776.4302142,0.889329381,0.296902516,-0.347767377
0.0009,0.00065,0.00045,749.7439725,0.741675196,0.358808874,-0.566722238
0.0009,0.00065,0.0005,729.3414864,0.594913608,0.497207031,-0.63155599
0.0009,0.00065,0.00055,693.1168486,0.817763139,0.556573118,-0.146594041
0.0009,0.00065,0.0006,722.4348121,0.756071701,0.381874779,0.531532912
0.0009,0.00065,0.00065,743.0729161,0.968377671,0.146588356,0.201882491
0.0009,0.00065,0.0007,741.3557364,0.910673111,-0.131053152,-0.391790195
0.0009,0.00065,0.00075,707.5619221,0.698876607,-0.242520178,-0.672871051
0.0009,0.00065,0.0008,655.7758384,0.562601877,-0.48033047,-0.672875744
0.0009,0.00065,0.00085,609.9869761,0.489326334,-0.509708812,-0.707641623
0.0009,0.00065,0.0009,553.7356196,0.502616127,-0.411912855,-0.760068963
0.0009,0.00065,0.00095,503.9245847,0.275531691,-0.152478959,0.949121939
0.0009,0.0007,5.00E-05,812.0712735,0.278435057,0.108693211,0.954284918
0.0009,0.0007,0.0001,817.2910714,0.908762382,0.416229159,-0.030070264
0.0009,0.0007,0.00015,807.6277635,0.854617562,0.472379001,-0.215608215
0.0009,0.0007,0.0002,783.0677183,0.8123565,0.565477873,-0.142519094
0.0009,0.0007,0.00025,789.9909318,0.935365173,0.328324556,0.131510374
0.0009,0.0007,0.0003,796.1746838,0.957881445,0.284104022,0.041809579
0.0009,0.0007,0.00035,794.049071,0.973473353,0.219427142,-0.064817906
0.0009,0.0007,0.0004,789.7562167,0.892831096,0.351050416,-0.282163498
0.0009,0.0007,0.00045,765.6729226,0.71048263,0.524162186,-0.469540664
0.0009,0.0007,0.0005,744.0561578,0.695439518,0.560102767,-0.450165267
0.0009,0.0007,0.00055,724.966208,0.843786911,0.524624331,-0.113105968
0.0009,0.0007,0.0006,733.9026357,0.974867697,0.125218128,0.184264469
0.0009,0.0007,0.00065,741.2580775,0.996870345,-0.026906223,-0.074334179
0.0009,0.0007,0.0007,727.5765537,0.638043357,-0.335049045,-0.693284078
0.0009,0.0007,0.00075,678.2160623,0.546579736,-0.326308914,-0.771215329
0.0009,0.0007,0.0008,624.7423957,0.565145218,-0.334279595,-0.754233408
0.0009,0.0007,0.00085,573.9890911,0.535860593,-0.382779766,-0.752551045
0.0009,0.0007,0.0009,533.1078247,0.462623201,-0.444459343,-0.767095605
0.0009,0.0007,0.00095,495.6456981,0.13571035,-0.108803557,0.984756055
0.0009,0.00075,5.00E-05,827.163202,0.227412047,0.098766227,0.968777061
0.0009,0.00075,0.0001,840.018588,0.966052662,0.221398685,0.133134805
0.0009,0.00075,0.00015,841.4999691,0.979839526,0.177744439,-0.091221808
0.0009,0.00075,0.0002,829.6116986,0.908920541,0.29394799,-0.295733036
0.0009,0.00075,0.00025,800.5661019,0.937178236,0.268596771,-0.222604423
0.0009,0.00075,0.0003,805.6965126,0.97900795,0.202050017,0.026818375
0.0009,0.00075,0.00035,803.1169087,0.925634548,0.374016551,0.057552605
0.0009,0.00075,0.0004,811.7340674,0.76816719,0.639770642,-0.02475265
0.0009,0.00075,0.00045,800.7603053,0.629399473,0.713593938,-0.307636141
0.0009,0.00075,0.0005,779.9894265,0.707903518,0.444382102,-0.548996499
0.0009,0.00075,0.00055,740.212372,0.776223322,0.328781983,-0.537940296
0.0009,0.00075,0.0006,733.5060588,0.978062924,0.208103869,0.009257266
0.0009,0.00075,0.00065,740.7831084,0.887484484,-0.368360879,-0.276914342
0.0009,0.00075,0.0007,710.8889081,0.725313424,-0.380708568,-0.573569021
0.0009,0.00075,0.00075,664.051762,0.715483269,-0.331001934,-0.615240937
0.0009,0.00075,0.0008,609.581982,0.737182028,-0.294857008,-0.607965462
0.0009,0.00075,0.00085,563.3776997,0.673490165,-0.284050464,-0.682441449
0.0009,0.00075,0.0009,508.3430339,0.482686505,-0.392951356,-0.782689574
0.0009,0.00075,0.00095,473.1025194,0.16270477,-0.178815785,0.970336062
0.0009,0.0008,5.00E-05,849.4781416,0.224084899,0.097561977,0.969673975
0.0009,0.0008,0.0001,841.132631,0.95456367,0.208390307,-0.213029763
0.0009,0.0008,0.00015,827.9054445,0.989305023,0.006626041,-0.145710905
0.0009,0.0008,0.0002,823.7545085,0.995736837,0.041973686,-0.082136233
0.0009,0.0008,0.00025,818.8472396,0.973187615,0.213354086,-0.085941263
0.0009,0.0008,0.0003,815.3924987,0.934232644,0.322719374,0.151860372
0.0009,0.0008,0.00035,833.2852696,0.852242737,0.38891438,0.349897017
0.0009,0.0008,0.0004,850.6662865,0.767321366,0.637997774,0.064627873
0.0009,0.0008,0.00045,839.3079098,0.604616993,0.573790411,-0.552451677
0.0009,0.0008,0.0005,793.0663389,0.593725927,0.016837957,-0.804491148
0.0009,0.0008,0.00055,753.3762266,0.802183811,0.297266838,-0.517816145
0.0009,0.0008,0.0006,746.7328231,0.871878533,-0.11963346,-0.47488489
0.0009,0.0008,0.00065,711.1719742,0.707946166,-0.452810802,-0.542009781
0.0009,0.0008,0.0007,676.6458375,0.624952447,-0.519270048,-0.58291771
0.0009,0.0008,0.00075,623.7125558,0.67735108,-0.447161377,-0.584159411
0.0009,0.0008,0.0008,575.916509,0.781864963,-0.208646105,-0.58749807
0.0009,0.0008,0.00085,531.8507212,0.807658776,0.06927514,-0.585566612
0.0009,0.0008,0.0009,487.7849334,0.698281726,0.266194246,-0.664487212
0.0009,0.0008,0.00095,436.8927763,0.226877712,-0.202177277,0.952707118
0.0009,0.00085,5.00E-05,867.8350571,0.163368585,0.028795704,0.986144773
0.0009,0.00085,0.0001,861.1214654,0.872531916,0.441592346,-0.209007788
0.0009,0.00085,0.00015,842.2902198,0.972332255,0.068445391,-0.22334998
0.0009,0.00085,0.0002,834.2406697,0.948245113,0.274481643,-0.159659116
0.0009,0.00085,0.00025,821.325268,0.908759609,0.416884461,0.019060957
0.0009,0.00085,0.0003,836.3788555,0.975346154,0.150882638,0.161041325
0.0009,0.00085,0.00035,842.3241115,0.900838344,0.202503142,0.384034836
0.0009,0.00085,0.0004,871.1887708,0.839368012,-0.517190229,0.167259101
0.0009,0.00085,0.00045,860.5850809,0.735647631,-0.502066344,-0.454699844
0.0009,0.00085,0.0005,781.7879721,0.697651341,-0.547580317,-0.461993942
0.0009,0.00085,0.00055,766.8114224,0.86041247,-0.247811331,-0.445286342
0.0009,0.00085,0.0006,722.8739228,0.387463782,-0.561527202,-0.731135431
0.0009,0.00085,0.00065,682.2303935,0.365356138,-0.567161795,-0.738134399
0.0009,0.00085,0.0007,632.9790152,0.45293331,-0.411606861,-0.790842088
0.0009,0.00085,0.00075,586.9456428,0.879878883,0.369652079,-0.298614286
0.0009,0.00085,0.0008,576.9578511,0.797049176,0.598898671,-0.07767235
0.0009,0.00085,0.00085,573.8040579,0.618687913,0.769007207,-0.160789247
0.0009,0.00085,0.0009,546.3832822,0.490695795,0.174365055,-0.85370631
0.0009,0.00085,0.00095,396.3463511,0.383960379,-0.235508035,0.89281039
0.0009,0.0009,5.00E-05,863.0497054,0.301890053,-0.044704139,0.952294038
0.0009,0.0009,0.0001,895.1038479,0.97175478,-0.088138013,-0.218916284
0.0009,0.0009,0.00015,836.1430391,0.965682928,0.034391009,-0.257436868
0.0009,0.0009,0.0002,859.7968878,0.987679043,0.067806343,0.141040447
0.0009,0.0009,0.00025,865.6117548,0.978233876,0.146192957,-0.147262021
0.0009,0.0009,0.0003,835.0667091,0.992898944,0.062335361,-0.101321217
0.0009,0.0009,0.00035,851.6406805,0.846195443,-0.452058341,-0.282128567
0.0009,0.0009,0.0004,794.20063,0.651315645,-0.635734994,-0.414281243
0.0009,0.0009,0.00045,740.5941478,0.723574401,-0.597261668,-0.346003738
0.0009,0.0009,0.0005,681.9207049,0.793963307,-0.60115302,-0.090759652
0.0009,0.0009,0.00055,720.5893036,0.782701699,-0.622396588,-0.000733075
0.0009,0.0009,0.0006,681.7728356,0.19696848,-0.721414951,-0.663900509
0.0009,0.0009,0.00065,642.0992454,-0.101356928,-0.821995105,-0.560402373
0.0009,0.0009,0.0007,627.0533111,-0.533636235,0.799924957,0.274503974
0.0009,0.0009,0.00075,693.0606772,0.445859105,0.876735031,0.180403279
0.0009,0.0009,0.0008,677.2457176,0.42188833,0.904365053,-0.064296872
0.0009,0.0009,0.00085,678.0798023,0.181764286,0.666404313,-0.723095455
0.0009,0.0009,0.0009,524.0297431,0.32824063,0.212843721,-0.920301928
0.0009,0.0009,0.00095,352.0993232,0.5323191,0.233220721,0.813784045
0.0009,0.00095,5.00E-05,842.3444537,0.142722065,-0.955942734,0.256522709
0.0009,0.00095,0.0001,850.2885568,0.137271286,-0.990527587,0.003419478
0.0009,0.00095,0.00015,847.006879,0.149798836,-0.988715458,-0.001432258
0.0009,0.00095,0.0002,848.4079947,0.163565883,-0.986532054,-0.000841512
0.0009,0.00095,0.00025,845.8759155,0.154686346,-0.987960351,-0.002545389
0.0009,0.00095,0.0003,844.9742119,0.135527081,-0.989386769,-0.0524045
0.0009,0.00095,0.00035,776.8438516,0.142579977,-0.983932849,-0.107457424
0.0009,0.00095,0.0004,700.7823908,0.152558674,-0.984561108,-0.085821186
0.0009,0.00095,0.00045,666.7707144,0.159271488,-0.986332917,-0.042189699
0.0009,0.00095,0.0005,649.284461,0.185587525,-0.982379091,-0.022104121
0.0009,0.00095,0.00055,641.2671532,0.168422044,-0.985663477,-0.010075974
0.0009,0.00095,0.0006,637.5841832,0.129830482,-0.990866433,-0.036438422
0.0009,0.00095,0.00065,601.9680973,-0.037559848,-0.989015969,0.142956882
0.0009,0.00095,0.0007,781.4844106,-0.048696235,-0.971122284,0.233559811
0.0009,0.00095,0.00075,830.8738098,-0.060711253,-0.998135552,0.006289909
0.0009,0.00095,0.0008,787.6707421,-0.064850842,-0.989872801,-0.126278289
0.0009,0.00095,0.00085,715.0078029,-0.031877656,-0.980861887,-0.192077522
0.0009,0.00095,0.0009,621.7747338,0.153242296,-0.932836425,-0.326087416
0.0009,0.00095,0.00095,493.5053956,0.352165659,-0.828910823,0.434610397
0.00095,0,5.00E-05,-447.6992069,0.015656176,-0.973730032,-0.2271667
0.00095,0,0.0001,-438.7478312,0.018005212,-0.999650033,0.019381039
0.00095,0,0.00015,-421.4884268,0.037411072,-0.999040581,0.022766863
0.00095,0,0.0002,-408.350519,0.045100496,-0.998878725,0.01439575
0.00095,0,0.00025,-402.4522504,0.06422165,-0.997934691,0.001389849
0.00095,0,0.0003,-406.5559662,0.075550721,-0.997095074,-0.009669677
0.00095,0,0.00035,-414.7153429,0.093990304,-0.99548992,-0.012870214
0.00095,0,0.0004,-422.3425135,0.107727507,-0.994163698,-0.005772789
0.00095,0,0.00045,-421.6581672,0.123430307,-0.992281312,0.011948126
0.00095,0,0.0005,-408.3525873,0.135805696,-0.990388886,0.026204324
0.00095,0,0.00055,-391.6465886,0.139126679,-0.98990495,0.027054707
0.00095,0,0.0006,-378.0347379,0.122600278,-0.992027697,0.029158534
0.00095,0,0.00065,-358.3658035,0.102170524,-0.993873747,0.042144513
0.00095,0,0.0007,-334.4420094,0.083248243,-0.994906167,0.056845838
0.00095,0,0.00075,-296.9754126,0.083212434,-0.993763475,0.074228336
0.00095,0,0.0008,-256.9272335,0.074197389,-0.993050572,0.091352657
0.00095,0,0.00085,-205.9455781,0.068552153,-0.990762866,0.11700233
0.00095,0,0.0009,-150.2825745,0.071005985,-0.992628109,0.098222133
0.00095,0,0.00095,-119.531743,0.110052628,-0.916427531,-0.38477136
0.00095,5.00E-05,5.00E-05,-418.0475479,-0.033167759,0.524206562,-0.850944992
0.00095,5.00E-05,0.0001,-404.5925694,-0.046538712,0.979064883,0.198156766
0.00095,5.00E-05,0.00015,-381.4174169,-0.177799436,0.964992711,0.1928119
0.00095,5.00E-05,0.0002,-362.2370646,-0.240228504,0.950284758,0.198113969
0.00095,5.00E-05,0.00025,-334.5311493,-0.117977152,0.987678951,0.102818685
0.00095,5.00E-05,0.0003,-337.8504623,-0.129087274,0.990739945,-0.042081316
0.00095,5.00E-05,0.00035,-348.5545071,-0.038193008,0.978450889,-0.202916612
0.00095,5.00E-05,0.0004,-380.394418,0.211966769,0.96087446,-0.178298516
0.00095,5.00E-05,0.00045,-381.853812,0.297518736,0.952590423,0.063671723
0.00095,5.00E-05,0.0005,-368.5798593,0.330321654,0.932559769,0.145670459
0.00095,5.00E-05,0.00055,-356.1334991,0.341532263,0.933106081,0.112555564
0.00095,5.00E-05,0.0006,-351.9074212,0.778893395,0.620862544,0.088627203
0.00095,5.00E-05,0.00065,-343.4971866,0.925527924,0.345118447,0.155856726
0.00095,5.00E-05,0.0007,-327.2506704,0.876277834,0.264229806,0.402889274
0.00095,5.00E-05,0.00075,-296.6415124,0.89375292,0.065766548,0.443712159
0.00095,5.00E-05,0.0008,-262.0503247,0.877208317,-0.070018511,0.474976816
0.00095,5.00E-05,0.00085,-218.2999009,0.841973603,-0.193764601,0.503523318
0.00095,5.00E-05,0.0009,-168.9904748,0.85630656,-0.300606004,0.419970362
0.00095,5.00E-05,0.00095,-142.7584173,0.472677801,-0.219837197,-0.85337407
0.00095,0.0001,5.00E-05,-286.401847,-0.292855294,0.933004023,-0.209139355
0.00095,0.0001,0.0001,-257.7634738,-0.213916718,0.96594159,0.145590121
0.00095,0.0001,0.00015,-209.5059017,-0.324880309,0.935044072,0.141934378
0.00095,0.0001,0.0002,-183.4531752,-0.364602064,0.927535442,0.082117832
0.00095,0.0001,0.00025,-168.1939179,-0.35346167,0.908529604,0.222797681
0.00095,0.0001,0.0003,-76.39754616,-0.362678172,0.927190287,-0.093716144
0.00095,0.0001,0.00035,-209.5711168,-0.214798406,0.867838333,-0.44801593
0.00095,0.0001,0.0004,-242.8881219,-0.091607466,0.988758428,-0.118172937
0.00095,0.0001,0.00045,-244.9009677,-0.085871981,0.996302918,-0.002549319
0.00095,0.0001,0.0005,-243.6951185,-0.08490242,0.996163919,-0.021190231
0.00095,0.0001,0.00055,-253.4290461,-0.110467418,0.975131329,-0.192134954
0.00095,0.0001,0.0006,-289.5132358,0.176639459,0.949168985,-0.260531649
0.00095,0.0001,0.00065,-303.7675851,0.703768784,0.706318368,-0.076314235
0.00095,0.0001,0.0007,-303.7123115,0.827152008,0.551409784,0.108474908
0.00095,0.0001,0.00075,-287.3114862,0.908244509,0.346340997,0.234818706
0.00095,0.0001,0.0008,-268.4759298,0.965139804,0.119422847,0.232902001
0.00095,0.0001,0.00085,-241.7566401,0.957123501,-0.044144616,0.286296797
0.00095,0.0001,0.0009,-204.3535888,0.958143667,-0.151431216,0.242959461
0.00095,0.0001,0.00095,-183.6911906,0.915590803,-0.207651211,-0.344346417
0.00095,0.00015,5.00E-05,-87.59927783,-0.440195895,0.771602866,0.459191236
0.00095,0.00015,0.0001,105.5862212,-0.473449362,0.8113023,0.342978541
0.00095,0.00015,0.00015,108.1285637,-0.568161437,0.822914068,-0.002240019
0.00095,0.00015,0.0002,104.3891028,-0.579828005,0.814660561,-0.011298413
0.00095,0.00015,0.00025,102.0228033,-0.608584684,0.790964061,-0.063249793
0.00095,0.00015,0.0003,71.51909866,-0.664739898,0.673379404,-0.323544504
0.00095,0.00015,0.00035,-26.05056449,-0.134597337,0.870899652,-0.472670448
0.00095,0.00015,0.0004,-84.78792119,0.069284584,0.986492681,-0.148431256
0.00095,0.00015,0.00045,-66.47040425,-0.151268715,0.9167204,0.369785728
0.00095,0.00015,0.0005,32.32959332,-0.323480401,0.93026712,-0.173099724
0.00095,0.00015,0.00055,-123.5954798,-0.283066686,0.786828546,-0.548428747
0.00095,0.00015,0.0006,-168.5140403,-0.118479069,0.949509176,-0.290508235
0.00095,0.00015,0.00065,-212.0791369,-0.01045311,0.949607604,-0.313266868
0.00095,0.00015,0.0007,-243.5994907,0.071489778,0.986404656,-0.147969814
0.00095,0.00015,0.00075,-244.6703396,0.523931832,0.851447094,0.023092885
0.00095,0.00015,0.0008,-238.6916186,0.745707285,0.661997807,0.075362783
0.00095,0.00015,0.00085,-228.1870396,0.861072934,0.481502245,0.163428853
0.00095,0.00015,0.0009,-205.1813751,0.920039633,0.362652467,0.148358556
0.00095,0.00015,0.00095,-192.2359764,0.888175153,0.265924631,0.374738559
0.00095,0.0002,5.00E-05,214.0442487,-0.496165566,0.726782223,0.474981401
0.00095,0.0002,0.0001,205.2230663,-0.817990086,0.574054738,0.036788271
0.00095,0.0002,0.00015,230.2785915,-0.838881963,0.533070392,0.11005912
0.00095,0.0002,0.0002,256.7964728,-0.845577593,0.533338688,0.023417457
0.00095,0.0002,0.00025,242.8586866,-0.79767227,0.585970866,-0.142678285
0.00095,0.0002,0.0003,190.1561025,-0.48720643,0.702994697,-0.518100714
0.00095,0.0002,0.00035,78.42600637,-0.071161335,0.783902873,-0.616791982
0.00095,0.0002,0.0004,25.74718543,0.161020128,0.976144722,-0.145650264
0.00095,0.0002,0.00045,45.44018552,-0.142088971,0.976205649,0.163808595
0.00095,0.0002,0.0005,63.30467449,-0.52674605,0.847550213,-0.064786064
0.00095,0.0002,0.00055,34.72051737,-0.372166779,0.898251859,-0.233742349
0.00095,0.0002,0.0006,-0.309577082,-0.146853965,0.906744891,-0.395281691
0.00095,0.0002,0.00065,-76.16064067,0.004887121,0.967897402,-0.251298099
0.00095,0.0002,0.0007,-86.45101159,0.073453349,0.994904777,-0.069058603
0.00095,0.0002,0.00075,-106.3556032,0.117464969,0.990570921,-0.070506966
0.00095,0.0002,0.0008,-123.6841897,0.253023103,0.961272458,-0.10924546
0.00095,0.0002,0.00085,-143.027088,0.229599361,0.973023518,0.022569147
0.00095,0.0002,0.0009,-116.4736434,0.566975736,0.816225541,0.110970176
0.00095,0.0002,0.00095,-100.2517498,0.410182158,0.62438036,0.664755416
0.00095,0.00025,5.00E-05,379.8162156,-0.589351943,0.68244244,0.432361658
0.00095,0.00025,0.0001,358.9115637,-0.702337776,0.710775819,-0.038979269
0.00095,0.00025,0.00015,357.9239106,-0.774931087,0.629369598,0.058100941
0.00095,0.00025,0.0002,390.9040473,-0.752268103,0.657896873,0.035558472
0.00095,0.00025,0.00025,375.7106702,-0.799149059,0.554239255,-0.232765179
0.00095,0.00025,0.0003,294.6326734,0.165287511,0.724820535,-0.668816291
0.00095,0.00025,0.00035,182.9025772,0.350892482,0.746319299,-0.56558109
0.00095,0.00025,0.0004,136.2822921,0.236081087,0.965306855,-0.111572379
0.00095,0.00025,0.00045,157.3507753,0.13230586,0.978434814,0.158620533
0.00095,0.00025,0.0005,172.5674225,-0.004259746,0.983122462,-0.182899094
0.00095,0.00025,0.00055,120.8686488,-0.06282405,0.892269638,-0.44711076
0.00095,0.00025,0.0006,85.83855431,0.185406106,0.982639474,-0.006651322
0.00095,0.00025,0.00065,119.7024042,0.39932952,0.843514046,0.359193524
0.00095,0.00025,0.0007,191.4094896,0.508755881,0.753212476,0.416939346
0.00095,0.00025,0.00075,278.4283753,0.53188253,0.813944472,-0.233656523
0.00095,0.00025,0.0008,83.98804627,0.425144968,0.838883954,-0.339890376
0.00095,0.00025,0.00085,82.68119879,0.383051626,0.922712975,0.043269132
0.00095,0.00025,0.0009,109.446617,0.349411213,0.934445126,0.068732172
0.00095,0.00025,0.00095,118.2073465,0.207035956,0.860134378,0.466159807
0.00095,0.0003,5.00E-05,593.9733437,-0.561684145,0.728561974,0.392056592
0.00095,0.0003,0.0001,604.4229805,-0.633359989,0.773255686,-0.030508502
0.00095,0.0003,0.00015,576.8323022,-0.65742658,0.752824033,-0.032346061
0.00095,0.0003,0.0002,585.8841089,-0.63956012,0.742788846,-0.198059545
0.00095,0.0003,0.00025,472.0913181,-0.607627383,0.684048739,-0.403566953
0.00095,0.0003,0.0003,399.1092442,0.090324813,0.615488433,-0.782953011
0.00095,0.0003,0.00035,287.3791481,0.114246692,0.802844719,-0.585139342
0.00095,0.0003,0.0004,246.8173987,0.017708721,0.996502234,-0.081668222
0.00095,0.0003,0.00045,269.2613651,-0.156978805,0.985984946,0.056491947
0.00095,0.0003,0.0005,259.4040492,-0.307296058,0.904953188,-0.29432781
0.00095,0.0003,0.00055,207.7996348,-0.311718649,0.870589677,-0.380664023
0.00095,0.0003,0.0006,171.9866857,-0.125906929,0.974614434,-0.185132789
0.00095,0.0003,0.00065,171.7574334,0.669141571,0.720693223,0.181247997
0.00095,0.0003,0.0007,200.2918512,0.828527066,0.194997395,0.524898959
0.00095,0.0003,0.00075,267.847903,0.599568687,-0.267615077,0.754254307
0.00095,0.0003,0.0008,359.4397141,0.545034807,0.612785816,0.572215522
0.00095,0.0003,0.00085,399.8761919,0.467479516,0.883631913,0.025642645
0.00095,0.0003,0.0009,366.5204877,0.117530617,0.9930506,-0.00608771
0.00095,0.0003,0.00095,398.6204891,-0.053352473,0.886358691,0.459914975
0.00095,0.00035,5.00E-05,762.2606696,-0.393598128,0.593856454,0.701722898
0.00095,0.00035,0.0001,793.3612129,-0.727276835,0.679918899,0.093694696
0.00095,0.00035,0.00015,789.3986482,-0.649524876,0.759633512,-0.032777463
0.00095,0.00035,0.0002,783.7174037,-0.535222107,0.751587994,-0.385555163
0.00095,0.00035,0.00025,692.2953399,-0.202307894,0.601091374,-0.77314984
0.00095,0.00035,0.0003,439.8370503,-0.161073412,0.711462598,-0.684014859
0.00095,0.00035,0.00035,391.8557189,-0.218245167,0.951623372,-0.216291483
0.00095,0.00035,0.0004,357.3525053,-0.289597114,0.956408641,-0.037630072
0.00095,0.00035,0.00045,377.0324917,-0.362604938,0.931876789,0.011104444
0.00095,0.00035,0.0005,361.5403531,-0.402375692,0.90148625,-0.159425038
0.00095,0.00035,0.00055,320.7946981,-0.4276333,0.865770116,-0.259945892
0.00095,0.00035,0.0006,275.5793885,-0.204983364,0.917715154,-0.340265657
0.00095,0.00035,0.00065,232.2517359,0.026941185,0.961994391,-0.271736938
0.00095,0.00035,0.0007,227.1066288,-0.059445613,0.995425241,-0.074798451
0.00095,0.00035,0.00075,221.9615217,-0.244251926,0.969557193,-0.017316039
0.00095,0.00035,0.0008,225.3771901,-0.058184753,0.392890401,0.917742702
0.00095,0.00035,0.00085,326.6808933,-0.782109924,0.485846135,0.390201999
0.00095,0.00035,0.0009,314.281665,-0.663360615,-0.353990035,0.65927517
0.00095,0.00035,0.00095,556.5597091,-0.209603744,-0.349087329,0.913347857
0.00095,0.0004,5.00E-05,794.3745302,-0.212545055,0.051249104,0.975806399
0.00095,0.0004,0.0001,801.3564824,-0.999288879,-0.00811503,0.036822316
0.00095,0.0004,0.00015,800.3322332,-0.98664656,-0.022746322,-0.161279789
0.00095,0.0004,0.0002,775.1739632,-0.910669812,-0.144993929,-0.386855598
0.00095,0.0004,0.00025,739.4437813,-0.787594628,0.356368688,-0.50268883
0.00095,0.0004,0.0003,711.6047267,-0.239595383,0.920904285,-0.307456259
0.00095,0.0004,0.00035,650.2885878,-0.08623985,0.957622355,-0.274812869
0.00095,0.0004,0.0004,623.5656179,-0.010216458,0.996186446,-0.086649809
0.00095,0.0004,0.00045,620.7024768,0.025060013,0.988724653,-0.147633184
0.00095,0.0004,0.0005,577.4067818,0.038124073,0.932375406,-0.359475531
0.00095,0.0004,0.00055,494.0993484,-0.049063324,0.906614894,-0.419096915
0.00095,0.0004,0.0006,410.791915,-0.123483592,0.910843376,-0.393847873
0.00095,0.0004,0.00065,343.3591421,-0.117000201,0.972926223,-0.199312611
0.00095,0.0004,0.0007,337.2350466,-0.177199835,0.982628575,0.055147995
0.00095,0.0004,0.00075,364.6823907,-0.168689882,0.972423786,0.161045659
0.00095,0.0004,0.0008,404.2706191,-0.202804443,0.940731407,0.27183594
0.00095,0.0004,0.00085,510.5724355,-0.421936308,0.864554241,-0.27297567
0.00095,0.0004,0.0009,243.089766,-0.529933524,0.58310634,-0.615757628
0.00095,0.0004,0.00095,227.4000795,-0.205261288,-0.474362945,0.856065184
0.00095,0.00045,5.00E-05,792.4047138,-0.36428666,-0.028512001,0.930850308
0.00095,0.00045,0.0001,792.0482336,-0.978134181,-0.205045601,-0.034782546
0.00095,0.00045,0.00015,785.7059597,-0.958854161,-0.224068382,-0.174333184
0.00095,0.00045,0.0002,760.8963409,-0.925426094,-0.14238524,-0.35115949
0.00095,0.00045,0.00025,737.361162,-0.88125388,0.201970538,-0.427316628
0.00095,0.00045,0.0003,706.8779621,-0.855408317,0.258477253,-0.448849775
0.00095,0.00045,0.00035,698.639819,-0.581762053,0.806466734,-0.105661347
0.00095,0.00045,0.0004,697.4950056,-0.376501396,0.918257874,-0.122675083
0.00095,0.00045,0.00045,686.1661017,-0.09091844,0.992362321,-0.083371822
0.00095,0.00045,0.0005,689.9121979,0.331364783,0.94270165,-0.038871318
0.00095,0.00045,0.00055,681.2256973,0.335120035,0.891495108,-0.30484592
0.00095,0.00045,0.0006,624.1929723,0.343825386,0.889841849,-0.299942641
0.00095,0.00045,0.00065,591.3128394,0.366200447,0.929271961,-0.04848562
0.00095,0.00045,0.0007,607.0448903,0.183120385,0.979667524,0.081966254
0.00095,0.00045,0.00075,626.7348369,0.184828083,0.94190623,0.280448273
0.00095,0.00045,0.0008,730.2528413,-0.004303264,0.894343176,0.44736089
0.00095,0.00045,0.00085,837.1644468,-0.18832684,0.916009536,-0.35420267
0.00095,0.00045,0.0009,582.4384665,-0.020123033,0.703920406,-0.709993751
0.00095,0.00045,0.00095,251.0817278,-0.035609782,0.867200144,0.496684864
0.00095,0.0005,5.00E-05,777.8046934,-0.707836514,-0.00185502,0.706373859
0.00095,0.0005,0.0001,761.8668472,-0.982871033,-0.136527146,-0.123793665
0.00095,0.0005,0.00015,760.2930735,-0.976335104,-0.210644223,-0.048977299
0.00095,0.0005,0.0002,755.5715152,-0.998935719,0.030492075,0.034607275
0.00095,0.0005,0.00025,764.9754838,-0.942504752,0.295295854,-0.156477317
0.00095,0.0005,0.0003,733.9030254,-0.814459794,0.475741538,-0.332152424
0.00095,0.0005,0.00035,721.9045805,-0.760641295,0.633083404,-0.14363225
0.00095,0.0005,0.0004,716.934938,-0.67149215,0.731828321,-0.116299619
0.00095,0.0005,0.00045,710.9595017,-0.638737729,0.720614341,-0.269683306
0.00095,0.0005,0.0005,697.2207634,-0.307716266,0.437250286,-0.845057919
0.00095,0.0005,0.00055,686.2894495,0.87066553,-0.046366768,-0.489685263
0.00095,0.0005,0.0006,677.5369945,0.711653685,0.684878334,-0.15649505
0.00095,0.0005,0.00065,672.0180686,0.570243081,0.656454774,0.493852163
0.00095,0.0005,0.0007,760.6017248,0.3540787,0.78955024,0.501237162
0.00095,0.0005,0.00075,778.4853911,0.507429317,0.785939356,0.353291405
0.00095,0.0005,0.0008,824.9517514,0.478968668,0.163166599,0.862534449
0.00095,0.0005,0.00085,892.8376986,-0.118604366,-0.992911555,-0.007723291
0.00095,0.0005,0.0009,824.1590852,0.253572712,0.589982251,-0.76656495
0.00095,0.0005,0.00095,593.9962316,0.154741701,0.984404562,-0.083681925
0.00095,0.00055,5.00E-05,791.9638659,-0.946005021,0.271257311,-0.17746541
0.00095,0.00055,0.0001,772.7353594,-0.925653829,0.307159971,-0.220947373
0.00095,0.00055,0.00015,758.6306548,-0.974502329,0.218539591,-0.050849365
0.00095,0.00055,0.0002,765.0219592,-0.971719044,0.204651928,0.11781209
0.00095,0.00055,0.00025,778.2528089,-0.987943724,0.153412372,0.020780828
0.00095,0.00055,0.0003,768.5683678,-0.900220006,0.434450307,-0.029272367
0.00095,0.00055,0.00035,773.4295304,-0.794483123,0.607094074,-0.015275859
0.00095,0.00055,0.0004,766.3681345,-0.799564227,0.550871224,-0.239244522
0.00095,0.00055,0.00045,738.8438783,-0.763577971,0.413670001,-0.495808242
0.00095,0.00055,0.0005,702.6769885,-0.684438711,0.276375616,-0.674655594
0.00095,0.00055,0.00055,679.3619027,-0.906459138,0.178093596,-0.382902732
0.00095,0.00055,0.0006,686.6496415,-0.407561127,0.793112621,0.452621583
0.00095,0.00055,0.00065,701.7269326,0.002575709,0.712261027,0.701909963
0.00095,0.00055,0.0007,774.7525274,-0.023760327,0.509878683,0.859918121
0.00095,0.00055,0.00075,769.8892353,0.266262039,-0.48485796,-0.833076998
0.00095,0.00055,0.0008,751.8849942,0.039373312,-0.942781061,-0.331079468
0.00095,0.00055,0.00085,735.2587369,-0.001515198,-0.96273665,0.2704364
0.00095,0.00055,0.0009,812.4400617,0.313385588,-0.887559541,0.337679631
0.00095,0.00055,0.00095,796.3783961,0.82732863,0.540724523,-0.152132602
0.00095,0.0006,5.00E-05,813.9432658,-0.831043183,0.142699149,0.537591091
0.00095,0.0006,0.0001,808.2065164,-0.962239819,0.251420745,-0.104317495
0.00095,0.0006,0.00015,793.4436023,-0.962293126,0.256565436,-0.090366569
0.00095,0.0006,0.0002,789.6572501,-0.976372828,0.215789924,-0.011437211
0.00095,0.0006,0.00025,791.156489,-0.982411365,0.167850128,0.081818365
0.00095,0.0006,0.0003,805.488451,-0.952574953,0.285300271,0.105852323
0.00095,0.0006,0.00035,809.3463808,-0.954445087,0.29492324,-0.045330549
0.00095,0.0006,0.0004,796.5699506,-0.943588519,0.23617243,-0.232084663
0.00095,0.0006,0.00045,764.0992323,-0.873570505,0.242290266,-0.422101883
0.00095,0.0006,0.0005,721.587815,-0.792549558,0.356091455,-0.495039466
0.00095,0.0006,0.00055,693.7440003,-0.844526261,0.533340804,-0.048197317
0.00095,0.0006,0.0006,716.726437,-0.545714269,0.633971717,0.547974269
0.00095,0.0006,0.00065,761.4202075,-0.544110959,0.611589273,0.574370809
0.00095,0.0006,0.0007,801.017788,-0.997033176,0.058426814,0.050111411
0.00095,0.0006,0.00075,765.1762906,-0.442176034,-0.409821135,-0.797826417
0.00095,0.0006,0.0008,726.3380313,-0.332860929,-0.525910055,-0.782701869
0.00095,0.0006,0.00085,677.2654503,-0.129739282,-0.80312496,-0.581513557
0.00095,0.0006,0.0009,663.5117389,0.179686078,-0.982570311,-0.047628735
0.00095,0.0006,0.00095,666.7747227,0.339910452,-0.786827167,0.51513483
0.00095,0.00065,5.00E-05,829.5057764,-0.697779581,0.109603029,0.707877696
0.00095,0.00065,0.0001,822.1426104,-0.944452175,0.319075288,-0.078746742
0.00095,0.00065,0.00015,811.2950488,-0.941353517,0.33213249,-0.059511045
0.00095,0.00065,0.0002,808.1737392,-0.976465961,0.215656414,-0.002556902
0.00095,0.00065,0.00025,810.7304694,-0.968472857,0.243999391,0.050245629
0.00095,0.00065,0.0003,817.5949824,-0.981895838,0.165500824,0.092141412
0.00095,0.00065,0.00035,831.4538233,-0.990063557,0.138963517,-0.021524271
0.00095,0.00065,0.0004,812.4122328,-0.967138046,0.147553604,-0.207055386
0.00095,0.00065,0.00045,781.8842966,-0.945533734,0.173436714,-0.275473527
0.00095,0.00065,0.0005,753.2848666,-0.928750243,0.273243199,-0.250521737
0.00095,0.00065,0.00055,733.1568317,-0.842359594,0.53226236,0.084422121
0.00095,0.00065,0.0006,764.9467509,-0.836763975,0.393302205,0.380971686
0.00095,0.00065,0.00065,791.4802509,-0.98147529,0.159776799,0.105724309
0.00095,0.00065,0.0007,779.1318886,-0.824648516,-0.358113354,-0.437846607
0.00095,0.00065,0.00075,731.5283312,-0.600716162,-0.413417523,-0.684270447
0.00095,0.00065,0.0008,692.8162777,-0.373226552,-0.554551503,-0.743757065
0.00095,0.00065,0.00085,648.4897132,-0.099804973,-0.552233396,-0.827693931
0.00095,0.00065,0.0009,596.0186628,0.248927533,-0.756786614,-0.604408062
0.00095,0.00065,0.00095,566.6062952,0.296812883,-0.507093683,0.809171249
0.00095,0.0007,5.00E-05,853.508793,-0.686628644,0.079984355,0.722595051
0.00095,0.0007,0.0001,881.9948787,-0.977834807,0.202583091,0.052907287
0.00095,0.0007,0.00015,871.4041894,-0.957132928,0.258443371,-0.130780668
0.00095,0.0007,0.0002,837.2754909,-0.968399078,0.221309985,-0.11500051
0.00095,0.0007,0.00025,836.9072866,-0.986392106,0.163091782,0.020776993
0.00095,0.0007,0.0003,842.7109342,-0.992468534,0.120812387,0.020262683
0.00095,0.0007,0.00035,842.8068919,-0.996578402,0.07348704,-0.037830451
0.00095,0.0007,0.0004,831.8946163,-0.983752494,0.103917498,-0.146397354
0.00095,0.0007,0.00045,801.3255175,-0.960504349,0.173927529,-0.21721098
0.00095,0.0007,0.0005,774.7346937,-0.96701155,0.210359676,-0.143657472
0.00095,0.0007,0.00055,767.269541,-0.979756638,0.199868211,0.011385433
0.00095,0.0007,0.0006,776.9375504,-0.996089109,-0.003175254,0.088297254
0.00095,0.0007,0.00065,782.8576226,-0.979731853,-0.135918467,-0.147145053
0.00095,0.0007,0.0007,751.9833026,-0.886178344,-0.141818516,-0.441107074
0.00095,0.0007,0.00075,713.0267549,-0.767406408,-0.057504427,-0.638577048
0.00095,0.0007,0.0008,664.4237415,-0.51847591,-0.187464868,-0.83428991
0.00095,0.0007,0.00085,612.6825489,-0.111617747,-0.39108215,-0.913562384
0.00095,0.0007,0.0009,560.984525,0.118105065,-0.515743484,-0.848563405
0.00095,0.0007,0.00095,520.4523707,0.16511796,-0.203237229,0.965106568
0.00095,0.00075,5.00E-05,869.525071,-0.744139979,0.078574391,0.663386582
0.00095,0.00075,0.0001,890.6644519,-0.997288933,0.021428192,0.070396145
0.00095,0.00075,0.00015,899.6676617,-0.99769171,0.056598859,-0.037520953
0.00095,0.00075,0.0002,874.5604798,-0.987100914,0.097487017,-0.126996329
0.00095,0.00075,0.00025,853.3967069,-0.993926216,0.080452503,-0.075087092
0.00095,0.00075,0.0003,852.7702542,-0.998529864,0.05413155,-0.002808157
0.00095,0.00075,0.00035,852.4649183,-0.994422403,0.10014303,-0.033097712
0.00095,0.00075,0.0004,841.8570316,-0.987522461,0.139418594,-0.073224614
0.00095,0.00075,0.00045,827.6540091,-0.974428345,0.19169901,-0.117221541
0.00095,0.00075,0.0005,803.1535163,-0.97291184,0.143030632,-0.181617151
0.00095,0.00075,0.00055,771.8273891,-0.983824975,0.089900872,-0.154939508
0.00095,0.00075,0.0006,764.3861885,-0.999763432,0.014687849,-0.016042057
0.00095,0.00075,0.00065,768.4299136,-0.988852845,-0.144037044,-0.037727722
0.00095,0.00075,0.0007,756.6808543,-0.953596329,-0.17819188,-0.242696715
0.00095,0.00075,0.00075,723.6435154,-0.85146216,-0.165538031,-0.497603607
0.00095,0.00075,0.0008,670.2689436,-0.632022338,-0.168054401,-0.756508746
0.00095,0.00075,0.00085,604.2089592,-0.366547533,-0.136908857,-0.920271086
0.00095,0.00075,0.0009,539.9626119,0.002452386,-0.274561363,-0.961566453
0.00095,0.00075,0.00095,505.0049926,0.085595837,-0.12495309,0.988463494
0.00095,0.0008,5.00E-05,899.1879763,-0.743091494,0.054115568,0.666998153
0.00095,0.0008,0.0001,891.1701145,-0.998817139,0.048016299,-0.007665349
0.00095,0.0008,0.00015,895.6963877,-0.999054044,-0.013001922,-0.041496596
0.00095,0.0008,0.0002,872.7947647,-0.9937539,0.034718566,-0.106055685
0.00095,0.0008,0.00025,860.2545511,-0.998212327,0.042192433,-0.04233141
0.00095,0.0008,0.0003,860.6725932,-0.988204645,0.142591655,0.055849798
0.00095,0.0008,0.00035,875.8267931,-0.992854734,0.103843833,0.058787213
0.00095,0.0008,0.0004,879.1342245,-0.976543194,0.213006492,-0.031490087
0.00095,0.0008,0.00045,864.6195631,-0.963481732,0.213258095,-0.161938066
0.00095,0.0008,0.0005,818.7003475,-0.965687055,0.154287312,-0.208911314
0.00095,0.0008,0.00055,789.763588,-0.985849066,0.109731499,-0.126730493
0.00095,0.0008,0.0006,780.0482243,-0.99043912,0.016882359,-0.136913609
0.00095,0.0008,0.00065,753.4401679,-0.949024541,-0.175217034,-0.262014144
0.00095,0.0008,0.0007,719.1003998,-0.917676106,-0.237862261,-0.318264214
0.00095,0.0008,0.00075,684.2800631,-0.883469509,-0.169868843,-0.436607607
0.00095,0.0008,0.0008,637.8919891,-0.791037008,-0.081314955,-0.606340111
0.00095,0.0008,0.00085,593.2968579,-0.536328803,0.337457574,-0.773610885
0.00095,0.0008,0.0009,532.6582703,-0.245174503,-0.17196768,-0.95410512
0.00095,0.0008,0.00095,478.791907,0.029211528,-0.125946334,0.991606882
0.00095,0.00085,5.00E-05,902.9825563,-0.631824492,0.104621286,0.768018358
0.00095,0.00085,0.0001,912.5360156,-0.995319133,0.094319166,-0.021064644
0.00095,0.00085,0.00015,893.9102046,-0.997596685,0.010408155,-0.068501998
0.00095,0.00085,0.0002,886.1627787,-0.973172338,0.217877342,-0.073926075
0.00095,0.00085,0.00025,865.4790804,-0.981692925,0.18952257,0.018978844
0.00095,0.00085,0.0003,892.5281737,-0.990701405,0.122930052,0.058300325
0.00095,0.00085,0.00035,885.0762032,-0.991742942,0.107127837,0.070495132
0.00095,0.00085,0.0004,917.6654192,-0.997987463,0.031247748,0.055177905
0.00095,0.00085,0.00045,907.2400744,-0.989655953,0.002349089,-0.143441891
0.00095,0.00085,0.0005,858.4369136,-0.953884215,-0.110067749,-0.279266889
0.00095,0.00085,0.00055,805.2949101,-0.968726404,-0.020315802,-0.247298244
0.00095,0.00085,0.0006,768.865108,-0.953040155,-0.162799312,-0.255364145
0.00095,0.00085,0.00065,727.6722017,-0.942980445,-0.229052494,-0.241501211
0.00095,0.00085,0.0007,704.9924201,-0.926489191,-0.34348906,-0.153730431
0.00095,0.00085,0.00075,692.0481456,-0.850432301,0.479289273,-0.216902497
0.00095,0.00085,0.0008,658.0673836,-0.824952535,0.528619236,-0.200037543
0.00095,0.00085,0.00085,650.1130644,-0.700349435,0.430447454,-0.569408165
0.00095,0.00085,0.0009,519.3242668,-0.595097765,0.138835891,-0.791570114
0.00095,0.00085,0.00095,458.4511881,-0.006793754,-0.010757915,0.999919053
0.00095,0.0009,5.00E-05,961.044491,-0.583593508,0.083510544,0.807740432
0.00095,0.0009,0.0001,931.7925272,-0.98478815,0.085723614,-0.151141528
0.00095,0.0009,0.00015,899.7035224,-0.986346187,0.151646054,0.064223628
0.00095,0.0009,0.0002,956.5879023,-0.984608718,0.165831167,0.055187829
0.00095,0.0009,0.00025,923.819331,-0.973958879,0.192968692,-0.119025987
0.00095,0.0009,0.0003,901.9944096,-0.996273857,0.082902704,-0.02378114
0.00095,0.0009,0.00035,914.0265757,-0.999312598,-0.028662628,-0.023511375
0.00095,0.0009,0.0004,891.6858257,-0.960699609,-0.250932415,-0.118697869
0.00095,0.0009,0.00045,865.5895242,-0.899096555,-0.327101528,-0.290912316
0.00095,0.0009,0.0005,778.5205941,-0.924615456,-0.283540675,-0.254344145
0.00095,0.0009,0.00055,782.4051732,-0.98030835,-0.145326093,-0.133700654
0.00095,0.0009,0.0006,730.5623284,-0.959134002,0.03604831,-0.280646548
0.00095,0.0009,0.00065,692.8599397,-0.938357959,-0.148002312,-0.312377425
0.00095,0.0009,0.0007,639.5034489,-0.938055704,0.140525454,0.316708215
0.00095,0.0009,0.00075,787.9702787,-0.947973903,0.130483207,0.290378395
0.00095,0.0009,0.0008,748.7096399,-0.948957828,0.192923049,-0.249519014
0.00095,0.0009,0.00085,698.1805337,-0.879453789,0.088797035,-0.467628185
0.00095,0.0009,0.0009,566.27443,-0.547513114,0.533515248,-0.644663378
0.00095,0.0009,0.00095,474.6642095,-0.027672372,0.261871497,0.964705944
0.00095,0.00095,5.00E-05,950.2440689,-0.233418627,-0.938533033,0.254305901
0.00095,0.00095,0.0001,947.327046,-0.263167776,-0.964748824,0.001558087
0.00095,0.00095,0.00015,952.4575166,-0.250955537,-0.96796321,0.00827897
0.00095,0.00095,0.0002,958.6271747,-0.263224196,-0.964734084,0.001081582
0.00095,0.00095,0.00025,953.9877761,-0.287594712,-0.957474229,-0.023073419
0.00095,0.00095,0.0003,926.6663985,-0.308986816,-0.949227973,-0.059105014
0.00095,0.00095,0.00035,872.5090477,-0.278270023,-0.957144985,-0.080245071
0.00095,0.00095,0.0004,815.267403,-0.249038651,-0.966102208,-0.068016724
0.00095,0.00095,0.00045,779.9971969,-0.250412347,-0.967422425,-0.037249262
0.00095,0.00095,0.0005,765.7037114,-0.278459766,-0.960202577,-0.021706444
0.00095,0.00095,0.00055,753.166613,-0.290375896,-0.956838036,0.011950369
0.00095,0.00095,0.0006,780.3669573,-0.303206302,-0.951103738,-0.058886477
0.00095,0.00095,0.00065,684.5291204,-0.302565408,-0.952654396,-0.030062863
0.00095,0.00095,0.0007,747.1934837,-0.483981405,-0.873604778,0.050761125
0.00095,0.00095,0.00075,741.1205777,-0.47751385,-0.878479381,-0.015953083
0.00095,0.00095,0.0008,727.4909962,-0.466295628,-0.883242679,-0.049505127
0.00095,0.00095,0.00085,684.7553426,-0.446857052,-0.894311315,-0.022935737
0.00095,0.00095,0.0009,704.3035461,-0.432780756,-0.889290266,-0.147863585
0.00095,0.00095,0.00095,565.6123677,-0.316861558,-0.876369337,0.362733425