X,Y,Z,Trace,GradX,GradY,GradZ
5.00E-05,5.00E-05,5.00E-05,638.8381252,-0.636254425,0.757953981,-0.143826523
5.00E-05,5.00E-05,0.0001,603.5814089,-0.965317528,0.069225035,-0.251733917
5.00E-05,5.00E-05,0.00015,588.366896,-0.958910545,-0.282649862,-0.024487165
5.00E-05,5.00E-05,0.0002,598.6437863,-0.909029778,-0.39745974,0.125262198
5.00E-05,5.00E-05,0.00025,617.7531878,-0.935201213,-0.337886279,0.105979022
5.00E-05,5.00E-05,0.0003,625.1489311,-0.99666069,-0.054172844,0.06109642
5.00E-05,5.00E-05,0.00035,632.5446744,-0.995348612,0.075452457,0.059900474
5.00E-05,5.00E-05,0.0004,639.9404178,-0.96665858,0.245392736,0.073168265
5.00E-05,5.00E-05,0.00045,648.2299618,-0.926421454,0.364630637,0.093743204
5.00E-05,5.00E-05,0.0005,657.049912,-0.629425591,0.770400098,0.101523964
5.00E-05,5.00E-05,0.00055,665.8698622,-0.377618962,0.920239866,0.102774063
5.00E-05,5.00E-05,0.0006,674.6898124,-0.253295335,0.960597499,0.114428663
5.00E-05,5.00E-05,0.00065,683.5097626,-0.03671485,0.990326273,0.133812903
5.00E-05,5.00E-05,0.0007,692.3297128,0.076236851,0.934997492,0.346363441
5.00E-05,5.00E-05,0.00075,723.4266001,-0.109626507,0.97438391,0.196361972
5.00E-05,5.00E-05,0.0008,714.5297536,-0.345492607,0.775775345,-0.528022228
5.00E-05,5.00E-05,0.00085,675.9297501,0.002225037,0.45931903,-0.888268584
5.00E-05,5.00E-05,0.0009,644.5151978,0.723883665,0.369279676,-0.582773507
5.00E-05,5.00E-05,0.00095,638.5626249,0.988343591,-0.059943178,-0.139941993
5.00E-05,0.0001,5.00E-05,595.6727821,-0.611881301,-0.558297872,-0.560272041
5.00E-05,0.0001,0.0001,461.6700574,-0.838822975,-0.419235268,-0.347300744
5.00E-05,0.0001,0.00015,445.7402657,-0.914160997,-0.405343602,-0.002497172
5.00E-05,0.0001,0.0002,460.7126627,-0.91509513,-0.386063092,0.116431061
5.00E-05,0.0001,0.00025,488.3767541,-0.901166038,-0.354356116,0.249662801
5.00E-05,0.0001,0.0003,550.7550069,-0.89099697,-0.392505097,0.228175698
5.00E-05,0.0001,0.00035,573.4909397,-0.885377363,-0.455834102,0.091226075
5.00E-05,0.0001,0.0004,582.1133053,-0.913607631,-0.402044228,0.06067566
5.00E-05,0.0001,0.00045,590.7356709,-0.8571806,-0.509216036,0.077074295
5.00E-05,0.0001,0.0005,599.3580365,-0.681030497,-0.724036738,0.109399562
5.00E-05,0.0001,0.00055,607.9804021,-0.281364499,-0.948867655,0.143122995
5.00E-05,0.0001,0.0006,616.6027677,-0.39719907,-0.907502269,0.136647466
5.00E-05,0.0001,0.00065,625.2251333,-0.571943171,-0.811180167,0.121933367
5.00E-05,0.0001,0.0007,633.8474989,-0.742525974,-0.594948912,0.307718978
5.00E-05,0.0001,0.00075,667.6718245,-0.726764228,-0.665944514,0.168320117
5.00E-05,0.0001,0.0008,657.0100087,-0.559396583,-0.784644674,-0.267223126
5.00E-05,0.0001,0.00085,633.4709394,-0.297844386,-0.902175751,-0.312037877
5.00E-05,0.0001,0.0009,630.165168,0.127587489,-0.991785799,-0.009075298
5.00E-05,0.0001,0.00095,632.9488542,0.524189688,-0.696336502,-0.490245498
5.00E-05,0.00015,5.00E-05,468.1628445,-0.762124539,-0.407672864,-0.502960259
5.00E-05,0.00015,0.0001,422.5941818,-0.988061587,-0.125558958,-0.089270645
5.00E-05,0.00015,0.00015,432.9615919,-0.993841059,-0.060888598,0.092587952
5.00E-05,0.00015,0.0002,457.2693588,-0.986793357,-0.041317091,0.156626206
5.00E-05,0.00015,0.00025,489.9525897,-0.998123303,-0.005996958,0.060941838
5.00E-05,0.00015,0.0003,478.7365307,-0.979910545,-0.19553026,-0.039284105
5.00E-05,0.00015,0.00035,475.8550244,-0.947474869,-0.290727702,0.133299572
5.00E-05,0.00015,0.0004,525.6747523,-0.898609132,-0.395819929,0.189283418
5.00E-05,0.00015,0.00045,534.2971179,-0.848904732,-0.523769579,0.070895582
5.00E-05,0.00015,0.0005,542.9194835,-0.787294954,-0.609504663,0.093116704
5.00E-05,0.00015,0.00055,551.5418491,-0.594800106,-0.79465352,0.121402708
5.00E-05,0.00015,0.0006,560.1642147,-0.692465204,-0.713176504,0.108955107
5.00E-05,0.00015,0.00065,568.7865803,-0.834667797,-0.468050801,0.290272488
5.00E-05,0.00015,0.0007,610.2625849,-0.842893029,-0.319810256,0.432727099
5.00E-05,0.00015,0.00075,631.7860608,-0.725470857,-0.687686509,0.027915964
5.00E-05,0.00015,0.0008,614.1060264,-0.653016015,-0.713994501,-0.25255086
5.00E-05,0.00015,0.00085,598.314928,-0.683704171,-0.684530458,-0.25291631
5.00E-05,0.00015,0.0009,587.4595861,-0.243960618,-0.964599454,-0.100155431
5.00E-05,0.00015,0.00095,589.5702171,0.079448439,-0.588491926,-0.804590081
5.00E-05,0.0002,5.00E-05,460.3308792,-0.905154707,-0.052821226,-0.421787713
5.00E-05,0.0002,0.0001,412.159576,-0.995634309,-0.045487545,-0.08150587
5.00E-05,0.0002,0.00015,422.9368353,-0.996149295,-0.044373552,0.075614617
5.00E-05,0.0002,0.0002,445.6787656,-0.987002636,0.031583304,0.157569959
5.00E-05,0.0002,0.00025,486.2642853,-0.994295573,0.057194458,0.090028376
5.00E-05,0.0002,0.0003,480.5866625,-0.99915715,-0.011372541,-0.039441794
5.00E-05,0.0002,0.00035,471.1182082,-0.997964962,-0.023200694,-0.059394131
5.00E-05,0.0002,0.0004,459.9021492,-0.977138957,-0.211025517,-0.025839698
5.00E-05,0.0002,0.00045,463.3332947,-0.933417555,-0.341315664,0.110613222
5.00E-05,0.0002,0.0005,486.4809305,-0.840607095,-0.517074377,0.161287942
5.00E-05,0.0002,0.00055,495.1032961,-0.743239918,-0.66135152,0.101037576
5.00E-05,0.0002,0.0006,503.7256617,-0.832800394,-0.472459788,0.288487871
5.00E-05,0.0002,0.00065,544.4438562,-0.863495657,-0.201355209,0.462418997
5.00E-05,0.0002,0.0007,587.2872534,-0.866131796,-0.46739201,0.177088737
5.00E-05,0.0002,0.00075,572.9918478,-0.73776302,-0.659917978,-0.142175906
5.00E-05,0.0002,0.0008,562.3827136,-0.754100294,-0.652707018,-0.072844315
5.00E-05,0.0002,0.00085,561.3510354,-0.72332058,-0.678463892,-0.128429308
5.00E-05,0.0002,0.0009,545.9446394,-0.49329335,-0.853208679,-0.16940077
5.00E-05,0.0002,0.00095,545.6930317,-0.043744058,-0.715791873,-0.696942215
5.00E-05,0.00025,5.00E-05,451.4402123,-0.958922421,-0.163195235,-0.232023934
5.00E-05,0.00025,0.0001,401.7249702,-0.995410586,-0.053881458,-0.079085743
5.00E-05,0.00025,0.00015,413.2912481,-0.986956661,-0.07741957,0.141148004
5.00E-05,0.00025,0.0002,469.9627054,-0.970514673,0.101673871,0.218549064
5.00E-05,0.00025,0.00025,512.129356,-0.993596117,0.112491045,0.010607613
5.00E-05,0.00025,0.0003,474.3693515,-0.983886523,0.143150059,-0.107123155
5.00E-05,0.00025,0.00035,467.7751847,-0.990661281,0.132471013,-0.032274709
5.00E-05,0.00025,0.0004,462.0975618,-0.990099036,0.132137239,-0.047367176
5.00E-05,0.00025,0.00045,452.2838266,-0.995432104,0.058737034,-0.075265449
5.00E-05,0.00025,0.0005,441.0677677,-0.98259675,-0.177033829,-0.056237454
5.00E-05,0.00025,0.00055,438.664743,-0.927026177,-0.317311242,0.199840042
5.00E-05,0.00025,0.0006,479.3586318,-0.889292103,-0.163848177,0.426981651
5.00E-05,0.00025,0.00065,532.4006146,-0.938060677,-0.241548149,0.248388118
5.00E-05,0.00025,0.0007,534.9155956,-0.884609786,-0.461354275,-0.067954106
5.00E-05,0.00025,0.00075,516.1901487,-0.883614668,-0.457176141,-0.101069754
5.00E-05,0.00025,0.0008,509.800839,-0.876559197,-0.480811263,-0.021552364
5.00E-05,0.00025,0.00085,511.4761838,-0.790560365,-0.612341784,-0.007200563
5.00E-05,0.00025,0.0009,508.5960444,-0.637336423,-0.765772511,-0.0859927
5.00E-05,0.00025,0.00095,501.6409276,-0.352977007,-0.808223795,-0.471361358
5.00E-05,0.0003,5.00E-05,390.0544732,-0.988147917,0.087710501,-0.125978416
5.00E-05,0.0003,0.0001,386.1685217,-0.997933801,0.06355844,-0.009404983
5.00E-05,0.0003,0.00015,385.5084911,-0.973276259,0.089974265,0.211276961
5.00E-05,0.0003,0.0002,491.6604451,-0.952412936,-0.020605232,0.304113505
5.00E-05,0.0003,0.00025,532.9956474,-0.993284619,-0.044453404,0.106815544
5.00E-05,0.0003,0.0003,539.8577159,-0.997539115,0.065166732,-0.025865259
5.00E-05,0.0003,0.00035,521.4875674,-0.995170734,0.048556063,-0.085308378
5.00E-05,0.0003,0.0004,503.1174189,-0.994203109,0.020772232,-0.105492616
5.00E-05,0.0003,0.00045,479.7449118,-0.98568197,-0.000954835,-0.168612405
5.00E-05,0.0003,0.0005,443.6084611,-0.98794141,-0.025184054,-0.152766274
5.00E-05,0.0003,0.00055,434.3040613,-0.991523325,-0.0890498,0.094613045
5.00E-05,0.0003,0.0006,467.7558451,-0.965279014,-0.165992857,0.201699768
5.00E-05,0.0003,0.00065,490.4167882,-0.930200885,-0.365400122,0.0347716
5.00E-05,0.0003,0.0007,477.231097,-0.889394359,-0.441774772,-0.117527551
5.00E-05,0.0003,0.00075,459.3884495,-0.892566198,-0.444034453,-0.078479216
5.00E-05,0.0003,0.0008,457.2189644,-0.880549236,-0.473949514,-0.002213948
5.00E-05,0.0003,0.00085,458.8943092,-0.825687503,-0.564096434,0.005946404
5.00E-05,0.0003,0.0009,458.3608229,-0.687303178,-0.722369518,-0.076135541
5.00E-05,0.0003,0.00095,447.6902939,-0.339692258,-0.794686878,-0.503072495
5.00E-05,0.00035,5.00E-05,494.2737838,-0.956061148,0.282945971,0.076737596
5.00E-05,0.00035,0.0001,432.446506,-0.976270673,0.205644227,-0.067867702
5.00E-05,0.00035,0.00015,458.215968,-0.98904732,0.137316759,0.054124915
5.00E-05,0.00035,0.0002,459.9697025,-0.989976767,-0.124007022,0.067588896
5.00E-05,0.00035,0.00025,492.0711072,-0.968603291,-0.232375776,0.08836947
5.00E-05,0.00035,0.0003,503.3636078,-0.975761788,-0.21874079,-0.006434221
5.00E-05,0.00035,0.00035,488.6871304,-0.974210879,-0.215763984,-0.066023224
5.00E-05,0.00035,0.0004,470.3169819,-0.976065349,-0.204363467,-0.074377474
5.00E-05,0.00035,0.00045,451.9468333,-0.978684271,-0.189800653,-0.078439851
5.00E-05,0.00035,0.0005,433.5766848,-0.98402001,-0.155231744,-0.087222275
5.00E-05,0.00035,0.00055,415.9372245,-0.982688697,-0.185261051,-0.00112586
5.00E-05,0.00035,0.0006,433.1795414,-0.963828287,-0.262143027,0.048125518
5.00E-05,0.00035,0.00065,432.8291777,-0.929186686,-0.36687934,-0.044851442
5.00E-05,0.00035,0.0007,418.2830519,-0.915602222,-0.392154753,-0.088810023
5.00E-05,0.00035,0.00075,402.961745,-0.931216538,-0.361881935,-0.043326949
5.00E-05,0.00035,0.0008,404.018057,-0.916608612,-0.399785284,0.000616333
5.00E-05,0.00035,0.00085,403.1555329,-0.902430451,-0.430796521,-0.005799898
5.00E-05,0.00035,0.0009,402.2930087,-0.827922365,-0.559339647,-0.041033116
5.00E-05,0.00035,0.00095,393.7396602,-0.636140189,-0.584903651,0.503203118
5.00E-05,0.0004,5.00E-05,532.7739039,-0.941483251,0.10894143,0.318968732
5.00E-05,0.0004,0.0001,495.4264079,-0.976984666,0.157995406,-0.143312297
5.00E-05,0.0004,0.00015,455.335781,-0.991163968,0.046494567,-0.124226585
5.00E-05,0.0004,0.0002,429.5455829,-0.997524725,-0.033285954,-0.061939224
5.00E-05,0.0004,0.00025,418.8873197,-0.991401896,-0.130588889,-0.008295904
5.00E-05,0.0004,0.0003,424.8144572,-0.983748308,-0.179297775,-0.009569451
5.00E-05,0.0004,0.00035,413.4911496,-0.971394555,-0.234329002,-0.038503726
5.00E-05,0.0004,0.0004,402.167842,-0.967798115,-0.248360003,-0.041038009
5.00E-05,0.0004,0.00045,390.8445344,-0.964745873,-0.259452124,-0.044158764
5.00E-05,0.0004,0.0005,379.5212268,-0.951815313,-0.302353457,-0.051283496
5.00E-05,0.0004,0.00055,368.953862,-0.94337605,-0.331571967,-0.010082655
5.00E-05,0.0004,0.0006,375.7442071,-0.968988716,-0.247103933,-0.000717454
5.00E-05,0.0004,0.00065,368.5653169,-0.94010636,-0.335221911,-0.061857118
5.00E-05,0.0004,0.0007,345.3467067,-0.941285307,-0.33310442,-0.0549856
5.00E-05,0.0004,0.00075,340.2421889,-0.967329907,-0.252331337,-0.024530548
5.00E-05,0.0004,0.0008,331.5181677,-0.957103515,-0.289188669,-0.017965965
5.00E-05,0.0004,0.00085,330.7636371,-0.912278709,-0.409552569,-0.003774915
5.00E-05,0.0004,0.0009,330.0091066,-0.963588703,-0.265852878,0.028619211
5.00E-05,0.0004,0.00095,340.7754334,-0.781374821,-0.081590931,0.618705349
5.00E-05,0.00045,5.00E-05,547.0936895,-0.929407177,-0.182013139,0.321050646
5.00E-05,0.00045,0.0001,517.8185773,-0.98798036,-0.101043474,-0.11698301
5.00E-05,0.00045,0.00015,482.8733342,-0.991790757,0.012471745,-0.127261739
5.00E-05,0.00045,0.0002,440.3824081,-0.991435155,0.074430813,-0.107314437
5.00E-05,0.00045,0.00025,417.5967112,-0.997917997,0.021445773,-0.060825567
5.00E-05,0.00045,0.0003,402.2584072,-0.994042717,-0.00579358,-0.108837084
5.00E-05,0.00045,0.00035,350.8625779,-0.991682031,-0.040362537,-0.122219536
5.00E-05,0.00045,0.0004,333.2607855,-0.992769364,-0.106991014,-0.054423464
5.00E-05,0.00045,0.00045,318.888028,-0.981957998,-0.182130203,-0.050863335
5.00E-05,0.00045,0.0005,304.5152705,-0.962056376,-0.266802514,-0.05713097
5.00E-05,0.00045,0.00055,291.7284903,-0.954092864,-0.299204528,-0.013544612
5.00E-05,0.00045,0.0006,299.3577,-0.984095245,-0.173153984,-0.039676778
5.00E-05,0.00045,0.00065,268.0961838,-0.997045749,-0.003581241,-0.076726456
5.00E-05,0.00045,0.0007,246.7006898,-0.997430868,0.070945494,-0.009919693
5.00E-05,0.00045,0.00075,260.7156885,-0.9869323,-0.161010932,0.006333612
5.00E-05,0.00045,0.0008,251.4468019,-0.967499261,-0.250577647,-0.034000346
5.00E-05,0.00045,0.00085,239.4326889,-0.943892707,-0.312283776,0.107449525
5.00E-05,0.00045,0.0009,309.290276,-0.828173503,-0.172396938,0.533299114
5.00E-05,0.00045,0.00095,367.0003267,-0.513729416,0.082198587,0.85400555
5.00E-05,0.0005,5.00E-05,447.2705617,-0.866600925,-0.465665989,0.179326583
5.00E-05,0.0005,0.0001,439.9564055,-0.967447744,-0.251626059,0.027003507
5.00E-05,0.0005,0.00015,462.9245831,-0.985352021,-0.158532789,0.062839084
5.00E-05,0.0005,0.0002,474.8199401,-0.998317307,-0.03435045,-0.046718311
5.00E-05,0.0005,0.00025,432.329014,-0.995732206,0.03676096,-0.084652261
5.00E-05,0.0005,0.0003,421.2620879,-0.994203269,0.067337948,-0.083818021
5.00E-05,0.0005,0.00035,390.7049472,-0.957338497,0.19375358,-0.214388788
5.00E-05,0.0005,0.0004,339.3091179,-0.984500319,0.071261946,-0.160252481
5.00E-05,0.0005,0.00045,287.9132886,-0.99344829,-0.013760046,-0.113451122
5.00E-05,0.0005,0.0005,252.685765,-0.988973076,-0.132832329,-0.065481504
5.00E-05,0.0005,0.00055,255.0215855,-0.971634218,-0.229462526,0.057217971
5.00E-05,0.0005,0.0006,272.6101258,-0.971865507,-0.076622322,0.222725068
5.00E-05,0.0005,0.00065,366.1075279,-0.974574918,0.131224373,0.181614685
5.00E-05,0.0005,0.0007,398.1318958,-0.966894229,0.180592554,-0.180282774
5.00E-05,0.0005,0.00075,219.588132,-0.934226062,0.224511185,-0.277157705
5.00E-05,0.0005,0.0008,174.665528,-0.982287171,0.164606073,-0.089536326
5.00E-05,0.0005,0.00085,162.651415,-0.965504742,-0.140483675,0.219237155
5.00E-05,0.0005,0.0009,288.7709543,0.41387523,-0.173176292,0.893709833
5.00E-05,0.0005,0.00095,363.6641659,0.369868408,0.538914567,0.756814674
5.00E-05,0.00055,5.00E-05,348.9819509,-0.959718702,-0.220937252,-0.173570572
5.00E-05,0.00055,0.0001,371.9501285,-0.989936738,-0.128656101,0.058930996
5.00E-05,0.00055,0.00015,394.9183061,-0.990195948,-0.125369357,0.061599585
5.00E-05,0.00055,0.0002,417.8864838,-0.992241341,-0.106258804,0.064546014
5.00E-05,0.00055,0.00025,440.8546614,-0.999669301,-0.004777781,0.025267793
5.00E-05,0.00055,0.0003,435.6984624,-0.978296302,0.201346116,-0.048949842
5.00E-05,0.00055,0.00035,424.9274645,-0.936817215,-0.053685437,-0.345675253
5.00E-05,0.00055,0.0004,378.9707403,-0.972468163,0.010445032,-0.232801574
5.00E-05,0.00055,0.00045,308.3818176,-0.976935794,-0.011687511,-0.213213171
5.00E-05,0.00055,0.0005,237.7928949,-0.98160241,-0.068120129,-0.178371403
5.00E-05,0.00055,0.00055,211.8253744,-0.985622031,-0.163238681,0.04361589
5.00E-05,0.00055,0.0006,261.1416928,-0.939222692,-0.061266831,0.33779744
5.00E-05,0.00055,0.00065,358.7910281,-0.959434001,-0.033609377,0.27992286
5.00E-05,0.00055,0.0007,393.4718499,-0.979910068,0.030983298,0.197018512
5.00E-05,0.00055,0.00075,441.7342858,-0.713651311,0.692896884,-0.102935486
5.00E-05,0.00055,0.0008,356.1208465,-0.61092281,0.462350111,-0.642655191
5.00E-05,0.00055,0.00085,166.3157505,-0.85182379,0.459504379,-0.251499415
5.00E-05,0.00055,0.0009,270.3395544,0.260752646,0.336332737,0.904924498
5.00E-05,0.00055,0.00095,479.8651405,0.306729729,0.916525469,0.256705938
5.00E-05,0.0006,5.00E-05,309.9059962,-0.927039107,-0.095328086,-0.362644523
5.00E-05,0.0006,0.0001,339.6697526,-0.993928294,-0.089090825,0.064570675
5.00E-05,0.0006,0.00015,369.433509,-0.997214799,-0.01252986,0.073523103
5.00E-05,0.0006,0.0002,399.1972654,-0.995665517,-0.005224469,0.092859478
5.00E-05,0.0006,0.00025,428.9610218,-0.97301676,0.158206619,0.167955501
5.00E-05,0.0006,0.0003,486.7756646,-0.898545134,0.421347293,-0.122813274
5.00E-05,0.0006,0.00035,381.8947922,-0.917122995,-0.038538851,-0.396736901
5.00E-05,0.0006,0.0004,344.5381333,-0.943381758,-0.209279667,-0.257357495
5.00E-05,0.0006,0.00045,280.174472,-0.963932739,-0.135957315,-0.228799656
5.00E-05,0.0006,0.0005,215.8108108,-0.978167288,-0.080724839,-0.191500019
5.00E-05,0.0006,0.00055,167.6353836,-0.998013944,-0.005817451,0.062724197
5.00E-05,0.0006,0.0006,245.9547437,-0.857824289,-0.166244535,0.486312907
5.00E-05,0.0006,0.00065,350.2191004,-0.690992012,-0.403045074,0.600070586
5.00E-05,0.0006,0.0007,411.1756226,-0.670933855,0.137952351,0.728571829
5.00E-05,0.0006,0.00075,471.0115708,-0.662293159,0.645829544,-0.379831503
5.00E-05,0.0006,0.0008,372.8118935,-0.593299849,0.518464423,-0.615783997
5.00E-05,0.0006,0.00085,319.3789339,-0.354666673,0.932043204,0.074209281
5.00E-05,0.0006,0.0009,405.3076651,0.23881843,0.711060472,0.661331054
5.00E-05,0.0006,0.00095,644.4436443,0.699173551,0.566987942,-0.435523844
5.00E-05,0.00065,5.00E-05,268.866273,-0.914069047,-0.010059585,-0.405433819
5.00E-05,0.00065,0.0001,289.8175632,-0.969347399,-0.205038272,0.135369595
5.00E-05,0.00065,0.00015,384.7735844,-0.968542365,-0.171494873,0.180319702
5.00E-05,0.00065,0.0002,414.5373408,-0.964012488,0.064617991,0.257884543
5.00E-05,0.00065,0.00025,523.3496219,-0.800453238,0.429994267,0.417587768
5.00E-05,0.00065,0.0003,597.1730963,-0.726352807,0.586446366,-0.358458171
5.00E-05,0.00065,0.00035,411.1105722,-0.395280311,0.327931569,-0.858029348
5.00E-05,0.00065,0.0004,296.2531389,-0.819305982,0.190193979,-0.540891817
5.00E-05,0.00065,0.00045,231.8894776,-0.967902064,0.084957755,-0.236532818
5.00E-05,0.00065,0.0005,190.3532143,-0.980349906,0.190991337,-0.049359604
5.00E-05,0.00065,0.00055,209.0296296,-0.890804676,0.453822192,0.022637292
5.00E-05,0.00065,0.0006,198.7260245,-0.97612224,0.183977349,0.115488992
5.00E-05,0.00065,0.00065,247.8183144,-0.664635618,-0.193669728,0.721631161
5.00E-05,0.00065,0.0007,416.3434524,-0.095465304,-0.324764872,0.940964481
5.00E-05,0.00065,0.00075,506.9643404,0.249925829,0.210407966,0.945127276
5.00E-05,0.00065,0.0008,483.7891976,0.038931154,0.873657768,0.484980897
5.00E-05,0.00065,0.00085,574.4515336,0.260264428,0.79244848,0.55162291
5.00E-05,0.00065,0.0009,619.8478153,0.630224883,0.764358651,0.136280775
5.00E-05,0.00065,0.00095,604.0640715,0.312138017,-0.217323983,-0.924846012
5.00E-05,0.0007,5.00E-05,302.1089419,-0.799615242,0.094952497,-0.592958252
5.00E-05,0.0007,0.0001,164.1101312,-0.995516757,-0.053784742,-0.077804803
5.00E-05,0.0007,0.00015,250.8175055,-0.799714676,-0.384645508,0.460981854
5.00E-05,0.0007,0.0002,433.9201883,-0.590374509,-0.009850517,0.807069332
5.00E-05,0.0007,0.00025,617.022871,-0.162355783,0.272608606,0.948327553
5.00E-05,0.0007,0.0003,670.4015049,0.493957827,0.182297594,-0.850160722
5.00E-05,0.0007,0.00035,496.903858,0.192867352,0.577238475,-0.793472071
5.00E-05,0.0007,0.0004,407.5577095,-0.291424998,0.80987331,-0.509093991
5.00E-05,0.0007,0.00045,318.211561,-0.585661851,0.763932178,-0.270938782
5.00E-05,0.0007,0.0005,304.2643755,-0.603066036,0.795999304,0.051927481
5.00E-05,0.0007,0.00055,335.4896956,-0.563187875,0.826244105,0.011836215
5.00E-05,0.0007,0.0006,307.7462553,-0.612785481,0.775843638,-0.150201878
5.00E-05,0.0007,0.00065,291.8154306,-0.767459459,0.638545195,0.057149041
5.00E-05,0.0007,0.0007,321.7338556,-0.223066903,-0.098070637,0.969857364
5.00E-05,0.0007,0.00075,486.0266089,0.158819191,-0.45328716,0.877101599
5.00E-05,0.0007,0.0008,494.3851574,0.761187235,-0.104434474,0.640068304
5.00E-05,0.0007,0.00085,514.8375396,0.37647048,-0.694471765,0.61317122
5.00E-05,0.0007,0.0009,571.3956512,0.665835531,-0.686061387,0.29322827
5.00E-05,0.0007,0.00095,561.9686098,0.311312819,-0.273067054,-0.910230033
5.00E-05,0.00075,5.00E-05,332.5767546,-0.615376893,0.151784168,-0.773480993
5.00E-05,0.00075,0.0001,254.3609263,-0.707937029,0.544436405,-0.449904616
5.00E-05,0.00075,0.00015,159.6427561,-0.851588733,0.158278427,0.499744504
5.00E-05,0.00075,0.0002,410.0676973,-0.201680923,0.147405347,0.968295652
5.00E-05,0.00075,0.00025,591.3291317,-0.077969978,-0.287174296,0.954699747
5.00E-05,0.00075,0.0003,622.9298814,0.829647712,-0.549632248,0.097923777
5.00E-05,0.00075,0.00035,602.3253069,0.603502121,0.725269974,-0.331313528
5.00E-05,0.00075,0.0004,580.5191578,0.391019617,0.825258011,-0.407495858
5.00E-05,0.00075,0.00045,523.1327652,0.289646681,0.838729811,-0.461125909
5.00E-05,0.00075,0.0005,455.2107193,0.290719057,0.906375303,-0.306539132
5.00E-05,0.00075,0.00055,452.0872781,0.123605642,0.977283434,-0.172159042
5.00E-05,0.00075,0.0006,424.3184149,-0.065129319,0.967911053,-0.242706334
5.00E-05,0.00075,0.00065,404.1064126,-0.217200873,0.966982709,-0.133297493
5.00E-05,0.00075,0.0007,396.7050863,-0.23882365,0.967895425,0.078369069
5.00E-05,0.00075,0.00075,417.7379402,0.398677593,0.00069762,0.917090884
5.00E-05,0.00075,0.0008,479.0883643,0.552839958,-0.189063386,0.811555923
5.00E-05,0.00075,0.00085,487.2301966,0.654041229,-0.442421163,0.613590731
5.00E-05,0.00075,0.0009,509.5760212,0.453862563,-0.772404393,0.444297454
5.00E-05,0.00075,0.00095,523.2786373,0.297785421,-0.098419281,-0.949545938
5.00E-05,0.0008,5.00E-05,354.8800526,-0.650461543,0.22441243,-0.725629963
5.00E-05,0.0008,0.0001,373.380188,-0.786268714,0.574065931,-0.228538432
5.00E-05,0.0008,0.00015,300.1327506,-0.643928683,0.682961397,0.344847185
5.00E-05,0.0008,0.0002,499.636563,-0.170504399,0.211469393,0.962397499
5.00E-05,0.0008,0.00025,552.9937895,0.15044914,-0.568622194,0.808723597
5.00E-05,0.0008,0.0003,608.6815359,0.831732188,-0.428328366,0.353208689
5.00E-05,0.0008,0.00035,589.7440887,0.88933118,-0.298176237,-0.34667129
5.00E-05,0.0008,0.0004,567.9379396,0.911915522,-0.249346192,-0.3259395
5.00E-05,0.0008,0.00045,546.1317906,0.919533754,-0.111958751,-0.376726577
5.00E-05,0.0008,0.0005,514.331764,0.857040409,0.396019195,-0.329621806
5.00E-05,0.0008,0.00055,510.8539227,0.79323671,0.587409116,-0.160393432
5.00E-05,0.0008,0.0006,499.0935894,0.590025221,0.78924755,-0.170172098
5.00E-05,0.0008,0.00065,492.1313609,0.383907208,0.91995304,-0.079382993
5.00E-05,0.0008,0.0007,490.0897307,0.343403069,0.937730806,-0.052299787
5.00E-05,0.0008,0.00075,486.0892769,0.410029122,0.902010574,-0.135103828
5.00E-05,0.0008,0.0008,478.1959572,0.621968511,0.771321518,0.134975136
5.00E-05,0.0008,0.00085,492.8548336,0.569050809,0.727014028,0.384228812
5.00E-05,0.0008,0.0009,508.7259831,0.580887946,0.583686999,0.56734353
5.00E-05,0.0008,0.00095,543.6228512,0.360719669,0.414939635,-0.835288226
5.00E-05,0.00085,5.00E-05,385.2269644,-0.71287699,0.132586492,-0.688641575
5.00E-05,0.00085,0.0001,391.8807325,-0.934647242,0.325149283,0.143918299
5.00E-05,0.00085,0.00015,409.690412,-0.264398921,0.856320731,0.443630495
5.00E-05,0.00085,0.0002,465.6293237,0.499499852,0.150658875,0.853113006
5.00E-05,0.00085,0.00025,514.6584473,0.508563918,-0.231957594,0.829191423
5.00E-05,0.00085,0.0003,578.3636063,0.838693937,-0.411309726,0.356954883
5.00E-05,0.00085,0.00035,567.281239,0.935154093,-0.301594441,-0.185816082
5.00E-05,0.00085,0.0004,547.1554187,0.791460123,-0.363901718,-0.491086972
5.00E-05,0.00085,0.00045,507.2016341,0.574641282,-0.665290286,-0.47663008
5.00E-05,0.00085,0.0005,497.5947867,0.910674831,-0.413035534,0.00854396
5.00E-05,0.00085,0.00055,507.8940688,0.969217122,-0.202807809,0.139596427
5.00E-05,0.00085,0.0006,511.1524858,0.998501495,-0.053956043,0.009138322
5.00E-05,0.00085,0.00065,508.450263,0.995149104,0.036423462,-0.091387052
5.00E-05,0.00085,0.0007,505.0391467,0.845288313,0.491324669,-0.2099708
5.00E-05,0.00085,0.00075,497.145827,0.227482465,0.948814362,0.219095946
5.00E-05,0.00085,0.0008,517.7504441,0.147542369,0.867851013,0.474411075
5.00E-05,0.00085,0.00085,544.997226,0.440407473,0.816336533,0.373678904
5.00E-05,0.00085,0.0009,561.8065134,0.468134027,0.775410326,0.423779848
5.00E-05,0.00085,0.00095,599.7034835,0.423564051,0.315813364,-0.849032045
5.00E-05,0.0009,5.00E-05,394.89287,-0.840084662,0.077558599,-0.536882133
5.00E-05,0.0009,0.0001,428.6495491,-0.868085299,0.378004477,0.321777141
5.00E-05,0.0009,0.00015,442.4864621,0.286061053,0.690491141,0.66437268
5.00E-05,0.0009,0.0002,518.1738095,0.73567411,0.504943407,0.451459588
5.00E-05,0.0009,0.00025,521.4575576,0.91651034,0.355902218,0.182599037
5.00E-05,0.0009,0.0003,548.0456767,0.989708308,-0.090864415,0.110549193
5.00E-05,0.0009,0.00035,539.090691,0.983658055,-0.081084704,-0.160754785
5.00E-05,0.0009,0.0004,523.4181851,0.859447361,-0.139670598,-0.491774701
5.00E-05,0.0009,0.00045,476.9540185,0.840673262,0.200711296,-0.502974595
5.00E-05,0.0009,0.0005,480.8578093,0.913934661,-0.371142978,0.164244712
5.00E-05,0.0009,0.00055,491.1570915,0.767612105,-0.62053175,0.160349628
5.00E-05,0.0009,0.0006,495.8096124,0.832736273,-0.551906287,0.044155961
5.00E-05,0.0009,0.00065,494.5679093,0.925252691,-0.20993628,0.315965531
5.00E-05,0.0009,0.0007,516.5417339,0.298510543,0.393177976,0.869656561
5.00E-05,0.0009,0.00075,541.136674,0.282789842,0.743571447,0.605913697
5.00E-05,0.0009,0.0008,565.7316142,0.107730687,0.818158748,0.564810022
5.00E-05,0.0009,0.00085,589.0994395,0.536805962,0.650991445,0.536702429
5.00E-05,0.0009,0.0009,608.824648,0.865094752,0.457047076,0.206685848
5.00E-05,0.0009,0.00095,609.3049202,0.405528957,0.150363618,-0.901630217
5.00E-05,0.00095,5.00E-05,411.3246432,-0.23700857,0.770132394,-0.592218738
5.00E-05,0.00095,0.0001,447.7908286,-0.228263406,0.862893693,0.450899426
5.00E-05,0.00095,0.00015,502.7341366,0.486649378,0.706347704,0.514047959
5.00E-05,0.00095,0.0002,553.9560201,0.846771235,0.400989654,0.349550816
5.00E-05,0.00095,0.00025,572.8814476,0.870436256,0.489692599,0.050417085
5.00E-05,0.00095,0.0003,563.8702907,0.92018403,0.381210727,-0.08910518
5.00E-05,0.00095,0.00035,554.8591337,0.846005114,0.50041872,-0.184001227
5.00E-05,0.00095,0.0004,529.507772,0.77642982,0.609440977,-0.160432013
5.00E-05,0.00095,0.00045,524.1852915,0.664421248,0.700069735,-0.261623337
5.00E-05,0.00095,0.0005,465.5001716,0.596010795,0.740101695,-0.311481322
5.00E-05,0.00095,0.00055,450.0325779,0.518501279,0.854949101,0.014780342
5.00E-05,0.00095,0.0006,468.5206023,0.231911604,0.943789336,0.235539161
5.00E-05,0.00095,0.00065,494.6752653,0.136931165,0.947566705,0.288733779
5.00E-05,0.00095,0.0007,526.0932196,0.203970543,0.921853156,0.329519009
5.00E-05,0.00095,0.00075,557.5111738,0.189857812,0.93085889,0.312179015
5.00E-05,0.00095,0.0008,587.227179,0.090831427,0.96211818,0.257056917
5.00E-05,0.00095,0.00085,597.2667795,0.382199002,0.902153348,0.200108117
5.00E-05,0.00095,0.0009,606.4871529,0.836399525,0.374652056,0.400089578
5.00E-05,0.00095,0.00095,635.3805887,0.479725759,0.130084161,-0.867721907
0.0001,5.00E-05,5.00E-05,616.2582131,-0.136826018,0.937757658,-0.319200901
0.0001,5.00E-05,0.0001,579.1946449,-0.604625252,-0.051861049,-0.794819939
0.0001,5.00E-05,0.00015,565.2747359,-0.494672154,-0.818208131,-0.292975961
0.0001,5.00E-05,0.0002,550.3929356,-0.376197497,-0.913150279,-0.156945885
0.0001,5.00E-05,0.00025,535.5111354,-0.485062297,-0.863671744,-0.137060885
0.0001,5.00E-05,0.0003,520.6293352,-0.564728369,-0.816260499,-0.121657992
0.0001,5.00E-05,0.00035,508.6542738,-0.72733136,-0.675039222,0.123738202
0.0001,5.00E-05,0.0004,539.7332171,-0.757219565,-0.406302215,0.511406923
0.0001,5.00E-05,0.00045,569.7585273,-0.735346587,-0.184626971,0.652056959
0.0001,5.00E-05,0.0005,609.768817,-0.658816589,0.27258788,0.701182251
0.0001,5.00E-05,0.00055,653.604538,-0.391870071,0.762772581,0.51440824
0.0001,5.00E-05,0.0006,676.7303144,-0.18930664,0.94775253,0.256764754
0.0001,5.00E-05,0.00065,697.8233318,-0.091083678,0.987395265,0.129438613
0.0001,5.00E-05,0.0007,702.2348875,-0.114294716,0.992510575,0.043121642
0.0001,5.00E-05,0.00075,706.2577242,-0.28089493,0.948178599,-0.148510545
0.0001,5.00E-05,0.0008,676.2631487,-0.240388532,0.953047159,-0.184158805
0.0001,5.00E-05,0.00085,675.9690025,0.033395866,0.999112414,0.025672949
0.0001,5.00E-05,0.0009,678.9489914,0.539769098,0.710135811,-0.452058018
0.0001,5.00E-05,0.00095,639.726215,0.173375173,0.340188027,-0.924236526
0.0001,0.0001,5.00E-05,596.3744509,-0.119876317,-0.217896122,-0.968581927
0.0001,0.0001,0.0001,446.0799113,0.31111191,-0.656738822,-0.686952327
0.0001,0.0001,0.00015,442.9620177,0.005022995,-0.997740073,0.067003856
0.0001,0.0001,0.0002,454.5538617,-0.02641337,-0.974447351,0.223057601
0.0001,0.0001,0.00025,466.1457058,-0.277569644,-0.933496137,0.227024348
0.0001,0.0001,0.0003,473.1284228,-0.717661551,-0.567674245,0.403370612
0.0001,0.0001,0.00035,505.004366,-0.670661998,-0.124178115,0.731294933
0.0001,0.0001,0.0004,536.9119912,-0.483909877,-0.061869934,0.872928028
0.0001,0.0001,0.00045,572.3122175,-0.31962207,0.068895044,0.945037145
0.0001,0.0001,0.0005,614.2364911,-0.185217872,-0.025666046,0.982362252
0.0001,0.0001,0.00055,659.8427034,0.343328567,-0.088151629,0.935069401
0.0001,0.0001,0.0006,666.6004346,0.850463803,-0.378042788,0.365779948
0.0001,0.0001,0.00065,680.5317152,0.479108072,-0.741052354,0.470422006
0.0001,0.0001,0.0007,698.5939112,0.613654552,-0.74859961,-0.251051218
0.0001,0.0001,0.00075,665.1663583,-0.011455608,-0.841026563,-0.540872526
0.0001,0.0001,0.0008,650.6105281,-0.29757282,-0.84522034,-0.443906514
0.0001,0.0001,0.00085,628.4065365,-0.060306609,-0.9596607,-0.274616921
0.0001,0.0001,0.0009,621.9448371,-0.090383482,-0.994653414,-0.049954105
0.0001,0.0001,0.00095,622.8527007,-0.173752927,-0.928441608,-0.328338395
0.0001,0.00015,5.00E-05,576.4906888,0.531652672,-0.180527391,-0.827499425
0.0001,0.00015,0.0001,432.5295901,0.572861046,-0.123097004,-0.81035631
0.0001,0.00015,0.00015,439.0909555,0.444831616,-0.556228291,0.701950797
0.0001,0.00015,0.0002,449.1128925,-0.089995445,-0.569068339,0.817350626
0.0001,0.00015,0.00025,459.1348294,-0.779982496,-0.412787928,0.470354582
0.0001,0.00015,0.0003,465.942504,-0.322435965,-0.324223527,0.889333544
0.0001,0.00015,0.00035,497.8234545,0.304070773,-0.13321496,0.943289319
0.0001,0.00015,0.0004,534.9626837,0.0783155,0.007619166,0.996899509
0.0001,0.00015,0.00045,575.3956336,0.411656057,0.05926977,0.90940991
0.0001,0.00015,0.0005,607.4819198,0.640045066,-0.053162236,0.766495982
0.0001,0.00015,0.00055,648.6680414,0.877645461,-0.180251799,0.444125809
0.0001,0.00015,0.0006,655.3476997,0.945517236,-0.325327889,-0.012606433
0.0001,0.00015,0.00065,647.4242415,0.820553355,-0.571456591,0.01138227
0.0001,0.00015,0.0007,656.4175428,0.203883642,-0.96300971,-0.176192391
0.0001,0.00015,0.00075,631.646244,-0.086588678,-0.848123387,-0.522674967
0.0001,0.00015,0.0008,606.2705983,-0.127553042,-0.878721509,-0.45997688
0.0001,0.00015,0.00085,575.7955064,-0.134285711,-0.935310801,-0.327354628
0.0001,0.00015,0.0009,568.3646506,-0.130312801,-0.988424929,-0.077683543
0.0001,0.00015,0.00095,567.4209018,-0.233439059,-0.969619199,0.073108238
0.0001,0.0002,5.00E-05,566.9465434,0.513282983,-0.686734065,-0.514720219
0.0001,0.0002,0.0001,425.2082338,0.594269802,-0.127552062,-0.794086818
0.0001,0.0002,0.00015,429.8213503,0.520097438,-0.625733052,0.581340522
0.0001,0.0002,0.0002,440.5986096,0.070819279,-0.528469602,0.845993209
0.0001,0.0002,0.00025,451.3758689,-0.766248812,-0.455276711,0.453415786
0.0001,0.0002,0.0003,459.0237457,-0.425708542,-0.383740746,0.819460357
0.0001,0.0002,0.00035,495.2570697,0.242617055,-0.262260953,0.934000084
0.0001,0.0002,0.0004,537.5048647,0.638761503,-0.155847056,0.753455664
0.0001,0.0002,0.00045,577.0385773,0.810544869,-0.198922986,0.550859929
0.0001,0.0002,0.0005,609.1545009,0.842778233,-0.29873616,0.447751668
0.0001,0.0002,0.00055,640.4160167,0.921721749,-0.351636755,0.163647823
0.0001,0.0002,0.0006,634.5023146,0.826777658,-0.555657182,-0.087657293
0.0001,0.0002,0.00065,626.8193284,0.597219605,-0.778246767,-0.194063683
0.0001,0.0002,0.0007,612.3565616,-0.057188497,-0.930618826,-0.361494226
0.0001,0.0002,0.00075,583.7949534,0.044618315,-0.880317144,-0.472282682
0.0001,0.0002,0.0008,543.9155038,-0.08029646,-0.892012086,-0.444822343
0.0001,0.0002,0.00085,520.102455,-0.303165055,-0.918907861,-0.252387189
0.0001,0.0002,0.0009,515.3885745,-0.295199179,-0.954262917,-0.047325776
0.0001,0.0002,0.00095,515.0787641,-0.348466103,-0.841700049,0.412446847
0.0001,0.00025,5.00E-05,456.5864139,-0.046547049,-0.944608877,-0.324880657
0.0001,0.00025,0.0001,410.5035336,0.648486067,-0.330207387,-0.685878198
0.0001,0.00025,0.00015,422.5253344,0.497712807,-0.541365577,0.677646866
0.0001,0.00025,0.0002,435.6483543,-0.584845579,-0.692558957,0.422276853
0.0001,0.00025,0.00025,440.6340722,-0.823248021,-0.551003166,0.136595048
0.0001,0.00025,0.0003,445.3936091,-0.208853116,-0.751261877,0.626087828
0.0001,0.00025,0.00035,475.7864832,0.245409739,-0.534583627,0.808699206
0.0001,0.00025,0.0004,518.0467485,0.546839927,-0.481088248,0.685215435
0.0001,0.00025,0.00045,549.521979,0.801010365,-0.471593426,0.368757421
0.0001,0.00025,0.0005,565.1970235,0.821015906,-0.504460704,0.267305593
0.0001,0.00025,0.00055,594.2021598,0.845434665,-0.533689638,0.020386223
0.0001,0.00025,0.0006,569.1586647,0.611055747,-0.760395943,-0.220020188
0.0001,0.00025,0.00065,558.6139068,-0.006891099,-0.983245733,-0.182154715
0.0001,0.00025,0.0007,545.6570093,-0.128802668,-0.912377615,-0.388557538
0.0001,0.00025,0.00075,504.0746882,-0.248334968,-0.856624885,-0.452242799
0.0001,0.00025,0.0008,478.5466221,-0.377289173,-0.883711563,-0.276959839
0.0001,0.00025,0.00085,471.9327877,-0.550224726,-0.827567947,-0.111283618
0.0001,0.00025,0.0009,467.0684357,-0.601816779,-0.793315215,-0.09201921
0.0001,0.00025,0.00095,462.2040836,-0.565641793,-0.818060186,-0.10405236
0.0001,0.0003,5.00E-05,416.6242714,0.664304074,-0.622233099,-0.414157058
0.0001,0.0003,0.0001,408.8099577,0.93125078,-0.336700934,-0.139299914
0.0001,0.0003,0.00015,409.7333944,0.815323757,-0.577740624,0.038248433
0.0001,0.0003,0.0002,410.899211,-0.779564107,-0.625496734,0.032150257
0.0001,0.0003,0.00025,412.0650276,-0.87647877,-0.478176749,0.05596393
0.0001,0.0003,0.0003,416.8432958,-0.771122059,-0.562003164,0.299204299
0.0001,0.0003,0.00035,447.2303393,-0.439243278,-0.67458984,0.59329073
0.0001,0.0003,0.0004,485.7353355,-0.014077726,-0.764785528,0.644131131
0.0001,0.0003,0.00045,516.7394255,0.44261906,-0.83589802,0.324596469
0.0001,0.0003,0.0005,524.833798,0.656108133,-0.743158979,0.131289185
0.0001,0.0003,0.00055,536.7044611,0.662918026,-0.745100095,-0.073249844
0.0001,0.0003,0.0006,511.5083139,0.338433055,-0.909568094,-0.241140932
0.0001,0.0003,0.00065,499.9606722,-0.24017868,-0.952778513,-0.185815251
0.0001,0.0003,0.0007,484.292228,-0.241541238,-0.931665815,-0.271397568
0.0001,0.0003,0.00075,456.6764502,-0.361367201,-0.876762098,-0.317335737
0.0001,0.0003,0.0008,441.3585078,-0.443885255,-0.878375901,-0.177261548
0.0001,0.0003,0.00085,434.7441667,-0.502556054,-0.859445714,-0.093757542
0.0001,0.0003,0.0009,431.5155553,-0.569357327,-0.821795936,-0.021992581
0.0001,0.0003,0.00095,432.6690551,-0.528092889,-0.828183915,-0.187694707
0.0001,0.00035,5.00E-05,420.7403023,-0.58161039,0.813098395,-0.024502129
0.0001,0.00035,0.0001,393.8476388,-0.562800218,-0.134939738,-0.81550425
0.0001,0.00035,0.00015,390.9672703,-0.78121504,-0.62117252,-0.062030327
0.0001,0.00035,0.0002,390.2854522,-0.75130843,-0.659708095,-0.017912934
0.0001,0.00035,0.00025,389.8455883,-0.787018355,-0.604476594,-0.123329466
0.0001,0.00035,0.0003,379.3416957,-0.794779206,-0.603302488,0.065970611
0.0001,0.00035,0.00035,397.4541113,-0.486382814,-0.769670075,0.413569502
0.0001,0.00035,0.0004,435.5176786,-0.132572169,-0.919953509,0.368931106
0.0001,0.00035,0.00045,448.8359563,0.089316942,-0.989568085,0.113037559
0.0001,0.00035,0.0005,452.1854647,0.23234036,-0.970627385,0.06245347
0.0001,0.00035,0.00055,458.6548476,0.356892993,-0.925517125,-0.126670605
0.0001,0.00035,0.0006,430.5634551,-0.074030417,-0.968721637,-0.236849926
0.0001,0.00035,0.00065,419.0618422,-0.339164617,-0.92272222,-0.183169505
0.0001,0.00035,0.0007,397.0689793,-0.33028683,-0.930242016,-0.159876207
0.0001,0.00035,0.00075,385.4537634,-0.293686105,-0.945703783,-0.139258128
0.0001,0.00035,0.0008,369.8665983,-0.37852534,-0.925374764,-0.020002832
0.0001,0.00035,0.00085,381.7055575,-0.630313081,-0.749958489,0.200668094
0.0001,0.00035,0.0009,389.5278187,-0.364946325,-0.926057645,0.096080266
0.0001,0.00035,0.00095,396.4977993,-0.298465749,-0.924185019,0.238328025
0.0001,0.0004,5.00E-05,504.5693335,-0.133071195,0.703279253,0.698348301
0.0001,0.0004,0.0001,403.883478,-0.517031927,0.193089819,-0.833903057
0.0001,0.0004,0.00015,374.0616104,-0.755675291,-0.507283033,-0.414268969
0.0001,0.0004,0.0002,369.5892448,-0.6915334,-0.658649865,-0.296583735
0.0001,0.0004,0.00025,358.426227,-0.519473016,-0.802937389,-0.292300076
0.0001,0.0004,0.0003,347.2632092,-0.716475839,-0.676275693,-0.171212029
0.0001,0.0004,0.00035,342.6844944,-0.535312591,-0.838440372,0.102265202
0.0001,0.0004,0.0004,357.6113909,-0.168726687,-0.964453421,0.203373806
0.0001,0.0004,0.00045,370.8241276,0.006860772,-0.99563451,0.093085186
0.0001,0.0004,0.0005,372.2324315,-0.129863144,-0.99030108,0.04938963
0.0001,0.0004,0.00055,378.7235294,-0.040270788,-0.988967218,-0.142555621
0.0001,0.0004,0.0006,349.5720124,-0.365494921,-0.894504155,-0.257440828
0.0001,0.0004,0.00065,331.2311825,-0.380788399,-0.882577454,-0.275784758
0.0001,0.0004,0.0007,288.7431374,-0.426197264,-0.871965584,-0.240898137
0.0001,0.0004,0.00075,271.9447219,-0.429235265,-0.899430806,-0.082348728
0.0001,0.0004,0.0008,267.9583054,-0.448227133,-0.804472063,0.389765489
0.0001,0.0004,0.00085,361.264129,-0.458367553,-0.882914046,0.101793779
0.0001,0.0004,0.0009,288.9423797,-0.455796011,0.819059631,-0.348412566
0.0001,0.0004,0.00095,311.633731,-0.268677778,0.115586261,0.956269872
0.0001,0.00045,5.00E-05,513.6414134,-0.977714852,-0.208791412,0.021904658
0.0001,0.00045,0.0001,424.0666341,-0.509566872,-0.338334092,-0.7911205
0.0001,0.00045,0.00015,348.9730976,-0.863044145,-0.077232606,-0.499189272
0.0001,0.00045,0.0002,355.5625664,-0.83530861,0.5159144,-0.189978571
0.0001,0.00045,0.00025,328.5168026,-0.871444817,0.25189733,-0.42087013
0.0001,0.00045,0.0003,317.162939,-0.880334537,0.436628038,-0.185383546
0.0001,0.00045,0.00035,312.6126099,-0.495442915,0.807266525,-0.320713386
0.0001,0.00045,0.0004,302.071951,-0.378077871,0.484135081,-0.789094638
0.0001,0.00045,0.00045,292.4500345,-0.044999667,-0.996135038,-0.075432193
0.0001,0.00045,0.0005,293.7962216,-0.180020025,-0.981289152,0.068296352
0.0001,0.00045,0.00055,301.4501612,-0.072080702,-0.97407499,-0.214434805
0.0001,0.00045,0.0006,265.5464996,-0.711420998,-0.342550719,-0.613627875
0.0001,0.00045,0.00065,224.3948348,-0.554258661,-0.65286972,-0.516293004
0.0001,0.00045,0.0007,182.4730761,-0.418250061,-0.822512006,-0.385410025
0.0001,0.00045,0.00075,158.4372841,-0.336170561,-0.941688699,0.014551557
0.0001,0.00045,0.0008,185.5122369,-0.548505737,-0.81113673,0.202974534
0.0001,0.00045,0.00085,199.699014,-0.21766011,-0.580037788,0.78497149
0.0001,0.00045,0.0009,506.2005781,0.159346232,0.809131859,0.56560977
0.0001,0.00045,0.00095,422.5610624,-0.240682319,0.970188653,0.028390137
0.0001,0.0005,5.00E-05,490.2184845,0.064922367,-0.46162409,-0.884696719
0.0001,0.0005,0.0001,333.4606978,-0.162401655,-0.7131884,-0.681900292
0.0001,0.0005,0.00015,363.4629298,-0.599935169,0.359874598,0.714540458
0.0001,0.0005,0.0002,425.1412848,-0.80137142,0.588989219,0.104381737
0.0001,0.0005,0.00025,381.4090023,-0.452761345,0.853923344,-0.256558154
0.0001,0.0005,0.0003,384.7218543,-0.160437011,0.987036258,-0.004403535
0.0001,0.0005,0.00035,380.6699667,0.019072176,0.996673138,-0.079239561
0.0001,0.0005,0.0004,369.981783,0.23062097,0.818292423,-0.526508764
0.0001,0.0005,0.00045,261.5373139,-0.038741778,-0.028762186,-0.998835227
0.0001,0.0005,0.0005,242.917666,-0.450533701,-0.87764735,-0.16356807
0.0001,0.0005,0.00055,250.398523,-0.827411917,-0.039733226,0.560188175
0.0001,0.0005,0.0006,306.5567608,-0.453259041,0.882169338,-0.127802589
0.0001,0.0005,0.00065,226.1820684,-0.792956634,0.433986818,-0.427639122
0.0001,0.0005,0.0007,147.9816786,-0.701896162,0.52693844,-0.47924697
0.0001,0.0005,0.00075,75.26863371,-0.013990072,0.986252583,-0.164651512
0.0001,0.0005,0.0008,103.0661685,0.588686697,0.778631635,0.2172113
0.0001,0.0005,0.00085,124.2983814,0.360383951,0.128225391,0.923948947
0.0001,0.0005,0.0009,607.7572112,0.544971363,0.178274914,0.819282777
0.0001,0.0005,0.00095,565.9126691,0.23768611,0.734554938,-0.635558303
0.0001,0.00055,5.00E-05,392.3507751,0.239819591,-0.546750494,-0.802215969
0.0001,0.00055,0.0001,291.4950656,-0.578516044,-0.814954327,0.034185259
0.0001,0.00055,0.00015,395.14755,-0.020225806,0.336028673,0.941634562
0.0001,0.00055,0.0002,456.8259051,0.008558194,0.682266886,0.731053113
0.0001,0.00055,0.00025,463.0480762,0.068868547,0.985223284,0.156819017
0.0001,0.00055,0.0003,482.8150581,0.23999514,0.956344223,0.166757488
0.0001,0.00055,0.00035,498.0128439,0.272667666,0.961948763,0.017519165
0.0001,0.00055,0.0004,487.2262236,0.374030674,0.52435717,-0.764951379
0.0001,0.00055,0.00045,288.791131,0.157285487,0.063781764,-0.98549133
0.0001,0.00055,0.0005,234.0294817,-0.439483187,-0.885885985,0.148527943
0.0001,0.00055,0.00055,296.9363449,-0.262503561,0.122168,0.957166057
0.0001,0.00055,0.0006,432.7028448,0.570257534,0.6365,0.519301546
0.0001,0.00055,0.00065,385.323739,-0.596347337,0.77067282,-0.224573501
0.0001,0.00055,0.0007,348.4044118,-0.478972623,0.872576068,0.095896989
0.0001,0.00055,0.00075,427.4784683,0.177500486,0.983722515,0.027992711
0.0001,0.00055,0.0008,361.267884,0.479427111,0.79389943,-0.373996444
0.0001,0.00055,0.00085,269.7399038,0.701067042,0.492590684,0.515615573
0.0001,0.00055,0.0009,602.2952983,0.805506069,0.004654104,0.592569247
0.0001,0.00055,0.00095,558.4080047,0.522113249,0.231424874,-0.820877752
0.0001,0.0006,5.00E-05,308.3039041,0.157619092,-0.277860979,-0.947601972
0.0001,0.0006,0.0001,266.7874043,-0.534087702,-0.112270046,0.837941384
0.0001,0.0006,0.00015,422.46236,0.129290458,0.144822333,0.980974245
0.0001,0.0006,0.0002,488.5105253,0.612104324,0.363978465,0.702031319
0.0001,0.0006,0.00025,544.68715,0.537691502,0.705250317,0.462071249
0.0001,0.0006,0.0003,585.2427069,0.391366959,0.855866177,0.338119787
0.0001,0.0006,0.00035,622.87987,0.751370768,0.619487141,-0.22732719
0.0001,0.0006,0.0004,513.3986175,0.548292108,0.046598008,-0.834987659
0.0001,0.0006,0.00045,277.9244036,0.400812219,-0.045670786,-0.915021171
0.0001,0.0006,0.0005,194.3360275,0.844698508,-0.531334806,-0.064558148
0.0001,0.0006,0.00055,275.7562207,0.663557517,0.091178599,0.742548237
0.0001,0.0006,0.0006,414.8918443,0.687151945,-0.341277407,0.64136724
0.0001,0.0006,0.00065,515.4704787,-0.593248852,-0.022794977,0.804696333
0.0001,0.0006,0.0007,531.5516776,0.430821828,0.900080885,0.065168651
0.0001,0.0006,0.00075,527.3180046,0.67640239,0.510565979,-0.530850439
0.0001,0.0006,0.0008,437.905064,0.612998448,0.540184852,-0.576570229
0.0001,0.0006,0.00085,354.5626812,0.361600753,0.809817733,0.461995817
0.0001,0.0006,0.0009,610.024442,0.576542085,-0.001757316,0.817065564
0.0001,0.0006,0.00095,625.1010011,-0.212121759,0.05387148,-0.975757256
0.0001,0.00065,5.00E-05,287.2841229,-0.051086487,-0.071898382,-0.996102803
0.0001,0.00065,0.0001,276.1997534,-0.00035053,-0.166221397,0.986088396
0.0001,0.00065,0.00015,427.8807841,0.254156816,-0.136882837,0.957427491
0.0001,0.00065,0.0002,520.1951455,0.660095739,0.211854562,0.720688046
0.0001,0.00065,0.00025,610.6885144,0.441657971,0.607709454,0.6600208
0.0001,0.00065,0.0003,680.7404881,0.433078254,0.772626259,0.46421104
0.0001,0.00065,0.00035,693.7944813,0.829323181,0.276920418,-0.485322721
0.0001,0.00065,0.0004,506.4770921,0.679626905,0.033449784,-0.732794912
0.0001,0.00065,0.00045,272.865992,0.633939504,0.246461079,-0.733060462
0.0001,0.00065,0.0005,216.1846227,0.580742976,0.781829059,0.22689407
0.0001,0.00065,0.00055,324.0187207,0.89891433,0.344587171,0.27057847
0.0001,0.00065,0.0006,305.1486835,0.966103782,-0.168882766,0.195248799
0.0001,0.00065,0.00065,382.0190661,0.695868106,-0.468974591,0.543902943
0.0001,0.00065,0.0007,512.0372545,0.598949814,-0.448899225,0.663135436
0.0001,0.00065,0.00075,517.5467275,0.761346397,-0.598819575,0.248529236
0.0001,0.00065,0.0008,523.1212092,0.463038257,0.692505774,0.553200981
0.0001,0.00065,0.00085,571.4424724,-0.227708956,0.866353962,0.444499093
0.0001,0.00065,0.0009,601.7134339,-0.762212613,-0.645951298,0.042176448
0.0001,0.00065,0.00095,575.0659714,-0.237737095,-0.24117213,-0.940912896
0.0001,0.0007,5.00E-05,286.7318361,-0.21432164,0.128735501,-0.968242431
0.0001,0.0007,0.0001,243.0875275,0.694623433,0.275442013,0.664552468
0.0001,0.0007,0.00015,387.5784843,0.547706444,-0.208100129,0.810377682
0.0001,0.0007,0.0002,542.2489658,0.502445245,0.105245473,0.858179566
0.0001,0.0007,0.00025,692.5081316,0.38966368,0.093039504,0.916245528
0.0001,0.0007,0.0003,723.5630974,0.808019006,-0.284821774,0.515734276
0.0001,0.0007,0.00035,722.3128666,0.715860163,-0.207286534,-0.666765716
0.0001,0.0007,0.0004,532.6126795,0.555514419,0.250427782,-0.792899525
0.0001,0.0007,0.00045,375.5231679,0.556751546,0.730771114,-0.394969992
0.0001,0.0007,0.0005,370.59753,0.41000563,0.911244043,0.039111092
0.0001,0.0007,0.00055,389.0537569,0.506881094,0.861570454,-0.027711183
0.0001,0.0007,0.0006,364.723757,0.534795775,0.810490091,-0.23895458
0.0001,0.0007,0.00065,337.0829846,0.737643359,0.466081612,0.488518378
0.0001,0.0007,0.0007,439.808334,0.705919571,-0.330134145,0.626649029
0.0001,0.0007,0.00075,500.6117339,0.325494827,-0.433636411,0.840245548
0.0001,0.0007,0.0008,505.3726134,0.453407285,-0.874233478,0.173602018
0.0001,0.0007,0.00085,507.7433882,-0.067796946,-0.854280258,0.515372502
0.0001,0.0007,0.0009,554.5289227,-0.555118162,-0.775569404,0.300559355
0.0001,0.0007,0.00095,544.5073702,-0.303128092,-0.122921892,-0.944988661
0.0001,0.00075,5.00E-05,327.3602785,-0.250166646,0.382383659,-0.889493894
0.0001,0.00075,0.0001,317.9984151,0.205801654,0.964667445,0.164506536
0.0001,0.00075,0.00015,351.0579209,0.775161796,-0.021258978,0.631404978
0.0001,0.00075,0.0002,557.5911243,0.606731716,0.025723884,0.794490344
0.0001,0.00075,0.00025,629.0999296,0.495974178,-0.603397466,0.624436636
0.0001,0.00075,0.0003,664.2803886,0.581098146,-0.812497319,0.046615993
0.0001,0.00075,0.00035,634.4311258,0.489643601,-0.784008111,-0.381550031
0.0001,0.00075,0.0004,616.006449,0.518877987,0.64403843,-0.562121104
0.0001,0.00075,0.00045,572.6254514,0.303132326,0.869705062,-0.38951752
0.0001,0.00075,0.0005,531.4319834,0.450884672,0.824619974,-0.341621005
0.0001,0.00075,0.00055,506.6406337,0.478358051,0.824080967,-0.303420723
0.0001,0.00075,0.0006,481.4240074,0.511785853,0.807672086,-0.292815713
0.0001,0.00075,0.00065,453.6551443,0.501687759,0.81812949,-0.281022295
0.0001,0.00075,0.0007,425.8862811,0.839022962,0.458948565,0.292244219
0.0001,0.00075,0.00075,483.71012,0.738593316,-0.278397535,0.613982676
0.0001,0.00075,0.0008,487.2072779,0.265895479,-0.938866768,0.218697934
0.0001,0.00075,0.00085,489.9610887,-0.044360391,-0.513652025,0.856851068
0.0001,0.00075,0.0009,506.8469154,-0.344946644,-0.576321722,0.740854294
0.0001,0.00075,0.00095,540.2315592,0.172908631,0.054024473,-0.983455114
0.0001,0.0008,5.00E-05,382.2674248,0.166548039,0.341485577,-0.925013163
0.0001,0.0008,0.0001,382.0506637,0.050251638,0.998113043,-0.035286349
0.0001,0.0008,0.00015,379.5115602,0.59927184,0.394435508,0.696630384
0.0001,0.0008,0.0002,551.2513666,0.401784932,0.00279269,0.915729802
0.0001,0.0008,0.00025,589.4135532,0.654874043,-0.461589098,0.598394095
0.0001,0.0008,0.0003,630.6425707,0.551869819,-0.728529272,0.405813755
0.0001,0.0008,0.00035,623.1196885,0.837957197,-0.348841353,-0.419687321
0.0001,0.0008,0.0004,603.4252308,0.564891203,-0.487533644,-0.665739345
0.0001,0.0008,0.00045,564.3589382,0.371543981,-0.430682555,-0.822476508
0.0001,0.0008,0.0005,529.8746173,0.565250233,-0.137302736,-0.813412646
0.0001,0.0008,0.00055,524.873818,0.6742395,0.526174813,-0.518209574
0.0001,0.0008,0.0006,510.8733617,0.464391429,0.727585156,-0.504936077
0.0001,0.0008,0.00065,498.767849,0.307370505,0.865029553,-0.396544128
0.0001,0.0008,0.0007,487.0075157,0.065421262,0.927762469,-0.367391971
0.0001,0.0008,0.00075,472.8070172,0.056151848,-0.777721152,-0.626096462
0.0001,0.0008,0.0008,478.5373037,0.728120318,-0.129014428,0.673198396
0.0001,0.0008,0.00085,495.9701175,0.164654221,0.74493461,0.646499353
0.0001,0.0008,0.0009,515.422766,0.268180771,0.626229623,0.73206252
0.0001,0.0008,0.00095,554.3671705,0.161632089,0.306032089,-0.9382001
0.0001,0.00085,5.00E-05,390.9740779,0.122177935,0.150954415,-0.980961425
0.0001,0.00085,0.0001,395.9510649,0.496985491,0.39291478,0.773707566
0.0001,0.00085,0.00015,446.860181,0.19746595,0.650251878,0.733607315
0.0001,0.00085,0.0002,558.2312599,0.798148483,0.235345847,0.554591139
0.0001,0.00085,0.00025,567.8591611,0.933898173,0.115849731,0.338249971
0.0001,0.00085,0.0003,603.770103,0.823031947,-0.265336774,0.502209926
0.0001,0.00085,0.00035,611.8082511,0.798535785,-0.417245063,-0.433874587
0.0001,0.00085,0.0004,572.9748287,0.468317694,-0.51167203,-0.720326503
0.0001,0.00085,0.00045,534.1113226,0.571119996,-0.641962766,-0.51157185
0.0001,0.00085,0.0005,524.7669591,0.88195712,-0.441415078,-0.165240332
0.0001,0.00085,0.00055,525.9339517,0.951557966,-0.231408342,-0.202453986
0.0001,0.00085,0.0006,519.041275,0.436192941,0.433063156,-0.788791495
0.0001,0.00085,0.00065,505.7165938,0.001317042,0.353925478,-0.935272699
0.0001,0.00085,0.0007,491.4442881,-0.289486204,0.140257706,-0.946850312
0.0001,0.00085,0.00075,473.1886374,-0.790084292,0.511686717,-0.337555203
0.0001,0.00085,0.0008,482.7682089,-0.407375173,0.081961084,0.909575642
0.0001,0.00085,0.00085,532.4626896,-0.368687343,0.370769688,0.852408049
0.0001,0.00085,0.0009,556.8016166,-0.135182818,0.785009443,0.6045542
0.0001,0.00085,0.00095,583.6655848,-0.100540153,0.295823647,-0.949936865
0.0001,0.0009,5.00E-05,411.1537141,0.082205797,0.139110078,-0.986858953
0.0001,0.0009,0.0001,410.4315105,0.046015639,0.429657091,0.901818909
0.0001,0.0009,0.00015,523.3528216,0.324944951,0.349939298,0.878608711
0.0001,0.0009,0.0002,602.598396,0.696886017,0.464814147,0.546166356
0.0001,0.0009,0.00025,605.010488,0.822680708,0.567607994,0.031900121
0.0001,0.0009,0.0003,607.4225801,0.875701975,0.470340093,-0.109207363
0.0001,0.0009,0.00035,593.504734,0.761796554,-0.028264932,-0.647199432
0.0001,0.0009,0.0004,548.2345014,0.511482006,0.118519838,-0.851081198
0.0001,0.0009,0.00045,503.863707,0.615033207,0.648147376,-0.449042463
0.0001,0.0009,0.0005,508.0299818,0.6794523,0.711079916,0.180858853
0.0001,0.0009,0.00055,518.3292639,0.75287502,0.610502355,0.245898512
0.0001,0.0009,0.0006,521.9731173,0.797333759,-0.52155275,-0.30371303
0.0001,0.0009,0.00065,509.2110885,0.322899722,-0.518477943,-0.79178052
0.0001,0.0009,0.0007,491.8259083,-0.62013803,0.383257871,-0.684501445
0.0001,0.0009,0.00075,485.958746,-0.919422299,0.376288528,-0.11432226
0.0001,0.0009,0.0008,483.8784379,-0.87410326,0.123463603,0.469787431
0.0001,0.0009,0.00085,528.1722342,-0.606234537,-0.069348346,0.792256583
0.0001,0.0009,0.0009,581.9093709,-0.566682565,0.086423689,0.819391126
0.0001,0.0009,0.00095,606.008189,-0.112161439,0.093348353,-0.989295657
0.0001,0.00095,5.00E-05,418.54305,0.07254667,0.804352453,-0.589706802
0.0001,0.00095,0.0001,449.4065221,-0.15273104,0.839437104,0.521554003
0.0001,0.00095,0.00015,523.3979437,-0.017407342,0.228820566,0.973312968
0.0001,0.00095,0.0002,627.7259078,0.229804467,-0.361963486,0.903422571
0.0001,0.00095,0.00025,653.6972502,0.793744139,-0.570768154,0.210223587
0.0001,0.00095,0.0003,653.3236975,0.724817162,-0.613133646,-0.314177043
0.0001,0.00095,0.00035,609.2233492,0.619202842,-0.613214367,-0.490465065
0.0001,0.00095,0.0004,585.4580559,0.977495642,-0.093995761,-0.188857264
0.0001,0.00095,0.00045,592.14248,0.7401003,0.671371038,-0.038890554
0.0001,0.00095,0.0005,581.6409623,0.719088078,0.663660371,-0.206075832
0.0001,0.00095,0.00055,560.551148,0.556268999,0.719308009,-0.416125928
0.0001,0.00095,0.0006,503.3830418,0.354057448,0.842504019,-0.405992981
0.0001,0.00095,0.00065,485.9754376,0.093909208,0.995564432,0.005702853
0.0001,0.00095,0.0007,504.4634619,-0.14290123,0.987744236,0.062773898
0.0001,0.00095,0.00075,499.3475144,-0.302206819,0.952140569,-0.045818949
0.0001,0.00095,0.0008,493.8622251,-0.454393274,0.883644737,0.112688651
0.0001,0.00095,0.00085,523.8817788,-0.451800492,0.80382711,0.386960323
0.0001,0.00095,0.0009,565.0112129,-0.443381076,0.706036403,0.552200886
0.0001,0.00095,0.00095,599.777815,-0.314551211,0.212952106,-0.92504537
0.00015,5.00E-05,5.00E-05,612.8911631,0.055474247,0.858420852,-0.509937495
0.00015,5.00E-05,0.0001,564.7979106,-0.20784748,0.823373127,-0.52806829
0.00015,5.00E-05,0.00015,539.7369554,-0.604286025,-0.65113087,-0.459202559
0.00015,5.00E-05,0.0002,527.3007755,-0.354133755,-0.914945558,-0.19355596
0.00015,5.00E-05,0.00025,512.4189753,-0.212243417,-0.968868697,-0.127460501
0.00015,5.00E-05,0.0003,500.4811519,-0.053978795,-0.997646737,0.042276211
0.00015,5.00E-05,0.00035,520.252333,0.153954378,-0.920489947,0.35916056
0.00015,5.00E-05,0.0004,549.4658188,0.070010552,-0.828682689,0.555322901
0.00015,5.00E-05,0.00045,569.2484577,-0.131647295,-0.739258539,0.660428499
0.00015,5.00E-05,0.0005,578.2699048,-0.60077945,0.123275722,0.789852612
0.00015,5.00E-05,0.00055,614.8593909,-0.564925021,0.619593169,0.544944057
0.00015,5.00E-05,0.0006,642.0883313,-0.368976977,0.866907931,0.335151651
0.00015,5.00E-05,0.00065,665.5626426,-0.335065383,0.925317702,0.177534052
0.00015,5.00E-05,0.0007,669.9741983,-0.228323769,0.972383493,0.048359059
0.00015,5.00E-05,0.00075,674.3032887,-0.191842387,0.981040515,0.027495575
0.00015,5.00E-05,0.0008,674.9928911,-0.041794328,0.998495837,0.035486574
0.00015,5.00E-05,0.00085,679.4235459,0.025114145,0.993332726,0.112513893
0.00015,5.00E-05,0.0009,687.7900341,0.120146668,0.924825686,-0.360918591
0.00015,5.00E-05,0.00095,650.3226281,0.573007716,0.337450504,-0.746852941
0.00015,0.0001,5.00E-05,573.7945389,-0.393034372,-0.505334959,-0.768219085
0.00015,0.0001,0.0001,531.1485835,0.419662063,-0.302697509,-0.855720732
0.00015,0.0001,0.00015,446.3755218,0.23732489,-0.773343516,-0.587891744
0.00015,0.0001,0.0002,457.9673658,0.039125458,-0.965403155,0.257809905
0.00015,0.0001,0.00025,465.666704,0.130062442,-0.8975029,0.421393291
0.00015,0.0001,0.0003,481.6191663,0.313104229,-0.557535392,0.768843306
0.00015,0.0001,0.00035,514.9957779,0.279688437,-0.31761217,0.906033602
0.00015,0.0001,0.0004,544.8010263,0.11304866,-0.333964527,0.935781863
0.00015,0.0001,0.00045,564.5836653,-0.284327905,-0.053443476,0.957236354
0.00015,0.0001,0.0005,582.8547453,-0.555078339,0.317211175,0.768937649
0.00015,0.0001,0.00055,627.2068228,-0.624992171,0.278596762,0.729224678
0.00015,0.0001,0.0006,664.7061581,-0.776720767,0.219263789,0.590447492
0.00015,0.0001,0.00065,657.8093507,-0.759970033,-0.615187718,0.209737029
0.00015,0.0001,0.0007,671.4056565,-0.788688204,-0.601255543,0.12830701
0.00015,0.0001,0.00075,666.6555428,-0.369464946,-0.736950618,-0.566038374
0.00015,0.0001,0.0008,632.3680549,-0.171942454,-0.875103288,-0.452360507
0.00015,0.0001,0.00085,627.1758771,0.011876855,-0.991992521,-0.125736945
0.00015,0.0001,0.0009,620.1164438,0.117389978,-0.99080904,-0.067208931
0.00015,0.0001,0.00095,619.417298,0.18569079,-0.866665615,-0.463043887
0.00015,0.00015,5.00E-05,554.8279516,-0.60201178,-0.381122513,-0.701660492
0.00015,0.00015,0.0001,519.7254733,0.533548818,-0.123000678,-0.836777445
0.00015,0.00015,0.00015,443.4705581,0.422507845,-0.134045663,-0.896392147
0.00015,0.00015,0.0002,455.0624022,0.247571596,-0.476259038,0.843733153
0.00015,0.00015,0.00025,462.0442778,-0.132130804,-0.731187899,0.669257579
0.00015,0.00015,0.0003,464.7096178,0.167361164,-0.543540823,0.822528793
0.00015,0.00015,0.00035,498.1037862,0.136443874,-0.327515748,0.934941979
0.00015,0.00015,0.0004,531.7687507,0.065768748,-0.219533165,0.973385669
0.00015,0.00015,0.00045,567.12388,-0.245707793,0.055870381,0.967732495
0.00015,0.00015,0.0005,604.103944,-0.341880663,0.26180651,0.902538068
0.00015,0.00015,0.00055,646.1303274,-0.56034901,0.174947401,0.809569264
0.00015,0.00015,0.0006,653.4526377,-0.135349959,-0.990775839,-0.006604888
0.00015,0.00015,0.00065,645.9120871,-0.386381472,-0.807677156,-0.44538407
0.00015,0.00015,0.0007,628.5203291,-0.538006384,-0.818399094,-0.201920909
0.00015,0.00015,0.00075,623.4784932,-0.363990995,-0.881039349,-0.302126166
0.00015,0.00015,0.0008,598.6184404,-0.159393391,-0.88311431,-0.441251473
0.00015,0.00015,0.00085,582.7653475,0.095887024,-0.965252584,-0.243090781
0.00015,0.00015,0.0009,573.4113315,0.212389843,-0.961488832,-0.174441341
0.00015,0.00015,0.00095,563.6232821,0.04794477,-0.986542908,-0.156315034
0.00015,0.0002,5.00E-05,549.950467,-0.294790727,-0.94939687,0.108369784
0.00015,0.0002,0.0001,514.7797927,0.452866684,-0.538406201,-0.710655
0.00015,0.0002,0.00015,436.7058652,0.428358187,-0.154920049,-0.890229769
0.00015,0.0002,0.0002,447.4831246,0.450869642,-0.431732806,0.781231944
0.00015,0.0002,0.00025,455.1267751,0.183917611,-0.631821529,0.752978
0.00015,0.0002,0.0003,457.7904383,-0.067541783,-0.056587366,0.996110424
0.00015,0.0002,0.00035,491.5045639,-0.068475081,-0.114869229,0.991017772
0.00015,0.0002,0.0004,529.2345349,-0.152653308,-0.137152556,0.97871658
0.00015,0.0002,0.00045,568.759814,-0.20882857,-0.156654938,0.965323707
0.00015,0.0002,0.0005,605.7727839,-0.156124819,-0.345485049,0.925345947
0.00015,0.0002,0.00055,637.871044,-0.116220479,-0.849135869,0.515229149
0.00015,0.0002,0.0006,631.9687059,-0.204088444,-0.928011772,-0.311676208
0.00015,0.0002,0.00065,612.5961124,-0.345188299,-0.855847369,-0.385188681
0.00015,0.0002,0.0007,580.4807841,-0.480058702,-0.840996406,-0.249536946
0.00015,0.0002,0.00075,579.4577311,-0.238970701,-0.951183717,-0.195301151
0.00015,0.0002,0.0008,550.8853546,0.018537735,-0.929924266,-0.367283557
0.00015,0.0002,0.00085,527.0847633,0.096744376,-0.957617337,-0.271310819
0.00015,0.0002,0.0009,514.6088734,0.004010322,-0.981640546,-0.190698077
0.00015,0.0002,0.00095,502.1329836,-0.130146996,-0.950440595,0.282355158
0.00015,0.00025,5.00E-05,444.0328521,-0.069497807,-0.993722407,-0.08766888
0.00015,0.00025,0.0001,433.9291364,0.340406535,-0.930053536,-0.138288866
0.00015,0.00025,0.00015,431.7594207,0.870575041,-0.255678993,0.420389522
0.00015,0.00025,0.0002,444.8824407,0.485837965,-0.433532522,0.758953902
0.00015,0.00025,0.00025,453.3954425,0.442042875,-0.583777861,0.681029739
0.00015,0.00025,0.0003,462.6430565,0.393684524,-0.210337337,0.894857922
0.00015,0.00025,0.00035,489.8226751,0.299022254,-0.32367762,0.897673933
0.00015,0.00025,0.0004,520.9425777,0.080436737,-0.390616455,0.91703256
0.00015,0.00025,0.00045,554.703078,0.021723144,-0.528292453,0.848784536
0.00015,0.00025,0.0005,578.300733,0.277533613,-0.759943231,0.587759628
0.00015,0.00025,0.00055,602.9575041,0.097802337,-0.99520508,-0.001245879
0.00015,0.00025,0.0006,578.1968643,0.066386738,-0.842601352,-0.534430317
0.00015,0.00025,0.00065,531.5115229,-0.105220492,-0.926501121,-0.361281499
0.00015,0.00025,0.0007,516.836428,-0.40542508,-0.857881599,-0.31570503
0.00015,0.00025,0.00075,479.3385816,-0.173106923,-0.943161583,-0.283690364
0.00015,0.00025,0.0008,466.0154617,-0.089421745,-0.982602744,-0.162774689
0.00015,0.00025,0.00085,454.7240574,-0.107245055,-0.979513961,-0.170443241
0.00015,0.00025,0.0009,444.9691414,-0.178691736,-0.97981003,-0.089674797
0.00015,0.00025,0.00095,444.659331,-0.247186521,-0.96892216,-0.00941652
0.00015,0.0003,5.00E-05,428.3242438,0.520608404,-0.368840252,0.770015427
0.00015,0.0003,0.0001,432.2355606,0.806904,-0.588890687,0.045974923
0.00015,0.0003,0.00015,430.0441154,0.875491995,-0.477389581,0.074919654
0.00015,0.0003,0.0002,435.1241143,0.740657245,-0.642031122,0.198047679
0.00015,0.0003,0.00025,439.9023969,0.79570303,-0.551797285,0.249752765
0.00015,0.0003,0.0003,449.2281773,0.639786245,-0.658942292,0.395561142
0.00015,0.0003,0.00035,470.4832893,0.477818554,-0.692903506,0.539976075
0.00015,0.0003,0.0004,501.5982719,0.303963922,-0.706108592,0.639544049
0.00015,0.0003,0.00045,533.0594928,0.254357646,-0.876464702,0.408793119
0.00015,0.0003,0.0005,543.3822713,0.281591829,-0.940561009,0.189871088
0.00015,0.0003,0.00055,554.9009545,0.218708807,-0.958502305,-0.182865492
0.00015,0.0003,0.0006,519.3244968,0.137940212,-0.836789227,-0.529864405
0.00015,0.0003,0.00065,455.2381709,-0.220222426,-0.871893167,-0.43738357
0.00015,0.0003,0.0007,438.7085537,-0.464141256,-0.855923254,-0.22796552
0.00015,0.0003,0.00075,410.4975226,-0.441840546,-0.865590275,-0.235648909
0.00015,0.0003,0.0008,402.2977627,-0.403559517,-0.914460927,-0.030015486
0.00015,0.0003,0.00085,406.1344431,-0.452077367,-0.891788428,0.018424309
0.00015,0.0003,0.0009,404.6390697,-0.49565741,-0.868512931,-0.003003389
0.00015,0.0003,0.00095,405.7925694,-0.212282136,-0.945036367,0.248681643
0.00015,0.00035,5.00E-05,431.366561,0.200142658,0.818098972,0.539126135
0.00015,0.00035,0.0001,411.8993796,0.734859288,-0.475703892,-0.483412489
0.00015,0.00035,0.00015,413.353497,0.713317296,-0.70057654,0.01925998
0.00015,0.00035,0.0002,412.9238559,0.669691255,-0.726600512,0.153509996
0.00015,0.00035,0.00025,422.2342913,0.624375133,-0.780965905,-0.015746382
0.00015,0.00035,0.0003,411.7001271,0.582575103,-0.812769429,0.003479025
0.00015,0.00035,0.00035,422.6207678,0.43781367,-0.84559052,0.305443714
0.00015,0.00035,0.0004,451.8533649,0.304043973,-0.900255958,0.31160307
0.00015,0.00035,0.00045,465.1169308,0.223041957,-0.966758639,0.125020074
0.00015,0.00035,0.0005,470.1050755,0.181947583,-0.981326363,0.062399081
0.00015,0.00035,0.00055,476.8569914,0.178996675,-0.953042632,-0.244274295
0.00015,0.00035,0.0006,420.8042507,0.035452015,-0.892941372,-0.448774845
0.00015,0.00035,0.00065,370.8093504,-0.29955757,-0.879138709,-0.37064861
0.00015,0.00035,0.0007,348.8524219,-0.305649081,-0.944534872,-0.120135399
0.00015,0.00035,0.00075,345.5937375,-0.32624802,-0.941623257,-0.083113605
0.00015,0.00035,0.0008,333.0885557,-0.356932701,-0.93385709,-0.022582765
0.00015,0.00035,0.00085,341.3982095,-0.389027175,-0.918532522,0.070397897
0.00015,0.00035,0.0009,346.1069205,-0.454227617,-0.886895444,0.084224358
0.00015,0.00035,0.00095,354.6512765,-0.30556627,-0.787808971,0.53477685
0.00015,0.0004,5.00E-05,515.1955922,-0.177261301,0.33440147,0.925610116
0.00015,0.0004,0.0001,414.5097367,-0.020050947,-0.001183803,-0.999798259
0.00015,0.0004,0.00015,392.7790689,0.480040489,-0.80357657,-0.351888939
0.00015,0.0004,0.0002,393.0891338,0.354459845,-0.913772864,-0.198437322
0.00015,0.0004,0.00025,379.2096939,0.286095289,-0.88787075,-0.360326264
0.00015,0.0004,0.0003,358.939582,0.450513439,-0.869277157,-0.203457282
0.00015,0.0004,0.00035,359.3230472,0.450518122,-0.873861785,0.182753938
0.00015,0.0004,0.0004,378.8221262,0.330582789,-0.914691886,0.232494673
0.00015,0.0004,0.00045,391.9221669,0.238072448,-0.962797608,-0.127836907
0.00015,0.0004,0.0005,358.7508515,0.014610769,-0.98807353,-0.153288048
0.00015,0.0004,0.00055,362.5524804,0.008704118,-0.967991055,-0.250833721
0.00015,0.0004,0.0006,308.3181825,-0.110225216,-0.932165892,-0.344843664
0.00015,0.0004,0.00065,284.5761579,-0.391425327,-0.867559624,-0.306800444
0.00015,0.0004,0.0007,240.4570316,0.268808288,-0.921759009,-0.279468128
0.00015,0.0004,0.00075,231.9031393,0.409022594,-0.909958137,-0.068386447
0.00015,0.0004,0.0008,228.8015779,0.262494467,-0.964686471,0.021832703
0.00015,0.0004,0.00085,236.274378,-0.627790099,-0.764693305,0.145340088
0.00015,0.0004,0.0009,265.0822364,-0.672915604,0.376508233,0.636730823
0.00015,0.0004,0.00095,280.1919387,-0.189578971,-0.195182726,0.962269981
0.00015,0.00045,5.00E-05,479.8924666,-0.401776988,-0.390678456,0.828218326
0.00015,0.00045,0.0001,411.7544333,-0.208421414,-0.040132033,-0.977215398
0.00015,0.00045,0.00015,364.4372262,0.421586751,-0.100393217,-0.901213523
0.00015,0.00045,0.0002,350.4390041,0.146113074,-0.895261931,-0.420900278
0.00015,0.00045,0.00025,338.0872523,0.58786746,-0.49282504,-0.641510195
0.00015,0.00045,0.0003,326.7338506,0.500911647,0.829521301,-0.246945204
0.00015,0.00045,0.00035,327.5497902,0.600814852,0.796190825,-0.071426069
0.00015,0.00045,0.0004,323.6003174,0.900040965,0.297072742,-0.318863682
0.00015,0.00045,0.00045,313.9510767,0.341714618,-0.874692674,-0.343720592
0.00015,0.00045,0.0005,280.7921434,0.057186874,-0.972543888,-0.225583794
0.00015,0.00045,0.00055,282.2325514,-0.151713844,-0.932592543,-0.327496655
0.00015,0.00045,0.0006,210.0221607,-0.338216427,-0.717140306,-0.609359853
0.00015,0.00045,0.00065,178.913948,0.16736987,-0.972862592,-0.159767655
0.00015,0.00045,0.0007,175.1230249,0.926788734,-0.36944999,0.06759694
0.00015,0.00045,0.00075,190.5048948,0.982015567,-0.078694665,-0.17161753
0.00015,0.00045,0.0008,139.9436735,0.838696024,0.485561748,-0.246614614
0.00015,0.00045,0.00085,150.510912,-0.126644128,0.465113322,0.876145457
0.00015,0.00045,0.0009,372.0760154,-0.512011081,0.773401643,0.373757343
0.00015,0.00045,0.00095,303.9193534,-0.248369258,0.739489924,0.625673528
0.00015,0.0005,5.00E-05,464.3287601,-0.7831847,-0.62124144,0.026092126
0.00015,0.0005,0.0001,409.7682503,0.415447858,-0.676269406,-0.608327846
0.00015,0.0005,0.00015,385.9486641,-0.170510523,0.342164818,-0.924039717
0.00015,0.0005,0.0002,337.0422986,-0.770635792,0.598527893,-0.218826043
0.00015,0.0005,0.00025,360.9987702,-0.084207535,0.890614244,0.446895244
0.00015,0.0005,0.0003,394.3362981,0.117355333,0.972130878,0.20295143
0.00015,0.0005,0.00035,394.2527361,0.154219487,0.987891617,-0.016926405
0.00015,0.0005,0.0004,391.4915123,0.192645491,0.801735768,-0.565780411
0.00015,0.0005,0.00045,282.9848583,0.535515018,0.170052553,-0.827227776
0.00015,0.0005,0.0005,222.0049562,0.564116174,-0.398020304,-0.723431254
0.00015,0.0005,0.00055,161.025054,0.394341724,-0.884357496,-0.249812776
0.00015,0.0005,0.0006,186.7251132,-0.743435878,0.57341212,-0.344240665
0.00015,0.0005,0.00065,72.06716296,0.768377047,-0.625217121,-0.136748913
0.00015,0.0005,0.0007,177.1068977,0.8051694,0.032143574,0.59217314
0.00015,0.0005,0.00075,215.7717611,0.64366783,0.712528684,0.279275133
0.00015,0.0005,0.0008,307.5460928,0.549639227,0.790078473,0.271427203
0.00015,0.0005,0.00085,359.5048803,0.452280269,0.696279587,0.557348451
0.00015,0.0005,0.0009,582.5244022,-0.165349912,0.972993332,0.161069495
0.00015,0.0005,0.00095,407.6213019,-0.237296797,0.907504431,-0.346591889
0.00015,0.00055,5.00E-05,428.7746183,-0.025140172,-0.311871889,-0.949791502
0.00015,0.00055,0.0001,324.6203964,0.341265183,-0.909311159,-0.238099331
0.00015,0.00055,0.00015,391.3670882,-0.075338724,0.133501905,0.988180812
0.00015,0.00055,0.0002,418.6813725,-0.141867878,0.931088196,0.336077783
0.00015,0.00055,0.00025,452.2680425,0.00665397,0.936919601,0.349481596
0.00015,0.00055,0.0003,486.0192871,0.078282782,0.97244267,0.219606604
0.00015,0.00055,0.00035,493.5826898,0.020055637,0.999576586,-0.021081259
0.00015,0.00055,0.0004,481.271802,0.071647033,0.776447465,-0.626095868
0.00015,0.00055,0.00045,348.7922927,0.575397973,0.372627551,-0.728056235
0.00015,0.00055,0.0005,213.69181,0.713678368,0.080593368,-0.695821742
0.00015,0.00055,0.00055,157.3390448,0.11552075,0.810148422,0.574729928
0.00015,0.00055,0.0006,358.2020189,-0.79221577,0.60871424,-0.043141032
0.00015,0.00055,0.00065,134.9393901,-0.824321935,0.418245152,-0.38152895
0.00015,0.00055,0.0007,182.9234115,-0.385745046,0.578266039,0.718894393
0.00015,0.00055,0.00075,523.3009693,0.233010045,0.686872654,0.688412868
0.00015,0.00055,0.0008,558.3263633,0.629609085,0.771597588,-0.090716934
0.00015,0.00055,0.00085,494.0335022,0.817059931,0.387091284,0.427286096
0.00015,0.00055,0.0009,662.7391065,0.1154433,0.113115329,0.986852454
0.00015,0.00055,0.00095,613.3988084,0.241042722,0.57317962,-0.783175287
0.00015,0.0006,5.00E-05,369.5059818,0.077628515,-0.488289002,-0.869222448
0.00015,0.0006,0.0001,266.9073512,0.540636762,-0.645302934,0.53971846
0.00015,0.0006,0.00015,398.6561761,0.040716501,0.236448632,0.970790508
0.00015,0.0006,0.0002,505.7656198,0.135799704,0.745637962,0.652366821
0.00015,0.0006,0.00025,541.5239048,0.074228571,0.925715062,0.370866206
0.00015,0.0006,0.0003,577.2821897,0.034131906,0.923900408,0.381107662
0.00015,0.0006,0.00035,619.3567016,-0.112219748,0.993267691,-0.028740609
0.00015,0.0006,0.0004,571.0520917,0.288714882,0.686868334,-0.666974969
0.00015,0.0006,0.00045,419.9353746,0.682433697,0.277500053,-0.676223313
0.00015,0.0006,0.0005,244.1799777,0.93841461,0.307403836,-0.157736808
0.00015,0.0006,0.00055,364.7289365,0.320038218,0.759845243,0.565871669
0.00015,0.0006,0.0006,502.7812676,-0.847605634,0.416723149,-0.328491257
0.00015,0.0006,0.00065,264.2135983,-0.828898472,0.559053221,-0.019667725
0.00015,0.0006,0.0007,489.4981397,-0.408283885,0.672967728,0.616780923
0.00015,0.0006,0.00075,590.3348088,0.48048493,0.223081239,0.848156231
0.00015,0.0006,0.0008,556.4820516,0.637669602,-0.162624926,-0.752947947
0.00015,0.0006,0.00085,454.0955146,0.960423397,0.198023677,0.195891607
0.00015,0.0006,0.0009,596.2063319,-0.263847787,-0.632564968,0.728179858
0.00015,0.0006,0.00095,578.8520324,-0.253830806,-0.352711558,-0.9006467
0.00015,0.00065,5.00E-05,253.5385125,-0.240357796,-0.481367706,-0.842919487
0.00015,0.00065,0.0001,289.7675846,0.271129796,0.012829453,0.962457292
0.00015,0.00065,0.00015,449.5441207,0.163000599,0.180429705,0.969987591
0.00015,0.00065,0.0002,581.9753945,0.356058191,0.474039379,0.805300709
0.00015,0.00065,0.00025,630.7797671,0.186445736,0.839616556,0.510178426
0.00015,0.00065,0.0003,674.705477,0.038333552,0.872351622,0.487373764
0.00015,0.00065,0.00035,708.8931973,0.009400439,0.989666492,0.143079931
0.00015,0.00065,0.0004,686.6411202,0.588461663,0.268248915,-0.76272891
0.00015,0.00065,0.00045,482.9299766,0.700426107,0.233767672,-0.674355948
0.00015,0.00065,0.0005,321.2803374,0.8897981,0.453752468,0.048662498
0.00015,0.00065,0.00055,504.5855513,0.818069212,0.247002803,0.519376915
0.00015,0.00065,0.0006,485.7155142,0.845110569,-0.531902637,0.053551023
0.00015,0.00065,0.00065,512.5110503,-0.780994162,0.584539318,0.219913404
0.00015,0.00065,0.0007,538.7532397,-0.925507782,0.18979124,0.327741715
0.00015,0.00065,0.00075,540.9190136,0.187799732,-0.974639799,-0.121690276
0.00015,0.00065,0.0008,528.9008164,0.02349922,-0.98795805,-0.152927035
0.00015,0.00065,0.00085,534.1901388,-0.623468504,0.707823998,0.332072601
0.00015,0.00065,0.0009,554.3639547,-0.736334376,-0.673040375,-0.069486264
0.00015,0.00065,0.00095,524.6183426,-0.217047345,-0.315619107,-0.923728872
0.00015,0.0007,5.00E-05,235.3892929,-0.415599341,0.072586,-0.906646822
0.00015,0.0007,0.0001,269.520085,-0.183427365,-0.02601134,0.982689072
0.00015,0.0007,0.00015,453.0104476,0.120224347,0.012277068,0.992670832
0.00015,0.0007,0.0002,612.4497844,0.458882702,0.146912106,0.876266796
0.00015,0.0007,0.00025,694.1326953,-0.004497154,0.397179137,0.917730085
0.00015,0.0007,0.0003,717.0976302,-0.467261016,0.781175628,0.414043211
0.00015,0.0007,0.00035,701.9140949,-0.384994006,-0.513811236,-0.76666657
0.00015,0.0007,0.0004,650.5225142,0.613304176,-0.23793951,-0.753155215
0.00015,0.0007,0.00045,546.5888727,0.712302248,0.323150189,-0.623056549
0.00015,0.0007,0.0005,446.1069407,0.647312156,0.690096661,-0.323656565
0.00015,0.0007,0.00055,442.9302358,0.978634524,0.157671424,-0.131962837
0.00015,0.0007,0.0006,424.0601986,0.96318058,0.171342534,-0.207183269
0.00015,0.0007,0.00065,405.1901615,0.806198009,-0.066461082,0.587901092
0.00015,0.0007,0.0007,505.9488457,0.540622094,-0.390983384,0.744889082
0.00015,0.0007,0.00075,511.424939,0.140644178,-0.980100551,0.140078997
0.00015,0.0007,0.0008,513.0113465,-0.139197742,-0.987683272,-0.071454479
0.00015,0.0007,0.00085,508.3710564,-0.19150475,-0.962733149,-0.190973334
0.00015,0.0007,0.0009,503.4944071,-0.820023099,-0.517229737,-0.24502146
0.00015,0.0007,0.00095,476.0661824,-0.414040813,0.101946569,-0.904531427
0.00015,0.00075,5.00E-05,270.0745602,-0.345645112,0.455840262,-0.820206749
0.00015,0.00075,0.0001,284.00725,-0.548050717,0.42327607,0.72144146
0.00015,0.00075,0.00015,453.7853768,0.427262072,-0.019563491,0.903916142
0.00015,0.00075,0.0002,622.4011843,0.394198648,-0.085283061,0.915059684
0.00015,0.00075,0.00025,676.0697077,0.492626011,-0.547724709,0.676252361
0.00015,0.00075,0.0003,689.3866493,0.507514438,-0.846735631,-0.159586546
0.00015,0.00075,0.00035,664.27531,0.424292455,-0.674392663,-0.604293347
0.00015,0.00075,0.0004,637.5702162,0.335634442,-0.37535828,-0.863976668
0.00015,0.00075,0.00045,588.9507405,0.23356335,0.316256118,-0.9194728
0.00015,0.00075,0.0005,542.3000448,0.207750197,0.836362732,-0.507284177
0.00015,0.00075,0.00055,530.9273707,0.341768379,0.906406024,-0.248238785
0.00015,0.00075,0.0006,516.9269145,0.412222665,0.877474496,-0.245175415
0.00015,0.00075,0.00065,503.2536971,0.480430008,0.834859998,-0.268692746
0.00015,0.00075,0.0007,482.9918736,0.979339244,-0.139767359,-0.146149685
0.00015,0.00075,0.00075,491.5043185,0.431567851,-0.89204638,0.134173195
0.00015,0.00075,0.0008,486.6883644,-0.776047773,-0.554479129,-0.30050416
0.00015,0.00075,0.00085,486.2134248,-0.757942991,-0.649992776,-0.055061899
0.00015,0.00075,0.0009,486.1697587,-0.763915914,0.233421115,0.601620362
0.00015,0.00075,0.00095,554.8355311,-0.411897154,0.351986735,-0.840503464
0.00015,0.0008,5.00E-05,385.9055314,-0.20646653,0.577924488,-0.789540916
0.00015,0.0008,0.0001,377.304842,-0.155257816,0.912162193,0.379282407
0.00015,0.0008,0.00015,445.6865749,0.526747757,-0.001640405,0.850020064
0.00015,0.0008,0.0002,591.7330065,0.406344916,0.081385112,0.910088058
0.00015,0.0008,0.00025,639.8784015,0.742095457,-0.331174484,0.582767358
0.00015,0.0008,0.0003,654.5188161,0.754571191,-0.652430321,0.07040592
0.00015,0.0008,0.00035,644.0868451,0.498915725,-0.640712504,-0.583584259
0.00015,0.0008,0.0004,617.7974397,0.279358992,-0.503844142,-0.817373619
0.00015,0.0008,0.00045,579.3574055,0.25992977,-0.332980433,-0.906399772
0.00015,0.0008,0.0005,541.770449,0.437333838,-0.021750311,-0.899036172
0.00015,0.0008,0.00055,535.5763472,0.55369141,0.169381607,-0.815313249
0.00015,0.0008,0.0006,523.103338,0.411574946,0.193006517,-0.890704524
0.00015,0.0008,0.00065,510.6303289,0.313549909,0.172203198,-0.933826811
0.00015,0.0008,0.0007,494.71256,0.361989776,0.42278796,-0.830791034
0.00015,0.0008,0.00075,486.8489331,0.891925497,-0.390803669,0.227467362
0.00015,0.0008,0.0008,503.2487857,0.926057112,0.106167495,0.362141808
0.00015,0.0008,0.00085,502.249038,0.353820715,0.66003825,0.662691791
0.00015,0.0008,0.0009,530.1189192,-0.334671004,0.665676443,0.666985902
0.00015,0.0008,0.00095,566.562708,-0.372754755,0.172698016,-0.911717768
0.00015,0.00085,5.00E-05,408.6066528,0.191772937,0.158600045,-0.968539708
0.00015,0.00085,0.0001,427.7787689,0.446958458,0.703857342,0.552098705
0.00015,0.00085,0.00015,453.3715643,0.276605303,0.293020589,0.915220433
0.00015,0.00085,0.0002,639.7668923,0.397354113,0.148332371,0.905597713
0.00015,0.00085,0.00025,640.3898471,0.9931517,0.057400338,0.101759035
0.00015,0.00085,0.0003,650.3882781,0.953015768,-0.19816868,-0.229107226
0.00015,0.00085,0.00035,623.9592037,0.421193744,-0.504898285,-0.75344114
0.00015,0.00085,0.0004,597.6697983,0.41886161,-0.491434986,-0.763574886
0.00015,0.00085,0.00045,561.0210112,0.489853513,-0.560298905,-0.667913672
0.00015,0.00085,0.0005,541.2408531,0.637836228,-0.187180603,-0.747079895
0.00015,0.00085,0.00055,534.8054694,0.376843487,-0.08435396,-0.92242799
0.00015,0.00085,0.0006,522.3324603,0.019507546,-0.126473114,-0.991778205
0.00015,0.00085,0.00065,508.4891248,0.005539685,-0.137025742,-0.990551997
0.00015,0.00085,0.0007,495.0941802,0.142864572,0.023860272,-0.989454598
0.00015,0.00085,0.00075,476.8385296,0.890535897,-0.42177648,-0.170441828
0.00015,0.00085,0.0008,491.2031443,0.547436625,-0.339876021,0.764720493
0.00015,0.00085,0.00085,512.9759653,-0.085055548,0.195506331,0.977007077
0.00015,0.00085,0.0009,550.357165,-0.306095005,0.322135906,0.895842791
0.00015,0.00085,0.00095,582.1525001,-0.026028873,0.162702627,-0.986331766
0.00015,0.0009,5.00E-05,411.1844957,0.175811462,0.133025202,-0.9753946
0.00015,0.0009,0.0001,434.3745495,0.30354984,-0.09898875,0.947659602
0.00015,0.0009,0.00015,513.5575298,-0.176772262,0.234769065,0.955842588
0.00015,0.0009,0.0002,622.3656648,-0.041960203,-0.36950043,0.928282701
0.00015,0.0009,0.00025,645.8697234,0.896981834,0.376443993,0.231761753
0.00015,0.0009,0.0003,640.3069601,0.767410744,0.254974971,-0.588275883
0.00015,0.0009,0.00035,608.7589759,0.421478147,0.230729076,-0.87699502
0.00015,0.0009,0.0004,577.2905682,0.480767421,0.22368408,-0.847837319
0.00015,0.0009,0.00045,532.0203355,0.717056157,0.451638382,-0.530898522
0.00015,0.0009,0.0005,535.2021543,0.729912599,0.682583898,0.036149964
0.00015,0.0009,0.00055,533.8472173,0.444736814,0.706594902,-0.550393324
0.00015,0.0009,0.0006,519.7474364,-0.17699023,0.377977377,-0.908739545
0.00015,0.0009,0.00065,506.8623838,-0.187596712,0.158845527,-0.969317065
0.00015,0.0009,0.0007,495.4758005,0.095125352,0.018744617,-0.995288806
0.00015,0.0009,0.00075,477.2201498,-0.26374946,0.763918618,-0.588952093
0.00015,0.0009,0.0008,487.1876915,0.353610318,-0.073485681,0.932501795
0.00015,0.0009,0.00085,514.0861944,-0.193480395,0.017648121,0.980945401
0.00015,0.0009,0.0009,554.9940937,-0.527811239,-0.053742405,0.847659749
0.00015,0.0009,0.00095,589.9454901,-0.22525486,0.02318569,-0.974023959
0.00015,0.00095,5.00E-05,429.823559,0.113531419,0.76250717,-0.636940682
0.00015,0.00095,0.0001,417.0852892,0.095791086,0.877841475,0.469274348
0.00015,0.00095,0.00015,499.5449603,-0.474951015,0.133928412,0.869761297
0.00015,0.00095,0.0002,587.1003798,-0.453409941,-0.435048929,0.777915069
0.00015,0.00095,0.00025,669.5313804,-0.182420657,-0.845047648,0.502610363
0.00015,0.00095,0.0003,666.4730982,0.185731473,-0.962134783,-0.199500574
0.00015,0.00095,0.00035,640.538219,0.409667737,-0.799776802,-0.438781736
0.00015,0.00095,0.0004,617.9156778,0.638882496,-0.41310302,-0.648980008
0.00015,0.00095,0.00045,596.8258635,0.174885478,0.651531536,-0.738188138
0.00015,0.00095,0.0005,575.7360492,-0.096762892,0.711082258,-0.696418671
0.00015,0.00095,0.00055,554.6462349,-0.120918461,0.880469574,-0.458423444
0.00015,0.00095,0.0006,533.5564206,0.184321379,0.929191107,-0.320358419
0.00015,0.00095,0.00065,512.4666064,0.12970737,0.964426164,-0.230343595
0.00015,0.00095,0.0007,495.6524426,-0.063186451,0.988011399,-0.140857902
0.00015,0.00095,0.00075,487.588879,-0.09137069,0.995124312,-0.037134906
0.00015,0.00095,0.0008,488.2979205,-0.011887836,0.990042959,0.140262675
0.00015,0.00095,0.00085,514.1958656,-0.043599777,0.94405651,0.326888918
0.00015,0.00095,0.0009,545.5476161,-0.152219351,0.870554275,0.467936451
0.00015,0.00095,0.00095,585.5757472,-0.198005281,0.453403917,-0.869033254
0.0002,5.00E-05,5.00E-05,625.5621363,0.206678383,0.560663564,-0.801835653
0.0002,5.00E-05,0.0001,550.4011763,-0.236147888,0.368492312,-0.899137137
0.0002,5.00E-05,0.00015,515.9305102,-0.505217153,0.554723136,-0.661088399
0.0002,5.00E-05,0.0002,500.4114271,-0.561266193,-0.780587237,-0.275070582
0.0002,5.00E-05,0.00025,490.8518997,-0.108158535,-0.991879358,0.066910918
0.0002,5.00E-05,0.0003,510.627606,0.075402095,-0.97637977,0.202477328
0.0002,5.00E-05,0.00035,529.6515791,0.071043977,-0.962674126,0.261172892
0.0002,5.00E-05,0.0004,545.9102462,-0.093187856,-0.92395118,0.3709855
0.0002,5.00E-05,0.00045,564.0168308,-0.239528275,-0.791953153,0.561637257
0.0002,5.00E-05,0.0005,575.0761276,-0.252985376,-0.267838414,0.929656379
0.0002,5.00E-05,0.00055,587.4461398,-0.227156873,0.642743645,0.731628568
0.0002,5.00E-05,0.0006,620.909815,-0.173576894,0.850002628,0.497359622
0.0002,5.00E-05,0.00065,645.1934921,-0.10901245,0.959928521,0.258173431
0.0002,5.00E-05,0.0007,660.9665644,-0.039995544,0.984640824,0.169949419
0.0002,5.00E-05,0.00075,671.2412537,-0.034345113,0.997705099,0.058351941
0.0002,5.00E-05,0.0008,670.2327635,-0.049538324,0.997389788,0.052531564
0.0002,5.00E-05,0.00085,678.8254436,-0.0258897,0.986736327,0.160253375
0.0002,5.00E-05,0.0009,688.6364345,-0.016007327,0.981204041,0.192308074
0.0002,5.00E-05,0.00095,697.1908491,0.440940533,0.658120883,-0.610285466
0.0002,0.0001,5.00E-05,551.2146268,-0.273750319,-0.525770929,-0.805373015
0.0002,0.0001,0.0001,508.5686714,-0.393134991,-0.470419562,-0.790031844
0.0002,0.0001,0.00015,472.5044031,0.297399711,-0.641616464,-0.707023143
0.0002,0.0001,0.0002,457.4815085,0.31648319,-0.94839822,0.019473232
0.0002,0.0001,0.00025,473.4458005,0.480869414,-0.600809606,0.638586269
0.0002,0.0001,0.0003,493.2172257,0.42989189,-0.533022326,0.72875247
0.0002,0.0001,0.00035,524.5083178,0.079363369,-0.404233489,0.911206202
0.0002,0.0001,0.0004,542.9025371,-0.238737082,-0.16476069,0.957004974
0.0002,0.0001,0.00045,561.0091217,-0.398623144,-0.236931213,0.885981484
0.0002,0.0001,0.0005,569.0302793,-0.613880517,0.067954137,0.786468656
0.0002,0.0001,0.00055,589.6908096,-0.678621175,0.313633981,0.664158887
0.0002,0.0001,0.0006,626.3434782,-0.665357174,0.30644172,0.680729978
0.0002,0.0001,0.00065,656.256469,-0.69721024,-0.527196213,0.485759235
0.0002,0.0001,0.0007,644.2174018,-0.519053909,-0.827715383,-0.213237622
0.0002,0.0001,0.00075,639.6857089,-0.519122428,-0.849209127,-0.096725191
0.0002,0.0001,0.0008,635.6042875,-0.182940713,-0.975086013,-0.125459009
0.0002,0.0001,0.00085,629.5637987,-0.148349911,-0.988934269,-0.001147219
0.0002,0.0001,0.0009,635.4963014,-0.07574719,-0.989744985,0.121108334
0.0002,0.0001,0.00095,641.4288041,0.009313451,-0.827157071,-0.56189362
0.0002,0.00015,5.00E-05,538.8271773,-0.405927826,-0.236826009,-0.882686831
0.0002,0.00015,0.0001,503.5336618,-0.419096549,-0.144881834,-0.896307613
0.0002,0.00015,0.00015,469.5694184,0.39857716,-0.188795404,-0.897492364
0.0002,0.00015,0.0002,454.5628685,0.52305854,-0.385199709,-0.760283466
0.0002,0.00015,0.00025,457.23019,0.464859694,-0.639579054,0.61224513
0.0002,0.00015,0.0003,473.2795861,0.44388257,-0.527242444,0.724557568
0.0002,0.00015,0.00035,507.6099526,0.093829808,-0.456033061,0.88500272
0.0002,0.00015,0.0004,539.6261643,0.05035883,-0.33248495,0.941763105
0.0002,0.00015,0.00045,557.0296897,-0.441432692,-0.012491749,0.897207409
0.0002,0.00015,0.0005,577.5543438,-0.583624446,0.360340835,0.727692922
0.0002,0.00015,0.00055,614.510999,-0.610746779,0.41295702,0.67561444
0.0002,0.00015,0.0006,650.875434,-0.938575757,-0.205919719,0.276898207
0.0002,0.00015,0.00065,625.7948597,-0.264224758,-0.783604043,-0.562272159
0.0002,0.00015,0.0007,596.6445516,-0.344231982,-0.895357941,-0.282557072
0.0002,0.00015,0.00075,595.6214986,-0.417953586,-0.907089283,-0.050038304
0.0002,0.00015,0.0008,591.5637775,-0.297578713,-0.948870811,-0.10531426
0.0002,0.00015,0.00085,585.7384366,-0.191878372,-0.981418108,0.001089558
0.0002,0.00015,0.0009,591.6709393,-0.156948534,-0.982154668,-0.103630912
0.0002,0.00015,0.00095,573.120775,-0.082924905,-0.934488941,-0.346199189
0.0002,0.0002,5.00E-05,532.5443151,-0.358131151,-0.933557808,-0.014556726
0.0002,0.0002,0.0001,497.3736408,-0.346293493,-0.624881843,-0.699716728
0.0002,0.0002,0.00015,462.2029665,0.430438471,-0.421406359,-0.798210125
0.0002,0.0002,0.0002,451.2298045,0.904813158,-0.221603599,-0.363600047
0.0002,0.0002,0.00025,453.8934677,0.938685608,-0.237637926,0.249795005
0.0002,0.0002,0.0003,456.5571309,0.462752273,-0.274447503,0.842934696
0.0002,0.0002,0.00035,490.3205888,-0.076577926,-0.176657625,0.9812889
0.0002,0.0002,0.0004,525.4551358,-0.110123962,-0.219523282,0.969372086
0.0002,0.0002,0.00045,560.4810506,-0.331434198,-0.07882454,0.940179804
0.0002,0.0002,0.0005,597.4940205,-0.490759774,0.121537628,0.862776593
0.0002,0.0002,0.00055,634.5069904,-0.842092482,-0.27548644,0.463667416
0.0002,0.0002,0.0006,617.9520572,-0.318768832,-0.762278369,-0.563309968
0.0002,0.0002,0.00065,580.6782317,-0.286704192,-0.742494758,-0.605394285
0.0002,0.0002,0.0007,548.6050066,-0.254022046,-0.931254671,-0.261223159
0.0002,0.0002,0.00075,547.5819536,-0.260039467,-0.965463449,-0.016118467
0.0002,0.0002,0.0008,546.5589006,-0.153232681,-0.981726918,-0.112836181
0.0002,0.0002,0.00085,533.0379713,-0.08129824,-0.968901347,-0.233710881
0.0002,0.0002,0.0009,515.9133027,-0.077007957,-0.970208445,-0.229707091
0.0002,0.0002,0.00095,498.7886341,-0.069687359,-0.990138128,0.121532541
0.0002,0.00025,5.00E-05,448.08026,0.145412459,-0.988880377,0.031157944
0.0002,0.00025,0.0001,440.7153386,0.281075238,-0.958526501,-0.047155673
0.0002,0.00025,0.00015,445.2082816,0.613628444,-0.714789636,0.335463722
0.0002,0.00025,0.0002,449.4984719,0.938441258,-0.153977401,0.309223165
0.0002,0.00025,0.00025,452.1621351,0.906910126,0.106247811,0.407707525
0.0002,0.00025,0.0003,461.4194355,0.422928498,0.200147808,0.883782972
0.0002,0.00025,0.00035,495.2065127,-0.052598813,0.052031751,0.997259275
0.0002,0.00025,0.0004,523.7376783,0.01284155,-0.176068761,0.984294105
0.0002,0.00025,0.00045,550.9899599,-0.428730606,-0.240504742,0.87083152
0.0002,0.00025,0.0005,587.9822312,-0.724785465,-0.425068305,0.542220403
0.0002,0.00025,0.00055,602.3559251,-0.62830109,-0.770014415,-0.110975405
0.0002,0.00025,0.0006,578.0336583,-0.483934036,-0.694916231,-0.53188277
0.0002,0.00025,0.00065,540.7431458,-0.250637201,-0.748875456,-0.6134872
0.0002,0.00025,0.0007,478.6570667,-0.251228575,-0.887424254,-0.386474315
0.0002,0.00025,0.00075,473.0639024,-0.073391743,-0.993665512,-0.085102889
0.0002,0.00025,0.0008,465.024411,-0.089152017,-0.992208065,-0.087034894
0.0002,0.00025,0.00085,458.6901753,-0.097091947,-0.988685598,-0.114341341
0.0002,0.00025,0.0009,447.0128183,-0.109771465,-0.983020139,-0.147042957
0.0002,0.00025,0.00095,437.6262044,-0.292708585,-0.956128624,0.011821123
0.0002,0.0003,5.00E-05,434.5024112,0.413749536,-0.20349569,0.887356087
0.0002,0.0003,0.0001,438.9953542,0.516359796,-0.777660962,0.358630715
0.0002,0.0003,0.00015,443.4882971,0.655117996,-0.665290878,0.358062088
0.0002,0.0003,0.0002,447.7671393,0.764947771,-0.537549398,0.354817633
0.0002,0.0003,0.00025,457.0000483,0.860216274,-0.304397338,0.409109059
0.0002,0.0003,0.0003,466.3052683,0.693407807,-0.308997859,0.650926983
0.0002,0.0003,0.00035,493.5720274,0.312842617,-0.601155071,0.735351669
0.0002,0.0003,0.0004,515.476693,0.261799531,-0.665078553,0.699379385
0.0002,0.0003,0.00045,542.7381012,-0.220264229,-0.836463567,0.501809098
0.0002,0.0003,0.0005,557.2261817,-0.375936212,-0.904258027,0.202458355
0.0002,0.0003,0.00055,565.4777802,-0.361393207,-0.91705164,-0.168556342
0.0002,0.0003,0.0006,537.4536414,-0.20541322,-0.778113854,-0.593585915
0.0002,0.0003,0.00065,459.370582,-0.200090983,-0.764272654,-0.613066806
0.0002,0.0003,0.0007,393.1995894,-0.261336225,-0.867837604,-0.422565109
0.0002,0.0003,0.00075,388.406396,-0.196299207,-0.97813284,-0.068722409
0.0002,0.0003,0.0008,382.6967144,-0.164802782,-0.983999715,-0.06770971
0.0002,0.0003,0.00085,377.2955059,-0.242224655,-0.968958793,-0.049457809
0.0002,0.0003,0.0009,375.0952182,-0.392319246,-0.887445189,0.24192281
0.0002,0.0003,0.00095,412.4506776,-0.104263656,-0.829595233,0.548544292
0.0002,0.00035,5.00E-05,441.9928196,0.240440047,0.501685806,0.830963258
0.0002,0.00035,0.0001,421.2301903,0.42530829,-0.854702181,-0.297652549
0.0002,0.00035,0.00015,428.9100227,0.459227554,-0.872067252,0.169141246
0.0002,0.00035,0.0002,429.0281428,0.504014134,-0.850714247,0.149181177
0.0002,0.00035,0.00025,438.3688519,0.490443062,-0.852812835,0.179376337
0.0002,0.00035,0.0003,444.0585586,0.621576444,-0.764761256,0.16965537
0.0002,0.00035,0.00035,455.0085332,0.233610577,-0.925210802,0.299016838
0.0002,0.00035,0.0004,476.9829384,0.159356852,-0.96068697,0.227345417
0.0002,0.00035,0.00045,481.3979052,-0.000148566,-0.997549875,0.06995873
0.0002,0.00035,0.0005,486.4179503,-0.023193523,-0.997044774,0.07323782
0.0002,0.00035,0.00055,494.7809727,-0.083808755,-0.965205689,-0.247697537
0.0002,0.00035,0.0006,438.9409358,0.033948319,-0.845957193,-0.532169089
0.0002,0.00035,0.00065,360.9104977,-0.052143547,-0.895424082,-0.44215016
0.0002,0.00035,0.0007,332.9152913,-0.589520949,-0.663584833,-0.46056511
0.0002,0.00035,0.00075,323.5754447,-0.703524464,-0.601821324,-0.377974104
0.0002,0.00035,0.0008,303.5540302,-0.598266891,-0.782235717,-0.173735462
0.0002,0.00035,0.00085,309.7645214,-0.293855481,-0.952500602,0.079947225
0.0002,0.00035,0.0009,318.053139,-0.399845073,-0.881068819,0.252669059
0.0002,0.00035,0.00095,347.7812733,-0.255625817,-0.745468216,0.615575
0.0002,0.0004,5.00E-05,478.8464646,-0.381460662,0.127304564,0.915577037
0.0002,0.0004,0.0001,401.4284155,-0.12047021,-0.275035609,-0.953856563
0.0002,0.0004,0.00015,403.2832072,0.268181841,-0.952946602,-0.14131976
0.0002,0.0004,0.0002,393.8276215,0.084055978,-0.9605826,-0.264982379
0.0002,0.0004,0.00025,385.5406144,0.381138889,-0.924137178,-0.026525911
0.0002,0.0004,0.0003,391.2980134,0.529390903,-0.846937258,0.049422185
0.0002,0.0004,0.00035,391.6981931,0.095585916,-0.989543719,0.108011855
0.0002,0.0004,0.0004,403.9638849,0.028953194,-0.992355514,0.119967691
0.0002,0.0004,0.00045,408.2031413,-0.04394448,-0.980076157,-0.193699793
0.0002,0.0004,0.0005,375.0318259,0.147367386,-0.978105965,-0.14694072
0.0002,0.0004,0.00055,380.4735807,-0.070685533,-0.973620924,-0.216946658
0.0002,0.0004,0.0006,324.6477993,0.024047947,-0.861534239,-0.507129619
0.0002,0.0004,0.00065,244.6518645,-0.384869739,-0.913070861,0.134821683
0.0002,0.0004,0.0007,339.4070325,0.779947896,0.054474526,0.62346917
0.0002,0.0004,0.00075,341.656545,0.93765283,0.308061905,-0.160950406
0.0002,0.0004,0.0008,320.5136842,0.566789092,0.107072883,-0.816875463
0.0002,0.0004,0.00085,204.5514253,-0.212049968,-0.858817691,-0.466333556
0.0002,0.0004,0.0009,242.5290276,-0.652977602,-0.269467401,0.707818883
0.0002,0.0004,0.00095,262.3583369,-0.202147942,0.1313381,0.970508379
0.0002,0.00045,5.00E-05,461.3295384,-0.710293752,-0.659987664,0.244742863
0.0002,0.00045,0.0001,399.4422325,-0.310816645,-0.161631304,-0.936626038
0.0002,0.00045,0.00015,377.6563918,0.235585024,-0.813961129,-0.531005629
0.0002,0.00045,0.0002,364.709806,0.278266895,-0.864289695,-0.419011763
0.0002,0.00045,0.00025,350.239744,0.498467226,-0.42949483,-0.753036928
0.0002,0.00045,0.0003,338.5374683,0.937020421,0.260826628,-0.232297654
0.0002,0.00045,0.00035,338.9709592,-0.549782203,0.828457864,0.106757189
0.0002,0.00045,0.0004,340.4563764,-0.628329392,0.545985363,-0.554167987
0.0002,0.00045,0.00045,335.0083775,-0.03591303,-0.690841425,-0.722113828
0.0002,0.00045,0.0005,301.8370621,-0.025874563,-0.487043204,-0.872994516
0.0002,0.00045,0.00055,268.6657467,-0.195484753,-0.610014966,-0.767898074
0.0002,0.00045,0.0006,208.2009939,0.047606777,-0.998194755,-0.036617303
0.0002,0.00045,0.00065,260.9545743,0.243447008,0.250282323,0.9370658
0.0002,0.00045,0.0007,341.3909052,0.905054587,0.017068758,0.424952764
0.0002,0.00045,0.00075,359.7376453,0.985595213,0.146289586,-0.084861261
0.0002,0.00045,0.0008,321.5252402,0.675878197,0.26194447,-0.68889314
0.0002,0.00045,0.00085,166.1449988,0.004401499,0.984461461,-0.175545601
0.0002,0.00045,0.0009,296.0459863,-0.467182569,0.732373302,0.495348154
0.0002,0.00045,0.00095,379.7619175,-0.360856418,0.748815949,0.555929241
0.0002,0.0005,5.00E-05,425.7753966,-0.578781551,-0.502291241,-0.642429315
0.0002,0.0005,0.0001,386.9891417,-0.541879489,-0.489918087,-0.682895957
0.0002,0.0005,0.00015,350.0430087,-0.553592305,0.169268892,-0.81540395
0.0002,0.0005,0.0002,337.2756861,0.458804023,0.848752004,0.262904742
0.0002,0.0005,0.00025,370.613214,0.329215353,0.815246773,0.476434624
0.0002,0.0005,0.0003,403.9507419,0.284111022,0.935153671,0.211585769
0.0002,0.0005,0.00035,406.5893168,0.084858933,0.996107333,0.023856716
0.0002,0.0005,0.0004,407.8679567,0.0638363,0.97540026,-0.210995876
0.0002,0.0005,0.00045,371.256304,-0.223264945,0.897851906,-0.379492714
0.0002,0.0005,0.0005,338.0193053,-0.160192964,0.880432024,-0.446293251
0.0002,0.0005,0.00055,306.0894861,0.071586056,0.247693795,-0.966190054
0.0002,0.0005,0.0006,114.439749,-0.20089864,-0.970358306,-0.134329797
0.0002,0.0005,0.00065,280.2257595,0.335051387,-0.700283788,0.630351635
0.0002,0.0005,0.0007,343.3747779,0.721187992,-0.625707075,0.297285277
0.0002,0.0005,0.00075,375.902323,0.816582848,0.558583766,0.145521917
0.0002,0.0005,0.0008,394.1252798,0.134447554,0.984185091,-0.115341071
0.0002,0.0005,0.00085,347.4393328,-0.480996101,0.770922569,0.417517836
0.0002,0.0005,0.0009,558.3620973,-0.636186606,0.708899455,0.304512996
0.0002,0.0005,0.00095,484.9891157,-0.203292375,0.865493867,-0.457812819
0.0002,0.00055,5.00E-05,384.7070565,-0.317938838,-0.284109653,-0.904542205
0.0002,0.00055,0.0001,345.1108718,-0.057049021,-0.997727727,0.035843994
0.0002,0.00055,0.00015,387.9763584,0.3272243,0.653871755,0.682184715
0.0002,0.00055,0.0002,431.1179005,0.276799141,0.885355611,0.373534039
0.0002,0.00055,0.00025,464.3301593,0.25700714,0.911413983,0.321359429
0.0002,0.00055,0.0003,497.5424182,0.280827421,0.940591519,0.190849559
0.0002,0.00055,0.00035,502.5293597,0.209216421,0.977351019,0.031835108
0.0002,0.00055,0.0004,503.7952554,0.17699052,0.984144023,-0.01161452
0.0002,0.00055,0.00045,500.2651596,-0.166705986,0.941711213,-0.292214144
0.0002,0.00055,0.0005,430.3959263,0.223369462,0.709040613,-0.66885536
0.0002,0.00055,0.00055,325.9829055,-0.093966913,0.271466015,-0.957849895
0.0002,0.00055,0.0006,21.36916266,-0.734442765,0.086610947,-0.673121363
0.0002,0.00055,0.00065,6.621151005,-0.207633512,-0.918746497,0.335846986
0.0002,0.00055,0.0007,140.0169815,0.268809786,-0.048635461,0.9619646
0.0002,0.00055,0.00075,554.5427094,0.105161634,0.405226264,0.908147954
0.0002,0.00055,0.0008,564.3949331,-0.545806106,0.738835172,-0.395244588
0.0002,0.00055,0.00085,469.3987965,-0.663761536,0.724421428,0.186102709
0.0002,0.00055,0.0009,616.258809,-0.767101029,0.025710129,0.641010921
0.0002,0.00055,0.00095,630.4167082,-0.336480855,0.294437174,-0.894476039
0.0002,0.0006,5.00E-05,336.1630583,-0.256677564,-0.509179403,-0.821494348
0.0002,0.0006,0.0001,295.9871961,0.787795093,-0.086706952,0.609803899
0.0002,0.0006,0.00015,432.4804565,0.446496024,0.332646403,0.830654965
0.0002,0.0006,0.0002,518.2505346,0.283790424,0.767949851,0.57420904
0.0002,0.0006,0.00025,559.0011336,0.304070079,0.881335006,0.361648992
0.0002,0.0006,0.0003,592.2133925,0.265899904,0.943631504,0.197121349
0.0002,0.0006,0.00035,598.55401,0.129359845,0.990840595,0.038742042
0.0002,0.0006,0.0004,599.7225541,-0.052885615,0.997241613,0.052079524
0.0002,0.0006,0.00045,607.7984862,0.271880417,0.858677178,-0.434458908
0.0002,0.0006,0.0005,522.7725472,0.558926996,0.579892041,-0.592727454
0.0002,0.0006,0.00055,422.0125196,-0.508144338,0.493867048,-0.705609432
0.0002,0.0006,0.0006,155.5322258,-0.661704391,0.494263731,-0.563782461
0.0002,0.0006,0.00065,-44.34844373,-0.71549594,0.530682596,0.454358384
0.0002,0.0006,0.0007,315.6727007,-0.237810208,0.419364369,0.876116334
0.0002,0.0006,0.00075,565.2647402,-0.150692018,-0.090282372,0.984449597
0.0002,0.0006,0.0008,553.2857578,-0.044248568,-0.928797916,-0.367935451
0.0002,0.0006,0.00085,549.324105,0.731157178,0.66728551,0.141912755
0.0002,0.0006,0.0009,564.82032,-0.609517842,-0.788641731,0.080822152
0.0002,0.0006,0.00095,561.2096522,-0.127732412,-0.47876951,-0.86859898
0.0002,0.00065,5.00E-05,220.316623,0.304342163,-0.609746178,-0.731837035
0.0002,0.00065,0.0001,331.415669,0.485965859,-0.299203442,0.821166539
0.0002,0.00065,0.00015,476.9845545,0.392276019,-0.011523449,0.919775372
0.0002,0.00065,0.0002,600.3272449,0.292851695,0.638311212,0.711896538
0.0002,0.00065,0.00025,644.5769103,0.368605069,0.779108535,0.507070206
0.0002,0.00065,0.0003,686.8843667,0.358095841,0.864514211,0.3526791
0.0002,0.00065,0.00035,694.5786604,0.266080199,0.961780405,-0.064651215
0.0002,0.00065,0.0004,680.8125484,0.248085416,0.789439848,-0.56146091
0.0002,0.00065,0.00045,652.3513835,0.884246692,0.009660527,-0.466920188
0.0002,0.00065,0.0005,612.1587291,0.939518432,0.213194554,-0.268054469
0.0002,0.00065,0.00055,583.0201346,-0.57755838,0.475907821,-0.66327827
0.0002,0.00065,0.0006,430.2242195,-0.457986524,0.624748066,-0.632406671
0.0002,0.00065,0.00065,193.6624072,-0.499325228,0.866410129,0.00279364
0.0002,0.00065,0.0007,431.8161843,-0.191807034,0.50088276,0.843994386
0.0002,0.00065,0.00075,532.751578,-0.084065556,-0.527135582,0.845612831
0.0002,0.00065,0.0008,524.155188,-0.163423514,-0.972721924,-0.164635396
0.0002,0.00065,0.00085,523.6352619,-0.073135214,-0.903657807,-0.421964226
0.0002,0.00065,0.0009,500.2827028,-0.249916901,-0.955714717,-0.15540567
0.0002,0.00065,0.00095,504.3814173,-0.041072729,-0.4454092,-0.894384523
0.0002,0.0007,5.00E-05,192.0528278,-0.006596094,-0.03229478,-0.999456622
0.0002,0.0007,0.0001,202.4666678,0.015267018,-0.542149104,0.840143599
0.0002,0.0007,0.00015,429.1113852,0.084093235,0.072555089,0.993812903
0.0002,0.0007,0.0002,668.5196736,0.332171037,0.186485115,0.924600294
0.0002,0.0007,0.00025,691.9953256,0.483780688,0.511488696,0.710165868
0.0002,0.0007,0.0003,714.7815389,0.714352584,0.684992639,-0.143127459
0.0002,0.0007,0.00035,688.8810964,-0.030420008,-0.392348151,-0.919313631
0.0002,0.0007,0.0004,659.0960465,0.229907185,-0.396552505,-0.888756883
0.0002,0.0007,0.00045,609.2189261,0.695287734,-0.405757788,-0.59324159
0.0002,0.0007,0.0005,577.914492,0.897222571,-0.313059231,-0.311425072
0.0002,0.0007,0.00055,552.5520832,0.920107565,-0.289596422,-0.263696759
0.0002,0.0007,0.0006,540.1747324,0.245089649,0.666714342,-0.703862948
0.0002,0.0007,0.00065,449.3781736,0.203258509,0.976558588,-0.070847034
0.0002,0.0007,0.0007,516.910911,0.196158836,0.765272209,0.61309066
0.0002,0.0007,0.00075,507.70273,-0.046447371,-0.903801898,-0.425423049
0.0002,0.0007,0.0008,499.4234613,-0.339548696,-0.924434902,-0.17357072
0.0002,0.0007,0.00085,498.1999663,-0.232088563,-0.593387393,-0.770731017
0.0002,0.0007,0.0009,446.4129118,-0.477370356,-0.637556167,-0.604681467
0.0002,0.0007,0.00095,421.7847579,-0.111069078,-0.263867655,-0.958142745
0.0002,0.00075,5.00E-05,213.2299428,0.09330077,0.479772135,-0.872418286
0.0002,0.00075,0.0001,178.4405294,-0.04325174,0.461547287,0.886060601
0.0002,0.00075,0.00015,511.0095878,0.244863813,0.167464094,0.954985597
0.0002,0.00075,0.0002,653.3490124,0.320526838,-0.17063937,0.931742857
0.0002,0.00075,0.00025,677.89648,0.528597826,-0.359303962,0.769080621
0.0002,0.00075,0.0003,701.788733,0.501111142,-0.851477272,-0.154512387
0.0002,0.00075,0.00035,670.8129952,0.278069139,-0.499058614,-0.82074238
0.0002,0.00075,0.0004,645.2682575,0.186204606,-0.405736915,-0.894821435
0.0002,0.00075,0.00045,596.8258632,0.264813254,-0.239136276,-0.934177597
0.0002,0.00075,0.0005,555.1945351,0.58183751,-0.354327184,-0.732063767
0.0002,0.00075,0.00055,541.5736664,0.731270598,-0.329017093,-0.597487293
0.0002,0.00075,0.0006,527.9527978,0.618345749,-0.429451077,-0.658194733
0.0002,0.00075,0.00065,514.3319291,0.416091791,0.845438867,-0.33481449
0.0002,0.00075,0.0007,504.6180797,0.818182625,-0.415061818,-0.39787043
0.0002,0.00075,0.00075,495.5998763,0.321449943,-0.043353804,-0.945933603
0.0002,0.00075,0.0008,473.5436192,-0.126266298,0.816155047,-0.563868567
0.0002,0.00075,0.00085,482.822331,-0.132575453,0.217653552,-0.966980186
0.0002,0.00075,0.0009,419.713031,-0.314461952,0.573266477,-0.756623571
0.0002,0.00075,0.00095,434.3319396,-0.36147668,0.313129609,-0.878228021
0.0002,0.0008,5.00E-05,332.7761141,-0.146523242,0.82497977,-0.54583818
0.0002,0.0008,0.0001,357.5795201,-0.010180131,0.816173039,0.577717869
0.0002,0.0008,0.00015,512.3902526,0.390069824,-0.000264849,0.920785242
0.0002,0.0008,0.0002,637.9560111,0.394145865,-0.076192297,0.915884147
0.0002,0.0008,0.00025,669.3649497,0.771150048,-0.10589228,0.627785336
0.0002,0.0008,0.0003,675.7463105,0.717557775,-0.622837784,-0.311743381
0.0002,0.0008,0.00035,654.5133936,0.440515064,-0.455236938,-0.773760821
0.0002,0.0008,0.0004,625.548224,0.253497021,-0.467839213,-0.846679237
0.0002,0.0008,0.00045,586.1613248,0.316036967,-0.261532522,-0.911987596
0.0002,0.0008,0.0005,551.1718007,0.553454232,-0.135999114,-0.821701074
0.0002,0.0008,0.00055,537.550932,0.438877568,-0.238335123,-0.866361847
0.0002,0.0008,0.0006,522.4003674,0.171533918,-0.2717463,-0.946958322
0.0002,0.0008,0.00065,508.3005865,-0.148872503,-0.316721696,-0.936762694
0.0002,0.0008,0.0007,497.3694741,0.901734383,-0.420824981,-0.098901149
0.0002,0.0008,0.00075,506.2785327,0.7939166,-0.061265891,0.604932164
0.0002,0.0008,0.0008,517.9179451,0.123898391,0.985790992,0.113425341
0.0002,0.0008,0.00085,510.3164697,-0.067542714,0.786161837,-0.614318767
0.0002,0.0008,0.0009,483.152338,-0.139836032,0.981732094,-0.12902705
0.0002,0.0008,0.00095,495.4056937,-0.099351001,0.692146561,-0.714886366
0.0002,0.00085,5.00E-05,421.5404074,0.278314051,0.561393979,-0.779344654
0.0002,0.00085,0.0001,432.1910626,0.345903063,0.649113715,0.6774972
0.0002,0.00085,0.00015,510.928942,0.475196767,-0.099996427,0.874178899
0.0002,0.00085,0.0002,640.2903053,0.23106668,-0.242538025,0.942222636
0.0002,0.00085,0.00025,671.5221658,0.791256924,0.096443929,0.603830314
0.0002,0.00085,0.0003,672.1165383,0.618433333,-0.432148811,-0.656344131
0.0002,0.00085,0.00035,641.279291,0.460214475,-0.381228047,-0.801790379
0.0002,0.00085,0.0004,607.499789,0.359345856,-0.426479443,-0.83005171
0.0002,0.00085,0.00045,575.4967863,0.402704713,-0.355677617,-0.843399281
0.0002,0.00085,0.0005,547.1490663,0.395192691,-0.135821286,-0.908501687
0.0002,0.00085,0.00055,533.658679,0.043206842,-0.236881421,-0.970577334
0.0002,0.00085,0.0006,519.5588981,-0.20045137,-0.19628485,-0.959839313
0.0002,0.00085,0.00065,505.8689245,-0.203982757,-0.155459566,-0.966552305
0.0002,0.00085,0.0007,496.0142287,0.500732971,-0.18555764,-0.845479068
0.0002,0.00085,0.00075,493.5187828,0.786954153,-0.546235163,0.286932585
0.0002,0.00085,0.0008,508.6377338,0.680714946,-0.37391746,0.629930865
0.0002,0.00085,0.00085,527.3129033,0.275723588,0.172779493,0.94558117
0.0002,0.00085,0.0009,533.1651125,-0.41490357,0.636601953,0.65007152
0.0002,0.00085,0.00095,579.9248495,-0.284658062,0.545976823,-0.787958816
0.0002,0.0009,5.00E-05,439.1948315,0.564847098,0.168603063,-0.807787573
0.0002,0.0009,0.0001,443.2231564,0.281364067,0.515380739,0.809454727
0.0002,0.0009,0.00015,488.5859938,0.22700105,-0.451989828,0.8626562
0.0002,0.0009,0.0002,596.6176247,0.354709452,-0.481434927,0.801499604
0.0002,0.0009,0.00025,674.4482436,0.601933428,-0.494052658,0.627366017
0.0002,0.0009,0.0003,655.8338564,0.597929942,0.128067738,-0.791251186
0.0002,0.0009,0.00035,623.7900053,0.511757746,0.174325339,-0.841257799
0.0002,0.0009,0.0004,591.7492623,0.511826638,0.271248081,-0.815142914
0.0002,0.0009,0.00045,560.7102701,0.683652355,0.360831915,-0.634365656
0.0002,0.0009,0.0005,544.9169906,0.237606309,0.671891965,-0.701501553
0.0002,0.0009,0.00055,530.8172097,-0.184355234,0.479649091,-0.857875223
0.0002,0.0009,0.0006,516.7174289,-0.215049724,0.287179716,-0.93342457
0.0002,0.0009,0.00065,504.5136791,-0.207853167,0.06417753,-0.976052409
0.0002,0.0009,0.0007,494.6589834,-0.139738319,-0.119651494,-0.982932715
0.0002,0.0009,0.00075,482.2470956,0.877696709,-0.463705923,0.120935126
0.0002,0.0009,0.0008,497.8582649,0.607615113,-0.368189485,0.703733172
0.0002,0.0009,0.00085,514.7981876,0.068303363,-0.287205427,0.955430632
0.0002,0.0009,0.0009,534.6741578,-0.523563314,0.125437442,0.842702144
0.0002,0.0009,0.00095,572.7504744,-0.489452237,-0.05935771,-0.870007569
0.0002,0.00095,5.00E-05,448.5756123,0.280914569,0.826946534,-0.487079496
0.0002,0.00095,0.0001,463.6384714,0.577336295,0.805207508,-0.135364958
0.0002,0.00095,0.00015,430.5577126,-0.016256735,0.387665181,0.921656892
0.0002,0.00095,0.0002,528.6488546,0.18440696,-0.436061059,0.880820541
0.0002,0.00095,0.00025,624.8892022,-0.251595129,-0.746161071,0.616395609
0.0002,0.00095,0.0003,680.3158132,0.065463712,-0.977655129,0.199762236
0.0002,0.00095,0.00035,654.5588928,0.252489073,-0.847638433,-0.466645855
0.0002,0.00095,0.0004,628.4902887,0.334882577,-0.620240263,-0.709334671
0.0002,0.00095,0.00045,602.1353316,0.346124908,0.058738307,-0.936347884
0.0002,0.00095,0.0005,575.7803744,0.227980613,0.483547,-0.845107767
0.0002,0.00095,0.00055,549.4254173,0.119618609,0.756506261,-0.642953859
0.0002,0.00095,0.0006,527.6515075,0.025092002,0.92686212,-0.374562415
0.0002,0.00095,0.00065,507.3193144,-0.041697169,0.970618799,-0.236982052
0.0002,0.00095,0.0007,493.303738,-0.027893745,0.987553125,-0.154792651
0.0002,0.00095,0.00075,481.2516622,0.012526937,0.999881249,-0.00897574
0.0002,0.00095,0.0008,491.6071741,0.046193066,0.978962591,0.19874216
0.0002,0.00095,0.00085,516.2459311,-0.07140664,0.953804945,0.291817098
0.0002,0.00095,0.0009,541.7913948,-0.074898272,0.93483443,0.347094853
0.0002,0.00095,0.00095,573.410614,-0.119346212,0.794632972,-0.595243581
0.00025,5.00E-05,5.00E-05,650.7271612,0.328153903,0.20475735,-0.922165627
0.00025,5.00E-05,0.0001,536.004442,-0.189481824,-0.012841599,-0.98180025
0.00025,5.00E-05,0.00015,501.5337759,-0.369728364,-0.422102697,-0.827725951
0.00025,5.00E-05,0.0002,476.1292683,-0.097469609,-0.994578814,-0.03623062
0.00025,5.00E-05,0.00025,495.9049746,0.11191381,-0.941609871,0.317562828
0.00025,5.00E-05,0.0003,514.930064,0.032937935,-0.978823774,0.202037402
0.00025,5.00E-05,0.00035,529.8498799,-0.021522696,-0.985043727,0.170955051
0.00025,5.00E-05,0.0004,540.8336105,-0.04417298,-0.968730538,0.244151372
0.00025,5.00E-05,0.00045,556.8097294,-0.169498011,-0.88524853,0.433134465
0.00025,5.00E-05,0.0005,571.8941377,0.116133111,-0.554527165,0.824022284
0.00025,5.00E-05,0.00055,600.6288953,0.405156078,0.091711878,0.909635907
0.00025,5.00E-05,0.0006,621.9346927,0.118928723,0.790888805,0.60029231
0.00025,5.00E-05,0.00065,648.6488789,0.049127281,0.947540334,0.31583829
0.00025,5.00E-05,0.0007,663.8441721,0.044655589,0.988779296,0.142553084
0.00025,5.00E-05,0.00075,668.8493372,-0.007183008,0.999505374,0.030617182
0.00025,5.00E-05,0.0008,667.8408471,-0.057648336,0.996378696,0.062499315
0.00025,5.00E-05,0.00085,676.4503447,-0.072338836,0.983993774,0.162859894
0.00025,5.00E-05,0.0009,686.2613357,-0.1124628,0.965193814,0.236120775
0.00025,5.00E-05,0.00095,695.8947681,-0.166046726,0.823433588,-0.542573139
0.00025,0.0001,5.00E-05,528.6347147,-0.21090593,-0.688685872,-0.693707761
0.00025,0.0001,0.0001,491.9808673,-0.264461618,-0.602804972,-0.752785639
0.00025,0.0001,0.00015,467.8646451,0.123395896,-0.882122697,-0.454569027
0.00025,0.0001,0.0002,473.2671605,0.677233624,-0.333745932,0.655719659
0.00025,0.0001,0.00025,492.5764799,0.547892595,-0.380495875,0.745007781
0.00025,0.0001,0.0003,511.7410019,0.563911257,-0.484166585,0.669019292
0.00025,0.0001,0.00035,519.3232218,-0.054993466,-0.716938888,0.69496356
0.00025,0.0001,0.0004,535.6954358,-0.348604028,-0.17644398,0.920512224
0.00025,0.0001,0.00045,552.8282021,-0.539370825,-0.268880281,0.797986533
0.00025,0.0001,0.0005,560.467166,-0.618880504,-0.518325366,0.590191271
0.00025,0.0001,0.00055,568.6456093,-0.189867903,-0.460057063,0.867350954
0.00025,0.0001,0.0006,599.6437391,-0.209161706,-0.103046251,0.972436554
0.00025,0.0001,0.00065,632.1549078,-0.638565129,-0.51418598,0.572579561
0.00025,0.0001,0.0007,631.0698202,-0.111220322,-0.98090239,-0.159563595
0.00025,0.0001,0.00075,620.4291074,-0.152658805,-0.976866756,-0.149755238
0.00025,0.0001,0.0008,617.6085771,-0.240909568,-0.967880332,-0.071904408
0.00025,0.0001,0.00085,613.2119063,-0.196186461,-0.979633796,-0.042760936
0.00025,0.0001,0.0009,612.6954779,-0.21408585,-0.975197811,0.056182546
0.00025,0.0001,0.00095,620.8142764,-0.18535047,-0.85003758,-0.493032773
0.00025,0.00015,5.00E-05,522.8264029,-0.44148496,-0.186194877,-0.877737146
0.00025,0.00015,0.0001,487.3418504,-0.333185358,-0.192480831,-0.923005226
0.00025,0.00015,0.00015,465.2185311,0.244534717,-0.247315865,-0.93757007
0.00025,0.00015,0.0002,463.5515238,0.90965038,-0.174405936,0.376986413
0.00025,0.00015,0.00025,476.2553302,0.734459846,-0.32445729,0.596067279
0.00025,0.00015,0.0003,495.5735539,0.686477742,-0.553862023,0.471153021
0.00025,0.00015,0.00035,505.1379868,0.278713982,-0.623981541,0.730044898
0.00025,0.00015,0.0004,534.4113687,-0.203949731,-0.309382705,0.928809372
0.00025,0.00015,0.00045,548.4629347,-0.451657463,-0.332172294,0.828050182
0.00025,0.00015,0.0005,558.002771,-0.624594926,0.079177421,0.776924781
0.00025,0.00015,0.00055,579.8490033,-0.650948774,0.371238118,0.662154025
0.00025,0.00015,0.0006,615.2047985,-0.835137684,0.02524059,0.54946152
0.00025,0.00015,0.00065,620.4277348,-0.536794484,-0.770147706,-0.344563771
0.00025,0.00015,0.0007,591.7609027,-0.057290454,-0.901497674,-0.42897523
0.00025,0.00015,0.00075,581.0404493,-0.332007535,-0.90720697,-0.258353459
0.00025,0.00015,0.0008,570.6926034,-0.392173534,-0.902322999,-0.178922117
0.00025,0.00015,0.00085,563.8934534,-0.345705915,-0.925170486,-0.156674798
0.00025,0.00015,0.0009,554.3019417,-0.397555244,-0.91125724,-0.107517765
0.00025,0.00015,0.00095,550.9656443,-0.210063748,-0.949496428,-0.233087441
0.00025,0.0002,5.00E-05,515.1381633,-0.468738089,-0.86681491,-0.170048569
0.00025,0.0002,0.0001,479.9674889,-0.268250004,-0.540485676,-0.797444148
0.00025,0.0002,0.00015,461.5891406,0.436481389,-0.744413846,-0.505303892
0.00025,0.0002,0.0002,468.1611853,0.895765166,0.078577215,0.437527586
0.00025,0.0002,0.00025,475.1459289,0.969276189,0.087354475,0.229941003
0.00025,0.0002,0.0003,477.7881121,0.938470824,-0.257913456,0.229680564
0.00025,0.0002,0.00035,486.1278942,0.351231315,-0.368314179,0.860802665
0.00025,0.0002,0.0004,521.2640681,-0.143032123,-0.21505007,0.966072088
0.00025,0.0002,0.00045,543.3645121,-0.397256698,-0.471445466,0.787353979
0.00025,0.0002,0.0005,563.6657613,-0.572683767,-0.528474466,0.626696132
0.00025,0.0002,0.00055,600.7160525,-0.807886726,-0.388775887,0.442913477
0.00025,0.0002,0.0006,601.5078025,-0.476294317,-0.85779734,-0.193203126
0.00025,0.0002,0.00065,579.7545567,-0.09790697,-0.920533534,-0.37819603
0.00025,0.0002,0.0007,548.2968679,0.007361954,-0.962918547,-0.269691811
0.00025,0.0002,0.00075,546.4478724,-0.117204733,-0.981937294,-0.148533501
0.00025,0.0002,0.0008,531.1344788,-0.273886027,-0.932726931,-0.234535535
0.00025,0.0002,0.00085,516.4244416,-0.273792591,-0.93832542,-0.211146923
0.00025,0.0002,0.0009,503.1269837,-0.24728236,-0.951820368,-0.181354411
0.00025,0.0002,0.00095,492.596679,-0.168187511,-0.981743913,0.088836083
0.00025,0.00025,5.00E-05,458.4496761,0.247029296,-0.886650129,0.390932316
0.00025,0.00025,0.0001,451.047798,0.498100505,-0.829319485,-0.253229298
0.00025,0.00025,0.00015,447.8254811,0.470430459,-0.635301542,0.612443577
0.00025,0.00025,0.0002,465.9862381,0.617555446,-0.095072547,0.780760195
0.00025,0.00025,0.00025,479.912595,0.939079249,0.07272643,0.335918189
0.00025,0.00025,0.0003,483.2416588,0.96584677,0.218549348,0.139198417
0.00025,0.00025,0.00035,486.5358011,0.319450367,0.128855036,0.93880128
0.00025,0.00025,0.0004,521.670354,-0.19224972,-0.033858634,0.980761764
0.00025,0.00025,0.00045,523.0739908,-0.707235107,-0.651775753,-0.273873825
0.00025,0.00025,0.0005,509.6398992,-0.843620569,-0.502439885,0.189363399
0.00025,0.00025,0.00055,546.6324183,-0.743338313,-0.662300218,0.093843349
0.00025,0.00025,0.0006,522.1384194,-0.561588264,-0.749227542,-0.351107836
0.00025,0.00025,0.00065,490.9117014,-0.284614775,-0.921374485,-0.264695084
0.00025,0.00025,0.0007,472.8413701,-0.027777199,-0.988261603,-0.150224605
0.00025,0.00025,0.00075,467.5819376,-0.077474234,-0.988693575,-0.128385195
0.00025,0.00025,0.0008,451.2920937,-0.142032694,-0.974103242,-0.175924948
0.00025,0.00025,0.00085,439.4296714,-0.257267406,-0.955724998,-0.142839808
0.00025,0.00025,0.0009,429.2443289,-0.2993356,-0.945400545,-0.128903098
0.00025,0.00025,0.00095,418.2278861,-0.42527896,-0.8674343,0.258254798
0.00025,0.0003,5.00E-05,440.7012904,0.308934522,-0.108718061,0.944849112
0.00025,0.0003,0.0001,445.1735216,0.383234663,-0.893142112,0.235432286
0.00025,0.0003,0.00015,446.0931596,0.031185617,-0.57156185,0.819966163
0.00025,0.0003,0.0002,464.253963,0.351443513,-0.5067209,0.787223848
0.00025,0.0003,0.00025,478.8817348,0.817219615,-0.328235603,0.47372301
0.00025,0.0003,0.0003,488.1869184,0.943214497,-0.214374796,0.253751572
0.00025,0.0003,0.00035,491.4024193,0.381381046,-0.710260844,0.591673923
0.00025,0.0003,0.0004,520.0026678,0.026033055,-0.9100278,0.413728997
0.00025,0.0003,0.00045,514.7339603,-0.372080115,-0.882740689,-0.286923795
0.00025,0.0003,0.0005,501.1579394,-0.908101705,-0.418209119,-0.021270306
0.00025,0.0003,0.00055,512.5076417,-0.798930358,-0.587850521,-0.127051358
0.00025,0.0003,0.0006,482.6055979,-0.6252106,-0.518625694,-0.583214451
0.00025,0.0003,0.00065,408.1569478,-0.351499423,-0.780633624,-0.516777805
0.00025,0.0003,0.0007,394.8206129,-0.039938115,-0.986495087,-0.158847068
0.00025,0.0003,0.00075,380.4970314,-0.107253668,-0.988187593,-0.109462011
0.00025,0.0003,0.0008,375.2542915,-0.111858881,-0.991303244,-0.069321491
0.00025,0.0003,0.00085,368.9053417,-0.224838158,-0.958554164,-0.17499062
0.00025,0.0003,0.0009,347.6289413,-0.368395861,-0.915184625,0.163467404
0.00025,0.0003,0.00095,394.5008447,-0.36704109,-0.723177262,0.585060241
0.00025,0.00035,5.00E-05,452.6190783,0.038385477,0.128741707,0.990934977
0.00025,0.00035,0.0001,430.5930612,0.321481372,-0.863509375,-0.388588839
0.00025,0.00035,0.00015,434.5253562,0.090018187,-0.93484611,0.343452291
0.00025,0.00035,0.0002,444.8808608,0.192185319,-0.898412296,0.394867256
0.00025,0.00035,0.00025,463.3298074,0.50622212,-0.789738128,0.346486442
0.00025,0.00035,0.0003,472.6639147,0.633771406,-0.752706046,-0.178234153
0.00025,0.00035,0.00035,448.3433438,0.138211762,-0.990221407,-0.018949253
0.00025,0.00035,0.0004,470.3508887,-0.021475238,-0.99239766,0.121184566
0.00025,0.00035,0.00045,465.0968944,-0.09761854,-0.994626678,-0.034473065
0.00025,0.00035,0.0005,465.8668215,-0.540499569,-0.840751579,-0.031575279
0.00025,0.00035,0.00055,460.7930873,-0.485249906,-0.854039038,-0.187482935
0.00025,0.00035,0.0006,429.3441635,-0.335765681,-0.803927195,-0.490879285
0.00025,0.00035,0.00065,358.3055594,-0.240832421,-0.767481021,-0.594114995
0.00025,0.00035,0.0007,301.063748,-0.462053521,-0.390278005,-0.796360235
0.00025,0.00035,0.00075,290.943524,-0.711147006,-0.652037686,-0.262900727
0.00025,0.00035,0.0008,285.5299396,-0.50548552,-0.861518441,-0.047648341
0.00025,0.00035,0.00085,288.1050203,-0.221551954,-0.975145582,0.002413498
0.00025,0.00035,0.0009,285.9459693,-0.327913006,-0.938943911,0.104198813
0.00025,0.00035,0.00095,303.1836534,-0.297119768,-0.668720345,0.681566537
0.00025,0.0004,5.00E-05,457.254248,-0.340501199,-0.158943998,0.926712328
0.00025,0.0004,0.0001,404.9662457,0.108296461,-0.677457096,-0.727546397
0.00025,0.0004,0.00015,407.2030598,0.092978608,-0.989228965,-0.11305323
0.00025,0.0004,0.0002,398.7173231,0.28592193,-0.952551416,0.10437648
0.00025,0.0004,0.00025,415.5564951,0.419152725,-0.882324535,0.214043004
0.00025,0.0004,0.0003,424.8971305,0.502298573,-0.789088092,-0.353604478
0.00025,0.0004,0.00035,370.5318069,0.041370349,-0.951025063,-0.306332864
0.00025,0.0004,0.0004,382.8054568,-0.216751508,-0.971569527,0.095244102
0.00025,0.0004,0.00045,385.3583794,-0.273135555,-0.96168615,0.023594885
0.00025,0.0004,0.0005,386.5609294,-0.119270876,-0.97172672,-0.203768594
0.00025,0.0004,0.00055,346.1363631,-0.301627799,-0.8985578,-0.318770374
0.00025,0.0004,0.0006,314.7588109,-0.211132611,-0.875858111,-0.433930398
0.00025,0.0004,0.00065,242.4436008,-0.056199427,-0.9495451,0.308554255
0.00025,0.0004,0.0007,361.8080143,-0.281410813,0.620823002,0.731701274
0.00025,0.0004,0.00075,341.9705937,-0.233249157,0.933758414,-0.271459122
0.00025,0.0004,0.0008,323.9319739,-0.02714838,0.299625289,-0.95367062
0.00025,0.0004,0.00085,200.8134001,0.02358543,-0.773400064,-0.633479335
0.00025,0.0004,0.0009,211.7541614,-0.18832175,-0.950169219,0.248421767
0.00025,0.0004,0.00095,230.9691967,-0.142660283,-0.394061446,0.907944723
0.00025,0.00045,5.00E-05,422.7761748,-0.38285785,-0.367423827,0.847596365
0.00025,0.00045,0.0001,383.9877413,-0.277478024,-0.758855316,-0.589189744
0.00025,0.00045,0.00015,379.8465535,0.060676161,-0.961463137,-0.268154878
0.00025,0.00045,0.0002,368.6464773,0.224778428,-0.707181569,-0.670349825
0.00025,0.00045,0.00025,355.4118377,0.975261128,-0.203993944,0.085159872
0.00025,0.00045,0.0003,372.1888146,0.855921844,0.220028212,-0.46795874
0.00025,0.00045,0.00035,317.6677248,0.161831213,0.570955954,-0.804872634
0.00025,0.00045,0.0004,319.1074441,-0.923539854,0.368233881,-0.107135184
0.00025,0.00045,0.00045,312.0304147,-0.319452214,-0.912323823,-0.256155273
0.00025,0.00045,0.0005,278.8258234,-0.188424688,-0.944386,-0.2695018
0.00025,0.00045,0.00055,258.3955029,-0.075854178,-0.941509223,-0.328339041
0.00025,0.00045,0.0006,220.0475868,-0.009885187,-0.965576548,-0.259931168
0.00025,0.00045,0.00065,213.5163051,-0.484550889,-0.246946731,0.839182786
0.00025,0.00045,0.0007,385.5089291,-0.059885232,0.222089749,0.973185441
0.00025,0.00045,0.00075,421.2285964,0.196474622,0.925232011,-0.324566556
0.00025,0.00045,0.0008,329.8788626,0.003388652,0.062054482,-0.998067011
0.00025,0.00045,0.00085,151.1497598,-0.043620287,-0.187989987,-0.981201832
0.00025,0.00045,0.0009,170.6053933,-0.813363072,0.510744124,0.278533577
0.00025,0.00045,0.00095,196.6329829,-0.612835369,0.334394978,0.715969838
0.00025,0.0005,5.00E-05,376.0379932,-0.639522461,-0.768735143,0.007569795
0.00025,0.0005,0.0001,349.674429,-0.483526187,-0.821147286,-0.303182389
0.00025,0.0005,0.00015,352.1973112,0.368173663,0.850756765,0.375048106
0.00025,0.0005,0.0002,372.9400647,0.613710543,0.702004881,0.361314983
0.00025,0.0005,0.00025,407.0710977,0.424662389,0.821014375,0.381572079
0.00025,0.0005,0.0003,442.6439295,0.399194812,0.91684641,0.006013502
0.00025,0.0005,0.00035,408.1863665,0.164630634,0.96964398,-0.180796313
0.00025,0.0005,0.0004,402.1814312,-0.100384578,0.759751307,-0.642418001
0.00025,0.0005,0.00045,241.89117,-0.609791224,-0.019896171,-0.792312316
0.00025,0.0005,0.0005,198.6139108,-0.922499556,-0.041367741,-0.383775036
0.00025,0.0005,0.00055,177.5903027,-0.585988336,-0.762859557,-0.273245249
0.00025,0.0005,0.0006,148.0442871,0.152598627,-0.985382282,0.075732534
0.00025,0.0005,0.00065,193.7532102,-0.533174191,-0.425406139,0.731269375
0.00025,0.0005,0.0007,409.209844,-0.085544208,-0.158621588,0.983626647
0.00025,0.0005,0.00075,500.5535323,0.611743646,0.720595529,-0.326361449
0.00025,0.0005,0.0008,340.724035,-0.140145869,0.315112395,-0.938649729
0.00025,0.0005,0.00085,170.2979481,-0.768710023,0.614521089,-0.177337901
0.00025,0.0005,0.0009,295.1562745,-0.793788847,0.52245648,0.311349469
0.00025,0.0005,0.00095,348.7460059,-0.614578677,0.766133565,0.187969173
0.00025,0.00055,5.00E-05,328.4920604,-0.2715245,-0.381786699,-0.883466673
0.00025,0.00055,0.0001,319.417001,-0.105720333,0.369398443,0.923237781
0.00025,0.00055,0.00015,432.6221752,0.295496487,0.696362131,0.654034868
0.00025,0.00055,0.0002,475.2616686,0.416295736,0.852037752,0.317379159
0.00025,0.00055,0.00025,505.3910375,0.383197721,0.874354784,0.297763694
0.00025,0.00055,0.0003,542.2278681,0.387720387,0.910792603,0.141879298
0.00025,0.00055,0.00035,534.6755676,-0.014795404,0.993680751,-0.111263923
0.00025,0.00055,0.0004,515.7753341,-0.251556325,0.555145522,-0.792800647
0.00025,0.00055,0.00045,306.9185238,-0.711200646,0.47805256,-0.515421567
0.00025,0.00055,0.0005,271.8947274,-0.760427393,0.492543535,-0.423262384
0.00025,0.00055,0.00055,117.2127342,-0.648433664,-0.21538663,-0.730165997
0.00025,0.00055,0.0006,9.746386924,0.198295491,-0.94166428,-0.271932494
0.00025,0.00055,0.00065,61.58674938,0.163174471,-0.480038775,0.861937855
0.00025,0.00055,0.0007,336.0336993,0.327031545,-0.155431036,0.93214353
0.00025,0.00055,0.00075,572.4430489,0.316962708,0.430930901,0.844886502
0.00025,0.00055,0.0008,440.7483648,-0.342183696,0.592253895,-0.729483134
0.00025,0.00055,0.00085,309.0536807,-0.513304765,0.855096356,0.072996161
0.00025,0.00055,0.0009,470.0481528,-0.615929107,0.549438922,0.564577901
0.00025,0.00055,0.00095,526.2944834,-0.312801909,0.770642808,-0.55521584
0.00025,0.0006,5.00E-05,286.6366909,-0.045909777,-0.019625518,-0.998752788
0.00025,0.0006,0.0001,391.3381294,0.439503882,0.419451165,0.794290286
0.00025,0.0006,0.00015,518.1277993,0.45092015,0.5326646,0.716197907
0.00025,0.0006,0.0002,568.2957336,0.438362724,0.807997359,0.393672948
0.00025,0.0006,0.00025,603.7109772,0.425718813,0.859007967,0.28437441
0.00025,0.0006,0.0003,630.63565,0.412251233,0.889377805,0.197626013
0.00025,0.0006,0.00035,644.4298243,0.404043034,0.864396598,-0.299278711
0.00025,0.0006,0.0004,561.6645288,-0.721288809,0.507086699,-0.471810909
0.00025,0.0006,0.00045,468.0899862,-0.811107006,0.530369048,-0.246605144
0.00025,0.0006,0.0005,419.3714448,-0.665159601,0.464641645,-0.584526173
0.00025,0.0006,0.00055,100.2609723,-0.617726748,0.348002179,-0.705200786
0.00025,0.0006,0.0006,-44.58073591,-0.297583659,0.869045251,-0.39522692
0.00025,0.0006,0.00065,12.03412151,0.38541679,0.379626242,0.841033777
0.00025,0.0006,0.0007,324.0266923,0.163108975,0.222853859,0.961109577
0.00025,0.0006,0.00075,553.9628187,0.035272601,-0.173762361,0.984155722
0.00025,0.0006,0.0008,554.5650026,0.260361526,0.859685668,-0.439491102
0.00025,0.0006,0.00085,513.5234212,-0.310045302,0.92906652,-0.20176053
0.00025,0.0006,0.0009,506.5718335,-0.434506314,0.774283916,0.460096382
0.00025,0.0006,0.00095,545.2266838,0.002358261,-0.065934572,-0.997821162
0.00025,0.00065,5.00E-05,325.4681464,0.900383228,-0.261443791,-0.347788997
0.00025,0.00065,0.0001,441.6635106,0.567787247,-0.363495504,0.738572042
0.00025,0.00065,0.00015,564.232517,0.585876147,-0.098718621,0.804365448
0.00025,0.00065,0.0002,650.9175833,0.46785972,0.64585139,0.603310255
0.00025,0.00065,0.00025,693.7008251,0.57684261,0.696903591,0.426119687
0.00025,0.00065,0.0003,725.4751958,0.634314511,0.719280732,0.283337837
0.00025,0.00065,0.00035,733.8825285,0.799604664,0.564558771,-0.204709004
0.00025,0.00065,0.0004,705.2995368,-0.779420908,0.420425134,-0.464484397
0.00025,0.00065,0.00045,612.9455855,-0.853691395,0.404263835,-0.328301315
0.00025,0.00065,0.0005,564.2831368,-0.732743827,0.394758103,-0.554303639
0.00025,0.00065,0.00055,346.163656,-0.4491128,0.711328994,-0.540655856
0.00025,0.00065,0.0006,203.7441177,-0.151299167,0.962434804,-0.225450238
0.00025,0.00065,0.00065,227.9689526,0.28385098,0.836305309,0.469065081
0.00025,0.00065,0.0007,461.6914853,0.252361638,0.533188517,0.807479788
0.00025,0.00065,0.00075,531.7392455,0.118502613,-0.602928107,0.78894539
0.00025,0.00065,0.0008,519.8516056,0.323091632,-0.945995744,-0.02653018
0.00025,0.00065,0.00085,530.0525385,0.779943554,-0.617192185,0.103739383
0.00025,0.00065,0.0009,523.4007269,0.592380396,-0.77409093,-0.223313006
0.00025,0.00065,0.00095,511.7614888,0.11924007,-0.442873038,-0.888619872
0.00025,0.0007,5.00E-05,233.9418636,0.873226283,-0.078041294,-0.481025378
0.00025,0.0007,0.0001,273.827893,0.781145821,-0.346125347,0.519623374
0.00025,0.0007,0.00015,492.4463462,0.513941872,0.022419461,0.857531994
0.00025,0.0007,0.0002,706.8932231,0.295838827,0.117457464,0.947988994
0.00025,0.0007,0.00025,725.6473006,0.887520855,0.239458643,0.393657581
0.00025,0.0007,0.0003,732.6408229,0.743109874,-0.305348238,-0.595441154
0.00025,0.0007,0.00035,700.0714668,0.413607275,-0.577430952,-0.703919397
0.00025,0.0007,0.0004,671.129843,-0.601784584,-0.533317986,-0.594497469
0.00025,0.0007,0.00045,641.7348302,-0.87016196,0.012270882,-0.492613022
0.00025,0.0007,0.0005,609.3653775,-0.775285071,0.196165734,-0.600376601
0.00025,0.0007,0.00055,574.6142141,-0.052418883,0.823909303,-0.56429223
0.00025,0.0007,0.0006,459.9860239,0.090987532,0.953037893,-0.288859903
0.00025,0.0007,0.00065,471.9335293,0.326394599,0.92461119,0.196368817
0.00025,0.0007,0.0007,524.6098331,0.314255501,0.803863707,0.505021406
0.00025,0.0007,0.00075,509.5156723,0.283253816,-0.672308748,-0.683935832
0.00025,0.0007,0.0008,494.4215116,0.27991061,-0.86720791,-0.411825802
0.00025,0.0007,0.00085,492.4081044,0.208918325,-0.691272001,-0.691734164
0.00025,0.0007,0.0009,443.1678431,0.625023909,-0.609963488,-0.487123861
0.00025,0.0007,0.00095,446.5804505,0.338569984,-0.184825192,-0.922610435
0.00025,0.00075,5.00E-05,297.4408659,0.829462061,0.277972823,-0.484483022
0.00025,0.00075,0.0001,269.4715764,0.785313091,0.21005477,0.582374745
0.00025,0.00075,0.00015,575.5546499,0.223572793,0.168484247,0.960014721
0.00025,0.00075,0.0002,679.8115819,0.413057402,-0.305269924,0.858017399
0.00025,0.00075,0.00025,709.3628766,0.666106255,-0.574720666,0.475393114
0.00025,0.00075,0.0003,712.3596499,0.363900234,-0.8020966,-0.473516277
0.00025,0.00075,0.00035,683.4245587,0.37728307,-0.388015284,-0.840893349
0.00025,0.00075,0.0004,652.9662988,0.275707356,-0.413669248,-0.867676902
0.00025,0.00075,0.00045,614.4841247,0.43477248,-0.432983429,-0.789619048
0.00025,0.00075,0.0005,586.2139797,0.615737662,-0.449285749,-0.647309391
0.00025,0.00075,0.00055,564.268802,0.542761735,-0.410294617,-0.732849252
0.00025,0.00075,0.0006,542.5193594,0.466331196,0.80122148,-0.374939136
0.00025,0.00075,0.00065,532.2529935,0.738291178,0.577072706,-0.349160749
0.00025,0.00075,0.0007,521.5125552,0.759977786,-0.230686407,-0.60763274
0.00025,0.00075,0.00075,502.0641332,0.575390792,0.092745771,-0.812603014
0.00025,0.00075,0.0008,483.8271066,0.709428861,0.348935522,-0.612335441
0.00025,0.00075,0.00085,478.8331137,-0.263447401,0.308827031,-0.913904443
0.00025,0.00075,0.0009,466.0165627,0.702541878,0.705977999,-0.08961012
0.00025,0.00075,0.00095,469.8475559,0.328338353,0.478629693,-0.814314155
0.00025,0.0008,5.00E-05,348.907867,0.632877926,0.534935782,-0.559740332
0.00025,0.0008,0.0001,374.13981,0.563318219,0.567855378,0.600177353
0.00025,0.0008,0.00015,564.4617283,0.389285515,-0.029258403,0.920652341
0.00025,0.0008,0.0002,659.2862314,0.380618168,-0.005020572,0.924718662
0.00025,0.0008,0.00025,686.2987136,0.58964227,-0.549057211,0.592332822
0.00025,0.0008,0.0003,688.703502,0.582673954,-0.752678925,-0.306537925
0.00025,0.0008,0.00035,672.665461,0.525646731,-0.344962765,-0.777622148
0.00025,0.0008,0.0004,638.2621506,0.379548681,-0.341452005,-0.859856573
0.00025,0.0008,0.00045,605.1315491,0.429755274,-0.325606592,-0.842194011
0.00025,0.0008,0.0005,574.5118296,0.506161744,-0.377590981,-0.77538722
0.00025,0.0008,0.00055,550.1512465,0.370756319,-0.484996058,-0.792034454
0.00025,0.0008,0.0006,528.4018039,0.363997781,-0.47772912,-0.799550188
0.00025,0.0008,0.00065,506.6523612,0.639907385,-0.678741488,-0.360317265
0.00025,0.0008,0.0007,513.1487,0.892142443,-0.422987031,0.158631122
0.00025,0.0008,0.00075,513.8168697,0.89821244,0.379542828,-0.221724274
0.00025,0.0008,0.0008,507.6595628,-0.199855633,0.924638138,-0.324194448
0.00025,0.0008,0.00085,498.426652,-0.411142435,0.901146126,0.137468392
0.00025,0.0008,0.0009,513.9590228,0.301935831,0.697893037,0.649445966
0.00025,0.0008,0.00095,545.6642421,0.219538011,0.389991997,-0.894264672
0.00025,0.00085,5.00E-05,461.3642979,0.545582858,0.764937269,-0.342359927
0.00025,0.00085,0.0001,473.4169914,0.805415189,0.351418886,0.477295653
0.00025,0.00085,0.00015,566.4926744,0.65335647,-0.038732787,0.756058922
0.00025,0.00085,0.0002,679.1500928,0.525431104,0.310629327,0.792105786
0.00025,0.00085,0.00025,682.0948206,0.900054429,0.435720186,-0.007067191
0.00025,0.00085,0.0003,678.8843078,0.554846311,-0.360385361,-0.749845293
0.00025,0.00085,0.00035,661.0481538,0.544424114,-0.35840253,-0.758386452
0.00025,0.00085,0.0004,626.1483499,0.429650136,-0.25948099,-0.864910617
0.00025,0.00085,0.00045,589.8371615,0.417698924,-0.292008507,-0.860382845
0.00025,0.00085,0.0005,559.4401745,0.387659689,-0.439516569,-0.810274738
0.00025,0.00085,0.00055,536.033691,0.215470084,-0.451312629,-0.865961635
0.00025,0.00085,0.0006,516.5288906,0.023979483,-0.412186719,-0.91078378
0.00025,0.00085,0.00065,503.5202198,0.502211218,-0.261904576,-0.824129775
0.00025,0.00085,0.0007,502.4085223,0.769769451,-0.596488342,0.227280993
0.00025,0.00085,0.00075,511.4603198,0.797303612,-0.282021183,0.533639393
0.00025,0.00085,0.0008,527.7216961,0.734754259,0.4483173,0.509065592
0.00025,0.00085,0.00085,520.1279445,-0.713668162,0.601111357,-0.359642727
0.00025,0.00085,0.0009,516.7779608,-0.777398695,0.142038163,0.612761315
0.00025,0.00085,0.00095,541.8269506,-0.567906496,-0.138139661,-0.811418293
0.00025,0.0009,5.00E-05,501.7567355,0.719255788,0.244012599,-0.650483637
0.00025,0.0009,0.0001,451.5427713,0.950353508,0.11388551,0.289582976
0.00025,0.0009,0.00015,553.922052,0.674000114,-0.191940494,0.713360143
0.00025,0.0009,0.0002,704.620349,0.693882962,-0.235016373,0.680656845
0.00025,0.0009,0.00025,702.6854073,0.581270851,-0.768130631,-0.268513561
0.00025,0.0009,0.0003,678.5882013,0.651796301,-0.037062346,-0.75748793
0.00025,0.0009,0.00035,647.7432058,0.631987174,0.093915864,-0.769267199
0.00025,0.0009,0.0004,616.8982103,0.59413211,0.197380388,-0.779774338
0.00025,0.0009,0.00045,582.4912154,0.491495268,0.302121787,-0.816795462
0.00025,0.0009,0.0005,545.3272634,0.320182712,0.461509647,-0.827340242
0.00025,0.0009,0.00055,527.7872022,-0.015776398,0.656826578,-0.753876616
0.00025,0.0009,0.0006,513.6874213,-0.183790941,0.601966154,-0.777082775
0.00025,0.0009,0.00065,502.1649744,-0.078732574,0.134140568,-0.987829687
0.00025,0.0009,0.0007,492.3102787,0.821127576,-0.564374026,-0.08503801
0.00025,0.0009,0.00075,500.4392006,0.766718716,-0.438616864,0.468783166
0.00025,0.0009,0.0008,515.2928544,0.616980392,-0.698146897,0.363216335
0.00025,0.0009,0.00085,516.7181482,0.317786538,-0.929219929,0.188579003
0.00025,0.0009,0.0009,518.9888556,-0.735992548,0.436119347,0.517798111
0.00025,0.0009,0.00095,536.2303599,-0.729111884,0.563927522,-0.387790679
0.00025,0.00095,5.00E-05,493.1327198,0.49760679,0.779005519,-0.381494279
0.00025,0.00095,0.0001,493.9322639,0.680398239,0.731422584,0.045598685
0.00025,0.00095,0.00015,498.3982683,0.82021002,-0.208497229,0.53271421
0.00025,0.00095,0.0002,627.7852612,0.463202215,-0.799588766,0.382232278
0.00025,0.00095,0.00025,607.6252484,0.172987892,-0.958992942,0.224516651
0.00025,0.00095,0.0003,676.1960975,-0.142235135,-0.927585037,0.345478168
0.00025,0.00095,0.00035,668.5795666,0.223018155,-0.937627978,-0.266677104
0.00025,0.00095,0.0004,642.6652607,0.293634137,-0.787837995,-0.541378137
0.00025,0.00095,0.00045,616.3103036,0.435299034,-0.394326213,-0.809334041
0.00025,0.00095,0.0005,589.9553465,0.432944525,0.405714479,-0.804956396
0.00025,0.00095,0.00055,563.6003893,0.27677542,0.774085834,-0.569373769
0.00025,0.00095,0.0006,536.3771158,0.144398522,0.874959876,-0.462162615
0.00025,0.00095,0.00065,506.4230907,0.053668303,0.953758538,-0.295743748
0.00025,0.00095,0.0007,490.9550333,-0.011255983,0.995361011,-0.095549777
0.00025,0.00095,0.00075,489.956678,0.076001092,0.996580944,0.032407667
0.00025,0.00095,0.0008,496.4315374,0.001780701,0.99693948,0.078156911
0.00025,0.00095,0.00085,501.9159595,-0.129452066,0.966299006,0.222504816
0.00025,0.00095,0.0009,533.2122676,-0.05471753,0.930759389,0.361514802
0.00025,0.00095,0.00095,566.8860026,-0.036164541,0.969273965,-0.243310721
0.0003,5.00E-05,5.00E-05,682.4593281,-0.591327778,-0.152353863,-0.791908934
0.0003,5.00E-05,0.0001,521.6077076,-0.131969266,-0.271257676,-0.953416691
0.0003,5.00E-05,0.00015,489.1854867,-0.016089437,-0.974756749,-0.222689045
0.0003,5.00E-05,0.0002,485.2685157,0.102223888,-0.99108806,0.085409214
0.0003,5.00E-05,0.00025,504.5258707,0.091749166,-0.977822091,0.188271213
0.0003,5.00E-05,0.0003,516.1616065,0.037182434,-0.987248671,0.154782196
0.0003,5.00E-05,0.00035,526.3904052,-0.017392971,-0.987981999,0.153587287
0.0003,5.00E-05,0.0004,541.0325472,-0.027324697,-0.979996199,0.197131457
0.0003,5.00E-05,0.00045,551.8619505,-0.049762397,-0.905127485,0.422217883
0.0003,5.00E-05,0.0005,581.2517568,0.122347369,-0.661115191,0.740241734
0.0003,5.00E-05,0.00055,609.7344365,0.184694064,0.11208627,0.976383516
0.0003,5.00E-05,0.0006,630.423439,0.081333036,0.845197971,0.52822848
0.0003,5.00E-05,0.00065,651.7123305,0.003957714,0.944144086,0.329509151
0.0003,5.00E-05,0.0007,667.2944763,0.044765267,0.990850559,0.127323373
0.0003,5.00E-05,0.00075,670.3036054,-0.014754036,0.999414605,-0.030866895
0.0003,5.00E-05,0.0008,663.2217197,-0.090212092,0.995918552,0.002831335
0.0003,5.00E-05,0.00085,670.6434617,-0.122733588,0.982307109,0.141453915
0.0003,5.00E-05,0.0009,679.3751812,-0.216352914,0.955440559,0.200810244
0.0003,5.00E-05,0.00095,686.3161247,-0.476033097,0.877107158,0.063839824
0.0003,0.0001,5.00E-05,512.0457844,-0.090787702,-0.81658204,-0.570045056
0.0003,0.0001,0.0001,487.2194983,0.159115333,-0.738727048,-0.654953937
0.0003,0.0001,0.00015,477.5843678,0.84421205,-0.511344753,-0.160725101
0.0003,0.0001,0.0002,483.0041312,0.656830871,-0.125412496,0.743535415
0.0003,0.0001,0.00025,501.7401799,0.420211709,-0.211184009,0.882509736
0.0003,0.0001,0.0003,515.7618504,0.359286176,-0.03572053,0.932543558
0.0003,0.0001,0.00035,522.612769,0.460807508,-0.234156074,0.856053371
0.0003,0.0001,0.0004,530.2139809,0.081899141,-0.448778418,0.889882274
0.0003,0.0001,0.00045,544.2655452,-0.549716027,-0.273414597,0.789339438
0.0003,0.0001,0.0005,552.443987,-0.020658416,-0.617381799,0.78639236
0.0003,0.0001,0.00055,581.1148419,0.247669831,-0.629272741,0.736665102
0.0003,0.0001,0.0006,612.6832418,0.080155218,-0.71456137,0.694965603
0.0003,0.0001,0.00065,621.208764,-0.098258545,-0.932064347,0.348713796
0.0003,0.0001,0.0007,636.0441885,0.029993409,-0.997595099,0.062485309
0.0003,0.0001,0.00075,625.9634691,0.084159778,-0.968506306,-0.234334518
0.0003,0.0001,0.0008,611.4236728,-0.016521556,-0.985164993,-0.170812688
0.0003,0.0001,0.00085,607.0225815,-0.078084717,-0.996132398,-0.040286752
0.0003,0.0001,0.0009,606.5271643,-0.057937853,-0.998106452,0.020657084
0.0003,0.0001,0.00095,609.8270469,-0.081471112,-0.828995463,-0.553289237
0.0003,0.00015,5.00E-05,506.8256285,-0.284666266,-0.215590944,-0.934069409
0.0003,0.00015,0.0001,482.7384389,0.23800183,-0.238312058,-0.941574475
0.0003,0.00015,0.00015,475.7743528,0.972882063,-0.221671723,-0.066046492
0.0003,0.00015,0.0002,481.1941426,0.814053984,-0.10961199,0.570351929
0.0003,0.00015,0.00025,496.6869697,0.675751418,-0.153327696,0.721006684
0.0003,0.00015,0.0003,515.3620943,0.636210164,-0.375218208,0.674127527
0.0003,0.00015,0.00035,522.4373174,0.774328571,-0.444413599,0.450457343
0.0003,0.00015,0.0004,530.1127897,0.043383171,-0.519727192,0.853230067
0.0003,0.00015,0.00045,544.1618308,-0.441749506,-0.203705522,0.873705576
0.0003,0.00015,0.0005,552.3220695,-0.681339395,-0.338373465,0.64906088
0.0003,0.00015,0.00055,558.2769684,-0.337451292,-0.367403305,0.866684162
0.0003,0.00015,0.0006,589.1989988,-0.603293237,-0.663199789,0.442948428
0.0003,0.00015,0.00065,589.2717107,-0.585779814,-0.809814829,0.032587607
0.0003,0.00015,0.0007,591.3843051,-0.033536647,-0.971948084,-0.232792214
0.0003,0.00015,0.00075,568.5468307,0.001013255,-0.926253943,-0.37689867
0.0003,0.00015,0.0008,553.9798383,-0.120911297,-0.975236671,-0.185186107
0.0003,0.00015,0.00085,549.5721305,-0.156980877,-0.983478732,-0.090147594
0.0003,0.00015,0.0009,543.8693664,-0.056169429,-0.99765751,-0.039044685
0.0003,0.00015,0.00095,544.7542975,-0.050912697,-0.962484951,-0.266515695
0.0003,0.0002,5.00E-05,497.7320114,-0.391870089,-0.916547531,0.079865237
0.0003,0.0002,0.0001,479.360435,0.359328455,-0.597701085,-0.716684361
0.0003,0.0002,0.00015,472.4012489,0.784009553,-0.620628819,-0.012202052
0.0003,0.0002,0.0002,478.9850801,0.714630321,-0.192429971,0.672513353
0.0003,0.0002,0.00025,494.4740984,0.814657456,0.09467277,0.572162823
0.0003,0.0002,0.0003,501.4292517,0.938978358,-0.1743212,0.296532902
0.0003,0.0002,0.00035,508.0599823,0.892258458,-0.303923499,0.333924169
0.0003,0.0002,0.0004,516.9809494,0.372499843,-0.37111782,0.850597102
0.0003,0.0002,0.00045,539.0874245,-0.153389743,-0.645374992,0.74830656
0.0003,0.0002,0.0005,545.0853737,-0.261851613,-0.901894266,0.343541067
0.0003,0.0002,0.00055,565.4820355,-0.656429583,-0.703814797,0.271560183
0.0003,0.0002,0.0006,566.2766959,-0.462651195,-0.886451416,0.012560219
0.0003,0.0002,0.00065,566.9030438,-0.28412762,-0.945981895,-0.156172181
0.0003,0.0002,0.0007,549.514201,-0.006975818,-0.962743643,-0.27032576
0.0003,0.0002,0.00075,534.039465,-0.204006464,-0.923887239,-0.32374949
0.0003,0.0002,0.0008,511.4981233,-0.25912095,-0.916057823,-0.306095406
0.0003,0.0002,0.00085,496.7208679,-0.220036434,-0.95370215,-0.205027261
0.0003,0.0002,0.0009,483.42341,-0.140231885,-0.98035256,-0.138722303
0.0003,0.0002,0.00095,476.048658,-0.097832,-0.991001353,0.091352163
0.0003,0.00025,5.00E-05,468.8190923,0.27956826,-0.521754802,0.805986051
0.0003,0.00025,0.0001,461.6130662,0.600986914,-0.746087855,-0.286648989
0.0003,0.00025,0.00015,456.6828035,0.605987296,-0.719753624,0.33872425
0.0003,0.00025,0.0002,474.8783159,0.293529475,-0.338984519,0.893828811
0.0003,0.00025,0.00025,500.4006886,0.437323807,0.104791252,0.893177855
0.0003,0.00025,0.0003,507.3754339,0.94273099,0.274487333,0.189512493
0.0003,0.00025,0.00035,508.2828272,0.960205516,0.152922869,0.233709143
0.0003,0.00025,0.0004,516.5754326,0.645099962,-0.002374036,0.764094499
0.0003,0.00025,0.00045,519.9232452,0.307673839,-0.501169183,-0.808805452
0.0003,0.00025,0.0005,483.0286121,-0.124745043,-0.972950243,-0.194438932
0.0003,0.00025,0.00055,503.354461,-0.345073858,-0.937385258,0.047253688
0.0003,0.00025,0.0006,488.9097555,-0.187698873,-0.976229534,-0.108374491
0.0003,0.00025,0.00065,487.7362353,-0.02716843,-0.995860648,-0.086737797
0.0003,0.00025,0.0007,474.3432894,-0.038351193,-0.985209682,-0.16700619
0.0003,0.00025,0.00075,460.05996,-0.050975878,-0.980336711,-0.190634185
0.0003,0.00025,0.0008,442.2957289,-0.097870915,-0.958714463,-0.266997869
0.0003,0.00025,0.00085,418.980158,-0.217274242,-0.938145839,-0.269581691
0.0003,0.00025,0.0009,397.7785545,-0.211478742,-0.962359594,-0.170706632
0.0003,0.00025,0.00095,389.5325397,-0.160046824,-0.853005706,0.496755754
0.0003,0.0003,5.00E-05,451.0707066,0.251773274,-0.220147723,0.942414558
0.0003,0.0003,0.0001,447.7721928,0.510227525,-0.83034832,-0.224030222
0.0003,0.0003,0.00015,444.2139799,0.367747999,-0.794235907,0.48368454
0.0003,0.0003,0.0002,462.405075,0.028039525,-0.507096046,0.861433332
0.0003,0.0003,0.00025,498.2867922,0.384246074,-0.361157594,0.849658841
0.0003,0.0003,0.0003,512.8456347,0.90637883,-0.226447607,0.356649545
0.0003,0.0003,0.00035,514.0798161,0.715985217,-0.693731244,0.078116133
0.0003,0.0003,0.0004,516.9447827,0.250702731,-0.963339084,0.095529842
0.0003,0.0003,0.00045,518.3004323,0.267142555,-0.658251784,-0.703803555
0.0003,0.0003,0.0005,462.1770671,-0.214693076,-0.694550138,-0.686663665
0.0003,0.0003,0.00055,448.8160693,-0.54332733,-0.791179658,-0.280767096
0.0003,0.0003,0.0006,425.5888551,-0.408509612,-0.844711309,-0.345807317
0.0003,0.0003,0.00065,399.6614163,-0.088922206,-0.972773327,-0.214020784
0.0003,0.0003,0.0007,386.2451965,-0.089943519,-0.982093177,-0.165538985
0.0003,0.0003,0.00075,369.2348157,0.121479478,-0.98496958,-0.122791134
0.0003,0.0003,0.0008,363.9920757,-0.106381338,-0.981456097,-0.159458273
0.0003,0.0003,0.00085,341.8008442,-0.266000751,-0.919173077,-0.2904556
0.0003,0.0003,0.0009,317.412297,-0.257423449,-0.961839576,0.092724307
0.0003,0.0003,0.00095,354.061175,-0.232405574,-0.632480533,0.738888371
0.0003,0.00035,5.00E-05,446.9282301,-0.058262495,-0.21864172,0.97406431
0.0003,0.00035,0.0001,436.1992116,0.334479969,-0.884708345,-0.324675675
0.0003,0.00035,0.00015,432.6548276,0.193803355,-0.963560643,0.184366884
0.0003,0.00035,0.0002,443.0475191,-0.054841714,-0.701338987,0.710715141
0.0003,0.00035,0.00025,478.9603289,0.166807672,-0.739009557,0.652717455
0.0003,0.00035,0.0003,497.3479643,0.555384166,-0.825378041,-0.101486539
0.0003,0.00035,0.00035,471.8792453,0.435407738,-0.882759416,-0.17651038
0.0003,0.00035,0.0004,474.014025,0.240813515,-0.970343664,-0.021024365
0.0003,0.00035,0.00045,468.7002211,0.084631053,-0.925478829,-0.369224217
0.0003,0.00035,0.0005,412.746207,-0.312583258,-0.806707757,-0.501512015
0.0003,0.00035,0.00055,400.251749,-0.523876643,-0.810754894,-0.26120828
0.0003,0.00035,0.0006,368.8385794,-0.448239701,-0.765395251,-0.461791383
0.0003,0.00035,0.00065,308.9103239,-0.3022288,-0.866485589,-0.397316596
0.0003,0.00035,0.0007,293.831389,-0.12181234,-0.94495468,-0.303681422
0.0003,0.00035,0.00075,281.5564611,-0.140027672,-0.93769022,-0.318008337
0.0003,0.00035,0.0008,273.4412814,-0.325426049,-0.925351896,-0.194478162
0.0003,0.00035,0.00085,271.5742258,-0.17794826,-0.983815743,-0.021000031
0.0003,0.00035,0.0009,270.6007757,-0.108140224,-0.993481296,0.036063936
0.0003,0.00035,0.00095,275.1223724,-0.079463484,-0.592358276,0.801746361
0.0003,0.0004,5.00E-05,414.9148626,-0.201392156,-0.347466873,0.915810009
0.0003,0.0004,0.0001,408.878616,0.179088496,-0.977507006,-0.111388344
0.0003,0.0004,0.00015,408.4225219,0.195232741,-0.969620627,0.147377122
0.0003,0.0004,0.0002,416.7104619,0.235760678,-0.900847192,0.364542508
0.0003,0.0004,0.00025,436.8075907,0.348923805,-0.858654799,0.37545188
0.0003,0.0004,0.0003,455.2560175,0.411931724,-0.834308214,-0.366390583
0.0003,0.0004,0.00035,397.3826868,0.530100839,-0.696073225,-0.484226358
0.0003,0.0004,0.0004,370.2223525,0.269362392,-0.947928583,-0.169927346
0.0003,0.0004,0.00045,364.7296049,-0.054561879,-0.993684932,-0.098047219
0.0003,0.0004,0.0005,352.0741947,-0.365824833,-0.877964333,-0.308789284
0.0003,0.0004,0.00055,312.5327784,-0.21438316,-0.860708794,-0.461757764
0.0003,0.0004,0.0006,274.1951835,-0.209198281,-0.884686651,-0.416612059
0.0003,0.0004,0.00065,236.082421,-0.047696472,-0.981717898,0.184268868
0.0003,0.0004,0.0007,301.1291546,-0.909149021,0.179063098,0.376011256
0.0003,0.0004,0.00075,309.1118495,-0.650230853,0.752667863,0.103396937
0.0003,0.0004,0.0008,316.4953271,-0.062731343,0.437799684,-0.896881383
0.0003,0.0004,0.00085,208.7279813,-0.103719796,-0.753870396,-0.648784733
0.0003,0.0004,0.0009,219.6687426,-0.069801775,-0.98789577,0.138526745
0.0003,0.0004,0.00095,223.7842796,-0.043672905,-0.494448957,0.86810881
0.0003,0.00045,5.00E-05,376.7017097,-0.142286179,-0.2964065,0.944403425
0.0003,0.00045,0.0001,379.2245919,0.080115655,-0.994076629,0.073437986
0.0003,0.00045,0.00015,381.1277029,0.215802459,-0.961348493,-0.170992319
0.0003,0.00045,0.0002,372.9031355,0.803204654,0.487358792,0.342554654
0.0003,0.00045,0.00025,390.807018,0.827468445,0.175129868,0.533503048
0.0003,0.00045,0.0003,407.5734922,0.759151666,0.314642555,-0.569814716
0.0003,0.00045,0.00035,349.6437318,0.511606834,0.31771518,-0.798320432
0.0003,0.00045,0.0004,291.8609443,0.172830836,0.174248267,-0.969415826
0.0003,0.00045,0.00045,284.7730153,-0.225407524,-0.958297016,-0.175665241
0.0003,0.00045,0.0005,264.3377151,-0.09862008,-0.980052143,-0.172545287
0.0003,0.00045,0.00055,255.086567,-0.051380228,-0.892008663,-0.449088653
0.0003,0.00045,0.0006,206.4942372,-0.044015284,-0.81650518,-0.575657837
0.0003,0.00045,0.00065,165.4158647,-0.186399736,-0.754200229,0.629632554
0.0003,0.00045,0.0007,328.6092727,-0.311404326,0.064718149,0.948071151
0.0003,0.00045,0.00075,393.4130073,-0.033859511,0.998927996,-0.031565686
0.0003,0.00045,0.0008,322.4422158,0.405658658,0.109661361,-0.907422415
0.0003,0.00045,0.00085,159.064341,0.699286516,-0.247695867,-0.670555833
0.0003,0.00045,0.0009,163.2276224,-0.437189803,-0.898587197,0.03749835
0.0003,0.00045,0.00095,163.9159898,-0.19590831,-0.014898832,0.980509031
0.0003,0.0005,5.00E-05,347.3390073,-0.084834695,-0.395723277,0.914443089
0.0003,0.0005,0.0001,348.9671639,0.238468477,-0.849198769,0.471162643
0.0003,0.0005,0.00015,372.882197,0.582376684,0.559218438,0.590010285
0.0003,0.0005,0.0002,430.4814011,0.263736542,0.866171292,0.424488314
0.0003,0.0005,0.00025,448.1886222,0.177186495,0.943329385,0.280596894
0.0003,0.0005,0.0003,477.9857245,-0.06008906,0.997802809,-0.027908066
0.0003,0.0005,0.00035,443.4339108,-0.305656266,0.800724195,-0.515184443
0.0003,0.0005,0.0004,381.8825809,-0.386343669,0.480495632,-0.787313481
0.0003,0.0005,0.00045,214.5836322,-0.206690121,-0.509466682,-0.835298087
0.0003,0.0005,0.0005,183.4560431,0.028286568,-0.994935027,-0.096458085
0.0003,0.0005,0.00055,197.6403556,0.100365109,-0.970658858,-0.218513677
0.0003,0.0005,0.0006,147.0074893,0.003265649,-0.80156105,-0.597904021
0.0003,0.0005,0.00065,89.80791993,-0.341381886,-0.466557157,0.815955163
0.0003,0.0005,0.0007,316.6929158,-0.225920427,-0.022004078,0.973897213
0.0003,0.0005,0.00075,504.2745884,0.190218258,0.972216341,0.136427275
0.0003,0.0005,0.0008,344.8161986,0.386341178,0.292303884,-0.874813657
0.0003,0.0005,0.00085,149.9158812,0.718207831,0.275974408,-0.638761018
0.0003,0.0005,0.0009,103.4068391,-0.53207106,0.80478514,0.263099344
0.0003,0.0005,0.00095,220.5405414,0.007041884,0.845794417,0.533462479
0.0003,0.00055,5.00E-05,321.1253655,0.101609123,-0.083188423,-0.99134014
0.0003,0.00055,0.0001,333.1868901,0.574788359,0.392814128,0.717854723
0.0003,0.00055,0.00015,458.3878212,0.290414515,0.633902674,0.716817138
0.0003,0.00055,0.0002,526.5664082,0.457008393,0.794534973,0.399821842
0.0003,0.00055,0.00025,550.5102261,0.390708039,0.893062446,0.223129326
0.0003,0.00055,0.0003,577.5696631,0.102299675,0.963079983,-0.249021532
0.0003,0.00055,0.00035,499.011814,-0.487029286,0.752772687,-0.442872168
0.0003,0.00055,0.0004,431.5277502,-0.612770967,-0.120536853,-0.781013834
0.0003,0.00055,0.00045,163.7483039,-0.460447107,-0.189690194,-0.867182848
0.0003,0.00055,0.0005,89.57310737,-0.846533049,-0.397568067,-0.354007668
0.0003,0.00055,0.00055,93.17857102,0.055767887,-0.987128114,-0.149893395
0.0003,0.00055,0.0006,61.93210459,0.775622205,-0.580266777,-0.248396182
0.0003,0.00055,0.00065,68.39098674,0.025287067,0.13384376,0.990679773
0.0003,0.00055,0.0007,319.244879,-0.023862975,0.170509536,0.985067032
0.0003,0.00055,0.00075,593.8268545,0.256194659,0.478366277,0.839958333
0.0003,0.00055,0.0008,440.8450615,0.315030839,0.545999738,-0.776298819
0.0003,0.00055,0.00085,263.3643895,0.613784816,0.775723747,-0.146699924
0.0003,0.00055,0.0009,379.2588604,-0.098964408,0.828273658,0.551514999
0.0003,0.00055,0.00095,550.6657128,0.113971509,0.97936965,-0.166869963
0.0003,0.0006,5.00E-05,329.0892466,0.623451857,0.395308266,-0.674565902
0.0003,0.0006,0.0001,424.0779491,0.373188067,0.599324098,0.708195801
0.0003,0.0006,0.00015,543.8934454,0.311715193,0.636635365,0.705357392
0.0003,0.0006,0.0002,613.54912,0.438291445,0.763031499,0.475061618
0.0003,0.0006,0.00025,652.326251,0.438999132,0.854194587,0.278624065
0.0003,0.0006,0.0003,677.1536017,0.299518872,0.936021718,0.184802026
0.0003,0.0006,0.00035,691.6688893,-0.171266941,0.611059471,-0.772835013
0.0003,0.0006,0.0004,330.1400809,-0.532171345,0.070852781,-0.843666725
0.0003,0.0006,0.00045,139.7834412,-0.83912626,0.258299842,-0.478694382
0.0003,0.0006,0.0005,104.2027533,-0.889369311,0.369130526,-0.269749667
0.0003,0.0006,0.00055,15.60958048,0.126338101,0.988880467,-0.078448109
0.0003,0.0006,0.0006,89.10236556,0.576329922,0.764663094,0.288329973
0.0003,0.0006,0.00065,124.5716348,0.462761836,0.586869052,0.664406651
0.0003,0.0006,0.0007,407.6428948,0.257378459,0.405420792,0.877148967
0.0003,0.0006,0.00075,573.527341,0.19773127,-0.289060631,0.936667655
0.0003,0.0006,0.0008,577.2427007,0.240548832,0.706098363,-0.666004025
0.0003,0.0006,0.00085,475.5730268,0.384260157,0.913326035,-0.134832063
0.0003,0.0006,0.0009,534.8803589,0.335503567,0.839824674,0.426769111
0.0003,0.0006,0.00095,561.7294492,0.142530938,-0.094436199,-0.985274955
0.0003,0.00065,5.00E-05,401.7917254,0.203780107,0.975035591,-0.088200142
0.0003,0.00065,0.0001,514.9690082,0.439366835,0.531401323,0.724271647
0.0003,0.00065,0.00015,629.3990696,0.479024472,0.53958222,0.692377487
0.0003,0.00065,0.0002,700.7283336,0.520368181,0.631927638,0.574355653
0.0003,0.00065,0.00025,745.5063186,0.667004593,0.587793213,0.457825307
0.0003,0.00065,0.0003,776.8400106,0.784318268,0.575814342,0.230830454
0.0003,0.00065,0.00035,773.3858974,-0.177144227,0.109126094,-0.97811626
0.0003,0.00065,0.0004,477.876169,-0.536207836,0.408705087,-0.738539984
0.0003,0.00065,0.00045,285.6623646,-0.663942946,0.639504717,-0.38757384
0.0003,0.00065,0.0005,259.4949579,-0.665669338,0.746235474,-0.004117039
0.0003,0.00065,0.00055,283.5270527,0.03409801,0.984498396,0.172047186
0.0003,0.00065,0.0006,350.9040099,0.429063671,0.894914411,0.122607353
0.0003,0.00065,0.00065,349.7571924,0.457631703,0.823587545,0.335077275
0.0003,0.00065,0.0007,526.7535062,0.409460295,0.519088211,0.750259752
0.0003,0.00065,0.00075,541.4874504,0.560037672,-0.785203878,0.264220884
0.0003,0.00065,0.0008,544.6963572,0.582456085,-0.805722692,0.107498152
0.0003,0.00065,0.00085,550.3186121,0.657149828,0.749420314,0.080766929
0.0003,0.00065,0.0009,548.8032054,0.727589183,-0.574347683,-0.375151595
0.0003,0.00065,0.00095,530.9411371,0.230545075,-0.384130644,-0.894031664
0.0003,0.0007,5.00E-05,505.6580563,0.752705215,0.56483643,0.338222807
0.0003,0.0007,0.0001,591.0744679,0.914528719,0.08327807,0.395856015
0.0003,0.0007,0.00015,688.6590264,0.85245235,-0.078544049,0.516871186
0.0003,0.0007,0.0002,741.2946713,0.715906598,0.18672173,0.672764995
0.0003,0.0007,0.00025,750.0445869,0.925199125,-0.36852541,0.090529561
0.0003,0.0007,0.0003,746.70015,0.588713928,-0.736049876,-0.334135438
0.0003,0.0007,0.00035,725.0235708,-0.293932667,-0.439441065,-0.84881985
0.0003,0.0007,0.0004,600.0443424,-0.419289351,0.584605136,-0.694574169
0.0003,0.0007,0.00045,500.1168806,-0.42446959,0.864169559,-0.270252733
0.0003,0.0007,0.0005,491.2395424,-0.438247359,0.893243158,0.100279179
0.0003,0.0007,0.00055,538.6757645,0.064519906,0.960988296,0.268958504
0.0003,0.0007,0.0006,572.5179617,0.544714371,0.835710611,0.069814242
0.0003,0.0007,0.00065,556.792694,0.457649067,0.878750573,-0.135479748
0.0003,0.0007,0.0007,540.2968409,0.676553707,0.289172936,-0.677240057
0.0003,0.0007,0.00075,520.2053024,0.634563906,-0.424204856,-0.646048674
0.0003,0.0007,0.0008,511.0511683,0.651770662,-0.750296924,-0.110677593
0.0003,0.0007,0.00085,513.6796565,0.508264891,-0.858432867,-0.068991401
0.0003,0.0007,0.0009,505.2139307,0.851127748,-0.508344299,-0.131025306
0.0003,0.0007,0.00095,498.5643324,0.965676824,-0.259715324,0.004027726
0.0003,0.00075,5.00E-05,556.2848393,0.981925802,0.072024042,0.175026448
0.0003,0.00075,0.0001,553.467773,0.986678946,-0.085724951,0.138260226
0.0003,0.00075,0.00015,606.5715192,0.464284735,-0.284359588,0.838796346
0.0003,0.00075,0.0002,717.7655132,0.341981749,-0.389095182,0.85536742
0.0003,0.00075,0.00025,723.5018349,0.351182192,-0.933544454,0.071873641
0.0003,0.00075,0.0003,721.7224933,0.32416025,-0.818967912,-0.47350997
0.0003,0.00075,0.00035,697.4609713,0.399802625,-0.508903721,-0.762348256
0.0003,0.00075,0.0004,667.1743204,0.299846693,0.624478246,-0.721192679
0.0003,0.00075,0.00045,633.580386,0.23454868,0.854807248,-0.462916283
0.0003,0.00075,0.0005,602.9606665,0.246782333,0.822708597,-0.512102573
0.0003,0.00075,0.00055,573.9347118,0.66366585,0.375993076,-0.646665947
0.0003,0.00075,0.0006,567.7725147,0.825483955,-0.504656627,-0.252780396
0.0003,0.00075,0.00065,558.7502615,0.837469416,-0.352169968,-0.417877124
0.0003,0.00075,0.0007,542.3758595,0.735288159,-0.048830524,-0.675993272
0.0003,0.00075,0.00075,522.2843209,0.657245489,0.146559412,-0.739289325
0.0003,0.00075,0.0008,500.4582065,0.587175779,-0.047487998,-0.808065279
0.0003,0.00075,0.00085,477.6881602,0.557467934,-0.753131008,-0.349318175
0.0003,0.00075,0.0009,490.1596574,0.699005679,-0.002911755,0.715110189
0.0003,0.00075,0.00095,502.303086,0.53737418,0.41485219,0.734252444
0.0003,0.0008,5.00E-05,526.7125176,0.986000608,-0.121994817,0.113666469
0.0003,0.0008,0.0001,559.8954132,0.896697868,0.206743974,0.391394766
0.0003,0.0008,0.00015,632.9605987,0.627071372,0.420228811,0.655888132
0.0003,0.0008,0.0002,688.1046369,0.694328046,-0.008679741,0.7196063
0.0003,0.0008,0.00025,698.6485983,0.821452906,-0.456723133,0.341495391
0.0003,0.0008,0.0003,701.6606935,0.754269893,-0.629740054,-0.18575358
0.0003,0.0008,0.00035,688.6100709,0.553225395,-0.306538284,-0.77458114
0.0003,0.0008,0.0004,655.3583202,0.39830361,-0.301122525,-0.866417601
0.0003,0.0008,0.00045,618.6918775,0.383635812,-0.32522251,-0.864322788
0.0003,0.0008,0.0005,587.0621599,0.362394846,-0.420075727,-0.831989399
0.0003,0.0008,0.00055,559.1353256,0.423177914,-0.498994454,-0.756257223
0.0003,0.0008,0.0006,542.2033741,0.610451279,-0.708032653,-0.355019715
0.0003,0.0008,0.00065,535.3894184,0.795188237,-0.60319905,-0.061859311
0.0003,0.0008,0.0007,537.6627156,0.893741144,-0.422991884,-0.149347359
0.0003,0.0008,0.00075,528.5152108,0.674429479,0.218456546,-0.705281232
0.0003,0.0008,0.0008,508.4303622,0.308594229,0.463866401,-0.830420113
0.0003,0.0008,0.00085,491.4759545,0.042102003,0.992131774,-0.117906596
0.0003,0.0008,0.0009,505.1137047,-0.202191309,0.322028484,0.924887199
0.0003,0.0008,0.00095,535.9250205,-0.01121088,0.873891209,0.485992254
0.0003,0.00085,5.00E-05,530.5581345,0.64846588,0.067829864,0.758215742
0.0003,0.00085,0.0001,609.5905227,0.770013348,0.207946463,0.603189616
0.0003,0.00085,0.00015,688.71542,0.751408941,0.436536038,0.494793786
0.0003,0.00085,0.0002,716.9731983,0.709023543,0.679623395,0.188142651
0.0003,0.00085,0.00025,705.3716791,0.767825534,0.473660997,-0.431380586
0.0003,0.00085,0.0003,687.6899713,0.897307682,0.024348138,-0.440733583
0.0003,0.00085,0.00035,679.1369387,0.674223128,-0.222203625,-0.704307264
0.0003,0.00085,0.0004,642.8743259,0.504328763,-0.165238247,-0.847554612
0.0003,0.00085,0.00045,607.8822915,0.501101038,-0.180378194,-0.84638139
0.0003,0.00085,0.0005,572.8902571,0.458812843,-0.278497499,-0.843759396
0.0003,0.00085,0.00055,544.3359395,0.34016123,-0.4546108,-0.823176383
0.0003,0.00085,0.0006,520.4149259,0.54391083,-0.609403321,-0.576878324
0.0003,0.00085,0.00065,514.4736462,0.66370829,-0.74581411,0.057031732
0.0003,0.00085,0.0007,522.9062549,0.740623613,-0.565862608,0.362320538
0.0003,0.00085,0.00075,531.3388635,0.960314327,-0.273367018,-0.055379299
0.0003,0.00085,0.0008,521.1480552,-0.063377973,0.55176331,-0.831589131
0.0003,0.00085,0.00085,505.5963639,-0.337620903,0.833432522,-0.437495552
0.0003,0.00085,0.0009,505.6359937,-0.272716257,0.049359668,0.96082749
0.0003,0.00085,0.00095,541.1411797,0.43003864,0.157868375,0.888900638
0.0003,0.0009,5.00E-05,532.8359853,0.049416521,0.174921463,0.983341492
0.0003,0.0009,0.0001,614.4193096,0.788291403,-0.201084129,0.581516841
0.0003,0.0009,0.00015,727.6998802,0.802072536,-0.216509805,0.556599633
0.0003,0.0009,0.0002,748.2716606,0.730874321,-0.681465827,0.03777636
0.0003,0.0009,0.00025,730.8019286,0.65193735,-0.524035907,-0.548054796
0.0003,0.0009,0.0003,703.1100205,0.608678562,-0.396220816,-0.687400519
0.0003,0.0009,0.00035,674.4710731,0.650006703,0.042627705,-0.758731946
0.0003,0.0009,0.0004,641.4665983,0.560415695,0.160514531,-0.812508052
0.0003,0.0009,0.00045,603.7770884,0.50375127,0.248117131,-0.827449423
0.0003,0.0009,0.0005,566.0875785,0.496775294,0.339009708,-0.798928486
0.0003,0.0009,0.00055,530.1550818,0.379054708,0.453173659,-0.806815445
0.0003,0.0009,0.0006,510.6574138,0.250479741,0.654674873,-0.713204536
0.0003,0.0009,0.00065,502.8098657,0.993811464,0.09476162,0.057956956
0.0003,0.0009,0.0007,511.3230665,0.570274618,-0.722863597,0.390198769
0.0003,0.0009,0.00075,519.8362673,0.446866494,-0.835997824,0.318461889
0.0003,0.0009,0.0008,525.5106321,0.173068384,-0.984096354,0.040021258
0.0003,0.0009,0.00085,521.0265556,-0.346319708,-0.469954231,-0.811914823
0.0003,0.0009,0.0009,506.9397144,-0.449793696,0.719939576,0.528557129
0.0003,0.0009,0.00095,540.3511821,0.418319556,0.647361248,0.637128059
0.0003,0.00095,5.00E-05,543.7337254,-0.243768765,0.956316507,-0.161355287
0.0003,0.00095,0.0001,542.2080606,0.809610523,-0.414817716,0.415279501
0.0003,0.00095,0.00015,636.6486476,0.57679387,-0.731201073,0.364216724
0.0003,0.00095,0.0002,661.0138641,0.184804013,-0.978173813,0.094991935
0.0003,0.00095,0.00025,662.1892798,0.339318159,-0.940363518,-0.024075756
0.0003,0.00095,0.0003,655.2206075,0.107829122,-0.988296549,0.107901862
0.0003,0.00095,0.00035,682.6002404,0.193382608,-0.981064741,0.010730349
0.0003,0.00095,0.0004,656.8402328,0.241818707,-0.861273885,-0.446912752
0.0003,0.00095,0.00045,630.4852756,0.356245077,-0.655677319,-0.665715178
0.0003,0.00095,0.0005,604.1303185,0.395963386,0.244007727,-0.885253199
0.0003,0.00095,0.00055,575.4700616,0.207915508,0.78757212,-0.580087318
0.0003,0.00095,0.0006,545.5160364,0.085755867,0.891057758,-0.445715159
0.0003,0.00095,0.00065,515.5620113,0.018671024,0.939617989,-0.341715419
0.0003,0.00095,0.0007,491.3639568,-0.028602199,0.990255514,-0.136293551
0.0003,0.00095,0.00075,494.0949283,-0.016045008,0.999865398,0.003426818
0.0003,0.00095,0.0008,491.8796504,-0.057062812,0.998355698,0.005453021
0.0003,0.00095,0.00085,494.8471066,-0.06233322,0.964066178,0.258245958
0.0003,0.00095,0.0009,531.9577717,-0.026164291,0.921316289,0.387932629
0.0003,0.00095,0.00095,567.4533818,-0.017053305,0.996616497,0.08040362
0.00035,5.00E-05,5.00E-05,527.7374358,-0.687427257,0.22801559,-0.689530751
0.00035,5.00E-05,0.0001,509.2520187,-0.007500875,-0.986631495,-0.162794438
0.00035,5.00E-05,0.00015,498.9082442,0.112607235,-0.990848502,-0.074423496
0.00035,5.00E-05,0.0002,494.4897428,0.140710168,-0.987907755,0.065106953
0.00035,5.00E-05,0.00025,510.9599332,0.086256629,-0.986395702,0.13994039
0.00035,5.00E-05,0.0003,520.182455,0.090170971,-0.991836364,0.090165537
0.00035,5.00E-05,0.00035,527.0333736,0.09561054,-0.99044771,0.099357727
0.00035,5.00E-05,0.0004,537.3029601,0.102909026,-0.977566454,0.183775841
0.00035,5.00E-05,0.00045,552.0695127,0.153545775,-0.913630628,0.376434284
0.00035,5.00E-05,0.0005,581.459319,-0.068349761,-0.687769682,0.722704071
0.00035,5.00E-05,0.00055,609.9302791,-0.159832191,0.089831795,0.983048279
0.00035,5.00E-05,0.0006,628.3981639,-0.410751942,0.748761079,0.520230418
0.00035,5.00E-05,0.00065,649.0917347,-0.263151656,0.907341736,0.32784475
0.00035,5.00E-05,0.0007,670.3806262,-0.189379262,0.974765676,0.118183633
0.00035,5.00E-05,0.00075,666.9026044,-0.056859904,0.993970394,-0.093753974
0.00035,5.00E-05,0.0008,657.0123347,0.015755222,0.999259789,-0.03509483
0.00035,5.00E-05,0.00085,662.4346684,-0.060088501,0.992110571,0.110027206
0.00035,5.00E-05,0.0009,669.3756119,-0.242299715,0.961256311,0.13144258
0.00035,5.00E-05,0.00095,672.8972736,-0.162411217,0.283668693,-0.945068606
0.00035,0.0001,5.00E-05,509.1077361,0.068820144,-0.217577334,-0.973613831
0.00035,0.0001,0.0001,500.3529672,0.765885292,-0.381173379,-0.517809399
0.00035,0.0001,0.00015,490.0059515,0.92151915,-0.343798449,-0.180568777
0.00035,0.0001,0.0002,494.6061348,0.826049984,-0.03375157,0.562585331
0.00035,0.0001,0.00025,508.1742423,0.622898349,-0.082845497,0.777903767
0.00035,0.0001,0.0003,519.7826989,0.70155967,-0.01155336,0.712517052
0.00035,0.0001,0.00035,527.102702,0.791957822,0.115868674,0.599480824
0.00035,0.0001,0.0004,537.6882205,0.93152204,-0.062498617,0.358274492
0.00035,0.0001,0.00045,537.3466614,0.294817312,-0.537423037,0.790100773
0.00035,0.0001,0.0005,559.4991402,0.014166642,-0.596044849,0.802826161
0.00035,0.0001,0.00055,588.898294,0.025956888,-0.704254678,0.709472753
0.00035,0.0001,0.0006,604.2680501,-0.337224426,-0.785038223,0.519610118
0.00035,0.0001,0.00065,625.5723961,-0.147403714,-0.909277441,0.389212899
0.00035,0.0001,0.0007,633.3521137,-0.407542444,-0.912249577,0.041350516
0.00035,0.0001,0.00075,629.2714118,-0.065263785,-0.977551377,-0.20033458
0.00035,0.0001,0.0008,615.7765531,0.036025431,-0.967466331,-0.250421776
0.00035,0.0001,0.00085,603.7213801,-0.061659425,-0.993693487,-0.093655591
0.00035,0.0001,0.0009,604.8296677,-0.095049066,-0.995134482,0.025942978
0.00035,0.0001,0.00095,606.9020175,-0.083021525,-0.800307049,-0.593814831
0.00035,0.00015,5.00E-05,503.9264981,0.129754435,-0.203638536,-0.970409776
0.00035,0.00015,0.0001,495.190683,0.879006525,-0.206864012,-0.429598429
0.00035,0.00015,0.00015,487.9664186,0.988799001,-0.137777879,-0.05739156
0.00035,0.00015,0.0002,493.39976,0.825452916,-0.082198857,0.558453965
0.00035,0.00015,0.00025,508.2786697,0.710462399,-0.028466293,0.703159193
0.00035,0.00015,0.0003,519.8755328,0.679105517,0.03384608,0.73325994
0.00035,0.00015,0.00035,530.4941833,0.842360642,0.019968877,0.538544141
0.00035,0.00015,0.0004,535.5159691,0.933735365,-0.138853917,0.329936143
0.00035,0.00015,0.00045,537.233822,0.406096387,0.030596239,0.913317904
0.00035,0.00015,0.0005,543.185672,-0.429409863,-0.443969501,0.786446598
0.00035,0.00015,0.00055,565.4906384,0.019409423,-0.797422316,0.60310938
0.00035,0.00015,0.0006,572.990136,-0.244850273,-0.932650939,0.264972771
0.00035,0.00015,0.00065,581.1456748,-0.176474706,-0.963901282,0.199376521
0.00035,0.00015,0.0007,588.775223,-0.357750673,-0.933817141,-5.07E-05
0.00035,0.00015,0.00075,581.1410075,-0.03625701,-0.960978965,-0.274235041
0.00035,0.00015,0.0008,558.3036847,-0.019957659,-0.957672692,-0.287166687
0.00035,0.00015,0.00085,546.287318,-0.060858358,-0.9938484,-0.092529008
0.00035,0.00015,0.0009,547.3710385,-0.026025722,-0.999470078,-0.019550566
0.00035,0.00015,0.00095,543.8891507,-0.054041652,-0.946780988,-0.31730941
0.00035,0.0002,5.00E-05,498.8884608,0.381299274,-0.738891577,0.55556287
0.00035,0.0002,0.0001,492.6677294,0.80455919,-0.48537855,-0.342187335
0.00035,0.0002,0.00015,485.7065463,0.887802081,-0.459283692,-0.029427118
0.00035,0.0002,0.0002,491.6163739,0.778176961,-0.32715669,0.536105509
0.00035,0.0002,0.00025,507.1024123,0.677996626,-0.288457475,0.67610122
0.00035,0.0002,0.0003,520.8081307,0.824327451,0.070307512,0.561730458
0.00035,0.0002,0.00035,527.6826395,0.898855099,-0.176031654,0.40133822
0.00035,0.0002,0.0004,534.8518376,0.939724672,-0.128355367,0.316926553
0.00035,0.0002,0.00045,537.6035972,0.709811333,-0.111844683,0.695455705
0.00035,0.0002,0.0005,543.5474345,-0.168891672,-0.951775607,0.256122621
0.00035,0.0002,0.00055,549.4912718,-0.338047647,-0.937264894,0.085195704
0.00035,0.0002,0.0006,549.1654661,-0.28746356,-0.957787287,-0.002865989
0.00035,0.0002,0.00065,549.2581665,-0.216307255,-0.976165298,-0.017677168
0.00035,0.0002,0.0007,547.4488157,0.010845224,-0.976817856,-0.213797234
0.00035,0.0002,0.00075,522.4925433,-0.148892244,-0.920564496,-0.361098475
0.00035,0.0002,0.0008,499.5429222,-0.170816455,-0.944644943,-0.280120815
0.00035,0.0002,0.00085,486.2944981,-0.140716026,-0.982846501,-0.119213069
0.00035,0.0002,0.0009,482.2298179,-0.06278942,-0.996332119,-0.058136022
0.00035,0.0002,0.00095,477.2731328,-0.033254788,-0.993221118,0.111381911
0.00035,0.00025,5.00E-05,483.4518797,0.390493062,-0.348145404,0.852238198
0.00035,0.00025,0.0001,476.4926837,0.746876338,-0.623007475,-0.232459507
0.00035,0.00025,0.00015,471.5573893,0.816628757,-0.57196287,0.077304266
0.00035,0.00025,0.0002,480.3430005,0.677977433,-0.533512401,0.505678868
0.00035,0.00025,0.00025,495.8240546,0.456796706,-0.113351383,0.882319802
0.00035,0.00025,0.0003,522.4514027,0.44924272,0.227706453,0.863904364
0.00035,0.00025,0.00035,524.3344486,0.894014689,0.0633031,0.443543067
0.00035,0.00025,0.0004,531.4979777,0.87568524,-0.150515945,0.458824924
0.00035,0.00025,0.00045,535.8353774,0.688703304,-0.046357593,-0.723559765
0.00035,0.00025,0.0005,499.0099617,0.668843004,-0.664533607,-0.333232833
0.00035,0.00025,0.00055,503.6848952,0.178625342,-0.983266643,-0.035772833
0.00035,0.00025,0.0006,495.0884806,0.171066191,-0.975863747,-0.13574353
0.00035,0.00025,0.00065,486.3491228,0.158706606,-0.971426419,-0.176473585
0.00035,0.00025,0.0007,466.4858082,-0.044944491,-0.986195006,-0.159371903
0.00035,0.00025,0.00075,459.01237,0.296559442,-0.926031579,-0.233490927
0.00035,0.00025,0.0008,436.2338544,-0.000864956,-0.931982089,-0.362503292
0.00035,0.00025,0.00085,403.5502491,-0.151917734,-0.953835805,-0.259071918
0.00035,0.00025,0.0009,392.7633487,-0.027633953,-0.998435451,-0.048610852
0.00035,0.00025,0.00095,395.3397518,0.071133289,-0.806946071,0.586325927
0.00035,0.0003,5.00E-05,465.7369072,0.323835606,-0.3310838,0.886292287
0.00035,0.0003,0.0001,460.7896767,0.761007896,-0.625829879,-0.170891616
0.00035,0.0003,0.00015,457.2186199,0.807016838,-0.581676779,0.101862396
0.00035,0.0003,0.0002,466.0140249,0.48994535,-0.575057309,0.655181384
0.00035,0.0003,0.00025,501.6927574,0.104021756,-0.284731521,0.952946712
0.00035,0.0003,0.0003,528.3228522,0.271789391,-0.36090079,0.892121711
0.00035,0.0003,0.00035,528.9737796,0.435207649,-0.890430426,0.133146384
0.00035,0.0003,0.0004,531.0789973,0.612657572,-0.764026448,0.2022728
0.00035,0.0003,0.00045,535.5221296,0.234181785,-0.718700743,-0.654696979
0.00035,0.0003,0.0005,479.4328761,0.429688335,-0.567507835,-0.702355175
0.00035,0.0003,0.00055,441.7038481,0.159741786,-0.910403984,-0.381637456
0.00035,0.0003,0.0006,424.5381504,0.203631964,-0.931617256,-0.301037061
0.00035,0.0003,0.00065,391.8102881,-0.02063236,-0.969967379,-0.24235839
0.00035,0.0003,0.0007,378.2887033,-0.058725682,-0.996441857,0.060455932
0.00035,0.0003,0.00075,402.5124442,0.150181216,-0.981556231,-0.118291874
0.00035,0.0003,0.0008,356.9519323,0.001370785,-0.910015545,-0.414571862
0.00035,0.0003,0.00085,326.2473379,-0.119982436,-0.948044077,-0.294646641
0.00035,0.0003,0.0009,313.5915163,0.13381785,-0.96721168,0.215857245
0.00035,0.0003,0.00095,352.4607198,0.099959328,-0.581684866,0.807248939
0.00035,0.00035,5.00E-05,442.9844592,0.133739677,-0.291884927,0.947056961
0.00035,0.00035,0.0001,445.2974804,0.616495463,-0.787055073,-0.021855346
0.00035,0.00035,0.00015,441.7241814,0.682610776,-0.727108608,-0.073181968
0.00035,0.00035,0.0002,441.3077372,0.237647442,-0.786403716,0.570169175
0.00035,0.00035,0.00025,477.2067626,-0.136669226,-0.577588339,0.804806333
0.00035,0.00035,0.0003,511.4150807,0.085264999,-0.896293498,0.435187138
0.00035,0.00035,0.00035,505.9024388,0.331431012,-0.941098593,-0.066984494
0.00035,0.00035,0.0004,506.7634974,0.206329186,-0.94290397,-0.261458163
0.00035,0.00035,0.00045,479.1402851,0.104364865,-0.881869821,-0.459797339
0.00035,0.00035,0.0005,423.2041419,0.236683955,-0.800519856,-0.550589381
0.00035,0.00035,0.00055,372.7324004,0.015529079,-0.847337978,-0.5308269
0.00035,0.00035,0.0006,340.6832344,0.020006805,-0.900482153,-0.434432526
0.00035,0.00035,0.00065,301.2494651,0.063299981,-0.949515821,-0.307266689
0.00035,0.00035,0.0007,290.0915983,-0.076312081,-0.992146542,-0.09910452
0.00035,0.00035,0.00075,281.9652081,-0.092956975,-0.986680403,-0.133494507
0.00035,0.00035,0.0008,268.8263706,-0.374398252,-0.846295881,-0.378958085
0.00035,0.00035,0.00085,264.0353868,-0.012444536,-0.998866901,0.045935246
0.00035,0.00035,0.0009,275.3066046,0.095181501,-0.976492399,0.193398752
0.00035,0.00035,0.00095,285.7073111,0.121390909,-0.612004374,0.781482497
0.00035,0.0004,5.00E-05,416.5508848,0.092931612,-0.260448871,0.961004735
0.00035,0.0004,0.0001,415.404533,0.598635187,-0.800889372,0.014564591
0.00035,0.0004,0.00015,417.5780266,0.639313698,-0.768577087,0.023817146
0.00035,0.0004,0.0002,417.0748066,0.304151423,-0.789040868,0.53376626
0.00035,0.0004,0.00025,451.3785608,-0.141736153,-0.785604048,0.602276633
0.00035,0.0004,0.0003,469.2224199,0.042177652,-0.988758216,0.14345116
0.00035,0.0004,0.00035,463.621364,0.314876507,-0.908150935,-0.275888862
0.00035,0.0004,0.0004,434.5658852,0.287933282,-0.855931708,-0.429505921
0.00035,0.0004,0.00045,375.2591884,0.160929895,-0.867480756,-0.470721474
0.00035,0.0004,0.0005,324.7229825,0.014291094,-0.926905052,-0.375023717
0.00035,0.0004,0.00055,309.9789884,0.102932531,-0.923620819,-0.369228219
0.00035,0.0004,0.0006,276.3698996,0.117725903,-0.857371847,-0.50105302
0.00035,0.0004,0.00065,235.4719652,0.305504929,-0.766996251,-0.564254808
0.00035,0.0004,0.0007,185.2318283,-0.983596739,0.162582175,0.07813124
0.00035,0.0004,0.00075,245.337562,-0.660248389,0.533014467,0.529119687
0.00035,0.0004,0.0008,316.910739,-0.646485661,0.717399823,-0.259603125
0.00035,0.0004,0.00085,185.3339459,-0.05824254,0.425697331,-0.902989252
0.00035,0.0004,0.0009,204.167494,-0.127047747,-0.968307301,0.215034513
0.00035,0.0004,0.00095,221.1467353,0.001827341,-0.527081319,0.849812888
0.00035,0.00045,5.00E-05,390.337243,0.125427134,-0.216166219,0.968266595
0.00035,0.00045,0.0001,388.8161872,0.45347066,-0.890263805,-0.042364107
0.00035,0.00045,0.00015,387.8246068,0.940681761,0.33462793,0.056053299
0.00035,0.00045,0.0002,391.3420409,0.874887154,0.059703909,0.480632824
0.00035,0.00045,0.00025,409.1859,0.203996231,-0.364352632,0.908643328
0.00035,0.00045,0.0003,427.0297592,0.217934638,-0.882716714,-0.416312018
0.00035,0.00045,0.00035,391.8225728,0.291149207,-0.726462505,-0.622482424
0.00035,0.00045,0.0004,330.6728218,0.335432189,-0.737212014,-0.586518281
0.00035,0.00045,0.00045,276.7135647,0.098779576,-0.931095275,-0.351146956
0.00035,0.00045,0.0005,261.8582205,0.110555099,-0.973460491,-0.200380246
0.00035,0.00045,0.00055,251.7776312,0.075247141,-0.919098567,-0.386776024
0.00035,0.00045,0.0006,213.1912893,0.126453949,-0.857137215,-0.499324737
0.00035,0.00045,0.00065,177.3647272,0.428256187,-0.683647385,0.590950837
0.00035,0.00045,0.0007,310.620777,-0.602465192,0.37859003,0.702641645
0.00035,0.00045,0.00075,414.6133899,-0.738258461,0.621619646,0.261846253
0.00035,0.00045,0.0008,434.6432633,-0.220527232,0.858121026,-0.463676661
0.00035,0.00045,0.00085,317.1860731,0.55601309,0.519127216,-0.649119694
0.00035,0.00045,0.0009,114.0404669,-0.333573968,-0.285376228,-0.898492524
0.00035,0.00045,0.00095,153.980293,0.043496034,0.427525951,0.902956066
0.00035,0.0005,5.00E-05,364.1236013,0.633880894,-0.746896949,0.200848101
0.00035,0.0005,0.0001,362.6025455,0.78846333,0.312969133,0.529505334
0.00035,0.0005,0.00015,432.6569106,0.64616717,0.692329323,0.321166773
0.00035,0.0005,0.0002,419.7282931,-0.258169901,0.965837083,0.02251734
0.00035,0.0005,0.00025,437.0683098,-0.381056849,0.922400075,0.063037914
0.00035,0.0005,0.0003,432.4065259,-0.534209981,0.715253459,-0.450590929
0.00035,0.0005,0.00035,351.1688684,-0.510612137,-0.106261194,-0.853219669
0.00035,0.0005,0.0004,289.8819999,-0.345855943,-0.41429621,-0.841868349
0.00035,0.0005,0.00045,192.7915663,0.031805459,-0.868281185,-0.495051711
0.00035,0.0005,0.0005,203.5825679,0.203425356,-0.979044381,0.009498644
0.00035,0.0005,0.00055,194.3314198,0.038626491,-0.913910356,-0.404074073
0.00035,0.0005,0.0006,148.6332494,0.188370587,-0.854022015,-0.484935995
0.00035,0.0005,0.00065,122.7596881,0.418172655,-0.502564054,0.756677608
0.00035,0.0005,0.0007,313.0636741,-0.39103565,0.027982833,0.919950043
0.00035,0.0005,0.00075,539.7653531,-0.735685416,0.492341409,0.465152562
0.00035,0.0005,0.0008,497.2183458,0.753628,0.538689492,-0.376641035
0.00035,0.0005,0.00085,441.732941,0.783343551,0.364371428,-0.503593431
0.00035,0.0005,0.0009,152.3306132,0.653120779,0.726339826,-0.214158131
0.00035,0.0005,0.00095,351.9659926,0.426182931,0.804564096,0.413575538
0.00035,0.00055,5.00E-05,350.7829287,0.584596181,0.277431669,-0.762416536
0.00035,0.00055,0.0001,429.3234475,0.669774124,0.492442009,0.55579087
0.00035,0.00055,0.00015,510.9688218,0.459386152,0.662252481,0.591934131
0.00035,0.00055,0.0002,580.5603488,-0.507223294,0.816735921,0.275076289
0.00035,0.00055,0.00025,594.6997,-0.60450988,0.794952601,-0.051168023
0.00035,0.00055,0.0003,563.3837528,-0.581540132,0.622267782,-0.524017064
0.00035,0.00055,0.00035,374.0723651,-0.423170266,0.517824019,-0.743495266
0.00035,0.00055,0.0004,252.7329442,-0.476989854,-0.257883065,-0.840224377
0.00035,0.00055,0.00045,125.3512496,-0.162170057,-0.619817156,-0.767806984
0.00035,0.00055,0.0005,103.1424191,0.228223722,-0.973548954,0.010787326
0.00035,0.00055,0.00055,127.4965783,0.557464827,-0.809194236,-0.185573853
0.00035,0.00055,0.0006,87.14613044,0.75225142,0.252186284,-0.608703441
0.00035,0.00055,0.00065,68.15464894,0.255236123,0.411710783,0.87484213
0.00035,0.00055,0.0007,323.3051615,-0.086729557,0.253918078,0.963329432
0.00035,0.00055,0.00075,609.5321712,-0.717681085,0.135761361,0.683010039
0.00035,0.00055,0.0008,574.8537699,0.830049932,0.506341536,-0.233742078
0.00035,0.00055,0.00085,566.7271272,0.886838009,0.358684494,-0.291313885
0.00035,0.00055,0.0009,418.4945132,0.549203537,0.83568738,-0.001441163
0.00035,0.00055,0.00095,565.9994249,0.060765207,0.955105382,-0.289967756
0.00035,0.0006,5.00E-05,413.8578906,0.536060575,0.136979842,-0.832991946
0.00035,0.0006,0.0001,504.5305032,0.593080715,0.502994378,0.628690641
0.00035,0.0006,0.00015,601.8598809,0.439741799,0.667202916,0.601221605
0.00035,0.0006,0.0002,668.3357478,-0.604402463,0.688731977,0.400432176
0.00035,0.0006,0.00025,703.9259827,-0.730382306,0.677831935,0.084175741
0.00035,0.0006,0.0003,694.4004415,-0.746033088,0.588111389,-0.312345362
0.00035,0.0006,0.00035,567.5286189,-0.5911495,0.43268687,-0.680679323
0.00035,0.0006,0.0004,213.5441009,-0.076222375,0.194334555,-0.977969442
0.00035,0.0006,0.00045,72.03364695,0.00976421,0.486908379,-0.873398472
0.00035,0.0006,0.0005,9.968080941,0.008397006,0.910722248,0.412933987
0.00035,0.0006,0.00055,124.5796504,0.557475373,0.683491094,0.471233628
0.00035,0.0006,0.0006,173.2186544,0.470988124,0.841671952,0.264118368
0.00035,0.0006,0.00065,233.8988484,0.41311618,0.743816098,0.525426145
0.00035,0.0006,0.0007,455.7620444,-0.182054814,0.554527274,0.81200711
0.00035,0.0006,0.00075,589.7654695,-0.765552469,-0.182791243,0.616860421
0.00035,0.0006,0.0008,589.9443621,-0.141235938,-0.15714453,0.977424169
0.00035,0.0006,0.00085,634.2525698,0.994939779,-0.020499325,-0.098359614
0.00035,0.0006,0.0009,574.3035092,0.25340105,0.893202518,-0.371452783
0.00035,0.0006,0.00095,574.9966481,-0.026260721,-0.101208127,-0.994518622
0.00035,0.00065,5.00E-05,362.3706054,-0.893049023,0.294079825,0.340559098
0.00035,0.00065,0.0001,579.7375589,0.215720811,0.490776527,0.84415812
0.00035,0.00065,0.00015,692.75094,0.453419038,0.55006917,0.701309549
0.00035,0.00065,0.0002,756.1111469,-0.272646985,0.654776455,0.704933625
0.00035,0.00065,0.00025,804.5877448,-0.860660795,0.391270741,0.325837693
0.00035,0.00065,0.0003,820.2047367,-0.904203655,0.235114517,-0.356562636
0.00035,0.00065,0.00035,679.7379233,-0.66291579,0.128573942,-0.737571282
0.00035,0.00065,0.0004,351.1938887,-0.137981833,0.583928941,-0.799992503
0.00035,0.00065,0.00045,238.842254,0.053301903,0.947885349,-0.314121428
0.00035,0.00065,0.0005,219.0321638,0.091496959,0.956114309,0.27834104
0.00035,0.00065,0.00055,364.2800046,0.26748431,0.87503362,0.403445545
0.00035,0.00065,0.0006,435.516081,0.373278451,0.901571232,0.218706452
0.00035,0.00065,0.00065,468.1353573,0.511633894,0.803936117,0.303178953
0.00035,0.00065,0.0007,566.3298159,0.250327409,0.696920924,0.672039742
0.00035,0.00065,0.00075,569.7705788,0.250474829,-0.967780272,0.025762484
0.00035,0.00065,0.0008,567.7013946,0.067248481,-0.991710944,-0.109485366
0.00035,0.00065,0.00085,563.4673855,-0.060299315,-0.995882051,-0.067697371
0.00035,0.00065,0.0009,560.9824442,-0.25362281,-0.892244583,-0.373597476
0.00035,0.00065,0.00095,549.671525,-0.031606043,-0.109713489,-0.993460623
0.00035,0.0007,5.00E-05,439.8205327,-0.615378276,0.662014459,0.427839262
0.00035,0.0007,0.0001,696.6069749,-0.052230022,0.159499542,0.985815358
0.00035,0.0007,0.00015,740.1977565,0.751036417,-0.21659162,0.623724595
0.00035,0.0007,0.0002,772.2151827,-0.919292805,-0.231260353,0.318464109
0.00035,0.0007,0.00025,780.8905172,-0.943035158,-0.332107107,0.019737299
0.00035,0.0007,0.0003,776.7254035,-0.807938799,-0.332681798,-0.486371996
0.00035,0.0007,0.00035,649.2869184,-0.483924199,0.116052626,-0.86738063
0.00035,0.0007,0.0004,535.3617935,-0.03969978,0.877927316,-0.477145214
0.00035,0.0007,0.00045,470.8417244,0.065170094,0.972155445,-0.225092534
0.00035,0.0007,0.0005,440.8525392,-0.011614685,0.954728383,0.297252103
0.00035,0.0007,0.00055,594.111928,0.325081897,0.782107344,0.531629441
0.00035,0.0007,0.0006,601.3404468,0.332130471,0.93983136,-0.080039765
0.00035,0.0007,0.00065,580.7761132,0.376440443,0.874606622,-0.305541893
0.00035,0.0007,0.0007,561.1601452,0.505861346,-0.103739807,-0.856354104
0.00035,0.0007,0.00075,538.2414464,0.548792805,-0.612150147,-0.569296631
0.00035,0.0007,0.0008,532.8504693,0.375892384,-0.925265718,-0.050875009
0.00035,0.0007,0.00085,535.4114773,0.107644994,-0.986547397,0.123031654
0.00035,0.0007,0.0009,541.3555302,0.363994793,-0.903816124,0.224998232
0.00035,0.0007,0.00095,553.0628168,0.420292048,-0.268313508,-0.866811661
0.00035,0.00075,5.00E-05,584.4827782,-0.453274491,0.649208704,0.610794805
0.00035,0.00075,0.0001,628.3369536,0.671141885,-0.514466891,0.533753115
0.00035,0.00075,0.00015,666.4955953,0.750582559,-0.314510847,0.581127137
0.00035,0.00075,0.0002,726.5611224,-0.746813116,-0.41435756,0.520171109
0.00035,0.00075,0.00025,728.6970988,-0.117642622,-0.991361267,0.057991819
0.00035,0.00075,0.0003,730.186968,0.579362838,-0.768675854,-0.271064816
0.00035,0.00075,0.00035,712.0315668,0.458124253,0.661535823,-0.593710809
0.00035,0.00075,0.0004,679.525612,0.220151392,0.87891821,-0.423126629
0.00035,0.00075,0.00045,647.0196572,0.177367925,0.916178289,-0.359385534
0.00035,0.00075,0.0005,614.9572421,0.200251347,0.940416146,-0.274803329
0.00035,0.00075,0.00055,600.3819989,0.886791821,-0.294179615,-0.356452831
0.00035,0.00075,0.0006,592.1059582,0.84190184,-0.47548369,-0.255179452
0.00035,0.00075,0.00065,583.1505439,0.843917132,-0.243498952,-0.478029428
0.00035,0.00075,0.0007,561.1771132,0.445031976,-0.138780225,-0.884695761
0.00035,0.00075,0.00075,539.3299064,0.379312512,0.072429145,-0.922429421
0.00035,0.00075,0.0008,516.2326388,0.435017364,-0.226032835,-0.871589955
0.00035,0.00075,0.00085,495.2683046,0.550371787,-0.674164417,-0.492537548
0.00035,0.00075,0.0009,490.0771525,0.349947365,-0.796512733,0.49305609
0.00035,0.00075,0.00095,518.2423085,0.304354693,-0.079402081,0.949243662
0.00035,0.0008,5.00E-05,556.8392128,0.34788788,-0.624100299,0.699623355
0.00035,0.0008,0.0001,617.5575458,0.473617877,0.298924338,0.82845057
0.00035,0.0008,0.00015,687.0380182,0.517732309,0.440204705,0.733602804
0.00035,0.0008,0.0002,722.6667499,0.850216896,0.228547957,0.47423313
0.00035,0.0008,0.00025,718.9072418,0.991669903,0.081182914,0.100000691
0.00035,0.0008,0.0003,729.4658873,0.97826317,0.032796867,-0.204757261
0.00035,0.0008,0.00035,705.7357843,0.609655966,-0.107467988,-0.785347206
0.00035,0.0008,0.0004,670.4044672,0.522073965,-0.131609764,-0.842684784
0.00035,0.0008,0.00045,635.4452852,0.528698189,-0.18642921,-0.828083556
0.00035,0.0008,0.0005,600.4532508,0.585452997,-0.266626745,-0.765607581
0.00035,0.0008,0.00055,575.2528215,0.729380615,-0.552076282,-0.403999626
0.00035,0.0008,0.0006,569.2325488,0.830180435,-0.544955477,-0.117575391
0.00035,0.0008,0.00065,565.0215573,0.792069265,-0.585460224,-0.172808001
0.00035,0.0008,0.0007,554.2861008,0.54275749,-0.606775369,-0.580721929
0.00035,0.0008,0.00075,541.7704859,0.30691691,0.075603699,-0.948728671
0.00035,0.0008,0.0008,521.4238016,0.267703754,0.212375388,-0.939803913
0.00035,0.0008,0.00085,499.6109617,0.396395469,0.550913028,-0.734415051
0.00035,0.0008,0.0009,504.2419299,-0.045810657,0.342229954,0.938498824
0.00035,0.0008,0.00095,545.1660002,0.285357576,0.537644865,0.793416066
0.00035,0.00085,5.00E-05,519.905767,0.017913676,-0.389482938,0.920859458
0.00035,0.00085,0.0001,675.3157271,0.209629153,0.41451707,0.885568302
0.00035,0.00085,0.00015,729.567282,0.522048463,0.569645893,0.634798361
0.00035,0.00085,0.0002,741.9199101,0.732914989,0.676183643,0.074908612
0.00035,0.00085,0.00025,734.2167985,0.899126362,0.423952424,-0.108793973
0.00035,0.00085,0.0003,732.296698,0.921943006,-0.012763158,-0.387115223
0.00035,0.00085,0.00035,703.9495211,0.629953693,-0.062929952,-0.774078914
0.00035,0.00085,0.0004,668.547704,0.59513625,-0.052367531,-0.801916758
0.00035,0.00085,0.00045,631.2713068,0.580369751,-0.076809877,-0.810722637
0.00035,0.00085,0.0005,593.9949096,0.613908513,-0.099519338,-0.783078692
0.00035,0.00085,0.00055,557.7180755,0.741647081,-0.267297767,-0.615232892
0.00035,0.00085,0.0006,544.6846109,0.810987366,-0.512937984,-0.281414493
0.00035,0.00085,0.00065,532.5131269,0.575035037,-0.80887936,-0.122673908
0.00035,0.00085,0.0007,536.8829085,0.230600171,-0.943014995,0.239888058
0.00035,0.00085,0.00075,541.9486861,0.222423859,-0.865272409,-0.449256369
0.00035,0.00085,0.0008,525.7597808,0.002667536,-0.029096905,-0.999573036
0.00035,0.00085,0.00085,508.1570886,-0.234726545,0.421831252,-0.875763578
0.00035,0.00085,0.0009,506.6891059,-0.119881456,-0.036840848,0.992104424
0.00035,0.00085,0.00095,553.8839602,0.205276437,0.509896066,0.835384693
0.00035,0.0009,5.00E-05,505.4789309,-0.19218885,-0.364116405,0.91130823
0.00035,0.0009,0.0001,715.6959692,0.209414859,-0.000975066,0.977826399
0.00035,0.0009,0.00015,746.8062874,0.077830337,-0.658222899,0.748789058
0.00035,0.0009,0.0002,764.6369173,0.212435444,-0.966508414,0.143988432
0.00035,0.0009,0.00025,756.4073347,0.681111576,-0.570404227,-0.459049059
0.00035,0.0009,0.0003,728.4679776,0.616074758,-0.4242414,-0.663679989
0.00035,0.0009,0.00035,700.5532105,0.634602394,-0.075688652,-0.769123546
0.00035,0.0009,0.0004,665.6583653,0.595456059,0.02577095,-0.802974433
0.00035,0.0009,0.00045,628.3819682,0.584778243,0.141901686,-0.798685368
0.00035,0.0009,0.0005,591.105571,0.625054992,0.207596021,-0.752469368
0.00035,0.0009,0.00055,553.8291738,0.677463413,0.271136155,-0.683760564
0.00035,0.0009,0.0006,523.2911497,0.611149406,0.06309719,-0.788996292
0.00035,0.0009,0.00065,513.5791916,0.140377964,-0.957400061,-0.252347283
0.00035,0.0009,0.0007,517.1943261,-0.058139589,-0.98943866,0.132781496
0.00035,0.0009,0.00075,520.347227,-0.142761725,-0.988000423,0.058942796
0.00035,0.0009,0.0008,520.4401507,-0.26112025,-0.921888614,-0.286247443
0.00035,0.0009,0.00085,508.7967818,-0.655840095,-0.501652694,-0.56410845
0.00035,0.0009,0.0009,502.5439063,-0.171308081,0.431136474,0.885875207
0.00035,0.0009,0.00095,553.2330902,0.641331586,0.738960774,0.206472204
0.00035,0.00095,5.00E-05,454.9931528,-0.723600328,0.136075274,0.676672805
0.00035,0.00095,0.0001,675.075081,0.548549048,-0.556418811,0.624092981
0.00035,0.00095,0.00015,686.5457496,0.477040572,-0.878840131,0.008503894
0.00035,0.00095,0.0002,677.4738092,0.308783477,-0.951083856,0.009605371
0.00035,0.00095,0.00025,689.2740724,0.262037943,-0.962142911,0.074947548
0.00035,0.00095,0.0003,696.5932984,0.298878092,-0.953498692,0.038886131
0.00035,0.00095,0.00035,697.7684922,0.221807518,-0.9645446,-0.143021468
0.00035,0.00095,0.0004,670.8639938,0.25430146,-0.893297923,-0.370607053
0.00035,0.00095,0.00045,644.5170324,0.256866771,-0.777699161,-0.573762562
0.00035,0.00095,0.0005,614.5630073,0.218752618,-0.155119832,-0.963371751
0.00035,0.00095,0.00055,584.6089821,0.042910228,0.643319345,-0.764394488
0.00035,0.00095,0.0006,547.903461,-0.037307539,0.812615795,-0.581604434
0.00035,0.00095,0.00065,509.3819118,-0.057493548,0.909222112,-0.412322256
0.00035,0.00095,0.0007,486.4500089,-0.062421854,0.988058595,-0.140867756
0.00035,0.00095,0.00075,487.5421034,-0.080315548,0.996666159,0.014352038
0.00035,0.00095,0.0008,488.560413,-0.059602732,0.997631556,0.034333543
0.00035,0.00095,0.00085,492.2422424,0.022637952,0.967866795,0.250442391
0.00035,0.00095,0.0009,528.3153047,0.014060394,0.917760924,0.396884356
0.00035,0.00095,0.00095,564.3883671,-0.149008402,0.843146824,-0.516623586
0.0004,5.00E-05,5.00E-05,519.3132922,0.008269682,0.553632548,-0.83272001
0.0004,5.00E-05,0.0001,520.2793812,0.099582551,-0.994460123,-0.033650858
0.0004,5.00E-05,0.00015,511.5216998,0.11252432,-0.993077882,-0.033683801
0.0004,5.00E-05,0.0002,511.3148151,0.128160318,-0.991075889,0.036653988
0.0004,5.00E-05,0.00025,520.3623761,0.093171691,-0.990610067,0.100053645
0.0004,5.00E-05,0.0003,532.2360155,0.130874369,-0.984230485,0.11900526
0.0004,5.00E-05,0.00035,542.8652258,0.179279458,-0.975655829,0.126311438
0.0004,5.00E-05,0.0004,555.0520433,0.25537971,-0.948462009,0.187619351
0.0004,5.00E-05,0.00045,569.8731217,0.329572528,-0.925674657,0.185764308
0.0004,5.00E-05,0.0005,575.7795729,0.157016062,-0.883115234,0.442101164
0.0004,5.00E-05,0.00055,602.1027275,-0.441452526,0.132450225,0.887455129
0.0004,5.00E-05,0.0006,599.5032095,-0.226325806,0.924939869,0.305389698
0.0004,5.00E-05,0.00065,618.0142021,-0.278407311,0.897725439,0.341435801
0.0004,5.00E-05,0.0007,638.7540661,-0.428086074,0.846269714,0.317127552
0.0004,5.00E-05,0.00075,662.1960049,-0.250224384,0.95083818,0.182467843
0.0004,5.00E-05,0.0008,665.2275229,-0.003057571,0.999912054,0.012904837
0.0004,5.00E-05,0.00085,663.8915789,-0.094385233,0.994259062,-0.050401844
0.0004,5.00E-05,0.0009,660.0885371,-0.251615912,0.967339872,-0.030708391
0.0004,5.00E-05,0.00095,661.9754277,-0.136885182,0.332358919,-0.93316665
0.0004,0.0001,5.00E-05,519.5772314,0.256850277,-0.07113603,-0.963829653
0.0004,0.0001,0.0001,515.4727048,0.899870777,-0.156961009,-0.406934672
0.0004,0.0001,0.00015,506.912894,0.980134231,-0.127971586,-0.151526108
0.0004,0.0001,0.0002,509.6808245,0.890977196,-0.002940371,0.454038534
0.0004,0.0001,0.00025,521.9000517,0.744047966,0.08248926,0.663014439
0.0004,0.0001,0.0003,534.3992204,0.773245856,0.095215826,0.626916895
0.0004,0.0001,0.00035,546.2672669,0.839453057,0.096157907,0.534857198
0.0004,0.0001,0.0004,556.8485144,0.97272485,-0.160277213,0.167682981
0.0004,0.0001,0.00045,552.4040472,0.834661536,-0.544122259,-0.085270676
0.0004,0.0001,0.0005,553.3536653,0.22169655,-0.768712504,0.599943103
0.0004,0.0001,0.00055,582.7527647,-0.214462707,-0.7520166,0.623279055
0.0004,0.0001,0.0006,588.8819289,-0.560048332,-0.555117309,0.614972064
0.0004,0.0001,0.00065,610.1939723,-0.744993295,-0.647058857,0.162172214
0.0004,0.0001,0.0007,599.5874268,-0.620175561,-0.778394748,0.097385266
0.0004,0.0001,0.00075,620.2378095,-0.478934965,-0.866986021,0.137682744
0.0004,0.0001,0.0008,615.0992753,-0.216937739,-0.960801877,-0.172620305
0.0004,0.0001,0.00085,599.8155514,-0.063288534,-0.984451202,-0.163860896
0.0004,0.0001,0.0009,594.8740451,-0.161093973,-0.986545942,-0.027853844
0.0004,0.0001,0.00095,596.4441195,-0.152289942,-0.845915787,-0.511110805
0.0004,0.00015,5.00E-05,513.337148,0.627350218,-0.355790225,-0.692708466
0.0004,0.00015,0.0001,515.39455,0.964207408,-0.160861702,-0.210778528
0.0004,0.00015,0.00015,506.6301592,0.990173618,-0.077729607,-0.11625108
0.0004,0.00015,0.0002,511.2177577,0.89091035,0.009756742,0.454074392
0.0004,0.00015,0.00025,523.4377272,0.777010853,0.046920356,0.627736102
0.0004,0.00015,0.0003,535.936896,0.785280398,-0.072561204,0.614873619
0.0004,0.00015,0.00035,546.9012136,0.877660027,-0.217678816,0.426999777
0.0004,0.00015,0.0004,549.1862957,0.944459016,-0.327954217,0.021052299
0.0004,0.00015,0.00045,547.5720767,0.897834168,-0.149630271,-0.414131125
0.0004,0.00015,0.0005,536.8934877,0.404180591,-0.740832605,0.536474698
0.0004,0.00015,0.00055,559.2361434,-0.220889062,-0.704818865,0.674120456
0.0004,0.00015,0.0006,574.7328334,-0.275834095,-0.907435033,0.316981409
0.0004,0.00015,0.00065,575.2998118,-0.344937501,-0.909983337,-0.230105297
0.0004,0.00015,0.0007,558.4742617,-0.476296748,-0.858510129,-0.190004648
0.0004,0.00015,0.00075,564.5181447,-0.465549234,-0.883142134,-0.057653124
0.0004,0.00015,0.0008,551.5575585,-0.202999927,-0.964333204,-0.169860244
0.0004,0.00015,0.00085,542.3814893,-0.098681222,-0.991281263,-0.087312503
0.0004,0.00015,0.0009,540.6769251,-0.154282509,-0.987178147,-0.040941585
0.0004,0.00015,0.00095,537.3551639,-0.091902801,-0.972902817,-0.212164993
0.0004,0.0002,5.00E-05,508.2977796,0.426073297,-0.166049717,0.889319424
0.0004,0.0002,0.0001,510.3540732,0.8594627,-0.493724833,-0.132512854
0.0004,0.0002,0.00015,504.1201421,0.968542744,-0.24870643,-0.008370496
0.0004,0.0002,0.0002,510.0419704,0.868751013,-0.094241454,0.48619978
0.0004,0.0002,0.00025,523.7476924,0.785732263,-0.035373441,0.617554476
0.0004,0.0002,0.0003,531.6302956,0.719209047,-0.456415197,0.523854478
0.0004,0.0002,0.00035,539.5128989,0.668939777,-0.601949489,0.436092179
0.0004,0.0002,0.0004,546.3977611,0.864208944,-0.394303941,0.312517685
0.0004,0.0002,0.00045,547.9625163,0.91386251,0.136775078,-0.382292939
0.0004,0.0002,0.0005,537.2464361,0.324100754,0.863520867,-0.386381177
0.0004,0.0002,0.00055,543.1902734,-0.324469596,-0.934645115,0.145457867
0.0004,0.0002,0.0006,542.8958393,-0.148401451,-0.988043175,0.041805417
0.0004,0.0002,0.00065,545.8971937,-0.075594022,-0.988946837,0.127552725
0.0004,0.0002,0.0007,550.8719322,0.021174127,-0.945345523,-0.325382081
0.0004,0.0002,0.00075,514.2863603,-0.050513568,-0.731144539,-0.680349941
0.0004,0.0002,0.0008,489.4247127,-0.157075322,-0.932901225,-0.324071979
0.0004,0.0002,0.00085,476.2849269,-0.132529102,-0.985683356,-0.104232233
0.0004,0.0002,0.0009,473.679945,-0.062938112,-0.99739599,-0.035214097
0.0004,0.0002,0.00095,471.0749631,0.027873911,-0.969073743,0.245192016
0.0004,0.00025,5.00E-05,506.0031295,0.302104077,-0.166793064,0.938569763
0.0004,0.00025,0.0001,499.8292421,0.843238152,-0.507238119,-0.177929507
0.0004,0.00025,0.00015,497.3568772,0.911055848,-0.381518825,0.15627101
0.0004,0.00025,0.0002,507.4132951,0.820580961,-0.286291204,0.494655671
0.0004,0.00025,0.00025,522.2011507,0.79565938,-0.47473392,0.376236437
0.0004,0.00025,0.0003,522.2012497,0.72490594,-0.636885803,0.262464954
0.0004,0.00025,0.00035,526.5172931,0.581919996,-0.576806506,0.5732917
0.0004,0.00025,0.0004,538.5254032,0.549354387,-0.307225373,0.777060054
0.0004,0.00025,0.00045,550.8461973,0.666535486,-0.58001922,0.468303481
0.0004,0.00025,0.0005,547.5589434,0.758403593,-0.348687858,-0.550673014
0.0004,0.00025,0.00055,522.935686,0.155760748,-0.878013677,-0.452582116
0.0004,0.00025,0.0006,510.7565761,0.141211985,-0.983673399,-0.111560835
0.0004,0.00025,0.00065,513.4592525,0.180754047,-0.943641394,-0.277252403
0.0004,0.00025,0.0007,466.6340482,0.07805066,-0.993319728,-0.08499419
0.0004,0.00025,0.00075,498.4833054,0.163742434,-0.965938436,-0.200378027
0.0004,0.00025,0.0008,442.1633928,-0.045330415,-0.76539237,-0.641965477
0.0004,0.00025,0.00085,393.4893956,-0.046909837,-0.950707252,-0.306521104
0.0004,0.00025,0.0009,393.1111092,0.295415072,-0.9541618,0.048012441
0.0004,0.00025,0.00095,400.5349075,0.331577198,-0.619082873,0.711893924
0.0004,0.0003,5.00E-05,490.6522012,0.371060404,-0.286146569,0.883421936
0.0004,0.0003,0.0001,485.7054984,0.871344939,-0.482930306,-0.086811965
0.0004,0.0003,0.00015,485.6044943,0.88224789,-0.442637152,0.160346537
0.0004,0.0003,0.0002,495.6628833,0.696708607,-0.667645112,0.262387351
0.0004,0.0003,0.00025,505.0882991,0.250046971,-0.878862242,0.406297517
0.0004,0.0003,0.0003,521.1569361,-0.264719587,-0.704035652,0.658982049
0.0004,0.0003,0.00035,523.0886633,-0.005355493,-0.896551525,0.44290708
0.0004,0.0003,0.0004,536.7788692,-0.038250572,-0.952994719,0.300562737
0.0004,0.0003,0.00045,536.7739876,-0.093689821,-0.960618064,-0.261601133
0.0004,0.0003,0.0005,519.5734139,0.265633038,-0.778840904,-0.568195332
0.0004,0.0003,0.00055,471.7933253,0.317266415,-0.847935988,-0.424672323
0.0004,0.0003,0.0006,459.3385988,0.29948182,-0.836445116,-0.458988244
0.0004,0.0003,0.00065,395.7241264,0.179634437,-0.903700513,-0.388660331
0.0004,0.0003,0.0007,375.8493362,-0.011641525,-0.999927133,0.003194335
0.0004,0.0003,0.00075,396.323593,-0.111854225,-0.992480869,-0.049702678
0.0004,0.0003,0.0008,364.2442468,0.011751509,-0.932485847,-0.3610153
0.0004,0.0003,0.00085,324.1441409,0.00496386,-0.970748637,-0.240046754
0.0004,0.0003,0.0009,333.6629371,0.403311552,-0.838823185,0.365671241
0.0004,0.0003,0.00095,372.9009038,0.248705561,-0.51801667,0.81841571
0.0004,0.00035,5.00E-05,469.4649291,0.274932095,-0.30448364,0.911977004
0.0004,0.00035,0.0001,471.7491193,0.837568095,-0.546295623,0.006385755
0.0004,0.00035,0.00015,469.8694828,0.851521742,-0.481659926,-0.207158005
0.0004,0.00035,0.0002,457.8367168,0.606519896,-0.794185989,-0.037446372
0.0004,0.00035,0.00025,467.0549599,0.10071624,-0.86795952,0.486315238
0.0004,0.00035,0.0003,502.9702279,-0.222686055,-0.890067265,0.397732554
0.0004,0.00035,0.00035,494.8947055,-0.212180663,-0.973212169,-0.08852932
0.0004,0.00035,0.0004,495.133325,-0.198654092,-0.977854291,-0.065859985
0.0004,0.00035,0.00045,487.6665354,-0.010145581,-0.964776619,-0.262874765
0.0004,0.00035,0.0005,458.4881699,0.193885959,-0.872116813,-0.449244365
0.0004,0.00035,0.00055,402.6658574,0.364896755,-0.801047431,-0.474524363
0.0004,0.00035,0.0006,372.1305639,0.326192941,-0.846483394,-0.420789768
0.0004,0.00035,0.00065,319.3327019,0.283059567,-0.732753763,-0.618828898
0.0004,0.00035,0.0007,278.9821996,-0.118019689,-0.960033792,-0.253784302
0.0004,0.00035,0.00075,266.7487264,-0.108011213,-0.989927635,-0.091525165
0.0004,0.00035,0.0008,255.7272016,-0.126700792,-0.991820775,0.015442114
0.0004,0.00035,0.00085,269.8186347,-0.014658214,-0.978907995,0.203775058
0.0004,0.00035,0.0009,281.2666474,0.118750222,-0.967244096,0.22435963
0.0004,0.00035,0.00095,301.1684672,0.15023469,-0.612820652,0.775809504
0.0004,0.0004,5.00E-05,433.7000877,0.182073608,-0.260560687,0.948133603
0.0004,0.0004,0.0001,451.0962939,0.671717227,-0.709956233,0.211561135
0.0004,0.0004,0.00015,453.2569789,0.794450561,-0.577367376,-0.188401748
0.0004,0.0004,0.0002,435.9707287,0.66870565,-0.630877534,-0.393479721
0.0004,0.0004,0.00025,424.5354857,-0.139585225,-0.93881772,0.314860689
0.0004,0.0004,0.0003,458.8556586,-0.210156297,-0.967728918,0.13905061
0.0004,0.0004,0.00035,436.9367613,-0.311728962,-0.911730254,-0.267531302
0.0004,0.0004,0.0004,429.4588146,-0.115613368,-0.963150483,-0.242847065
0.0004,0.0004,0.00045,402.2826119,0.17530108,-0.911537724,-0.371979178
0.0004,0.0004,0.0005,354.5618387,0.279453322,-0.88436298,-0.373909026
0.0004,0.0004,0.00055,326.0125314,0.285366473,-0.872314669,-0.397030344
0.0004,0.0004,0.0006,291.7011284,0.462574405,-0.854521065,-0.236259749
0.0004,0.0004,0.00065,285.4273793,0.433231802,-0.529449227,-0.729378997
0.0004,0.0004,0.0007,176.9308335,0.06735489,-0.736320656,-0.673272018
0.0004,0.0004,0.00075,144.7997082,-0.451803724,-0.891246394,-0.039411422
0.0004,0.0004,0.0008,167.0692469,-0.931430742,0.123168624,0.342441619
0.0004,0.0004,0.00085,201.4560753,0.552975186,0.818271829,0.157002095
0.0004,0.0004,0.0009,198.5096546,-0.064202208,-0.989916543,0.126266841
0.0004,0.0004,0.00095,224.2409646,0.015264088,-0.4661593,0.884569112
0.0004,0.00045,5.00E-05,407.1218371,0.143571198,-0.222410059,0.964324155
0.0004,0.00045,0.0001,406.1201615,0.955330281,-0.001427057,0.295536829
0.0004,0.00045,0.00015,423.5163677,0.897780684,0.434638707,0.071267366
0.0004,0.00045,0.0002,411.7867075,0.675482666,-0.674809418,-0.297246391
0.0004,0.00045,0.00025,398.8191387,0.184037264,-0.978783006,0.090078373
0.0004,0.00045,0.0003,416.6629978,-0.242871585,-0.968864704,-0.048110072
0.0004,0.00045,0.00035,394.7120659,-0.076398375,-0.798279534,-0.597422023
0.0004,0.00045,0.0004,357.6922539,0.202047483,-0.763212868,-0.613745006
0.0004,0.00045,0.00045,304.1309423,0.264115594,-0.883796278,-0.386195666
0.0004,0.00045,0.0005,278.0955313,0.287688267,-0.920678752,-0.263791766
0.0004,0.00045,0.00055,264.5547015,0.170693451,-0.905680425,-0.388080808
0.0004,0.00045,0.0006,225.339299,0.523538543,-0.82770072,-0.202036909
0.0004,0.00045,0.00065,236.0220442,0.441986925,-0.6483489,-0.619912302
0.0004,0.00045,0.0007,125.1854335,-0.653219822,-0.144903558,-0.743173482
0.0004,0.00045,0.00075,43.73968285,-0.925452264,0.15604658,0.345235531
0.0004,0.00045,0.0008,276.1052351,-0.340760408,0.650683291,0.678596787
0.0004,0.00045,0.00085,433.6814159,0.054953743,0.940147944,-0.336306302
0.0004,0.00045,0.0009,102.6359111,-0.067107782,0.570328608,-0.818670767
0.0004,0.00045,0.00095,177.2254014,0.12944427,0.57115174,0.810573791
0.0004,0.0005,5.00E-05,380.9081953,0.956864173,0.243562918,0.158392105
0.0004,0.0005,0.0001,451.0171297,0.666055898,0.557152361,0.495934258
0.0004,0.0005,0.00015,487.8155767,0.47527398,0.797158853,-0.372360587
0.0004,0.0005,0.0002,379.9030245,-0.033690509,-0.322336333,-0.946025495
0.0004,0.0005,0.00025,371.5501808,-0.695876874,-0.716237518,-0.052528034
0.0004,0.0005,0.0003,376.1453722,-0.617427031,-0.776777171,-0.124101119
0.0004,0.0005,0.00035,358.1396361,0.355026632,-0.723539547,-0.591985316
0.0004,0.0005,0.0004,316.8180951,0.429479621,-0.396116009,-0.811565994
0.0004,0.0005,0.00045,220.1280894,0.313665542,-0.820054823,-0.478669003
0.0004,0.0005,0.0005,216.4339336,0.256995309,-0.95948199,-0.115532346
0.0004,0.0005,0.00055,202.8931038,0.158359231,-0.935528962,-0.315765603
0.0004,0.0005,0.0006,174.8091152,0.601177182,-0.775868158,-0.191349412
0.0004,0.0005,0.00065,180.6792587,0.547181658,-0.787977223,-0.282283773
0.0004,0.0005,0.0007,139.4397241,-0.845186872,0.521710707,0.116090864
0.0004,0.0005,0.00075,213.0155108,-0.797651304,0.349713548,0.491378501
0.0004,0.0005,0.0008,540.9710618,-0.416937091,0.505470097,0.755422692
0.0004,0.0005,0.00085,686.3914675,0.016943113,0.881302761,-0.472248213
0.0004,0.0005,0.0009,377.1702442,0.182746911,0.897574917,-0.401201739
0.0004,0.0005,0.00095,438.7898046,0.294332504,0.955658648,0.009215506
0.0004,0.00055,5.00E-05,425.9240557,0.790556079,-0.101176886,-0.603973777
0.0004,0.00055,0.0001,526.2241853,0.607488689,0.562756931,0.560590875
0.0004,0.00055,0.00015,575.759222,0.386463543,0.693810045,-0.607678823
0.0004,0.00055,0.0002,372.1719597,-0.581555391,0.267926766,-0.768120157
0.0004,0.00055,0.00025,347.5822784,-0.963069025,0.218272069,-0.157655818
0.0004,0.00055,0.0003,332.7233436,-0.986342986,-0.115047283,-0.117862783
0.0004,0.00055,0.00035,322.2007551,0.830227728,-0.497736985,-0.250957791
0.0004,0.00055,0.0004,290.3304085,0.808341749,-0.077676549,-0.583566595
0.0004,0.00055,0.00045,132.1529883,0.736035474,-0.303933786,-0.604876876
0.0004,0.00055,0.0005,134.9610857,0.683804619,-0.727243907,0.059393117
0.0004,0.00055,0.00055,141.2315061,0.999143386,0.041325192,0.002173091
0.0004,0.00055,0.0006,135.2683922,0.927205015,0.374310709,-0.013503843
0.0004,0.00055,0.00065,137.2906356,0.656635447,0.584788228,0.476290477
0.0004,0.00055,0.0007,270.5040943,-0.521468858,0.597297069,0.609349194
0.0004,0.00055,0.00075,329.5091022,-0.841004095,0.278966705,0.463561958
0.0004,0.00055,0.0008,592.8515986,-0.685973485,0.052841775,0.72570526
0.0004,0.00055,0.00085,739.3641245,-0.498482215,-0.551897899,0.668523889
0.0004,0.00055,0.0009,656.5742926,0.617065098,0.590522192,-0.520109801
0.0004,0.00055,0.00095,564.8552506,-0.084519076,0.455963317,-0.885976286
0.0004,0.0006,5.00E-05,374.4367705,-0.226055266,-0.895961016,0.382299456
0.0004,0.0006,0.0001,601.431241,0.497741103,0.21269707,0.840841097
0.0004,0.0006,0.00015,663.7028672,0.240144084,0.740910845,-0.627201673
0.0004,0.0006,0.0002,459.4930601,-0.5429195,0.645378956,-0.537330829
0.0004,0.0006,0.00025,426.1661864,-0.832465092,0.500888904,-0.23688009
0.0004,0.0006,0.0003,351.3701614,-0.82939973,0.358896495,-0.428123105
0.0004,0.0006,0.00035,274.0596334,-0.465045649,0.392964778,-0.793291389
0.0004,0.0006,0.0004,291.5214884,0.931559113,0.234622545,-0.277758673
0.0004,0.0006,0.00045,142.0593314,0.789260082,0.421668373,-0.446390307
0.0004,0.0006,0.0005,105.2712754,0.799597681,0.557153266,0.224106641
0.0004,0.0006,0.00055,208.7370845,0.614084826,0.66913324,0.418521845
0.0004,0.0006,0.0006,284.0454297,0.615502682,0.743608482,0.261156798
0.0004,0.0006,0.00065,346.7213072,0.368150573,0.925048053,0.093548144
0.0004,0.0006,0.0007,327.8563624,-0.183754561,0.962954513,0.197364806
0.0004,0.0006,0.00075,407.0008446,-0.636458804,0.524476087,0.565548428
0.0004,0.0006,0.0008,570.8143991,-0.774380354,-0.12125963,0.620992085
0.0004,0.0006,0.00085,633.7853879,-0.62736025,-0.778522908,0.017922037
0.0004,0.0006,0.0009,575.3041045,-0.178926201,-0.824418367,-0.53695416
0.0004,0.0006,0.00095,557.492809,-0.185050356,-0.193002548,-0.96359036
0.0004,0.00065,5.00E-05,322.9494853,0.112731222,-0.704798353,0.700393428
0.0004,0.00065,0.0001,599.3962169,0.217691918,-0.060861939,0.97411809
0.0004,0.00065,0.00015,743.4302312,-0.226801914,0.870883534,0.43603069
0.0004,0.00065,0.0002,657.4732433,-0.808769377,0.412235725,-0.419468475
0.0004,0.00065,0.00025,576.2108654,-0.895180751,0.214643382,-0.39061444
0.0004,0.00065,0.0003,460.2345854,-0.798721032,0.372304752,-0.472687937
0.0004,0.00065,0.00035,351.8473904,-0.505226834,0.848641274,-0.15669663
0.0004,0.00065,0.0004,401.8309658,0.418907601,0.898113458,-0.133823164
0.0004,0.00065,0.00045,308.0883144,0.497700818,0.838964566,-0.220073517
0.0004,0.00065,0.0005,300.7291672,0.566232968,0.786809208,0.245583991
0.0004,0.00065,0.00055,427.0558436,0.371947684,0.819742621,0.435519178
0.0004,0.00065,0.0006,528.1597094,0.447237082,0.82544064,0.344422332
0.0004,0.00065,0.00065,570.5137451,0.479820521,0.868841621,0.122010265
0.0004,0.00065,0.0007,564.6115079,0.066868725,0.995592482,-0.065758516
0.0004,0.00065,0.00075,554.8225754,-0.121580106,0.986172512,-0.112614626
0.0004,0.00065,0.0008,548.5679264,-0.535683207,-0.815236655,-0.220074299
0.0004,0.00065,0.00085,544.3339173,-0.309311011,-0.947853556,-0.076813638
0.0004,0.00065,0.0009,539.4376579,-0.658236379,-0.680107978,-0.322766182
0.0004,0.00065,0.00095,524.6224827,-0.207032131,-0.04377827,-0.977354163
0.0004,0.0007,5.00E-05,299.1927682,-0.425484594,0.89058008,0.160717086
0.0004,0.0007,0.0001,575.1600182,-0.012930875,0.118185354,0.992907354
0.0004,0.0007,0.00015,779.700037,-0.783727053,-0.124917632,0.608413914
0.0004,0.0007,0.0002,623.82912,-0.781651266,-0.073298284,-0.619393785
0.0004,0.0007,0.00025,534.5492064,-0.837874081,0.450509,-0.308234757
0.0004,0.0007,0.0003,528.086302,-0.544996019,0.82402454,0.154799535
0.0004,0.0007,0.00035,590.3633218,-0.012007241,0.989088301,0.146833778
0.0004,0.0007,0.0004,585.1972167,0.486378214,0.855063483,-0.179729442
0.0004,0.0007,0.00045,527.4797473,0.485815144,0.842472406,-0.232860237
0.0004,0.0007,0.0005,486.422942,0.556910773,0.789860399,0.256848091
0.0004,0.0007,0.00055,636.8112503,0.292614439,0.785501138,0.54531161
0.0004,0.0007,0.0006,627.855836,0.513492901,0.818135453,-0.258803828
0.0004,0.0007,0.00065,606.2965129,0.385736973,0.521987446,-0.760747063
0.0004,0.0007,0.0007,565.4227131,0.246624694,-0.003170652,-0.96910588
0.0004,0.0007,0.00075,547.4953751,0.272182416,-0.372669217,-0.887149586
0.0004,0.0007,0.0008,531.9605276,0.143405575,-0.696375768,-0.703203833
0.0004,0.0007,0.00085,521.1210523,-0.61923959,-0.784285957,0.037919217
0.0004,0.0007,0.0009,533.7696914,-0.582948003,-0.631678719,0.511031918
0.0004,0.0007,0.00095,547.7957329,-0.074083135,0.033777216,-0.996679883
0.0004,0.00075,5.00E-05,474.5829424,-0.343356004,0.849797105,0.399939414
0.0004,0.00075,0.0001,656.5907996,0.214436696,0.217648815,0.952179551
0.0004,0.00075,0.00015,733.4376442,0.381351873,-0.861930805,-0.334134757
0.0004,0.00075,0.0002,628.4624015,-0.709345263,0.697819776,-0.099382384
0.0004,0.00075,0.00025,716.1464184,0.001407493,0.873746092,0.486380289
0.0004,0.00075,0.0003,757.342719,0.255747699,0.963164914,0.083105127
0.0004,0.00075,0.00035,736.5527236,0.329238558,0.879410482,-0.343859239
0.0004,0.00075,0.0004,700.999803,0.356069736,0.792301118,-0.495452602
0.0004,0.00075,0.00045,665.4468823,0.309291542,0.860175722,-0.405507668
0.0004,0.00075,0.0005,636.9458949,0.404225326,0.890138929,-0.210367711
0.0004,0.00075,0.00055,630.7846787,0.950070772,-0.270125211,-0.156198269
0.0004,0.00075,0.0006,624.6234624,0.961604581,-0.167341379,-0.21751665
0.0004,0.00075,0.00065,613.352302,0.517313058,-0.034084648,-0.855117206
0.0004,0.00075,0.0007,564.4191265,0.119751903,-0.082178385,-0.989396884
0.0004,0.00075,0.00075,540.7659533,0.121454443,-0.193665293,-0.97352071
0.0004,0.00075,0.0008,522.4496966,0.289303067,-0.308416257,-0.906191562
0.0004,0.00075,0.00085,506.9148492,-0.347509208,-0.737695977,-0.578828123
0.0004,0.00075,0.0009,506.4654942,-0.368691039,-0.714962397,0.594050241
0.0004,0.00075,0.00095,532.5722322,0.292714742,0.20634742,-0.933669547
0.0004,0.0008,5.00E-05,562.7092309,-0.252970315,0.572428977,0.779955823
0.0004,0.0008,0.0001,634.3289209,0.269112664,0.017535953,0.962949046
0.0004,0.0008,0.00015,707.1402919,0.306072855,0.085929287,0.948122126
0.0004,0.0008,0.0002,745.24057,0.280957416,0.878514358,0.386361816
0.0004,0.0008,0.00025,766.0731317,0.715060811,0.672923944,0.18937107
0.0004,0.0008,0.0003,764.589606,0.899050149,0.033568829,-0.436556941
0.0004,0.0008,0.00035,734.4587692,0.661540559,-0.062982985,-0.747259816
0.0004,0.0008,0.0004,698.9058486,0.632491181,-0.045540657,-0.773227622
0.0004,0.0008,0.00045,663.3529279,0.660679011,-0.047746599,-0.749148521
0.0004,0.0008,0.0005,633.0907771,0.870785993,-0.06510032,-0.487333256
0.0004,0.0008,0.00055,615.5011571,0.937756461,-0.285792685,-0.197320455
0.0004,0.0008,0.0006,614.4446422,0.941050702,-0.317498845,-0.116696441
0.0004,0.0008,0.00065,603.8967909,0.568173647,-0.616688805,-0.544861105
0.0004,0.0008,0.0007,559.3937585,0.302355265,-0.426991169,-0.852208798
0.0004,0.0008,0.00075,539.1462749,-0.119494421,-0.099410408,-0.987845461
0.0004,0.0008,0.0008,520.43953,-0.193344867,-0.030940618,-0.980642871
0.0004,0.0008,0.00085,500.7497515,-0.446856756,-0.307764953,-0.839999865
0.0004,0.0008,0.0009,502.8900405,-0.349476892,-0.109323436,0.930545157
0.0004,0.0008,0.00095,554.8419971,0.165327484,0.191127445,0.967541794
0.0004,0.00085,5.00E-05,532.9203727,0.244637528,-0.472800383,0.846529549
0.0004,0.00085,0.0001,659.2209868,-0.142755476,0.147678087,0.97867873
0.0004,0.00085,0.00015,743.4896814,0.007915747,0.241074004,0.970474454
0.0004,0.00085,0.0002,762.4646341,0.782323547,0.238864908,0.575250749
0.0004,0.00085,0.00025,784.9025892,0.978525956,0.203952743,-0.029836769
0.0004,0.00085,0.0003,759.7736897,0.732907518,-0.119707664,-0.669713853
0.0004,0.00085,0.00035,731.0165513,0.668384083,-0.095642346,-0.737641688
0.0004,0.00085,0.0004,696.8118942,0.63846244,-0.043175115,-0.768441033
0.0004,0.00085,0.00045,661.2521923,0.707240546,-0.053093526,-0.704976515
0.0004,0.00085,0.0005,630.5536252,0.840278389,-0.047680707,-0.540054422
0.0004,0.00085,0.00055,603.7782086,0.921591235,-0.169142491,-0.349371454
0.0004,0.00085,0.0006,593.051181,0.610210719,-0.641019763,-0.46554972
0.0004,0.00085,0.00065,551.0441957,0.303006335,-0.808076501,-0.505172772
0.0004,0.00085,0.0007,531.976492,-0.178658499,-0.947909617,-0.263720492
0.0004,0.00085,0.00075,536.8458505,-0.430561513,-0.839388431,-0.331728572
0.0004,0.00085,0.0008,521.238234,-0.228323773,-0.144714523,-0.962769942
0.0004,0.00085,0.00085,500.484946,-0.420130804,-0.022740408,-0.907178583
0.0004,0.00085,0.0009,500.1105633,-0.484763107,-0.090029897,0.869999625
0.0004,0.00085,0.00095,544.388868,-0.391635566,-0.148732848,0.908019891
0.0004,0.0009,5.00E-05,498.5736437,0.182837969,-0.66646613,0.722767718
0.0004,0.0009,0.0001,666.1028543,-0.369873562,0.321916157,0.871529424
0.0004,0.0009,0.00015,732.7868809,-0.412024045,0.251963467,0.875642962
0.0004,0.0009,0.0002,762.4367065,0.741885196,-0.172325012,0.648004973
0.0004,0.0009,0.00025,784.4673987,0.747671596,-0.65819681,-0.088114377
0.0004,0.0009,0.0003,754.9577734,0.651342554,-0.424510557,-0.628922622
0.0004,0.0009,0.00035,726.2951663,0.686915214,-0.102143109,-0.719523644
0.0004,0.0009,0.0004,694.9861149,0.653958802,-0.038169856,-0.75556664
0.0004,0.0009,0.00045,658.3628537,0.762813476,-0.053515483,-0.64440026
0.0004,0.0009,0.0005,628.0164733,0.787814625,-0.126639663,-0.602752447
0.0004,0.0009,0.00055,597.3449604,0.547496861,-0.229394594,-0.804751706
0.0004,0.0009,0.0006,541.8346867,0.325041215,-0.471087191,-0.820015285
0.0004,0.0009,0.00065,506.2014603,0.110137272,-0.791351631,-0.601358776
0.0004,0.0009,0.0007,508.3596205,-0.293158209,-0.949825598,0.109039434
0.0004,0.0009,0.00075,511.9747549,-0.298781752,-0.947385025,0.114852422
0.0004,0.0009,0.0008,514.9741008,-0.328729292,-0.901226903,-0.282359916
0.0004,0.0009,0.00085,500.2201404,-0.70328111,-0.086752846,-0.70559877
0.0004,0.0009,0.0009,498.3467448,-0.454423832,0.510132917,0.730248853
0.0004,0.0009,0.00095,549.4677796,-0.991264318,0.13097547,0.015507336
0.0004,0.00095,5.00E-05,425.3708447,-0.283369314,0.099198549,0.953866594
0.0004,0.00095,0.0001,745.7321511,-0.228712039,-0.378227702,0.897014275
0.0004,0.00095,0.00015,771.2094398,-0.113324238,-0.993467417,0.013420427
0.0004,0.00095,0.0002,748.7211503,0.222966447,-0.961363579,-0.161449784
0.0004,0.00095,0.00025,729.0364514,0.383424078,-0.918347524,-0.098100975
0.0004,0.00095,0.0003,720.5085624,0.365799757,-0.9302934,-0.027289718
0.0004,0.00095,0.00035,722.5030136,0.296114046,-0.944874811,-0.139742849
0.0004,0.00095,0.0004,693.380077,0.31676214,-0.855946592,-0.408677352
0.0004,0.00095,0.00045,655.6905671,0.266468226,-0.732629985,-0.626297046
0.0004,0.00095,0.0005,617.7336267,0.040376858,-0.563558309,-0.82508893
0.0004,0.00095,0.00055,579.2120775,-0.16122418,0.060830849,-0.985041304
0.0004,0.00095,0.0006,540.6905284,-0.154224685,0.616525225,-0.772082504
0.0004,0.00095,0.00065,506.9930414,-0.033681254,0.883908983,-0.466444512
0.0004,0.00095,0.0007,481.6862182,-0.067381122,0.980283654,-0.185751829
0.0004,0.00095,0.00075,482.28488,-0.066554359,0.997691347,0.01350898
0.0004,0.00095,0.0008,483.72025,-0.068924485,0.991904524,0.106652855
0.0004,0.00095,0.00085,498.4406249,0.028762657,0.954670891,0.296270483
0.0004,0.00095,0.0009,534.5136873,-0.012995142,0.958812131,0.283743587
0.0004,0.00095,0.00095,546.3052636,-0.379640997,0.664022661,-0.644163503
0.00045,5.00E-05,5.00E-05,529.144609,0.113604041,0.742588866,-0.660042345
0.00045,5.00E-05,0.0001,532.3095777,0.387956073,-0.921666611,-0.004554591
0.00045,5.00E-05,0.00015,528.8553305,0.187329683,-0.980991025,-0.050637913
0.00045,5.00E-05,0.0002,525.4010833,0.104801284,-0.994465248,0.007453975
0.00045,5.00E-05,0.00025,530.4421182,0.06816792,-0.994947819,0.07370191
0.00045,5.00E-05,0.0003,544.9296489,0.077011563,-0.989494592,0.122350611
0.00045,5.00E-05,0.00035,559.4171796,0.113341475,-0.982415472,0.148369644
0.00045,5.00E-05,0.0004,574.0649923,0.161435578,-0.968271277,0.190759767
0.00045,5.00E-05,0.00045,588.8431234,0.192081064,-0.965993426,0.173094096
0.00045,5.00E-05,0.0005,592.905943,0.36589647,-0.913429795,0.178229581
0.00045,5.00E-05,0.00055,598.1292776,-0.113544283,0.192248045,0.974755551
0.00045,5.00E-05,0.0006,616.6060919,0.18984913,0.907173494,0.375491092
0.00045,5.00E-05,0.00065,617.0865219,-0.117391487,0.989739246,-0.081458351
0.00045,5.00E-05,0.0007,610.7402248,-0.357334072,0.924042708,0.13585814
0.00045,5.00E-05,0.00075,630.598649,-0.274969149,0.870451898,0.4082958
0.00045,5.00E-05,0.0008,656.6105987,-0.14094028,0.971101239,0.192608985
0.00045,5.00E-05,0.00085,652.8111242,-0.238922236,0.970609863,-0.028855832
0.00045,5.00E-05,0.0009,653.6752082,-0.649937177,0.759953457,-0.007239354
0.00045,5.00E-05,0.00095,652.2471089,-0.400969849,0.513966503,-0.75832817
0.00045,0.0001,5.00E-05,530.6857507,0.342262786,-0.088849205,-0.935394037
0.00045,0.0001,0.0001,528.3581187,0.960833887,-0.247920071,-0.123830047
0.00045,0.0001,0.00015,527.4702553,0.972738142,-0.17956517,-0.14675441
0.00045,0.0001,0.0002,524.0160081,0.944919656,0.037573225,0.32513858
0.00045,0.0001,0.00025,535.9137169,0.584302443,0.25196608,0.771429679
0.00045,0.0001,0.0003,549.837477,0.625504746,0.142601125,0.767078048
0.00045,0.0001,0.00035,562.3366458,0.695236663,-0.051668203,0.716921459
0.00045,0.0001,0.0004,573.2875322,0.87473448,-0.327494603,0.35719305
0.00045,0.0001,0.00045,571.5555624,0.800881996,-0.595663693,-0.061423064
0.00045,0.0001,0.0005,570.7138803,0.594441385,-0.797926113,0.099766521
0.00045,0.0001,0.00055,576.6734526,0.111880189,-0.976230076,0.185627754
0.00045,0.0001,0.0006,579.2776425,0.035391137,-0.999361693,-0.004865544
0.00045,0.0001,0.00065,576.3930455,-0.387343283,-0.909791551,-0.149145953
0.00045,0.0001,0.0007,569.3902578,-0.376220594,-0.926304984,-0.020424027
0.00045,0.0001,0.00075,575.3128226,-0.3216697,-0.929038818,0.182799014
0.00045,0.0001,0.0008,590.1112149,-0.210572032,-0.964522968,0.159232104
0.00045,0.0001,0.00085,595.9097228,-0.066018649,-0.997011839,-0.04011147
0.00045,0.0001,0.0009,585.3308383,-0.145577655,-0.985243165,-0.090016952
0.00045,0.0001,0.00095,584.4666722,-0.238352513,-0.884105168,-0.401928019
0.00045,0.00015,5.00E-05,523.8150899,0.795357771,-0.547352993,-0.26040491
0.00045,0.00015,0.0001,525.8718361,0.921299742,-0.388657637,-0.012329888
0.00045,0.00015,0.00015,523.5424283,0.98130838,-0.191677941,0.01712984
0.00045,0.00015,0.0002,526.3768152,0.835930845,0.094193403,0.540691433
0.00045,0.00015,0.00025,538.8759839,0.684702021,-0.041672181,0.727630793
0.00045,0.00015,0.0003,549.8417167,0.699499204,-0.260671345,0.665395607
0.00045,0.00015,0.00035,557.7271448,0.646462575,-0.462029465,0.607136651
0.00045,0.00015,0.0004,565.612573,0.812148887,-0.540105028,0.22068245
0.00045,0.00015,0.00045,563.8845671,0.860720959,-0.337465777,-0.381151257
0.00045,0.00015,0.0005,551.9733919,0.837480465,-0.495337462,-0.23079703
0.00045,0.00015,0.00055,553.0918193,0.224444506,-0.959586072,0.169762288
0.00045,0.00015,0.0006,559.0116902,-0.186726846,-0.978219132,0.090666506
0.00045,0.00015,0.00065,556.7733932,-0.381497406,-0.920979515,0.079097801
0.00045,0.00015,0.0007,561.7481317,0.219081402,-0.521006322,-0.82495803
0.00045,0.00015,0.00075,525.2885981,0.097733214,-0.882584736,-0.459883031
0.00045,0.00015,0.0008,531.8481744,0.113541045,-0.990381906,0.079070297
0.00045,0.00015,0.00085,533.9899475,-0.051524086,-0.998324774,-0.026323252
0.00045,0.00015,0.0009,528.4300501,-0.154140378,-0.987901327,-0.017079581
0.00045,0.00015,0.00095,532.0464708,-0.069099355,-0.996614909,-0.044542147
0.00045,0.0002,5.00E-05,517.7070984,0.404839353,-0.194711162,0.893416287
0.00045,0.0002,0.0001,519.7633921,0.881558158,-0.424017385,0.20751981
0.00045,0.0002,0.00015,521.8196857,0.936125649,-0.262552672,0.233954833
0.00045,0.0002,0.0002,526.687254,0.865033687,-0.177405309,0.469301691
0.00045,0.0002,0.00025,534.5698573,0.640882883,-0.459450813,0.614958601
0.00045,0.0002,0.0003,542.4524606,0.596983866,-0.561882867,0.572623705
0.00045,0.0002,0.00035,550.3350638,0.580626016,-0.594077211,0.556727669
0.00045,0.0002,0.0004,558.2176671,0.665142388,-0.656869109,0.355117694
0.00045,0.0002,0.00045,559.4796299,0.765754881,-0.526337256,-0.36957889
0.00045,0.0002,0.0005,547.550444,0.591959683,-0.435872489,-0.677937244
0.00045,0.0002,0.00055,536.889275,0.050043339,-0.975914145,-0.212337575
0.00045,0.0002,0.0006,539.5564028,0.027307854,-0.988975412,0.145540081
0.00045,0.0002,0.00065,544.5311413,0.087813375,-0.968886878,0.231402309
0.00045,0.0002,0.0007,549.5058798,0.041450992,-0.949838694,-0.30998108
0.00045,0.0002,0.00075,517.9303054,0.200763533,-0.549073916,-0.811302557
0.00045,0.0002,0.0008,481.1239049,0.130707851,-0.886268559,-0.444346148
0.00045,0.0002,0.00085,466.2753557,-0.07445563,-0.995464634,-0.059215886
0.00045,0.0002,0.0009,472.9180562,0.015236031,-0.987053396,0.159666703
0.00045,0.0002,0.00095,481.2085564,0.152283282,-0.872396583,0.464471747
0.00045,0.00025,5.00E-05,515.4124483,0.282185313,-0.063168828,0.957277989
0.00045,0.00025,0.0001,517.4687419,0.960559962,-0.277812649,0.012028766
0.00045,0.00025,0.00015,515.7722172,0.938152971,-0.319600199,0.133134199
0.00045,0.00025,0.0002,521.5569985,0.848681381,-0.327677868,0.415171203
0.00045,0.00025,0.00025,527.0974073,0.336940404,-0.754804725,0.562797469
0.00045,0.00025,0.0003,534.3722219,0.500815207,-0.726920656,0.469862202
0.00045,0.00025,0.00035,540.9042879,0.542493493,-0.699591001,0.465051869
0.00045,0.00025,0.0004,548.6976654,0.159861739,-0.953089234,0.257031391
0.00045,0.00025,0.00045,548.6927986,-0.076742845,-0.934039046,-0.348828892
0.00045,0.00025,0.0005,537.4491652,-0.232807117,-0.738449029,-0.632845856
0.00045,0.00025,0.00055,516.350805,-0.361709997,-0.797641628,-0.482632066
0.00045,0.00025,0.0006,507.083604,0.016370231,-0.999687368,-0.018899275
0.00045,0.00025,0.00065,515.1147003,0.050847881,-0.97217608,-0.228666052
0.00045,0.00025,0.0007,480.2383077,0.161815026,-0.96610044,-0.201161221
0.00045,0.00025,0.00075,479.008997,-0.184007833,-0.92384871,-0.335625801
0.00045,0.00025,0.0008,428.8200329,-0.138673892,-0.818541618,-0.557457775
0.00045,0.00025,0.00085,396.0433121,0.023354293,-0.998361599,0.052236909
0.00045,0.00025,0.0009,436.1135798,0.096204997,-0.893296326,0.439051561
0.00045,0.00025,0.00095,447.9212088,0.128662522,-0.7088064,0.69357007
0.00045,0.0003,5.00E-05,513.1177981,0.284143826,-0.177813597,0.942148933
0.00045,0.0003,0.0001,511.454281,0.883718721,-0.467227519,-0.027196824
0.00045,0.0003,0.00015,512.0054709,0.895739888,-0.41650273,0.155484819
0.00045,0.0003,0.0002,517.7487387,0.663483322,-0.739348047,0.114692401
0.00045,0.0003,0.00025,517.3825178,0.483150169,-0.872575962,0.071952094
0.00045,0.0003,0.0003,521.0919284,0.112757349,-0.952805677,0.28186366
0.00045,0.0003,0.00035,528.7848841,0.030964211,-0.9879781,0.151461187
0.00045,0.0003,0.0004,529.3373593,-0.197440879,-0.980274866,0.008847931
0.00045,0.0003,0.00045,529.3601684,-0.137415338,-0.95502423,-0.262765569
0.00045,0.0003,0.0005,509.8115325,-0.283209427,-0.840352683,-0.462168572
0.00045,0.0003,0.00055,486.7043881,-0.014725678,-0.907845731,-0.419045682
0.00045,0.0003,0.0006,474.1719754,0.159145551,-0.863915036,-0.477832089
0.00045,0.0003,0.00065,430.3980869,0.2490818,-0.84044195,-0.481264569
0.00045,0.0003,0.0007,376.1039905,0.032369399,-0.969258429,-0.243906377
0.00045,0.0003,0.00075,376.3955764,-0.117812248,-0.990265891,-0.074119757
0.00045,0.0003,0.0008,359.3014656,-0.062820755,-0.964152526,-0.257805081
0.00045,0.0003,0.00085,326.8797203,0.028542734,-0.997782571,0.060126972
0.00045,0.0003,0.0009,367.3670488,0.009769857,-0.891445476,0.453022641
0.00045,0.0003,0.00095,400.1676523,-0.07994147,-0.651213133,0.754672655
0.00045,0.00035,5.00E-05,494.4091068,0.217380724,-0.281161153,0.934716014
0.00045,0.00035,0.0001,498.3595301,0.742437501,-0.664103917,0.088048535
0.00045,0.00035,0.00015,498.9110288,0.777190866,-0.5893722,-0.220487569
0.00045,0.00035,0.0002,486.8946399,0.717898942,-0.677190499,-0.161350975
0.00045,0.00035,0.00025,486.5539456,0.519105184,-0.848889025,0.099585294
0.00045,0.00035,0.0003,495.8279153,0.144322435,-0.989498975,0.007925421
0.00045,0.00035,0.00035,487.1195174,0.072240438,-0.99148187,-0.108374451
0.00045,0.00035,0.0004,484.9610999,0.030180008,-0.996001528,-0.084084024
0.00045,0.00035,0.00045,477.7259752,-0.112518693,-0.972235408,-0.205177618
0.00045,0.00035,0.0005,459.888938,-0.087549082,-0.953817458,-0.287345463
0.00045,0.00035,0.00055,439.1391281,0.174008067,-0.909493546,-0.377548253
0.00045,0.00035,0.0006,405.2824455,0.169987658,-0.767569168,-0.618014375
0.00045,0.00035,0.00065,343.8566151,0.1315518,-0.666268557,-0.734016576
0.00045,0.00035,0.0007,265.63798,0.443926028,-0.799767452,-0.404106055
0.00045,0.00035,0.00075,254.5213841,0.367085514,-0.926432487,-0.08349295
0.00045,0.00035,0.0008,243.6381216,0.438038323,-0.898271001,0.035094685
0.00045,0.00035,0.00085,262.19825,0.056253411,-0.537241601,0.841550364
0.00045,0.00035,0.0009,291.8996056,0.089126081,-0.94213639,0.323164918
0.00045,0.00035,0.00095,322.1517094,0.03013571,-0.653468277,0.756353787
0.00045,0.0004,5.00E-05,460.114754,0.170261702,-0.263428023,0.949534954
0.00045,0.0004,0.0001,477.4986445,0.414712777,-0.851820419,0.320023884
0.00045,0.0004,0.00015,481.3593551,0.598158881,-0.769152419,-0.224967797
0.00045,0.0004,0.0002,465.8860255,0.714614992,-0.490279805,-0.498950024
0.00045,0.0004,0.00025,441.2331276,0.574019517,-0.798255957,-0.182452795
0.00045,0.0004,0.0003,450.4795596,0.151151261,-0.979942874,-0.129866317
0.00045,0.0004,0.00035,429.3679978,0.183598851,-0.937539189,-0.295485584
0.00045,0.0004,0.0004,418.0679179,0.168556961,-0.974622689,-0.147306361
0.00045,0.0004,0.00045,410.5555748,0.122582406,-0.963291625,-0.238836342
0.00045,0.0004,0.0005,381.725959,0.159169354,-0.929574527,-0.332500098
0.00045,0.0004,0.00055,355.1602686,0.212663709,-0.965191343,-0.152249201
0.00045,0.0004,0.0006,355.8318166,0.183454925,-0.901097201,-0.392897091
0.00045,0.0004,0.00065,303.6424799,-0.089879865,-0.51706413,-0.8512146
0.00045,0.0004,0.0007,199.3003787,0.570275045,-0.481638843,-0.665440003
0.00045,0.0004,0.00075,132.2865391,0.607788896,-0.785396346,-0.117240086
0.00045,0.0004,0.0008,162.8071512,0.690025563,-0.021228658,0.723473612
0.00045,0.0004,0.00085,296.069827,-0.215393829,0.919590805,0.328570006
0.00045,0.0004,0.0009,192.5821863,0.079625129,-0.938997317,-0.334580151
0.00045,0.0004,0.00095,225.2051717,0.061975313,-0.407186608,0.911239885
0.00045,0.00045,5.00E-05,424.4157163,0.154225771,-0.090996224,0.983836419
0.00045,0.00045,0.0001,441.8119224,0.690342375,0.460223698,0.558230734
0.00045,0.00045,0.00015,459.2081286,0.711647265,0.696276426,0.093580492
0.00045,0.00045,0.0002,447.465683,0.705559841,-0.55432407,-0.441486281
0.00045,0.00045,0.00025,419.148548,0.614936421,-0.626875683,-0.478414127
0.00045,0.00045,0.0003,406.2962365,0.115853392,-0.918633224,-0.37774461
0.00045,0.00045,0.00035,384.2813895,0.262122192,-0.657381062,-0.706499891
0.00045,0.00045,0.0004,360.4925154,0.383327486,-0.665148581,-0.640809959
0.00045,0.00045,0.00045,331.1490167,0.317401072,-0.890809317,-0.325138925
0.00045,0.00045,0.0005,305.0196137,0.275448562,-0.892019184,-0.358371126
0.00045,0.00045,0.00055,274.9819308,0.176460039,-0.976361825,-0.124817636
0.00045,0.00045,0.0006,287.1280068,0.131708445,-0.97373358,-0.185730453
0.00045,0.00045,0.00065,248.7727294,-0.198438193,-0.598881945,-0.775862552
0.00045,0.00045,0.0007,141.6122576,0.121011858,-0.450721261,-0.884424375
0.00045,0.00045,0.00075,10.05169409,0.604175675,-0.740389093,0.294611176
0.00045,0.00045,0.0008,238.8322802,-0.526448358,0.181111559,0.830692921
0.00045,0.00045,0.00085,345.5316279,-0.861043651,0.366442138,-0.352596073
0.00045,0.00045,0.0009,93.01834797,0.11860685,0.449339146,-0.885452849
0.00045,0.00045,0.00095,202.605056,0.179013777,0.586638658,0.789815898
0.00045,0.0005,5.00E-05,437.9902208,0.915171236,-0.222557815,0.336050037
0.00045,0.0005,0.0001,506.1826486,0.363555783,0.809322251,0.46132926
0.00045,0.0005,0.00015,523.4256037,0.263341228,0.825383517,-0.49939308
0.00045,0.0005,0.0002,415.58777,0.78181077,-0.174400995,-0.59862861
0.00045,0.0005,0.00025,387.2879712,0.932149251,-0.287896056,-0.219576034
0.00045,0.0005,0.0003,365.6864762,0.955214332,-0.295900762,-0.002884297
0.00045,0.0005,0.00035,386.7487431,0.692603479,0.721155055,-0.015355993
0.00045,0.0005,0.0004,362.9175229,0.574548813,0.631550142,-0.520613177
0.00045,0.0005,0.00045,258.5719955,0.766144879,-0.088069111,-0.636604945
0.00045,0.0005,0.0005,241.9208394,0.6439108,-0.698899789,-0.311316505
0.00045,0.0005,0.00055,215.2066328,0.87140993,-0.125006976,-0.474360612
0.00045,0.0005,0.0006,218.4241969,0.052458642,0.94595778,-0.320018702
0.00045,0.0005,0.00065,191.3200656,-0.292981283,0.039519585,-0.955301089
0.00045,0.0005,0.0007,77.64311883,-0.312002693,0.053770127,-0.948558429
0.00045,0.0005,0.00075,-112.0376759,-0.185575233,0.09067418,0.978437543
0.00045,0.0005,0.0008,235.9500568,-0.69560961,-0.065698476,0.715409659
0.00045,0.0005,0.00085,447.6097143,-0.950521594,0.30636964,0.05144262
0.00045,0.0005,0.0009,265.1128737,-0.289199968,0.956318695,0.042637206
0.00045,0.0005,0.00095,471.351784,0.090095961,0.888506726,0.449931679
0.00045,0.00055,5.00E-05,401.3480768,-0.258745715,-0.699684478,0.665952166
0.00045,0.00055,0.0001,591.693498,0.286521396,0.606114654,0.741977436
0.00045,0.00055,0.00015,608.9409194,0.330523293,0.552504952,-0.765174902
0.00045,0.00055,0.0002,407.8041329,0.229203594,0.048531126,-0.972167909
0.00045,0.00055,0.00025,353.7207078,0.977924067,-0.155533824,-0.139548372
0.00045,0.00055,0.0003,350.9766914,0.920606528,0.080967,0.38200519
0.00045,0.00055,0.00035,514.3182213,0.831134807,0.36805345,0.416835208
0.00045,0.00055,0.0004,515.9823238,0.68280302,0.60373283,-0.411444656
0.00045,0.00055,0.00045,314.4101106,0.473863736,0.370024378,-0.799083925
0.00045,0.00055,0.0005,207.6651774,0.982767348,0.023902395,-0.183294886
0.00045,0.00055,0.00055,268.7899238,0.858384134,0.386247441,0.337623448
0.00045,0.00055,0.0006,357.7353929,0.732868048,0.679498375,-0.034443911
0.00045,0.00055,0.00065,254.5966626,0.334010107,0.691845845,-0.640145746
0.00045,0.00055,0.0007,158.8084406,-0.231258429,0.791818161,-0.565281823
0.00045,0.00055,0.00075,24.72238199,-0.476308514,0.877321139,0.058632916
0.00045,0.00055,0.0008,187.4379776,-0.663856241,0.106572179,0.740227845
0.00045,0.00055,0.00085,519.2125505,-0.717429126,0.046772758,0.695059536
0.00045,0.00055,0.0009,625.5341327,-0.503350567,0.860805474,0.075180729
0.00045,0.00055,0.00095,543.9961894,-0.080809431,0.277833444,-0.957224328
0.00045,0.0006,5.00E-05,387.8769121,-0.024364942,-0.189781833,0.98152392
0.00045,0.0006,0.0001,675.7633635,0.314620372,0.277447375,0.907764824
0.00045,0.0006,0.00015,656.2054223,-0.41731905,0.192399702,-0.888159425
0.00045,0.0006,0.0002,428.3284954,-0.431332921,0.070100375,-0.899465313
0.00045,0.0006,0.00025,323.9508703,0.990777398,-0.005441856,-0.135390305
0.00045,0.0006,0.0003,399.7255398,0.901187013,0.171956715,0.397860346
0.00045,0.0006,0.00035,532.4439509,0.909146757,-0.037010946,0.414828113
0.00045,0.0006,0.0004,656.2524531,0.932983051,-0.074683665,-0.352086605
0.00045,0.0006,0.00045,401.3415553,0.38209156,0.324356361,-0.865331723
0.00045,0.0006,0.0005,247.8698965,0.817745863,0.574844306,-0.029081398
0.00045,0.0006,0.00055,386.8897227,0.746817136,0.503018442,0.435013347
0.00045,0.0006,0.0006,498.4242772,0.729655033,0.68197304,0.050162789
0.00045,0.0006,0.00065,406.3129578,0.142366142,0.953945251,-0.264046094
0.00045,0.0006,0.0007,399.6393742,0.200306051,0.958344319,-0.203601698
0.00045,0.0006,0.00075,316.3445315,0.035236628,0.984373045,-0.172534313
0.00045,0.0006,0.0008,307.1428591,-0.473584502,0.802225989,0.363526041
0.00045,0.0006,0.00085,477.0905926,-0.436646874,0.027858299,0.899201547
0.00045,0.0006,0.0009,548.8809642,-0.402950066,-0.796353329,0.451057224
0.00045,0.0006,0.00095,536.4215719,-0.229906197,-0.235664312,-0.944248628
0.00045,0.00065,5.00E-05,374.4057475,0.067713874,-0.119526583,0.990519171
0.00045,0.00065,0.0001,673.7048724,0.531286868,0.042831149,0.846108596
0.00045,0.00065,0.00015,662.5421014,-0.653629059,0.066900564,-0.753852352
0.00045,0.00065,0.0002,433.6985929,-0.789565509,0.067912875,-0.609896835
0.00045,0.00065,0.00025,352.5710452,-0.339807114,0.939832052,0.035310609
0.00045,0.00065,0.0003,441.088173,0.869862332,0.390980764,0.30078824
0.00045,0.00065,0.00035,491.4309011,0.973917197,0.209219464,0.087820891
0.00045,0.00065,0.0004,488.1732356,0.991125376,0.119564891,-0.058092383
0.00045,0.00065,0.00045,467.4860655,0.704415588,0.709663494,0.01328176
0.00045,0.00065,0.0005,493.3307323,0.672699492,0.723876985,0.153223702
0.00045,0.00065,0.00055,558.5131585,0.646294061,0.694894641,0.315317973
0.00045,0.00065,0.0006,621.7981167,0.557218834,0.789920611,0.255993358
0.00045,0.00065,0.00065,611.4865818,0.272891312,0.944841402,-0.181121665
0.00045,0.00065,0.0007,582.2859017,0.150736698,0.937510707,-0.31361142
0.00045,0.00065,0.00075,552.4497351,0.00787864,0.985367772,-0.170259449
0.00045,0.00065,0.0008,542.170935,-0.038698263,0.99310543,-0.110652832
0.00045,0.00065,0.00085,526.7018753,-0.719998703,0.55698732,-0.413964966
0.00045,0.00065,0.0009,520.7837367,-0.757329639,-0.559212407,-0.337243684
0.00045,0.00065,0.00095,503.813013,-0.2564024,-0.005248439,-0.966555877
0.00045,0.0007,5.00E-05,367.3759525,0.515275008,0.476844786,0.712117066
0.00045,0.0007,0.0001,690.3492113,0.583283547,0.033830127,0.811563815
0.00045,0.0007,0.00015,677.5047594,-0.694522341,0.112621713,-0.710601906
0.00045,0.0007,0.0002,462.8442109,-0.68283636,0.536099945,-0.496317796
0.00045,0.0007,0.00025,520.6329576,-0.036341368,0.954049164,0.297438224
0.00045,0.0007,0.0003,580.2230638,0.622295828,0.738297627,0.26012404
0.00045,0.0007,0.00035,644.616709,0.604936811,0.724385144,0.330632149
0.00045,0.0007,0.0004,705.5353625,0.586697679,0.802715339,0.106929499
0.00045,0.0007,0.00045,676.9139979,0.660442803,0.745443192,-0.090165134
0.00045,0.0007,0.0005,677.9105282,0.78266456,0.622024835,-0.022831808
0.00045,0.0007,0.00055,670.0048784,0.528399033,0.841118367,-0.115387843
0.00045,0.0007,0.0006,661.884764,0.532019544,0.538011016,-0.653834345
0.00045,0.0007,0.00065,612.4328425,0.208737391,0.091793539,-0.973654275
0.00045,0.0007,0.0007,576.124261,0.31790535,-0.179471903,-0.930981216
0.00045,0.0007,0.00075,548.5078306,0.077833834,-0.203063219,-0.976067223
0.00045,0.0007,0.0008,538.2290306,-0.175547181,-0.329229144,-0.927788423
0.00045,0.0007,0.00085,505.8669366,-0.647428177,-0.634493245,-0.42220265
0.00045,0.0007,0.0009,510.9269968,-0.748897995,-0.558616034,0.356510757
0.00045,0.0007,0.00095,535.6267332,-0.312216063,0.159351482,-0.936551246
0.00045,0.00075,5.00E-05,478.010352,0.386204014,0.662863674,0.641450083
0.00045,0.00075,0.0001,686.6326257,0.338074968,-0.136879406,0.931111886
0.00045,0.00075,0.00015,698.5988622,-0.764901561,0.307398972,-0.566066669
0.00045,0.00075,0.0002,603.1443895,0.048641589,0.993793015,0.100047187
0.00045,0.00075,0.00025,729.0700542,0.117950253,0.813645851,0.569269854
0.00045,0.00075,0.0003,792.9853268,0.31828479,0.934246482,0.160867347
0.00045,0.00075,0.00035,765.978817,0.405398477,0.810098052,-0.423548368
0.00045,0.00075,0.0004,730.6276509,0.633941609,0.24140239,-0.734740037
0.00045,0.00075,0.00045,695.8752858,0.763803399,0.206558928,-0.61150452
0.00045,0.00075,0.0005,681.5612873,0.970351741,0.088147949,-0.225049856
0.00045,0.00075,0.00055,675.3327843,0.988171985,-0.068067552,-0.137415198
0.00045,0.00075,0.0006,669.171568,0.745345424,0.011075101,-0.666586484
0.00045,0.00075,0.00065,619.5718542,0.174851233,0.098695497,-0.979635772
0.00045,0.00075,0.0007,569.9626203,0.226804105,0.014732003,-0.973828972
0.00045,0.00075,0.00075,544.5659262,0.082802755,-0.256847091,-0.962898373
0.00045,0.00075,0.0008,527.0396565,-0.325332467,-0.36162274,-0.873720653
0.00045,0.00075,0.00085,485.6719196,-0.672207739,-0.209362237,-0.710143795
0.00045,0.00075,0.0009,474.1531674,-0.731296601,-0.365339386,0.575962164
0.00045,0.00075,0.00095,528.2378074,-0.736801826,0.663585435,0.129527756
0.00045,0.0008,5.00E-05,531.0584807,-0.230157894,0.57493553,0.785160162
0.00045,0.0008,0.0001,657.9212886,0.154226806,-0.211519192,0.965128864
0.00045,0.0008,0.00015,722.842525,0.4666797,0.250739629,0.84813896
0.00045,0.0008,0.0002,765.5219641,0.281952296,0.90433988,0.320425161
0.00045,0.0008,0.00025,791.9687574,0.595114022,0.767377571,0.238685911
0.00045,0.0008,0.0003,794.572852,0.91665583,-0.024403444,-0.398931775
0.00045,0.0008,0.00035,763.8848626,0.668634482,-0.055933441,-0.741484578
0.00045,0.0008,0.0004,728.5682165,0.647980608,-0.04445637,-0.760358312
0.00045,0.0008,0.00045,693.4880299,0.823692583,0.024821595,-0.566493087
0.00045,0.0008,0.0005,685.9566537,0.955692648,0.018430691,-0.293788822
0.00045,0.0008,0.00055,663.8677271,0.955821902,-0.184663373,-0.228700524
0.00045,0.0008,0.0006,662.8112123,0.716425963,-0.558543026,-0.41804728
0.00045,0.0008,0.00065,622.4278597,0.349649935,-0.475723668,-0.807113322
0.00045,0.0008,0.0007,577.2589444,0.210150787,-0.437339178,-0.874397559
0.00045,0.0008,0.00075,537.0583997,-0.257114594,-0.244132154,-0.935035602
0.00045,0.0008,0.0008,513.8534914,-0.541942902,-0.174040667,-0.822196897
0.00045,0.0008,0.00085,490.2751174,-0.692238246,0.281931667,-0.664319761
0.00045,0.0008,0.0009,483.9269675,-0.575840474,0.100592069,0.8113501
0.00045,0.0008,0.00095,555.3875289,-0.295874443,0.226338595,0.928024329
0.00045,0.00085,5.00E-05,553.090959,0.461291385,0.033189176,0.886627733
0.00045,0.00085,0.0001,644.6009266,0.24243808,-0.221714175,0.944492775
0.00045,0.00085,0.00015,730.4093965,0.310936369,-0.130907121,0.941372349
0.00045,0.00085,0.0002,798.2402069,0.605632545,0.425651835,0.672331567
0.00045,0.00085,0.00025,822.4689468,0.930593184,0.355131442,-0.088758017
0.00045,0.00085,0.0003,791.2673795,0.734053947,-0.064435289,-0.67602729
0.00045,0.00085,0.00035,760.9997972,0.689652735,-0.067669391,-0.720971538
0.00045,0.00085,0.0004,726.5117129,0.687595505,-0.047111253,-0.724563973
0.00045,0.00085,0.00045,697.7423641,0.859608128,0.159606411,-0.485386094
0.00045,0.00085,0.0005,683.4195018,0.923914842,-0.131939086,-0.359128726
0.00045,0.00085,0.00055,656.6440852,0.661593814,-0.445443048,-0.603219791
0.00045,0.00085,0.0006,613.8047469,0.272348035,-0.734486643,-0.621575353
0.00045,0.00085,0.00065,569.1461735,0.256784282,-0.73911609,-0.6227112
0.00045,0.00085,0.0007,527.2641829,0.128810726,-0.871036625,-0.474028475
0.00045,0.00085,0.00075,528.011145,-0.423088325,-0.868212801,-0.259235032
0.00045,0.00085,0.0008,517.1366835,-0.596840066,-0.186876469,-0.780294253
0.00045,0.00085,0.00085,498.3724823,-0.493323939,0.048484338,-0.868493385
0.00045,0.00085,0.0009,482.2258751,-0.657240276,-0.210478347,0.723694746
0.00045,0.00085,0.00095,539.7328514,-0.049313872,-0.228555221,0.97228116
0.00045,0.0009,5.00E-05,534.9840121,0.346726302,-0.84128962,0.414744074
0.00045,0.0009,0.0001,616.2968188,-0.046337855,-0.327124071,0.943844609
0.00045,0.0009,0.00015,701.477466,0.13615486,-0.313013614,0.939938472
0.00045,0.0009,0.0002,823.8046902,0.664777716,-0.348864889,0.660578441
0.00045,0.0009,0.00025,819.8678738,0.860944028,-0.27824151,-0.425860356
0.00045,0.0009,0.0003,788.7139429,0.741145795,-0.076284041,-0.666995994
0.00045,0.0009,0.00035,757.8069853,0.71357385,-0.062399406,-0.697795583
0.00045,0.0009,0.0004,724.4552092,0.766053777,-0.049354104,-0.640878914
0.00045,0.0009,0.00045,707.6577666,0.774509194,-0.231147257,-0.588817845
0.00045,0.0009,0.0005,670.8576963,0.449009574,-0.504451855,-0.737508459
0.00045,0.0009,0.00055,612.4612429,0.211167013,-0.591224039,-0.77837178
0.00045,0.0009,0.0006,559.4190056,0.275529096,-0.629323987,-0.726660194
0.00045,0.0009,0.00065,519.7100616,0.322730001,-0.702843486,-0.633921431
0.00045,0.0009,0.0007,501.6725223,-0.100477601,-0.944009257,-0.314246358
0.00045,0.0009,0.00075,503.1400494,-0.280531218,-0.955018137,0.096138415
0.00045,0.0009,0.0008,506.7551838,-0.387952595,-0.887595593,-0.248328102
0.00045,0.0009,0.00085,492.2240412,-0.437795098,-0.03090976,-0.898543287
0.00045,0.0009,0.0009,471.8977768,-0.586159227,0.556137143,0.589176407
0.00045,0.0009,0.00095,538.7291943,-0.45622247,-0.473682443,0.753316668
0.00045,0.00095,5.00E-05,395.7485365,0.499421897,-0.058130842,0.864406486
0.00045,0.00095,0.0001,586.8964952,-0.527074107,-0.256259421,0.810261683
0.00045,0.00095,0.00015,661.3061618,-0.460073314,-0.672476091,0.579748612
0.00045,0.00095,0.0002,735.7158284,-0.069375234,-0.90518105,0.419326059
0.00045,0.00095,0.00025,799.5419418,0.230631634,-0.95968544,0.160663952
0.00045,0.00095,0.0003,784.1695027,0.376857986,-0.911353907,-0.16556604
0.00045,0.00095,0.00035,755.2535487,0.310734879,-0.907849296,-0.281519966
0.00045,0.00095,0.0004,722.6497201,0.287796033,-0.848873385,-0.443381798
0.00045,0.00095,0.00045,676.7020404,0.157593803,-0.741991163,-0.651623593
0.00045,0.00095,0.0005,618.305587,0.119326232,-0.592908278,-0.79637995
0.00045,0.00095,0.00055,571.999145,-0.048607502,-0.166395361,-0.984860343
0.00045,0.00095,0.0006,533.4775958,-0.110762751,0.645895953,-0.755347622
0.00045,0.00095,0.00065,505.1212997,-0.033308497,0.866429268,-0.498187582
0.00045,0.00095,0.0007,477.4871704,-0.053881447,0.968033194,-0.244966376
0.00045,0.00095,0.00075,477.5210893,-0.07454152,0.99720563,0.00494916
0.00045,0.00095,0.0008,478.1197511,-0.068414093,0.989187172,0.129723749
0.00045,0.00095,0.00085,497.1733925,-0.07086986,0.955700341,0.285682203
0.00045,0.00095,0.0009,526.1231572,-0.260816694,0.965266266,0.015352145
0.00045,0.00095,0.00095,500.0644844,-0.287369959,0.628969833,-0.722367951
0.0005,5.00E-05,5.00E-05,539.9564955,0.256091414,0.757370002,-0.600672846
0.0005,5.00E-05,0.0001,544.9198731,0.616638487,-0.784190842,-0.069294292
0.0005,5.00E-05,0.00015,537.078955,0.171973459,-0.980574933,-0.094328839
0.0005,5.00E-05,0.0002,533.6247078,0.095862591,-0.995370036,0.006989624
0.0005,5.00E-05,0.00025,538.4246176,0.07093405,-0.995346392,0.065222085
0.0005,5.00E-05,0.0003,550.4738873,0.040800144,-0.994149003,0.100015541
0.0005,5.00E-05,0.00035,565.1220885,0.050594766,-0.989981359,0.13182215
0.0005,5.00E-05,0.0004,579.9545389,0.046876194,-0.987029368,0.153543639
0.0005,5.00E-05,0.00045,590.7807664,0.041979455,-0.98706037,0.154756423
0.0005,5.00E-05,0.0005,594.8435859,0.038120567,-0.984697283,0.170053178
0.0005,5.00E-05,0.00055,599.3420185,0.27856269,0.644384807,0.712159427
0.0005,5.00E-05,0.0006,609.0880343,0.063302941,0.983845223,0.167455414
0.0005,5.00E-05,0.00065,609.5607673,0.133698491,0.988443715,-0.071440432
0.0005,5.00E-05,0.0007,603.2144702,0.101362422,0.97382312,0.203455624
0.0005,5.00E-05,0.00075,631.3043385,0.240589542,0.897386744,0.369883366
0.0005,5.00E-05,0.0008,648.9736993,-0.098926113,0.992501696,0.071791418
0.0005,5.00E-05,0.00085,639.5869579,-0.142735336,0.926768672,-0.347457123
0.0005,5.00E-05,0.0009,609.452182,-0.424255735,0.817096009,-0.390334707
0.0005,5.00E-05,0.00095,596.1292446,-0.611144734,0.560100926,-0.559275484
0.0005,0.0001,5.00E-05,540.1074776,0.628780443,-0.242743708,-0.738722307
0.0005,0.0001,0.0001,540.4226827,0.852292045,-0.471139203,-0.227213824
0.0005,0.0001,0.00015,535.6938798,0.940598318,-0.080817284,-0.329762599
0.0005,0.0001,0.0002,534.2192623,0.960968855,0.060837808,0.26988446
0.0005,0.0001,0.00025,541.4579554,0.509599755,0.267051221,0.81791915
0.0005,0.0001,0.0003,555.9454861,0.342590553,0.17684627,0.922690148
0.0005,0.0001,0.00035,569.0080259,0.327266639,-0.057384081,0.943188006
0.0005,0.0001,0.0004,579.4248333,0.566711388,-0.355475363,0.743286936
0.0005,0.0001,0.00045,585.9613357,0.868896653,-0.466259887,0.166193633
0.0005,0.0001,0.0005,583.8477198,0.537936831,-0.838467239,0.087158793
0.0005,0.0001,0.00055,587.9142522,0.308542572,-0.927074606,0.21291819
0.0005,0.0001,0.0006,590.9215622,0.591016261,-0.804023821,-0.065157303
0.0005,0.0001,0.00065,584.5156889,0.646728592,-0.742215867,-0.1756637
0.0005,0.0001,0.0007,579.6891917,0.767369016,-0.641072991,-0.013046567
0.0005,0.0001,0.00075,583.7753369,0.564544281,-0.817957464,0.110613479
0.0005,0.0001,0.0008,587.861482,0.222689099,-0.970406454,0.093385651
0.0005,0.0001,0.00085,591.9476272,-0.04099168,-0.993101306,-0.109861177
0.0005,0.0001,0.0009,576.3680589,-0.456960044,-0.846343921,-0.273659433
0.0005,0.0001,0.00095,564.0383321,-0.619765639,-0.687655052,-0.378181281
0.0005,0.00015,5.00E-05,532.1964072,0.730496914,-0.636542655,0.24736149
0.0005,0.00015,0.0001,535.7680578,0.884774768,-0.450259276,0.12016736
0.0005,0.00015,0.00015,535.5586383,0.989704003,-0.139840996,-0.030503821
0.0005,0.00015,0.0002,534.9240554,0.870633436,-0.033299058,0.490804027
0.0005,0.00015,0.00025,545.5182461,0.380214877,-0.056747477,0.923155659
0.0005,0.00015,0.0003,555.7542376,0.341894971,-0.373779808,0.862204433
0.0005,0.00015,0.00035,563.693592,0.426251922,-0.569860481,0.702544184
0.0005,0.00015,0.0004,571.8466553,0.684667984,-0.535522299,0.494414419
0.0005,0.00015,0.00045,578.3722612,0.866414857,-0.482685413,0.12782835
0.0005,0.00015,0.0005,576.0565369,0.654931476,-0.709700592,-0.259595516
0.0005,0.00015,0.00055,568.5415516,0.444031147,-0.877255662,-0.182370074
0.0005,0.00015,0.0006,567.1506654,0.386652428,-0.913540392,-0.126268967
0.0005,0.00015,0.00065,562.1016531,0.571833682,-0.820336033,-0.007418442
0.0005,0.00015,0.0007,566.8355756,0.477375566,-0.830085516,0.288219718
0.0005,0.00015,0.00075,570.8724103,0.722885816,-0.690000996,-0.036533856
0.0005,0.00015,0.0008,564.0522668,0.546204238,-0.771571031,-0.326096727
0.0005,0.00015,0.00085,535.6909889,0.383941624,-0.878203175,-0.28521573
0.0005,0.00015,0.0009,523.1373711,0.082917658,-0.995092314,-0.053999524
0.0005,0.00015,0.00095,530.1958598,-0.199538203,-0.973393412,0.112648883
0.0005,0.0002,5.00E-05,525.7683753,0.336240338,-0.126288017,0.933270471
0.0005,0.0002,0.0001,527.8246216,0.876049961,-0.369228454,0.310172233
0.0005,0.0002,0.00015,531.8246551,0.917629565,-0.339468297,0.206681535
0.0005,0.0002,0.0002,533.5435434,0.920786298,-0.180500821,0.345791912
0.0005,0.0002,0.00025,540.1774993,0.440797566,-0.657857789,0.610672281
0.0005,0.0002,0.0003,548.0661746,0.352533551,-0.717395986,0.600885259
0.0005,0.0002,0.00035,555.9548499,0.329363567,-0.753404957,0.569122669
0.0005,0.0002,0.0004,563.5257123,0.523346427,-0.763535542,0.378314674
0.0005,0.0002,0.00045,570.0646395,0.627824801,-0.760421146,-0.166119533
0.0005,0.0002,0.0005,556.9718302,0.405572154,-0.77733629,-0.4808945
0.0005,0.0002,0.00055,545.0742947,0.259202556,-0.949720491,-0.175627516
0.0005,0.0002,0.0006,544.3296915,0.259884589,-0.962320983,0.079989536
0.0005,0.0002,0.00065,549.6728568,0.293085396,-0.930384884,0.220192911
0.0005,0.0002,0.0007,554.4290236,0.183276771,-0.951546853,-0.246917418
0.0005,0.0002,0.00075,531.208046,0.23747073,-0.870497386,-0.431093903
0.0005,0.0002,0.0008,504.6194151,0.45175069,-0.811198556,-0.371319562
0.0005,0.0002,0.00085,465.9672287,0.33457219,-0.921801741,-0.195813688
0.0005,0.0002,0.0009,475.1049303,-0.037527744,-0.985677588,0.164412168
0.0005,0.0002,0.00095,485.7596504,-0.095027474,-0.910923658,0.401482091
0.0005,0.00025,5.00E-05,526.5042719,0.17303301,-0.013498299,0.984823524
0.0005,0.00025,0.0001,528.5586735,0.964536097,-0.263527793,-0.014940567
0.0005,0.00025,0.00015,526.1654787,0.923792283,-0.375359297,0.075585814
0.0005,0.00025,0.0002,530.5639325,0.878139681,-0.419662181,0.22968316
0.0005,0.00025,0.00025,529.8734783,0.749128547,-0.591857701,0.297507785
0.0005,0.00025,0.0003,536.917683,0.25961577,-0.828972283,0.495383292
0.0005,0.00025,0.00035,543.228246,-0.014930824,-0.979147055,0.202603343
0.0005,0.00025,0.0004,543.3694997,0.197927602,-0.972045779,0.126299916
0.0005,0.00025,0.00045,548.3715115,0.256960691,-0.951598124,-0.168618544
0.0005,0.00025,0.0005,535.6611863,0.092889743,-0.793290238,-0.601715958
0.0005,0.00025,0.00055,500.1781284,-0.12201625,-0.945369433,-0.302305589
0.0005,0.00025,0.0006,511.827269,0.162434961,-0.94751433,0.275375158
0.0005,0.00025,0.00065,519.4287719,0.062702453,-0.986030369,-0.154313037
0.0005,0.00025,0.0007,495.6776445,0.034549605,-0.960711812,-0.275389069
0.0005,0.00025,0.00075,470.2930849,0.091960981,-0.90502178,-0.415305617
0.0005,0.00025,0.0008,421.5247454,0.207326171,-0.881095934,-0.425071539
0.0005,0.00025,0.00085,396.7502246,0.047901121,-0.991317387,-0.122455383
0.0005,0.00025,0.0009,404.4785962,-0.242526216,-0.961771895,0.127184338
0.0005,0.00025,0.00095,415.2454506,-0.228199292,-0.705478136,0.670988586
0.0005,0.0003,5.00E-05,524.2152689,0.137717287,-0.096305949,0.98577843
0.0005,0.0003,0.0001,521.8488494,0.760728254,-0.644089196,-0.080259772
0.0005,0.0003,0.00015,521.8665351,0.700602162,-0.681606336,0.211114694
0.0005,0.0003,0.0002,526.7685269,0.625951771,-0.742857352,0.237375934
0.0005,0.0003,0.00025,527.5374396,0.824271917,-0.565015827,-0.03650921
0.0005,0.0003,0.0003,525.7183634,0.629670342,-0.771613296,-0.090156427
0.0005,0.0003,0.00035,524.7743312,0.250962341,-0.967092995,-0.041821561
0.0005,0.0003,0.0004,523.9414458,0.242825366,-0.969300158,0.038639938
0.0005,0.0003,0.00045,526.5628016,-0.15750769,-0.913786778,-0.374412942
0.0005,0.0003,0.0005,493.4346415,-0.191129127,-0.830509974,-0.523185283
0.0005,0.0003,0.00055,470.5409162,-0.394268138,-0.899000373,-0.190659288
0.0005,0.0003,0.0006,478.0918335,-0.243857355,-0.948723289,-0.201141023
0.0005,0.0003,0.00065,446.479889,0.022857551,-0.878543039,-0.477115982
0.0005,0.0003,0.0007,383.0161385,0.130018262,-0.831962688,-0.539382367
0.0005,0.0003,0.00075,369.6162302,0.028998289,-0.960361279,-0.277245944
0.0005,0.0003,0.0008,352.1784511,0.00359898,-0.859342341,-0.5113881
0.0005,0.0003,0.00085,327.972935,0.052841095,-0.989375054,-0.135443054
0.0005,0.0003,0.0009,335.2434599,-0.271190012,-0.927732646,0.256452949
0.0005,0.0003,0.00095,357.4617209,-0.271080022,-0.47093098,0.839487721
0.0005,0.00035,5.00E-05,510.4444171,0.134584583,-0.218294701,0.966558024
0.0005,0.00035,0.0001,509.7099523,0.395090539,-0.918635682,-0.003456781
0.0005,0.00035,0.00015,510.2817745,0.415828976,-0.906375094,0.074635462
0.0005,0.00035,0.0002,512.8170909,0.689353633,-0.720815569,0.072225236
0.0005,0.00035,0.00025,513.6211682,0.597389075,-0.801923976,0.006650492
0.0005,0.00035,0.0003,513.269328,0.50948177,-0.841007625,-0.182028846
0.0005,0.00035,0.00035,502.138327,0.394310061,-0.897872643,-0.195816987
0.0005,0.00035,0.0004,498.5049188,0.204355559,-0.912971553,-0.353159665
0.0005,0.00035,0.00045,473.9170489,-0.059672482,-0.896336805,-0.439339877
0.0005,0.00035,0.0005,446.7314398,-0.169126551,-0.91187132,-0.37401458
0.0005,0.00035,0.00055,427.8334225,-0.233324325,-0.88787824,-0.396524892
0.0005,0.00035,0.0006,398.3384515,-0.143023739,-0.880174994,-0.452588324
0.0005,0.00035,0.00065,344.3600398,0.038392185,-0.992205264,-0.118552753
0.0005,0.00035,0.0007,377.1203832,0.891843773,-0.430488032,0.138905505
0.0005,0.00035,0.00075,363.4734124,0.937042624,-0.283703599,-0.203625607
0.0005,0.00035,0.0008,351.5468816,0.771030731,-0.193842278,-0.606577928
0.0005,0.00035,0.00085,273.0446723,0.117819447,-0.931925727,-0.342976701
0.0005,0.00035,0.0009,297.8012914,0.105817063,-0.951940653,0.287422586
0.0005,0.00035,0.00095,309.2371351,-0.130223808,-0.47173149,0.872072911
0.0005,0.0004,5.00E-05,478.9389868,0.146202599,-0.265577587,0.952939319
0.0005,0.0004,0.0001,478.6267626,0.273935321,-0.958230167,0.082185072
0.0005,0.0004,0.00015,484.1333589,0.273442394,-0.911118417,0.308370698
0.0005,0.0004,0.0002,493.4410211,0.619049292,-0.752094317,-0.226124109
0.0005,0.0004,0.00025,473.0061716,0.668826267,-0.704763547,-0.236600438
0.0005,0.0004,0.0003,472.6654699,0.498851393,-0.852161281,-0.158014042
0.0005,0.0004,0.00035,457.0756124,0.416359655,-0.884146521,-0.211965959
0.0005,0.0004,0.0004,450.9851412,0.359118536,-0.885890999,-0.293651179
0.0005,0.0004,0.00045,420.9350696,0.05860454,-0.854302266,-0.516462144
0.0005,0.0004,0.0005,381.0798312,0.014587837,-0.905524912,-0.424042249
0.0005,0.0004,0.00055,362.181814,-0.074927709,-0.901292277,-0.426682634
0.0005,0.0004,0.0006,315.7562622,-0.316233757,-0.812011346,-0.490544376
0.0005,0.0004,0.00065,268.8992036,-0.247704327,-0.967366611,0.053332983
0.0005,0.0004,0.0007,323.7810624,0.514274233,-0.822170364,0.244044884
0.0005,0.0004,0.00075,333.98567,0.95283119,-0.303498154,-0.001262443
0.0005,0.0004,0.0008,323.2804115,0.655612638,-0.667775734,-0.352487785
0.0005,0.0004,0.00085,181.9370727,-0.429956862,-0.790385388,-0.436380607
0.0005,0.0004,0.0009,215.3743949,0.186029942,-0.929191163,0.319369132
0.0005,0.0004,0.00095,242.4364091,0.013727741,-0.211003731,0.977388855
0.0005,0.00045,5.00E-05,444.6198018,0.20149852,-0.015800717,0.979361365
0.0005,0.00045,0.0001,449.1465932,0.436638846,0.787889036,0.434254977
0.0005,0.00045,0.00015,466.5112612,0.155659487,0.877066762,0.454449138
0.0005,0.00045,0.0002,475.8077938,0.415968869,0.88625491,-0.203769807
0.0005,0.00045,0.00025,451.7368739,0.453503654,0.81610195,-0.358206705
0.0005,0.00045,0.0003,427.3566741,0.509420996,0.773399952,-0.377283398
0.0005,0.00045,0.00035,411.7059422,0.772240877,0.359079908,-0.524123696
0.0005,0.00045,0.0004,389.4756221,0.758458401,0.088103451,-0.645738829
0.0005,0.00045,0.00045,358.2836663,0.296678053,-0.600686806,-0.74239982
0.0005,0.00045,0.0005,321.2662611,0.221131982,-0.720198265,-0.657582775
0.0005,0.00045,0.00055,289.8488326,-0.053565298,-0.831105311,-0.553529331
0.0005,0.00045,0.0006,243.9252288,-0.399624253,-0.763518848,-0.507286335
0.0005,0.00045,0.00065,198.8042634,-0.391134748,-0.769851168,-0.50432409
0.0005,0.00045,0.0007,157.8485721,0.440259256,-0.887147112,0.138353854
0.0005,0.00045,0.00075,243.11424,0.963272506,-0.227722747,-0.142296976
0.0005,0.00045,0.0008,63.49615213,0.386937169,-0.82244815,-0.416963629
0.0005,0.00045,0.00085,77.60212195,-0.948165185,-0.161506882,0.273675554
0.0005,0.00045,0.0009,121.7809965,0.288582681,0.00415315,0.957445971
0.0005,0.00045,0.00095,252.3374559,0.239969566,0.564856634,0.789526181
0.0005,0.0005,5.00E-05,475.7637284,0.709386814,-0.449640262,0.542765126
0.0005,0.0005,0.0001,518.3454573,0.142904943,0.925047046,0.351946217
0.0005,0.0005,0.00015,535.5882983,0.071775404,0.976408613,0.203652919
0.0005,0.0005,0.0002,557.6991831,0.912704892,-0.27488631,0.302336395
0.0005,0.0005,0.00025,583.3923054,0.583647368,0.811965728,-0.008210216
0.0005,0.0005,0.0003,554.7255891,0.582985038,0.768472759,-0.263776544
0.0005,0.0005,0.00035,483.0281209,0.364238234,0.863884072,-0.347900589
0.0005,0.0005,0.0004,458.273981,0.226142634,0.869787802,-0.438552949
0.0005,0.0005,0.00045,365.7458547,0.318139333,-0.259482382,-0.911842233
0.0005,0.0005,0.0005,306.128585,0.111950841,0.435128004,-0.89338157
0.0005,0.0005,0.00055,246.0569059,-0.089399113,0.873822315,-0.477956443
0.0005,0.0005,0.0006,178.7246891,-0.35172073,0.816241826,-0.458303186
0.0005,0.0005,0.00065,137.5031111,-0.52754913,0.247115443,-0.812788947
0.0005,0.0005,0.0007,39.65838281,0.963869209,0.100881507,0.246534113
0.0005,0.0005,0.00075,182.9902454,0.974157361,-0.216751675,-0.063530675
0.0005,0.0005,0.0008,-3.187236397,0.872773264,0.451200678,-0.186238494
0.0005,0.0005,0.00085,147.5408566,-0.629453018,0.536815404,0.561799003
0.0005,0.0005,0.0009,216.1323511,-0.020490221,0.749276849,0.661939842
0.0005,0.0005,0.00095,473.4073953,0.055535038,0.747947506,0.661430562
0.0005,0.00055,5.00E-05,407.3919826,-0.07377028,-0.863806485,0.498393722
0.0005,0.00055,0.0001,606.3880666,0.090133962,0.576886604,0.811836015
0.0005,0.00055,0.00015,655.1916737,0.391735969,0.062512858,-0.917951563
0.0005,0.00055,0.0002,432.3440649,0.097480428,-0.938808444,0.330357792
0.0005,0.00055,0.00025,745.8163967,0.80077396,0.106813657,0.589365682
0.0005,0.00055,0.0003,719.7524293,0.811502687,0.551226219,-0.193940828
0.0005,0.00055,0.00035,651.2082905,0.305849686,0.917649009,-0.253724783
0.0005,0.00055,0.0004,622.0830751,-0.208379738,0.462916911,-0.861560107
0.0005,0.00055,0.00045,314.9877447,-0.243792496,-0.170699287,-0.954686845
0.0005,0.00055,0.0005,379.5616358,0.772769807,0.446319332,0.451249244
0.0005,0.00055,0.00055,522.7745917,0.330173161,0.933899994,0.137173191
0.0005,0.00055,0.0006,437.2604497,-0.305558959,0.770416123,-0.559546889
0.0005,0.00055,0.00065,241.0851434,-0.252338458,0.686419412,-0.682021769
0.0005,0.00055,0.0007,176.4618609,0.093076518,0.929903312,-0.355832253
0.0005,0.00055,0.00075,96.93509524,0.862153859,0.503526491,-0.056140859
0.0005,0.00055,0.0008,149.3795157,0.514401225,0.760279548,0.396694327
0.0005,0.00055,0.00085,287.1684125,-0.327917665,0.693443174,0.641565718
0.0005,0.00055,0.0009,490.6426931,-0.320047969,0.723588368,0.61154654
0.0005,0.00055,0.00095,545.9293343,-0.13455858,0.470249043,-0.87221547
0.0005,0.0006,5.00E-05,370.9778078,-0.341938998,-0.359065136,0.868418073
0.0005,0.0006,0.0001,694.430676,0.254115984,0.678941829,0.68881279
0.0005,0.0006,0.00015,547.4407625,0.467435525,-0.257129037,-0.845806531
0.0005,0.0006,0.0002,300.1624841,-0.56015677,-0.74099533,0.370338107
0.0005,0.0006,0.00025,635.4807447,0.304988462,-0.397893566,0.865252996
0.0005,0.0006,0.0003,823.6244548,0.767697722,0.370107733,0.523125677
0.0005,0.0006,0.00035,836.2698693,0.676065009,0.567271355,-0.47025452
0.0005,0.0006,0.0004,638.92554,-0.310500321,0.327009696,-0.892554878
0.0005,0.0006,0.00045,322.3826964,-0.367472249,0.83931097,-0.400651024
0.0005,0.0006,0.0005,511.6453544,0.686323968,0.517739195,0.510789131
0.0005,0.0006,0.00055,638.8809091,0.852504197,0.496725291,0.162789984
0.0005,0.0006,0.0006,566.5708141,0.171591539,0.643720682,-0.745774784
0.0005,0.0006,0.00065,399.9833165,0.042742315,0.932008434,-0.359907452
0.0005,0.0006,0.0007,416.3684934,0.068136174,0.995751663,0.06193616
0.0005,0.0006,0.00075,425.8913783,0.242598626,0.963266554,-0.115167061
0.0005,0.0006,0.0008,361.4020474,0.368982968,0.905397394,0.210016971
0.0005,0.0006,0.00085,516.398815,0.180232863,0.793905012,0.580715891
0.0005,0.0006,0.0009,522.3010248,-0.998080106,-0.050109546,0.0364024
0.0005,0.0006,0.00095,518.2914501,-0.193397952,-0.362341307,-0.911759842
0.0005,0.00065,5.00E-05,334.563633,-0.315365895,0.128237678,0.940265627
0.0005,0.00065,0.0001,780.3222371,0.458109757,0.407689357,0.78988913
0.0005,0.00065,0.00015,535.3323481,0.204949492,0.018488304,-0.97859792
0.0005,0.00065,0.0002,256.1882377,0.053172824,0.961512581,-0.269566704
0.0005,0.00065,0.00025,505.0981891,0.293370841,-0.178754184,0.939138164
0.0005,0.00065,0.0003,861.8093212,0.803663906,0.00172387,0.595080965
0.0005,0.00065,0.00035,874.0118981,0.990548071,-0.042187245,-0.130517261
0.0005,0.00065,0.0004,810.3584321,0.664608491,0.290689418,-0.688327841
0.0005,0.00065,0.00045,581.6229202,0.331507759,0.910846423,-0.245888997
0.0005,0.00065,0.0005,700.3662886,0.699283983,0.635806596,0.326729067
0.0005,0.00065,0.00055,690.3700683,0.847673188,0.414703051,-0.330864844
0.0005,0.00065,0.0006,643.4665651,0.417356739,0.793599003,-0.442734656
0.0005,0.00065,0.00065,630.0457742,0.137413672,0.966426816,-0.217109863
0.0005,0.00065,0.0007,592.9874496,0.126519931,0.911504929,-0.391345719
0.0005,0.00065,0.00075,556.6788682,0.118084477,0.912679377,-0.391244694
0.0005,0.00065,0.0008,539.5632094,-0.111158779,0.950598975,-0.289836703
0.0005,0.00065,0.00085,507.135709,-0.483966927,-0.511730519,-0.709864698
0.0005,0.00065,0.0009,488.0373955,-0.714668953,-0.645323194,-0.269826358
0.0005,0.00065,0.00095,485.7921692,0.07514224,-0.118389679,-0.990119956
0.0005,0.0007,5.00E-05,411.1471502,0.148333705,0.612841437,0.776158801
0.0005,0.0007,0.0001,798.0544193,0.446140821,-0.255980219,0.85757361
0.0005,0.0007,0.00015,557.3430406,-0.165373669,0.210678425,-0.963465698
0.0005,0.0007,0.0002,408.0041567,0.122472433,0.987936091,-0.094777543
0.0005,0.0007,0.00025,520.2077139,0.229960475,0.501250403,0.834185959
0.0005,0.0007,0.0003,824.6931482,0.704343292,-0.074128412,0.705978403
0.0005,0.0007,0.00035,819.6393392,0.874206621,-0.378989544,-0.303528762
0.0005,0.0007,0.0004,762.4050461,0.574251567,-0.391308477,-0.719105565
0.0005,0.0007,0.00045,729.8265101,0.484961595,0.844359625,-0.227747833
0.0005,0.0007,0.0005,723.2645858,0.906412514,0.333003264,-0.259856076
0.0005,0.0007,0.00055,710.1985162,0.669149751,0.385917517,-0.635063997
0.0005,0.0007,0.0006,674.7017206,0.311472305,0.430883512,-0.846950059
0.0005,0.0007,0.00065,624.6823241,0.287238468,0.011105037,-0.957794728
0.0005,0.0007,0.0007,587.2514062,0.222346231,-0.144305831,-0.964229216
0.0005,0.0007,0.00075,550.5172275,-0.049504133,-0.189174235,-0.980694881
0.0005,0.0007,0.0008,523.8924287,-0.42820228,-0.434207183,-0.792531974
0.0005,0.0007,0.00085,479.25465,-0.519027737,-0.590420288,-0.618072885
0.0005,0.0007,0.0009,471.2553027,-0.851362632,-0.45362357,0.263452701
0.0005,0.0007,0.00095,499.9404318,-0.180423481,0.375646101,-0.909031008
0.0005,0.00075,5.00E-05,569.9492324,0.527831293,0.402125218,0.748123944
0.0005,0.00075,0.0001,736.6837021,0.539955195,-0.786596238,0.299524198
0.0005,0.00075,0.00015,620.6235788,-0.312379778,0.867285106,-0.387602141
0.0005,0.00075,0.0002,643.2770829,0.308438846,0.900945577,0.3052254
0.0005,0.00075,0.00025,755.4806401,0.298023262,0.822927543,0.48370693
0.0005,0.00075,0.0003,830.3687124,0.826436594,0.06079684,0.559737707
0.0005,0.00075,0.00035,796.238249,0.570641831,-0.286674187,-0.769536101
0.0005,0.00075,0.0004,761.4858839,0.62377803,-0.039383973,-0.780608655
0.0005,0.00075,0.00045,726.7335189,0.890980515,-0.056559664,-0.450504967
0.0005,0.00075,0.0005,725.5193892,0.994092943,0.072691376,-0.080592708
0.0005,0.00075,0.00055,719.8808899,0.889955339,0.024051896,-0.455413
0.0005,0.00075,0.0006,686.9726925,0.360859223,0.112162211,-0.9258511
0.0005,0.00075,0.00065,631.0597065,0.125708431,0.151850841,-0.980376822
0.0005,0.00075,0.0007,581.8879561,-0.016306105,-0.084442475,-0.996294926
0.0005,0.00075,0.00075,544.4570382,-0.264572578,-0.32183545,-0.909078266
0.0005,0.00075,0.0008,500.5203392,-0.474836449,-0.320779664,-0.819530813
0.0005,0.00075,0.00085,456.8535694,-0.724087905,-0.136195167,-0.676126898
0.0005,0.00075,0.0009,452.4197755,-0.395854519,-0.240258037,0.886326845
0.0005,0.00075,0.00095,510.6311383,0.036515115,0.321074439,0.946349751
0.0005,0.0008,5.00E-05,532.6530011,0.580979453,0.112905202,0.806049186
0.0005,0.0008,0.0001,664.9758548,0.276845971,-0.130153231,0.952059055
0.0005,0.0008,0.00015,766.3464519,0.368229451,0.721518771,0.586359731
0.0005,0.0008,0.0002,806.0669417,0.353738968,0.88088678,0.314495189
0.0005,0.0008,0.00025,838.5055206,0.662893534,0.73047667,0.164243713
0.0005,0.0008,0.0003,829.1201035,0.82001821,-0.049298808,-0.570210279
0.0005,0.0008,0.00035,793.9785173,0.653500052,-0.035306143,-0.756102611
0.0005,0.0008,0.0004,758.8983307,0.661349089,-0.050612978,-0.748368699
0.0005,0.0008,0.00045,725.3110153,0.919687446,0.135553764,-0.368510757
0.0005,0.0008,0.0005,729.4453811,0.979952445,0.126631395,-0.153810581
0.0005,0.0008,0.00055,712.2342972,0.817494075,-0.386172625,-0.427286955
0.0005,0.0008,0.0006,685.4619609,0.266136036,-0.592776966,-0.760123068
0.0005,0.0008,0.00065,640.9589284,-0.006692118,-0.387208388,-0.921967939
0.0005,0.0008,0.0007,579.9112668,-0.191265693,-0.303224435,-0.933526849
0.0005,0.0008,0.00075,521.7111449,-0.375315585,-0.23936051,-0.895457848
0.0005,0.0008,0.0008,489.6027951,-0.68252443,-0.027346034,-0.730351009
0.0005,0.0008,0.00085,469.5655453,-0.824680975,0.331353939,-0.458373054
0.0005,0.0008,0.0009,456.677731,-0.450766322,0.127381119,0.883506522
0.0005,0.0008,0.00095,539.8154404,-0.132520348,0.365744853,0.921232359
0.0005,0.00085,5.00E-05,587.4807455,0.623352224,0.144230433,0.768524292
0.0005,0.00085,0.0001,704.7361486,0.457672759,-0.030286709,0.888604727
0.0005,0.00085,0.00015,794.2369123,0.640927711,-0.019100191,0.767363572
0.0005,0.00085,0.0002,845.3913662,0.68999373,0.552992363,0.467020449
0.0005,0.00085,0.00025,858.0099643,0.941955421,0.223997831,-0.250089898
0.0005,0.00085,0.0003,826.5190305,0.720689675,-0.055263824,-0.691051592
0.0005,0.00085,0.00035,792.9592497,0.67066454,-0.020980881,-0.741464009
0.0005,0.00085,0.0004,756.8418271,0.737803841,-0.048231038,-0.673289877
0.0005,0.00085,0.00045,737.5675532,0.96116024,0.046993072,-0.271960742
0.0005,0.00085,0.0005,736.2853784,0.591867601,-0.486430678,-0.642711396
0.0005,0.00085,0.00055,680.1296346,0.275305557,-0.603766158,-0.748113144
0.0005,0.00085,0.0006,631.3890658,0.212772921,-0.740402971,-0.637597933
0.0005,0.00085,0.00065,586.7304924,0.070568985,-0.764748066,-0.640453288
0.0005,0.00085,0.0007,543.1543709,-0.036287274,-0.756114647,-0.653432379
0.0005,0.00085,0.00075,520.317117,-0.454509058,-0.429869641,-0.780149734
0.0005,0.00085,0.0008,498.5678871,-0.754976121,0.134591711,-0.641791343
0.0005,0.00085,0.00085,480.6548151,-0.843246709,0.190739266,-0.502547032
0.0005,0.00085,0.0009,462.5481787,-0.508236825,-0.065652741,0.858711271
0.0005,0.00085,0.00095,540.7946076,-0.06562548,-0.222328431,0.972760693
0.0005,0.0009,5.00E-05,563.4202256,0.684476645,-0.44231414,0.579525602
0.0005,0.0009,0.0001,657.9288927,0.412624847,-0.502103079,0.760021864
0.0005,0.0009,0.00015,762.8454497,0.42300252,-0.483556251,0.766317311
0.0005,0.0009,0.0002,881.5797181,0.546403815,-0.662205766,0.512763488
0.0005,0.0009,0.00025,855.4088913,0.651385829,-0.544504717,-0.52840431
0.0005,0.0009,0.0003,823.9179575,0.739286934,-0.055066772,-0.671135217
0.0005,0.0009,0.00035,792.0068921,0.688446366,-0.026813687,-0.724791437
0.0005,0.0009,0.0004,754.9303533,0.66198255,-0.145265184,-0.735307507
0.0005,0.0009,0.00045,728.8630378,0.140849218,-0.628404056,-0.765029307
0.0005,0.0009,0.0005,685.9739788,0.106188616,-0.708522408,-0.697653191
0.0005,0.0009,0.00055,627.5775254,0.195822588,-0.680781804,-0.70582551
0.0005,0.0009,0.0006,577.0033245,0.249945354,-0.714296998,-0.653687325
0.0005,0.0009,0.00065,535.6002496,0.211583885,-0.731633203,-0.648031725
0.0005,0.0009,0.0007,503.0615,0.17284387,-0.855922408,-0.487362112
0.0005,0.0009,0.00075,497.1435844,-0.262076376,-0.959457914,-0.103713474
0.0005,0.0009,0.0008,497.9204783,-0.693844336,-0.630558114,-0.347816764
0.0005,0.0009,0.00085,483.2366493,-0.717037782,0.088644926,-0.691374642
0.0005,0.0009,0.0009,452.0797452,-0.859983459,0.322473404,0.395524151
0.0005,0.0009,0.00095,511.2615918,-0.336377612,-0.361954349,0.869390103
0.0005,0.00095,5.00E-05,475.5391489,0.909694962,-0.118862159,0.397903083
0.0005,0.00095,0.0001,572.9872822,0.00480613,-0.536900357,0.843631974
0.0005,0.00095,0.00015,653.1103149,0.088731576,-0.824780382,0.558447875
0.0005,0.00095,0.0002,725.8507863,0.091155275,-0.918764751,0.384138059
0.0005,0.00095,0.00025,798.5912578,0.142622078,-0.947728951,0.285427362
0.0005,0.00095,0.0003,821.3168844,0.256796176,-0.966032989,-0.02891346
0.0005,0.00095,0.00035,790.4070506,0.269805936,-0.911895434,-0.309275727
0.0005,0.00095,0.0004,744.3673133,0.19342963,-0.831724132,-0.520403638
0.0005,0.00095,0.00045,680.9259775,0.129864312,-0.772944841,-0.621040685
0.0005,0.00095,0.0005,633.4218695,0.128859261,-0.64683124,-0.751667904
0.0005,0.00095,0.00055,575.0254161,0.16815627,-0.261703927,-0.950386513
0.0005,0.00095,0.0006,530.8836873,0.131866038,0.404531664,-0.904967116
0.0005,0.00095,0.00065,503.249558,0.067820311,0.799205225,-0.597219737
0.0005,0.00095,0.0007,475.6154288,0.01310062,0.956562724,-0.291232088
0.0005,0.00095,0.00075,472.7572987,-0.07082776,0.997347129,-0.016796822
0.0005,0.00095,0.0008,473.3559604,-0.057855684,0.994199547,0.090664113
0.0005,0.00095,0.00085,486.5323063,-0.166283951,0.983166578,0.075717421
0.0005,0.00095,0.0009,485.397096,-0.483209906,0.874401324,0.043937581
0.0005,0.00095,0.00095,494.4400759,-0.072785614,0.990686642,-0.115074898
0.00055,5.00E-05,5.00E-05,550.9772596,0.659294273,-0.601670681,-0.45091402
0.00055,5.00E-05,0.0001,557.916336,0.480154398,-0.876629528,-0.031183732
0.00055,5.00E-05,0.00015,549.4478521,0.160312044,-0.982156324,-0.098331089
0.00055,5.00E-05,0.0002,543.8568272,0.091743392,-0.99577815,-0.003004348
0.00055,5.00E-05,0.00025,548.7669011,0.069968562,-0.996745153,0.040043742
0.00055,5.00E-05,0.0003,555.8205629,0.047538628,-0.996145005,0.073723864
0.00055,5.00E-05,0.00035,570.7321722,0.029822919,-0.994241529,0.102928986
0.00055,5.00E-05,0.0004,581.8984732,0.022314725,-0.992024874,0.124051208
0.00055,5.00E-05,0.00045,592.8819482,0.039510027,-0.991763195,0.121838924
0.00055,5.00E-05,0.0005,594.8251061,-0.020062328,-0.980099884,0.197488531
0.00055,5.00E-05,0.00055,603.7010242,0.298299491,-0.118822295,0.947047346
0.00055,5.00E-05,0.0006,620.4690715,0.291785668,0.897510496,0.330659997
0.00055,5.00E-05,0.00065,628.0787098,0.333630087,0.94265329,0.009784631
0.00055,5.00E-05,0.0007,621.5729607,0.350053704,0.910701354,0.219283945
0.00055,5.00E-05,0.00075,660.3626043,0.140912909,0.977812243,0.155005708
0.00055,5.00E-05,0.0008,645.1974332,-0.07957937,0.982797348,-0.166662823
0.00055,5.00E-05,0.00085,636.5756906,-0.099828011,0.947504346,-0.303759582
0.00055,5.00E-05,0.0009,606.4409147,-0.060421513,0.853926553,-0.516873953
0.00055,5.00E-05,0.00095,576.3061387,-0.401985774,0.449070168,-0.797962043
0.00055,0.0001,5.00E-05,550.7867526,0.745864773,-0.315951121,0.586396308
0.00055,0.0001,0.0001,544.9137764,0.872973506,-0.386223181,-0.297907558
0.00055,0.0001,0.00015,545.1645809,0.995860759,0.088118938,-0.022280084
0.00055,0.0001,0.0002,544.5399654,0.978521888,0.008998937,0.205946436
0.00055,0.0001,0.00025,549.4501139,0.74219989,-0.056416186,0.667799774
0.00055,0.0001,0.0003,560.0666898,0.341865377,0.054787138,0.938150539
0.00055,0.0001,0.00035,570.4834914,0.299230008,-0.117388639,0.946932579
0.00055,0.0001,0.0004,586.2134068,0.340350232,0.154903351,0.927451708
0.00055,0.0001,0.00045,594.6793801,0.967833629,-0.033499024,-0.249350923
0.00055,0.0001,0.0005,582.7671188,0.195006348,-0.901147132,-0.38717744
0.00055,0.0001,0.00055,586.9242514,0.068389959,-0.725071197,0.685269708
0.00055,0.0001,0.0006,610.1046731,0.403803276,-0.735927046,0.543465084
0.00055,0.0001,0.00065,617.7464677,0.746302791,-0.664402976,0.040010364
0.00055,0.0001,0.0007,612.9360583,0.807390327,-0.589942275,-0.009432534
0.00055,0.0001,0.00075,617.0222035,0.474826101,-0.879315001,-0.036678368
0.00055,0.0001,0.0008,609.599005,0.370998688,-0.841486039,-0.392761021
0.00055,0.0001,0.00085,591.6212677,-0.072578954,-0.555345495,-0.828446544
0.00055,0.0001,0.0009,538.7275381,-0.393480382,-0.66420257,-0.635616343
0.00055,0.0001,0.00095,525.0426249,-0.723831874,-0.676581883,0.135293655
0.00055,0.00015,5.00E-05,540.2706564,0.460770582,-0.407991416,0.788183656
0.00055,0.00015,0.0001,550.627454,0.671690598,-0.446389859,0.591242619
0.00055,0.00015,0.00015,550.9262948,0.95664261,0.086445923,-0.278140285
0.00055,0.00015,0.0002,544.0440858,0.976665749,0.16845911,-0.133212396
0.00055,0.00015,0.00025,547.4551927,0.623930897,-0.250327576,0.74030152
0.00055,0.00015,0.0003,557.048893,0.220169802,-0.37554605,0.900272416
0.00055,0.00015,0.00035,567.4908353,0.4010968,-0.331149527,0.854085094
0.00055,0.00015,0.0004,585.9396801,0.620300827,-0.25252152,0.742603371
0.00055,0.00015,0.00045,592.418957,0.853737247,-0.391163458,-0.343691521
0.00055,0.00015,0.0005,576.7752115,0.385158451,-0.577145076,-0.720108692
0.00055,0.00015,0.00055,574.7756639,0.166979424,-0.984049559,0.061354194
0.00055,0.00015,0.0006,578.7315188,0.475653992,-0.874066081,0.098801653
0.00055,0.00015,0.00065,581.061373,0.575917228,-0.816818521,-0.033568603
0.00055,0.00015,0.0007,576.2750531,0.607765519,-0.794037821,-0.011180911
0.00055,0.00015,0.00075,580.3611983,0.255816795,-0.947516408,0.191756157
0.00055,0.00015,0.0008,590.7762159,0.626398782,-0.76753168,0.136087057
0.00055,0.00015,0.00085,589.0673147,0.360561708,-0.757099066,-0.544790106
0.00055,0.00015,0.0009,536.8679622,-0.097436358,-0.69016806,-0.717059415
0.00055,0.00015,0.00095,515.9999399,-0.685108757,-0.727091415,0.044317768
0.00055,0.0002,5.00E-05,532.8623407,0.246505306,-0.070709487,0.966558484
0.00055,0.0002,0.0001,536.8687391,0.813411721,-0.359638239,0.45718892
0.00055,0.0002,0.00015,547.2106899,0.892648662,-0.298297802,0.337930152
0.00055,0.0002,0.0002,548.9294876,0.967191596,-0.245892532,-0.063853579
0.00055,0.0002,0.00025,545.0526329,0.973849642,-0.191564639,0.122146899
0.00055,0.0002,0.0003,551.7088791,0.441591223,-0.664379156,0.602990489
0.00055,0.0002,0.00035,559.2818318,0.480580021,-0.632058416,0.607902132
0.00055,0.0002,0.0004,577.7366244,0.633436297,-0.587964482,0.503046941
0.00055,0.0002,0.00045,584.2490814,0.618329583,-0.755847477,-0.215320965
0.00055,0.0002,0.0005,568.6265594,0.483152938,-0.650738874,-0.585749226
0.00055,0.0002,0.00055,555.5473688,0.276467179,-0.940951145,-0.19538895
0.00055,0.0002,0.0006,554.4970498,0.291247205,-0.955874106,0.038467641
0.00055,0.0002,0.00065,557.9737482,0.261325267,-0.955022508,0.140146761
0.00055,0.0002,0.0007,563.2115589,0.14796519,-0.979405597,-0.137371684
0.00055,0.0002,0.00075,545.3682348,0.532530348,-0.845978755,-0.02704395
0.00055,0.0002,0.0008,560.4964651,0.598969401,-0.780848614,-0.177513658
0.00055,0.0002,0.00085,516.7045464,0.441609669,-0.804345766,-0.397503195
0.00055,0.0002,0.0009,468.4003557,0.140576382,-0.934743246,-0.326333181
0.00055,0.0002,0.00095,469.2169401,-0.212513119,-0.842233402,0.495460463
0.00055,0.00025,5.00E-05,535.321526,0.140694538,0.023984703,0.989762487
0.00055,0.00025,0.0001,539.3406209,0.977409239,-0.113394407,0.178361675
0.00055,0.00025,0.00015,540.2800274,0.855333867,-0.508872703,-0.097224221
0.00055,0.00025,0.0002,535.7336651,0.81508795,-0.570804502,0.099064898
0.00055,0.00025,0.00025,543.0962353,0.945269267,-0.187569904,0.266989784
0.00055,0.00025,0.0003,541.3710617,0.878057142,-0.4657963,-0.109770046
0.00055,0.00025,0.00035,540.4288222,0.796277361,-0.477967897,0.370795164
0.00055,0.00025,0.0004,556.7577991,0.651691174,-0.667811629,0.359619579
0.00055,0.00025,0.00045,560.4396296,0.053509216,-0.983576432,-0.172377973
0.00055,0.00025,0.0005,544.8890061,-0.105120865,-0.82332064,-0.557756871
0.00055,0.00025,0.00055,506.7309855,0.093696321,-0.962857665,-0.253231348
0.00055,0.00025,0.0006,518.4389403,-0.04928463,-0.989608446,0.135078309
0.00055,0.00025,0.00065,521.6768229,-0.104893095,-0.962386686,-0.250617848
0.00055,0.00025,0.0007,486.4027448,-0.091340501,-0.983963969,-0.153205156
0.00055,0.00025,0.00075,495.4286481,0.155396468,-0.979483687,-0.128310732
0.00055,0.00025,0.0008,464.6901352,0.31401735,-0.862043084,-0.397837687
0.00055,0.00025,0.00085,402.7112889,0.284338304,-0.905332366,-0.315475887
0.00055,0.00025,0.0009,400.8452658,-0.024768967,-0.999299936,0.028038104
0.00055,0.00025,0.00095,406.4209905,-0.096968813,-0.691957626,0.715396179
0.00055,0.0003,5.00E-05,536.0833537,0.120522661,-0.066171203,0.990502731
0.00055,0.0003,0.0001,533.7163448,0.766732475,-0.606645882,-0.210004965
0.00055,0.0003,0.00015,528.3318413,0.689157106,-0.72396963,-0.030503415
0.00055,0.0003,0.0002,532.7027092,0.546343876,-0.669372527,0.503436977
0.00055,0.0003,0.00025,541.0921595,0.770291325,-0.574245942,0.277295641
0.00055,0.0003,0.0003,540.3900248,0.91986361,-0.389319616,-0.047761656
0.00055,0.0003,0.00035,539.4477907,0.834489857,-0.551006039,0.004361495
0.00055,0.0003,0.0004,540.5766624,0.262396898,-0.891812188,-0.368536145
0.00055,0.0003,0.00045,516.5265942,-0.134500934,-0.860569783,-0.491252631
0.00055,0.0003,0.0005,489.3457159,-0.102102547,-0.859933534,-0.50008938
0.00055,0.0003,0.00055,454.9766899,-0.149558925,-0.897726739,-0.414389708
0.00055,0.0003,0.0006,445.0011063,-0.211363821,-0.967496315,-0.138838811
0.00055,0.0003,0.00065,434.952949,-0.149884987,-0.948392681,-0.27943839
0.00055,0.0003,0.0007,394.6319957,0.091020375,-0.867275066,-0.489437689
0.00055,0.0003,0.00075,379.6210165,0.168793743,-0.94807055,-0.269575417
0.00055,0.0003,0.0008,359.5945373,0.206853322,-0.897232396,-0.390109896
0.00055,0.0003,0.00085,333.4866555,0.104206035,-0.976749628,-0.187353318
0.00055,0.0003,0.0009,336.1836904,0.082504079,-0.994849506,0.058885793
0.00055,0.0003,0.00095,339.1465308,-0.052510477,-0.501287052,0.863686251
0.00055,0.00035,5.00E-05,522.3231583,0.114139476,-0.171611357,0.978530389
0.00055,0.00035,0.0001,516.9486595,0.484081248,-0.864458444,-0.135561589
0.00055,0.00035,0.00015,516.2223474,0.423460113,-0.904608781,0.04862598
0.00055,0.00035,0.0002,518.767477,0.342931085,-0.89941613,0.271014568
0.00055,0.00035,0.00025,527.1767287,0.453771938,-0.869629294,0.194514575
0.00055,0.00035,0.0003,527.9673172,0.57217786,-0.793612627,-0.206861052
0.00055,0.00035,0.00035,516.8501102,0.271846786,-0.894973068,-0.353726634
0.00055,0.00035,0.0004,501.29132,0.042800279,-0.860707396,-0.507297659
0.00055,0.00035,0.00045,470.6939434,0.020856726,-0.844051439,-0.535856479
0.00055,0.00035,0.0005,439.0502724,-0.016941552,-0.869221482,-0.494132572
0.00055,0.00035,0.00055,410.6635858,-0.090050295,-0.876161963,-0.473530526
0.00055,0.00035,0.0006,378.9037815,0.30677324,-0.883271169,-0.354573296
0.00055,0.00035,0.00065,350.7278853,0.415303166,-0.908256666,0.050922582
0.00055,0.00035,0.0007,388.3555235,-0.277880447,-0.90116372,0.332695666
0.00055,0.00035,0.00075,372.2053111,0.103807119,0.969694989,-0.221168962
0.00055,0.00035,0.0008,358.5835133,0.077856002,0.682683507,-0.726554659
0.00055,0.00035,0.00085,280.6609494,0.202748622,-0.918013495,-0.340799382
0.00055,0.00035,0.0009,305.2241678,-0.137728571,-0.986495033,0.088647567
0.00055,0.00035,0.00095,290.3984038,-0.099887367,-0.450493384,0.887174292
0.00055,0.0004,5.00E-05,496.3517344,0.117034937,-0.209608265,0.970755993
0.00055,0.0004,0.0001,494.8122752,0.452795078,-0.891070926,-0.031132344
0.00055,0.0004,0.00015,494.4956431,0.390511666,-0.920124598,0.029518877
0.00055,0.0004,0.0002,496.3484006,0.267054798,-0.955286757,0.126921026
0.00055,0.0004,0.00025,499.9618199,0.636697119,-0.76767509,0.072744312
0.00055,0.0004,0.0003,500.772442,0.497235449,-0.801578311,-0.332007711
0.00055,0.0004,0.00035,471.954148,0.407395262,-0.816286934,-0.409517695
0.00055,0.0004,0.0004,462.2657272,0.155651196,-0.814942968,-0.558247852
0.00055,0.0004,0.00045,418.4879442,0.070388307,-0.817481712,-0.571637242
0.00055,0.0004,0.0005,383.7471796,0.170443916,-0.817190855,-0.550588756
0.00055,0.0004,0.00055,343.6891072,-0.143160624,-0.843020648,-0.518479723
0.00055,0.0004,0.0006,295.6963593,0.665908435,-0.674423832,-0.318933303
0.00055,0.0004,0.00065,266.3714027,0.720409725,-0.674153094,0.162872445
0.00055,0.0004,0.0007,336.4566754,0.568872143,-0.327274709,0.754503644
0.00055,0.0004,0.00075,510.1536595,0.510707692,0.799718963,0.31563782
0.00055,0.0004,0.0008,445.6112259,0.469301987,0.092753787,-0.878152823
0.00055,0.0004,0.00085,189.752242,0.597681964,-0.42702782,-0.678545143
0.00055,0.0004,0.0009,227.8225616,0.413176828,-0.884405005,0.217054593
0.00055,0.0004,0.00095,228.9070211,-0.051278384,0.038392332,0.997946169
0.00055,0.00045,5.00E-05,464.9081752,0.24102179,0.002213264,0.970517181
0.00055,0.00045,0.0001,463.8235563,0.696724424,0.714039814,0.068718422
0.00055,0.00045,0.00015,468.340215,0.341358264,0.894568929,0.288480445
0.00055,0.00045,0.0002,477.6256231,0.089510659,0.978270039,0.187017572
0.00055,0.00045,0.00025,480.4895546,0.310802986,0.936240558,-0.163875321
0.00055,0.00045,0.0003,460.3473747,0.531489735,0.767871294,-0.357620382
0.00055,0.00045,0.00035,440.0951164,0.760487559,0.254057149,-0.597589857
0.00055,0.00045,0.0004,423.2401343,0.462688638,-0.380918885,-0.800512353
0.00055,0.00045,0.00045,358.4068633,0.206238445,-0.730509761,-0.651015509
0.00055,0.00045,0.0005,328.0328844,0.543218584,-0.682393711,-0.48913433
0.00055,0.00045,0.00055,267.4976022,-0.222679954,-0.783866468,-0.579626603
0.00055,0.00045,0.0006,215.4059528,0.765096751,-0.568396193,-0.302576816
0.00055,0.00045,0.00065,182.01492,0.834118857,-0.510973654,0.20772977
0.00055,0.00045,0.0007,282.6121413,0.724166907,-0.117877646,0.679475644
0.00055,0.00045,0.00075,648.7658443,0.948891475,0.095313437,0.300865947
0.00055,0.00045,0.0008,392.4255099,0.738285644,-0.057911158,-0.671997475
0.00055,0.00045,0.00085,143.6003284,0.832021381,0.027231158,-0.554074802
0.00055,0.00045,0.0009,145.6851226,0.813270822,0.099263248,0.57335624
0.00055,0.00045,0.00095,300.7290825,0.437727078,0.573318573,0.692604374
0.00055,0.0005,5.00E-05,496.7236712,0.001082075,-0.889124359,0.457664401
0.00055,0.0005,0.0001,530.4739361,0.459821326,0.859204751,0.224346928
0.00055,0.0005,0.00015,537.2954249,0.285368292,0.949555041,0.130039079
0.00055,0.0005,0.0002,559.9003695,-0.918036437,-0.227783144,0.324536501
0.00055,0.0005,0.00025,598.6746511,-0.594108601,0.800014162,0.083739546
0.00055,0.0005,0.0003,587.5061157,-0.316552158,0.884566023,-0.342545882
0.00055,0.0005,0.00035,487.7297834,0.330348021,0.717413343,-0.613341895
0.00055,0.0005,0.0004,423.3948738,-0.090008676,0.064475837,-0.993851752
0.00055,0.0005,0.00045,311.65512,0.532676123,-0.454334159,-0.714028445
0.00055,0.0005,0.0005,256.9192219,0.497082205,0.7727297,-0.394712671
0.00055,0.0005,0.00055,191.3764378,-0.380126342,0.698170865,-0.606680647
0.00055,0.0005,0.0006,135.1155463,0.892794686,-0.056878903,-0.446858411
0.00055,0.0005,0.00065,101.0576313,0.956241632,-0.057004503,0.286971129
0.00055,0.0005,0.0007,255.483206,0.844334651,-0.102027698,0.526012686
0.00055,0.0005,0.00075,544.9422079,0.881401822,-0.38619597,0.271999081
0.00055,0.0005,0.0008,402.0772529,0.896871312,0.053358093,-0.43906123
0.00055,0.0005,0.00085,201.8788113,0.835874543,0.443160649,-0.323917254
0.00055,0.0005,0.0009,255.0257372,0.470644284,0.673714754,0.569738877
0.00055,0.0005,0.00095,493.1509559,0.090472431,0.6871948,0.720817623
0.00055,0.00055,5.00E-05,392.3992128,-0.020419825,-0.896339755,0.442897364
0.00055,0.00055,0.0001,619.2054187,0.420205989,0.531883702,0.735205178
0.00055,0.00055,0.00015,683.2142236,0.289275321,0.839365057,-0.460202227
0.00055,0.00055,0.0002,434.5452513,0.120816296,-0.96732055,0.222922353
0.00055,0.00055,0.00025,744.2238215,-0.805335144,-0.164517442,0.569534299
0.00055,0.00055,0.0003,746.8434783,-0.890742933,0.313533266,-0.329050024
0.00055,0.00055,0.00035,632.0526456,0.160440307,0.695776191,-0.700110277
0.00055,0.00055,0.0004,434.6629257,0.133922995,0.139799482,-0.981081412
0.00055,0.00055,0.00045,252.4789052,0.943749477,-0.067949524,0.323604366
0.00055,0.00055,0.0005,563.5026747,0.336595982,0.882312056,0.328981125
0.00055,0.00055,0.00055,407.6698294,-0.450950887,0.716003563,-0.532899798
0.00055,0.00055,0.0006,203.9096164,-0.212230167,0.839195909,-0.500708081
0.00055,0.00055,0.00065,158.1048542,0.780694692,0.624748999,-0.01429982
0.00055,0.00055,0.0007,196.5143666,0.501290755,0.451211705,0.738319426
0.00055,0.00055,0.00075,440.6253243,0.898139199,-0.188592745,0.397213741
0.00055,0.00055,0.0008,434.1172086,0.972358448,0.129780624,-0.194103162
0.00055,0.00055,0.00085,344.7857988,0.640006205,0.757222552,0.130407306
0.00055,0.00055,0.0009,490.1136831,0.082678595,0.789528902,0.608118708
0.00055,0.00055,0.00095,531.152921,-0.222671755,0.110747901,-0.968582569
0.00055,0.0006,5.00E-05,318.5222173,-0.122854593,-0.439332704,0.889883995
0.00055,0.0006,0.0001,740.863864,0.054849554,0.293631094,0.954343914
0.00055,0.0006,0.00015,874.0979929,0.647093022,0.14945345,-0.747619079
0.00055,0.0006,0.0002,295.1631767,0.608613169,0.011103614,-0.793389388
0.00055,0.0006,0.00025,508.4632179,-0.716006539,-0.315753507,0.622602891
0.00055,0.0006,0.0003,694.3877219,-0.787096758,0.341488616,0.513677154
0.00055,0.0006,0.00035,797.9777586,-0.020227777,0.754995478,-0.655417931
0.00055,0.0006,0.0004,477.4823448,0.166907251,0.539747148,-0.825115135
0.00055,0.0006,0.00045,284.6017163,0.592657463,0.70915559,0.381910303
0.00055,0.0006,0.0005,673.1340532,0.387321358,0.354792534,0.850943255
0.00055,0.0006,0.00055,674.5252626,-0.391159064,0.853407816,-0.344513695
0.00055,0.0006,0.0006,553.391013,-0.145767502,0.875083596,-0.461498143
0.00055,0.0006,0.00065,424.1508625,0.361021369,0.902972808,-0.233031498
0.00055,0.0006,0.0007,428.1409183,0.224594331,0.974267367,0.018986422
0.00055,0.0006,0.00075,432.1309741,0.593209856,0.771704839,0.229289574
0.00055,0.0006,0.0008,466.1571643,0.841006113,0.370222416,0.394517529
0.00055,0.0006,0.00085,527.0277199,0.007245106,0.978619393,0.205551921
0.00055,0.0006,0.0009,496.9887413,-0.698353378,-0.537878032,-0.47221794
0.00055,0.0006,0.00095,504.3236456,-0.041704141,-0.087515316,-0.995289824
0.00055,0.00065,5.00E-05,275.6201109,-0.170240198,0.354262301,0.91951971
0.00055,0.00065,0.0001,790.1441344,-0.239158994,0.049865485,0.969699133
0.00055,0.00065,0.00015,772.3124115,0.761799667,-0.389332047,-0.517766187
0.00055,0.00065,0.0002,439.6623695,0.846634739,0.363546707,-0.388643037
0.00055,0.00065,0.00025,541.7568043,-0.239035376,0.239272555,0.941068931
0.00055,0.00065,0.0003,939.3105157,-0.651681206,0.361746009,0.666671907
0.00055,0.00065,0.00035,881.9124239,-0.856716992,0.078620132,-0.509759621
0.00055,0.00065,0.0004,770.4866708,-0.176958097,0.736017601,-0.653424764
0.00055,0.00065,0.00045,615.7775691,0.247599547,0.964667177,-0.090064983
0.00055,0.00065,0.0005,726.0775139,0.381086802,0.589408683,0.712299272
0.00055,0.00065,0.00055,704.289813,0.426608676,0.634317992,-0.644705919
0.00055,0.00065,0.0006,678.6645724,0.344668426,0.860855654,-0.374341047
0.00055,0.00065,0.00065,643.4359392,0.099449975,0.942444316,-0.319230973
0.00055,0.00065,0.0007,606.0050212,0.096161308,0.906513396,-0.411079635
0.00055,0.00065,0.00075,568.5741032,0.082698163,0.804193534,-0.58858625
0.00055,0.00065,0.0008,523.1700388,-0.13339084,0.396057496,-0.908485192
0.00055,0.00065,0.00085,491.5729417,-0.16488654,-0.732614426,-0.660369996
0.00055,0.00065,0.0009,464.2526944,-0.384753744,-0.841253743,0.379811395
0.00055,0.00065,0.00095,515.4604525,0.12930255,0.101306668,-0.986416651
0.00055,0.0007,5.00E-05,424.3492835,0.077094212,0.828032931,0.555353894
0.00055,0.0007,0.0001,766.4056032,-0.635446501,-0.050318656,0.770503587
0.00055,0.0007,0.00015,610.5547444,0.812816157,-0.293378987,-0.503248115
0.00055,0.0007,0.0002,510.8308299,0.808462614,0.586519862,0.048812433
0.00055,0.0007,0.00025,635.5018276,0.439631154,0.570325342,0.69386847
0.00055,0.0007,0.0003,878.9611778,0.264526082,-0.40083474,0.877130243
0.00055,0.0007,0.00035,824.0154288,0.079758213,-0.535948092,-0.840475026
0.00055,0.0007,0.0004,777.2566234,0.420839375,0.21666273,-0.880881083
0.00055,0.0007,0.00045,760.2588966,0.344897316,0.919662505,-0.18779435
0.00055,0.0007,0.0005,746.3755784,0.690236742,0.517597745,-0.505634072
0.00055,0.0007,0.00055,721.1742555,0.543928469,0.552291735,-0.631756013
0.00055,0.0007,0.0006,693.3339919,0.185692968,0.286227958,-0.939995573
0.00055,0.0007,0.00065,638.658811,-0.082907601,-0.102874774,-0.991233126
0.00055,0.0007,0.0007,593.2263457,-0.133470868,-0.369087659,-0.919760745
0.00055,0.0007,0.00075,545.3095563,-0.178073907,-0.447092829,-0.87658296
0.00055,0.0007,0.0008,499.7261069,-0.287922153,-0.468268745,-0.835359334
0.00055,0.0007,0.00085,461.6648222,-0.184991581,-0.705677671,-0.683956972
0.00055,0.0007,0.0009,444.0796971,-0.253183065,-0.21468582,0.943296525
0.00055,0.0007,0.00095,523.6965328,0.834596223,0.363317167,-0.414064948
0.00055,0.00075,5.00E-05,637.4994554,0.338920372,0.58909457,0.733553386
0.00055,0.00075,0.0001,777.9837646,-0.866508173,-0.471159359,-0.164840665
0.00055,0.00075,0.00015,623.3197657,0.766005533,0.631308181,-0.12118376
0.00055,0.00075,0.0002,739.4212404,0.468802008,0.73786109,0.485577686
0.00055,0.00075,0.00025,844.3416251,0.45996324,0.807948681,0.368310666
0.00055,0.00075,0.0003,853.1627618,0.801278333,-0.357754066,-0.479546725
0.00055,0.00075,0.00035,817.0581924,0.543633653,0.007042686,-0.839293067
0.00055,0.00075,0.0004,786.1683157,0.61993417,0.182862574,-0.763048429
0.00055,0.00075,0.00045,767.0075669,0.96282759,0.085885122,-0.256099156
0.00055,0.00075,0.0005,766.0869263,0.945402957,0.265229787,-0.189384291
0.00055,0.00075,0.00055,750.6596603,0.549530292,0.330616971,-0.767273665
0.00055,0.00075,0.0006,703.7904643,-0.040478102,-0.047247164,-0.998062738
0.00055,0.00075,0.00065,633.0463031,-0.179279949,-0.122674891,-0.97611965
0.00055,0.00075,0.0007,568.5452165,-0.304977306,-0.322734713,-0.896008453
0.00055,0.00075,0.00075,520.8851927,-0.407622676,-0.408166902,-0.816849762
0.00055,0.00075,0.0008,476.282175,-0.332886926,-0.349452866,-0.875824748
0.00055,0.00075,0.00085,434.1593463,-0.398100107,-0.697669191,-0.595629084
0.00055,0.00075,0.0009,450.134834,0.048559263,0.040538613,0.997997304
0.00055,0.00075,0.00095,532.7727075,0.193924712,0.108045073,0.975048444
0.00055,0.0008,5.00E-05,621.2708777,0.741380913,0.173536727,0.648258704
0.00055,0.0008,0.0001,725.8762016,0.623075778,-0.109520045,0.774455896
0.00055,0.0008,0.00015,811.4466543,0.333224821,0.830324216,0.44667988
0.00055,0.0008,0.0002,846.6852869,0.473433541,0.793872613,0.381611002
0.00055,0.0008,0.00025,885.0121479,0.833654488,0.53675897,0.130038465
0.00055,0.0008,0.0003,858.6070424,0.652443673,0.074194123,-0.754196583
0.00055,0.0008,0.00035,824.5775934,0.611639198,0.079058349,-0.787176771
0.00055,0.0008,0.0004,789.2511258,0.681220197,0.013253488,-0.731958597
0.00055,0.0008,0.00045,766.9933685,0.971970706,0.039271749,-0.231798784
0.00055,0.0008,0.0005,769.2705702,0.769533583,-0.53852978,-0.343225496
0.00055,0.0008,0.00055,748.0176994,0.216465026,-0.548915847,-0.807362549
0.00055,0.0008,0.0006,687.7663083,-0.141266752,-0.41777735,-0.897499744
0.00055,0.0008,0.00065,621.6617184,-0.309015108,-0.354353095,-0.882577785
0.00055,0.0008,0.0007,552.8268566,-0.38349567,-0.318365607,-0.866933914
0.00055,0.0008,0.00075,499.2071742,-0.437309116,-0.188968717,-0.879233508
0.00055,0.0008,0.0008,465.1226138,-0.504368542,-0.073235134,-0.860377236
0.00055,0.0008,0.00085,431.0380534,-0.929496443,0.079768192,-0.360101927
0.00055,0.0008,0.0009,448.0853681,-0.056459304,-0.030823739,0.997928977
0.00055,0.0008,0.00095,544.4583978,-0.085233157,-0.00844645,0.996325231
0.00055,0.00085,5.00E-05,686.064406,0.758194296,0.239842698,0.606314185
0.00055,0.00085,0.0001,751.0899676,0.76901864,-0.005170815,0.63920544
0.00055,0.00085,0.00015,847.8893369,0.580189483,0.077338548,0.810801402
0.00055,0.00085,0.0002,892.4609335,0.723161911,0.591533144,0.356546476
0.00055,0.00085,0.00025,893.5509819,0.878733321,0.083659777,-0.469924241
0.00055,0.00085,0.0003,859.1080138,0.655361185,-0.00057384,-0.755315423
0.00055,0.00085,0.00035,824.0237997,0.641815058,-0.013249835,-0.766744986
0.00055,0.00085,0.0004,787.2109865,0.692332122,-0.105791082,-0.713781816
0.00055,0.00085,0.00045,770.392707,0.313700644,-0.641496814,-0.700052672
0.00055,0.00085,0.0005,736.3136052,-0.113478442,-0.736503685,-0.666847033
0.00055,0.00085,0.00055,695.2459171,0.046503379,-0.754659043,-0.654467084
0.00055,0.00085,0.0006,644.9729914,-0.074035597,-0.623293233,-0.77847561
0.00055,0.00085,0.00065,578.8684015,-0.245846214,-0.523059829,-0.816068658
0.00055,0.00085,0.0007,523.5760272,-0.427917518,-0.396563304,-0.812172484
0.00055,0.00085,0.00075,502.0354126,-0.612032838,-0.132992615,-0.779569606
0.00055,0.00085,0.0008,470.4796334,-0.660834737,0.158943507,-0.73350829
0.00055,0.00085,0.00085,437.9333619,-0.934729824,0.176465559,-0.308447828
0.00055,0.00085,0.0009,446.6315395,-0.266951817,-0.356038773,0.895529519
0.00055,0.00085,0.00095,531.3045095,-0.048042911,-0.199510687,0.978717204
0.00055,0.0009,5.00E-05,708.2124973,0.835164156,-0.239511925,0.495110967
0.00055,0.0009,0.0001,724.5671284,0.820164067,-0.465343584,0.332845688
0.00055,0.0009,0.00015,824.9313686,0.572432329,-0.519988185,0.633982268
0.00055,0.0009,0.0002,922.4408427,0.481233727,-0.77127013,0.416601111
0.00055,0.0009,0.00025,890.9499089,0.640482785,-0.450703692,-0.621810248
0.00055,0.0009,0.0003,858.5542201,0.61077962,-0.026335296,-0.791362564
0.00055,0.0009,0.00035,823.3351676,0.450459985,-0.018960572,-0.89259526
0.00055,0.0009,0.0004,781.3023504,0.244141618,-0.21895242,-0.94469821
0.00055,0.0009,0.00045,720.3532952,-0.024109332,-0.595599461,-0.802919686
0.00055,0.0009,0.0005,686.2741934,-0.078362757,-0.786941094,-0.612031856
0.00055,0.0009,0.00055,642.6938078,0.082708965,-0.750987521,-0.655115997
0.00055,0.0009,0.0006,594.5876434,-0.013684866,-0.714762346,-0.699233518
0.00055,0.0009,0.00065,543.8522415,-0.120642519,-0.643393428,-0.755969761
0.00055,0.0009,0.0007,515.3112494,-0.122892003,-0.635034775,-0.762645652
0.00055,0.0009,0.00075,490.1490629,-0.490322438,-0.596196116,-0.635715422
0.00055,0.0009,0.0008,479.0128518,-0.82001455,-0.014473552,-0.57215964
0.00055,0.0009,0.00085,444.6817456,-0.623780438,0.339337476,-0.704093774
0.00055,0.0009,0.0009,410.9634775,-0.533448734,-0.122739843,0.836879549
0.00055,0.0009,0.00095,495.6502073,-0.065955132,-0.124811043,0.989985921
0.00055,0.00095,5.00E-05,575.3249231,0.865500665,-0.429840904,0.257187474
0.00055,0.00095,0.0001,587.9081095,0.704280635,-0.592049354,0.391747813
0.00055,0.00095,0.00015,685.5945872,0.405459303,-0.762276745,0.504516519
0.00055,0.00095,0.0002,770.2381961,0.344342368,-0.86342905,0.368671411
0.00055,0.00095,0.00025,847.2443526,0.196660761,-0.950491101,0.240605927
0.00055,0.00095,0.0003,856.857902,0.10414723,-0.991224965,-0.081402847
0.00055,0.00095,0.00035,822.38281,0.065228857,-0.935801936,-0.346438931
0.00055,0.00095,0.0004,763.3429089,0.038731952,-0.851455123,-0.522995229
0.00055,0.00095,0.00045,699.9015732,0.093976415,-0.705604818,-0.702346264
0.00055,0.00095,0.0005,636.4602375,0.062501837,-0.638860693,-0.766779326
0.00055,0.00095,0.00055,590.1416986,0.161993807,-0.383226484,-0.909337929
0.00055,0.00095,0.0006,543.9363162,0.146248423,0.308886993,-0.939787329
0.00055,0.00095,0.00065,511.3975666,0.106813312,0.786787917,-0.607910923
0.00055,0.00095,0.0007,478.858817,0.09133306,0.921881018,-0.37655499
0.00055,0.00095,0.00075,467.9935081,-0.076587556,0.995503987,-0.055732915
0.00055,0.00095,0.0008,469.3294761,-0.133029895,0.990977712,0.016316272
0.00055,0.00095,0.00085,470.7297077,-0.176295807,0.972389936,-0.152897354
0.00055,0.00095,0.0009,439.1563168,-0.281781879,0.952848698,0.112598096
0.00055,0.00095,0.00095,493.8292694,0.168886243,0.502310762,0.848033805
0.0006,5.00E-05,5.00E-05,566.8447515,0.161906755,-0.986805306,0.00122069
0.0006,5.00E-05,0.0001,568.4690663,0.153009974,-0.987721186,-0.031540544
0.0006,5.00E-05,0.00015,560.0005824,0.132822602,-0.989543259,-0.056234293
0.0006,5.00E-05,0.0002,554.4188186,0.090462337,-0.995897714,-0.002075813
0.0006,5.00E-05,0.00025,559.3288925,0.094231715,-0.995012197,0.032727829
0.0006,5.00E-05,0.0003,564.6375351,0.113756266,-0.992454274,0.045760538
0.0006,5.00E-05,0.00035,572.6779718,0.105347434,-0.990974567,0.082893461
0.0006,5.00E-05,0.0004,583.9389109,0.086402142,-0.987302909,0.133295293
0.0006,5.00E-05,0.00045,594.9726256,0.092829613,-0.990791216,0.098566879
0.0006,5.00E-05,0.0005,593.7445051,0.12236783,-0.967673432,0.220531727
0.0006,5.00E-05,0.00055,607.4193146,0.323680396,-0.022214158,0.945905668
0.0006,5.00E-05,0.0006,630.5997362,0.282564568,0.835952598,0.470468404
0.0006,5.00E-05,0.00065,647.2004738,0.212007993,0.958853934,0.188816693
0.0006,5.00E-05,0.0007,654.7508325,0.229524081,0.972677161,0.034897503
0.0006,5.00E-05,0.00075,652.7809228,-0.167365335,0.980765024,-0.100443079
0.0006,5.00E-05,0.0008,637.6157517,-0.172316867,0.972479038,-0.156816508
0.0006,5.00E-05,0.00085,626.8499567,-0.191947583,0.949185031,-0.249407101
0.0006,5.00E-05,0.0009,602.4067941,-0.139299524,0.869367968,-0.474125488
0.0006,5.00E-05,0.00095,568.1885668,-0.363249132,-0.490769618,-0.791956596
0.0006,0.0001,5.00E-05,565.3825206,0.600681504,-0.194679046,0.775423626
0.0006,0.0001,0.0001,556.8976153,0.864323819,-0.425481991,-0.268159302
0.0006,0.0001,0.00015,552.4022413,0.996329194,-0.052508086,-0.067609448
0.0006,0.0001,0.0002,554.5812939,0.972967946,0.158463692,0.167995937
0.0006,0.0001,0.00025,558.7145248,0.96683443,-0.076883204,0.243557298
0.0006,0.0001,0.0003,563.6101233,0.866895627,-0.104627553,0.487385931
0.0006,0.0001,0.00035,577.2703695,0.690608074,0.131981861,0.711084578
0.0006,0.0001,0.0004,588.3040841,0.640407031,0.282543468,0.714176465
0.0006,0.0001,0.00045,599.3377988,0.940239027,0.339165866,-0.030283454
0.0006,0.0001,0.0005,587.7536791,0.923451612,-0.264127833,-0.278340814
0.0006,0.0001,0.00055,590.6425418,0.38119856,-0.730045019,0.567205367
0.0006,0.0001,0.0006,613.8229634,0.364045066,-0.53964011,0.759117739
0.0006,0.0001,0.00065,637.3287721,0.362439227,-0.78193384,0.507165926
0.0006,0.0001,0.0007,641.6835494,0.476212806,-0.860962371,-0.178788025
0.0006,0.0001,0.00075,626.9757323,0.068277888,-0.900548356,-0.429360907
0.0006,0.0001,0.0008,611.8549879,-0.316255133,-0.598063053,-0.736412435
0.0006,0.0001,0.00085,585.7386847,-0.111839592,-0.582397952,-0.805173603
0.0006,0.0001,0.0009,535.1523317,0.021826594,-0.71884396,-0.694828728
0.0006,0.0001,0.00095,499.5205701,-0.231264076,-0.922868045,0.307947233
0.0006,0.00015,5.00E-05,552.4395824,0.512034062,-0.260428903,0.818533998
0.0006,0.00015,0.0001,547.8735656,0.973892713,-0.118953303,0.193347084
0.0006,0.00015,0.00015,558.2016385,0.909881388,0.277963192,0.307981043
0.0006,0.00015,0.0002,560.3729373,0.967042181,0.251877036,-0.037247526
0.0006,0.00015,0.00025,556.4787815,0.995682172,0.092549439,0.007184336
0.0006,0.00015,0.0003,560.6541361,0.843416522,-0.12859765,0.521642804
0.0006,0.00015,0.00035,577.2613294,0.613604517,-0.018225552,0.789403145
0.0006,0.00015,0.0004,592.6692574,0.66556943,0.200541428,0.718888356
0.0006,0.00015,0.00045,601.1370014,0.949403359,-0.124957101,-0.288130154
0.0006,0.00015,0.0005,585.493256,0.812470208,-0.147029388,-0.56415824
0.0006,0.00015,0.00055,573.865769,0.673142718,-0.670304552,0.312363073
0.0006,0.00015,0.0006,597.4115216,0.320991898,-0.814171013,0.483828237
0.0006,0.00015,0.00065,604.2458235,0.337951931,-0.936036653,0.098101363
0.0006,0.00015,0.0007,604.8952692,0.400963832,-0.899927605,-0.17134267
0.0006,0.00015,0.00075,590.2180263,0.353709314,-0.935200743,-0.017008543
0.0006,0.00015,0.0008,604.1258846,-0.437430728,-0.438199729,-0.78526133
0.0006,0.00015,0.00085,571.3694122,-0.34757393,-0.176803738,-0.920832667
0.0006,0.00015,0.0009,513.2087393,-0.487670972,-0.33955896,-0.804286477
0.0006,0.00015,0.00095,477.5935807,-0.705552507,-0.514449854,0.487377686
0.0006,0.0002,5.00E-05,543.0218863,0.402116379,-0.067501123,0.913096937
0.0006,0.0002,0.0001,553.3526143,0.909190679,0.148004131,0.389187727
0.0006,0.0002,0.00015,563.6833423,0.963364347,-0.006325165,0.268121479
0.0006,0.0002,0.0002,566.2316815,0.989196218,-0.143671814,-0.029141941
0.0006,0.0002,0.00025,562.3369601,0.975986983,-0.141856246,-0.165306425
0.0006,0.0002,0.0003,558.4867193,0.931139616,-0.060786755,0.359560825
0.0006,0.0002,0.00035,576.531212,0.654533613,-0.020516917,0.755754461
0.0006,0.0002,0.0004,594.9644526,0.789085784,-0.339069347,0.512226126
0.0006,0.0002,0.00045,596.2256902,0.378798293,-0.888446573,-0.259180518
0.0006,0.0002,0.0005,580.6463246,0.148681669,-0.877461193,-0.456021508
0.0006,0.0002,0.00055,565.0669589,0.114630028,-0.95640753,-0.268597456
0.0006,0.0002,0.0006,562.7003586,0.147435932,-0.989027945,0.009293536
0.0006,0.0002,0.00065,565.9224041,0.123470759,-0.990903389,0.053529849
0.0006,0.0002,0.0007,568.0066193,0.053855988,-0.987478672,0.148274761
0.0006,0.0002,0.00075,584.6717533,0.169907953,-0.928389604,0.330490592
0.0006,0.0002,0.0008,601.3368874,0.166414154,-0.975176902,-0.146069636
0.0006,0.0002,0.00085,568.2822111,0.157360851,-0.732764929,-0.662037099
0.0006,0.0002,0.0009,495.5614338,-0.02642298,-0.712675781,-0.700995761
0.0006,0.0002,0.00095,458.1105875,-0.292532716,-0.823948008,0.485318752
0.0006,0.00025,5.00E-05,545.3987705,0.253271298,0.029659538,0.966940516
0.0006,0.00025,0.0001,555.730907,0.960730847,-0.068878314,0.268797353
0.0006,0.00025,0.00015,557.8978127,0.943323264,-0.330043482,-0.034821248
0.0006,0.00025,0.0002,553.7351785,0.921495891,-0.370458629,-0.116643593
0.0006,0.00025,0.00025,549.8325107,0.968267586,-0.236891498,0.079626006
0.0006,0.00025,0.0003,558.2544795,0.933685464,-0.014868454,0.357785388
0.0006,0.00025,0.00035,576.2710466,0.955379229,-0.177326929,0.236232279
0.0006,0.00025,0.0004,579.632449,0.764069078,-0.589919954,-0.261137686
0.0006,0.00025,0.00045,552.0557978,0.186301825,-0.825133312,-0.533335398
0.0006,0.00025,0.0005,525.538677,-0.104098788,-0.916367813,-0.386566261
0.0006,0.00025,0.00055,509.9647282,0.386716085,-0.908641733,-0.157546409
0.0006,0.00025,0.0006,506.3741354,-0.069174498,-0.997019246,-0.034168869
0.0006,0.00025,0.00065,506.0204065,-0.206054541,-0.963082874,-0.173242327
0.0006,0.00025,0.0007,480.0285534,-0.008593455,-0.998509089,-0.053905018
0.0006,0.00025,0.00075,496.5891148,-0.259358453,-0.963003202,0.073198533
0.0006,0.00025,0.0008,494.707504,-0.141311702,-0.972879539,-0.183129479
0.0006,0.00025,0.00085,454.2935824,0.053153193,-0.923489868,-0.379922627
0.0006,0.00025,0.0009,401.2014317,0.050422006,-0.934875102,-0.351377525
0.0006,0.00025,0.00095,397.0177836,-0.011805523,-0.616103708,0.787576568
0.0006,0.0003,5.00E-05,547.8901877,0.228314479,-0.040500689,0.97274467
0.0006,0.0003,0.0001,550.1497816,0.907069286,-0.417529493,-0.053799936
0.0006,0.0003,0.00015,544.7673868,0.876153632,-0.461701487,-0.138515526
0.0006,0.0003,0.0002,540.6163808,0.89263191,-0.445638472,0.06793103
0.0006,0.0003,0.00025,548.8918053,0.92494756,-0.251010276,0.285422234
0.0006,0.0003,0.0003,557.3880155,0.960208384,-0.22816447,0.161061582
0.0006,0.0003,0.00035,560.4839144,0.78903655,-0.5852302,-0.186887495
0.0006,0.0003,0.0004,540.2612856,0.463741044,-0.752713706,-0.467296822
0.0006,0.0003,0.00045,512.5361894,0.244122614,-0.763007742,-0.598517614
0.0006,0.0003,0.0005,480.8680839,0.224091325,-0.791930889,-0.568004002
0.0006,0.0003,0.00055,454.5363388,0.420459264,-0.854908965,-0.303882656
0.0006,0.0003,0.0006,447.6083227,0.133649744,-0.840653103,-0.524823881
0.0006,0.0003,0.00065,419.4629373,-0.045682734,-0.840608024,-0.539714034
0.0006,0.0003,0.0007,393.3061782,0.03209226,-0.973853335,-0.224899463
0.0006,0.0003,0.00075,391.5548172,-0.091502697,-0.986203691,-0.137947584
0.0006,0.0003,0.0008,376.6409062,-0.031445481,-0.934583083,-0.354352427
0.0006,0.0003,0.00085,340.994063,0.111878716,-0.969721711,-0.217078227
0.0006,0.0003,0.0009,343.1734338,0.12757256,-0.99117292,0.03607609
0.0006,0.0003,0.00095,345.3082027,0.054781698,-0.479978708,0.875568047
0.0006,0.00035,5.00E-05,536.8700936,0.226138661,-0.144070908,0.963382001
0.0006,0.00035,0.0001,531.4955346,0.787018697,-0.599702578,-0.144770122
0.0006,0.00035,0.00015,526.1209755,0.798155453,-0.598195702,-0.071482687
0.0006,0.00035,0.0002,526.6783305,0.709051456,-0.683905933,0.171810092
0.0006,0.00035,0.00025,535.0829497,0.677975414,-0.680669648,0.277557504
0.0006,0.00035,0.0003,541.8327643,0.69425903,-0.69107916,-0.201032323
0.0006,0.00035,0.00035,522.6394242,0.38277279,-0.790184082,-0.478637762
0.0006,0.00035,0.0004,502.399076,0.293503852,-0.811535115,-0.505238801
0.0006,0.00035,0.00045,476.3396089,0.396809041,-0.750366191,-0.52867113
0.0006,0.00035,0.0005,444.6732727,0.52078634,-0.672408677,-0.525973535
0.0006,0.00035,0.00055,416.395492,0.453121096,-0.890452491,0.042138276
0.0006,0.00035,0.0006,450.1942151,0.960883233,0.273005763,0.046596852
0.0006,0.00035,0.00065,421.4444727,0.698451175,0.222188503,-0.68029275
0.0006,0.00035,0.0007,359.1815962,-0.483862042,0.816706965,-0.314431642
0.0006,0.00035,0.00075,377.4471028,-0.492059736,0.870416177,0.015902709
0.0006,0.00035,0.0008,361.3565744,-0.445082236,0.762294436,-0.469903178
0.0006,0.00035,0.00085,304.7892538,0.655932709,0.290258434,-0.696779967
0.0006,0.00035,0.0009,282.6725549,0.454032133,-0.83414823,-0.313131844
0.0006,0.00035,0.00095,284.7938585,0.083029127,-0.415694967,0.905706276
0.0006,0.0004,5.00E-05,510.996687,0.20342193,-0.179805355,0.962439376
0.0006,0.0004,0.0001,505.622128,0.751690431,-0.653362755,-0.08988107
0.0006,0.0004,0.00015,504.4550972,0.77940018,-0.626449164,-0.009838899
0.0006,0.0004,0.0002,504.9424152,0.576814285,-0.806437088,0.130171055
0.0006,0.0004,0.00025,511.7277475,0.268569476,-0.946125549,0.180878087
0.0006,0.0004,0.0003,514.6115056,0.336874038,-0.901785271,-0.270738263
0.0006,0.0004,0.00035,495.382756,0.349414069,-0.74429617,-0.569151139
0.0006,0.0004,0.0004,465.8926389,0.350678754,-0.666900508,-0.657471006
0.0006,0.0004,0.00045,430.6034174,0.407540075,-0.747587381,-0.524427492
0.0006,0.0004,0.0005,404.2350565,0.586091389,-0.190611821,-0.787504932
0.0006,0.0004,0.00055,337.8695607,0.809169634,-0.53986323,0.231931446
0.0006,0.0004,0.0006,477.1897379,0.948485117,0.02801704,0.315580463
0.0006,0.0004,0.00065,449.188313,0.98615944,0.139413492,0.089740939
0.0006,0.0004,0.0007,507.5852572,-0.010375752,0.979112026,0.203056603
0.0006,0.0004,0.00075,510.5997033,-0.801303926,0.597122766,-0.036829618
0.0006,0.0004,0.0008,494.5091749,-0.392096477,0.812105552,-0.432139938
0.0006,0.0004,0.00085,373.7715557,0.757249474,0.374731548,-0.534929435
0.0006,0.0004,0.0009,289.9079358,0.831226995,0.218355853,-0.511255714
0.0006,0.0004,0.00095,228.6383282,0.601652769,0.48561302,0.634187623
0.0006,0.00045,5.00E-05,485.1232805,0.811817434,-0.445007985,0.378048075
0.0006,0.00045,0.0001,483.9434626,0.555142886,0.831519911,-0.019774046
0.0006,0.00045,0.00015,482.8432159,0.433853725,0.900718569,-0.021840447
0.0006,0.00045,0.0002,481.6227308,0.167124821,-0.985842411,0.013565973
0.0006,0.00045,0.00025,484.5064889,0.084281113,-0.995369211,0.046225833
0.0006,0.00045,0.0003,487.3902469,0.445264971,-0.828519149,-0.339551359
0.0006,0.00045,0.00035,458.9282877,0.266967984,0.801808741,-0.534631497
0.0006,0.00045,0.0004,436.6906669,0.802225481,-0.189304062,-0.566213961
0.0006,0.00045,0.00045,388.4448451,0.958715728,0.276277185,-0.067342926
0.0006,0.00045,0.0005,422.227484,0.818449336,0.202304354,-0.537785862
0.0006,0.00045,0.00055,246.5800112,0.936161288,-0.342987142,0.077213101
0.0006,0.00045,0.0006,460.0770255,0.908949984,-0.195634064,0.368153827
0.0006,0.00045,0.00065,468.6642317,0.928886478,0.154208077,0.336733989
0.0006,0.00045,0.0007,655.2991814,0.288888929,0.858390251,0.423921412
0.0006,0.00045,0.00075,589.4511058,-0.940687555,0.329170174,-0.082182243
0.0006,0.00045,0.0008,618.4929523,0.111155492,0.815704062,-0.567689474
0.0006,0.00045,0.00085,448.1175774,0.82562137,0.275533112,-0.492372682
0.0006,0.00045,0.0009,344.6585412,0.927692688,0.373105966,0.013349691
0.0006,0.00045,0.00095,454.0869386,0.488837721,0.776958279,0.396703308
0.0006,0.0005,5.00E-05,475.8519727,-0.085944954,-0.639319948,0.76412268
0.0006,0.0005,0.0001,601.5012987,-0.112239976,0.912647935,0.393034267
0.0006,0.0005,0.00015,600.1640481,0.049239745,0.797550819,-0.601238836
0.0006,0.0005,0.0002,384.0719764,0.486857521,-0.066413266,-0.870952945
0.0006,0.0005,0.00025,387.537277,0.41051943,-0.852981999,0.322328261
0.0006,0.0005,0.0003,452.1996526,0.417739,-0.328414866,0.847135056
0.0006,0.0005,0.00035,571.4189915,0.342954718,0.938694988,-0.035125226
0.0006,0.0005,0.0004,442.3276919,0.550065245,0.789824689,-0.271302758
0.0006,0.0005,0.00045,489.9392329,0.773743704,0.632691606,0.031968926
0.0006,0.0005,0.0005,457.6017878,0.780576238,0.213092484,-0.587615801
0.0006,0.0005,0.00055,169.7386884,0.977574408,-0.057813404,-0.202499105
0.0006,0.0005,0.0006,359.1759205,0.864369038,-0.165544661,0.474827475
0.0006,0.0005,0.00065,538.5907322,0.862424747,0.207053526,0.461900848
0.0006,0.0005,0.0007,752.1642576,0.500870877,-0.799100281,0.332516324
0.0006,0.0005,0.00075,658.0222179,-0.935291653,0.224313745,-0.27370215
0.0006,0.0005,0.0008,697.5890954,0.721297469,0.057918717,-0.690199525
0.0006,0.0005,0.00085,527.0100483,0.838887522,0.23264679,-0.492080477
0.0006,0.0005,0.0009,456.7435775,0.868389901,0.491371599,-0.066730294
0.0006,0.0005,0.00095,503.7437786,0.238819689,0.936203782,0.257851963
0.0006,0.00055,5.00E-05,403.3323138,0.105354374,-0.480589257,0.870594292
0.0006,0.00055,0.0001,772.6031761,-0.029080293,0.321219715,0.946558097
0.0006,0.00055,0.00015,771.2659255,0.122494907,0.729525942,-0.672894418
0.0006,0.00055,0.0002,465.4091817,0.604808649,0.308929971,-0.734008699
0.0006,0.00055,0.00025,304.2192213,-0.2597216,-0.940390967,-0.219566665
0.0006,0.00055,0.0003,416.1035162,0.081070074,-0.169420527,0.982203812
0.0006,0.00055,0.00035,722.7489398,0.468971826,0.624965465,0.624086207
0.0006,0.00055,0.0004,673.896973,0.573006084,0.814936899,-0.086843987
0.0006,0.00055,0.00045,690.7318891,0.938706124,0.244208387,-0.243296275
0.0006,0.00055,0.0005,538.3447315,0.132852889,0.436297564,-0.889940754
0.0006,0.00055,0.00055,218.4794701,0.001880329,0.849570747,-0.527471337
0.0006,0.00055,0.0006,331.4798196,0.674020528,0.2128887,0.707371705
0.0006,0.00055,0.00065,644.8267596,0.994952638,0.083599582,0.055500971
0.0006,0.00055,0.0007,368.2824941,0.909969348,-0.414272668,-0.018274105
0.0006,0.00055,0.00075,634.1784088,0.585609255,-0.369505732,0.721475789
0.0006,0.00055,0.0008,629.4869569,0.809945716,-0.516243655,-0.278353059
0.0006,0.00055,0.00085,561.9850017,0.884035007,-0.039084766,-0.465783734
0.0006,0.00055,0.0009,515.9807918,0.407756633,0.583265918,-0.702520745
0.0006,0.00055,0.00095,523.4653201,-0.067467206,0.062492612,-0.995762446
0.0006,0.0006,5.00E-05,338.3218071,0.187039515,-0.476690995,0.858942323
0.0006,0.0006,0.0001,726.3616008,-0.110215626,-0.188296902,0.975908189
0.0006,0.0006,0.00015,933.2118224,0.141555413,0.877954478,-0.45733795
0.0006,0.0006,0.0002,580.6428413,0.577611142,0.294733526,-0.761247343
0.0006,0.0006,0.00025,176.3640443,0.284066805,0.331653178,-0.899617819
0.0006,0.0006,0.0003,380.0073798,-0.02318082,0.170705018,0.985049464
0.0006,0.0006,0.00035,829.5756465,0.451388668,-0.306074038,0.838192671
0.0006,0.0006,0.0004,742.7730886,0.882626735,0.141755642,-0.448191237
0.0006,0.0006,0.00045,625.9996565,0.994844472,0.023843752,-0.098569524
0.0006,0.0006,0.0005,689.1257169,0.074830918,0.85967584,-0.505329382
0.0006,0.0006,0.00055,502.9252816,-0.25500627,0.897576516,-0.359622301
0.0006,0.0006,0.0006,487.4882623,0.218362628,0.947275661,0.234492185
0.0006,0.0006,0.00065,594.0255857,0.997048593,0.024545042,0.072743683
0.0006,0.0006,0.0007,510.7668924,0.609719388,0.761641057,-0.219420075
0.0006,0.0006,0.00075,524.245662,0.911166291,-0.321174365,0.258114349
0.0006,0.0006,0.0008,563.6965905,0.675271206,-0.735930377,-0.049145485
0.0006,0.0006,0.00085,517.4855382,-0.099190308,-0.676798905,-0.72945495
0.0006,0.0006,0.0009,488.7244373,-0.179335008,-0.975831377,-0.124868244
0.0006,0.0006,0.00095,510.8134343,0.051610021,-0.085648217,-0.994987833
0.0006,0.00065,5.00E-05,283.7086008,0.273808005,0.563576447,0.779365617
0.0006,0.00065,0.0001,657.8219411,0.025047474,-0.106068881,0.994043267
0.0006,0.00065,0.00015,1051.003125,0.947999869,0.109637413,0.298790705
0.0006,0.00065,0.0002,758.4393204,0.667350634,0.250723613,-0.701270847
0.0006,0.00065,0.00025,378.1855067,0.325483219,0.878808272,-0.348936521
0.0006,0.00065,0.0003,529.3023983,0.051023442,0.919828879,0.388987713
0.0006,0.00065,0.00035,590.2815857,0.226325708,-0.00132786,0.974050774
0.0006,0.00065,0.0004,738.2847673,0.580546924,0.32892943,0.744829309
0.0006,0.00065,0.00045,703.7090708,0.801112048,0.597483167,0.035119103
0.0006,0.00065,0.0005,747.7211706,0.636500098,0.755395841,0.155707251
0.0006,0.00065,0.00055,721.7437095,0.280389865,0.942902273,-0.179768818
0.0006,0.00065,0.0006,699.4967788,0.318663406,0.897593456,-0.304597476
0.0006,0.00065,0.00065,652.6813929,0.343332506,0.228123368,-0.911088645
0.0006,0.00065,0.0007,610.4994144,0.171560119,0.58909665,-0.78964059
0.0006,0.00065,0.00075,568.3174359,0.173883621,0.086800471,-0.980933313
0.0006,0.00065,0.0008,528.2573018,0.197931529,-0.657476904,-0.727012538
0.0006,0.00065,0.00085,492.4247483,0.000730506,-0.637354913,-0.770570037
0.0006,0.00065,0.0009,463.8390451,0.168799576,-0.870776641,0.461795133
0.0006,0.00065,0.00095,510.5187125,-0.087397371,0.157785668,-0.983598181
0.0006,0.0007,5.00E-05,444.8400167,0.512835375,0.83040586,0.217775083
0.0006,0.0007,0.0001,644.4878292,0.008560602,0.008231459,0.999929477
0.0006,0.0007,0.00015,970.132078,0.821693323,-0.413849187,0.391853203
0.0006,0.0007,0.0002,821.1936427,0.885479236,0.191853703,-0.423224147
0.0006,0.0007,0.00025,753.4530286,0.51979003,0.848583478,0.098612405
0.0006,0.0007,0.0003,881.5453258,0.081898266,0.973614165,0.212997964
0.0006,0.0007,0.00035,829.2907545,0.158152875,0.930329922,-0.33086841
0.0006,0.0007,0.0004,792.8646163,0.65668849,0.626717063,-0.419506795
0.0006,0.0007,0.00045,786.5416856,0.615078236,0.777960376,-0.128282566
0.0006,0.0007,0.0005,776.6186947,0.76256766,0.574801069,-0.296806832
0.0006,0.0007,0.00055,755.8661922,0.467210231,0.395006498,-0.791002191
0.0006,0.0007,0.0006,691.0023695,0.01953865,-0.122957235,-0.992219613
0.0006,0.0007,0.00065,616.3092335,-0.105335037,-0.366215193,-0.924549059
0.0006,0.0007,0.0007,573.7050507,-0.063749388,-0.61753856,-0.783952895
0.0006,0.0007,0.00075,531.5230722,0.016534688,-0.66425714,-0.747321253
0.0006,0.0007,0.0008,495.0627132,0.087946777,-0.667056832,-0.739797639
0.0006,0.0007,0.00085,464.2038241,0.100569759,-0.791111841,-0.603347147
0.0006,0.0007,0.0009,454.6058418,0.264749945,-0.084237531,0.960630785
0.0006,0.0007,0.00095,539.7093829,-0.082092956,0.964254524,-0.251940388
0.0006,0.00075,5.00E-05,683.2429943,0.250286535,0.902943532,0.349356021
0.0006,0.00075,0.0001,662.1461661,0.169235974,0.681726052,0.71176455
0.0006,0.00075,0.00015,864.3782443,0.754103167,-0.331340852,0.56704643
0.0006,0.00075,0.0002,856.6631064,0.868926943,0.453799747,0.197564567
0.0006,0.00075,0.00025,897.5262652,0.441271791,0.891036079,0.106460848
0.0006,0.00075,0.0003,875.9568112,0.624338008,-0.001946125,-0.781151883
0.0006,0.00075,0.00035,839.6324302,0.520968586,0.208348699,-0.827757544
0.0006,0.00075,0.0004,802.1492177,0.811613262,0.271452618,-0.517298163
0.0006,0.00075,0.00045,802.2312912,0.963513231,0.261367004,0.057702194
0.0006,0.00075,0.0005,807.1278435,0.872519858,-0.059487327,-0.484943663
0.0006,0.00075,0.00055,764.498338,0.016866698,-0.1717252,-0.985000492
0.0006,0.00075,0.0006,682.2026863,-0.220122198,-0.154734198,-0.963121771
0.0006,0.00075,0.00065,606.2197587,-0.222286309,-0.157002721,-0.962257212
0.0006,0.00075,0.0007,543.7113149,-0.168873555,-0.400653296,-0.900532431
0.0006,0.00075,0.00075,498.4161264,-0.117762314,-0.570374442,-0.812899153
0.0006,0.00075,0.0008,467.5572373,-0.065488026,-0.608465418,-0.790873665
0.0006,0.00075,0.00085,439.3774932,0.231948111,-0.939629262,-0.251588798
0.0006,0.00075,0.0009,457.217977,0.007150291,-0.040006645,0.99917383
0.0006,0.00075,0.00095,547.8955742,-0.065148853,-0.064803886,0.995769091
0.0006,0.0008,5.00E-05,740.1314294,0.280011599,0.500664106,0.819102532
0.0006,0.0008,0.0001,817.978654,0.383056537,0.829396191,0.406656671
0.0006,0.0008,0.00015,856.4704706,0.713384721,0.255134938,0.652677871
0.0006,0.0008,0.0002,897.3336293,0.617646396,0.638616086,0.459001552
0.0006,0.0008,0.00025,914.9338683,0.886936434,0.378892417,-0.264167177
0.0006,0.0008,0.0003,881.4010918,0.564799279,0.132249883,-0.814562301
0.0006,0.0008,0.00035,847.8683153,0.557317293,0.159732841,-0.814790068
0.0006,0.0008,0.0004,812.4908934,0.796451973,0.103140119,-0.595840894
0.0006,0.0008,0.00045,809.0927954,0.52685986,-0.610814405,-0.59103676
0.0006,0.0008,0.0005,771.9900487,-0.125885394,-0.738526933,-0.6623676
0.0006,0.0008,0.00055,734.0867131,-0.247144778,-0.572252254,-0.781950648
0.0006,0.0008,0.0006,665.5734883,-0.229946325,-0.392568361,-0.890513767
0.0006,0.0008,0.00065,593.7128613,-0.268567964,-0.35845429,-0.894081524
0.0006,0.0008,0.0007,525.7424464,-0.295575405,-0.319544082,-0.900292597
0.0006,0.0008,0.00075,478.0892122,-0.298747062,-0.240120435,-0.923629996
0.0006,0.0008,0.0008,449.6408358,-0.336547333,-0.427382813,-0.839094645
0.0006,0.0008,0.00085,425.5889429,-0.368570216,-0.929413976,0.018591828
0.0006,0.0008,0.0009,450.2608077,-0.071429899,-0.220215324,0.972832453
0.0006,0.0008,0.00095,524.9998488,-0.171266956,-0.063947196,0.983147184
0.0006,0.00085,5.00E-05,862.3218836,0.236698917,0.478218985,0.845742411
0.0006,0.00085,0.0001,899.4253369,0.444905803,0.866905702,0.224796196
0.0006,0.00085,0.00015,895.3984882,0.731563343,0.620869586,0.281666526
0.0006,0.00085,0.0002,938.0041522,0.700287058,0.659841947,0.272408961
0.0006,0.00085,0.00025,920.378149,0.68987959,0.088204911,-0.718530476
0.0006,0.00085,0.0003,886.8453725,0.453816609,-0.069992538,-0.888342012
0.0006,0.00085,0.00035,853.1417036,0.245640752,-0.20501813,-0.947432418
0.0006,0.00085,0.0004,808.8612641,0.028444943,-0.316324317,-0.948224558
0.0006,0.00085,0.00045,760.3751817,-0.269632229,-0.671637599,-0.690073471
0.0006,0.00085,0.0005,723.4975272,-0.272996316,-0.762745057,-0.58625335
0.0006,0.00085,0.00055,686.6198726,-0.198052052,-0.663688381,-0.721313467
0.0006,0.00085,0.0006,620.3211804,-0.230039116,-0.537890957,-0.811021161
0.0006,0.00085,0.00065,550.1588342,-0.341501286,-0.484445058,-0.805412849
0.0006,0.00085,0.0007,502.6725982,-0.482711002,-0.351419378,-0.802181095
0.0006,0.00085,0.00075,478.6316327,-0.631963316,-0.110886485,-0.767024481
0.0006,0.00085,0.0008,440.8168536,-0.576530614,-0.190945433,-0.794450938
0.0006,0.00085,0.00085,408.3848148,-0.983365557,-0.072112643,-0.16670917
0.0006,0.00085,0.0009,434.7148165,-0.094390456,-0.245255672,0.964852371
0.0006,0.00085,0.00095,529.041415,-0.08390565,-0.077924431,0.993422179
0.0006,0.0009,5.00E-05,949.5623635,0.314222653,-0.1450127,0.938208634
0.0006,0.0009,0.0001,945.5355148,0.736518818,-0.675086167,-0.042411063
0.0006,0.0009,0.00015,941.5086661,0.692224838,-0.715796142,0.091981831
0.0006,0.0009,0.0002,957.8405522,-0.206948195,-0.928580871,-0.308074683
0.0006,0.0009,0.00025,921.2139855,0.02069813,-0.52915452,-0.848273
0.0006,0.0009,0.0003,876.1035269,-0.051263443,-0.349640309,-0.935480472
0.0006,0.0009,0.00035,830.9930683,-0.177870921,-0.423836285,-0.888101762
0.0006,0.0009,0.0004,781.5443139,-0.230651569,-0.454271283,-0.860486755
0.0006,0.0009,0.00045,726.0096199,-0.144697265,-0.504110262,-0.851431468
0.0006,0.0009,0.0005,676.0306867,-0.279385202,-0.655418585,-0.701691091
0.0006,0.0009,0.00055,639.1530322,-0.180031012,-0.674500789,-0.715987095
0.0006,0.0009,0.0006,575.0688726,-0.277695283,-0.531518912,-0.800233076
0.0006,0.0009,0.00065,522.9488125,-0.434538956,-0.362590197,-0.824441778
0.0006,0.0009,0.0007,494.4078203,-0.609494445,-0.232828305,-0.757830787
0.0006,0.0009,0.00075,469.1469082,-0.591403519,-0.237143622,-0.770717056
0.0006,0.0009,0.0008,432.7570883,-0.81612507,0.124942106,-0.564206824
0.0006,0.0009,0.00085,422.9494119,-0.602800771,0.763467182,-0.231838504
0.0006,0.0009,0.0009,419.5911255,0.363343188,-0.096379295,0.926656764
0.0006,0.0009,0.00095,491.4581804,0.03733273,-0.014108972,0.999203285
0.0006,0.00095,5.00E-05,792.1381548,0.48513299,-0.732377017,0.477775979
0.0006,0.00095,0.0001,771.2290759,0.507715607,-0.861354206,0.017140435
0.0006,0.00095,0.00015,799.6415521,0.316189992,-0.914314052,0.253088331
0.0006,0.00095,0.0002,876.833101,0.090785393,-0.981311766,0.169662108
0.0006,0.00095,0.00025,869.390417,-0.135760666,-0.988622364,-0.064767755
0.0006,0.00095,0.0003,853.1248724,-0.214854239,-0.958219116,-0.18882209
0.0006,0.00095,0.00035,808.0144138,-0.16572655,-0.920038837,-0.355053867
0.0006,0.00095,0.0004,753.4380219,-0.179556853,-0.859339617,-0.478847324
0.0006,0.00095,0.00045,697.9033278,-0.173710281,-0.751237513,-0.636762858
0.0006,0.00095,0.0005,642.3686337,-0.129737032,-0.606610549,-0.784341727
0.0006,0.00095,0.00055,591.5080699,-0.206795402,-0.298015948,-0.931891708
0.0006,0.00095,0.0006,543.1377418,-0.212256558,0.572466837,-0.791977824
0.0006,0.00095,0.00065,514.6840346,-0.14065029,0.899901829,-0.412788317
0.0006,0.00095,0.0007,486.1430425,-0.089962663,0.942025332,-0.323256852
0.0006,0.00095,0.00075,459.6621837,-0.124792035,0.974544287,-0.18625354
0.0006,0.00095,0.0008,451.0471667,-0.138526959,0.989619266,-0.03826212
0.0006,0.00095,0.00085,451.7416358,-0.172066203,0.978630395,-0.11258673
0.0006,0.00095,0.0009,427.5893877,0.051031801,0.932977109,0.356299692
0.0006,0.00095,0.00095,521.5581037,0.128236733,0.204266945,0.970479446
0.00065,5.00E-05,5.00E-05,588.1814261,0.210432108,-0.969045539,0.129108759
0.00065,5.00E-05,0.0001,591.1188751,0.217375915,-0.975787186,-0.024229723
0.00065,5.00E-05,0.00015,582.633838,0.183904484,-0.980153291,-0.074018023
0.00065,5.00E-05,0.0002,573.1285597,0.176549236,-0.98410229,-0.019314492
0.00065,5.00E-05,0.00025,578.1891757,0.221910641,-0.972350756,0.072730152
0.00065,5.00E-05,0.0003,589.005081,0.26695913,-0.959995671,0.084505229
0.00065,5.00E-05,0.00035,595.2618562,0.276107486,-0.960339773,0.038886716
0.00065,5.00E-05,0.0004,596.3498901,0.329983638,-0.942344172,0.055662016
0.00065,5.00E-05,0.00045,602.1167898,0.461507717,-0.883320124,0.082196025
0.00065,5.00E-05,0.0005,601.7314789,0.920493488,-0.177654141,0.348038424
0.00065,5.00E-05,0.00055,616.3125522,0.497349941,0.56265229,0.66035251
0.00065,5.00E-05,0.0006,644.361741,0.168535288,0.928533078,0.330790235
0.00065,5.00E-05,0.00065,655.1961505,0.042861235,0.994554738,0.094993622
0.00065,5.00E-05,0.0007,658.2760862,-0.019546841,0.991192093,-0.130981508
0.00065,5.00E-05,0.00075,631.8109253,-0.161793047,0.960763154,-0.225293523
0.00065,5.00E-05,0.0008,616.7033486,-0.29515644,0.945199229,-0.13957469
0.00065,5.00E-05,0.00085,609.4783294,-0.28177935,0.942921487,-0.177480893
0.00065,5.00E-05,0.0009,589.2060182,-0.25709105,0.851667078,-0.456691778
0.00065,5.00E-05,0.00095,559.9947888,-0.137016097,-0.99023842,-0.02558243
0.00065,0.0001,5.00E-05,595.2338505,0.559065335,-0.038727926,0.82821863
0.00065,0.0001,0.0001,586.7514621,0.939031801,-0.200842256,-0.279072865
0.00065,0.0001,0.00015,579.299139,0.987720928,0.105983865,-0.114781482
0.00065,0.0001,0.0002,581.0982872,0.944708601,0.306219817,0.117282065
0.00065,0.0001,0.00025,585.2913028,0.9620294,0.154709659,0.224865193
0.00065,0.0001,0.0003,593.0712958,0.987769754,0.027532481,0.153469464
0.00065,0.0001,0.00035,594.466361,0.962137536,-0.059367592,0.266020395
0.00065,0.0001,0.0004,606.001425,0.858683252,0.287000087,0.424610437
0.00065,0.0001,0.00045,611.7683247,0.894886184,0.414015,0.166644222
0.00065,0.0001,0.0005,611.6153821,0.948006341,0.283337211,-0.144927578
0.00065,0.0001,0.00055,604.4444905,0.863439326,-0.305059103,0.401760468
0.00065,0.0001,0.0006,632.4936793,0.31968055,-0.765179339,0.558842487
0.00065,0.0001,0.00065,637.6566563,-0.134560616,-0.977555932,0.162104413
0.00065,0.0001,0.0007,640.5120111,-0.156474696,-0.939826666,-0.30371287
0.00065,0.0001,0.00075,621.765605,-0.207380946,-0.576318889,-0.79047434
0.00065,0.0001,0.0008,591.8895974,-0.507529352,-0.573858687,-0.642728687
0.00065,0.0001,0.00085,580.9671755,-0.581673215,-0.598057887,-0.551346565
0.00065,0.0001,0.0009,541.4359002,-0.045413087,-0.810681654,-0.583723314
0.00065,0.0001,0.00095,502.3401748,0.051448091,-0.881022215,0.470269019
0.00065,0.00015,5.00E-05,584.2343112,0.450355162,-0.149301577,0.880277949
0.00065,0.00015,0.0001,579.6510335,0.997722781,-0.027483937,0.061594518
0.00065,0.00015,0.00015,587.8537159,0.956428085,0.245572297,0.157922657
0.00065,0.00015,0.0002,588.7739127,0.970605873,0.239347606,-0.025238109
0.00065,0.00015,0.00025,586.4267337,0.994763535,0.096703439,0.033074982
0.00065,0.00015,0.0003,590.65109,0.992092907,-0.07681117,0.099255775
0.00065,0.00015,0.00035,592.376248,0.929985749,-0.074352763,0.359997462
0.00065,0.00015,0.0004,608.0445275,0.787506758,0.053770355,0.613955907
0.00065,0.00015,0.00045,616.0642428,0.88117128,-0.300572001,0.364957049
0.00065,0.00015,0.0005,616.0497666,0.341560737,-0.848848384,-0.403475753
0.00065,0.00015,0.00055,600.4595375,0.484260617,-0.807759361,-0.336179223
0.00065,0.00015,0.0006,598.8869182,-0.023306403,-0.994857859,0.09856293
0.00065,0.00015,0.00065,606.8423292,-0.020876953,-0.988508151,0.149719029
0.00065,0.00015,0.0007,609.1018983,0.040858576,-0.988300029,-0.146947707
0.00065,0.00015,0.00075,596.3613047,0.032585268,-0.898786427,-0.43717406
0.00065,0.00015,0.0008,580.2765737,-0.519366948,-0.249829276,-0.817216805
0.00065,0.00015,0.00085,554.7500814,-0.258503467,-0.351119094,-0.899939631
0.00065,0.00015,0.0009,480.0079351,-0.206603269,-0.614873185,-0.761082161
0.00065,0.00015,0.00095,459.2073938,-0.089042125,-0.50757602,0.856993631
0.00065,0.0002,5.00E-05,574.8057285,0.40217582,-0.046444322,0.914383691
0.00065,0.0002,0.0001,585.1364565,0.954759054,0.06764519,0.289584662
0.00065,0.0002,0.00015,593.4853644,0.981030534,0.109409562,0.160026996
0.00065,0.0002,0.0002,594.6311858,0.981739749,0.184399811,-0.046730885
0.00065,0.0002,0.00025,590.7797261,0.975563365,0.194118054,-0.102928626
0.00065,0.0002,0.0003,588.467139,0.949968651,0.312341693,0.001493187
0.00065,0.0002,0.00035,590.8739742,0.744787282,0.580183928,0.329664245
0.00065,0.0002,0.0004,608.0760233,0.749374156,0.534563344,0.390743401
0.00065,0.0002,0.00045,605.1753551,0.425569276,-0.707498148,-0.564213756
0.00065,0.0002,0.0005,578.7855806,0.075620941,-0.888735803,-0.45213952
0.00065,0.0002,0.00055,563.2062149,-0.077457344,-0.97172065,-0.223068014
0.00065,0.0002,0.0006,568.0681344,0.039306594,-0.996105373,0.078924501
0.00065,0.0002,0.00065,570.2130512,0.080383801,-0.996623884,0.016711631
0.00065,0.0002,0.0007,570.0216507,0.05087715,-0.996786519,-0.061872058
0.00065,0.0002,0.00075,562.5036019,-0.131714556,-0.989519571,0.059180193
0.00065,0.0002,0.0008,579.1687359,-0.284051274,-0.949631386,-0.132344641
0.00065,0.0002,0.00085,541.8465142,-0.250328443,-0.746070305,-0.617020883
0.00065,0.0002,0.0009,464.2476022,-0.193258616,-0.563065583,-0.803497515
0.00065,0.0002,0.00095,440.6094836,-0.152106701,-0.439887513,0.885077696
0.00065,0.00025,5.00E-05,576.8933477,0.353616344,0.048621667,0.934126016
0.00065,0.00025,0.0001,584.0144812,0.960105104,0.019667241,0.278946928
0.00065,0.00025,0.00015,594.3452092,0.97142397,-0.071171289,0.226429059
0.00065,0.00025,0.0002,599.4503462,0.993355418,-0.103779782,0.049747062
0.00065,0.00025,0.00025,598.0518065,0.987899735,0.060929578,0.14262433
0.00065,0.00025,0.0003,610.3657091,0.924406245,0.224763839,0.308146572
0.00065,0.00025,0.00035,626.8863888,0.940920222,0.261111273,0.21561549
0.00065,0.00025,0.0004,627.6097818,0.782502942,-0.240544886,-0.574305932
0.00065,0.00025,0.00045,579.3353723,0.333629152,-0.532722857,-0.777751854
0.00065,0.00025,0.0005,533.5542628,0.402139373,-0.854707087,-0.328267757
0.00065,0.00025,0.00055,553.772594,0.534439987,-0.792343674,-0.29421999
0.00065,0.00025,0.0006,510.4537045,0.415548837,-0.795040888,-0.441847429
0.00065,0.00025,0.00065,490.3413699,0.080940155,-0.980485892,-0.179153861
0.00065,0.00025,0.0007,484.8992228,0.051028462,-0.963255383,-0.263695209
0.00065,0.00025,0.00075,443.4179075,-0.157205872,-0.952824512,-0.259637753
0.00065,0.00025,0.0008,432.0528247,-0.184849178,-0.975381676,-0.120255427
0.00065,0.00025,0.00085,415.793285,-0.046456324,-0.991770899,-0.119299181
0.00065,0.00025,0.0009,409.0642339,0.02401215,-0.994527047,-0.101682692
0.00065,0.00025,0.00095,404.2595181,0.022326002,-0.466963399,0.883994759
0.00065,0.0003,5.00E-05,584.1620528,0.327960863,0.013455454,0.944595481
0.00065,0.0003,0.0001,586.3669055,0.991117324,-0.118081437,0.0611819
0.00065,0.0003,0.00015,588.633556,0.95693805,-0.290222931,0.00634184
0.00065,0.0003,0.0002,586.8986717,0.896218205,-0.438323654,0.068303018
0.00065,0.0003,0.00025,595.4428047,0.921980241,-0.322075455,0.214987993
0.00065,0.0003,0.0003,609.4992451,0.9242929,-0.352682393,0.145937535
0.00065,0.0003,0.00035,611.7566194,0.783422005,-0.599725881,-0.163030151
0.00065,0.0003,0.0004,588.1595412,0.565034165,-0.671419733,-0.479512184
0.00065,0.0003,0.00045,540.7518188,0.531764474,-0.552268387,-0.642048419
0.00065,0.0003,0.0005,512.2280606,0.806550409,-0.391579203,-0.442879403
0.00065,0.0003,0.00055,500.9956858,0.689975352,-0.594063395,-0.413548904
0.00065,0.0003,0.0006,453.9327714,0.629959291,-0.281157748,-0.723948626
0.00065,0.0003,0.00065,430.3566808,0.245981496,-0.621092863,-0.744134907
0.00065,0.0003,0.0007,398.6143736,0.089271462,-0.932223266,-0.350699854
0.00065,0.0003,0.00075,368.5666922,-0.068677837,-0.951790834,-0.298960804
0.00065,0.0003,0.0008,355.1077408,-0.067999439,-0.9899423,-0.124057721
0.00065,0.0003,0.00085,350.7352663,0.292979952,-0.954397814,-0.05733725
0.00065,0.0003,0.0009,351.4393859,0.212290665,-0.977076824,0.015923399
0.00065,0.0003,0.00095,351.9550514,0.056460987,-0.362058101,0.930444028
0.00065,0.00035,5.00E-05,580.232468,0.311046754,-0.105634229,0.944505864
0.00065,0.00035,0.0001,575.3844529,0.915894885,-0.386807372,-0.107315499
0.00065,0.00035,0.00015,570.0098849,0.890599393,-0.40884589,-0.199192772
0.00065,0.00035,0.0002,555.7530857,0.779851079,-0.622875616,-0.062114904
0.00065,0.00035,0.00025,564.1936833,0.654061195,-0.743523973,0.139197896
0.00065,0.00035,0.0003,570.9406551,0.616364255,-0.77516177,-0.138633819
0.00065,0.00035,0.00035,548.3857392,0.511195722,-0.800983734,-0.311615135
0.00065,0.00035,0.0004,528.187857,0.533711874,-0.791506096,-0.29777464
0.00065,0.00035,0.00045,514.0216747,0.676039684,-0.68401905,-0.274022417
0.00065,0.00035,0.0005,498.4032154,0.777703898,-0.505375108,-0.373861804
0.00065,0.00035,0.00055,470.0313555,0.736821781,0.667778931,-0.105664385
0.00065,0.00035,0.0006,483.0198468,0.435325017,0.890744561,-0.130637883
0.00065,0.00035,0.00065,444.1698199,0.178796099,0.711556656,-0.679499139
0.00065,0.00035,0.0007,320.6503234,-0.17678722,-0.417834829,-0.891156739
0.00065,0.00035,0.00075,304.9073946,-0.389184543,-0.900371167,-0.194594846
0.00065,0.00035,0.0008,289.7635533,-0.714623339,-0.391467899,0.579712314
0.00065,0.00035,0.00085,354.732284,0.400748644,0.865951146,0.299214198
0.00065,0.00035,0.0009,334.2169137,0.507564434,0.809329356,-0.295574591
0.00065,0.00035,0.00095,313.7015433,0.233130949,0.323216686,0.917159165
0.00065,0.0004,5.00E-05,554.8952442,0.581335044,-0.341198887,0.738669673
0.00065,0.0004,0.0001,549.5206852,0.877410401,-0.475245489,-0.065518797
0.00065,0.0004,0.00015,548.3399062,0.785933939,-0.578573996,-0.218082496
0.00065,0.0004,0.0002,528.5749858,0.659204209,-0.647566974,-0.382239227
0.00065,0.0004,0.00025,514.3185758,0.400178623,-0.911707264,-0.092988892
0.00065,0.0004,0.0003,521.1101779,0.418391228,-0.896628682,-0.144933735
0.00065,0.0004,0.00035,501.8637033,0.352023046,-0.898283309,-0.262995956
0.00065,0.0004,0.0004,496.8174223,0.940676516,-0.048163801,-0.335868933
0.00065,0.0004,0.00045,466.4029298,0.953146513,0.227543791,-0.199337776
0.00065,0.0004,0.0005,452.7632742,0.847932651,0.173078179,0.501053055
0.00065,0.0004,0.00055,598.2156664,0.71586095,0.574070486,0.39747475
0.00065,0.0004,0.0006,630.2677032,0.592443345,0.805588026,0.006230152
0.00065,0.0004,0.00065,600.3864991,0.37132159,0.632576189,-0.679682015
0.00065,0.0004,0.0007,333.3186864,-0.40014622,0.107530528,-0.910120975
0.00065,0.0004,0.00075,225.6566519,-0.961564897,-0.271414845,-0.041556347
0.00065,0.0004,0.0008,321.4620094,-0.474113994,0.402301317,0.783179143
0.00065,0.0004,0.00085,479.3870438,0.412768977,0.790017486,0.453314619
0.00065,0.0004,0.0009,463.7879569,0.641244483,0.755199096,-0.135940571
0.00065,0.0004,0.00095,438.6535605,0.782609231,0.541055521,0.307866391
0.00065,0.00045,5.00E-05,529.0218377,0.707251932,-0.557175618,0.435143695
0.00065,0.00045,0.0001,527.8348191,0.800910112,-0.578473671,-0.154632482
0.00065,0.00045,0.00015,514.4408355,0.849462215,0.117071947,-0.514497915
0.00065,0.00045,0.0002,498.1161703,0.224125944,0.962906845,-0.150259674
0.00065,0.00045,0.00025,491.0051612,0.133321801,0.990770548,-0.024474868
0.00065,0.00045,0.0003,493.8889192,0.081399802,0.983708633,-0.160285366
0.00065,0.00045,0.00035,465.4119276,0.625542958,0.735196187,0.261117932
0.00065,0.00045,0.0004,523.1027614,0.820988378,0.38837269,0.41850297
0.00065,0.00045,0.00045,564.3094229,0.846987806,0.529132627,0.051286637
0.00065,0.00045,0.0005,543.935137,0.743104538,0.546595891,0.386042195
0.00065,0.00045,0.00055,726.3999773,0.924142663,0.113401796,0.364829235
0.00065,0.00045,0.0006,763.7187332,0.900555583,0.434500822,-0.014445662
0.00065,0.00045,0.00065,720.5385823,0.54185345,0.425924877,-0.724556994
0.00065,0.00045,0.0007,364.9245457,-0.472447111,0.178652566,-0.863062563
0.00065,0.00045,0.00075,227.4684865,-0.903533054,0.395719715,0.164419975
0.00065,0.00045,0.0008,420.099086,-0.289661361,0.479968576,0.828086023
0.00065,0.00045,0.00085,602.7719072,0.732119162,0.468591433,0.494392153
0.00065,0.00045,0.0009,560.5061628,0.853122812,0.307338531,-0.42157383
0.00065,0.00045,0.00095,473.8167824,-0.206193823,0.896931047,-0.391150615
0.00065,0.0005,5.00E-05,485.7283614,0.44733281,-0.884589056,-0.131892228
0.00065,0.0005,0.0001,494.9737635,-0.605338294,0.601569261,0.521229291
0.00065,0.0005,0.00015,555.1022661,-0.11837504,0.768612955,0.628666426
0.00065,0.0005,0.0002,678.757471,0.64148804,0.710857443,0.288400398
0.00065,0.0005,0.00025,685.4425154,0.838476884,0.544934789,-0.001609552
0.00065,0.0005,0.0003,678.181815,0.605896672,0.750308609,-0.264435652
0.00065,0.0005,0.00035,584.1173624,-0.28143725,0.931234071,-0.231508486
0.00065,0.0005,0.0004,588.594755,0.851046509,0.411710683,0.32590513
0.00065,0.0005,0.00045,681.3339572,0.704106233,0.649098636,0.287932933
0.00065,0.0005,0.0005,682.266764,0.97926032,0.199924247,-0.032856062
0.00065,0.0005,0.00055,666.5321615,0.915954221,-0.37374361,0.146094418
0.00065,0.0005,0.0006,806.5684496,0.9362702,-0.236785698,0.259481496
0.00065,0.0005,0.00065,834.8143866,0.690946448,0.183338146,-0.699271142
0.00065,0.0005,0.0007,435.3834052,-0.414447637,0.5504699,-0.724717907
0.00065,0.0005,0.00075,358.4486283,-0.721679585,0.672546168,0.163890902
0.00065,0.0005,0.0008,538.9923664,-0.529791985,0.561071044,0.63601866
0.00065,0.0005,0.00085,612.4667315,0.917238686,-0.364344669,0.16101601
0.00065,0.0005,0.0009,557.7996717,0.69693321,-0.306475829,-0.648349186
0.00065,0.0005,0.00095,510.8489441,-0.097374632,0.565030089,-0.819304083
0.00065,0.00055,5.00E-05,422.5484603,0.378846547,-0.757595308,0.531530472
0.00065,0.00055,0.0001,607.9017097,-0.499001225,0.425991617,0.754671399
0.00065,0.00055,0.00015,739.1363696,-0.045684202,0.863815297,0.501733083
0.00065,0.00055,0.0002,819.3824971,0.907425492,0.404735124,-0.112997593
0.00065,0.00055,0.00025,685.9010049,0.982403668,-0.177129979,-0.059228405
0.00065,0.00055,0.0003,781.3884831,0.962667494,0.001614185,0.270681898
0.00065,0.00055,0.00035,825.7724663,-0.083909771,0.945982563,-0.313171106
0.00065,0.00055,0.0004,645.914914,-0.704947176,0.698813396,-0.12128197
0.00065,0.00055,0.00045,775.4779497,-0.272122241,0.959018949,-0.078943912
0.00065,0.00055,0.0005,634.0018603,0.74735511,0.016453165,-0.664221072
0.00065,0.00055,0.00055,408.4072613,0.984612758,-0.17208587,-0.030400169
0.00065,0.00055,0.0006,610.1554741,0.820253902,-0.217508403,0.529030842
0.00065,0.00055,0.00065,817.857596,0.823561657,-0.35040974,0.44604844
0.00065,0.00055,0.0007,726.7550024,0.825940233,0.422146403,-0.373651102
0.00065,0.00055,0.00075,652.6404096,-0.606543615,0.757896157,-0.24020462
0.00065,0.00055,0.0008,644.1840246,-0.93667634,0.074243938,-0.342235695
0.00065,0.00055,0.00085,560.2150123,0.011869974,-0.587497316,-0.809139053
0.00065,0.00055,0.0009,512.4712516,-0.02910193,-0.8863769,-0.462048773
0.00065,0.00055,0.00095,523.5205001,-0.104780389,0.014111374,-0.994395263
0.00065,0.0006,5.00E-05,365.4590412,0.363517374,-0.472871409,0.802650453
0.00065,0.0006,0.0001,673.6790857,-0.065024058,0.341342411,0.937687171
0.00065,0.0006,0.00015,919.2009176,-0.123071247,0.867541514,0.481897489
0.00065,0.0006,0.0002,869.4360639,0.770773345,0.382280081,-0.509676751
0.00065,0.0006,0.00025,571.8166479,0.975030398,0.076227847,-0.208578614
0.00065,0.0006,0.0003,679.0159246,0.85045581,0.212121235,0.481382902
0.00065,0.0006,0.00035,993.3365775,0.595062242,0.373657745,0.71153413
0.00065,0.0006,0.0004,878.3862372,-0.400137932,0.720725285,-0.566078351
0.00065,0.0006,0.00045,826.0549875,0.348904718,0.266857248,-0.898361123
0.00065,0.0006,0.0005,691.3593312,0.399106518,0.449802817,-0.798994001
0.00065,0.0006,0.00055,531.545211,0.571855647,0.812072434,-0.116273301
0.00065,0.0006,0.0006,638.2249779,0.784846375,0.34314673,0.516010164
0.00065,0.0006,0.00065,743.2153433,0.797543278,-0.599321663,-0.068835054
0.00065,0.0006,0.0007,622.043743,0.76086523,-0.41277416,-0.500701103
0.00065,0.0006,0.00075,618.9774508,0.734175304,-0.503001452,-0.456044035
0.00065,0.0006,0.0008,559.0429501,0.038248938,-0.700307564,-0.712815779
0.00065,0.0006,0.00085,516.8331068,-0.013818796,-0.691467199,-0.722275677
0.00065,0.0006,0.0009,487.4063065,0.448576032,-0.888076553,-0.100496666
0.00065,0.0006,0.00095,512.1250304,-0.004559728,-0.193607433,-0.981068484
0.00065,0.00065,5.00E-05,327.3709225,0.539262403,0.591218599,0.599713789
0.00065,0.00065,0.0001,809.4780915,0.418802059,0.114607472,0.900816276
0.00065,0.00065,0.00015,1091.550128,-0.042126336,0.222889323,0.97393312
0.00065,0.00065,0.0002,1079.936047,0.735134488,0.183939003,-0.652490405
0.00065,0.00065,0.00025,755.4925946,0.87182116,0.469750204,-0.138789806
0.00065,0.00065,0.0003,967.1311166,0.874730047,0.385132557,0.294143263
0.00065,0.00065,0.00035,930.4705523,0.92125039,-0.295977192,-0.252379121
0.00065,0.00065,0.0004,858.8961584,0.876785634,-0.156446282,-0.454721357
0.00065,0.00065,0.00045,831.0340998,0.953609436,0.060378938,-0.294929529
0.00065,0.00065,0.0005,799.7995096,0.626155883,0.727627639,-0.28015501
0.00065,0.00065,0.00055,779.5065877,0.435428504,0.882140732,-0.179526452
0.00065,0.00065,0.0006,750.9161002,0.617776055,0.386443475,-0.684846104
0.00065,0.00065,0.00065,676.973497,0.353700139,-0.637568595,-0.684399371
0.00065,0.00065,0.0007,624.3342341,0.324726248,-0.336462521,-0.883937687
0.00065,0.00065,0.00075,583.1526236,0.235844825,-0.647483253,-0.724667272
0.00065,0.00065,0.0008,543.8320699,0.23205294,-0.475714411,-0.848438113
0.00065,0.00065,0.00085,491.6340107,0.051133422,-0.552244345,-0.832112707
0.00065,0.00065,0.0009,470.8665655,0.565556748,-0.779054431,0.270591497
0.00065,0.00065,0.00095,499.4550068,-0.221510994,0.05691478,-0.973495551
0.00065,0.0007,5.00E-05,671.0905222,0.282012524,0.808532524,0.516472742
0.00065,0.0007,0.0001,770.9027367,0.725141015,0.025691119,0.688120974
0.00065,0.0007,0.00015,981.0965337,0.13918282,-0.727925664,0.671380943
0.00065,0.0007,0.0002,964.1716909,0.68335265,-0.722925909,-0.102016103
0.00065,0.0007,0.00025,953.6180242,0.77804512,0.596206227,-0.197949303
0.00065,0.0007,0.0003,908.1209788,0.672209802,-0.453967233,-0.584848471
0.00065,0.0007,0.00035,866.4042116,0.707917083,-0.51079029,-0.487797789
0.00065,0.0007,0.0004,844.175257,0.966974377,-0.113479003,-0.228217156
0.00065,0.0007,0.00045,838.1534468,0.972049945,0.166531333,-0.165487824
0.00065,0.0007,0.0005,825.1882494,0.784961749,0.28350385,-0.550872598
0.00065,0.0007,0.00055,771.7440561,0.396878989,-0.185940125,-0.898839996
0.00065,0.0007,0.0006,696.082128,0.263897735,-0.476889238,-0.838411975
0.00065,0.0007,0.00065,625.29498,0.316524414,-0.539647409,-0.780123688
0.00065,0.0007,0.0007,586.3317148,0.192022953,-0.683796506,-0.703952786
0.00065,0.0007,0.00075,547.0495396,0.226991949,-0.66420278,-0.7122565
0.00065,0.0007,0.0008,507.7289858,0.210243765,-0.662363024,-0.719077731
0.00065,0.0007,0.00085,468.4084321,0.2296115,-0.725751491,-0.648508545
0.00065,0.0007,0.0009,464.889037,0.012109365,-0.357615941,0.933790235
0.00065,0.0007,0.00095,520.5144092,-0.298686955,0.085416573,0.950520969
0.00065,0.00075,5.00E-05,719.351157,0.509187533,0.141012345,0.849025073
0.00065,0.00075,0.0001,821.052221,0.828116993,0.206802965,0.521013223
0.00065,0.00075,0.00015,882.0037695,0.350410827,-0.740723,0.573185563
0.00065,0.00075,0.0002,885.2126082,0.618094108,-0.531437431,0.579252907
0.00065,0.00075,0.00025,924.312505,0.75695901,-0.475878279,0.447831354
0.00065,0.00075,0.0003,899.4345847,0.591473835,-0.039897194,-0.805336524
0.00065,0.00075,0.00035,863.510729,0.660762565,0.072646596,-0.747071151
0.00065,0.00075,0.0004,844.8487105,0.988630731,-0.033894883,-0.146493735
0.00065,0.00075,0.00045,850.1408328,0.844584842,-0.511394343,-0.158594673
0.00065,0.00075,0.0005,833.9767731,0.086657068,-0.582580155,-0.808140406
0.00065,0.00075,0.00055,752.7988216,-0.03635099,-0.325748394,-0.944757424
0.00065,0.00075,0.0006,667.6157772,3.82E-05,-0.281770659,-0.959481784
0.00065,0.00075,0.00065,601.0540921,0.03831515,-0.35705762,-0.933296204
0.00065,0.00075,0.0007,548.3291954,0.114333953,-0.612747925,-0.78196402
0.00065,0.00075,0.00075,509.852975,0.187389652,-0.673456901,-0.715081059
0.00065,0.00075,0.0008,471.393501,0.151875528,-0.685328658,-0.712220791
0.00065,0.00075,0.00085,443.6914555,0.063464541,-0.922594861,-0.380514092
0.00065,0.00075,0.0009,450.9114114,-0.030409279,-0.308451414,0.950753912
0.00065,0.00075,0.00095,517.9848708,-0.151891896,-0.097290889,0.983597141
0.00065,0.0008,5.00E-05,721.4261825,0.181710587,0.198468731,0.963115479
0.00065,0.0008,0.0001,835.4635599,0.379567609,-0.023538746,0.924864508
0.00065,0.0008,0.00015,898.1825917,0.580336515,0.482372779,0.656144825
0.00065,0.0008,0.0002,925.3554063,0.446015954,0.779502159,0.439825139
0.00065,0.0008,0.00025,938.5053492,0.63283492,0.520086196,-0.573611639
0.00065,0.0008,0.0003,905.1087967,0.537488888,-0.075176171,-0.839913233
0.00065,0.0008,0.00035,871.7122441,0.375176593,-0.267119798,-0.88763142
0.00065,0.0008,0.0004,841.0818068,0.112595377,-0.620462493,-0.776111188
0.00065,0.0008,0.00045,803.0964856,-0.154351216,-0.786256885,-0.5983108
0.00065,0.0008,0.0005,755.0153889,-0.19662088,-0.813789757,-0.546887979
0.00065,0.0008,0.00055,714.3834831,-0.287707575,-0.611582891,-0.737014735
0.00065,0.0008,0.0006,651.5193096,-0.154884678,-0.409418975,-0.899103353
0.00065,0.0008,0.00065,579.6586827,-0.082185939,-0.464913351,-0.88153335
0.00065,0.0008,0.0007,514.8664123,-0.049222225,-0.54152444,-0.839242786
0.00065,0.0008,0.00075,474.5921956,0.077850146,-0.636838828,-0.767056492
0.00065,0.0008,0.0008,444.0656023,-0.001029832,-0.680704379,-0.732557498
0.00065,0.0008,0.00085,418.7475365,-0.194878712,-0.977815709,-0.076803171
0.00065,0.0008,0.0009,440.7861554,-0.033872957,-0.208988443,0.977331292
0.00065,0.0008,0.00095,493.9621346,-0.092875301,-0.080614042,0.992408965
0.00065,0.00085,5.00E-05,789.7241872,-0.319890091,0.375818328,0.869730369
0.00065,0.00085,0.0001,816.55359,-0.238053689,0.174747663,0.955402374
0.00065,0.00085,0.00015,948.0888441,0.278830381,0.131385644,0.951310376
0.00065,0.00085,0.0002,956.6766373,-0.848506319,-0.502904933,-0.164692608
0.00065,0.00085,0.00025,942.669842,-0.382290747,-0.54025307,-0.749653523
0.00065,0.00085,0.0003,893.4562887,-0.173409986,-0.456570421,-0.872623875
0.00065,0.00085,0.00035,844.2427353,-0.144749116,-0.5396149,-0.829375339
0.00065,0.00085,0.0004,789.9938067,-0.251435247,-0.613761861,-0.748382719
0.00065,0.00085,0.00045,737.0385561,-0.322556171,-0.712580189,-0.62304654
0.00065,0.00085,0.0005,701.968509,-0.338015705,-0.778738721,-0.528499184
0.00065,0.00085,0.00055,666.9166426,-0.304086183,-0.678406931,-0.668801636
0.00065,0.00085,0.0006,606.2670018,-0.225462277,-0.561421412,-0.796224063
0.00065,0.00085,0.00065,528.9844915,-0.146261769,-0.523039505,-0.839664916
0.00065,0.00085,0.0007,480.5346649,-0.281264028,-0.46224714,-0.84096262
0.00065,0.00085,0.00075,451.0715093,-0.433204294,-0.415951381,-0.799573942
0.00065,0.00085,0.0008,419.5017327,-0.372174949,-0.505186026,-0.778635272
0.00065,0.00085,0.00085,401.9393424,0.296603478,-0.454716376,0.839797234
0.00065,0.00085,0.0009,434.8278358,0.094515519,-0.031588285,0.995022109
0.00065,0.00085,0.00095,495.1882944,-0.071340922,0.060285719,0.995628497
0.00065,0.0009,5.00E-05,860.2910219,-0.512131712,0.095674057,0.853561705
0.00065,0.0009,0.0001,864.429213,-0.895849058,-0.049280249,0.441617393
0.00065,0.0009,0.00015,917.5350105,-0.622580978,-0.740922465,0.251846832
0.00065,0.0009,0.0002,908.8079551,-0.670687589,-0.731855235,-0.120689989
0.00065,0.0009,0.00025,892.9443182,-0.504955262,-0.806758406,-0.306856737
0.00065,0.0009,0.0003,853.6101994,-0.449499165,-0.686709958,-0.571296713
0.00065,0.0009,0.00035,804.3966461,-0.384854849,-0.519442102,-0.762932925
0.00065,0.0009,0.0004,753.1617696,-0.371941655,-0.514676976,-0.772506968
0.00065,0.0009,0.00045,702.4216896,-0.345828729,-0.519353873,-0.781456361
0.00065,0.0009,0.0005,651.6913897,-0.355921341,-0.652871474,-0.668639543
0.00065,0.0009,0.00055,617.3075157,-0.316668565,-0.675370882,-0.666029423
0.00065,0.0009,0.0006,554.2626872,-0.307251671,-0.553497978,-0.77410361
0.00065,0.0009,0.00065,501.3381788,-0.395471509,-0.376968965,-0.83755399
0.00065,0.0009,0.0007,472.0404265,-0.595015506,-0.224152809,-0.771823857
0.00065,0.0009,0.00075,442.8418707,-0.634027832,-0.084667026,-0.768661305
0.00065,0.0009,0.0008,412.1881816,-0.517625188,0.467792236,-0.716403928
0.00065,0.0009,0.00085,410.449069,0.043967064,0.788382735,0.613611897
0.00065,0.0009,0.0009,437.8258448,0.327187358,0.127760691,0.936282884
0.00065,0.0009,0.00095,515.4512561,0.08095667,0.109770153,0.990654597
0.00065,0.00095,5.00E-05,828.8404417,-0.143311218,-0.704897232,0.694681069
0.00065,0.00095,0.0001,810.165712,-0.3714554,-0.927656593,-0.038394412
0.00065,0.00095,0.00015,817.5285081,-0.269110247,-0.963080239,-0.007491891
0.00065,0.00095,0.0002,807.5604846,-0.384273969,-0.921588176,-0.054852084
0.00065,0.00095,0.00025,797.5491779,-0.401713961,-0.913821467,-0.059634044
0.00065,0.00095,0.0003,787.0202339,-0.433572829,-0.898104428,-0.073641283
0.00065,0.00095,0.00035,775.8525246,-0.356249168,-0.892327712,-0.277196291
0.00065,0.00095,0.0004,722.0537565,-0.322707555,-0.783569413,-0.530922602
0.00065,0.00095,0.00045,669.6016045,-0.366774112,-0.648429622,-0.667095028
0.00065,0.00095,0.0005,618.8615245,-0.39675286,-0.405435939,-0.823534375
0.00065,0.00095,0.00055,568.1214445,-0.431722066,-0.009395572,-0.901957749
0.00065,0.00095,0.0006,523.3468441,-0.238115648,0.741809745,-0.626912466
0.00065,0.00095,0.00065,491.9776348,-0.167633961,0.918882718,-0.357146197
0.00065,0.00095,0.0007,463.546188,-0.163242047,0.955983119,-0.243820241
0.00065,0.00095,0.00075,444.4788637,-0.138953791,0.983110906,-0.119099921
0.00065,0.00095,0.0008,440.6533492,-0.020798048,0.998684135,-0.046876855
0.00065,0.00095,0.00085,434.8792041,-0.077373394,0.996093654,0.042553389
0.00065,0.00095,0.0009,449.1559328,0.2358221,0.793273892,0.561341669
0.00065,0.00095,0.00095,541.9998342,0.092272251,0.116021038,0.98895144
0.0007,5.00E-05,5.00E-05,617.5733555,0.444517829,-0.80590178,0.391057824
0.0007,5.00E-05,0.0001,618.2390137,0.757874074,-0.632759775,-0.158877171
0.0007,5.00E-05,0.00015,604.6991511,0.461822431,-0.866100794,-0.191283709
0.0007,5.00E-05,0.0002,595.0464325,0.380987967,-0.924337281,0.021183959
0.0007,5.00E-05,0.00025,607.7705488,0.453893802,-0.874700451,0.169939806
0.0007,5.00E-05,0.0003,618.5715698,0.487906724,-0.861103438,0.142996147
0.0007,5.00E-05,0.00035,624.828345,0.453191037,-0.889825515,0.053183049
0.0007,5.00E-05,0.0004,624.5773227,0.64595627,-0.763362882,0.004196217
0.0007,5.00E-05,0.00045,625.1887434,0.964289248,-0.229645595,0.131943724
0.0007,5.00E-05,0.0005,631.2895172,0.780213582,0.592235792,0.20130458
0.0007,5.00E-05,0.00055,639.5266482,0.394246479,0.89882042,0.191550428
0.0007,5.00E-05,0.0006,650.4106549,0.124704204,0.985399523,0.115916525
0.0007,5.00E-05,0.00065,653.4786429,0.090701449,0.995860781,0.005878186
0.0007,5.00E-05,0.0007,651.2609713,0.048108099,0.984626487,-0.167917517
0.0007,5.00E-05,0.00075,622.9257375,0.128136107,0.940161248,-0.315718174
0.0007,5.00E-05,0.0008,590.3893562,0.038837551,0.957347183,-0.286318033
0.0007,5.00E-05,0.00085,583.1935397,0.040416644,0.985916731,-0.162279678
0.0007,5.00E-05,0.0009,574.5504235,-0.05059758,0.938763341,-0.340827338
0.0007,5.00E-05,0.00095,562.7009876,0.395655758,-0.705254369,0.588279522
0.0007,0.0001,5.00E-05,622.3619496,0.537869283,-0.028169371,0.842557488
0.0007,0.0001,0.0001,610.5151565,0.930311894,-0.176931217,-0.321271108
0.0007,0.0001,0.00015,601.0491053,0.981238509,0.14503238,-0.127029905
0.0007,0.0001,0.0002,602.8482535,0.936986172,0.319788524,0.140684803
0.0007,0.0001,0.00025,609.9380428,0.957204379,0.073016035,0.280050773
0.0007,0.0001,0.0003,622.6632061,0.97882344,0.022369719,0.203480389
0.0007,0.0001,0.00035,624.0358163,0.999116443,-0.040873829,0.009780786
0.0007,0.0001,0.0004,623.2935831,0.994155939,-0.02907688,0.103963956
0.0007,0.0001,0.00045,629.4849746,0.946037154,-0.115624221,0.302728828
0.0007,0.0001,0.0005,635.66065,0.785802546,-0.608159566,0.112500229
0.0007,0.0001,0.00055,635.5129168,0.803644916,-0.593683257,-0.04117086
0.0007,0.0001,0.0006,632.8216682,0.410565459,-0.908257592,-0.080648316
0.0007,0.0001,0.00065,630.6728665,0.322747783,-0.946401064,0.012605355
0.0007,0.0001,0.0007,633.4963843,0.131112599,-0.927126704,-0.351063472
0.0007,0.0001,0.00075,614.2196419,-0.241703969,-0.478866396,-0.843958628
0.0007,0.0001,0.0008,579.6385941,-0.23619122,-0.149338501,-0.96016234
0.0007,0.0001,0.00085,532.5097972,-0.487772203,-0.546513914,-0.680735499
0.0007,0.0001,0.0009,529.0352301,-0.032420448,-0.954507958,-0.296417734
0.0007,0.0001,0.00095,505.4061414,0.068308122,-0.715115136,0.695661083
0.0007,0.00015,5.00E-05,614.0592275,0.444830577,-0.100451763,0.889963595
0.0007,0.00015,0.0001,606.5015515,0.997637146,0.068066267,-0.009333208
0.0007,0.00015,0.00015,613.4525953,0.941415328,0.310953594,0.130556665
0.0007,0.00015,0.0002,615.2517435,0.953432288,0.301509105,-0.007689721
0.0007,0.00015,0.00025,612.936788,0.987472427,0.143894968,0.064749088
0.0007,0.00015,0.0003,620.1214156,0.988910961,-0.06154835,0.135155137
0.0007,0.00015,0.00035,622.1940045,0.997753132,-0.049424376,0.045231844
0.0007,0.00015,0.0004,623.0532895,0.999235977,-0.018074506,-0.034652189
0.0007,0.00015,0.00045,620.465267,0.786565765,-0.257401437,-0.561300986
0.0007,0.00015,0.0005,598.703355,0.578419759,-0.742266945,-0.338334694
0.0007,0.00015,0.00055,598.5885686,0.31503066,-0.948405339,-0.035818938
0.0007,0.00015,0.0006,595.9022329,0.306962086,-0.949807154,0.060337778
0.0007,0.00015,0.00065,602.8214377,0.259255542,-0.944210106,0.203110411
0.0007,0.00015,0.0007,607.8095014,0.195221475,-0.96578912,-0.170704283
0.0007,0.00015,0.00075,592.3665548,-0.259015166,-0.826872791,-0.499191878
0.0007,0.00015,0.0008,577.6806452,-0.28695971,-0.396431017,-0.872064547
0.0007,0.00015,0.00085,542.5677128,-0.208347339,-0.116559288,-0.971084609
0.0007,0.00015,0.0009,487.2727332,0.149613759,-0.599671929,-0.786135676
0.0007,0.00015,0.00095,466.764401,-0.023293148,-0.463243604,0.885924823
0.0007,0.0002,5.00E-05,606.5895706,0.379900953,-0.003228362,0.925021537
0.0007,0.0002,0.0001,614.9392721,0.962143824,0.141524539,0.232916437
0.0007,0.0002,0.00015,621.8898924,0.977234745,0.168718057,0.128633088
0.0007,0.0002,0.0002,623.072733,0.982573706,0.185118512,-0.016734677
0.0007,0.0002,0.00025,620.7601459,0.981253693,0.180747736,-0.066868877
0.0007,0.0002,0.0003,618.4475587,0.939999809,0.341173511,0.000997768
0.0007,0.0002,0.00035,620.8321875,0.9101212,0.410645028,0.055227379
0.0007,0.0002,0.0004,622.3918774,0.91666771,0.396913551,-0.046689859
0.0007,0.0002,0.00045,618.3185803,0.7123689,-0.441110961,-0.545849493
0.0007,0.0002,0.0005,587.6657196,0.511891147,-0.508557111,-0.692341764
0.0007,0.0002,0.00055,561.345471,0.464853461,-0.804294165,-0.370165039
0.0007,0.0002,0.0006,566.1899577,0.500473499,-0.784196917,0.366826215
0.0007,0.0002,0.00065,575.3189178,0.291435093,-0.952243035,0.091097684
0.0007,0.0002,0.0007,574.3460692,0.20665587,-0.974235301,-0.090326791
0.0007,0.0002,0.00075,564.3135186,0.080174153,-0.987721485,-0.134083454
0.0007,0.0002,0.0008,557.0005845,-0.126219201,-0.939184508,-0.319376226
0.0007,0.0002,0.00085,521.6581353,-0.082940148,-0.747250113,-0.659346798
0.0007,0.0002,0.0009,471.2117276,-0.135502902,-0.703954953,-0.697198959
0.0007,0.0002,0.00095,439.1104117,0.015710763,-0.435520906,0.900041506
0.0007,0.00025,5.00E-05,613.4455777,0.360433437,0.098094782,0.927612609
0.0007,0.00025,0.0001,615.7983234,0.987766707,0.090807986,0.126770825
0.0007,0.00025,0.00015,624.1206259,0.98729139,0.040110481,0.153775358
0.0007,0.00025,0.0002,627.7489665,0.994378782,0.10399495,0.019896944
0.0007,0.00025,0.00025,625.4387144,0.906366668,0.34957108,0.237275207
0.0007,0.00025,0.0003,644.7550943,0.796744161,0.514263856,0.317382149
0.0007,0.00025,0.00035,651.5221183,0.814529639,0.580103828,-0.004584307
0.0007,0.00025,0.0004,644.4216288,0.731015027,0.01774634,-0.682130558
0.0007,0.00025,0.00045,592.4024236,0.584780555,-0.356838842,-0.728490043
0.0007,0.00025,0.0005,556.8539659,0.844180309,-0.347124021,-0.408490538
0.0007,0.00025,0.00055,551.9260582,0.944663146,-0.236520389,0.227309581
0.0007,0.00025,0.0006,566.029957,0.67908084,-0.629005842,-0.3784189
0.0007,0.00025,0.00065,517.5656989,0.499545418,-0.756117667,-0.422777068
0.0007,0.00025,0.0007,489.1088554,0.316555525,-0.903326441,-0.289471831
0.0007,0.00025,0.00075,464.5915952,0.431653326,-0.884229605,-0.178363147
0.0007,0.00025,0.0008,452.2446488,0.39857414,-0.912471405,-0.092382842
0.0007,0.00025,0.00085,445.3415895,0.199695934,-0.938941809,-0.280196028
0.0007,0.00025,0.0009,403.9251061,-0.075436155,-0.927609722,-0.365854603
0.0007,0.00025,0.00095,401.2564434,-0.047026626,-0.355067756,0.933656996
0.0007,0.0003,5.00E-05,629.2773163,0.324149602,0.034496634,0.945376654
0.0007,0.0003,0.0001,622.5859812,0.998286754,0.033202495,-0.048178324
0.0007,0.0003,0.00015,625.0070761,0.989114543,-0.119345804,0.086075553
0.0007,0.0003,0.0002,629.9619591,0.917782808,-0.318909151,0.236583327
0.0007,0.0003,0.00025,645.8148093,0.920036962,-0.205907754,0.333367642
0.0007,0.0003,0.0003,660.7112837,0.927280327,-0.33113688,0.17464124
0.0007,0.0003,0.00035,663.0293243,0.840860007,-0.458757021,-0.287221943
0.0007,0.0003,0.0004,623.9299381,0.60269909,-0.53966872,-0.587802245
0.0007,0.0003,0.00045,575.4250038,0.745102964,-0.344243431,-0.571242534
0.0007,0.0003,0.0005,553.2700179,0.947975383,-0.209622186,-0.2395855
0.0007,0.0003,0.00055,551.7976597,0.866294568,-0.269105757,-0.420851296
0.0007,0.0003,0.0006,509.076355,0.707838159,-0.1777737,-0.683638539
0.0007,0.0003,0.00065,437.7490063,0.637672302,-0.362717996,-0.67956581
0.0007,0.0003,0.0007,409.0349633,0.360792201,-0.878454462,-0.313283812
0.0007,0.0003,0.00075,381.5603918,0.464896245,-0.85187138,-0.241219057
0.0007,0.0003,0.0008,366.8670127,0.433969349,-0.891820669,-0.127775189
0.0007,0.0003,0.00085,359.7384994,0.2119394,-0.97319699,-0.089270984
0.0007,0.0003,0.0009,359.4356017,-0.01621574,-0.999850102,-0.006068194
0.0007,0.0003,0.00095,359.4302251,-0.003981789,-0.195974862,0.980600836
0.0007,0.00035,5.00E-05,623.0480866,0.299109274,-0.108380224,0.94804397
0.0007,0.00035,0.0001,618.7411952,0.923252927,-0.366572466,-0.115015913
0.0007,0.00035,0.00015,613.8936569,0.848174208,-0.487954267,-0.206158062
0.0007,0.00035,0.0002,599.7005972,0.796243139,-0.601200891,-0.067485947
0.0007,0.00035,0.00025,606.4460961,0.601774174,-0.792811772,0.096526358
0.0007,0.00035,0.0003,612.1146895,0.568152512,-0.816656084,-0.101368451
0.0007,0.00035,0.00035,592.7741676,0.622898118,-0.736964145,-0.262453393
0.0007,0.00035,0.0004,563.9909875,0.818321272,-0.463902004,-0.339330556
0.0007,0.00035,0.00045,549.8211872,0.642480505,0.705893222,-0.298217303
0.0007,0.00035,0.0005,536.1815315,0.620228572,0.739622912,-0.261293833
0.0007,0.00035,0.00055,523.667219,0.72211804,0.691768728,0.001250334
0.0007,0.00035,0.0006,536.3726894,0.547396939,0.792116023,-0.270016291
0.0007,0.00035,0.00065,464.1686436,0.309239293,0.615023618,-0.725339237
0.0007,0.00035,0.0007,331.5547872,0.652088425,-0.308716762,-0.692441078
0.0007,0.00035,0.00075,315.6743798,0.671232617,-0.724298593,-0.157601786
0.0007,0.00035,0.0008,299.9364044,0.923791833,-0.18024355,0.337817868
0.0007,0.00035,0.00085,364.3272839,-0.152556758,0.926774804,0.34324175
0.0007,0.00035,0.0009,353.1310629,0.377528369,0.917225253,-0.127161971
0.0007,0.00035,0.00095,347.3280856,0.222421011,0.341104774,0.913332594
0.0007,0.0004,5.00E-05,598.2494161,0.528069115,-0.299157717,0.79476265
0.0007,0.0004,0.0001,593.4094805,0.652941113,-0.723672735,-0.223530032
0.0007,0.0004,0.00015,579.9400001,0.503431309,-0.812071216,-0.295122444
0.0007,0.0004,0.0002,563.6151066,0.67698237,-0.675118312,-0.293104308
0.0007,0.0004,0.00025,543.8526226,0.592173828,-0.798888084,-0.105394432
0.0007,0.0004,0.0003,550.5659325,0.496466107,-0.859339534,-0.122706843
0.0007,0.0004,0.00035,527.8988827,0.82080932,-0.556754242,0.12765882
0.0007,0.0004,0.0004,565.2085135,0.239864284,0.492392188,0.836669025
0.0007,0.0004,0.00045,641.251186,0.586302921,0.766989578,0.260721831
0.0007,0.0004,0.0005,627.3018996,0.768155287,0.638104194,0.052540384
0.0007,0.0004,0.00055,657.5590231,0.309339671,0.932233861,0.187747159
0.0007,0.0004,0.0006,683.6205458,0.311394244,0.938404006,-0.149771645
0.0007,0.0004,0.00065,611.4165,0.148823663,0.656729928,-0.73929515
0.0007,0.0004,0.0007,342.8305312,0.519671512,0.121353194,-0.845703803
0.0007,0.0004,0.00075,236.2501717,0.996634705,-0.081796715,-0.005344385
0.0007,0.0004,0.0008,340.9081367,0.601280613,0.458702485,0.654258095
0.0007,0.0004,0.00085,503.3674992,-0.034727298,0.899625178,0.435279857
0.0007,0.0004,0.0009,482.0516148,0.130986654,0.977228835,-0.166932026
0.0007,0.0004,0.00095,460.2368599,0.286028574,0.587421414,0.757049363
0.0007,0.00045,5.00E-05,572.9203949,0.611806891,-0.387557344,0.689559013
0.0007,0.00045,0.0001,559.4649312,0.636911343,-0.670970312,-0.379661403
0.0007,0.00045,0.00015,531.910216,0.676102731,-0.234264285,-0.698573792
0.0007,0.00045,0.0002,516.5791666,0.47468851,0.859442284,-0.18981512
0.0007,0.00045,0.00025,507.5335681,0.411153429,0.905823467,-0.102160196
0.0007,0.00045,0.0003,500.3875916,0.387614256,0.910273157,0.145457787
0.0007,0.00045,0.00035,528.9139571,0.188833698,-0.440414634,0.877711106
0.0007,0.00045,0.0004,630.700507,-0.315759301,0.513412545,0.797937104
0.0007,0.00045,0.00045,732.487057,-0.033192493,0.600147952,0.799200034
0.0007,0.00045,0.0005,734.2405956,0.723790443,0.667670839,0.174192552
0.0007,0.00045,0.00055,803.3100605,0.278150856,0.916682299,0.286924491
0.0007,0.00045,0.0006,825.481677,0.307139991,0.943870796,-0.121544011
0.0007,0.00045,0.00065,766.8988887,0.178496459,0.546493486,-0.818219948
0.0007,0.00045,0.0007,385.3888035,0.48387813,0.239745593,-0.841655515
0.0007,0.00045,0.00075,286.2518078,0.971572343,-0.075893936,0.224248285
0.0007,0.00045,0.0008,487.2132344,0.605639128,0.290642874,0.740761747
0.0007,0.00045,0.00085,656.038983,0.273022057,0.713139568,0.645670902
0.0007,0.00045,0.0009,605.620088,0.173943345,0.353020019,-0.9193044
0.0007,0.00045,0.00095,437.4900751,0.566420783,0.601718932,-0.563117948
0.0007,0.0005,5.00E-05,529.6950932,0.593665744,-0.783315804,0.18432942
0.0007,0.0005,0.0001,520.9327623,0.777270778,0.06638159,0.625654555
0.0007,0.0005,0.00015,565.5584085,-0.261478206,0.792443795,0.551055333
0.0007,0.0005,0.0002,673.9873571,-0.521670207,0.811656355,0.262819629
0.0007,0.0005,0.00025,687.4184056,-0.518315343,0.854937019,0.020782175
0.0007,0.0005,0.0003,684.3641605,-0.327834143,0.829761725,-0.451686013
0.0007,0.0005,0.00035,462.5109498,-0.59507248,0.801416234,0.060172775
0.0007,0.0005,0.0004,696.1925006,-0.545642195,-0.583888721,0.601122747
0.0007,0.0005,0.00045,719.0031499,-0.607447551,-0.300615901,0.735280595
0.0007,0.0005,0.0005,898.7627255,0.680008216,0.503240039,0.533233805
0.0007,0.0005,0.00055,949.0610979,0.806760274,0.555847113,0.200429159
0.0007,0.0005,0.0006,966.3777254,0.782729299,0.594403223,-0.184444172
0.0007,0.0005,0.00065,905.3568875,0.221897941,0.183433045,-0.957660494
0.0007,0.0005,0.0007,479.7428634,0.386269071,0.409036371,-0.82673179
0.0007,0.0005,0.00075,201.789008,0.760926802,0.648186028,0.029073606
0.0007,0.0005,0.0008,485.9966321,0.025740721,-0.247930243,0.968435857
0.0007,0.0005,0.00085,634.1471458,0.278682533,-0.725203124,0.629616133
0.0007,0.0005,0.0009,565.9760903,0.088052806,-0.54966371,-0.830732513
0.0007,0.0005,0.00095,495.1780733,-0.035321453,0.90297216,-0.428244876
0.0007,0.00055,5.00E-05,463.4747357,0.658112222,-0.694945707,0.289721881
0.0007,0.00055,0.0001,563.2700084,-0.386378716,0.462090243,0.798238119
0.0007,0.00055,0.00015,752.0100076,-0.549636514,0.57968243,0.601554638
0.0007,0.00055,0.0002,892.9149889,-0.528524122,0.782061985,0.330214028
0.0007,0.00055,0.00025,934.4144561,-0.465157342,0.883919517,0.048113766
0.0007,0.00055,0.0003,913.5498176,-0.023250477,0.871109265,-0.490538545
0.0007,0.00055,0.00035,686.450712,-0.110584209,0.70396365,-0.701574167
0.0007,0.00055,0.0004,381.5618687,-0.965549158,-0.231505995,-0.118826759
0.0007,0.00055,0.00045,649.6672041,-0.40913886,-0.03259355,0.911889825
0.0007,0.00055,0.0005,951.3580583,0.747305593,-0.119787891,0.653594072
0.0007,0.00055,0.00055,990.8257032,0.956079422,-0.292151102,0.023661639
0.0007,0.00055,0.0006,966.3260483,0.866926218,-0.382992346,-0.318991843
0.0007,0.00055,0.00065,860.1103298,0.242346308,-0.455616083,-0.856552539
0.0007,0.00055,0.0007,733.4882181,0.123169798,0.44804194,-0.885487222
0.0007,0.00055,0.00075,425.6774257,0.061454858,0.763455084,-0.642930505
0.0007,0.00055,0.0008,376.5247902,-0.769918461,0.329010638,0.546788409
0.0007,0.00055,0.00085,563.9172124,0.086198392,-0.649889724,0.755124615
0.0007,0.00055,0.0009,513.6696048,0.119320086,-0.74246984,-0.659167091
0.0007,0.00055,0.00095,513.9900688,-0.455659738,0.255941633,-0.852565589
0.0007,0.0006,5.00E-05,411.4890317,0.871903347,0.238315418,0.427773673
0.0007,0.0006,0.0001,687.9622872,-0.410612897,0.629248009,0.659881802
0.0007,0.0006,0.00015,883.2176721,-0.651828663,0.429539246,0.624992344
0.0007,0.0006,0.0002,1105.984707,-0.744760407,0.533674176,0.400654228
0.0007,0.0006,0.00025,1066.510071,0.751004762,0.655369403,0.080515796
0.0007,0.0006,0.0003,1124.703695,0.923862781,0.340146254,-0.175436849
0.0007,0.0006,0.00035,996.31079,-0.045374558,0.512467354,-0.857507062
0.0007,0.0006,0.0004,624.5284861,-0.462474273,0.779255133,-0.422940875
0.0007,0.0006,0.00045,698.6370049,-0.570893993,0.621354557,0.536654976
0.0007,0.0006,0.0005,836.236673,0.888674502,-0.368303427,0.273148705
0.0007,0.0006,0.00055,764.2507946,0.925432106,-0.373046331,-0.066421775
0.0007,0.0006,0.0006,809.4364475,0.815167013,-0.576409503,0.057051074
0.0007,0.0006,0.00065,781.5061542,0.313187243,-0.751113146,-0.581156427
0.0007,0.0006,0.0007,699.5587527,0.487201361,-0.431335104,-0.759331852
0.0007,0.0006,0.00075,625.6692588,0.131580543,0.784598017,-0.6058816
0.0007,0.0006,0.0008,569.1775476,0.094386266,0.846192066,-0.524452305
0.0007,0.0006,0.00085,516.1149643,0.085503551,-0.74536293,-0.661152966
0.0007,0.0006,0.0009,509.7393655,0.249930637,-0.953727706,-0.167147059
0.0007,0.0006,0.00095,510.246658,-0.237059643,-0.3352392,-0.911820928
0.0007,0.00065,5.00E-05,562.4812364,0.71340948,0.212209486,0.667842832
0.0007,0.00065,0.0001,1013.099519,-0.276233776,0.490796297,0.826325539
0.0007,0.00065,0.00015,1039.304783,-0.948065763,0.227601436,0.222191123
0.0007,0.00065,0.0002,1137.06172,-0.969694769,-0.221001841,0.104164489
0.0007,0.00065,0.00025,1086.780236,0.943214326,-0.241749391,-0.227824421
0.0007,0.00065,0.0003,1049.655901,0.567930616,-0.671252452,-0.476313931
0.0007,0.00065,0.00035,985.367744,0.411274781,-0.480508971,-0.774573549
0.0007,0.00065,0.0004,930.0163668,0.088326834,0.950215206,-0.298813373
0.0007,0.00065,0.00045,894.7890285,0.187591086,0.930923997,-0.313352989
0.0007,0.00065,0.0005,862.8868955,0.547017971,0.452563839,-0.704242366
0.0007,0.00065,0.00055,840.3069048,0.527902368,0.480343111,-0.700421006
0.0007,0.00065,0.0006,791.9883442,0.310533222,-0.484195896,-0.817999665
0.0007,0.00065,0.00065,718.0993718,0.343157416,-0.595897824,-0.726050116
0.0007,0.00065,0.0007,644.9657582,0.266959029,-0.622292847,-0.735856297
0.0007,0.00065,0.00075,594.517072,0.166721182,-0.593457588,-0.787408495
0.0007,0.00065,0.0008,553.2881943,0.053045486,-0.463307214,-0.884608728
0.0007,0.00065,0.00085,496.908487,-0.187934329,-0.441086493,-0.877566746
0.0007,0.00065,0.0009,480.18552,0.033465508,-0.943433312,-0.329869133
0.0007,0.00065,0.00095,477.8674462,-0.299482546,-0.376409683,0.876713155
0.0007,0.0007,5.00E-05,581.5609675,0.480437601,0.456504759,0.748854537
0.0007,0.0007,0.0001,971.1717731,0.09377169,-0.209857434,0.973224911
0.0007,0.0007,0.00015,1010.19833,-0.907801965,-0.406763515,0.102171593
0.0007,0.0007,0.0002,1005.257841,-0.625408898,-0.771103219,-0.119430046
0.0007,0.0007,0.00025,973.7618775,0.261267603,-0.955670731,-0.135767055
0.0007,0.0007,0.0003,981.7866406,0.558462134,-0.770091478,-0.308349087
0.0007,0.0007,0.00035,922.0920543,0.553494731,-0.679002726,-0.482285062
0.0007,0.0007,0.0004,912.5653704,0.743160358,-0.564018253,-0.359994573
0.0007,0.0007,0.00045,898.0684384,0.4559482,-0.571996105,-0.681858999
0.0007,0.0007,0.0005,871.2482546,0.077578815,-0.468230147,-0.880194329
0.0007,0.0007,0.00055,812.8724527,0.132363375,-0.517912726,-0.845130963
0.0007,0.0007,0.0006,737.0985377,0.218917747,-0.571212022,-0.791070064
0.0007,0.0007,0.00065,660.8389481,0.320994638,-0.569764565,-0.756525468
0.0007,0.0007,0.0007,595.0486988,0.234434997,-0.626672336,-0.743183702
0.0007,0.0007,0.00075,556.5732987,0.161853454,-0.692961321,-0.702572464
0.0007,0.0007,0.0008,518.0557803,0.1665473,-0.670622676,-0.722860445
0.0007,0.0007,0.00085,479.3717737,-0.077853706,-0.650951926,-0.755116144
0.0007,0.0007,0.0009,455.2815506,-0.238349384,-0.956493904,-0.168252734
0.0007,0.0007,0.00095,474.9136596,-0.289799971,0.211228321,0.933487318
0.0007,0.00075,5.00E-05,865.0021924,0.354716202,0.443200666,0.82325548
0.0007,0.00075,0.0001,920.6720277,0.757365632,-0.589008012,0.281898672
0.0007,0.00075,0.00015,903.6020067,0.480738888,-0.849847169,-0.215985902
0.0007,0.00075,0.0002,901.8088101,0.446660457,-0.864211906,0.231586306
0.0007,0.00075,0.00025,921.5653441,-0.119558466,-0.882548412,0.454768154
0.0007,0.00075,0.0003,920.6122547,0.300774118,-0.823604163,-0.480844166
0.0007,0.00075,0.00035,887.9120381,0.525226344,-0.730118436,-0.437109091
0.0007,0.00075,0.0004,892.3775831,0.235969044,-0.928632429,-0.286287307
0.0007,0.00075,0.00045,860.1290338,-0.151246222,-0.820113374,-0.551850191
0.0007,0.00075,0.0005,817.5658481,-0.270408956,-0.759878299,-0.591154774
0.0007,0.00075,0.00055,758.0973437,-0.109235887,-0.65690169,-0.74602124
0.0007,0.00075,0.0006,682.2087312,0.0650299,-0.540606262,-0.838758596
0.0007,0.00075,0.00065,611.1168999,0.166328387,-0.530424455,-0.831254934
0.0007,0.00075,0.0007,557.0461794,0.172776822,-0.622500022,-0.763309828
0.0007,0.00075,0.00075,518.5774114,0.152883047,-0.679083501,-0.717964047
0.0007,0.00075,0.0008,481.6656652,0.134590127,-0.664420342,-0.735140196
0.0007,0.00075,0.00085,442.7936253,0.013896723,-0.917939976,-0.396475826
0.0007,0.00075,0.0009,454.8417478,0.187830048,-0.116870511,0.975223644
0.0007,0.00075,0.00095,506.4417917,-0.025268245,0.057964194,0.997998832
0.0007,0.0008,5.00E-05,804.5623577,0.289051688,-0.282237629,0.914762834
0.0007,0.0008,0.0001,890.5200988,0.344194666,-0.393736625,0.852350575
0.0007,0.0008,0.00015,935.9765778,0.295476644,0.542020702,0.786706497
0.0007,0.0008,0.0002,938.2239549,-0.962752937,0.267135834,0.041775919
0.0007,0.0008,0.00025,937.2708655,-0.897520401,-0.40639346,-0.171176767
0.0007,0.0008,0.0003,924.144259,-0.480002159,-0.570252795,-0.666640591
0.0007,0.0008,0.00035,874.9307056,-0.263026531,-0.444736878,-0.856169465
0.0007,0.0008,0.0004,822.4454171,-0.243509693,-0.780935986,-0.575188678
0.0007,0.0008,0.00045,786.8895254,-0.209338977,-0.850747496,-0.482084941
0.0007,0.0008,0.0005,740.0953476,-0.200148825,-0.813606717,-0.545879618
0.0007,0.0008,0.00055,693.6850704,-0.288696951,-0.729532353,-0.620029528
0.0007,0.0008,0.0006,642.3650248,-0.201345707,-0.653487882,-0.729666701
0.0007,0.0008,0.00065,580.9726211,-0.039210274,-0.558948609,-0.828274717
0.0007,0.0008,0.0007,519.5802173,0.075201666,-0.641585418,-0.763356314
0.0007,0.0008,0.00075,485.2749325,0.214203415,-0.705003209,-0.676082371
0.0007,0.0008,0.0008,449.5623292,0.078152303,-0.685109595,-0.724235501
0.0007,0.0008,0.00085,417.267745,0.028868603,-0.997425334,-0.065645306
0.0007,0.0008,0.0009,447.6539733,0.158901773,-0.135282682,0.977982015
0.0007,0.0008,0.00095,498.7359516,0.021201934,-0.007927667,0.999743782
0.0007,0.00085,5.00E-05,744.122523,-0.029473123,-0.17771971,0.98363969
0.0007,0.00085,0.0001,859.9662652,0.164392917,-0.29866398,0.940092972
0.0007,0.00085,0.00015,936.4687463,-0.262874602,-0.869442042,0.418291141
0.0007,0.00085,0.0002,910.0851242,-0.563886175,-0.763328873,-0.315216455
0.0007,0.00085,0.00025,888.1385162,-0.74088947,-0.623501655,-0.249656722
0.0007,0.00085,0.0003,867.2856932,-0.557504106,-0.756851009,-0.341124202
0.0007,0.00085,0.00035,835.0846164,-0.436144538,-0.636867328,-0.63574991
0.0007,0.00085,0.0004,772.8437178,-0.246942657,-0.580545447,-0.775877766
0.0007,0.00085,0.00045,714.8037819,-0.2844385,-0.715987577,-0.637539433
0.0007,0.00085,0.0005,678.649193,-0.328949103,-0.789778916,-0.517727487
0.0007,0.00085,0.00055,643.1069616,-0.333430765,-0.678206466,-0.654873969
0.0007,0.00085,0.0006,581.2637111,-0.181014942,-0.690766486,-0.70005375
0.0007,0.00085,0.00065,528.2574379,0.038200498,-0.678721092,-0.733401937
0.0007,0.00085,0.0007,476.6142233,0.007310807,-0.647520559,-0.762012912
0.0007,0.00085,0.00075,445.5643616,0.21845621,-0.723501118,-0.654845796
0.0007,0.00085,0.0008,417.3324799,0.366052598,-0.730214827,-0.576881099
0.0007,0.00085,0.00085,413.7977589,0.587164594,0.222969023,0.778153298
0.0007,0.00085,0.0009,443.5723816,0.159002257,0.094436112,0.982751293
0.0007,0.00085,0.00095,503.6116156,0.048050001,0.090180054,0.994765679
0.0007,0.0009,5.00E-05,740.1777608,-0.436901373,-0.021653362,0.899248755
0.0007,0.0009,0.0001,829.4124315,-0.422857863,-0.822540154,0.380287947
0.0007,0.0009,0.00015,831.8016651,-0.601388386,-0.798448239,-0.028502947
0.0007,0.0009,0.0002,821.1873616,-0.711184414,-0.702981889,-0.005761327
0.0007,0.0009,0.00025,830.3820308,-0.687242997,-0.723245833,-0.067915591
0.0007,0.0009,0.0003,806.4337672,-0.582065858,-0.766825454,-0.270514438
0.0007,0.0009,0.00035,780.3227354,-0.54245303,-0.698182153,-0.467211292
0.0007,0.0009,0.0004,732.4460719,-0.431700137,-0.582787243,-0.688472237
0.0007,0.0009,0.00045,681.1045244,-0.329035853,-0.553730224,-0.764930224
0.0007,0.0009,0.0005,630.7238376,-0.328568398,-0.655790693,-0.679692118
0.0007,0.0009,0.00055,592.8298423,-0.324211504,-0.654073323,-0.683428847
0.0007,0.0009,0.0006,529.0391525,-0.187976055,-0.515603275,-0.835953507
0.0007,0.0009,0.00065,484.1255702,-0.153126103,-0.457500942,-0.875925388
0.0007,0.0009,0.0007,449.3117662,-0.443332127,-0.293187959,-0.84705221
0.0007,0.0009,0.00075,419.7779744,-0.448334928,-0.269024263,-0.852421104
0.0007,0.0009,0.0008,409.3522333,0.292280488,0.942800814,0.160308269
0.0007,0.0009,0.00085,424.7864245,0.45944946,0.383748826,0.801026237
0.0007,0.0009,0.0009,456.2845103,0.307427044,0.262300662,0.91470595
0.0007,0.0009,0.00095,525.9821953,0.010595572,0.184753864,0.982727706
0.0007,0.00095,5.00E-05,736.8161079,-0.804860324,-0.451107815,0.385618462
0.0007,0.00095,0.0001,661.7892232,-0.813534438,-0.575446041,-0.083806759
0.0007,0.00095,0.00015,706.0612525,-0.664986507,-0.709112459,0.234419423
0.0007,0.00095,0.0002,736.8651011,-0.469250471,-0.877733393,0.096892137
0.0007,0.00095,0.00025,731.0247301,-0.460535771,-0.886462743,-0.045723171
0.0007,0.00095,0.0003,725.3829458,-0.491792681,-0.870190904,-0.030128891
0.0007,0.00095,0.00035,724.5203187,-0.539247255,-0.819831444,-0.192584532
0.0007,0.00095,0.0004,688.8561516,-0.465452913,-0.700345431,-0.541174522
0.0007,0.00095,0.00045,641.1674242,-0.487717152,-0.441522542,-0.75312006
0.0007,0.00095,0.0005,593.4786967,-0.524225682,0.005050592,-0.851564399
0.0007,0.00095,0.00055,545.7899692,-0.517681112,0.434290683,-0.737155254
0.0007,0.00095,0.0006,514.2165868,-0.1089655,0.893506666,-0.435628693
0.0007,0.00095,0.00065,486.6153587,-0.07323961,0.940277925,-0.332435533
0.0007,0.00095,0.0007,454.3417588,-0.08124629,0.963266928,-0.255960674
0.0007,0.00095,0.00075,432.9531254,-0.08270458,0.995885889,-0.037030365
0.0007,0.00095,0.0008,446.7880461,-0.029231983,0.999403747,0.01837504
0.0007,0.00095,0.00085,436.2816744,0.079874406,0.98383797,0.160258943
0.0007,0.00095,0.0009,472.5912348,0.141428331,0.692826844,0.707098997
0.0007,0.00095,0.00095,556.9838517,-0.163551156,0.135791797,0.977144619
0.00075,5.00E-05,5.00E-05,651.3118413,0.648076802,0.483391522,0.588497319
0.00075,5.00E-05,0.0001,652.5312584,0.459675162,0.884297142,-0.081959194
0.00075,5.00E-05,0.00015,638.6284352,0.853054174,0.425189491,-0.302510287
0.00075,5.00E-05,0.0002,628.3668448,0.82382545,-0.566089194,0.029234442
0.00075,5.00E-05,0.00025,641.0226826,0.888711937,-0.383983822,0.250494545
0.00075,5.00E-05,0.0003,647.2067435,0.948897053,-0.304573283,0.08264078
0.00075,5.00E-05,0.00035,646.438941,0.952550493,-0.290393061,0.091210905
0.00075,5.00E-05,0.0004,651.8288153,0.982448453,0.159170388,0.097261629
0.00075,5.00E-05,0.00045,651.1717718,0.775151859,0.626619378,0.080546575
0.00075,5.00E-05,0.0005,657.3021373,0.423511406,0.904847068,0.043472672
0.00075,5.00E-05,0.00055,655.6674171,0.22288436,0.974748845,0.013683971
0.00075,5.00E-05,0.0006,659.3714421,0.160884869,0.983416174,0.08371791
0.00075,5.00E-05,0.00065,668.3166839,0.140274968,0.989178199,0.043004923
0.00075,5.00E-05,0.0007,667.0294445,0.177407723,0.98243127,-0.057924943
0.00075,5.00E-05,0.00075,656.516034,0.285945629,0.929324171,-0.23364863
0.00075,5.00E-05,0.0008,622.0928144,0.464588851,0.844406255,-0.266711972
0.00075,5.00E-05,0.00085,613.4231025,0.542968124,0.787438337,-0.291764428
0.00075,5.00E-05,0.0009,586.1637929,0.576371594,0.764953877,-0.28747409
0.00075,5.00E-05,0.00095,588.9304735,0.609890417,0.163419166,0.775453323
0.00075,0.0001,5.00E-05,662.3330234,0.506442587,0.017418399,0.862097735
0.00075,0.0001,0.0001,648.4675394,0.952256496,-0.097632107,-0.289267241
0.00075,0.0001,0.00015,638.5218902,0.979716142,0.167026226,-0.110718201
0.00075,0.0001,0.0002,640.3002147,0.930339242,0.315127044,0.187520239
0.00075,0.0001,0.00025,653.0181625,0.938495278,0.238535662,0.249654465
0.00075,0.0001,0.0003,660.887321,0.985734901,0.149163612,0.077954615
0.00075,0.0001,0.00035,658.8599587,0.987111244,0.154816297,-0.040537718
0.00075,0.0001,0.0004,658.1090333,0.987124194,0.093321617,-0.129911132
0.00075,0.0001,0.00045,650.4157996,0.996018149,-0.019527828,-0.086985692
0.00075,0.0001,0.0005,653.7199393,0.972335925,-0.088207487,0.216292134
0.00075,0.0001,0.00055,659.8607064,0.824652743,-0.562146015,0.062767114
0.00075,0.0001,0.0006,657.1334682,0.766104504,-0.637631632,-0.080683279
0.00075,0.0001,0.00065,654.9321025,0.744826519,-0.650788384,-0.14733613
0.00075,0.0001,0.0007,646.6568402,0.5095802,-0.59132771,-0.625027647
0.00075,0.0001,0.00075,606.3411029,0.24221049,-0.690230821,-0.681847118
0.00075,0.0001,0.0008,571.7897173,0.36379976,-0.639538674,-0.677229665
0.00075,0.0001,0.00085,544.7079906,0.547759962,-0.769489467,-0.328397601
0.00075,0.0001,0.0009,538.4714599,0.44782685,-0.840735513,-0.304326978
0.00075,0.0001,0.00095,511.5040811,0.197873001,-0.717473084,0.667891196
0.00075,0.00015,5.00E-05,654.0791426,0.453761163,-0.072119034,0.888200232
0.00075,0.00015,0.0001,644.4946377,0.999443429,-0.001359846,-0.033331418
0.00075,0.00015,0.00015,650.9494214,0.970357275,0.216900351,0.106587976
0.00075,0.00015,0.0002,652.7277749,0.956550868,0.263718826,0.124349576
0.00075,0.00015,0.00025,660.6929057,0.995768188,0.064843415,0.065123328
0.00075,0.00015,0.0003,658.3848299,0.997655934,-0.053412727,-0.042775209
0.00075,0.00015,0.00035,657.0494104,0.999261973,-0.037904897,-0.006223243
0.00075,0.00015,0.0004,657.8946741,0.99587715,-0.008983959,-0.090266222
0.00075,0.00015,0.00045,650.1864434,0.998022814,0.00112325,-0.062842676
0.00075,0.00015,0.0005,653.4503491,0.867487906,-0.395157969,-0.302183574
0.00075,0.00015,0.00055,625.0956487,0.699621637,-0.645659872,-0.306027605
0.00075,0.00015,0.0006,620.4211936,0.74660947,-0.664630116,-0.029001857
0.00075,0.00015,0.00065,622.0410841,0.792703366,-0.609571559,0.006624877
0.00075,0.00015,0.0007,621.0583508,0.68835001,-0.56563282,-0.454129691
0.00075,0.00015,0.00075,580.7283767,0.34323534,-0.474504368,-0.81057702
0.00075,0.00015,0.0008,563.8898724,-0.027457716,-0.204402405,-0.978501779
0.00075,0.00015,0.00085,535.3529581,0.098703476,-0.191938809,-0.976430805
0.00075,0.00015,0.0009,494.4344759,0.242310708,-0.728165667,-0.64113983
0.00075,0.00015,0.00095,455.8738642,0.05110543,-0.393950119,0.917709942
0.00075,0.0002,5.00E-05,647.0176165,0.426023105,0.027197992,0.904303369
0.00075,0.0002,0.0001,648.3398539,0.953538771,0.283112973,0.103009014
0.00075,0.0002,0.00015,655.275847,0.948122616,0.269298039,0.168943985
0.00075,0.0002,0.0002,660.9640587,0.985669993,0.162937375,0.043658638
0.00075,0.0002,0.00025,658.6509024,0.998133414,0.027381571,-0.054588796
0.00075,0.0002,0.0003,656.337746,0.978850362,0.20203901,-0.032127973
0.00075,0.0002,0.00035,655.8744888,0.938212993,0.345816397,0.012938322
0.00075,0.0002,0.0004,657.4259803,0.914754881,0.398768699,-0.064861645
0.00075,0.0002,0.00045,650.4952375,0.894364926,-0.006833764,-0.447285903
0.00075,0.0002,0.0005,620.909329,0.764054497,-0.332307909,-0.552984792
0.00075,0.0002,0.00055,590.1754886,0.860649319,-0.356883932,-0.363203262
0.00075,0.0002,0.0006,587.1325838,0.833012327,-0.548852806,0.069649554
0.00075,0.0002,0.00065,596.3056696,0.861279951,-0.498483358,0.098545361
0.00075,0.0002,0.0007,595.2005631,0.652076596,-0.726276295,-0.217528977
0.00075,0.0002,0.00075,572.8751989,0.413355922,-0.751633542,-0.51398823
0.00075,0.0002,0.0008,562.3110992,0.177257017,-0.747201728,-0.640522854
0.00075,0.0002,0.00085,531.0550149,0.108962854,-0.594379247,-0.796768729
0.00075,0.0002,0.0009,448.2041817,0.15394349,-0.722647767,-0.673855775
0.00075,0.0002,0.00095,442.9725848,0.091706467,-0.297184959,0.950405716
0.00075,0.00025,5.00E-05,660.2558057,0.347659582,0.093385989,0.932958666
0.00075,0.00025,0.0001,667.1917988,0.951808245,0.283964465,0.11586737
0.00075,0.00025,0.00015,671.072503,0.985737205,0.167404324,-0.017261376
0.00075,0.00025,0.0002,665.3237397,0.992264666,0.079041681,-0.095724842
0.00075,0.00025,0.00025,663.0134498,0.964870641,0.236311829,0.114810127
0.00075,0.00025,0.0003,675.8445012,0.816579054,0.512371258,0.265846464
0.00075,0.00025,0.00035,686.1358144,0.763544319,0.628221627,0.149457888
0.00075,0.00025,0.0004,690.9662533,0.901680933,0.212168016,-0.37677079
0.00075,0.00025,0.00045,649.6285314,0.862983639,-0.117116122,-0.491470296
0.00075,0.00025,0.0005,617.2021015,0.90552464,-0.108008058,-0.410316203
0.00075,0.00025,0.00055,591.9065811,0.915543986,0.01595492,-0.401901294
0.00075,0.00025,0.0006,572.1141069,0.968120388,-0.204587731,-0.144522573
0.00075,0.00025,0.00065,581.2298943,0.770858831,-0.590153454,-0.239782325
0.00075,0.00025,0.0007,542.8297135,0.652933702,-0.71069523,-0.26189668
0.00075,0.00025,0.00075,532.6322865,0.69810835,-0.698478591,-0.15739247
0.00075,0.00025,0.0008,515.1045503,0.403450237,-0.777958722,-0.481672226
0.00075,0.00025,0.00085,450.2306619,0.233689351,-0.793657708,-0.561690956
0.00075,0.00025,0.0009,399.974246,0.298397645,-0.825904701,-0.478372523
0.00075,0.00025,0.00095,393.7063483,0.086602223,-0.332369039,0.939164989
0.00075,0.0003,5.00E-05,674.3925798,0.314628299,0.016427386,0.949072797
0.00075,0.0003,0.0001,674.8491088,0.986064834,-0.166114319,-0.009065069
0.00075,0.0003,0.00015,673.3926633,0.974311403,-0.214604801,-0.068279356
0.00075,0.0003,0.0002,667.6185603,0.967682052,-0.240275139,0.076546091
0.00075,0.0003,0.00025,680.3056158,0.873875315,-0.263151243,0.408770542
0.00075,0.0003,0.0003,700.9019462,0.843281175,-0.314787806,0.435643774
0.00075,0.0003,0.00035,719.4362842,0.941599096,-0.241249591,-0.234925045
0.00075,0.0003,0.0004,677.9840437,0.813761045,-0.328182453,-0.479676181
0.00075,0.0003,0.00045,632.9174277,0.827793875,-0.405784309,-0.387422761
0.00075,0.0003,0.0005,605.7151063,0.881308588,-0.383113801,-0.276620657
0.00075,0.0003,0.00055,591.965419,0.946857033,-0.103679746,-0.304486896
0.00075,0.0003,0.0006,572.0185495,0.834416615,0.232558531,-0.49966533
0.00075,0.0003,0.00065,524.2307746,0.798218569,-0.250646642,-0.547743897
0.00075,0.0003,0.0007,463.3237939,0.803430467,-0.441782258,-0.399159018
0.00075,0.0003,0.00075,449.8360667,0.849093741,-0.495990367,-0.181750857
0.00075,0.0003,0.0008,429.2225399,0.587144133,-0.606913311,-0.535647272
0.00075,0.0003,0.00085,368.3782754,0.345304471,-0.783352528,-0.516840052
0.00075,0.0003,0.0009,350.6155994,0.767797618,-0.421269998,-0.482719801
0.00075,0.0003,0.00095,350.8593429,-0.04412886,-0.043996408,0.998056591
0.00075,0.00035,5.00E-05,665.8637052,0.436072157,-0.102902566,0.894009024
0.00075,0.00035,0.0001,648.8686673,0.78770561,-0.598518891,-0.145928093
0.00075,0.00035,0.00015,648.3465941,0.748671359,-0.661292869,-0.046721921
0.00075,0.00035,0.0002,643.6242564,0.857482594,-0.510764407,-0.061994524
0.00075,0.00035,0.00025,641.5868462,0.626676162,-0.778574538,0.033146308
0.00075,0.00035,0.0003,647.5694334,0.50527643,-0.848959178,0.154803241
0.00075,0.00035,0.00035,662.6009265,0.802448,-0.591893679,-0.075756718
0.00075,0.00035,0.0004,631.7722142,0.689969006,-0.621672212,-0.370764658
0.00075,0.00035,0.00045,573.9344738,0.835978837,-0.193617082,-0.51347036
0.00075,0.00035,0.0005,560.4844294,0.720818378,0.691129511,0.052543934
0.00075,0.00035,0.00055,580.4326868,0.74731949,0.609151264,0.265421019
0.00075,0.00035,0.0006,603.6397471,0.637942332,0.733994662,-0.232983727
0.00075,0.00035,0.00065,531.4913656,0.623302446,0.556026593,-0.549844058
0.00075,0.00035,0.0007,460.4909448,0.854316827,0.383577059,-0.350729809
0.00075,0.00035,0.00075,439.5714133,0.843415829,0.517289226,-0.145126138
0.00075,0.00035,0.0008,422.8090781,0.496917398,0.681721479,-0.536962684
0.00075,0.00035,0.00085,331.089459,-0.339291419,0.878690261,-0.335834422
0.00075,0.00035,0.0009,384.6854581,-0.266029835,0.915725154,0.301123844
0.00075,0.00035,0.00095,379.4335864,0.103349946,0.421882105,0.900740961
0.00075,0.0004,5.00E-05,643.3799608,0.741311892,-0.155158981,0.652979609
0.00075,0.0004,0.0001,603.0032995,0.857731249,-0.392396808,-0.33214733
0.00075,0.0004,0.00015,599.1643045,0.681629195,-0.728309938,0.070329755
0.00075,0.0004,0.0002,611.9259216,0.799347067,-0.595361689,-0.081170961
0.00075,0.0004,0.00025,587.6372439,0.782768875,-0.594821703,-0.18292083
0.00075,0.0004,0.0003,585.6582583,0.742324873,-0.667542116,0.057804029
0.00075,0.0004,0.00035,596.0112678,0.681292472,-0.694496698,-0.231332885
0.00075,0.0004,0.0004,529.3143455,0.28093819,-0.958381769,0.050775176
0.00075,0.0004,0.00045,606.0365521,-0.527508215,-0.072813979,0.846423775
0.00075,0.0004,0.0005,691.1884697,-0.258651777,0.923704816,0.282610459
0.00075,0.0004,0.00055,691.0085031,0.276185375,0.950558548,0.141986217
0.00075,0.0004,0.0006,726.2038609,0.374732222,0.923616393,-0.080675401
0.00075,0.0004,0.00065,668.9891652,0.380410282,0.803617829,-0.457696845
0.00075,0.0004,0.0007,563.8524174,0.86530598,0.453753054,-0.212964147
0.00075,0.0004,0.00075,584.1497331,0.867916012,0.496665568,0.006716333
0.00075,0.0004,0.0008,566.9499472,0.418754904,0.846826574,-0.327916276
0.00075,0.0004,0.00085,468.1263994,-0.656417742,0.737476639,-0.15888346
0.00075,0.0004,0.0009,497.6313018,-0.603058486,0.795942135,0.052882704
0.00075,0.0004,0.00095,482.555442,-0.54064298,0.553339265,0.63365671
0.00075,0.00045,5.00E-05,637.2432605,0.745810034,-0.425680753,0.512409299
0.00075,0.00045,0.0001,596.6325634,0.805330226,-0.364837131,-0.46726555
0.00075,0.00045,0.00015,555.9470914,0.715382716,-0.665132455,-0.214070986
0.00075,0.00045,0.0002,559.0771448,0.606757447,-0.794886393,0.001010834
0.00075,0.00045,0.00025,556.169695,0.648407733,-0.760304345,-0.038790657
0.00075,0.00045,0.0003,550.8631364,0.834330038,-0.412412995,-0.365799001
0.00075,0.00045,0.00035,493.4478834,0.564301741,-0.631977117,-0.531195321
0.00075,0.00045,0.0004,442.5449086,-0.232959545,-0.907988849,0.348261541
0.00075,0.00045,0.00045,560.0091807,-0.574416346,-0.185490005,0.797269917
0.00075,0.00045,0.0005,838.2130058,-0.192373226,0.730906938,0.654803475
0.00075,0.00045,0.00055,814.8510707,0.01149104,0.997442837,0.070538953
0.00075,0.00045,0.0006,855.7292477,0.270897654,0.962588595,0.006136656
0.00075,0.00045,0.00065,816.5457985,0.261255069,0.764856478,-0.588846633
0.00075,0.00045,0.0007,641.2544769,0.867695417,0.399847479,-0.295341595
0.00075,0.00045,0.00075,668.6303917,0.97830956,-0.125764316,0.164601765
0.00075,0.00045,0.0008,722.4332483,0.99243879,-0.088588869,-0.084954461
0.00075,0.00045,0.00085,652.8402665,-0.80131853,0.496808211,-0.333271984
0.00075,0.00045,0.0009,601.8582199,-0.777179492,0.287025443,-0.560007529
0.00075,0.00045,0.00095,506.7082678,0.915305105,0.23425975,0.32762621
0.00075,0.0005,5.00E-05,568.6759266,0.586410198,-0.774078423,0.238591017
0.00075,0.0005,0.0001,539.5279137,0.44622632,-0.743003533,-0.498826444
0.00075,0.0005,0.00015,482.4771803,-0.197800481,-0.739581608,-0.643345952
0.00075,0.0005,0.0002,436.8777824,-0.915590809,-0.198253845,-0.349841227
0.00075,0.0005,0.00025,426.6410963,-0.850631564,-0.350338131,0.392032061
0.00075,0.0005,0.0003,514.9437673,-0.630903745,0.762897944,0.141234524
0.00075,0.0005,0.00035,467.1422084,0.786875046,0.519636637,-0.332874494
0.00075,0.0005,0.0004,355.7754717,-0.564329787,-0.741230615,0.363468109
0.00075,0.0005,0.00045,513.9818092,-0.553644508,-0.053869046,0.831008956
0.00075,0.0005,0.0005,975.6489415,0.01347181,0.400874455,0.916033941
0.00075,0.0005,0.00055,938.6936383,0.021487459,0.996374398,0.082318572
0.00075,0.0005,0.0006,992.036852,0.402025418,0.912643062,0.073879657
0.00075,0.0005,0.00065,947.5717514,0.202654513,0.276884216,-0.939290306
0.00075,0.0005,0.0007,764.1073205,0.655577733,0.244999323,-0.714278074
0.00075,0.0005,0.00075,522.1249264,0.939978729,0.0288573,-0.340010654
0.00075,0.0005,0.0008,550.48431,0.610845186,-0.719089082,0.331329218
0.00075,0.0005,0.00085,647.867473,-0.866949168,-0.479131602,0.137229912
0.00075,0.0005,0.0009,572.5295836,-0.598609166,-0.398710394,-0.694764052
0.00075,0.0005,0.00095,507.8565031,0.956797355,-0.271358926,-0.104418174
0.00075,0.00055,5.00E-05,534.4893687,0.419424935,0.893595409,-0.159906125
0.00075,0.00055,0.0001,468.239264,-0.550489167,-0.714051255,-0.432541885
0.00075,0.00055,0.00015,437.9419203,-0.98944368,0.001840843,0.144906233
0.00075,0.00055,0.0002,527.4350241,-0.981681727,0.168506616,0.088918542
0.00075,0.00055,0.00025,486.4062905,-0.813013728,0.464139987,0.351543383
0.00075,0.00055,0.0003,769.6355324,-0.616149505,0.710421549,0.340089709
0.00075,0.00055,0.00035,741.9189419,0.308524523,0.726313737,-0.61423202
0.00075,0.00055,0.0004,347.023609,0.670136762,0.492693062,-0.555130856
0.00075,0.00055,0.00045,519.826711,-0.56497853,0.104990999,0.818398528
0.00075,0.00055,0.0005,1024.075249,-0.102505468,-0.141332742,0.984640891
0.00075,0.00055,0.00055,1013.20843,-0.144066109,-0.49340902,-0.857783478
0.00075,0.00055,0.0006,965.4014989,0.030248866,-0.637665316,-0.769719397
0.00075,0.00055,0.00065,883.7349192,0.152804069,-0.624070351,-0.766281354
0.00075,0.00055,0.0007,787.1838957,0.352811013,-0.195464623,-0.915050802
0.00075,0.00055,0.00075,686.7609509,0.648378877,0.264623876,-0.713848048
0.00075,0.00055,0.0008,449.5321958,0.908517679,0.103240448,-0.404891389
0.00075,0.00055,0.00085,575.8702594,0.152688249,-0.85357839,0.498086569
0.00075,0.00055,0.0009,521.5088858,0.220996119,-0.67697069,-0.702048004
0.00075,0.00055,0.00095,496.6934956,-0.411019947,-0.778214982,0.474809483
0.00075,0.0006,5.00E-05,727.6852873,0.572878306,0.786805246,-0.229669223
0.00075,0.0006,0.0001,380.1449058,-0.736842642,0.403503188,-0.542446402
0.00075,0.0006,0.00015,483.2291847,-0.95547478,0.189673221,0.226035427
0.00075,0.0006,0.0002,528.721023,-0.955830445,0.113815532,0.270987428
0.00075,0.0006,0.00025,746.4165388,-0.667433211,0.574672259,0.47358706
0.00075,0.0006,0.0003,1048.690273,-0.75134911,0.542558422,0.375639286
0.00075,0.0006,0.00035,966.8700562,0.105312888,0.450688914,-0.886447234
0.00075,0.0006,0.0004,552.8880985,0.298981982,0.789271796,-0.536339265
0.00075,0.0006,0.00045,600.8396485,-0.235200656,0.686735295,0.687804686
0.00075,0.0006,0.0005,904.8302382,-0.205583005,-0.502479168,0.839791828
0.00075,0.0006,0.00055,904.9436789,0.549734665,-0.83021769,-0.092360086
0.00075,0.0006,0.0006,884.7759885,0.34392736,-0.801670021,-0.4889163
0.00075,0.0006,0.00065,802.4288196,0.187589333,-0.633308786,-0.750819701
0.00075,0.0006,0.0007,722.0315774,0.241523443,-0.587523445,-0.772322878
0.00075,0.0006,0.00075,647.292603,0.276402487,-0.486921319,-0.828558564
0.00075,0.0006,0.0008,578.7595586,0.160429805,0.623925192,-0.764839612
0.00075,0.0006,0.00085,524.5199446,0.196092055,-0.755772873,-0.624784179
0.00075,0.0006,0.0009,496.1810318,0.058858058,-0.787572231,-0.613405013
0.00075,0.0006,0.00095,486.5814304,-0.126435661,-0.107978953,0.986080407
0.00075,0.00065,5.00E-05,899.1216646,0.872576264,0.403417073,0.275436613
0.00075,0.00065,0.0001,650.0799334,-0.500702027,0.682926231,-0.531892135
0.00075,0.00065,0.00015,562.616672,-0.945462363,0.325105579,-0.02018122
0.00075,0.00065,0.0002,637.974502,-0.747315813,0.268121099,0.607972164
0.00075,0.00065,0.00025,1117.360827,-0.569681854,0.401962412,0.716860379
0.00075,0.00065,0.0003,1088.049812,0.274256958,-0.34229362,-0.898675803
0.00075,0.00065,0.00035,993.9954729,0.051015971,-0.103193595,-0.993352129
0.00075,0.00065,0.0004,885.6704996,-0.0871619,0.937256786,-0.337568542
0.00075,0.00065,0.00045,871.2216546,-0.116059226,0.980088556,-0.161110764
0.00075,0.00065,0.0005,842.1183223,-0.238951721,-0.857736554,-0.455181368
0.00075,0.00065,0.00055,832.9423254,-0.302834691,-0.885059174,-0.353498809
0.00075,0.00065,0.0006,797.3091497,-0.063792706,-0.859580521,-0.50700278
0.00075,0.00065,0.00065,746.4616626,0.132540732,-0.667895834,-0.73235791
0.00075,0.00065,0.0007,669.1682742,0.24182654,-0.564079242,-0.789515378
0.00075,0.00065,0.00075,602.5638846,0.136778532,-0.562877265,-0.815144661
0.00075,0.00065,0.0008,549.6851603,-0.113127669,-0.385223679,-0.915862898
0.00075,0.00065,0.00085,475.9787889,-0.230868915,-0.614225226,-0.754603814
0.00075,0.00065,0.0009,472.7982955,-0.337142435,-0.934381586,-0.115178258
0.00075,0.00065,0.00095,471.3430405,0.002289749,-0.012361255,0.999920975
0.00075,0.0007,5.00E-05,989.4715236,0.812703192,-0.00227347,0.582673453
0.00075,0.0007,0.0001,812.2025939,-0.327373418,0.625240073,-0.708450066
0.00075,0.0007,0.00015,678.239364,-0.642889147,0.761574342,-0.081841712
0.00075,0.0007,0.0002,773.3680999,-0.490665706,0.575410445,0.654331708
0.00075,0.0007,0.00025,998.7855671,0.090192255,-0.652453809,0.75244228
0.00075,0.0007,0.0003,1001.702056,0.017453446,-0.953397589,-0.301211578
0.00075,0.0007,0.00035,945.8460425,-0.118280915,-0.662062048,-0.740056396
0.00075,0.0007,0.0004,893.7687796,-0.674380336,-0.161291465,-0.720552722
0.00075,0.0007,0.00045,865.7815409,-0.705310315,-0.398987771,-0.585957437
0.00075,0.0007,0.0005,832.6972771,-0.586457752,-0.48623227,-0.647800498
0.00075,0.0007,0.00055,792.7544202,-0.320157019,-0.688291353,-0.650964282
0.00075,0.0007,0.0006,738.1553068,-0.154836905,-0.732111852,-0.663353427
0.00075,0.0007,0.00065,685.5668922,-0.003518762,-0.711315502,-0.702864052
0.00075,0.0007,0.0007,619.2219909,0.100211077,-0.63411891,-0.766714385
0.00075,0.0007,0.00075,564.7865994,0.117528575,-0.628805246,-0.768629297
0.00075,0.0007,0.0008,525.5162442,-0.011801065,-0.530765603,-0.847436493
0.00075,0.0007,0.00085,461.9363066,-0.41715872,-0.385414937,-0.823063745
0.00075,0.0007,0.0009,458.5736047,0.094450414,-0.443030497,0.891517301
0.00075,0.0007,0.00095,481.3111221,0.03741084,0.068087354,0.996977704
0.00075,0.00075,5.00E-05,897.8305955,0.218440618,-0.318908597,0.922269485
0.00075,0.00075,0.0001,924.7567632,0.105251895,0.940733517,0.322401129
0.00075,0.00075,0.00015,923.9892981,0.107326197,0.994013116,-0.020469777
0.00075,0.00075,0.0002,919.8584931,0.247337113,0.968237234,-0.036619832
0.00075,0.00075,0.00025,919.3690828,-0.412777091,-0.910822133,0.004256243
0.00075,0.00075,0.0003,920.485154,-0.379384932,-0.914318482,-0.141734916
0.00075,0.00075,0.00035,897.4372559,-0.425819995,-0.809136971,-0.404937888
0.00075,0.00075,0.0004,867.7485345,-0.62425939,-0.623872325,-0.470195211
0.00075,0.00075,0.00045,829.6370938,-0.510685987,-0.665760724,-0.544024339
0.00075,0.00075,0.0005,787.3049302,-0.378749679,-0.700267833,-0.605122833
0.00075,0.00075,0.00055,732.9792053,-0.303448738,-0.717371784,-0.627133627
0.00075,0.00075,0.0006,679.0113368,-0.183932844,-0.727788482,-0.660675892
0.00075,0.00075,0.00065,626.0982566,-0.073992976,-0.711461108,-0.698819098
0.00075,0.00075,0.0007,569.2757077,0.038986318,-0.687250583,-0.725373492
0.00075,0.00075,0.00075,525.9044789,0.085970341,-0.626893383,-0.77434733
0.00075,0.00075,0.0008,485.2680646,0.078834003,-0.671707872,-0.736609621
0.00075,0.00075,0.00085,444.6316504,-0.208137297,-0.86714751,-0.452475481
0.00075,0.00075,0.0009,463.1701771,0.095364674,-0.071750826,0.99285316
0.00075,0.00075,0.00095,507.6000543,-0.01703102,0.04646231,0.998774849
0.00075,0.0008,5.00E-05,845.224248,0.141606759,-0.290468027,0.946348694
0.00075,0.0008,0.0001,888.5310123,0.087084415,-0.722071719,0.686315334
0.00075,0.0008,0.00015,916.0995345,-0.941180568,-0.245493579,0.232189664
0.00075,0.0008,0.0002,895.5277131,-0.596243396,-0.557592535,-0.577567639
0.00075,0.0008,0.00025,864.6821632,-0.642116252,-0.725709783,-0.247046615
0.00075,0.0008,0.0003,860.221924,-0.731296331,-0.667109998,-0.142020869
0.00075,0.0008,0.00035,840.469021,-0.604279,-0.718830553,-0.343699761
0.00075,0.0008,0.0004,803.8090273,-0.477061775,-0.7435217,-0.468601692
0.00075,0.0008,0.00045,767.3370627,-0.376222632,-0.788766646,-0.4861108
0.00075,0.0008,0.0005,720.8416232,-0.283528692,-0.766353258,-0.576466968
0.00075,0.0008,0.00055,668.878479,-0.324980104,-0.714067542,-0.620076993
0.00075,0.0008,0.0006,620.4172081,-0.354566048,-0.685490442,-0.635913337
0.00075,0.0008,0.00065,573.8460871,-0.303730694,-0.657514483,-0.689508789
0.00075,0.0008,0.0007,524.2940223,-0.019734901,-0.751938926,-0.658937315
0.00075,0.0008,0.00075,496.7759877,0.129412888,-0.597655579,-0.791239605
0.00075,0.0008,0.0008,451.4042626,0.127260544,-0.504571878,-0.853939093
0.00075,0.0008,0.00085,419.5867674,0.327599932,-0.938694629,0.107380996
0.00075,0.0008,0.0009,454.0230476,0.170225696,-0.163772433,0.97170047
0.00075,0.0008,0.00095,501.5312221,0.020241947,0.005381378,0.999780628
0.00075,0.00085,5.00E-05,779.0466145,-0.140929742,-0.358699717,0.92275312
0.00075,0.00085,0.0001,850.1889407,-0.164211895,-0.666262003,0.727412811
0.00075,0.00085,0.00015,916.591703,-0.285175387,-0.952049182,0.110803215
0.00075,0.00085,0.0002,870.2193851,-0.35647196,-0.792928983,-0.494157231
0.00075,0.00085,0.00025,815.6568478,-0.537681731,-0.746702128,-0.391579222
0.00075,0.00085,0.0003,806.7495502,-0.710992706,-0.670386967,-0.21229858
0.00075,0.00085,0.00035,779.4525543,-0.666554523,-0.679486159,-0.306600109
0.00075,0.00085,0.0004,751.7113991,-0.515176101,-0.686270924,-0.513445035
0.00075,0.00085,0.00045,695.0136273,-0.34994567,-0.70431777,-0.617636226
0.00075,0.00085,0.0005,656.4144187,-0.359033186,-0.766520592,-0.532486013
0.00075,0.00085,0.00055,617.3325741,-0.423376665,-0.70744105,-0.565932294
0.00075,0.00085,0.0006,576.5700251,-0.305913396,-0.702397867,-0.642692952
0.00075,0.00085,0.00065,534.4353396,-0.220219136,-0.65558545,-0.722295819
0.00075,0.00085,0.0007,481.3280283,-0.023575138,-0.803628318,-0.594664392
0.00075,0.00085,0.00075,470.8478674,0.406863584,-0.798398455,-0.443871525
0.00075,0.00085,0.0008,439.6588283,0.571902836,-0.428518346,-0.69949923
0.00075,0.00085,0.00085,421.7389645,0.76809212,0.562134587,0.306658116
0.00075,0.00085,0.0009,449.359087,0.231042418,0.193110075,0.95358686
0.00075,0.00085,0.00095,509.7057178,-0.028646454,0.051416791,0.998266344
0.00075,0.0009,5.00E-05,712.868981,-0.438283229,-0.511640842,0.739007077
0.00075,0.0009,0.0001,762.5488124,-0.437922356,-0.895238043,0.082297368
0.00075,0.0009,0.00015,743.9929022,-0.488472622,-0.868839573,-0.08069878
0.00075,0.0009,0.0002,733.5667682,-0.650541997,-0.75946897,-0.001412211
0.00075,0.0009,0.00025,743.6515822,-0.740834207,-0.668851836,0.061659543
0.00075,0.0009,0.0003,745.8976242,-0.715007923,-0.6855632,-0.136991858
0.00075,0.0009,0.00035,718.4936506,-0.716517842,-0.61914911,-0.321335591
0.00075,0.0009,0.0004,690.9479098,-0.655660429,-0.650214399,-0.383836732
0.00075,0.0009,0.00045,658.665722,-0.566923769,-0.600284237,-0.56414207
0.00075,0.0009,0.0005,609.0187294,-0.409372819,-0.667866936,-0.621584789
0.00075,0.0009,0.00055,569.0693636,-0.392128048,-0.734096967,-0.554380047
0.00075,0.0009,0.0006,529.818983,-0.304550349,-0.609600761,-0.731871572
0.00075,0.0009,0.00065,487.400526,-0.247944167,-0.503575321,-0.827608353
0.00075,0.0009,0.0007,438.3620343,-0.226759073,-0.456710412,-0.860230157
0.00075,0.0009,0.00075,421.8249646,0.404933969,-0.850658501,-0.335273911
0.00075,0.0009,0.0008,421.3197894,0.940282145,-0.090774068,0.328069438
0.00075,0.0009,0.00085,437.3682988,0.422758364,0.414725793,0.805777812
0.00075,0.0009,0.0009,471.837121,0.304419467,0.26952955,0.91360966
0.00075,0.0009,0.00095,518.512136,-0.109089762,-0.049143876,0.992816349
0.00075,0.00095,5.00E-05,610.0913577,-0.967315017,-0.247397153,0.055644456
0.00075,0.00095,0.0001,511.6201742,-0.92102369,-0.389014828,-0.019565922
0.00075,0.00095,0.00015,604.5579056,-0.625224911,-0.402488457,0.668653014
0.00075,0.00095,0.0002,686.6618857,-0.602052039,-0.643315194,0.472947041
0.00075,0.00095,0.00025,681.8978984,-0.67350804,-0.737997065,-0.041800142
0.00075,0.00095,0.0003,680.8489865,-0.672988665,-0.737036826,-0.062152817
0.00075,0.00095,0.00035,673.5754971,-0.800337466,-0.552163981,-0.233612668
0.00075,0.00095,0.0004,650.3636714,-0.749800528,-0.338355064,-0.568607966
0.00075,0.00095,0.00045,607.8355951,-0.645447,-0.063228479,-0.761183505
0.00075,0.00095,0.0005,560.1468677,-0.529140153,0.383247643,-0.757054781
0.00075,0.00095,0.00055,512.4581402,-0.460041049,0.762750592,-0.454503869
0.00075,0.00095,0.0006,508.5452685,-0.084434555,0.964388149,-0.250651757
0.00075,0.00095,0.00065,478.7864785,-0.081595293,0.942785348,-0.323261498
0.00075,0.00095,0.0007,446.5128786,-0.066672144,0.973686281,-0.217921663
0.00075,0.00095,0.00075,427.6082056,-0.017433763,0.998720573,-0.047468739
0.00075,0.00095,0.0008,435.3581178,-0.037969718,0.994293037,0.099697831
0.00075,0.00095,0.00085,447.7397306,0.146878462,0.966956609,0.208378581
0.00075,0.00095,0.0009,473.2978246,0.056332358,0.914652238,0.400297325
0.00075,0.00095,0.00095,497.7747702,-0.334461529,0.43133542,0.83790527
0.0008,5.00E-05,5.00E-05,687.6130854,0.31413057,0.891839691,0.325490323
0.0008,5.00E-05,0.0001,689.3749835,0.220608741,0.974078179,-0.050034832
0.0008,5.00E-05,0.00015,672.8408137,0.423580844,0.887379855,-0.182033683
0.0008,5.00E-05,0.0002,662.5162321,0.8804531,0.473572014,0.023062651
0.0008,5.00E-05,0.00025,674.6112971,0.783326796,0.583896057,0.21322412
0.0008,5.00E-05,0.0003,680.7620724,0.695881493,0.717937763,-0.017728987
0.0008,5.00E-05,0.00035,673.0984149,0.589161468,0.802541204,-0.093895588
0.0008,5.00E-05,0.0004,672.3840718,0.419888099,0.906163553,0.050612248
0.0008,5.00E-05,0.00045,677.8620661,0.358015276,0.933458422,0.021918858
0.0008,5.00E-05,0.0005,675.0861592,0.222639939,0.974444501,-0.029822343
0.0008,5.00E-05,0.00055,673.2314603,0.184810997,0.982772187,-0.00192965
0.0008,5.00E-05,0.0006,674.7193796,0.182986705,0.982685867,0.029057739
0.0008,5.00E-05,0.00065,678.4577839,0.085872174,0.994539105,0.059312217
0.0008,5.00E-05,0.0007,687.4030257,0.106034031,0.994359889,-0.002279289
0.0008,5.00E-05,0.00075,677.9204233,0.107379918,0.988929624,-0.102409728
0.0008,5.00E-05,0.0008,665.4534615,0.265093782,0.952041107,-0.152784216
0.0008,5.00E-05,0.00085,650.0567742,0.349217508,0.888721305,-0.297021168
0.0008,5.00E-05,0.0009,623.6569555,0.587926227,0.759252581,-0.279066782
0.0008,5.00E-05,0.00095,613.9396234,-0.028908269,0.527375408,0.849140443
0.0008,0.0001,5.00E-05,702.8216531,0.461600016,0.136193446,0.87657103
0.0008,0.0001,0.0001,688.9004799,0.921386976,0.135467214,-0.364272802
0.0008,0.0001,0.00015,673.3196064,0.956568588,0.21581882,-0.195956048
0.0008,0.0001,0.0002,674.7682288,0.91130052,0.36738941,0.185893473
0.0008,0.0001,0.00025,687.3286156,0.899708135,0.328213121,0.287752355
0.0008,0.0001,0.0003,696.5326289,0.94173875,0.331075095,0.059307745
0.0008,0.0001,0.00035,691.6883428,0.915165402,0.383172496,-0.125104453
0.0008,0.0001,0.0004,687.4561658,0.899079682,0.398812149,-0.180567429
0.0008,0.0001,0.00045,679.7417145,0.960774339,0.226334053,-0.160267172
0.0008,0.0001,0.0005,678.1199943,0.995689461,-0.091825818,0.013058169
0.0008,0.0001,0.00055,680.3608602,0.999078991,0.021462649,0.03715541
0.0008,0.0001,0.0006,679.6197869,0.997010225,-0.004286983,0.077150719
0.0008,0.0001,0.00065,683.6352345,0.989038142,0.013625334,-0.147030284
0.0008,0.0001,0.0007,673.11225,0.719197698,-0.256030248,-0.645912675
0.0008,0.0001,0.00075,640.8144636,0.543764839,-0.598194498,-0.588628187
0.0008,0.0001,0.0008,612.7471725,0.601912989,-0.687122758,-0.40689442
0.0008,0.0001,0.00085,588.0839163,0.560555163,-0.78238102,-0.271399794
0.0008,0.0001,0.0009,577.8958414,0.22033326,-0.895317601,-0.387117099
0.0008,0.0001,0.00095,542.1020275,0.060158538,-0.740696506,0.669140969
0.0008,0.00015,5.00E-05,710.4212623,0.395117968,0.002116776,0.91862795
0.0008,0.00015,0.0001,700.3463216,0.971394606,0.026624326,-0.235973863
0.0008,0.00015,0.00015,688.4055579,0.956954607,0.257253183,-0.134382588
0.0008,0.00015,0.0002,690.2028504,0.936756546,0.31913436,0.143667789
0.0008,0.00015,0.00025,699.4359825,0.952378006,0.235023173,0.19426848
0.0008,0.00015,0.0003,705.0994857,0.996733266,0.078797912,0.017711165
0.0008,0.00015,0.00035,700.897993,0.99185745,0.100143846,-0.078676615
0.0008,0.00015,0.0004,698.7701179,0.980838074,0.143941281,-0.131291967
0.0008,0.00015,0.00045,691.0468843,0.917672877,0.151826459,-0.367185534
0.0008,0.00015,0.0005,670.7322899,0.92996447,-0.142235989,-0.33902066
0.0008,0.00015,0.00055,674.0978085,0.87130333,-0.488422948,0.047681565
0.0008,0.00015,0.0006,674.5374346,0.876155575,-0.478380686,0.059188917
0.0008,0.00015,0.00065,679.060839,0.900365175,-0.432588448,-0.047008355
0.0008,0.00015,0.0007,670.4295043,0.739814046,-0.279439967,-0.61203634
0.0008,0.00015,0.00075,616.5743002,0.502533863,-0.406254414,-0.763162543
0.0008,0.00015,0.0008,576.4073666,0.508158732,-0.474142414,-0.71900186
0.0008,0.00015,0.00085,549.5886804,0.479394445,-0.572216303,-0.66539422
0.0008,0.00015,0.0009,517.3108538,0.266274625,-0.732938746,-0.626018066
0.0008,0.00015,0.00095,475.654693,0.195618234,-0.390421989,0.899613349
0.0008,0.0002,5.00E-05,703.3394056,0.435037398,0.019065033,0.900210524
0.0008,0.0002,0.0001,691.3844554,0.993433948,0.043062335,-0.10599352
0.0008,0.0002,0.00015,692.7376001,0.881439696,0.464331136,0.086375103
0.0008,0.0002,0.0002,699.2705026,0.951254871,0.264666306,0.158322191
0.0008,0.0002,0.00025,705.3503476,0.984985583,0.167032006,0.043631528
0.0008,0.0002,0.0003,703.0371912,0.991765564,0.113392892,-0.059524094
0.0008,0.0002,0.00035,699.744704,0.954504139,0.293907076,-0.050403158
0.0008,0.0002,0.0004,698.2563788,0.92771085,0.361751514,-0.092132624
0.0008,0.0002,0.00045,691.334993,0.892924816,0.337578067,-0.297869639
0.0008,0.0002,0.0005,671.009016,0.869144716,0.129100802,-0.477410144
0.0008,0.0002,0.00055,641.3831132,0.939274141,-0.18035153,-0.291954472
0.0008,0.0002,0.0006,639.5072447,0.941021623,-0.335924534,0.040410549
0.0008,0.0002,0.00065,645.8325246,0.833062707,-0.551614619,0.041567272
0.0008,0.0002,0.0007,644.5825121,0.771066748,-0.469696039,-0.429932204
0.0008,0.0002,0.00075,590.763647,0.637236663,-0.274793469,-0.720012489
0.0008,0.0002,0.0008,568.5738188,0.298340949,-0.68502754,-0.664627676
0.0008,0.0002,0.00085,537.2629337,0.168846618,-0.58089538,-0.796273432
0.0008,0.0002,0.0009,491.3343075,0.508105519,-0.605756653,-0.612280703
0.0008,0.0002,0.00095,458.2943007,0.176326839,-0.22764848,0.957645558
0.0008,0.00025,5.00E-05,715.3577427,0.40091639,0.108562132,0.909659448
0.0008,0.00025,0.0001,704.6535519,0.941267044,0.314974736,0.121685112
0.0008,0.00025,0.00015,730.7989923,0.955504838,0.289941077,0.054264883
0.0008,0.00025,0.0002,711.2875086,0.958605813,0.207785039,-0.194679922
0.0008,0.00025,0.00025,713.8557745,0.990495815,0.128292856,0.049588146
0.0008,0.00025,0.0003,715.7781891,0.916426807,0.365439236,0.163144328
0.0008,0.00025,0.00035,728.7755042,0.769688225,0.613094717,0.178030627
0.0008,0.00025,0.0004,731.7901878,0.730111877,0.680294713,-0.0643098
0.0008,0.00025,0.00045,721.9265406,0.879505993,0.299483796,-0.369835998
0.0008,0.00025,0.0005,684.2402302,0.844252112,0.099651464,-0.526600377
0.0008,0.00025,0.00055,654.6379502,0.91695812,0.12351045,-0.379384996
0.0008,0.00025,0.0006,637.5503979,0.943636952,-0.123824176,-0.306947676
0.0008,0.00025,0.00065,611.7099742,0.896526285,-0.388298441,-0.213225095
0.0008,0.00025,0.0007,610.2673824,0.79499807,-0.583934763,-0.164311476
0.0008,0.00025,0.00075,587.5655082,0.582913284,-0.397305711,-0.708773783
0.0008,0.00025,0.0008,521.26452,0.219986352,-0.747295807,-0.627020719
0.0008,0.00025,0.00085,493.2411075,0.340004064,-0.786108821,-0.51616873
0.0008,0.00025,0.0009,439.1836573,0.561431261,-0.692729108,-0.452682362
0.0008,0.00025,0.00095,425.2575102,0.190249243,-0.372279487,0.908412466
0.0008,0.0003,5.00E-05,736.6835652,0.320558611,0.0954346,0.942408836
0.0008,0.0003,0.0001,731.3532192,0.994906976,0.071866654,-0.070677386
0.0008,0.0003,0.00015,728.1832964,0.946054948,-0.298096123,-0.126959585
0.0008,0.0003,0.0002,717.3542738,0.975988597,-0.185128552,-0.114776645
0.0008,0.0003,0.00025,716.9684917,0.913483352,-0.351649867,0.204671778
0.0008,0.0003,0.0003,736.4570145,0.808451056,-0.399658414,0.432064858
0.0008,0.0003,0.00035,754.8861814,0.835126237,0.371259071,0.40587051
0.0008,0.0003,0.0004,770.7074475,0.981624519,-0.021175598,-0.189644134
0.0008,0.0003,0.00045,729.8397407,0.852411935,-0.283232266,-0.439514933
0.0008,0.0003,0.0005,683.7424033,0.846652,-0.333493026,-0.414683967
0.0008,0.0003,0.00055,656.583193,0.896506911,-0.067317143,-0.437885557
0.0008,0.0003,0.0006,622.1898917,0.884723802,0.222500109,-0.409582098
0.0008,0.0003,0.00065,596.1481646,0.904013124,0.096741,-0.416414997
0.0008,0.0003,0.0007,558.7772271,0.901351657,-0.304946485,-0.307526961
0.0008,0.0003,0.00075,540.8727701,0.713725262,-0.32092554,-0.622577745
0.0008,0.0003,0.0008,456.1561154,0.439644333,-0.615266967,-0.654338919
0.0008,0.0003,0.00085,412.2563488,0.49582014,-0.803159326,-0.330299085
0.0008,0.0003,0.0009,387.300617,0.49285849,-0.771520701,-0.402301276
0.0008,0.0003,0.00095,345.1144946,0.117801382,-0.128703751,0.984661454
0.0008,0.00035,5.00E-05,754.4708504,0.432601763,-0.004572946,0.901573515
0.0008,0.00035,0.0001,713.2968523,0.931472553,-0.140954693,-0.335396269
0.0008,0.00035,0.00015,697.9300178,0.892521054,-0.428872319,-0.139551789
0.0008,0.00035,0.0002,693.1986321,0.937966711,-0.319672214,-0.134268854
0.0008,0.00035,0.00025,681.0350491,0.891466029,-0.44378671,-0.091332771
0.0008,0.00035,0.0003,680.7044647,0.726770649,-0.48347411,0.487911066
0.0008,0.00035,0.00035,760.1051614,0.875196032,-0.379424968,0.300114309
0.0008,0.00035,0.0004,728.993511,0.73886338,-0.570653415,-0.358379109
0.0008,0.00035,0.00045,665.8845164,0.657883765,-0.66069251,-0.361489084
0.0008,0.00035,0.0005,625.3265762,0.754978083,-0.648079951,-0.100002355
0.0008,0.00035,0.00055,645.1753425,0.839901618,0.454609334,0.296471963
0.0008,0.00035,0.0006,670.3809353,0.619860972,0.779623866,-0.089213243
0.0008,0.00035,0.00065,626.4419234,0.648478111,0.604570501,-0.462569615
0.0008,0.00035,0.0007,555.4558069,0.768515177,0.521039415,-0.371352058
0.0008,0.00035,0.00075,534.6665154,0.43244539,0.473244666,-0.767483205
0.0008,0.00035,0.0008,400.3280555,0.173074155,0.153330421,-0.972900364
0.0008,0.00035,0.00085,325.8112288,0.245135056,-0.880633519,-0.405454572
0.0008,0.00035,0.0009,310.4211266,-0.390843288,-0.729113645,0.561813863
0.0008,0.00035,0.00095,379.5901432,-0.116220987,-0.020645154,0.993008791
0.0008,0.0004,5.00E-05,734.9909436,0.361657596,-0.125914801,0.923769044
0.0008,0.0004,0.0001,707.5911907,0.948481449,-0.062151518,-0.310676888
0.0008,0.0004,0.00015,666.4171926,0.957416154,-0.230768651,-0.173493913
0.0008,0.0004,0.0002,677.1301125,0.952566513,-0.29617872,-0.069965734
0.0008,0.0004,0.00025,656.2592262,0.972851276,-0.204863657,-0.107662792
0.0008,0.0004,0.0003,658.1059483,0.959156424,-0.199170918,0.200872843
0.0008,0.0004,0.00035,693.8358773,0.848287012,-0.504004013,-0.162447221
0.0008,0.0004,0.0004,620.6782423,0.667220265,-0.507434918,-0.545276923
0.0008,0.0004,0.00045,540.3679963,0.107099147,-0.945382546,-0.307866228
0.0008,0.0004,0.0005,549.5335601,-0.430763018,0.163076368,0.887608765
0.0008,0.0004,0.00055,725.6694297,0.084010398,0.560940736,0.823582263
0.0008,0.0004,0.0006,785.8990019,0.440775131,0.894007022,0.080428411
0.0008,0.0004,0.00065,746.3533235,0.452032725,0.823161745,-0.343614839
0.0008,0.0004,0.0007,687.546151,0.545858127,0.773821908,-0.321307578
0.0008,0.0004,0.00075,636.5274769,0.251577339,0.738189065,-0.625927909
0.0008,0.0004,0.0008,489.0719928,-0.420493799,0.492728975,-0.761841927
0.0008,0.0004,0.00085,216.9815617,-0.761815394,0.148193357,-0.630615599
0.0008,0.0004,0.0009,317.5071447,-0.854145023,0.319094513,0.410627534
0.0008,0.0004,0.00095,335.8824766,-0.366630622,0.327040031,0.870991851
0.0008,0.00045,5.00E-05,703.8049086,0.483843178,-0.538597535,0.689788718
0.0008,0.00045,0.0001,699.5785395,0.808644213,-0.541724678,-0.229409917
0.0008,0.00045,0.00015,657.4129655,0.816438662,-0.541037245,-0.201758795
0.0008,0.00045,0.0002,650.1979617,0.768148918,-0.638010475,-0.053757546
0.0008,0.00045,0.00025,644.8353576,0.795070965,-0.605794181,-0.029590037
0.0008,0.00045,0.0003,643.4461873,0.742937017,-0.669351166,-0.003688616
0.0008,0.00045,0.00035,643.9830516,0.893605989,0.417442359,-0.164955188
0.0008,0.00045,0.0004,586.1762409,0.84000308,0.007700192,-0.542526987
0.0008,0.00045,0.00045,447.4164457,0.4371553,-0.8584852,0.26813878
0.0008,0.00045,0.0005,659.3711754,-0.509952002,0.605462541,0.611035242
0.0008,0.00045,0.00055,806.163517,-0.269280126,0.661462263,0.699968491
0.0008,0.00045,0.0006,900.2940465,0.334729133,0.915395122,0.223625086
0.0008,0.00045,0.00065,862.0554507,0.363656069,0.869064777,-0.33538139
0.0008,0.00045,0.0007,819.955159,0.71802632,0.619827567,-0.316625948
0.0008,0.00045,0.00075,768.7373263,0.523600516,0.617200863,-0.587286637
0.0008,0.00045,0.0008,671.6736214,-0.239946095,0.479563522,-0.844064393
0.0008,0.00045,0.00085,366.1286119,-0.731806847,0.489801718,-0.473870252
0.0008,0.00045,0.0009,402.8178278,-0.774670975,0.37974494,0.505646775
0.0008,0.00045,0.00095,536.3469654,-0.311272795,0.51598403,0.798041182
0.0008,0.0005,5.00E-05,607.5372449,0.318587436,-0.877750791,0.357848563
0.0008,0.0005,0.0001,598.042045,0.281645446,-0.923081175,-0.261910265
0.0008,0.0005,0.00015,533.9980245,0.391205568,-0.897528915,-0.203470024
0.0008,0.0005,0.0002,527.8553366,0.499641243,-0.864943246,-0.047242024
0.0008,0.0005,0.00025,518.0307522,0.560062167,-0.825098682,-0.074448203
0.0008,0.0005,0.0003,503.4430752,0.177714968,-0.507029952,0.843408571
0.0008,0.0005,0.00035,838.7655509,0.851455634,0.474406124,0.223522107
0.0008,0.0005,0.0004,623.4681506,0.738421313,0.079798484,-0.669601498
0.0008,0.0005,0.00045,306.0237956,0.470912175,-0.604820685,0.642209983
0.0008,0.0005,0.0005,905.0088229,-0.135231824,0.34523062,0.928723949
0.0008,0.0005,0.00055,953.3388027,-0.564661842,0.699106321,0.438642629
0.0008,0.0005,0.0006,1014.689091,-0.570587198,0.821121213,0.013791388
0.0008,0.0005,0.00065,954.5333221,0.118651615,0.224895203,-0.967131812
0.0008,0.0005,0.0007,870.2258914,0.569586055,-0.053210568,-0.820207511
0.0008,0.0005,0.00075,792.3619319,0.864050803,-0.116865457,-0.489651585
0.0008,0.0005,0.0008,717.8181104,0.481116105,-0.134892212,-0.866216707
0.0008,0.0005,0.00085,494.8762581,-0.594883895,0.504754231,-0.625568796
0.0008,0.0005,0.0009,445.3425462,-0.72069322,0.67057048,0.175887789
0.0008,0.0005,0.00095,530.4896354,0.147300318,-0.200601449,0.968535841
0.0008,0.00055,5.00E-05,538.1086137,0.782736929,0.463057967,-0.415812721
0.0008,0.00055,0.0001,440.3956087,-0.122808699,-0.780298846,-0.613230572
0.0008,0.00055,0.00015,347.8115853,-0.027531588,-0.958506363,-0.283738548
0.0008,0.00055,0.0002,357.8568827,-0.384552581,-0.920478,0.069566979
0.0008,0.00055,0.00025,374.2777905,0.509792239,-0.768447843,0.386781316
0.0008,0.00055,0.0003,450.6308008,-0.460411842,0.288622592,0.839474797
0.0008,0.00055,0.00035,898.7257773,0.212698956,0.719254196,0.661386843
0.0008,0.00055,0.0004,649.6647259,0.713726673,0.19276999,-0.673375057
0.0008,0.00055,0.00045,182.2669983,0.162720481,0.72632522,0.667812638
0.0008,0.00055,0.0005,899.9948412,-0.172219403,-0.173860201,0.969594301
0.0008,0.00055,0.00055,980.9713529,-0.284041713,-0.669788113,0.68607885
0.0008,0.00055,0.0006,971.4141712,-0.450726816,-0.751571602,-0.481648694
0.0008,0.00055,0.00065,895.6486798,0.091479941,-0.630118201,-0.771091741
0.0008,0.00055,0.0007,809.434368,0.135969426,-0.593455554,-0.793298696
0.0008,0.00055,0.00075,732.3620637,0.205585867,-0.530963269,-0.822078134
0.0008,0.00055,0.0008,625.3474535,0.734943146,-0.436018665,-0.519371058
0.0008,0.00055,0.00085,585.9816394,-0.047553089,0.477032048,-0.877598501
0.0008,0.00055,0.0009,538.593481,0.286481918,0.606382977,-0.741773413
0.0008,0.00055,0.00095,502.7534832,0.244002537,-0.969728864,-0.00941763
0.0008,0.0006,5.00E-05,676.9803118,0.24347173,0.948998089,-0.200310119
0.0008,0.0006,0.0001,355.9005759,0.054360006,0.517964104,-0.853673343
0.0008,0.0006,0.00015,255.1712856,-0.739962096,0.384921357,-0.551626364
0.0008,0.0006,0.0002,177.6667852,-0.943805603,0.257192283,0.207564719
0.0008,0.0006,0.00025,333.7097566,-0.538443368,0.483756265,0.689970011
0.0008,0.0006,0.0003,683.7552629,-0.476866985,0.581576127,0.659065313
0.0008,0.0006,0.00035,1055.213742,0.391230343,0.512280521,0.764530893
0.0008,0.0006,0.0004,828.5719038,0.635772303,0.356840488,-0.684440242
0.0008,0.0006,0.00045,578.2874,-0.067311599,0.992971157,-0.09735209
0.0008,0.0006,0.0005,761.7912945,-0.582166145,-0.14972328,0.799165514
0.0008,0.0006,0.00055,883.6153033,-0.13366365,-0.823752064,0.550968752
0.0008,0.0006,0.0006,881.5503553,-0.067688698,-0.949440241,-0.306563972
0.0008,0.0006,0.00065,822.1672016,0.196070003,-0.741735507,-0.641393009
0.0008,0.0006,0.0007,748.0734792,0.189015807,-0.617900686,-0.76319838
0.0008,0.0006,0.00075,673.4640002,0.140664166,-0.603627216,-0.784759693
0.0008,0.0006,0.0008,594.9298666,0.205994355,-0.543121849,-0.813993232
0.0008,0.0006,0.00085,542.0327028,0.166392532,-0.7986013,-0.578402532
0.0008,0.0006,0.0009,513.3796802,0.150635273,-0.751754601,-0.642007815
0.0008,0.0006,0.00095,480.5630812,-0.026543362,-0.144560107,0.989139942
0.0008,0.00065,5.00E-05,1128.715219,0.614635145,0.678173821,0.402869591
0.0008,0.00065,0.0001,696.3271499,0.130063524,0.578329093,-0.805368822
0.0008,0.00065,0.00015,472.1819871,-0.193798568,0.864690234,-0.463414409
0.0008,0.00065,0.0002,455.1734632,-0.15317994,0.905334839,0.396112024
0.0008,0.00065,0.00025,729.109838,-0.359104332,0.677612488,0.641782982
0.0008,0.00065,0.0003,1087.304413,-0.276209656,0.719508891,0.637193206
0.0008,0.00065,0.00035,995.7614169,-0.114135285,-0.618556974,-0.777406204
0.0008,0.00065,0.0004,898.3155477,0.079828999,0.068074818,-0.994481347
0.0008,0.00065,0.00045,863.415383,-0.059981963,0.973757351,-0.219542219
0.0008,0.00065,0.0005,842.7918032,-0.166821964,0.56804626,-0.80591183
0.0008,0.00065,0.00055,801.9198675,-0.38552079,-0.816572898,-0.429630565
0.0008,0.00065,0.0006,781.1070715,-0.151019055,-0.930759121,-0.332987544
0.0008,0.00065,0.00065,741.290062,-0.024968324,-0.869038604,-0.494113841
0.0008,0.00065,0.0007,689.0412794,-0.028548039,-0.734390918,-0.678126087
0.0008,0.00065,0.00075,614.5659366,-0.038607489,-0.56046253,-0.827279405
0.0008,0.00065,0.0008,537.6523641,0.071069955,-0.483813191,-0.872280837
0.0008,0.00065,0.00085,473.3851669,0.12030473,-0.799742966,-0.588164909
0.0008,0.00065,0.0009,466.6160536,-0.072502907,-0.992671216,0.096680838
0.0008,0.00065,0.00095,478.8436967,-0.000971125,0.021550855,0.999767282
0.0008,0.0007,5.00E-05,1043.082861,0.304293103,-0.423233181,0.853392865
0.0008,0.0007,0.0001,827.3519885,0.190808584,0.557014465,-0.808286441
0.0008,0.0007,0.00015,705.1427016,0.259192919,0.956932371,-0.130764932
0.0008,0.0007,0.0002,764.8888858,0.198349501,0.833229281,0.51612638
0.0008,0.0007,0.00025,1001.131358,-0.0838236,0.51183245,0.854986051
0.0008,0.0007,0.0003,984.8541759,-0.253056922,-0.889669153,-0.380067089
0.0008,0.0007,0.00035,904.841414,-0.390948068,-0.68362127,-0.616296656
0.0008,0.0007,0.0004,837.6313318,-0.599627212,-0.613775094,-0.513543902
0.0008,0.0007,0.00045,824.5573641,-0.640399183,-0.710040111,-0.292800149
0.0008,0.0007,0.0005,805.1363557,-0.578146737,-0.675119959,-0.458213259
0.0008,0.0007,0.00055,766.3748548,-0.42674882,-0.650088784,-0.628705032
0.0008,0.0007,0.0006,712.0793181,-0.331220918,-0.727854836,-0.600433212
0.0008,0.0007,0.00065,660.24353,-0.265075085,-0.784718129,-0.560314784
0.0008,0.0007,0.0007,610.8349205,-0.203359036,-0.799985372,-0.564507314
0.0008,0.0007,0.00075,570.9015359,-0.121398348,-0.671995452,-0.730537168
0.0008,0.0007,0.0008,516.6235279,-0.094836512,-0.351113276,-0.931517849
0.0008,0.0007,0.00085,445.4428029,-0.143600952,-0.560611152,-0.815532895
0.0008,0.0007,0.0009,457.3341853,-0.029728985,-0.115108976,0.992907907
0.0008,0.0007,0.00095,494.8352057,0.00400846,0.034441675,0.999398671
0.0008,0.00075,5.00E-05,963.8062521,0.172945666,-0.381281598,0.908137731
0.0008,0.00075,0.0001,929.2118645,0.110701573,0.896541275,-0.428904306
0.0008,0.00075,0.00015,929.2843916,0.085904418,0.99612771,0.018708732
0.0008,0.00075,0.0002,933.0145983,0.179250959,0.854864409,-0.486904442
0.0008,0.00075,0.00025,860.7907856,-0.162462306,-0.897469687,-0.410066043
0.0008,0.00075,0.0003,861.9068568,-0.529814045,-0.838377998,-0.128138248
0.0008,0.00075,0.00035,832.4558615,-0.664443505,-0.678626614,-0.313018766
0.0008,0.00075,0.0004,802.3620176,-0.809171718,-0.518365066,-0.276656445
0.0008,0.00075,0.00045,784.6150936,-0.710483339,-0.643027145,-0.285883746
0.0008,0.00075,0.0005,757.0671488,-0.660654854,-0.616285962,-0.428633615
0.0008,0.00075,0.00055,705.6977389,-0.444841886,-0.687541956,-0.573935323
0.0008,0.00075,0.0006,652.4529657,-0.318166413,-0.716828065,-0.620425385
0.0008,0.00075,0.00065,599.4977759,-0.269709964,-0.773968337,-0.572913212
0.0008,0.00075,0.0007,562.4312487,-0.095972977,-0.790505615,-0.60488847
0.0008,0.00075,0.00075,527.9041895,-0.004779878,-0.714996243,-0.699111954
0.0008,0.00075,0.0008,490.3637085,0.008450658,-0.503720991,-0.863825069
0.0008,0.00075,0.00085,432.6286666,-0.110250907,-0.56160819,-0.820024987
0.0008,0.00075,0.0009,460.8899345,-0.168859197,0.069224151,0.98320628
0.0008,0.00075,0.00095,499.0300008,-0.031668096,0.02348694,0.999222445
0.0008,0.0008,5.00E-05,862.4710189,-0.061040867,-0.567734622,0.820945437
0.0008,0.0008,0.0001,899.5132432,-0.311242093,-0.86659078,0.390062533
0.0008,0.0008,0.00015,907.6154582,-0.504748045,-0.821269947,-0.265979481
0.0008,0.0008,0.0002,885.1439934,-0.277596725,-0.805957622,-0.522850237
0.0008,0.0008,0.00025,845.5051029,-0.471284635,-0.504810775,-0.72322671
0.0008,0.0008,0.0003,799.4655253,-0.604376905,-0.682551422,-0.410916187
0.0008,0.0008,0.00035,775.7478354,-0.700536237,-0.653222733,-0.287313489
0.0008,0.0008,0.0004,747.9931425,-0.695150276,-0.651952045,-0.302860735
0.0008,0.0008,0.00045,722.6773847,-0.635907345,-0.702486084,-0.319585903
0.0008,0.0008,0.0005,691.6696182,-0.624556148,-0.662548439,-0.413472108
0.0008,0.0008,0.00055,641.0529985,-0.403514064,-0.701895963,-0.586956947
0.0008,0.0008,0.0006,589.3778366,-0.364369444,-0.68340482,-0.632607903
0.0008,0.0008,0.00065,538.6300688,-0.363506013,-0.756357156,-0.543863246
0.0008,0.0008,0.0007,517.2719996,-0.124783647,-0.898283742,-0.421325717
0.0008,0.0008,0.00075,497.1965732,-0.192444451,-0.606126155,-0.771735847
0.0008,0.0008,0.0008,461.065658,-0.002096283,-0.415693531,-0.909502333
0.0008,0.0008,0.00085,425.2571828,0.985157273,0.169151644,0.029203904
0.0008,0.0008,0.0009,462.0092734,0.129324712,0.048617127,0.990409761
0.0008,0.0008,0.00095,506.6563629,0.015490523,-0.012181483,0.999805809
0.0008,0.00085,5.00E-05,692.1213844,-0.251198021,-0.603578287,0.756698623
0.0008,0.00085,0.0001,828.915754,-0.22040704,-0.755026795,0.617539696
0.0008,0.00085,0.00015,884.9161832,-0.438933203,-0.898022971,0.029872845
0.0008,0.00085,0.0002,837.2733885,-0.381950636,-0.864069515,-0.327868244
0.0008,0.00085,0.00025,800.9873888,-0.452214178,-0.778599661,-0.435068852
0.0008,0.00085,0.0003,746.0367022,-0.653830707,-0.623332393,-0.428908071
0.0008,0.00085,0.00035,715.4306194,-0.71070415,-0.631474446,-0.310063921
0.0008,0.00085,0.0004,688.1201073,-0.701238515,-0.646726744,-0.300015107
0.0008,0.00085,0.00045,660.8095952,-0.543442396,-0.751078137,-0.374902648
0.0008,0.00085,0.0005,626.2720876,-0.525023545,-0.71504327,-0.46158791
0.0008,0.00085,0.00055,583.3749876,-0.447629619,-0.694769778,-0.562958862
0.0008,0.00085,0.0006,541.8057172,-0.481940577,-0.653805033,-0.583328604
0.0008,0.00085,0.00065,499.2193213,-0.467150607,-0.681453128,-0.563375492
0.0008,0.00085,0.0007,474.0933334,-0.167941451,-0.969974691,-0.175911249
0.0008,0.00085,0.00075,483.7593777,-0.003921505,-0.959842934,-0.280510542
0.0008,0.00085,0.0008,457.4833759,0.400907276,-0.141995839,-0.905047257
0.0008,0.00085,0.00085,438.094172,0.866430633,0.480261014,0.136555178
0.0008,0.00085,0.0009,464.8856486,0.413642448,0.323553501,0.851007084
0.0008,0.00085,0.00095,494.1508352,-0.068072639,-0.031414002,0.997185678
0.0008,0.0009,5.00E-05,595.4468295,-0.302820426,-0.730368908,0.612258971
0.0008,0.0009,0.0001,663.7952159,0.018530589,-0.989831462,0.141032953
0.0008,0.0009,0.00015,656.3723087,0.047739123,-0.998859727,0.000470705
0.0008,0.0009,0.0002,663.9566295,-0.231089146,-0.96481179,0.125443278
0.0008,0.0009,0.00025,682.2278361,-0.543480277,-0.837473046,0.057167178
0.0008,0.0009,0.0003,675.1258139,-0.784445717,-0.605639428,-0.133588173
0.0008,0.0009,0.00035,657.7952224,-0.774627031,-0.572211145,-0.269309059
0.0008,0.0009,0.0004,630.2494815,-0.758599241,-0.537110473,-0.36883537
0.0008,0.0009,0.00045,598.7713636,-0.714684423,-0.597432542,-0.363731402
0.0008,0.0009,0.0005,571.7160973,-0.448216394,-0.758728488,-0.472687155
0.0008,0.0009,0.00055,536.8097129,-0.470361788,-0.671215623,-0.572913061
0.0008,0.0009,0.0006,495.054675,-0.362750514,-0.407431865,-0.838099839
0.0008,0.0009,0.00065,456.7258746,-0.349039577,-0.383413471,-0.85508215
0.0008,0.0009,0.0007,432.025865,0.319194711,-0.860259711,-0.397577623
0.0008,0.0009,0.00075,440.3610966,0.512309717,-0.79780663,0.317873142
0.0008,0.0009,0.0008,453.9010938,0.892451332,-0.38766735,0.230748012
0.0008,0.0009,0.00085,451.2907836,0.752959713,0.425422545,0.502063072
0.0008,0.0009,0.0009,483.3220568,0.449854811,0.261254694,0.854035499
0.0008,0.0009,0.00095,499.4978326,-0.127247314,0.072608172,0.989209874
0.0008,0.00095,5.00E-05,496.1296454,-0.779353685,0.422206053,-0.462979354
0.0008,0.00095,0.0001,401.3138728,0.761381497,0.313724083,0.567340653
0.0008,0.00095,0.00015,542.3882619,-0.496011404,0.06016684,0.866228976
0.0008,0.00095,0.0002,638.4128509,-0.698760282,-0.010847812,0.71527365
0.0008,0.00095,0.00025,637.363939,-0.995747728,-0.085150204,-0.035155442
0.0008,0.00095,0.0003,635.2682572,-0.983433113,0.056200111,-0.172339375
0.0008,0.00095,0.00035,620.0801783,-0.946840521,0.135001148,-0.292006365
0.0008,0.00095,0.0004,602.1675786,-0.822673904,0.344108129,-0.452545294
0.0008,0.00095,0.00045,564.667914,-0.641553287,0.555372201,-0.529122952
0.0008,0.00095,0.0005,526.8150386,-0.543207666,0.691735262,-0.475844259
0.0008,0.00095,0.00055,493.5597123,-0.24363461,0.955268527,-0.167643126
0.0008,0.00095,0.0006,502.8739503,-0.104003014,0.986799068,-0.124140938
0.0008,0.00095,0.00065,470.9575984,-0.03994142,0.95979267,-0.277853762
0.0008,0.00095,0.0007,438.6839985,-0.049994357,0.985447759,-0.162460085
0.0008,0.00095,0.00075,428.8563354,0.021088983,0.999775911,0.001839115
0.0008,0.00095,0.0008,439.1209954,0.051790359,0.985882277,0.159229062
0.0008,0.00095,0.00085,463.0239899,0.160264509,0.967189712,0.197127745
0.0008,0.00095,0.0009,479.6324804,0.184433822,0.946333832,0.265398651
0.0008,0.00095,0.00095,502.3808125,0.001245606,0.989768318,0.142678397
0.00085,5.00E-05,5.00E-05,724.1144749,0.196223169,0.898563971,0.392529309
0.00085,5.00E-05,0.0001,717.6637301,0.346547188,0.927120693,-0.142661374
0.00085,5.00E-05,0.00015,701.1270474,0.226872436,0.969923168,-0.088192665
0.00085,5.00E-05,0.0002,695.957843,0.501649968,0.863508778,0.051960558
0.00085,5.00E-05,0.00025,708.0528836,0.44690235,0.891524436,0.073908514
0.00085,5.00E-05,0.0003,706.5889694,0.32341751,0.944491637,-0.057763852
0.00085,5.00E-05,0.00035,699.0079195,0.303148645,0.948596397,-0.09091631
0.00085,5.00E-05,0.0004,691.3489026,0.252950327,0.967244465,-0.021313783
0.00085,5.00E-05,0.00045,695.3067622,0.174827425,0.984595355,0.002712583
0.00085,5.00E-05,0.0005,691.8721165,0.154470676,0.987793366,-0.020076747
0.00085,5.00E-05,0.00055,690.7955035,0.158836815,0.987303163,0.001824898
0.00085,5.00E-05,0.0006,692.2834227,0.165077131,0.986091029,-0.019339692
0.00085,5.00E-05,0.00065,686.6800553,0.070580856,0.997505441,-0.001112709
0.00085,5.00E-05,0.0007,692.0278105,0.015693058,0.99950133,-0.02740107
0.00085,5.00E-05,0.00075,679.5308633,0.017452336,0.995452366,-0.093648289
0.00085,5.00E-05,0.0008,670.438647,0.111355264,0.990338726,-0.082639049
0.00085,5.00E-05,0.00085,662.5646225,0.556234491,0.829524861,-0.049916878
0.00085,5.00E-05,0.0009,662.2538959,-0.027041719,0.644803806,-0.76386962
0.00085,5.00E-05,0.00095,586.7531411,-0.329319299,0.351558016,0.876330851
0.00085,0.0001,5.00E-05,739.6367053,0.3544324,0.123104629,0.926942784
0.00085,0.0001,0.0001,723.0896397,0.906481387,0.20161624,-0.371001869
0.00085,0.0001,0.00015,707.5091332,0.947416916,0.269539081,-0.172481508
0.00085,0.0001,0.0002,708.9761998,0.90895463,0.376923799,0.17812897
0.00085,0.0001,0.00025,721.0683712,0.900156645,0.336230667,0.276887978
0.00085,0.0001,0.0003,730.1147727,0.900350146,0.431916218,0.053084788
0.00085,0.0001,0.00035,725.2561962,0.892181815,0.428803755,-0.141911761
0.00085,0.0001,0.0004,717.5935751,0.861581981,0.459381167,-0.21597554
0.00085,0.0001,0.00045,706.3845539,0.881862484,0.392107598,-0.261859105
0.00085,0.0001,0.0005,700.9299926,0.90276586,0.341196438,-0.261913711
0.00085,0.0001,0.00055,700.1889193,0.975910714,0.203487143,-0.078684572
0.00085,0.0001,0.0006,699.447846,0.993023913,0.086601892,-0.080022626
0.00085,0.0001,0.00065,698.7067727,0.946625668,0.30288795,-0.110266653
0.00085,0.0001,0.0007,694.3360406,0.874002433,0.06010913,-0.482189422
0.00085,0.0001,0.00075,662.1053483,0.762900595,-0.412376552,-0.497923952
0.00085,0.0001,0.0008,649.7932479,0.738173566,-0.535274387,-0.410586309
0.00085,0.0001,0.00085,616.6907039,0.42873238,-0.636878361,-0.640760876
0.00085,0.0001,0.0009,564.6427127,0.053681886,-0.82229138,-0.566529029
0.00085,0.0001,0.00095,522.7354277,0.126640625,-0.449227955,0.884396063
0.00085,0.00015,5.00E-05,750.7229467,0.318875252,0.079710333,0.9444389
0.00085,0.00015,0.0001,735.1230499,0.904127706,0.284735526,-0.318557329
0.00085,0.00015,0.00015,723.1823023,0.933033679,0.337338873,-0.125102517
0.00085,0.00015,0.0002,724.6494113,0.919401421,0.367726186,0.139565322
0.00085,0.00015,0.00025,733.7218798,0.926842421,0.306417835,0.216959066
0.00085,0.00015,0.0003,740.6625638,0.964919462,0.259287959,0.041233321
0.00085,0.00015,0.00035,736.8422507,0.961332826,0.252655809,-0.10956386
0.00085,0.00015,0.0004,731.4889901,0.934446936,0.294944724,-0.199540805
0.00085,0.00015,0.00045,720.2587963,0.821471233,0.360936181,-0.441486225
0.00085,0.00015,0.0005,699.9432039,0.903159381,0.16825683,-0.394959203
0.00085,0.00015,0.00055,694.6285011,0.874036373,-0.398259231,-0.278298408
0.00085,0.00015,0.0006,693.8874278,0.976270052,-0.177407398,0.124190985
0.00085,0.00015,0.00065,700.7215104,0.99905233,-0.01070782,0.04218749
0.00085,0.00015,0.0007,696.5904983,0.773683187,-0.004053293,-0.633559703
0.00085,0.00015,0.00075,642.640886,0.71826631,-0.173352704,-0.673826645
0.00085,0.00015,0.0008,611.2323475,0.658782084,-0.526791096,-0.537119453
0.00085,0.00015,0.00085,577.9300336,0.481583085,-0.552220415,-0.680536807
0.00085,0.00015,0.0009,525.8820424,0.358407412,-0.500896361,-0.787811502
0.00085,0.00015,0.00095,497.8651453,0.122783435,-0.176889288,0.976542067
0.00085,0.0002,5.00E-05,759.6611946,0.376314673,0.113075015,0.919565826
0.00085,0.0002,0.0001,747.7062445,0.91156445,0.372939605,-0.173107782
0.00085,0.0002,0.00015,735.7512944,0.868333529,0.489014034,-0.082838142
0.00085,0.0002,0.0002,736.7458389,0.957082345,0.275289056,0.090605304
0.00085,0.0002,0.00025,743.6842296,0.964981012,0.216508495,0.148107117
0.00085,0.0002,0.0003,749.7366364,0.97943725,0.199701473,0.02867047
0.00085,0.0002,0.00035,746.4105867,0.978180262,0.192089883,-0.079150824
0.00085,0.0002,0.0004,742.1058666,0.916776909,0.373062099,-0.142635092
0.00085,0.0002,0.00045,732.1747484,0.818757961,0.467524053,-0.333251647
0.00085,0.0002,0.0005,711.8487715,0.836790048,0.287953893,-0.465687632
0.00085,0.0002,0.00055,691.5227945,0.962949555,0.116654607,-0.243145754
0.00085,0.0002,0.0006,690.743954,0.991894092,0.107163809,0.068279042
0.00085,0.0002,0.00065,698.0206927,0.998182242,-0.0499736,0.033687549
0.00085,0.0002,0.0007,693.9644611,0.770507682,-0.342957787,-0.537306121
0.00085,0.0002,0.00075,640.145596,0.609475364,-0.256540014,-0.750151319
0.00085,0.0002,0.0008,586.326731,0.447934101,-0.502689879,-0.73936319
0.00085,0.0002,0.00085,547.4333464,0.33470799,-0.671054615,-0.661555942
0.00085,0.0002,0.0009,513.7368664,0.47434965,-0.472292413,-0.742921454
0.00085,0.0002,0.00095,482.0081012,0.147621989,-0.183066275,0.971953953
0.00085,0.00025,5.00E-05,783.3946932,0.313843911,0.129432588,0.94061108
0.00085,0.00025,0.0001,786.6340139,0.944647663,0.326587168,0.031330718
0.00085,0.00025,0.00015,787.8842865,0.890607677,0.337544821,-0.304764597
0.00085,0.00025,0.0002,748.7523075,0.937604706,0.207897973,-0.278703871
0.00085,0.00025,0.00025,752.712311,0.962483963,0.242868023,0.120994813
0.00085,0.00025,0.0003,759.6527487,0.970666315,0.238724153,0.028595185
0.00085,0.00025,0.00035,755.3612451,0.858354251,0.502255745,0.104724145
0.00085,0.00025,0.0004,768.7228267,0.771473549,0.632300184,0.070887516
0.00085,0.00025,0.00045,762.7069578,0.693108682,0.610219379,-0.383709089
0.00085,0.00025,0.0005,725.0799857,0.797553963,0.36177826,-0.482725767
0.00085,0.00025,0.00055,704.7540087,0.930157039,0.287635179,-0.228197033
0.00085,0.00025,0.0006,704.085865,0.988405502,0.121734736,-0.090748102
0.00085,0.00025,0.00065,695.9440678,0.914069147,-0.255827293,-0.314690308
0.00085,0.00025,0.0007,659.6493314,0.664124867,-0.452975261,-0.594770186
0.00085,0.00025,0.00075,605.8304664,0.498393139,-0.473489081,-0.726231622
0.00085,0.00025,0.0008,548.1976845,0.581015501,-0.465036241,-0.667953802
0.00085,0.00025,0.00085,504.2979179,0.577828423,-0.623616869,-0.526513356
0.00085,0.00025,0.0009,484.2896954,0.582321278,-0.680890222,-0.444173879
0.00085,0.00025,0.00095,451.5456148,0.151499059,-0.282922197,0.947102458
0.00085,0.0003,5.00E-05,805.7709627,0.268850107,0.101518218,0.957817139
0.00085,0.0003,0.0001,794.5051575,0.955142408,0.16758624,-0.244167633
0.00085,0.0003,0.00015,777.7075254,0.948267851,-0.104571499,-0.299754707
0.00085,0.0003,0.0002,762.9822252,0.986424163,0.119554833,-0.112578918
0.00085,0.0003,0.00025,765.5642469,0.990696873,0.105270797,0.086242475
0.00085,0.0003,0.0003,771.851008,0.953316065,0.068791613,0.294034341
0.00085,0.0003,0.00035,789.9105722,0.794539756,0.487073028,0.362583013
0.00085,0.0003,0.0004,807.6279183,0.807164403,0.578452292,0.117807349
0.00085,0.0003,0.00045,801.5807336,0.902159423,-0.000875427,-0.431401911
0.00085,0.0003,0.0005,755.2815412,0.792952545,-0.059835694,-0.60633815
0.00085,0.0003,0.00055,717.985223,0.877790788,0.030082394,-0.478098717
0.00085,0.0003,0.0006,702.5621167,0.890958656,0.212577585,-0.401252344
0.00085,0.0003,0.00065,661.8960399,0.829988036,-0.024091552,-0.557260673
0.00085,0.0003,0.0007,625.3342017,0.779028208,-0.060994935,-0.624014959
0.00085,0.0003,0.00075,567.481261,0.522744826,-0.497573786,-0.692212521
0.00085,0.0003,0.0008,515.6387366,0.676986036,-0.498774073,-0.541215606
0.00085,0.0003,0.00085,471.7389701,0.636726376,-0.632770466,-0.4406598
0.00085,0.0003,0.0009,432.8709509,0.536157972,-0.731087925,-0.421953877
0.00085,0.0003,0.00095,392.6582717,0.227412118,-0.307458781,0.92398746
0.00085,0.00035,5.00E-05,825.9861002,0.230429214,-0.03428306,0.972484987
0.00085,0.00035,0.0001,805.8955593,0.942850892,0.113853397,-0.31316066
0.00085,0.00035,0.00015,776.8872939,0.953817052,-0.069015645,-0.292352308
0.00085,0.00035,0.0002,761.6480402,0.991538342,-0.089690276,-0.093847596
0.00085,0.00035,0.00025,763.5378796,0.998732939,-0.04287687,0.026345607
0.00085,0.00035,0.0003,765.3487602,0.967854985,-0.042067728,0.247965794
0.00085,0.00035,0.00035,803.4218751,0.804524414,0.01512123,0.593727055
0.00085,0.00035,0.0004,826.0251229,0.819864127,-0.521944559,-0.235365017
0.00085,0.00035,0.00045,762.6007334,0.692702099,-0.607650191,-0.38849073
0.00085,0.00035,0.0005,716.8304712,0.691629143,-0.680842437,-0.241045025
0.00085,0.00035,0.00055,708.0711615,0.989646363,-0.023900536,0.141523287
0.00085,0.00035,0.0006,733.8010885,0.399084722,0.91112646,-0.102858927
0.00085,0.00035,0.00065,692.6053425,0.365047271,0.794455707,-0.485366479
0.00085,0.00035,0.0007,650.4206691,0.349888953,0.564608027,-0.747526251
0.00085,0.00035,0.00075,526.9795553,0.237858893,0.438784182,-0.86654001
0.00085,0.00035,0.0008,459.9633988,0.610444038,-0.6229712,-0.489147177
0.00085,0.00035,0.00085,385.4465721,0.719904796,-0.612144461,-0.327133372
0.00085,0.00035,0.0009,347.2724836,0.783567649,-0.592156962,-0.188074114
0.00085,0.00035,0.00095,327.4623473,0.237091713,-0.171459022,0.956237064
0.00085,0.0004,5.00E-05,788.9047335,0.243106623,-0.140948929,0.959704418
0.00085,0.0004,0.0001,812.3556304,0.965467374,-0.235489158,-0.111434318
0.00085,0.0004,0.00015,767.2620082,0.932713313,-0.116043211,-0.341437913
0.00085,0.0004,0.0002,750.2241716,0.991396752,-0.124002695,-0.041902398
0.00085,0.0004,0.00025,759.5414101,0.989951359,-0.122712989,0.070269683
0.00085,0.0004,0.0003,765.0846349,0.957353764,-0.231653723,0.172656662
0.00085,0.0004,0.00035,791.4558972,0.956750267,0.001652089,-0.290905821
0.00085,0.0004,0.0004,717.1031109,0.695834907,-0.317328119,-0.644295466
0.00085,0.0004,0.00045,630.7860508,0.814424168,-0.338659764,-0.471192996
0.00085,0.0004,0.0005,601.2603304,0.557803825,-0.750062804,0.355331793
0.00085,0.0004,0.00055,715.1192151,-0.172874096,0.058160914,0.983225231
0.00085,0.0004,0.0006,839.5586547,0.327504375,0.875765138,0.354649556
0.00085,0.0004,0.00065,798.3744597,0.26138025,0.889199059,-0.375506855
0.00085,0.0004,0.0007,750.43168,0.126816644,0.826306247,-0.548758166
0.00085,0.0004,0.00075,663.92186,0.119985449,0.546753179,-0.828652191
0.00085,0.0004,0.0008,335.3842517,0.318327219,0.32679787,-0.889871302
0.00085,0.0004,0.00085,260.867425,0.912939248,-0.353687199,-0.203586088
0.00085,0.0004,0.0009,250.3058883,0.980505904,-0.026252999,0.194727894
0.00085,0.0004,0.00095,306.8220585,0.256096393,0.110275545,0.960340534
0.00085,0.00045,5.00E-05,751.7398905,0.32442929,-0.374890743,0.868448367
0.00085,0.00045,0.0001,760.1589566,0.71779847,-0.696100285,0.014482755
0.00085,0.00045,0.00015,755.7709102,0.781514875,-0.617643278,-0.088041357
0.00085,0.00045,0.0002,738.800303,0.805902287,-0.587413969,-0.073934652
0.00085,0.00045,0.00025,737.5868324,0.801232957,-0.594828118,-0.064847965
0.00085,0.00045,0.0003,722.5290413,0.771060553,-0.598716273,0.216805094
0.00085,0.00045,0.00035,803.694368,0.865351547,0.492950084,0.090370988
0.00085,0.00045,0.0004,746.8920808,0.715406662,0.612264143,-0.336639164
0.00085,0.00045,0.00045,679.3412429,0.81265836,0.230560439,-0.535189941
0.00085,0.00045,0.0005,538.8132748,-0.114023649,0.982068092,0.150136175
0.00085,0.00045,0.00055,722.1672687,-0.445879603,0.180313381,0.876743101
0.00085,0.00045,0.0006,939.3900694,-0.334555632,0.4653313,0.819475021
0.00085,0.00045,0.00065,903.6577399,0.329335316,0.838306089,-0.434489529
0.00085,0.00045,0.0007,852.8760128,0.235218172,0.753719715,-0.613660332
0.00085,0.00045,0.00075,800.8320878,0.248196683,0.446365357,-0.85974204
0.00085,0.00045,0.0008,607.9818041,0.044912424,0.559086397,-0.827892067
0.00085,0.00045,0.00085,237.6411482,0.603070407,0.344692286,-0.71937008
0.00085,0.00045,0.0009,341.0769307,0.680198505,0.555691618,0.478055248
0.00085,0.00045,0.00095,389.3094517,-4.42E-05,0.48165214,0.87636249
0.00085,0.0005,5.00E-05,628.8168667,0.872766954,-0.36973331,0.318708525
0.00085,0.0005,0.0001,618.6083827,0.804036774,-0.59422555,-0.020514893
0.00085,0.0005,0.00015,617.4230097,0.788099919,-0.615068665,-0.024270466
0.00085,0.0005,0.0002,605.7508971,0.79343085,-0.608539421,-0.012135043
0.00085,0.0005,0.00025,610.2907137,0.967088784,-0.250407054,-0.045117521
0.00085,0.0005,0.0003,582.5259292,0.753059337,-0.400056642,0.522356505
0.00085,0.0005,0.00035,924.3499001,-0.286759499,0.0059298,0.957984252
0.00085,0.0005,0.0004,943.2709714,0.680737059,0.637168588,-0.361404548
0.00085,0.0005,0.00045,720.4266386,0.986620681,-0.13805979,-0.086712901
0.00085,0.0005,0.0005,881.3931731,-0.375951719,0.904144078,0.202937902
0.00085,0.0005,0.00055,797.5029328,-0.826073214,0.548721713,0.128481624
0.00085,0.0005,0.0006,942.6163377,-0.805142458,-0.181184315,0.564728136
0.00085,0.0005,0.00065,965.295077,0.383014759,-0.009897623,-0.923689196
0.00085,0.0005,0.0007,876.7258482,0.102271426,-0.210407681,-0.972249537
0.00085,0.0005,0.00075,791.0673126,0.030042587,-0.389048737,-0.920727171
0.00085,0.0005,0.0008,715.7144973,0.008826416,0.120139803,-0.992717745
0.00085,0.0005,0.00085,388.7571628,0.108647588,0.751158307,-0.651119728
0.00085,0.0005,0.0009,426.605187,0.397668706,0.760031161,0.514015792
0.00085,0.0005,0.00095,532.5239751,0.009048976,0.510150977,0.860037265
0.00085,0.00055,5.00E-05,651.8734909,0.858822359,0.488464169,-0.154359678
0.00085,0.00055,0.0001,430.1294054,0.910468015,-0.285391115,-0.299332431
0.00085,0.00055,0.00015,429.9330607,0.89841212,-0.435418772,-0.057150296
0.00085,0.00055,0.0002,381.135046,0.85750815,-0.475724876,0.195871425
0.00085,0.00055,0.00025,608.6857841,0.941617956,-0.313702669,0.1222549
0.00085,0.00055,0.0003,482.0008538,0.890997244,-0.123753822,0.436816784
0.00085,0.00055,0.00035,805.9273336,-0.418618531,0.166740665,0.892723964
0.00085,0.00055,0.0004,1106.415771,0.687728408,0.165278961,-0.70690346
0.00085,0.00055,0.00045,580.8226168,0.956256629,-0.173905786,-0.235223376
0.00085,0.00055,0.0005,882.2093294,0.005594466,-0.442884486,0.896561227
0.00085,0.00055,0.00055,983.6402997,-0.968165801,0.250081878,0.010678725
0.00085,0.00055,0.0006,885.5565471,-0.830450363,-0.369200843,-0.417184531
0.00085,0.00055,0.00065,902.9517024,0.178812748,-0.85233215,-0.491483374
0.00085,0.00055,0.0007,815.1708162,0.114202302,-0.565703251,-0.816662516
0.00085,0.00055,0.00075,732.7975334,-0.017519622,-0.591571948,-0.806061842
0.00085,0.00055,0.0008,656.6698247,0.179082481,-0.531255413,-0.828068325
0.00085,0.00055,0.00085,571.1694545,0.075659595,0.837186038,-0.541659638
0.00085,0.00055,0.0009,553.6526124,0.176722479,0.792295643,-0.583983544
0.00085,0.00055,0.00095,509.2559822,0.050177042,-0.455477089,0.888832316
0.00085,0.0006,5.00E-05,879.2093139,0.539426456,0.835023066,-0.108423138
0.00085,0.0006,0.0001,407.0047597,0.688245316,0.331291276,-0.645418063
0.00085,0.0006,0.00015,244.1429878,0.950341941,0.041705635,-0.308400445
0.00085,0.0006,0.0002,171.6032551,0.960184045,0.230853083,0.157332306
0.00085,0.0006,0.00025,351.4718593,0.88075069,0.189450748,0.434035295
0.00085,0.0006,0.0003,526.6457605,0.296703412,0.553537659,0.778179378
0.00085,0.0006,0.00035,1040.976498,-0.545360015,0.270992701,0.793186869
0.00085,0.0006,0.0004,995.9020248,-0.10290069,-0.394527559,-0.913104295
0.00085,0.0006,0.00045,554.6659136,0.669779837,0.489908432,-0.558018546
0.00085,0.0006,0.0005,682.4087682,0.393009486,-0.149199692,0.907349434
0.00085,0.0006,0.00055,875.8904284,-0.200101973,-0.722383524,0.661907278
0.00085,0.0006,0.0006,871.2083733,-0.476344963,-0.84621799,-0.238768905
0.00085,0.0006,0.00065,843.2319016,-0.214789146,-0.801163488,-0.558572008
0.00085,0.0006,0.0007,758.8598207,-0.189318776,-0.656141432,-0.730504498
0.00085,0.0006,0.00075,674.7428132,-0.153779854,-0.674854807,-0.721749781
0.00085,0.0006,0.0008,612.0204068,0.196508259,-0.589920029,-0.783185076
0.00085,0.0006,0.00085,547.9799767,0.221010532,-0.607075849,-0.763291071
0.00085,0.0006,0.0009,510.6037429,0.104173621,-0.7863197,-0.60897388
0.00085,0.0006,0.00095,482.1912419,0.042895194,-0.103936489,0.993658497
0.00085,0.00065,5.00E-05,1230.923758,-0.172163251,0.616190384,0.76855008
0.00085,0.00065,0.0001,756.1071639,0.33076935,0.503334734,-0.798276758
0.00085,0.00065,0.00015,461.7668966,0.474813055,0.819983806,-0.31965469
0.00085,0.00065,0.0002,538.6182837,0.624812105,0.719366491,0.303515543
0.00085,0.00065,0.00025,763.6572091,0.422148764,0.744985905,0.51651372
0.00085,0.00065,0.0003,972.4620436,-0.16536922,0.884578621,0.436089078
0.00085,0.00065,0.00035,966.248977,-0.231154255,-0.90207254,-0.364462403
0.00085,0.00065,0.0004,896.2941794,-0.071709032,-0.869298571,-0.489058084
0.00085,0.00065,0.00045,856.0518017,-0.146889774,0.95283441,-0.265574814
0.00085,0.00065,0.0005,829.3888868,-0.491566974,0.609466378,-0.622023026
0.00085,0.00065,0.00055,777.5907083,-0.333217146,-0.873222527,-0.355596333
0.00085,0.00065,0.0006,769.811857,-0.306567514,-0.93567255,-0.174737628
0.00085,0.00065,0.00065,741.809438,-0.292462261,-0.849966361,-0.438204302
0.00085,0.00065,0.0007,663.8333883,-0.33978009,-0.716069777,-0.609748772
0.00085,0.00065,0.00075,595.4988642,-0.360765861,-0.722196902,-0.590152207
0.00085,0.00065,0.0008,561.188005,0.122620937,-0.681876019,-0.721116634
0.00085,0.00065,0.00085,490.5087345,0.37788683,-0.668385417,-0.640673456
0.00085,0.00065,0.0009,468.7048341,0.247168006,-0.908704476,-0.336398798
0.00085,0.00065,0.00095,470.69991,-0.03149298,0.001926627,0.999502116
0.00085,0.0007,5.00E-05,1108.036569,-0.078630402,-0.522318864,0.849117344
0.00085,0.0007,0.0001,891.978624,0.51500808,0.430223415,-0.741400358
0.00085,0.0007,0.00015,802.0492698,0.556321371,0.830924565,-0.008420156
0.00085,0.0007,0.0002,887.1177638,0.378833994,0.849896027,0.366280696
0.00085,0.0007,0.00025,977.2199727,-0.659803872,0.69871481,0.276507621
0.00085,0.0007,0.0003,937.5901199,-0.521606458,-0.686590763,-0.506477864
0.00085,0.0007,0.00035,852.4551634,-0.320607151,-0.774272073,-0.545631571
0.00085,0.0007,0.0004,800.0270356,-0.352783103,-0.885153075,-0.303394324
0.00085,0.0007,0.00045,794.7100054,-0.543244502,-0.805672098,-0.236173417
0.00085,0.0007,0.0005,759.285984,-0.585997391,-0.75293812,-0.299484967
0.00085,0.0007,0.00055,729.5896943,-0.631064296,-0.655187749,-0.415315383
0.00085,0.0007,0.0006,679.6093868,-0.466503772,-0.747443537,-0.47297187
0.00085,0.0007,0.00065,637.6699456,-0.400943588,-0.790541816,-0.462912386
0.00085,0.0007,0.0007,587.0372852,-0.466082273,-0.678809495,-0.567437207
0.00085,0.0007,0.00075,549.1308492,-0.54139664,-0.576945651,-0.611574521
0.00085,0.0007,0.0008,512.7434684,-0.074400419,-0.607433108,-0.790879003
0.00085,0.0007,0.00085,451.4964996,0.419564058,-0.605596132,-0.67617995
0.00085,0.0007,0.0009,457.0947304,-0.324867278,-0.440692678,0.836810143
0.00085,0.0007,0.00095,483.6604848,-0.030109297,0.032170295,0.99902878
0.00085,0.00075,5.00E-05,979.7543901,-0.28703311,-0.528039899,0.799240802
0.00085,0.00075,0.0001,933.6669658,-0.886026114,-0.332715186,-0.322890586
0.00085,0.00075,0.00015,941.4502162,-0.709908576,0.69828724,0.091786402
0.00085,0.00075,0.0002,945.0740046,-0.877786939,-0.210391358,-0.430378399
0.00085,0.00075,0.00025,891.1972118,-0.259956792,-0.738698838,-0.621889454
0.00085,0.00075,0.0003,803.3285597,-0.470365084,-0.733927257,-0.490007622
0.00085,0.00075,0.00035,771.0416976,-0.618733272,-0.688593554,-0.37816406
0.00085,0.00075,0.0004,727.8226551,-0.665956361,-0.678425074,-0.310228214
0.00085,0.00075,0.00045,717.0694853,-0.677935959,-0.671443588,-0.299276368
0.00085,0.00075,0.0005,665.6692683,-0.719714505,-0.643955008,-0.259485988
0.00085,0.00075,0.00055,651.895556,-0.758399495,-0.621888479,-0.195153595
0.00085,0.00075,0.0006,624.5498945,-0.582734776,-0.703935311,-0.406072973
0.00085,0.00075,0.00065,583.718794,-0.321940778,-0.813683977,-0.484017068
0.00085,0.00075,0.0007,557.9165069,-0.408411737,-0.720694144,-0.560178368
0.00085,0.00075,0.00075,525.411748,-0.37286134,-0.630243876,-0.681004463
0.00085,0.00075,0.0008,486.2001293,-0.142330931,-0.581403637,-0.801069109
0.00085,0.00075,0.00085,440.6689537,0.642530199,-0.001736711,-0.766258394
0.00085,0.00075,0.0009,451.7661857,0.009219044,0.14659483,0.989153661
0.00085,0.00075,0.00095,491.6612589,-0.021075172,0.045540738,0.998740146
0.00085,0.0008,5.00E-05,816.0136289,-0.071514845,-0.669078219,0.739743174
0.00085,0.0008,0.0001,852.5089681,-0.558743125,-0.748207836,0.357758515
0.00085,0.0008,0.00015,888.8310748,-0.721397927,-0.690924696,0.046990372
0.00085,0.0008,0.0002,862.5514801,-0.612258368,-0.717400053,-0.332380588
0.00085,0.0008,0.00025,808.8505063,-0.564787986,-0.702664199,-0.432755767
0.00085,0.0008,0.0003,757.6227011,-0.650303271,-0.610885523,-0.451580042
0.00085,0.0008,0.00035,714.9675364,-0.680478491,-0.626064891,-0.380777857
0.00085,0.0008,0.0004,681.9974677,-0.760901317,-0.562439374,-0.323560096
0.00085,0.0008,0.00045,655.2653397,-0.735703631,-0.540284059,-0.408452327
0.00085,0.0008,0.0005,597.5466989,-0.82721372,-0.485492689,-0.282868009
0.00085,0.0008,0.00055,598.556162,-0.79060562,-0.577024529,-0.204903507
0.00085,0.0008,0.0006,561.4236581,-0.517208859,-0.727261922,-0.451204048
0.00085,0.0008,0.00065,525.6521606,-0.293111353,-0.865751495,-0.405660059
0.00085,0.0008,0.0007,512.0227023,-0.216365526,-0.883740207,-0.414956873
0.00085,0.0008,0.00075,482.7600539,-0.289045366,-0.640993366,-0.711041687
0.00085,0.0008,0.0008,451.2384518,0.368602015,-0.597718298,-0.711944795
0.00085,0.0008,0.00085,451.4184557,0.859511158,0.461066936,0.220585244
0.00085,0.0008,0.0009,464.6519064,0.23884497,0.391879345,0.888472655
0.00085,0.0008,0.00095,507.7357887,-0.007638879,0.00720661,0.999944855
0.00085,0.00085,5.00E-05,667.9161292,0.290094766,-0.517080441,0.805278116
0.00085,0.00085,0.0001,781.3782534,-0.637345059,-0.42045093,0.645764888
0.00085,0.00085,0.00015,793.7897661,-0.883283583,-0.467710045,-0.032518076
0.00085,0.00085,0.0002,772.4464018,-0.704907495,-0.655557885,-0.270830728
0.00085,0.00085,0.00025,720.8246783,-0.686272091,-0.634382476,-0.355794171
0.00085,0.00085,0.0003,676.326164,-0.649061997,-0.686458176,-0.327862314
0.00085,0.00085,0.00035,646.7006873,-0.723733264,-0.637053023,-0.265280245
0.00085,0.00085,0.0004,624.0432753,-0.745869578,-0.625182135,-0.229838793
0.00085,0.00085,0.00045,605.3614571,-0.655728926,-0.675530708,-0.337161441
0.00085,0.00085,0.0005,568.3380386,-0.837438484,-0.35557015,-0.415050183
0.00085,0.00085,0.00055,550.170208,-0.646522501,-0.635782971,-0.421649937
0.00085,0.00085,0.0006,507.0414093,-0.481403031,-0.594097604,-0.644437087
0.00085,0.00085,0.00065,478.2882732,-0.270767596,-0.813533733,-0.514633632
0.00085,0.00085,0.0007,466.5685097,-0.01577808,-0.991936334,-0.125751187
0.00085,0.00085,0.00075,470.6156621,-0.131175894,-0.95941558,-0.249628982
0.00085,0.00085,0.0008,459.8870684,0.939196395,0.339348656,-0.052465436
0.00085,0.00085,0.00085,468.7057358,0.852118348,0.457414449,0.25429578
0.00085,0.00085,0.0009,476.6061168,0.505752281,0.679443623,0.531574072
0.00085,0.00085,0.00095,494.1935253,-0.098196556,-0.018966978,0.994986276
0.00085,0.0009,5.00E-05,631.6082629,0.472241328,-0.573009931,0.669811725
0.00085,0.0009,0.0001,770.5539274,0.140755749,-0.841450756,0.521678488
0.00085,0.0009,0.00015,760.3635518,-0.196861359,-0.948799239,-0.24703362
0.00085,0.0009,0.0002,685.9362228,-0.451348974,-0.735080574,-0.505905774
0.00085,0.0009,0.00025,637.4677255,-0.658430459,-0.630341623,-0.411264842
0.00085,0.0009,0.0003,602.4263964,-0.808183543,-0.524503452,-0.267834817
0.00085,0.0009,0.00035,589.4136252,-0.863619989,-0.466685898,-0.190695535
0.00085,0.0009,0.0004,569.5510533,-0.831842886,-0.472776365,-0.290723101
0.00085,0.0009,0.00045,543.6553114,-0.745906643,-0.650905885,-0.141226089
0.00085,0.0009,0.0005,550.2648002,-0.572733514,-0.755813289,-0.317368231
0.00085,0.0009,0.00055,506.1303138,-0.539312665,-0.670435143,-0.50956704
0.00085,0.0009,0.0006,495.1567003,-0.329747097,-0.344622608,-0.878920992
0.00085,0.0009,0.00065,461.6725311,0.385710756,-0.180897619,-0.904711702
0.00085,0.0009,0.0007,451.5004764,0.784059435,-0.614767275,-0.085510233
0.00085,0.0009,0.00075,457.0808286,0.689842359,-0.689870964,0.219534901
0.00085,0.0009,0.0008,463.5919357,0.775220078,-0.304243252,0.553597214
0.00085,0.0009,0.00085,481.4918384,0.812563513,0.195408014,0.549141371
0.00085,0.0009,0.0009,497.2297106,0.353615326,0.681585412,0.640622766
0.00085,0.0009,0.00095,504.0889316,-0.156275848,0.027371065,0.98733413
0.00085,0.00095,5.00E-05,439.9608948,0.708116598,0.546214539,0.447460123
0.00085,0.00095,0.0001,573.7000807,0.981175331,-0.169561866,0.092432374
0.00085,0.00095,0.00015,468.7926516,0.815466814,-0.547887358,0.186636863
0.00085,0.00095,0.0002,593.8788915,-0.673598364,0.059521576,0.73669697
0.00085,0.00095,0.00025,592.8299797,-0.794030898,0.599752899,-0.099052481
0.00085,0.00095,0.0003,582.2213655,-0.702930707,0.689166887,-0.175890373
0.00085,0.00095,0.00035,566.2454265,-0.685559683,0.697815326,-0.207513111
0.00085,0.00095,0.0004,549.6307185,-0.628691313,0.719865464,-0.294178425
0.00085,0.00095,0.00045,516.4718212,-0.499218625,0.785408364,-0.365943255
0.00085,0.00095,0.0005,478.9721566,-0.453523231,0.859551738,-0.235557823
0.00085,0.00095,0.00055,477.6647201,-0.161507314,0.985238244,0.056753768
0.00085,0.00095,0.0006,489.6096297,-0.146522736,0.988372124,-0.040640272
0.00085,0.00095,0.00065,469.5591864,0.011386858,0.970281357,-0.241711454
0.00085,0.00095,0.0007,433.5569234,0.052878,0.987028526,-0.15158696
0.00085,0.00095,0.00075,432.619213,0.142215191,0.988171874,0.057368872
0.00085,0.00095,0.0008,446.4713849,0.160437931,0.961439453,0.223369309
0.00085,0.00095,0.00085,480.6754965,0.197681794,0.93913166,0.280986893
0.00085,0.00095,0.0009,500.6481114,0.095374894,0.990051377,0.103449986
0.00085,0.00095,0.00095,497.9187932,-0.086694496,0.803059275,-0.589559043
0.0009,5.00E-05,5.00E-05,753.0545442,0.204135641,0.711218172,0.672679234
0.0009,5.00E-05,0.0001,745.2151045,0.647624835,0.705982104,-0.286655442
0.0009,5.00E-05,0.00015,728.6784218,0.428290975,0.895912397,-0.117931411
0.0009,5.00E-05,0.0002,729.381286,0.29506791,0.954437979,0.044531696
0.0009,5.00E-05,0.00025,738.8944914,0.277806511,0.960593364,0.009161377
0.0009,5.00E-05,0.0003,731.4044663,0.225546691,0.972316906,-0.06106164
0.0009,5.00E-05,0.00035,723.9144411,0.209719169,0.976092315,-0.057110965
0.0009,5.00E-05,0.0004,716.3091197,0.203733039,0.977983627,-0.04517603
0.0009,5.00E-05,0.00045,711.5834866,0.160546429,0.986736017,-0.024018272
0.0009,5.00E-05,0.0005,709.7958243,0.10952816,0.993930786,-0.010255474
0.0009,5.00E-05,0.00055,709.0310368,0.116516775,0.9931887,0.000217832
0.0009,5.00E-05,0.0006,709.8474659,0.103934975,0.992553357,-0.063524445
0.0009,5.00E-05,0.00065,694.6716631,0.062658472,0.995439105,-0.071936808
0.0009,5.00E-05,0.0007,691.4974892,0.004931538,0.999011948,-0.044167951
0.0009,5.00E-05,0.00075,681.9437892,0.155689523,0.987724856,-0.01266419
0.0009,5.00E-05,0.0008,688.3152956,0.159372577,0.95340092,0.256177806
0.0009,5.00E-05,0.00085,741.2612133,0.082969012,0.902626105,-0.422353239
0.0009,5.00E-05,0.0009,620.9731561,-0.166441151,0.511134701,-0.843231084
0.0009,5.00E-05,0.00095,590.6928297,0.084838806,0.485526581,0.870095579
0.0009,0.0001,5.00E-05,779.4305068,0.210174341,0.179840508,0.960980821
0.0009,0.0001,0.0001,767.398861,0.888815116,0.347696165,-0.298521466
0.0009,0.0001,0.00015,750.8427675,0.887946566,0.391006126,-0.242208804
0.0009,0.0001,0.0002,743.9581656,0.934636648,0.350451204,0.060318234
0.0009,0.0001,0.00025,756.0496449,0.882503681,0.364509158,0.297187361
0.0009,0.0001,0.0003,767.5606765,0.839053699,0.520041192,0.159831316
0.0009,0.0001,0.00035,770.4075748,0.824664376,0.5636432,-0.047275902
0.0009,0.0001,0.0004,762.740001,0.751461931,0.572053522,-0.328724404
0.0009,0.0001,0.00045,735.8596344,0.615602715,0.407031614,-0.67480261
0.0009,0.0001,0.0005,699.4751474,0.441796534,0.418011424,-0.793777218
0.0009,0.0001,0.00055,698.7436601,-0.374010754,-0.923530231,-0.084899164
0.0009,0.0001,0.0006,698.0121728,0.482003776,0.351136756,0.802729929
0.0009,0.0001,0.00065,727.5194557,0.701457562,0.54137403,0.463542284
0.0009,0.0001,0.0007,739.4549206,0.895015609,0.418290013,-0.154856462
0.0009,0.0001,0.00075,709.0612771,0.89339542,0.222052133,-0.390560462
0.0009,0.0001,0.0008,694.3959983,0.710103208,-0.319094368,-0.627640199
0.0009,0.0001,0.00085,645.0580435,0.214849724,-0.75534381,-0.619108493
0.0009,0.0001,0.0009,586.7986445,0.436769226,-0.587789505,-0.680981748
0.0009,0.0001,0.00095,567.1601994,0.286745162,-0.393448567,0.873484652
0.0009,0.00015,5.00E-05,790.5277403,0.274003749,0.113523371,0.955004916
0.0009,0.00015,0.0001,778.512031,0.843696581,0.483729027,-0.232770933
0.0009,0.00015,0.00015,766.5195545,0.827256996,0.533132686,-0.177243902
0.0009,0.00015,0.0002,759.6334394,0.905542529,0.42401255,0.014355664
0.0009,0.00015,0.00025,767.8436747,0.893751755,0.393918197,0.214560607
0.0009,0.00015,0.0003,778.1206867,0.924763186,0.343953577,0.162815808
0.0009,0.00015,0.00035,781.3885628,0.970024264,0.242389216,-0.017331911
0.0009,0.00015,0.0004,776.4302142,0.889329381,0.296902516,-0.347767377
0.0009,0.00015,0.00045,749.7439725,0.741675196,0.358808874,-0.566722238
0.0009,0.00015,0.0005,729.3414864,0.594913608,0.497207031,-0.63155599
0.0009,0.00015,0.00055,693.1168486,0.817763139,0.556573118,-0.146594041
0.0009,0.00015,0.0006,722.4348121,0.756071701,0.381874779,0.531532912
0.0009,0.00015,0.00065,743.0729161,0.968377671,0.146588356,0.201882491
0.0009,0.00015,0.0007,741.3557364,0.910673111,-0.131053152,-0.391790195
0.0009,0.00015,0.00075,707.5619221,0.698876607,-0.242520178,-0.672871051
0.0009,0.00015,0.0008,655.7758384,0.562601877,-0.48033047,-0.672875744
0.0009,0.00015,0.00085,609.9869761,0.490001699,-0.498208061,-0.715323047
0.0009,0.00015,0.0009,553.7356196,0.472789246,-0.397980371,-0.786181883
0.0009,0.00015,0.00095,503.9245847,0.227452107,-0.281538124,0.932202673
0.0009,0.0002,5.00E-05,812.0712735,0.278435057,0.108693211,0.954284918
0.0009,0.0002,0.0001,817.2910714,0.908762382,0.416229159,-0.030070264
0.0009,0.0002,0.00015,807.6277635,0.854617562,0.472379001,-0.215608215
0.0009,0.0002,0.0002,783.0677183,0.8123565,0.565477873,-0.142519094
0.0009,0.0002,0.00025,789.9909318,0.935365173,0.328324556,0.131510374
0.0009,0.0002,0.0003,796.1746838,0.957881445,0.284104022,0.041809579
0.0009,0.0002,0.00035,794.049071,0.973473353,0.219427142,-0.064817906
0.0009,0.0002,0.0004,789.7562167,0.892831096,0.351050416,-0.282163498
0.0009,0.0002,0.00045,765.6729226,0.71048263,0.524162186,-0.469540664
0.0009,0.0002,0.0005,744.0561578,0.695439518,0.560102767,-0.450165267
0.0009,0.0002,0.00055,724.966208,0.843786911,0.524624331,-0.113105968
0.0009,0.0002,0.0006,733.9026357,0.974867697,0.125218128,0.184264469
0.0009,0.0002,0.00065,741.2580775,0.996870345,-0.026906223,-0.074334179
0.0009,0.0002,0.0007,727.5765537,0.638043357,-0.335049045,-0.693284078
0.0009,0.0002,0.00075,678.2160623,0.546579736,-0.326308914,-0.771215329
0.0009,0.0002,0.0008,624.7423957,0.565145218,-0.334279595,-0.754233408
0.0009,0.0002,0.00085,573.9890911,0.535860593,-0.382779766,-0.752551045
0.0009,0.0002,0.0009,533.1078247,0.462623201,-0.444459343,-0.767095605
0.0009,0.0002,0.00095,495.6456981,0.13571035,-0.108803557,0.984756055
0.0009,0.00025,5.00E-05,827.163202,0.227412047,0.098766227,0.968777061
0.0009,0.00025,0.0001,840.018588,0.966052662,0.221398685,0.133134805
0.0009,0.00025,0.00015,841.4999691,0.979839526,0.177744439,-0.091221808
0.0009,0.00025,0.0002,829.6116986,0.908920541,0.29394799,-0.295733036
0.0009,0.00025,0.00025,800.5661019,0.937178236,0.268596771,-0.222604423
0.0009,0.00025,0.0003,805.6965126,0.97900795,0.202050017,0.026818375
0.0009,0.00025,0.00035,803.1169087,0.925634548,0.374016551,0.057552605
0.0009,0.00025,0.0004,811.7340674,0.76816719,0.639770642,-0.02475265
0.0009,0.00025,0.00045,800.7603053,0.629399473,0.713593938,-0.307636141
0.0009,0.00025,0.0005,779.9894265,0.707903518,0.444382102,-0.548996499
0.0009,0.00025,0.00055,740.212372,0.776223322,0.328781983,-0.537940296
0.0009,0.00025,0.0006,733.5060588,0.978062924,0.208103869,0.009257266
0.0009,0.00025,0.00065,740.7831084,0.887484484,-0.368360879,-0.276914342
0.0009,0.00025,0.0007,710.8889081,0.725313424,-0.380708568,-0.573569021
0.0009,0.00025,0.00075,664.051762,0.715483269,-0.331001934,-0.615240937
0.0009,0.00025,0.0008,609.581982,0.737182028,-0.294857008,-0.607965462
0.0009,0.00025,0.00085,563.3776997,0.673490165,-0.284050464,-0.682441449
0.0009,0.00025,0.0009,508.3430339,0.482686505,-0.392951356,-0.782689574
0.0009,0.00025,0.00095,473.1025194,0.16270477,-0.178815785,0.970336062
0.0009,0.0003,5.00E-05,849.4781416,0.224084899,0.097561977,0.969673975
0.0009,0.0003,0.0001,841.132631,0.95456367,0.208390307,-0.213029763
0.0009,0.0003,0.00015,827.9054445,0.989305023,0.006626041,-0.145710905
0.0009,0.0003,0.0002,823.7545085,0.995736837,0.041973686,-0.082136233
0.0009,0.0003,0.00025,818.8472396,0.973187615,0.213354086,-0.085941263
0.0009,0.0003,0.0003,815.3924987,0.934232644,0.322719374,0.151860372
0.0009,0.0003,0.00035,833.2852696,0.852242737,0.38891438,0.349897017
0.0009,0.0003,0.0004,850.6662865,0.767321366,0.637997774,0.064627873
0.0009,0.0003,0.00045,839.3079098,0.604616993,0.573790411,-0.552451677
0.0009,0.0003,0.0005,793.0663389,0.593725927,0.016837957,-0.804491148
0.0009,0.0003,0.00055,753.3762266,0.809747691,0.266635996,-0.522698691
0.0009,0.0003,0.0006,746.7328231,0.877637415,-0.035326266,-0.478021572
0.0009,0.0003,0.00065,711.1719742,0.724667235,-0.408707124,-0.554811577
0.0009,0.0003,0.0007,676.6458375,0.624952447,-0.519270048,-0.58291771
0.0009,0.0003,0.00075,623.7125558,0.67735108,-0.447161377,-0.584159411
0.0009,0.0003,0.0008,575.916509,0.781864963,-0.208646105,-0.58749807
0.0009,0.0003,0.00085,531.8507212,0.807658776,0.06927514,-0.585566612
0.0009,0.0003,0.0009,487.7849334,0.690567663,0.302117197,-0.657146484
0.0009,0.0003,0.00095,436.8927763,0.2311323,0.067571149,0.970573026
0.0009,0.00035,5.00E-05,867.8350571,0.207444951,0.036564701,0.9775631
0.0009,0.00035,0.0001,861.1214654,0.872531916,0.441592346,-0.209007788
0.0009,0.00035,0.00015,842.2902198,0.972332255,0.068445391,-0.22334998
0.0009,0.00035,0.0002,834.2406697,0.948245113,0.274481643,-0.159659116
0.0009,0.00035,0.00025,821.325268,0.908759609,0.416884461,0.019060957
0.0009,0.00035,0.0003,836.3788555,0.975346154,0.150882638,0.161041325
0.0009,0.00035,0.00035,842.3241115,0.900838344,0.202503142,0.384034836
0.0009,0.00035,0.0004,871.1887708,0.839368012,-0.517190229,0.167259101
0.0009,0.00035,0.00045,860.5850809,0.735647631,-0.502066344,-0.454699844
0.0009,0.00035,0.0005,781.7879721,0.69291947,-0.543866313,-0.473362484
0.0009,0.00035,0.00055,763.8477538,0.747004856,-0.534801977,-0.39493112
0.0009,0.00035,0.0006,730.3871229,0.246245689,0.814982573,-0.524563119
0.0009,0.00035,0.00065,689.1528767,0.246914202,0.684551168,-0.68587395
0.0009,0.00035,0.0007,632.9790152,0.442838734,0.34059409,-0.829391055
0.0009,0.00035,0.00075,586.9456428,0.873608908,0.38587991,-0.296486375
0.0009,0.00035,0.0008,576.9578511,0.958631225,0.2774566,-0.06359253
0.0009,0.00035,0.00085,573.8040579,0.965697456,0.243177037,-0.09106784
0.0009,0.00035,0.0009,551.9990966,0.922531978,0.24277299,-0.299993376
0.0009,0.00035,0.00095,498.2835466,0.502673222,0.115605459,0.856711743
0.0009,0.0004,5.00E-05,863.0497054,0.382062837,-0.056576194,0.922402907
0.0009,0.0004,0.0001,895.1038479,0.931178429,0.298162824,-0.20977527
0.0009,0.0004,0.00015,836.1430391,0.965682928,0.034391009,-0.257436868
0.0009,0.0004,0.0002,859.7968878,0.987679043,0.067806343,0.141040447
0.0009,0.0004,0.00025,865.6117548,0.978233876,0.146192957,-0.147262021
0.0009,0.0004,0.0003,835.0667091,0.951167146,0.293018599,-0.09706266
0.0009,0.0004,0.00035,851.6406805,0.915752794,0.261106845,-0.305319564
0.0009,0.0004,0.0004,794.20063,0.8395653,-0.099758727,-0.534020883
0.0009,0.0004,0.00045,740.5941478,0.845133314,-0.349896162,-0.404131608
0.0009,0.0004,0.0005,681.9207049,0.731899313,-0.639747428,-0.234620171
0.0009,0.0004,0.00055,683.7709857,0.069950971,-0.664200806,0.744274245
0.0009,0.0004,0.0006,862.7818187,0.216027447,0.595118135,0.774058491
0.0009,0.0004,0.00065,808.3922199,-0.018517631,0.855636734,-0.51724547
0.0009,0.0004,0.0007,718.6178115,0.091380345,0.892925271,-0.440833408
0.0009,0.0004,0.00075,696.6246475,0.498663272,0.821135532,-0.277617324
0.0009,0.0004,0.0008,633.2537379,0.939775861,0.269067693,-0.210769796
0.0009,0.0004,0.00085,598.4976953,0.98337873,0.033997734,-0.178354782
0.0009,0.0004,0.0009,548.9007506,0.940003546,0.166669841,-0.297681874
0.0009,0.0004,0.00095,479.5119672,0.636123081,0.092759759,0.765991549
0.0009,0.00045,5.00E-05,842.3444537,0.479204551,-0.047737725,0.876404078
0.0009,0.00045,0.0001,899.3650945,0.80958288,0.586720315,0.018298447
0.0009,0.00045,0.00015,847.006879,0.841820949,0.49373191,-0.218096976
0.0009,0.00045,0.0002,848.4079947,0.853180609,0.521597145,-0.004389437
0.0009,0.00045,0.00025,845.8759155,0.816105776,0.566608245,0.113694582
0.0009,0.00045,0.0003,878.5555755,0.852548744,0.505932235,0.13112289
0.0009,0.00045,0.00035,877.2724549,0.484697321,-0.851940621,-0.198155708
0.0009,0.00045,0.0004,850.4445245,0.496770568,0.765630361,-0.408692002
0.0009,0.00045,0.00045,763.3733951,0.432702626,0.693800169,-0.575681998
0.0009,0.00045,0.0005,626.846171,0.763063786,0.288574213,-0.578323942
0.0009,0.00045,0.00055,602.4447517,-0.237517962,-0.513257394,0.824713323
0.0009,0.00045,0.0006,826.1994643,-0.252044896,-0.25095466,0.934609613
0.0009,0.00045,0.00065,927.631563,0.028328346,0.981810347,0.187739042
0.0009,0.00045,0.0007,859.3685946,0.350750205,0.831191036,-0.431388173
0.0009,0.00045,0.00075,839.4351955,0.46147216,0.479637738,-0.746318354
0.0009,0.00045,0.0008,702.2262398,0.569050378,0.273856346,-0.775360799
0.0009,0.00045,0.00085,589.8833039,0.97800153,-0.11519209,-0.17390742
0.0009,0.00045,0.0009,618.6183105,0.989087995,0.020877972,-0.145839119
0.0009,0.00045,0.00095,536.3262395,0.608461239,0.183278265,0.772129522
0.0009,0.0005,5.00E-05,843.2749809,0.398383379,0.235489029,0.886473689
0.0009,0.0005,0.0001,1044.599578,0.751954747,0.589426829,0.295194971
0.0009,0.0005,0.00015,951.5006504,0.728011436,0.674003643,-0.125373197
0.0009,0.0005,0.0002,994.1893805,0.845353637,0.521688484,0.114971098
0.0009,0.0005,0.00025,1015.855219,0.793488285,0.603929549,-0.07513615
0.0009,0.0005,0.0003,956.2089548,0.718785353,-0.062185493,-0.692445363
0.0009,0.0005,0.00035,730.7814504,-0.541162433,-0.826244293,0.156408405
0.0009,0.0005,0.0004,1007.57544,0.203604208,0.063731157,0.976976799
0.0009,0.0005,0.00045,1010.07031,0.588634647,0.648992492,-0.481993774
0.0009,0.0005,0.0005,762.2214728,-0.259199605,0.50421262,-0.823762829
0.0009,0.0005,0.00055,559.704175,-0.939354622,0.337730422,0.059590742
0.0009,0.0005,0.0006,775.4649921,-0.33725554,-0.034329915,0.940786988
0.0009,0.0005,0.00065,981.8553153,-0.500842525,-0.048714547,0.864166453
0.0009,0.0005,0.0007,888.552999,0.293208683,-0.134298631,-0.946568828
0.0009,0.0005,0.00075,797.6156028,0.183695589,-0.542131068,-0.819969411
0.0009,0.0005,0.0008,721.3951158,0.046452372,-0.162367036,-0.985636405
0.0009,0.0005,0.00085,543.1178149,0.821619273,0.036197987,-0.568886171
0.0009,0.0005,0.0009,556.5678493,0.816882807,-0.568519918,-0.097404222
0.0009,0.0005,0.00095,532.6172277,-0.151231681,-0.09617516,0.983808578
0.0009,0.00055,5.00E-05,978.3510017,0.46511476,0.286616934,0.837567307
0.0009,0.00055,0.0001,1115.463333,0.976362469,-0.017725748,0.215411531
0.0009,0.00055,0.00015,1118.011029,0.998521094,0.041246122,0.035417267
0.0009,0.00055,0.0002,1140.420839,0.978481626,-0.202121651,0.041479471
0.0009,0.00055,0.00025,1151.155084,0.887672321,0.060831739,-0.456439865
0.0009,0.00055,0.0003,852.9543457,0.505086268,-0.015130723,-0.862936222
0.0009,0.00055,0.00035,605.9234491,-0.994782727,0.011565996,0.101358539
0.0009,0.00055,0.0004,868.663383,-0.237653072,-0.419833118,0.875934456
0.0009,0.00055,0.00045,1093.73634,0.983629356,-0.153854523,0.093819375
0.0009,0.00055,0.0005,902.5083894,-0.257292514,0.305503018,-0.916770674
0.0009,0.00055,0.00055,677.5023731,-0.491105594,0.823798089,-0.283146611
0.0009,0.00055,0.0006,810.7949008,-0.176133316,0.16301352,0.970774767
0.0009,0.00055,0.00065,921.2565978,-0.299457023,-0.94833021,0.104858491
0.0009,0.00055,0.0007,833.228772,-0.19956938,-0.677641532,-0.70779518
0.0009,0.00055,0.00075,728.9170707,-0.195552805,-0.655592061,-0.729354612
0.0009,0.00055,0.0008,660.3020056,-0.205861712,-0.580260069,-0.787984268
0.0009,0.00055,0.00085,600.3711933,-0.10145344,0.263464229,-0.959319446
0.0009,0.00055,0.0009,557.3294581,-0.393443347,-0.301256828,-0.868588888
0.0009,0.00055,0.00095,508.2983234,-0.105462639,-0.085051662,0.990779414
0.0009,0.0006,5.00E-05,1051.047863,0.357692408,0.148490705,0.921958053
0.0009,0.0006,0.0001,1033.107257,0.98773207,-0.127822396,-0.089703919
0.0009,0.0006,0.00015,980.5655792,0.933086108,-0.305541272,-0.189723079
0.0009,0.0006,0.0002,832.6846435,0.994842046,-0.066429462,0.07665788
0.0009,0.0006,0.00025,1054.167137,0.982597783,-0.094619684,0.159839648
0.0009,0.0006,0.0003,946.6488636,0.747480027,0.292212435,-0.596561399
0.0009,0.0006,0.00035,732.5740044,-0.227163757,0.868879842,-0.439823201
0.0009,0.0006,0.0004,773.7679836,-0.442143662,0.054421952,0.895291703
0.0009,0.0006,0.00045,954.567837,0.667798691,-0.672173247,0.319731192
0.0009,0.0006,0.0005,900.9265348,0.440860545,-0.618457884,-0.650501211
0.0009,0.0006,0.00055,826.5390712,-0.742072441,0.422361822,-0.520517996
0.0009,0.0006,0.0006,816.3964579,-0.790584588,-0.544508596,-0.28015424
0.0009,0.0006,0.00065,778.9655207,-0.447785738,-0.816388709,-0.364688098
0.0009,0.0006,0.0007,704.4075633,-0.402569709,-0.782856145,-0.474419526
0.0009,0.0006,0.00075,642.1776123,-0.384434676,-0.845417814,-0.370781201
0.0009,0.0006,0.0008,626.7358152,-0.216320094,-0.809073449,-0.546448325
0.0009,0.0006,0.00085,571.397845,-0.291234687,-0.553544391,-0.780237761
0.0009,0.0006,0.0009,524.6337765,-0.165838085,-0.702998904,-0.691585331
0.0009,0.0006,0.00095,496.4753968,-0.019357626,-0.101037242,0.994694304
0.0009,0.00065,5.00E-05,1064.781011,-0.385958215,-0.075131803,0.919451722
0.0009,0.00065,0.0001,1015.030548,0.792252818,0.015381021,-0.609999095
0.0009,0.00065,0.00015,795.2385941,0.99280136,0.071391235,0.096170425
0.0009,0.00065,0.0002,1076.639895,0.849760703,0.192845078,0.490629722
0.0009,0.00065,0.00025,1083.692107,0.727942472,-0.640628025,-0.244326609
0.0009,0.00065,0.0003,1010.479644,-0.366047744,-0.514072505,-0.77571806
0.0009,0.00065,0.00035,947.453208,-0.647350517,0.442304954,-0.620728311
0.0009,0.00065,0.0004,882.1576863,-0.698961621,-0.019383873,-0.714896438
0.0009,0.00065,0.00045,826.4099789,-0.52079,-0.777585434,-0.352333178
0.0009,0.00065,0.0005,780.7862493,-0.55719135,-0.781340254,-0.281149795
0.0009,0.00065,0.00055,746.0922731,-0.543425319,-0.793651915,-0.273506052
0.0009,0.00065,0.0006,718.3308096,-0.547528141,-0.780283876,-0.302274723
0.0009,0.00065,0.00065,670.5588928,-0.573407217,-0.715682596,-0.398751282
0.0009,0.00065,0.0007,607.5102911,-0.523364966,-0.69347308,-0.495160781
0.0009,0.00065,0.00075,551.8178021,-0.547034399,-0.782653095,-0.296997472
0.0009,0.00065,0.0008,555.5052154,-0.336560774,-0.923339414,-0.184854464
0.0009,0.00065,0.00085,527.9342854,0.140647752,-0.76818737,-0.624584962
0.0009,0.00065,0.0009,481.1705279,-0.036323747,-0.736807379,-0.675126264
0.0009,0.00065,0.00095,454.8271943,-0.024121768,-0.036391353,0.99904645
0.0009,0.0007,5.00E-05,1005.271574,-0.416544523,-0.379872763,0.825946333
0.0009,0.0007,0.0001,1039.903722,0.038422264,-0.993255006,0.109399374
0.0009,0.0007,0.00015,1026.300714,0.456614128,0.390351497,-0.799455594
0.0009,0.0007,0.0002,946.0630993,-0.259965149,-0.831071217,-0.491669353
0.0009,0.0007,0.00025,880.6939686,-0.63633594,-0.735155121,-0.233716752
0.0009,0.0007,0.0003,856.3626171,-0.724613016,-0.673789996,-0.144717024
0.0009,0.0007,0.00035,824.0108483,-0.607766013,-0.747170365,-0.268992415
0.0009,0.0007,0.0004,770.4859885,-0.606078782,-0.718144755,-0.341959971
0.0009,0.0007,0.00045,730.8450717,-0.691238594,-0.644240933,-0.327326789
0.0009,0.0007,0.0005,677.7164964,-0.64688739,-0.703515675,-0.294282857
0.0009,0.0007,0.00055,645.3076906,-0.643575837,-0.736799797,-0.207210524
0.0009,0.0007,0.0006,621.4166123,-0.612914464,-0.734008799,-0.292518277
0.0009,0.0007,0.00065,580.0637992,-0.620980941,-0.635497349,-0.458830895
0.0009,0.0007,0.0007,538.1105682,-0.664728598,-0.56769511,-0.485652296
0.0009,0.0007,0.00075,505.1328987,-0.750604494,-0.594408518,-0.288567856
0.0009,0.0007,0.0008,507.4387645,-0.443861948,-0.855005252,-0.268239801
0.0009,0.0007,0.00085,479.9723839,0.097745898,-0.724346494,-0.682471901
0.0009,0.0007,0.0009,444.8474505,-0.425854709,-0.879784109,-0.211252666
0.0009,0.0007,0.00095,475.2167507,-0.05558447,0.058799972,0.996721089
0.0009,0.00075,5.00E-05,805.0677689,-0.756055389,-0.303721792,0.579770059
0.0009,0.00075,0.0001,824.1035095,-0.801131584,-0.592574482,0.083926561
0.0009,0.00075,0.00015,841.0583092,-0.765840688,-0.642852631,0.015117383
0.0009,0.00075,0.0002,830.5200701,-0.814491993,-0.570002046,-0.108168667
0.0009,0.00075,0.00025,801.5395941,-0.787507965,-0.55393303,-0.270165512
0.0009,0.00075,0.0003,746.5679193,-0.736525621,-0.609281417,-0.293779106
0.0009,0.00075,0.00035,708.9168467,-0.74239767,-0.636685671,-0.208511525
0.0009,0.00075,0.0004,686.5017044,-0.730801987,-0.633851551,-0.25329956
0.0009,0.00075,0.00045,643.8220995,-0.753829915,-0.541438184,-0.372270268
0.0009,0.00075,0.0005,576.2996913,-0.74465076,-0.560977206,-0.361662576
0.0009,0.00075,0.00055,545.9009778,-0.75535346,-0.647975234,-0.097822527
0.0009,0.00075,0.0006,554.6159443,-0.74683672,-0.66287707,0.053187438
0.0009,0.00075,0.00065,555.1770152,-0.709173211,-0.642976468,-0.289231081
0.0009,0.00075,0.0007,519.9210711,-0.751933091,-0.359003534,-0.552913275
0.0009,0.00075,0.00075,488.6382726,-0.814157823,-0.342884225,-0.468590917
0.0009,0.00075,0.0008,475.3069292,-0.752413924,-0.489568202,-0.44067705
0.0009,0.00075,0.00085,461.502541,0.764631034,-0.111527651,-0.634744802
0.0009,0.00075,0.0009,461.3651896,0.400979864,0.709468826,0.579542176
0.0009,0.00075,0.00095,487.8885222,-0.020112077,0.08335563,0.996316889
0.0009,0.0008,5.00E-05,829.1399907,-0.706055891,-0.023834467,0.707754899
0.0009,0.0008,0.0001,785.7877956,-0.893997875,-0.378446297,-0.239887891
0.0009,0.0008,0.00015,753.4424444,-0.800994182,-0.581961552,-0.140460216
0.0009,0.0008,0.0002,737.8165797,-0.816308077,-0.561020154,-0.137468215
0.0009,0.0008,0.00025,708.5629331,-0.76790467,-0.595664517,-0.235597539
0.0009,0.0008,0.0003,664.2682252,-0.796299501,-0.549239813,-0.2534615
0.0009,0.0008,0.00035,640.599891,-0.799661115,-0.554326836,-0.230789642
0.0009,0.0008,0.0004,607.5942471,-0.801037225,-0.529263707,-0.279677122
0.0009,0.0008,0.00045,570.564805,-0.875155456,-0.360522408,-0.322686413
0.0009,0.0008,0.0005,525.830399,-0.865451861,-0.333296768,-0.374040561
0.0009,0.0008,0.00055,501.674813,-0.927750845,-0.351776213,-0.124626909
0.0009,0.0008,0.0006,505.8090044,-0.866496858,-0.49909291,0.009458438
0.0009,0.0008,0.00065,502.9352039,-0.670081391,-0.735005117,-0.103722746
0.0009,0.0008,0.0007,494.9073303,-0.757064924,-0.54760526,-0.356344187
0.0009,0.0008,0.00075,472.4871838,-0.920763901,-0.167755814,-0.352209916
0.0009,0.0008,0.0008,477.2924446,-0.220822217,0.932189114,0.286811792
0.0009,0.0008,0.00085,477.5227546,-0.020352145,0.999783186,-0.004401297
0.0009,0.0008,0.0009,477.1488634,-0.031513666,0.723756302,0.689335698
0.0009,0.0008,0.00095,503.9722053,-0.05614666,-0.035768916,0.997781608
0.0009,0.00085,5.00E-05,795.5773021,-0.25542402,-0.189384838,0.948099126
0.0009,0.00085,0.0001,704.6833252,-0.789080026,-0.303897642,-0.533852916
0.0009,0.00085,0.00015,642.3016502,-0.866916974,-0.470695807,-0.164013468
0.0009,0.00085,0.0002,647.3627468,-0.829744898,-0.552320237,-0.080409951
0.0009,0.00085,0.00025,615.5862722,-0.799109466,-0.575774152,-0.17293984
0.0009,0.00085,0.0003,599.2950258,-0.81243207,-0.55547632,-0.177200987
0.0009,0.00085,0.00035,572.7932899,-0.809396501,-0.555288634,-0.191133036
0.0009,0.00085,0.0004,553.9666262,-0.80197014,-0.58711194,-0.110197393
0.0009,0.00085,0.00045,552.4711834,-0.843649103,-0.474346412,-0.251498852
0.0009,0.00085,0.0005,514.9138041,-0.869252865,-0.161690875,-0.467178251
0.0009,0.00085,0.00055,489.3878988,-0.957973484,-0.18768277,-0.216937737
0.0009,0.00085,0.0006,488.1089607,-0.853853413,-0.480273944,-0.200677071
0.0009,0.00085,0.00065,477.925047,-0.780031116,-0.549959319,-0.298489876
0.0009,0.00085,0.0007,473.1306461,-0.702396795,-0.707377655,0.079092328
0.0009,0.00085,0.00075,480.248391,-0.479413481,0.264810002,0.836682961
0.0009,0.00085,0.0008,491.673426,0.414285771,0.558929325,0.718307253
0.0009,0.00085,0.00085,494.1179405,0.447050471,0.889354998,-0.095883073
0.0009,0.00085,0.0009,489.1353409,0.597653599,0.563874742,-0.569960921
0.0009,0.00085,0.00095,475.2701886,0.004488337,-0.083713299,0.996479773
0.0009,0.0009,5.00E-05,783.3142237,0.213890798,-0.617080714,0.757272816
0.0009,0.0009,0.0001,698.5350941,-0.766122838,0.008865229,-0.642633025
0.0009,0.0009,0.00015,588.9403683,-0.885356722,-0.037741806,-0.463377849
0.0009,0.0009,0.0002,554.3138701,-0.854547461,-0.493174656,-0.162872326
0.0009,0.0009,0.00025,548.5295286,-0.92370912,-0.36297837,-0.122507813
0.0009,0.0009,0.0003,530.1240047,-0.884409713,-0.406543689,-0.229219739
0.0009,0.0009,0.00035,508.909705,-0.907672545,-0.373847081,-0.190706348
0.0009,0.0009,0.0004,499.3217099,-0.909451502,-0.407233095,-0.084018875
0.0009,0.0009,0.00045,496.9081427,-0.796091164,-0.604245764,0.033554669
0.0009,0.0009,0.0005,503.9972091,-0.879977123,-0.455815027,-0.133689654
0.0009,0.0009,0.00055,478.4847156,-0.851436743,-0.374258274,-0.367404705
0.0009,0.0009,0.0006,478.3753319,-0.930231651,-0.358579076,-0.078039239
0.0009,0.0009,0.00065,475.3380746,-0.90838693,-0.298393715,-0.29290677
0.0009,0.0009,0.0007,474.1280503,0.745353897,-0.660232799,0.092413305
0.0009,0.0009,0.00075,478.3559702,0.240625266,-0.787599509,0.56726228
0.0009,0.0009,0.0008,488.0846201,0.358548413,-0.580575362,0.73100977
0.0009,0.0009,0.00085,501.0645395,0.324621782,0.636792844,0.699367981
0.0009,0.0009,0.0009,495.7953545,0.004576554,0.269639489,-0.962950467
0.0009,0.0009,0.00095,478.2283134,0.019776214,0.06311503,0.9978103
0.0009,0.00095,5.00E-05,616.0553879,0.241042812,-0.135936753,0.960947221
0.0009,0.00095,0.0001,707.3647446,-0.847419032,0.507028201,0.157490911
0.0009,0.00095,0.00015,630.5549312,-0.195918572,0.596437605,-0.778381716
0.0009,0.00095,0.0002,524.9994059,-0.571623259,0.73538616,-0.363942365
0.0009,0.00095,0.00025,543.9141256,-0.50125334,0.865107132,0.018295916
0.0009,0.00095,0.0003,529.0253828,-0.491606242,0.860343445,-0.134656823
0.0009,0.00095,0.00035,512.4106748,-0.467371572,0.873687958,-0.135030238
0.0009,0.00095,0.0004,495.7959667,-0.453344657,0.873450637,-0.177658681
0.0009,0.00095,0.00045,468.2757284,-0.368655615,0.9108876,-0.185409864
0.0009,0.00095,0.0005,452.0991085,-0.187153968,0.982042226,-0.023800404
0.0009,0.00095,0.00055,463.288071,-0.099148611,0.990753192,0.092615692
0.0009,0.00095,0.0006,473.650598,-0.129169919,0.990640271,0.044124668
0.0009,0.00095,0.00065,473.5982022,-0.049328759,0.993759445,-0.10004419
0.0009,0.00095,0.0007,451.56975,0.145452171,0.987673692,-0.057830299
0.0009,0.00095,0.00075,460.8707805,0.142814422,0.9839855,0.106661035
0.0009,0.00095,0.0008,473.6380503,0.161121975,0.967562191,0.194584471
0.0009,0.00095,0.00085,501.1387659,0.026610229,0.995519709,0.090732602
0.0009,0.00095,0.0009,495.529801,-0.121215656,0.990762289,-0.060801739
0.0009,0.00095,0.00095,493.4567739,-0.036602375,0.681776692,0.730644106
0.00095,5.00E-05,5.00E-05,771.0068154,-0.320496534,0.813229271,0.485736683
0.00095,5.00E-05,0.0001,772.7353594,-0.412512609,0.91023845,-0.036045958
0.00095,5.00E-05,0.00015,758.6306548,-0.354025437,0.934954793,-0.022924314
0.00095,5.00E-05,0.0002,763.6497256,-0.366368982,0.929979815,0.030187946
0.00095,5.00E-05,0.00025,769.4031185,-0.365373787,0.930846297,-0.005212211
0.00095,5.00E-05,0.0003,761.9215939,-0.299403337,0.953194616,-0.042162386
0.00095,5.00E-05,0.00035,754.4400693,-0.247018163,0.968166109,-0.040452604
0.00095,5.00E-05,0.0004,746.9585446,-0.207572726,0.977300654,-0.042390977
0.00095,5.00E-05,0.00045,738.8438783,-0.185465042,0.979268552,-0.081460551
0.00095,5.00E-05,0.0005,719.1322061,-0.183492217,0.980449659,-0.071056832
0.00095,5.00E-05,0.00055,718.4181758,-0.177590446,0.984007669,-0.013803692
0.00095,5.00E-05,0.0006,715.7773885,-0.135134999,0.98897492,-0.060556916
0.00095,5.00E-05,0.00065,702.6632709,-0.036743873,0.996617874,-0.073503074
0.00095,5.00E-05,0.0007,693.4489314,0.0024781,0.998862992,0.047608631
0.00095,5.00E-05,0.00075,718.6517378,0.135498175,0.989737944,0.045376713
0.00095,5.00E-05,0.0008,707.341027,0.10589868,0.979188458,-0.17313415
0.00095,5.00E-05,0.00085,675.793622,-0.33633423,0.859398113,-0.385115786
0.00095,5.00E-05,0.0009,632.5339584,0.155009161,0.851171676,-0.501476758
0.00095,5.00E-05,0.00095,599.6317576,0.274916818,0.540366634,0.795251308
0.00095,0.0001,5.00E-05,783.4305333,-0.624516493,0.19881377,0.755282884
0.00095,0.0001,0.0001,808.2065164,-0.986676686,0.159451717,0.032315116
0.00095,0.0001,0.00015,793.4436023,-0.983663615,0.169792276,-0.059803634
0.00095,0.0001,0.0002,789.6572501,-0.987838206,0.155280565,-0.007976465
0.00095,0.0001,0.00025,791.156489,-0.986606081,0.152327027,0.058351666
0.00095,0.0001,0.0003,805.488451,-0.965393135,0.247902682,0.080996021
0.00095,0.0001,0.00035,809.3463808,-0.930480544,0.363909325,-0.042142154
0.00095,0.0001,0.0004,796.5699506,-0.915137679,0.331618403,-0.229242805
0.00095,0.0001,0.00045,764.0992323,-0.859101319,0.254789624,-0.443877428
0.00095,0.0001,0.0005,721.587815,-0.78806238,0.268829441,-0.553794562
0.00095,0.0001,0.00055,693.7440003,-0.985694001,0.160062618,-0.052794834
0.00095,0.0001,0.0006,716.726437,-0.697434383,0.421233933,0.579782075
0.00095,0.0001,0.00065,761.4202075,-0.641124927,0.556656308,0.528292138
0.00095,0.0001,0.0007,801.017788,-0.776260698,0.629807177,0.027608852
0.00095,0.0001,0.00075,765.1762906,-0.460159701,0.143159405,-0.876218257
0.00095,0.0001,0.0008,722.2055975,-0.316397708,-0.122922984,-0.940628742
0.00095,0.0001,0.00085,654.0303011,-0.103662206,-0.250186862,-0.962632163
0.00095,0.0001,0.0009,614.6049637,0.474573413,-0.469126282,-0.744782255
0.00095,0.0001,0.00095,585.9720907,0.352839651,-0.235932179,0.905450268
0.00095,0.00015,5.00E-05,829.5057764,-0.760131454,0.165243456,0.628406535
0.00095,0.00015,0.0001,822.1426104,-0.977951788,0.202747519,-0.050037428
0.00095,0.00015,0.00015,811.2950488,-0.972948257,0.227401609,-0.040745509
0.00095,0.00015,0.0002,808.1737392,-0.987823341,0.155568775,-0.001844481
0.00095,0.00015,0.00025,810.7304694,-0.986165332,0.162358035,0.033433615
0.00095,0.00015,0.0003,817.5949824,-0.990026519,0.123090166,0.068529578
0.00095,0.00015,0.00035,831.4538233,-0.993915348,0.108848658,-0.016859735
0.00095,0.00015,0.0004,812.4122328,-0.97177973,0.136897493,-0.192102142
0.00095,0.00015,0.00045,781.8842966,-0.95122862,0.164359364,-0.261055763
0.00095,0.00015,0.0005,753.2848666,-0.932668387,0.265893579,-0.243783273
0.00095,0.00015,0.00055,733.1568317,-0.885094701,0.45966496,0.072907449
0.00095,0.00015,0.0006,764.9467509,-0.888454058,0.329664209,0.319328821
0.00095,0.00015,0.00065,791.4802509,-0.989297508,0.121684705,0.08051877
0.00095,0.00015,0.0007,779.1318886,-0.860965124,-0.322038042,-0.393739195
0.00095,0.00015,0.00075,731.5283312,-0.600716162,-0.413417523,-0.684270447
0.00095,0.00015,0.0008,692.8162777,-0.379117347,-0.525706811,-0.761513221
0.00095,0.00015,0.00085,647.8283555,-0.104456403,-0.370032527,-0.923127721
0.00095,0.00015,0.0009,589.6651937,0.301504249,-0.479385784,-0.82418715
0.00095,0.00015,0.00095,555.641065,0.325689964,-0.249155908,0.912056676
0.00095,0.0002,5.00E-05,853.508793,-0.695139344,0.079089541,0.714511117
0.00095,0.0002,0.0001,881.9948787,-0.985062613,0.166608385,0.043512011
0.00095,0.0002,0.00015,871.4041894,-0.968418443,0.222468642,-0.112576296
0.00095,0.0002,0.0002,837.2754909,-0.9762854,0.192099964,-0.099821948
0.00095,0.0002,0.00025,836.9072866,-0.990121477,0.139088087,0.017719055
0.00095,0.0002,0.0003,842.7109342,-0.993674195,0.110754393,0.018575754
0.00095,0.0002,0.00035,842.8068919,-0.997333129,0.06489024,-0.033404897
0.00095,0.0002,0.0004,831.8946163,-0.988316396,0.088223188,-0.124287455
0.00095,0.0002,0.00045,801.3255175,-0.971900086,0.147131184,-0.183746121
0.00095,0.0002,0.0005,774.7346937,-0.973600646,0.188496969,-0.128727134
0.00095,0.0002,0.00055,767.269541,-0.986098243,0.165894395,0.009450124
0.00095,0.0002,0.0006,776.9375504,-0.997711767,-0.002429781,0.067567195
0.00095,0.0002,0.00065,782.8576226,-0.985428604,-0.115410673,-0.124943357
0.00095,0.0002,0.0007,751.9833026,-0.886178344,-0.141818516,-0.441107074
0.00095,0.0002,0.00075,713.0267549,-0.767406408,-0.057504427,-0.638577048
0.00095,0.0002,0.0008,664.4237415,-0.51847591,-0.187464868,-0.83428991
0.00095,0.0002,0.00085,612.6825489,-0.111871678,-0.386117546,-0.915640742
0.00095,0.0002,0.0009,560.984525,0.121614325,-0.470875843,-0.8737768
0.00095,0.0002,0.00095,520.4523707,0.166235175,-0.168190706,0.971636636
0.00095,0.00025,5.00E-05,869.525071,-0.695321385,0.08453492,0.713710038
0.00095,0.00025,0.0001,890.6644519,-0.997426021,0.02088011,0.068595579
0.00095,0.00025,0.00015,899.6676617,-0.99769171,0.056598859,-0.037520953
0.00095,0.00025,0.0002,874.5604798,-0.987100914,0.097487017,-0.126996329
0.00095,0.00025,0.00025,853.3967069,-0.993926216,0.080452503,-0.075087092
0.00095,0.00025,0.0003,852.7702542,-0.998529864,0.05413155,-0.002808157
0.00095,0.00025,0.00035,852.4649183,-0.994665628,0.09794117,-0.032369987
0.00095,0.00025,0.0004,841.8570316,-0.988554304,0.133564194,-0.0701498
0.00095,0.00025,0.00045,827.6540091,-0.978079824,0.177649376,-0.108630366
0.00095,0.00025,0.0005,803.1535163,-0.978719125,0.126961571,-0.16121301
0.00095,0.00025,0.00055,771.8273891,-0.989133498,0.073784747,-0.127164199
0.00095,0.00025,0.0006,764.3861885,-0.999835783,0.012237634,-0.013365933
0.00095,0.00025,0.00065,768.4299136,-0.989518917,-0.139690851,-0.036589321
0.00095,0.00025,0.0007,756.6808543,-0.953596329,-0.17819188,-0.242696715
0.00095,0.00025,0.00075,723.6435154,-0.85146216,-0.165538031,-0.497603607
0.00095,0.00025,0.0008,670.2689436,-0.632022338,-0.168054401,-0.756508746
0.00095,0.00025,0.00085,604.2089592,-0.366547533,-0.136908857,-0.920271086
0.00095,0.00025,0.0009,539.9626119,0.002452386,-0.274561363,-0.961566453
0.00095,0.00025,0.00095,505.0049926,0.085595837,-0.12495309,0.988463494
0.00095,0.0003,5.00E-05,899.1879763,-0.743091494,0.054115568,0.666998153
0.00095,0.0003,0.0001,891.1701145,-0.998817139,0.048016299,-0.007665349
0.00095,0.0003,0.00015,895.6963877,-0.999054044,-0.013001922,-0.041496596
0.00095,0.0003,0.0002,872.7947647,-0.9937539,0.034718566,-0.106055685
0.00095,0.0003,0.00025,860.2545511,-0.998212327,0.042192433,-0.04233141
0.00095,0.0003,0.0003,860.6725932,-0.988204645,0.142591655,0.055849798
0.00095,0.0003,0.00035,875.8267931,-0.992854734,0.103843833,0.058787213
0.00095,0.0003,0.0004,879.1342245,-0.976543194,0.213006492,-0.031490087
0.00095,0.0003,0.00045,864.6195631,-0.963481732,0.213258095,-0.161938066
0.00095,0.0003,0.0005,818.7003475,-0.96632535,0.15287035,-0.20699269
0.00095,0.0003,0.00055,789.763588,-0.987403746,0.103568908,-0.119613227
0.00095,0.0003,0.0006,780.0482243,-0.991504318,0.015918403,-0.129096057
0.00095,0.0003,0.00065,753.4401679,-0.949024541,-0.175217034,-0.262014144
0.00095,0.0003,0.0007,719.1003998,-0.917676106,-0.237862261,-0.318264214
0.00095,0.0003,0.00075,684.2800631,-0.883469509,-0.169868843,-0.436607607
0.00095,0.0003,0.0008,637.8919891,-0.791037008,-0.081314955,-0.606340111
0.00095,0.0003,0.00085,593.2968579,-0.536328803,0.337457574,-0.773610885
0.00095,0.0003,0.0009,532.6582703,-0.236026242,0.317240266,-0.918504342
0.00095,0.0003,0.00095,478.791907,0.029439391,0.021193661,0.999341859
0.00095,0.00035,5.00E-05,902.9825563,-0.67843958,0.112340092,0.726016143
0.00095,0.00035,0.0001,912.5360156,-0.995319133,0.094319166,-0.021064644
0.00095,0.00035,0.00015,893.9102046,-0.997596685,0.010408155,-0.068501998
0.00095,0.00035,0.0002,886.1627787,-0.973172338,0.217877342,-0.073926075
0.00095,0.00035,0.00025,865.4790804,-0.981692925,0.18952257,0.018978844
0.00095,0.00035,0.0003,892.5281737,-0.990701405,0.122930052,0.058300325
0.00095,0.00035,0.00035,885.0762032,-0.991742942,0.107127837,0.070495132
0.00095,0.00035,0.0004,917.6654192,-0.997987463,0.031247748,0.055177905
0.00095,0.00035,0.00045,907.2400744,-0.989655953,0.002349089,-0.143441891
0.00095,0.00035,0.0005,858.4369136,-0.953884215,-0.110067749,-0.279266889
0.00095,0.00035,0.00055,805.2949101,-0.956188257,-0.158432918,-0.246176823
0.00095,0.00035,0.0006,768.865108,-0.924950453,0.293444063,-0.241572435
0.00095,0.00035,0.00065,727.6722017,-0.959512871,0.148885382,-0.239098711
0.00095,0.00035,0.0007,704.9924201,-0.956962095,0.242920402,-0.158786736
0.00095,0.00035,0.00075,692.0481456,-0.793695238,0.573645592,-0.202431726
0.00095,0.00035,0.0008,658.0673836,-0.774210046,0.604446032,-0.187733317
0.00095,0.00035,0.00085,650.1130644,-0.742015499,0.576833662,-0.341578579
0.00095,0.00035,0.0009,579.5112339,-0.669562738,0.417617719,-0.614232188
0.00095,0.00035,0.00095,512.7782148,-0.297521901,0.253050316,0.920568442
0.00095,0.0004,5.00E-05,961.044491,-0.668798752,0.095703168,0.737257847
0.00095,0.0004,0.0001,931.7925272,-0.97975934,0.13213849,-0.150369725
0.00095,0.0004,0.00015,899.7035224,-0.986346187,0.151646054,0.064223628
0.00095,0.0004,0.0002,956.5879023,-0.984608718,0.165831167,0.055187829
0.00095,0.0004,0.00025,923.819331,-0.973958879,0.192968692,-0.119025987
0.00095,0.0004,0.0003,901.9944096,-0.996273857,0.082902704,-0.02378114
0.00095,0.0004,0.00035,914.0265757,-0.999309073,-0.028785342,-0.023511292
0.00095,0.0004,0.0004,891.6858257,-0.989146614,-0.08156627,-0.122212598
0.00095,0.0004,0.00045,865.5895242,-0.939077146,-0.160655608,-0.303848464
0.00095,0.0004,0.0005,778.5205941,-0.870161478,-0.308723515,-0.384068734
0.00095,0.0004,0.00055,732.1175335,-0.879793521,-0.392759817,0.267774321
0.00095,0.0004,0.0006,874.3384645,-0.978391742,0.166391694,0.122733054
0.00095,0.0004,0.00065,793.2133204,-0.904692029,0.372284326,-0.20721176
0.00095,0.0004,0.0007,773.5999771,-0.860586483,0.50627914,0.055428669
0.00095,0.0004,0.00075,817.254972,-0.865821605,0.500350021,-0.0016748
0.00095,0.0004,0.0008,772.9106095,-0.881808272,0.388875635,-0.266814376
0.00095,0.0004,0.00085,725.9569083,-0.861484801,0.185703143,-0.472607956
0.00095,0.0004,0.0009,626.0325151,-0.73567574,0.419416086,-0.531856514
0.00095,0.0004,0.00095,567.7092723,-0.378614838,0.144185484,0.914254533
0.00095,0.00045,5.00E-05,950.2440689,-0.580972067,-0.20098638,0.788717904
0.00095,0.00045,0.0001,966.4398381,-0.995188433,-0.097809256,0.005773339
0.00095,0.00045,0.00015,952.4575166,-0.999359506,0.028650109,-0.021441747
0.00095,0.00045,0.0002,958.6271747,-0.957859951,0.287213176,0.003592359
0.00095,0.00045,0.00025,953.9877761,-0.977121305,0.199791943,-0.072918683
0.00095,0.00045,0.0003,926.6663985,-0.984494497,-0.048678851,-0.168525826
0.00095,0.00045,0.00035,872.455199,-0.950318216,-0.302206385,-0.074609583
0.00095,0.00045,0.0004,885.3379039,-0.977105814,0.207423463,-0.04732585
0.00095,0.00045,0.00045,847.4055474,-0.908368788,0.315692599,-0.274234075
0.00095,0.00045,0.0005,751.1489765,-0.865283408,-0.104255081,-0.490321834
0.00095,0.00045,0.00055,664.7533934,-0.871167106,-0.401994174,0.281901681
0.00095,0.00045,0.0006,851.6939074,-0.898320074,-0.141618898,0.41589077
0.00095,0.00045,0.00065,908.662701,-0.981378777,0.158529417,0.108462528
0.00095,0.00045,0.0007,924.5861244,-0.967337457,0.252932242,-0.016838178
0.00095,0.00045,0.00075,897.9981585,-0.97425176,0.018956245,-0.224664571
0.00095,0.00045,0.0008,791.1321498,-0.917457353,-0.091997826,-0.387050907
0.00095,0.00045,0.00085,707.8262776,-0.93600095,-0.264805129,-0.231906158
0.00095,0.00045,0.0009,704.3035461,-0.863551218,-0.310894667,-0.397018639
0.00095,0.00045,0.00095,565.6123677,-0.548098416,-0.256553993,0.796095581
0.00095,0.0005,5.00E-05,858.9029498,-0.696749769,0.068263183,0.714058749
0.00095,0.0005,0.0001,894.2933163,-0.984011105,0.157379976,0.083388783
0.00095,0.0005,0.00015,910.1426745,-0.883806891,0.327607023,0.334004518
0.00095,0.0005,0.0002,1078.933893,-0.91561121,0.360273602,0.178491021
0.00095,0.0005,0.00025,1011.389558,-0.893627649,0.327350635,-0.307036133
0.00095,0.0005,0.0003,878.4436442,-0.877047696,-0.205815734,-0.434082047
0.00095,0.0005,0.00035,746.6253587,-0.802685524,-0.520929828,0.290392948
0.00095,0.0005,0.0004,1001.475411,-0.918609111,0.121966202,0.375874375
0.00095,0.0005,0.00045,1020.065044,-0.933987343,0.114146548,-0.338582647
0.00095,0.0005,0.0005,739.6840305,-0.763079764,0.021331663,-0.645952191
0.00095,0.0005,0.00055,588.7396144,-0.875776568,0.459367215,0.14831441
0.00095,0.0005,0.0006,791.2826004,-0.850344708,-0.017524369,0.525934193
0.00095,0.0005,0.00065,899.7529784,-0.968362388,-0.109737291,0.224124994
0.00095,0.0005,0.0007,933.7958486,-0.939703931,-0.313567111,-0.136499775
0.00095,0.0005,0.00075,828.5152532,-0.890488385,-0.325929964,-0.317490307
0.00095,0.0005,0.0008,727.7088046,-0.901456469,-0.277075392,-0.332573994
0.00095,0.0005,0.00085,626.8105129,-0.826494014,-0.320518464,-0.462791053
0.00095,0.0005,0.0009,514.6686096,-0.748925595,-0.537949137,-0.386938211
0.00095,0.0005,0.00095,488.4511722,-0.426021886,-0.255108356,0.868000622
0.00095,0.00055,5.00E-05,989.0421043,-0.700699211,0.254401309,0.666558767
0.00095,0.00055,0.0001,1063.144771,-0.917219163,0.356264066,0.178283265
0.00095,0.00055,0.00015,1133.561503,-0.907385183,0.4011914,0.125290022
0.00095,0.00055,0.0002,1162.98804,-0.996704687,0.06600343,0.047152035
0.00095,0.00055,0.00025,1167.743107,-0.889879416,0.05094674,-0.453342094
0.00095,0.00055,0.0003,801.1310566,-0.626926879,0.076856114,-0.775277902
0.00095,0.00055,0.00035,651.7510886,-0.559324038,0.633688333,0.534411562
0.00095,0.00055,0.0004,974.0654209,-0.847734988,-0.1994397,0.491496893
0.00095,0.00055,0.00045,935.6634145,-0.938509944,-0.23877887,-0.249366671
0.00095,0.00055,0.0005,765.3928923,-0.985376046,0.043720439,-0.164689319
0.00095,0.00055,0.00055,824.5672064,-0.930626697,0.33302207,0.151757213
0.00095,0.00055,0.0006,841.3307994,-0.994817145,-0.09832275,0.025913036
0.00095,0.00055,0.00065,838.8845945,-0.936822018,-0.323165424,-0.133897778
0.00095,0.00055,0.0007,760.9389122,-0.801131159,-0.530145918,-0.277730394
0.00095,0.00055,0.00075,686.4328245,-0.726229533,-0.592510198,-0.348600532
0.00095,0.00055,0.0008,623.0870801,-0.846606157,-0.39997152,-0.351113654
0.00095,0.00055,0.00085,560.279527,-0.937347728,-0.252536633,-0.240009344
0.00095,0.00055,0.0009,511.9465088,-0.946004755,-0.072620213,-0.315913451
0.00095,0.00055,0.00095,464.4407161,-0.059455413,-0.034511669,0.997634201
0.00095,0.0006,5.00E-05,1087.406576,-0.721544996,0.006547291,0.692336588
0.00095,0.0006,0.0001,1183.086931,-0.977741599,0.060683104,0.200845529
0.00095,0.0006,0.00015,1229.850983,-0.99409462,-0.058200524,-0.091589227
0.00095,0.0006,0.0002,1126.781311,-0.894042636,-0.257339438,-0.366693577
0.00095,0.0006,0.00025,1052.05517,-0.909443815,-0.301063674,-0.286832027
0.00095,0.0006,0.0003,929.5958067,-0.952677074,0.22174958,-0.207926711
0.00095,0.0006,0.00035,951.6854598,-0.883640921,0.45525796,-0.109173773
0.00095,0.0006,0.0004,886.2694149,-0.876208216,-0.400342262,-0.268300642
0.00095,0.0006,0.00045,820.2524939,-0.93416982,-0.317834953,-0.162196454
0.00095,0.0006,0.0005,769.1769871,-0.986159727,-0.137002836,-0.093376738
0.00095,0.0006,0.00055,755.3807803,-0.966828405,-0.251013501,-0.047276397
0.00095,0.0006,0.0006,736.9576269,-0.93619035,-0.341915954,-0.081492996
0.00095,0.0006,0.00065,705.7252756,-0.843357325,-0.504417184,-0.185234248
0.00095,0.0006,0.0007,642.7881468,-0.762282808,-0.578694891,-0.289891607
0.00095,0.0006,0.00075,594.2109167,-0.658240719,-0.718060019,-0.226072922
0.00095,0.0006,0.0008,584.0011317,-0.882998324,-0.366461282,-0.293291814
0.00095,0.0006,0.00085,509.8689588,-0.922254732,-0.194067599,-0.334341108
0.00095,0.0006,0.0009,492.6377816,-0.891827959,-0.35258022,-0.283425616
0.00095,0.0006,0.00095,471.9467606,0.241404046,-0.012777516,0.97034057
0.00095,0.00065,5.00E-05,995.7672174,-0.750327421,-0.249025256,0.612368502
0.00095,0.00065,0.0001,1106.182666,-0.92337797,-0.361250063,0.129890404
0.00095,0.00065,0.00015,1097.782005,-0.733523176,-0.668722874,-0.121463856
0.00095,0.00065,0.0002,1038.213903,-0.886817547,-0.424121938,-0.183508093
0.00095,0.00065,0.00025,960.7739167,-0.851849852,-0.485046196,-0.197691722
0.00095,0.00065,0.0003,908.1732973,-0.805350701,-0.537458141,-0.25009797
0.00095,0.00065,0.00035,832.4234624,-0.85814926,-0.469218816,-0.208359184
0.00095,0.00065,0.0004,777.9489658,-0.901500102,-0.386764061,-0.194193529
0.00095,0.00065,0.00045,706.2128594,-0.923874996,-0.34412999,-0.167420252
0.00095,0.00065,0.0005,670.2127761,-0.944769801,-0.31669422,-0.084349244
0.00095,0.00065,0.00055,653.4988754,-0.934788234,-0.349248154,-0.06478182
0.00095,0.00065,0.0006,632.9937633,-0.92920862,-0.347026485,-0.127058884
0.00095,0.00065,0.00065,582.4487336,-0.900548905,-0.385155055,-0.201661235
0.00095,0.00065,0.0007,538.3288465,-0.730663491,-0.605085526,-0.316231512
0.00095,0.00065,0.00075,499.7116335,-0.33406146,-0.929949571,-0.153612291
0.00095,0.00065,0.0008,517.7037704,-0.535366751,-0.842743975,0.05625864
0.00095,0.00065,0.00085,507.247861,0.540502774,-0.574090694,-0.615041971
0.00095,0.00065,0.0009,464.771461,0.898300095,-0.292333591,-0.328021358
0.00095,0.00065,0.00095,456.6087568,0.270398402,-0.035403346,0.962097348
0.00095,0.0007,5.00E-05,823.2514011,-0.740893925,-0.47884353,0.470940618
0.00095,0.0007,0.0001,899.3642894,-0.861111926,-0.507416665,0.031852461
0.00095,0.0007,0.00015,855.6469361,-0.845580395,-0.524906064,-0.097300666
0.00095,0.0007,0.0002,810.1296844,-0.781021755,-0.595834473,-0.187046248
0.00095,0.0007,0.00025,732.9942582,-0.600575215,-0.715871221,-0.356142957
0.00095,0.0007,0.0003,653.7719096,-0.474258704,-0.859599504,-0.19017722
0.00095,0.0007,0.00035,658.4240562,-0.764412629,-0.6432177,-0.044094473
0.00095,0.0007,0.0004,634.9030292,-0.828517348,-0.543169797,-0.13610869
0.00095,0.0007,0.00045,598.8022597,-0.880965612,-0.453251181,-0.135878463
0.00095,0.0007,0.0005,571.2592201,-0.870825658,-0.48072875,-0.102774234
0.00095,0.0007,0.00055,554.7277022,-0.875020647,-0.477415224,-0.080084772
0.00095,0.0007,0.0006,542.9036565,-0.911149444,-0.402879034,-0.086574677
0.00095,0.0007,0.00065,524.9236893,-0.942556437,-0.274018817,-0.19105248
0.00095,0.0007,0.0007,484.4768467,-0.923183913,-0.302505589,-0.237111431
0.00095,0.0007,0.00075,469.3492894,-0.336258624,-0.911914031,-0.235250798
0.00095,0.0007,0.0008,471.109844,-0.164359151,-0.980031425,-0.111912805
0.00095,0.0007,0.00085,460.461036,0.534737873,-0.763557559,-0.36198793
0.00095,0.0007,0.0009,447.5080642,0.99712636,0.041374365,-0.063460102
0.00095,0.0007,0.00095,452.4071302,0.224367075,0.07271245,0.971788205
0.00095,0.00075,5.00E-05,541.3096153,-0.838514363,-0.511772967,0.187035005
0.00095,0.00075,0.0001,590.1147191,-0.860428111,-0.496796724,0.113386422
0.00095,0.00075,0.00015,616.3897668,-0.940082443,-0.331626699,0.079175323
0.00095,0.00075,0.0002,647.5046818,-0.889328958,-0.45281567,0.063655118
0.00095,0.00075,0.00025,646.4843061,-0.758157328,-0.591011028,-0.275505772
0.00095,0.00075,0.0003,571.1165845,-0.65816002,-0.583796593,-0.475401857
0.00095,0.00075,0.00035,557.1781329,-0.596982971,-0.783116291,-0.174184405
0.00095,0.00075,0.0004,540.0158918,-0.538075055,-0.779304408,-0.321185111
0.00095,0.00075,0.00045,493.9155533,-0.552851178,-0.757148057,-0.347968956
0.00095,0.00075,0.0005,464.0530589,-0.671989984,-0.738699113,-0.052469815
0.00095,0.00075,0.00055,484.4607756,-0.650698105,-0.729780515,0.209791269
0.00095,0.00075,0.0006,494.2994896,-0.799247603,-0.594666573,0.08703411
0.00095,0.00075,0.00065,498.649532,-0.896399692,-0.413573769,-0.159450084
0.00095,0.00075,0.0007,467.4273025,-0.890683847,-0.268485832,-0.366875514
0.00095,0.00075,0.00075,447.8964754,-0.8565463,-0.39431035,-0.332938108
0.00095,0.00075,0.0008,439.8684624,0.146109881,-0.91760745,0.369659939
0.00095,0.00075,0.00085,457.4635564,0.630438016,-0.237851353,0.738900969
0.00095,0.00075,0.0009,470.0224017,0.836549601,0.276496986,0.473005478
0.00095,0.00075,0.00095,484.7231324,0.406056377,0.407564912,0.817929741
0.00095,0.0008,5.00E-05,534.8745538,-0.976406008,0.133412529,0.169801072
0.00095,0.0008,0.0001,570.4045013,-0.97808058,-0.083697201,0.190665039
0.00095,0.0008,0.00015,615.2684541,-0.962276685,-0.266570696,0.054439366
0.00095,0.0008,0.0002,596.0498199,-0.833904262,-0.527737195,-0.16154608
0.00095,0.0008,0.00025,569.1276082,-0.704693919,-0.669356055,-0.235306082
0.00095,0.0008,0.0003,544.1033441,-0.47110935,-0.77114255,-0.428246598
0.00095,0.0008,0.00035,518.5983403,-0.389939547,-0.785394386,-0.480731535
0.00095,0.0008,0.0004,481.4064771,-0.349274871,-0.562523484,-0.749382676
0.00095,0.0008,0.00045,433.5142065,-0.457626329,-0.36628437,-0.810193745
0.00095,0.0008,0.0005,438.1496228,-0.486112464,-0.553414552,0.676333502
0.00095,0.0008,0.00055,449.5123811,0.169923055,-0.974798441,0.144548108
0.00095,0.0008,0.0006,445.9579978,-0.181038912,-0.971347657,0.153976108
0.00095,0.0008,0.00065,455.2239348,-0.178599563,-0.983658534,0.022761465
0.00095,0.0008,0.0007,447.3348841,-0.167437658,-0.746954956,-0.643446131
0.00095,0.0008,0.00075,436.7103826,0.747311552,0.664472205,0.001460308
0.00095,0.0008,0.0008,447.3614637,0.028816737,0.893606461,0.447925315
0.00095,0.0008,0.00085,450.7545184,0.478619039,0.72035621,0.502006719
0.00095,0.0008,0.0009,463.4427435,0.56960822,0.475267996,0.670572001
0.00095,0.0008,0.00095,487.9287227,0.481103133,0.131657115,0.866721512
0.00095,0.00085,5.00E-05,606.1107505,-0.92414226,0.357988781,0.133435811
0.00095,0.00085,0.0001,554.8238004,-0.934109812,-0.094293388,-0.344307443
0.00095,0.00085,0.00015,490.8135344,-0.852230746,-0.477982276,-0.212686858
0.00095,0.00085,0.0002,496.7722061,-0.82943279,-0.557440844,0.03606872
0.00095,0.00085,0.00025,498.7163952,-0.658784616,-0.744446639,-0.10863715
0.00095,0.00085,0.0003,480.1286614,-0.196819257,-0.889002735,-0.413444455
0.00095,0.00085,0.00035,454.7472254,-0.072437823,-0.995999765,-0.052318549
0.00095,0.00085,0.0004,476.1475574,-0.146036677,-0.895464025,0.420496693
0.00095,0.00085,0.00045,474.3593549,-0.873766722,-0.015171702,-0.486108563
0.00095,0.00085,0.0005,450.9624422,-0.369683177,-0.195358438,-0.908388369
0.00095,0.00085,0.00055,431.8029311,0.921320641,-0.137361323,0.363730867
0.00095,0.00085,0.0006,458.2685471,0.857831549,0.435200404,0.273359911
0.00095,0.00085,0.00065,439.1460697,0.90843374,-0.200089947,-0.367031543
0.00095,0.00085,0.0007,445.9355429,0.670420573,0.598936754,0.437962351
0.00095,0.00085,0.00075,459.990779,0.442444358,0.68839709,0.57476294
0.00095,0.00085,0.0008,467.8863709,0.60606516,0.636084576,0.47757872
0.00095,0.00085,0.00085,480.5394423,0.752006477,0.50720311,0.420988436
0.00095,0.00085,0.0009,496.369624,0.890746929,0.415464771,0.184279495
0.00095,0.00085,0.00095,495.5737989,0.743570579,0.130620204,0.655775233
0.00095,0.0009,5.00E-05,693.8336487,-0.95806002,-0.277470513,0.07163179
0.00095,0.0009,0.0001,538.828753,-0.778999883,-0.170708308,-0.603338923
0.00095,0.0009,0.00015,484.8060768,-0.841683,-0.390354714,-0.373085679
0.00095,0.0009,0.0002,473.9113731,-0.593415394,-0.639965174,-0.488162623
0.00095,0.0009,0.00025,455.0760985,-0.679371705,-0.406191395,-0.611115895
0.00095,0.0009,0.0003,449.5592965,0.70919292,-0.511281764,-0.485423896
0.00095,0.0009,0.00035,442.8091855,0.944254783,-0.110023757,-0.310286445
0.00095,0.0009,0.0004,439.6416863,0.512094955,-0.831781098,-0.214240433
0.00095,0.0009,0.00045,432.7281659,-0.397817091,-0.892585192,-0.21221036
0.00095,0.0009,0.0005,428.9974179,-0.790052067,-0.382766016,0.478861053
0.00095,0.0009,0.00055,446.7532635,0.327104815,0.588267914,0.739556151
0.00095,0.0009,0.0006,457.6485814,0.992844608,0.066022643,0.099501731
0.00095,0.0009,0.00065,448.5005068,0.584601728,0.593596856,0.553067438
0.00095,0.0009,0.0007,475.8411301,0.866735321,0.401202095,0.29632206
0.00095,0.0009,0.00075,463.0010236,0.999243099,0.034648657,-0.017683288
0.00095,0.0009,0.0008,474.7301199,0.951566629,0.146179949,0.270466954
0.00095,0.0009,0.00085,485.0708875,0.966060759,0.071948572,0.24809275
0.00095,0.0009,0.0009,497.3382429,0.97250115,-0.094957741,0.212660623
0.00095,0.0009,0.00095,509.7874444,0.554865876,-0.015632401,0.831792935
0.00095,0.00095,5.00E-05,493.6173055,-0.935586898,0.352669081,0.017368783
0.00095,0.00095,0.0001,495.6816803,-0.728115189,0.656117362,-0.198389209
0.00095,0.00095,0.00015,422.8913207,-0.419697953,0.899099517,-0.124393273
0.00095,0.00095,0.0002,457.7971805,0.097422715,0.974806544,0.20065148
0.00095,0.00095,0.00025,482.5302609,0.091727021,0.995338161,0.029800979
0.00095,0.00095,0.0003,467.2083067,0.110319504,0.988943742,-0.099095316
0.00095,0.00095,0.00035,451.2305628,0.134349594,0.986313373,-0.095583033
0.00095,0.00095,0.0004,437.0083462,0.108776892,0.991610278,-0.06983298
0.00095,0.00095,0.00045,429.5881367,0.179662807,0.983688748,0.008816024
0.00095,0.00095,0.0005,439.7518192,0.045969857,0.995253476,0.085774651
0.00095,0.00095,0.00055,454.5930332,-0.048608535,0.996208379,0.07215314
0.00095,0.00095,0.0006,459.4279,-0.01986738,0.999677832,0.015796153
0.00095,0.00095,0.00065,458.6717893,0.082619798,0.996290423,0.024069948
0.00095,0.00095,0.0007,465.5683631,0.323956533,0.945949904,0.015196838
0.00095,0.00095,0.00075,462.1676938,0.35311724,0.934129834,0.052054481
0.00095,0.00095,0.0008,479.8145253,0.436778729,0.894447361,0.095855408
0.00095,0.00095,0.00085,487.0959506,0.449932743,0.892688821,0.025830133
0.00095,0.00095,0.0009,485.3331266,0.634173399,0.772707035,0.027348456
0.00095,0.00095,0.00095,491.8809388,0.843903055,0.534229512,0.049259132