X,Y,Z,Trace,GradX,GradY,GradZ
4.30E-06,5.10E-06,1.20E-06,844.3858007,-0.394739867,0.074633987,0.91575663
4.30E-06,5.10E-06,2.64E-05,789.0780709,-0.987732009,0.152721312,-0.032583405
4.30E-06,5.10E-06,5.15E-05,750.9285949,-0.988092061,0.153230007,-0.013951463
4.30E-06,5.10E-06,7.67E-05,746.5997919,-0.979377828,0.202036929,0.000387871
4.30E-06,5.10E-06,0.000101895,752.1243806,-0.962579385,0.270934112,-0.00596949
4.30E-06,5.10E-06,0.000127068,728.4695117,-0.951833374,0.304768149,-0.033609563
4.30E-06,5.10E-06,0.000152242,653.0873354,-0.95631457,0.28280573,-0.074049728
4.30E-06,5.10E-06,0.000177416,519.2906023,-0.966060814,0.228967155,-0.119584891
4.30E-06,5.10E-06,0.000202589,327.7580597,-0.972833542,0.163191313,-0.16420565
4.30E-06,5.10E-06,0.000227763,81.44246551,-0.974702363,0.091614599,-0.203867775
4.30E-06,5.10E-06,0.000252937,-217.2070845,-0.971460981,0.015776601,-0.236674166
4.30E-06,5.10E-06,0.000278111,-568.0879998,-0.962793566,-0.063828631,-0.262591804
4.30E-06,5.10E-06,0.000303284,-974.7756044,-0.947855429,-0.147422434,-0.282553909
4.30E-06,5.10E-06,0.000328458,-1445.398052,-0.925262543,-0.235677011,-0.297229832
4.30E-06,5.10E-06,0.000353632,-1992.629615,-0.89348291,-0.32900968,-0.305681075
4.30E-06,5.10E-06,0.000378805,-2630.669202,-0.851954276,-0.426790454,-0.303354281
4.30E-06,5.10E-06,0.000403979,-3361.89238,-0.80183738,-0.527548111,-0.280623961
4.30E-06,5.10E-06,0.000429153,-4141.074559,-0.852114887,-0.456502274,-0.25594119
4.30E-06,5.10E-06,0.000454326,-4814.557874,-0.866259903,-0.472928596,-0.161035163
4.30E-06,5.10E-06,0.0004795,-5122.617216,-0.643049396,-0.370475039,0.67025049
4.30E-06,3.07E-05,1.20E-06,738.383235,-0.44966643,-0.031741932,0.892632372
4.30E-06,3.07E-05,2.64E-05,635.8231035,-0.994782481,-0.08658346,-0.053954796
4.30E-06,3.07E-05,5.15E-05,565.9866446,-0.99529513,-0.095526256,-0.016196842
4.30E-06,3.07E-05,7.67E-05,578.5887339,-0.995993376,-0.087943238,0.016222893
4.30E-06,3.07E-05,0.000101895,622.9166301,-0.997209527,-0.073269847,0.01430692
4.30E-06,3.07E-05,0.000127068,626.2130915,-0.997754515,-0.064129054,-0.019323379
4.30E-06,3.07E-05,0.000152242,561.5425484,-0.995921738,-0.0624078,-0.06515488
4.30E-06,3.07E-05,0.000177416,426.769398,-0.991430949,-0.066077858,-0.112687133
4.30E-06,3.07E-05,0.000202589,225.8926656,-0.984744808,-0.073387151,-0.157771953
4.30E-06,3.07E-05,0.000227763,-36.93932686,-0.976643308,-0.08328055,-0.198071198
4.30E-06,3.07E-05,0.000252937,-359.766256,-0.967857457,-0.095326911,-0.232733156
4.30E-06,3.07E-05,0.000278111,-744.6985398,-0.958597571,-0.109753336,-0.262763968
4.30E-06,3.07E-05,0.000303284,-1200.095788,-0.948298337,-0.127607885,-0.290596786
4.30E-06,3.07E-05,0.000328458,-1743.564899,-0.935582094,-0.151152472,-0.319122353
4.30E-06,3.07E-05,0.000353632,-2406.404404,-0.918265512,-0.184661428,-0.350269334
4.30E-06,3.07E-05,0.000378805,-3239.094022,-0.893542649,-0.235953397,-0.381978441
4.30E-06,3.07E-05,0.000403979,-4310.653666,-0.978326435,-0.112379021,-0.173920507
4.30E-06,3.07E-05,0.000429153,-4162.762681,-0.998245933,-0.041486389,-0.042236666
4.30E-06,3.07E-05,0.000454326,-4519.084531,-0.990021864,0.070107783,-0.122235871
4.30E-06,3.07E-05,0.0004795,-4782.124109,-0.691250692,0.072319256,0.718987069
4.30E-06,5.63E-05,1.20E-06,648.4613322,-0.480536188,-0.022322571,0.876690752
4.30E-06,5.63E-05,2.64E-05,507.7411429,-0.996506916,-0.045431737,-0.070070853
4.30E-06,5.63E-05,5.15E-05,407.6533323,-0.998842319,-0.044392472,-0.018529167
4.30E-06,5.63E-05,7.67E-05,432.759712,-0.99858762,-0.047154285,0.024479334
4.30E-06,5.63E-05,0.000101895,504.0959587,-0.998445011,-0.050325749,0.023976646
4.30E-06,5.63E-05,0.000127068,521.336202,-0.998463142,-0.053939406,-0.012723807
4.30E-06,5.63E-05,0.000152242,458.8174816,-0.996526419,-0.059128009,-0.058642777
4.30E-06,5.63E-05,0.000177416,319.1379672,-0.992281522,-0.065992753,-0.10498732
4.30E-06,5.63E-05,0.000202589,108.412584,-0.98593608,-0.074038307,-0.149827822
4.30E-06,5.63E-05,0.000227763,-168.9724579,-0.978070098,-0.082608667,-0.191192814
4.30E-06,5.63E-05,0.000252937,-512.0128529,-0.969408438,-0.091353352,-0.227819767
4.30E-06,5.63E-05,0.000278111,-925.0275977,-0.960188955,-0.100437484,-0.260671217
4.30E-06,5.63E-05,0.000303284,-1420.829438,-0.949670571,-0.110622039,-0.293067519
4.30E-06,5.63E-05,0.000328458,-2026.442885,-0.935837539,-0.123537804,-0.330070465
4.30E-06,5.63E-05,0.000353632,-2794.422379,-0.914892806,-0.142433656,-0.377735101
4.30E-06,5.63E-05,0.000378805,-3826.870759,-0.956466331,-0.1889615,-0.222408878
4.30E-06,5.63E-05,0.000403979,-3968.829702,-0.996237085,0.017389246,-0.084907503
4.30E-06,5.63E-05,0.000429153,-4349.270004,-0.994509036,-0.045982694,-0.094007283
4.30E-06,5.63E-05,0.000454326,-4453.310331,-0.998780618,0.014081453,-0.047317963
4.30E-06,5.63E-05,0.0004795,-4584.839657,-0.692815733,0.03980349,0.720015307
4.30E-06,8.19E-05,1.20E-06,606.5184283,-0.471651424,-0.008647686,0.881742679
4.30E-06,8.19E-05,2.64E-05,477.0466732,-0.99765227,-0.000296459,-0.068482558
4.30E-06,8.19E-05,5.15E-05,383.3027121,-0.999712129,0.007062286,-0.022929978
4.30E-06,8.19E-05,7.67E-05,389.6661946,-0.999900141,-0.005904012,0.01283943
4.30E-06,8.19E-05,0.000101895,433.8506198,-0.999594993,-0.026441097,0.010522263
4.30E-06,8.19E-05,0.000127068,431.0156728,-0.998922211,-0.041770356,-0.020239897
4.30E-06,8.19E-05,0.000152242,354.2186945,-0.996851299,-0.052844783,-0.059117815
4.30E-06,8.19E-05,0.000177416,202.7824298,-0.992934399,-0.06267277,-0.100764096
4.30E-06,8.19E-05,0.000202589,-19.39475718,-0.987010151,-0.071850326,-0.143695836
4.30E-06,8.19E-05,0.000227763,-309.5462174,-0.979531725,-0.079688334,-0.184844177
4.30E-06,8.19E-05,0.000252937,-668.0706665,-0.971347761,-0.085608913,-0.221708459
4.30E-06,8.19E-05,0.000278111,-1100.798706,-0.962861561,-0.089501107,-0.254729593
4.30E-06,8.19E-05,0.000303284,-1622.87951,-0.953319557,-0.091530646,-0.287756779
4.30E-06,8.19E-05,0.000328458,-2266.375578,-0.940275895,-0.091994471,-0.327747247
4.30E-06,8.19E-05,0.000353632,-3096.793924,-0.918538046,-0.091359552,-0.38463137
4.30E-06,8.19E-05,0.000378805,-4253.783473,-0.97557733,-0.100929455,-0.195095153
4.30E-06,8.19E-05,0.000403979,-4201.853288,-0.998050589,-0.055721266,-0.028109831
4.30E-06,8.19E-05,0.000429153,-4403.75462,-0.998883938,0.00341539,-0.047108533
4.30E-06,8.19E-05,0.000454326,-4447.793653,-0.999804305,0.006752096,-0.018594651
4.30E-06,8.19E-05,0.0004795,-4495.314547,-0.689295384,0.018407597,0.724246529
4.30E-06,0.0001075,1.20E-06,598.8690721,-0.432916249,-0.002737452,0.90142999
4.30E-06,0.0001075,2.64E-05,506.7584833,-0.998222845,0.016676469,-0.057210544
4.30E-06,0.0001075,5.15E-05,435.0217252,-0.999280918,0.024070662,-0.02929591
4.30E-06,0.0001075,7.67E-05,409.1224102,-0.999928491,0.006763715,-0.009862263
4.30E-06,0.0001075,0.000101895,398.4303793,-0.999751519,-0.017636684,-0.013632578
4.30E-06,0.0001075,0.000127068,354.2116375,-0.998778492,-0.035199961,-0.034676904
4.30E-06,0.0001075,0.000152242,251.3472309,-0.996791104,-0.047707067,-0.064276991
4.30E-06,0.0001075,0.000177416,82.82434218,-0.993196344,-0.058803362,-0.10051461
4.30E-06,0.0001075,0.000202589,-152.0986081,-0.987619024,-0.06866478,-0.141045421
4.30E-06,0.0001075,0.000227763,-453.3595829,-0.980576698,-0.075882822,-0.180862202
4.30E-06,0.0001075,0.000252937,-822.7155311,-0.973191321,-0.079430015,-0.215846068
4.30E-06,0.0001075,0.000278111,-1266.188006,-0.966183827,-0.078857982,-0.245499961
4.30E-06,0.0001075,0.000303284,-1797.858709,-0.95905851,-0.073720936,-0.273444687
4.30E-06,0.0001075,0.000328458,-2447.15801,-0.949418172,-0.063004499,-0.307628946
4.30E-06,0.0001075,0.000353632,-3274.475675,-0.931940875,-0.043955342,-0.359936291
4.30E-06,0.0001075,0.000378805,-4408.237581,-0.985519393,-0.011559741,-0.169168254
4.30E-06,0.0001075,0.000403979,-4271.147442,-0.999065448,-0.040895533,0.013992351
4.30E-06,0.0001075,0.000429153,-4331.137251,-0.99894121,-0.036536248,-0.027956421
4.30E-06,0.0001075,0.000454326,-4419.500018,-0.999693701,-0.000720773,-0.02473831
4.30E-06,0.0001075,0.0004795,-4454.202739,-0.692553648,0.007576059,0.721326589
4.30E-06,0.0001331,1.20E-06,591.1979089,-0.379830758,-0.005768475,0.92503801
4.30E-06,0.0001331,2.64E-05,525.6158371,-0.998671928,0.002740999,-0.051447719
4.30E-06,0.0001331,5.15E-05,464.8828681,-0.999260569,0.006547624,-0.037887262
4.30E-06,0.0001331,7.67E-05,415.1861712,-0.999525297,-0.005748002,-0.030267809
4.30E-06,0.0001331,0.000101895,361.6086335,-0.999144884,-0.022481182,-0.034700107
4.30E-06,0.0001331,0.000127068,279.1855405,-0.998145219,-0.035485788,-0.049465955
4.30E-06,0.0001331,0.000152242,149.3810021,-0.996256742,-0.046176366,-0.073076992
4.30E-06,0.0001331,0.000177416,-37.23976053,-0.992773731,-0.05676952,-0.105723886
4.30E-06,0.0001331,0.000202589,-284.8443217,-0.987354882,-0.066220523,-0.144031868
4.30E-06,0.0001331,0.000227763,-595.6761897,-0.980755374,-0.072359492,-0.181336706
4.30E-06,0.0001331,0.000252937,-972.252007,-0.974436801,-0.073842579,-0.212179627
4.30E-06,0.0001331,0.000278111,-1419.332712,-0.969516407,-0.069985847,-0.234818904
4.30E-06,0.0001331,0.000303284,-1946.662031,-0.966116592,-0.059866555,-0.251067176
4.30E-06,0.0001331,0.000328458,-2573.918264,-0.962403111,-0.042136923,-0.268336973
4.30E-06,0.0001331,0.000353632,-3340.336239,-0.952435708,-0.012959882,-0.304463895
4.30E-06,0.0001331,0.000378805,-4323.042214,-0.982691168,0.043122854,-0.18016239
4.30E-06,0.0001331,0.000403979,-4431.011073,-0.98932078,-0.137546497,-0.048221929
4.30E-06,0.0001331,0.000429153,-4600.919996,-0.997520229,-0.070281607,-0.003726771
4.30E-06,0.0001331,0.000454326,-4451.440001,-0.999158919,-0.026231668,0.031517512
4.30E-06,0.0001331,0.0004795,-4441.714253,-0.694710574,-0.003964568,0.719278458
4.30E-06,0.0001587,1.20E-06,567.3685562,-0.314040213,-0.011897004,0.949335139
4.30E-06,0.0001587,2.64E-05,513.6021844,-0.998151744,-0.023665627,-0.055973505
4.30E-06,0.0001587,5.15E-05,454.4292185,-0.998511729,-0.019869549,-0.05078906
4.30E-06,0.0001587,7.67E-05,389.1780042,-0.998466509,-0.025183612,-0.049299255
4.30E-06,0.0001587,0.000101895,308.8274033,-0.997952265,-0.033520898,-0.05447592
4.30E-06,0.0001587,0.000127068,199.3858966,-0.99689603,-0.041257933,-0.06705287
4.30E-06,0.0001587,0.000152242,48.01628764,-0.99486523,-0.049160423,-0.088467096
4.30E-06,0.0001587,0.000177416,-154.2859674,-0.991188395,-0.057778512,-0.119194
4.30E-06,0.0001587,0.000202589,-413.195044,-0.985762751,-0.065310948,-0.154939598
4.30E-06,0.0001587,0.000227763,-732.3037951,-0.979671847,-0.069491389,-0.188186131
4.30E-06,0.0001587,0.000252937,-1114.218176,-0.974629636,-0.069098156,-0.212890858
4.30E-06,0.0001587,0.000278111,-1561.521086,-0.97200298,-0.063445215,-0.226240828
4.30E-06,0.0001587,0.000303284,-2077.830088,-0.972866274,-0.050955098,-0.225687373
4.30E-06,0.0001587,0.000328458,-2669.712697,-0.979068457,-0.029094271,-0.20144101
4.30E-06,0.0001587,0.000353632,-3350.190168,-0.974640155,-0.003439722,-0.223751508
4.30E-06,0.0001587,0.000378805,-4142.757564,-0.960670517,0.050956224,-0.272975493
4.30E-06,0.0001587,0.000403979,-5077.178845,-0.995409721,-0.03115962,-0.090490689
4.30E-06,0.0001587,0.000429153,-4722.922238,-0.994828611,-0.037850437,0.094251679
4.30E-06,0.0001587,0.000454326,-4554.249122,-0.996017027,-0.074897,0.04837893
4.30E-06,0.0001587,0.0004795,-4482.467792,-0.690689732,-0.054283346,0.721110957
4.30E-06,0.0001843,1.20E-06,527.5271884,-0.223832616,-0.016270959,0.974491773
4.30E-06,0.0001843,2.64E-05,477.0563675,-0.995706636,-0.056331581,-0.073450995
4.30E-06,0.0001843,5.15E-05,415.3816597,-0.996193113,-0.048482421,-0.072448167
4.30E-06,0.0001843,7.67E-05,339.5485897,-0.996154836,-0.046985849,-0.073945072
4.30E-06,0.0001843,0.000101895,242.8452936,-0.995588026,-0.04864097,-0.080240509
4.30E-06,0.0001843,0.000127068,115.9895879,-0.99431033,-0.051740686,-0.093112127
4.30E-06,0.0001843,0.000152242,-50.4797583,-0.99184919,-0.056205166,-0.114351058
4.30E-06,0.0001843,0.000177416,-264.5950755,-0.987743976,-0.06136983,-0.14351161
4.30E-06,0.0001843,0.000202589,-532.6196068,-0.982307796,-0.065357718,-0.17549861
4.30E-06,0.0001843,0.000227763,-858.9265125,-0.976966975,-0.066524171,-0.202756169
4.30E-06,0.0001843,0.000252937,-1245.949603,-0.973410266,-0.064322673,-0.21985233
4.30E-06,0.0001843,0.000278111,-1694.136831,-0.972733041,-0.058508023,-0.224426475
4.30E-06,0.0001843,0.000303284,-2201.103812,-0.97576511,-0.047606519,-0.213579189
4.30E-06,0.0001843,0.000328458,-2760.798255,-0.98455606,-0.028005593,-0.17281508
4.30E-06,0.0001843,0.000353632,-3363.364787,-0.983568156,-0.008898721,-0.180317764
4.30E-06,0.0001843,0.000378805,-3995.206506,-0.978496885,0.032761805,-0.203643094
4.30E-06,0.0001843,0.000403979,-4634.168507,-0.985338347,0.108796271,-0.131421888
4.30E-06,0.0001843,0.000429153,-4814.479212,-0.999377949,-0.000660668,-0.035260151
4.30E-06,0.0001843,0.000454326,-4829.99951,-0.979566021,-0.200809625,-0.011220719
4.30E-06,0.0001843,0.0004795,-4833.785373,-0.681896852,-0.053635709,0.729479194
4.30E-06,0.0002099,1.20E-06,477.1924397,-0.137981577,-0.019326591,0.990246215
4.30E-06,0.0002099,2.64E-05,426.1381701,-0.987055616,-0.108135123,-0.118439887
4.30E-06,0.0002099,5.15E-05,360.8504465,-0.989269339,-0.088584263,-0.116185215
4.30E-06,0.0002099,7.67E-05,277.6890934,-0.990187447,-0.076950692,-0.116650803
4.30E-06,0.0002099,0.000101895,171.0132252,-0.98997249,-0.070529848,-0.12239285
4.30E-06,0.0002099,0.000127068,33.6302716,-0.98852283,-0.067459865,-0.135173153
4.30E-06,0.0002099,0.000152242,-142.2143729,-0.9855695,-0.066487843,-0.155666717
4.30E-06,0.0002099,0.000177416,-363.9549049,-0.981126202,-0.066104272,-0.181718467
4.30E-06,0.0002099,0.000202589,-638.2792842,-0.976124225,-0.064683288,-0.207358555
4.30E-06,0.0002099,0.000227763,-970.3104299,-0.972226959,-0.061582182,-0.225792771
4.30E-06,0.0002099,0.000252937,-1362.71569,-0.970631385,-0.05728691,-0.23365129
4.30E-06,0.0002099,0.000278111,-1814.746922,-0.971667148,-0.052145112,-0.230529477
4.30E-06,0.0002099,0.000303284,-2319.613929,-0.975098198,-0.045496913,-0.217056527
4.30E-06,0.0002099,0.000328458,-2861.252919,-0.979836411,-0.0358613,-0.1965568
4.30E-06,0.0002099,0.000353632,-3412.140135,-0.983700273,-0.020916662,-0.178595257
4.30E-06,0.0002099,0.000378805,-3934.850235,-0.987358583,0.006949691,-0.158350022
4.30E-06,0.0002099,0.000403979,-4387.466531,-0.990326786,0.054369819,-0.127658842
4.30E-06,0.0002099,0.000429153,-4726.653656,-0.99483701,0.05455816,-0.08557296
4.30E-06,0.0002099,0.000454326,-4905.609643,-0.998107083,0.055112622,-0.027291923
4.30E-06,0.0002099,0.0004795,-4883.056446,-0.720303578,0.055543482,0.691431615
4.30E-06,0.0002355,1.20E-06,422.153084,-0.044773809,-0.022716994,0.998738827
4.30E-06,0.0002355,2.64E-05,369.0377835,-0.911618083,-0.279301465,-0.301567841
4.30E-06,0.0002355,5.15E-05,300.2813757,-0.948463233,-0.191803905,-0.252247412
4.30E-06,0.0002355,7.67E-05,212.198471,-0.964451258,-0.141588466,-0.223128834
4.30E-06,0.0002355,0.000101895,99.82271632,-0.970877711,-0.112312969,-0.211618212
4.30E-06,0.0002355,0.000127068,-42.97786952,-0.97231017,-0.09407108,-0.213924206
4.30E-06,0.0002355,0.000152242,-223.1708139,-0.970755982,-0.081288882,-0.225887011
4.30E-06,0.0002355,0.000177416,-448.1060981,-0.967798818,-0.070727516,-0.241584491
4.30E-06,0.0002355,0.000202589,-724.9689256,-0.965338218,-0.060861692,-0.253806973
4.30E-06,0.0002355,0.000227763,-1059.8536,-0.964821845,-0.051905568,-0.257729742
4.30E-06,0.0002355,0.000252937,-1456.495795,-0.966426747,-0.044790143,-0.253008274
4.30E-06,0.0002355,0.000278111,-1914.250027,-0.969699921,-0.039756737,-0.241042456
4.30E-06,0.0002355,0.000303284,-2424.175261,-0.974287844,-0.036042254,-0.222405379
4.30E-06,0.0002355,0.000328458,-2963.502575,-0.979844728,-0.03187726,-0.197200783
4.30E-06,0.0002355,0.000353632,-3491.231372,-0.985913917,-0.024159427,-0.165499455
4.30E-06,0.0002355,0.000378805,-3951.676321,-0.991890493,-0.008294933,-0.126824458
4.30E-06,0.0002355,0.000403979,-4291.228977,-0.996406262,0.019664596,-0.082388503
4.30E-06,0.0002355,0.000429153,-4478.53584,-0.99763481,0.059268842,-0.034813653
4.30E-06,0.0002355,0.000454326,-4508.814988,-0.994597709,0.102832468,0.014173261
4.30E-06,0.0002355,0.0004795,-4394.056009,-0.743969929,0.103200168,0.660195782
4.30E-06,0.0002611,1.20E-06,367.017901,0.080553454,-0.0238025,0.996466047
4.30E-06,0.0002611,2.64E-05,311.3533995,0.855442303,-0.339761054,-0.390871966
4.30E-06,0.0002611,5.15E-05,239.5733362,0.51810141,-0.497875265,-0.695479079
4.30E-06,0.0002611,7.67E-05,148.332018,-0.405876418,-0.464279461,-0.787215927
4.30E-06,0.0002611,0.000101895,33.28896195,-0.79700697,-0.263184216,-0.543611956
4.30E-06,0.0002611,0.000127068,-110.8083075,-0.889485465,-0.164229705,-0.426431955
4.30E-06,0.0002611,0.000152242,-290.4749141,-0.92031396,-0.110522144,-0.375242683
4.30E-06,0.0002611,0.000177416,-513.3517966,-0.934812963,-0.075542978,-0.347012942
4.30E-06,0.0002611,0.000202589,-787.4576557,-0.944915677,-0.050975347,-0.323320084
4.30E-06,0.0002611,0.000227763,-1120.131494,-0.953647289,-0.034266266,-0.29896935
4.30E-06,0.0002611,0.000252937,-1516.531272,-0.961147197,-0.023892864,-0.275000357
4.30E-06,0.0002611,0.000278111,-1977.055659,-0.967672895,-0.018105978,-0.251557831
4.30E-06,0.0002611,0.000303284,-2492.5318,-0.974016704,-0.015148047,-0.225969017
4.30E-06,0.0002611,0.000328458,-3036.662293,-0.980830372,-0.013132767,-0.19442045
4.30E-06,0.0002611,0.000353632,-3558.835558,-0.987998563,-0.009552275,-0.154167418
4.30E-06,0.0002611,0.000378805,-3988.060048,-0.994388055,-0.001191772,-0.105787407
4.30E-06,0.0002611,0.000403979,-4259.585411,-0.998449546,0.014718625,-0.053683014
4.30E-06,0.0002611,0.000429153,-4349.948994,-0.999259398,0.038321976,-0.003475906
4.30E-06,0.0002611,0.000454326,-4282.295909,-0.996999528,0.065696367,0.040938116
4.30E-06,0.0002611,0.0004795,-4099.206317,-0.76737831,0.069787789,0.637385436
4.30E-06,0.0002867,1.20E-06,315.0142375,0.226535444,-0.022897122,0.973733749
4.30E-06,0.0002867,2.64E-05,256.3819783,0.984973657,-0.106240514,-0.136161113
4.30E-06,0.0002867,5.15E-05,181.6022782,0.973779769,-0.125925627,-0.189461601
4.30E-06,0.0002867,7.67E-05,88.47698829,0.941198552,-0.16358286,-0.295611118
4.30E-06,0.0002867,0.000101895,-27.7621096,0.820138132,-0.239089115,-0.519817121
4.30E-06,0.0002867,0.000127068,-169.7791234,0.31189649,-0.316459508,-0.895864923
4.30E-06,0.0002867,0.000152242,-343.7418688,-0.500278339,-0.204516009,-0.841364835
4.30E-06,0.0002867,0.000177416,-558.1289562,-0.803005861,-0.085766906,-0.589767433
4.30E-06,0.0002867,0.000202589,-822.2552371,-0.897772795,-0.030492643,-0.439402103
4.30E-06,0.0002867,0.000227763,-1144.831244,-0.936407747,-0.005269936,-0.350874278
4.30E-06,0.0002867,0.000252937,-1532.208807,-0.955236285,0.00666643,-0.295768826
4.30E-06,0.0002867,0.000278111,-1985.687712,-0.966151739,0.012711635,-0.257661079
4.30E-06,0.0002867,0.000303284,-2496.409916,-0.974246978,0.016150804,-0.224904373
4.30E-06,0.0002867,0.000328458,-3036.749332,-0.981817043,0.018694584,-0.188906871
4.30E-06,0.0002867,0.000353632,-3551.178655,-0.989248626,0.021738597,-0.144618774
4.30E-06,0.0002867,0.000378805,-3959.704471,-0.995363844,0.02684896,-0.092357741
4.30E-06,0.0002867,0.000403979,-4190.327188,-0.998362207,0.039339641,-0.041536679
4.30E-06,0.0002867,0.000429153,-4223.911595,-0.998762222,0.047912772,0.013356308
4.30E-06,0.0002867,0.000454326,-4099.615624,-0.996506328,0.062617418,0.055264787
4.30E-06,0.0002867,0.0004795,-3876.378435,-0.787311114,0.060837588,0.613547063
4.30E-06,0.0003123,1.20E-06,268.1912462,0.376980265,-0.020554862,0.925993185
4.30E-06,0.0003123,2.64E-05,205.4950751,0.994715406,-0.05744028,-0.085099213
4.30E-06,0.0003123,5.15E-05,126.0853974,0.991867662,-0.067474014,-0.1079157
4.30E-06,0.0003123,7.67E-05,30.51364295,0.98555397,-0.084419302,-0.146822181
4.30E-06,0.0003123,0.000101895,-87.50716698,0.972648628,-0.103470822,-0.207962584
4.30E-06,0.0003123,0.000127068,-224.3167243,0.944154713,-0.11749733,-0.307841281
4.30E-06,0.0003123,0.000152242,-386.4722676,0.845225041,-0.119649024,-0.520844258
4.30E-06,0.0003123,0.000177416,-584.1180525,0.251841531,-0.083293752,-0.964177367
4.30E-06,0.0003123,0.000202589,-828.861809,-0.712822082,0.01507087,-0.701182963
4.30E-06,0.0003123,0.000227763,-1130.975181,-0.904567379,0.040359435,-0.424416038
4.30E-06,0.0003123,0.000252937,-1497.257978,-0.948714943,0.046056844,-0.31275985
4.30E-06,0.0003123,0.000278111,-1928.681503,-0.96548329,0.048975027,-0.255819201
4.30E-06,0.0003123,0.000303284,-2415.774865,-0.974936893,0.052071962,-0.216302023
4.30E-06,0.0003123,0.000328458,-2930.512663,-0.982398078,0.055810504,-0.178267226
4.30E-06,0.0003123,0.000353632,-3417.750635,-0.98913184,0.059966598,-0.134246824
4.30E-06,0.0003123,0.000378805,-3799.109068,-0.994440181,0.06416802,-0.083493657
4.30E-06,0.0003123,0.000403979,-4005.115563,-0.99719381,0.068300465,-0.0306521
4.30E-06,0.0003123,0.000429153,-4019.030763,-0.997207802,0.072507233,0.017868994
4.30E-06,0.0003123,0.000454326,-3881.857165,-0.995389386,0.076889555,0.057340788
4.30E-06,0.0003123,0.0004795,-3654.050978,-0.806674989,0.066054332,0.587292336
4.30E-06,0.0003379,1.20E-06,227.8905602,0.510763727,-0.017249024,0.859548071
4.30E-06,0.0003379,2.64E-05,158.8389713,0.996919153,-0.038034849,-0.068597028
4.30E-06,0.0003379,5.15E-05,70.34278722,0.995144097,-0.049342866,-0.085167532
4.30E-06,0.0003379,7.67E-05,-36.41351116,0.992058883,-0.068217083,-0.105667409
4.30E-06,0.0003379,0.000101895,-156.6989614,0.988303498,-0.08432696,-0.127063603
4.30E-06,0.0003379,0.000127068,-285.8210205,0.984986797,-0.084029756,-0.150797912
4.30E-06,0.0003379,0.000152242,-427.7956447,0.979068529,-0.060343306,-0.194379785
4.30E-06,0.0003379,0.000177416,-596.9934961,0.947090365,-0.0179628,-0.320464006
4.30E-06,0.0003379,0.000202589,-810.302317,0.51981854,0.098230517,-0.848610306
4.30E-06,0.0003379,0.000227763,-1080.194356,-0.808108639,0.125011773,-0.575614875
4.30E-06,0.0003379,0.000252937,-1412.749663,-0.940414396,0.093190829,-0.327011059
4.30E-06,0.0003379,0.000278111,-1806.865332,-0.965913586,0.084813052,-0.244576553
4.30E-06,0.0003379,0.000303284,-2251.147455,-0.976279575,0.08453662,-0.199328252
4.30E-06,0.0003379,0.000328458,-2717.746275,-0.982912195,0.087961236,-0.161698603
4.30E-06,0.0003379,0.000353632,-3156.615435,-0.988254688,0.092631867,-0.12154015
4.30E-06,0.0003379,0.000378805,-3500.647751,-0.992377943,0.096429195,-0.076729579
4.30E-06,0.0003379,0.000403979,-3691.9884,-0.994740053,0.097878883,-0.030198538
4.30E-06,0.0003379,0.000429153,-3715.294524,-0.995215414,0.096816506,0.013147012
4.30E-06,0.0003379,0.000454326,-3601.917864,-0.994310741,0.094344936,0.049448792
4.30E-06,0.0003379,0.0004795,-3401.706759,-0.826882385,0.076579545,0.557136513
4.30E-06,0.0003635,1.20E-06,195.5297864,0.609276195,-0.013074198,0.792850291
4.30E-06,0.0003635,2.64E-05,116.6605352,0.997325657,-0.027754162,-0.067610952
4.30E-06,0.0003635,5.15E-05,11.04773342,0.995411025,-0.043710142,-0.085125289
4.30E-06,0.0003635,7.67E-05,-118.5428837,0.992298035,-0.07257387,-0.100387465
4.30E-06,0.0003635,0.000101895,-255.8319209,0.989659415,-0.10226322,-0.100580697
4.30E-06,0.0003635,0.000127068,-377.9393437,0.991725969,-0.095795782,-0.08545625
4.30E-06,0.0003635,0.000152242,-484.7086511,0.995641932,-0.051596074,-0.077685188
4.30E-06,0.0003635,0.000177416,-605.9215909,0.994765342,-0.007503227,-0.101909846
4.30E-06,0.0003635,0.000202589,-771.9818843,0.971343049,0.053808764,-0.231510903
4.30E-06,0.0003635,0.000227763,-997.920185,-0.143649087,0.337292017,-0.930375749
4.30E-06,0.0003635,0.000252937,-1286.666044,-0.928549991,0.148698739,-0.340122918
4.30E-06,0.0003635,0.000278111,-1633.022449,-0.967851072,0.114122707,-0.224143504
4.30E-06,0.0003635,0.000303284,-2022.921188,-0.978610692,0.10676298,-0.175848741
4.30E-06,0.0003635,0.000328458,-2429.612312,-0.984142807,0.107560858,-0.141044661
4.30E-06,0.0003635,0.000353632,-2810.957096,-0.988036268,0.111033683,-0.107032029
4.30E-06,0.0003635,0.000378805,-3114.889731,-0.990969259,0.113981215,-0.070627267
4.30E-06,0.0003635,0.000403979,-3297.625035,-0.99290524,0.114286991,-0.032827869
4.30E-06,0.0003635,0.000429153,-3344.505418,-0.993766578,0.111423172,0.003586773
4.30E-06,0.0003635,0.000454326,-3273.420746,-0.993656131,0.106530344,0.036038572
4.30E-06,0.0003635,0.0004795,-3118.721208,-0.848068789,0.086656175,0.522752366
4.30E-06,0.0003891,1.20E-06,173.6352092,0.667057206,-0.007372566,0.744970019
4.30E-06,0.0003891,2.64E-05,81.82697545,0.996689261,-0.018387965,-0.079198488
4.30E-06,0.0003891,5.15E-05,-52.47476555,0.993370431,-0.039363348,-0.108007935
4.30E-06,0.0003891,7.67E-05,-232.6182305,0.987466597,-0.087607966,-0.131280479
4.30E-06,0.0003891,0.000101895,-424.9009869,0.981776236,-0.155037182,-0.109904021
4.30E-06,0.0003891,0.000127068,-546.7350188,0.989317266,-0.138172927,-0.046471385
4.30E-06,0.0003891,0.000152242,-581.7786019,0.99721825,-0.071302768,-0.021718106
4.30E-06,0.0003891,0.000177416,-618.5024987,0.998906666,-0.005929309,-0.046371496
4.30E-06,0.0003891,0.000202589,-717.6493648,0.997039121,0.032536526,-0.06967328
4.30E-06,0.0003891,0.000227763,-890.4444074,0.857580369,0.252247055,-0.448249187
4.30E-06,0.0003891,0.000252937,-1130.386371,-0.917779766,0.206681522,-0.339062014
4.30E-06,0.0003891,0.000278111,-1425.652564,-0.971835479,0.131623189,-0.195476691
4.30E-06,0.0003891,0.000303284,-1759.32383,-0.981905511,0.116181223,-0.149544276
4.30E-06,0.0003891,0.000328458,-2106.611778,-0.986318066,0.113347391,-0.119703971
4.30E-06,0.0003891,0.000353632,-2433.678197,-0.989084586,0.114614653,-0.092602177
4.30E-06,0.0003891,0.000378805,-2701.942017,-0.991066486,0.116556595,-0.064821141
4.30E-06,0.0003891,0.000403979,-2879.066456,-0.992465406,0.117148517,-0.035897675
4.30E-06,0.0003891,0.000429153,-2950.654346,-0.993288328,0.11547445,-0.006629377
4.30E-06,0.0003891,0.000454326,-2923.194958,-0.993479788,0.111928558,0.021677374
4.30E-06,0.0003891,0.0004795,-2816.923674,-0.868931835,0.094305346,0.485864146
4.30E-06,0.0004147,1.20E-06,166.3565985,0.690910057,0.001106759,0.722939879
4.30E-06,0.0004147,2.64E-05,63.27425063,0.994876408,-0.002642102,-0.101064101
4.30E-06,0.0004147,5.15E-05,-105.4921359,0.987146846,-0.019857048,-0.15857743
4.30E-06,0.0004147,7.67E-05,-371.2845707,0.970312993,-0.074557207,-0.230073725
4.30E-06,0.0004147,0.000101895,-706.4479318,0.956855929,-0.20627956,-0.204634979
4.30E-06,0.0004147,0.000127068,-852.2812655,0.982667483,-0.185278197,-0.006050415
4.30E-06,0.0004147,0.000152242,-724.3188621,0.995330733,-0.063110741,0.073032632
4.30E-06,0.0004147,0.000177416,-623.5889715,0.999551638,0.015204037,0.025794563
4.30E-06,0.0004147,0.000202589,-642.83788,0.99479894,0.080933793,-0.061844892
4.30E-06,0.0004147,0.000227763,-761.7238308,0.938273634,0.227387963,-0.260647851
4.30E-06,0.0004147,0.000252937,-954.8950442,-0.929931512,0.230690136,-0.286372913
4.30E-06,0.0004147,0.000278111,-1202.358937,-0.977594674,0.134690706,-0.161762377
4.30E-06,0.0004147,0.000303284,-1484.923466,-0.985507718,0.115097881,-0.124607444
4.30E-06,0.0004147,0.000328458,-1780.254113,-0.988819559,0.109759143,-0.10093964
4.30E-06,0.0004147,0.000353632,-2061.632357,-0.990769561,0.109278219,-0.080211899
4.30E-06,0.0004147,0.000378805,-2300.462793,-0.992055296,0.110749694,-0.059672401
4.30E-06,0.0004147,0.000403979,-2472.231675,-0.992905553,0.11261639,-0.03815902
4.30E-06,0.0004147,0.000429153,-2562.831639,-0.993404453,0.113662592,-0.015113163
4.30E-06,0.0004147,0.000454326,-2571.224596,-0.993511948,0.113356854,0.009177801
4.30E-06,0.0004147,0.0004795,-2507.452679,-0.887380406,0.100120441,0.450035456
4.30E-06,0.0004403,1.20E-06,177.6374199,0.690253322,0.01278772,0.723454785
4.30E-06,0.0004403,2.64E-05,74.59972453,0.992334372,0.02423608,-0.121182123
4.30E-06,0.0004403,5.15E-05,-107.8116956,0.976931175,0.030654449,-0.211342812
4.30E-06,0.0004403,7.67E-05,-430.6606944,0.928464137,0.037663195,-0.369507551
4.30E-06,0.0004403,0.000101895,-917.9744199,0.676344153,0.084824672,-0.731685289
4.30E-06,0.0004403,0.000127068,-1103.253423,-0.822843451,0.327973722,0.464071
4.30E-06,0.0004403,0.000152242,-782.7485155,0.989065245,0.040902704,0.141693012
4.30E-06,0.0004403,0.000177416,-569.6619884,0.9927091,0.076829004,0.092875974
4.30E-06,0.0004403,0.000202589,-533.8167635,0.99685555,0.078075686,-0.013535143
4.30E-06,0.0004403,0.000227763,-613.5968703,0.724516862,0.545814936,-0.42090542
4.30E-06,0.0004403,0.000252937,-769.4178184,-0.959463175,0.200053729,-0.198516804
4.30E-06,0.0004403,0.000278111,-976.8529732,-0.98339195,0.126672366,-0.129978402
4.30E-06,0.0004403,0.000303284,-1216.491635,-0.988595372,0.108579172,-0.104353984
4.30E-06,0.0004403,0.000328458,-1468.893609,-0.990906642,0.102855074,-0.086745953
4.30E-06,0.0004403,0.000353632,-1712.959834,-0.992247213,0.101890288,-0.071160646
4.30E-06,0.0004403,0.000378805,-1926.979979,-0.993041639,0.103651135,-0.05589942
4.30E-06,0.0004403,0.000403979,-2091.640304,-0.993452953,0.107111322,-0.039729016
4.30E-06,0.0004403,0.000429153,-2193.543417,-0.993591721,0.110974664,-0.021450312
4.30E-06,0.0004403,0.000454326,-2227.614876,-0.993473171,0.114063913,-0.000694349
4.30E-06,0.0004403,0.0004795,-2197.573566,-0.901748056,0.105278237,0.419245675
4.30E-06,0.0004659,1.20E-06,207.1994787,0.671495306,0.025587534,0.740566899
4.30E-06,0.0004659,2.64E-05,121.3300636,0.990987931,0.057765224,-0.120855693
4.30E-06,0.0004659,5.15E-05,-30.96498879,0.973981827,0.098023126,-0.204330291
4.30E-06,0.0004659,7.67E-05,-287.3077783,0.926664789,0.198046214,-0.319484062
4.30E-06,0.0004659,0.000101895,-627.1534042,0.810531697,0.485308362,-0.327893523
4.30E-06,0.0004659,0.000127068,-755.0943725,0.804403739,0.59245857,0.04390293
4.30E-06,0.0004659,0.000152242,-567.6777982,0.954356451,0.250210152,0.163090911
4.30E-06,0.0004659,0.000177416,-414.1799897,0.982055422,0.167904422,0.085879297
4.30E-06,0.0004659,0.000202589,-385.1134373,0.956588085,0.289430418,-0.034194575
4.30E-06,0.0004659,0.000227763,-451.0309416,-0.85040455,0.448539523,-0.274998904
4.30E-06,0.0004659,0.000252937,-582.6272359,-0.977647276,0.159618247,-0.136849619
4.30E-06,0.0004659,0.000278111,-759.2779523,-0.987676064,0.114872588,-0.106302778
4.30E-06,0.0004659,0.000303284,-964.290518,-0.990778462,0.101147534,-0.090151066
4.30E-06,0.0004659,0.000328458,-1181.62047,-0.992286534,0.096734537,-0.077523317
4.30E-06,0.0004659,0.000353632,-1394.62064,-0.993156799,0.096501416,-0.065780312
4.30E-06,0.0004659,0.000378805,-1586.405846,-0.99360398,0.099147356,-0.05404566
4.30E-06,0.0004659,0.000403979,-1741.393309,-0.99371464,0.104040199,-0.041314047
4.30E-06,0.0004659,0.000429153,-1847.444541,-0.993580063,0.110027536,-0.026317294
4.30E-06,0.0004659,0.000454326,-1897.961121,-0.993247399,0.115709636,-0.008419276
4.30E-06,0.0004659,0.0004795,-1893.232844,-0.911568605,0.110330136,0.396068098
4.30E-06,0.0004915,1.20E-06,248.4219171,0.618028984,0.259529916,0.742081126
4.30E-06,0.0004915,2.64E-05,190.3626519,0.919849781,0.381532867,-0.091154
4.30E-06,0.0004915,5.15E-05,91.54350268,0.891260759,0.432054098,-0.137780681
4.30E-06,0.0004915,7.67E-05,-54.82842478,0.81230746,0.558568246,-0.16780377
4.30E-06,0.0004915,0.000101895,-213.8881214,0.683799261,0.719204319,-0.123141052
4.30E-06,0.0004915,0.000127068,-287.053508,0.624477491,0.780791991,-0.019792177
4.30E-06,0.0004915,0.000152242,-250.8684944,0.666221907,0.744087708,0.049818199
4.30E-06,0.0004915,0.000177416,-206.6818686,0.592037737,0.805349874,0.030048277
4.30E-06,0.0004915,0.000202589,-216.6199248,-0.246923355,0.962893102,-0.108929935
4.30E-06,0.0004915,0.000227763,-285.9844335,-0.922399717,0.36369678,-0.130013128
4.30E-06,0.0004915,0.000252937,-403.7969272,-0.9843087,0.140796238,-0.106361656
4.30E-06,0.0004915,0.000278111,-557.436622,-0.994366448,0.052373081,-0.092154368
4.30E-06,0.0004915,0.000303284,-734.6077265,-0.996636817,-0.002311381,-0.081912831
4.30E-06,0.0004915,0.000328458,-922.828862,-0.996079502,-0.050372142,-0.072720517
4.30E-06,0.0004915,0.000353632,-1109.072728,-0.992508131,-0.104421855,-0.063432537
4.30E-06,0.0004915,0.000378805,-1280.048389,-0.983145209,-0.174832023,-0.053472074
4.30E-06,0.0004915,0.000403979,-1423.140155,-0.96190261,-0.270144753,-0.042014056
4.30E-06,0.0004915,0.000429153,-1527.878274,-0.921190678,-0.388080264,-0.028309769
4.30E-06,0.0004915,0.000454326,-1587.670095,-0.863493138,-0.50419575,-0.012893658
4.30E-06,0.0004915,0.0004795,-1601.221527,-0.76986569,-0.552502406,0.319449388
2.98E-05,5.10E-06,1.20E-06,1002.258094,0.065684346,0.085234419,0.994193472
2.98E-05,5.10E-06,2.64E-05,928.3351185,0.717692576,0.659485806,-0.223597491
2.98E-05,5.10E-06,5.15E-05,888.1327876,0.810800396,0.585305653,0.004473212
2.98E-05,5.10E-06,7.67E-05,930.4123967,0.640388067,0.753164438,0.150487382
2.98E-05,5.10E-06,0.000101895,1001.084725,0.530779449,0.843664407,0.080644561
2.98E-05,5.10E-06,0.000127068,1023.663842,0.523946583,0.851418529,-0.023800538
2.98E-05,5.10E-06,0.000152242,969.1401158,0.584193371,0.797886256,-0.14864598
2.98E-05,5.10E-06,0.000177416,835.5980217,0.648160015,0.699446924,-0.301102301
2.98E-05,5.10E-06,0.000202589,629.762218,0.679721341,0.56501834,-0.467689186
2.98E-05,5.10E-06,0.000227763,360.3429856,0.671044176,0.390989819,-0.629941804
2.98E-05,5.10E-06,0.000252937,34.7168255,0.62134296,0.17547202,-0.763637673
2.98E-05,5.10E-06,0.000278111,-343.253902,0.536379592,-0.06553404,-0.84142868
2.98E-05,5.10E-06,0.000303284,-774.4117798,0.433960024,-0.298777443,-0.849947491
2.98E-05,5.10E-06,0.000328458,-1264.60261,0.337546109,-0.495259354,-0.800487849
2.98E-05,5.10E-06,0.000353632,-1823.653369,0.263210918,-0.645632469,-0.716853352
2.98E-05,5.10E-06,0.000378805,-2464.335557,0.213578646,-0.758348954,-0.615866078
2.98E-05,5.10E-06,0.000403979,-3185.626849,0.185549709,-0.847242532,-0.497746318
2.98E-05,5.10E-06,0.000429153,-3938.218468,0.240649889,-0.836193871,-0.492815829
2.98E-05,5.10E-06,0.000454326,-4578.550891,0.28643631,-0.900950616,-0.325948197
2.98E-05,5.10E-06,0.0004795,-4875.810031,0.139685179,-0.439164743,0.887480918
2.98E-05,3.07E-05,1.20E-06,844.2597158,0.05576913,-0.055167653,0.996918419
2.98E-05,3.07E-05,2.64E-05,639.2473802,0.112329594,-0.835330788,-0.538149177
2.98E-05,3.07E-05,5.15E-05,480.3765857,-0.220495719,-0.974866245,-0.031897361
2.98E-05,3.07E-05,7.67E-05,609.8268494,0.192119875,-0.872765042,0.448743952
2.98E-05,3.07E-05,0.000101895,812.6724825,0.739287873,-0.523174589,0.423959656
2.98E-05,3.07E-05,0.000127068,901.6573118,0.935681961,-0.343328343,0.081393594
2.98E-05,3.07E-05,0.000152242,871.3436235,0.939899959,-0.272833746,-0.205304199
2.98E-05,3.07E-05,0.000177416,741.4286239,0.875991514,-0.252540636,-0.410928333
2.98E-05,3.07E-05,0.000202589,527.6893534,0.784954078,-0.256384211,-0.564016163
2.98E-05,3.07E-05,0.000227763,241.9185655,0.68166657,-0.273610561,-0.678577886
2.98E-05,3.07E-05,0.000252937,-108.2640307,0.575972803,-0.299114239,-0.760779864
2.98E-05,3.07E-05,0.000278111,-520.7815959,0.476015,-0.329923305,-0.815205699
2.98E-05,3.07E-05,0.000303284,-1000.791036,0.388407236,-0.364451748,-0.846353792
2.98E-05,3.07E-05,0.000328458,-1562.8375,0.318373084,-0.403067722,-0.858006405
2.98E-05,3.07E-05,0.000353632,-2234.033479,0.269792009,-0.449323104,-0.851657807
2.98E-05,3.07E-05,0.000378805,-3057.953019,0.245211961,-0.511169823,-0.823757553
2.98E-05,3.07E-05,0.000403979,-4088.779666,0.334467755,-0.823038973,-0.459062272
2.98E-05,3.07E-05,0.000429153,-4078.055076,-0.590085271,-0.641662492,-0.489967978
2.98E-05,3.07E-05,0.000454326,-4387.724552,0.572608891,0.222415474,-0.789082007
2.98E-05,3.07E-05,0.0004795,-4575.484762,0.089815795,0.066421517,0.993741065
2.98E-05,5.63E-05,1.20E-06,708.7973057,0.041262779,-0.033754035,0.998578013
2.98E-05,5.63E-05,2.64E-05,353.9397679,-0.471960415,-0.27025358,-0.839176006
2.98E-05,5.63E-05,5.15E-05,-26.26246754,-0.998142532,-0.059125479,-0.014685475
2.98E-05,5.63E-05,7.67E-05,273.1831243,-0.601908509,-0.315564984,0.733569961
2.98E-05,5.63E-05,0.000101895,634.8614695,0.571321759,-0.353584291,0.740654843
2.98E-05,5.63E-05,0.000127068,771.9905366,0.92315495,-0.342669005,0.17424951
2.98E-05,5.63E-05,0.000152242,752.6023177,0.926453632,-0.318533499,-0.200549439
2.98E-05,5.63E-05,0.000177416,620.8248094,0.850194785,-0.307320524,-0.427461019
2.98E-05,5.63E-05,0.000202589,398.8551909,0.751820864,-0.30585844,-0.584136973
2.98E-05,5.63E-05,0.000227763,99.57659112,0.6453048,-0.310493013,-0.697979802
2.98E-05,5.63E-05,0.000252937,-270.230692,0.539194329,-0.318807517,-0.779507051
2.98E-05,5.63E-05,0.000278111,-710.5872334,0.440783066,-0.328610469,-0.835299616
2.98E-05,5.63E-05,0.000303284,-1230.734715,0.356228216,-0.337867174,-0.871175775
2.98E-05,5.63E-05,0.000328458,-1853.757029,0.290675212,-0.345647922,-0.892208179
2.98E-05,5.63E-05,0.000353632,-2625.814388,0.248391607,-0.353837895,-0.901720774
2.98E-05,5.63E-05,0.000378805,-3634.760233,0.232954419,-0.369323491,-0.899629034
2.98E-05,5.63E-05,0.000403979,-5045.509776,-0.439276142,-0.155969067,-0.88470906
2.98E-05,5.63E-05,0.000429153,-4336.34697,0.140156662,-0.508438266,0.849615584
2.98E-05,5.63E-05,0.000454326,-4435.967893,0.261687959,-0.245855273,-0.933313772
2.98E-05,5.63E-05,0.0004795,-4520.182671,0.024717919,0.019767946,0.999499001
2.98E-05,8.19E-05,1.20E-06,676.7140018,0.044637201,-0.000468456,0.999003154
2.98E-05,8.19E-05,2.64E-05,398.5151501,-0.2362337,0.363675538,-0.901073661
2.98E-05,8.19E-05,5.15E-05,149.7344994,-0.85753765,0.508070957,-0.080579655
2.98E-05,8.19E-05,7.67E-05,320.6101704,-0.281644505,0.45079986,0.847027662
2.98E-05,8.19E-05,0.000101895,570.5120525,0.742177045,-0.119797508,0.659410184
2.98E-05,8.19E-05,0.000127068,666.193807,0.94678314,-0.308277922,0.0925549
2.98E-05,8.19E-05,0.000152242,627.1804374,0.902328734,-0.346317979,-0.256645113
2.98E-05,8.19E-05,0.000177416,482.7972807,0.810604588,-0.349603954,-0.469784288
2.98E-05,8.19E-05,0.000202589,250.1378766,0.706826547,-0.345399208,-0.617329426
2.98E-05,8.19E-05,0.000227763,-60.76164642,0.599655364,-0.339729346,-0.724567054
2.98E-05,8.19E-05,0.000252937,-445.2210728,0.49563736,-0.333382253,-0.801997432
2.98E-05,8.19E-05,0.000278111,-905.0471779,0.401028338,-0.324652422,-0.85660789
2.98E-05,8.19E-05,0.000303284,-1451.653557,0.321495733,-0.310197021,-0.894660998
2.98E-05,8.19E-05,0.000328458,-2112.454233,0.262102855,-0.286351534,-0.921577394
2.98E-05,8.19E-05,0.000353632,-2944.73976,0.227193393,-0.251527439,-0.940806627
2.98E-05,8.19E-05,0.000378805,-4068.129728,0.416779433,-0.396797125,-0.817830634
2.98E-05,8.19E-05,0.000403979,-4214.559945,-0.652998768,0.663917643,-0.364425537
2.98E-05,8.19E-05,0.000429153,-4449.002617,-0.306121691,-0.552116982,-0.775536168
2.98E-05,8.19E-05,0.000454326,-4436.970998,-0.958151992,-0.174339724,-0.227047179
2.98E-05,8.19E-05,0.0004795,-4472.009167,-0.00734744,0.013005653,0.999888428
2.98E-05,0.0001075,1.20E-06,706.4747262,0.055539239,0.008582295,0.99841962
2.98E-05,0.0001075,2.64E-05,570.2318909,0.519320371,0.623194604,-0.584751945
2.98E-05,0.0001075,5.15E-05,473.2626947,0.339528525,0.929066218,-0.146820783
2.98E-05,0.0001075,7.67E-05,500.9192501,0.726912516,0.63796349,0.254166834
2.98E-05,0.0001075,0.000101895,571.0147643,0.983260517,-0.047106478,0.176010612
2.98E-05,0.0001075,0.000127068,580.045437,0.945872584,-0.300501189,-0.122572797
2.98E-05,0.0001075,0.000152242,500.9352845,0.857153104,-0.36806256,-0.360303356
2.98E-05,0.0001075,0.000177416,335.4856284,0.755907707,-0.379761409,-0.533277424
2.98E-05,0.0001075,0.000202589,89.58064638,0.650100265,-0.373203681,-0.661882662
2.98E-05,0.0001075,0.000227763,-231.9792737,0.544183638,-0.360150663,-0.757730604
2.98E-05,0.0001075,0.000252937,-627.1351988,0.443376077,-0.343658486,-0.82783845
2.98E-05,0.0001075,0.000278111,-1098.482437,0.353240567,-0.322085963,-0.878340329
2.98E-05,0.0001075,0.000303284,-1656.456635,0.279222548,-0.29014346,-0.915342308
2.98E-05,0.0001075,0.000328458,-2325.54381,0.22663412,-0.240046852,-0.943935636
2.98E-05,0.0001075,0.000353632,-3157.524574,0.20028097,-0.164696178,-0.965796408
2.98E-05,0.0001075,0.000378805,-4261.288333,0.427238835,-0.134559747,-0.894069713
2.98E-05,0.0001075,0.000403979,-4339.87715,-0.923846344,-0.271191032,-0.270117302
2.98E-05,0.0001075,0.000429153,-4497.366517,-0.762534982,-0.536125063,-0.362091588
2.98E-05,0.0001075,0.000454326,-4453.932798,-0.92377906,-0.30804479,0.227465724
2.98E-05,0.0001075,0.0004795,-4452.542019,-0.008020798,0.000832731,0.999967486
2.98E-05,0.0001331,1.20E-06,720.6203333,0.05949535,-0.001264902,0.998227781
2.98E-05,0.0001331,2.64E-05,651.26805,0.901365385,0.237462425,-0.362149194
2.98E-05,0.0001331,5.15E-05,595.7652106,0.908013954,0.354861915,-0.222673932
2.98E-05,0.0001331,7.67E-05,570.1248451,0.983520552,0.135006549,-0.12025205
2.98E-05,0.0001331,0.000101895,548.9765404,0.96990035,-0.173429378,-0.170925601
2.98E-05,0.0001331,0.000127068,491.4764094,0.888199781,-0.332960273,-0.316604809
2.98E-05,0.0001331,0.000152242,373.1231795,0.791310874,-0.388640949,-0.472001391
2.98E-05,0.0001331,0.000177416,184.899536,0.68862815,-0.397794178,-0.606259898
2.98E-05,0.0001331,0.000202589,-75.24680543,0.583076974,-0.38777654,-0.71389817
2.98E-05,0.0001331,0.000227763,-407.1869303,0.478463195,-0.370397746,-0.796164858
2.98E-05,0.0001331,0.000252937,-811.0220119,0.379644025,-0.349528929,-0.856562866
2.98E-05,0.0001331,0.000278111,-1288.889782,0.291841908,-0.323542399,-0.900082561
2.98E-05,0.0001331,0.000303284,-1847.192018,0.22053603,-0.285427676,-0.932681565
2.98E-05,0.0001331,0.000328458,-2500.646757,0.171871625,-0.222509601,-0.959661202
2.98E-05,0.0001331,0.000353632,-3280.430345,0.152443573,-0.118277483,-0.981209149
2.98E-05,0.0001331,0.000378805,-4249.090302,0.30660289,0.071956193,-0.949113783
2.98E-05,0.0001331,0.000403979,-4455.590423,-0.55131351,-0.742096424,-0.381243113
2.98E-05,0.0001331,0.000429153,-4620.737159,-0.276431497,-0.941848104,-0.191070085
2.98E-05,0.0001331,0.000454326,-4498.702454,-0.658856955,-0.545503595,0.518009016
2.98E-05,0.0001331,0.0004795,-4467.639022,-0.017626224,-0.02312232,0.999577248
2.98E-05,0.0001587,1.20E-06,699.8784679,0.056669306,-0.012778375,0.998311225
2.98E-05,0.0001587,2.64E-05,653.4862393,0.95195129,-0.115911653,-0.283466454
2.98E-05,0.0001587,5.15E-05,604.7656025,0.957006173,-0.096166057,-0.273662703
2.98E-05,0.0001587,7.67E-05,554.3383091,0.941141356,-0.18264468,-0.284418475
2.98E-05,0.0001587,0.000101895,489.8628395,0.888354981,-0.298722587,-0.348697927
2.98E-05,0.0001587,0.000127068,391.9757635,0.80875607,-0.373793303,-0.454083897
2.98E-05,0.0001587,0.000152242,244.2281995,0.715402042,-0.402370171,-0.571225142
2.98E-05,0.0001587,0.000177416,36.3078739,0.614030722,-0.401437105,-0.679569366
2.98E-05,0.0001587,0.000202589,-237.4764541,0.508352878,-0.386674799,-0.76945432
2.98E-05,0.0001587,0.000227763,-580.0789868,0.402782373,-0.367693622,-0.838193152
2.98E-05,0.0001587,0.000252937,-993.0157409,0.302115597,-0.34797872,-0.887489142
2.98E-05,0.0001587,0.000278111,-1477.250241,0.210915637,-0.326737758,-0.921280105
2.98E-05,0.0001587,0.000303284,-2033.569547,0.134224005,-0.297084582,-0.945370122
2.98E-05,0.0001587,0.000328458,-2663.486003,0.078669236,-0.243658945,-0.966665128
2.98E-05,0.0001587,0.000353632,-3371.855719,0.053680403,-0.139254619,-0.988800569
2.98E-05,0.0001587,0.000378805,-4170.685847,0.070430923,0.053252795,-0.996094185
2.98E-05,0.0001587,0.000403979,-5075.545346,0.38912221,-0.477520104,-0.787755327
2.98E-05,0.0001587,0.000429153,-4713.478992,-0.04360232,-0.376344969,0.925453025
2.98E-05,0.0001587,0.000454326,-4617.887317,-0.510685674,-0.782392011,0.356458811
2.98E-05,0.0001587,0.0004795,-4575.320538,-0.042296327,-0.062980082,0.997118112
2.98E-05,0.0001843,1.20E-06,652.5582177,0.050039252,-0.019857282,0.998549829
2.98E-05,0.0001843,2.64E-05,611.7170126,0.905919642,-0.31564719,-0.282270178
2.98E-05,0.0001843,5.15E-05,560.3342411,0.894392437,-0.307535503,-0.324783131
2.98E-05,0.0001843,7.67E-05,495.0882913,0.8618495,-0.335263473,-0.380544139
2.98E-05,0.0001843,0.000101895,407.52824,0.80588079,-0.373850846,-0.45912057
2.98E-05,0.0001843,0.000127068,285.8503216,0.730006045,-0.398313139,-0.555371784
2.98E-05,0.0001843,0.000152242,118.348475,0.639306984,-0.401405688,-0.655865881
2.98E-05,0.0001843,0.000177416,-104.4732905,0.538003109,-0.387643834,-0.748521818
2.98E-05,0.0001843,0.000202589,-390.246102,0.429769072,-0.366782675,-0.825087277
2.98E-05,0.0001843,0.000227763,-744.2352961,0.31945718,-0.347511374,-0.881579806
2.98E-05,0.0001843,0.000252937,-1168.754327,0.211602845,-0.332091243,-0.919205985
2.98E-05,0.0001843,0.000278111,-1664.178371,0.108850047,-0.321668642,-0.940574799
2.98E-05,0.0001843,0.000303284,-2226.282116,0.014188381,-0.312138587,-0.949930625
2.98E-05,0.0001843,0.000328458,-2843.689696,-0.06827007,-0.291348447,-0.954177803
2.98E-05,0.0001843,0.000353632,-3496.286745,-0.13121346,-0.232014099,-0.963821812
2.98E-05,0.0001843,0.000378805,-4156.465846,-0.160028653,-0.07616345,-0.98416968
2.98E-05,0.0001843,0.000403979,-4790.191899,-0.205694997,0.448704204,-0.869686211
2.98E-05,0.0001843,0.000429153,-4810.000284,-0.068618115,-0.996172152,-0.05415347
2.98E-05,0.0001843,0.000454326,-4807.082099,-0.078218957,-0.996935008,0.001544425
2.98E-05,0.0001843,0.0004795,-4809.208459,-0.007395381,-0.084014295,0.996437106
2.98E-05,0.0002099,1.20E-06,590.2516835,0.042966147,-0.022894897,0.998814164
2.98E-05,0.0002099,2.64E-05,548.6107594,0.848576162,-0.42478503,-0.31539844
2.98E-05,0.0002099,5.15E-05,492.4602398,0.82882639,-0.409441405,-0.381319487
2.98E-05,0.0002099,7.67E-05,417.4347314,0.791386495,-0.406766696,-0.456342273
2.98E-05,0.0002099,0.000101895,316.6000514,0.734894916,-0.406686267,-0.542711473
2.98E-05,0.0002099,0.000127068,181.0634641,0.660126591,-0.399252875,-0.636262545
2.98E-05,0.0002099,0.000152242,1.295210995,0.569534828,-0.381241203,-0.728206856
2.98E-05,0.0002099,0.000177416,-231.5431601,0.465992577,-0.355342652,-0.810297796
2.98E-05,0.0002099,0.000202589,-526.6912805,0.352607032,-0.32739318,-0.876631044
2.98E-05,0.0002099,0.000227763,-892.1574369,0.234279194,-0.304970687,-0.923095954
2.98E-05,0.0002099,0.000252937,-1331.001748,0.114653336,-0.292893934,-0.949245888
2.98E-05,0.0002099,0.000278111,-1845.040616,-0.006423609,-0.292636932,-0.956202051
2.98E-05,0.0002099,0.000303284,-2427.709872,-0.129369252,-0.303466798,-0.944018802
2.98E-05,0.0002099,0.000328458,-3057.836042,-0.25489313,-0.319229722,-0.912755102
2.98E-05,0.0002099,0.000353632,-3693.222875,-0.382452772,-0.323160833,-0.865619404
2.98E-05,0.0002099,0.000378805,-4272.515029,-0.512147835,-0.276169135,-0.813286668
2.98E-05,0.0002099,0.000403979,-4732.651875,-0.648217988,-0.079259842,-0.757318505
2.98E-05,0.0002099,0.000429153,-5029.441891,-0.355305485,-0.372897094,-0.857149794
2.98E-05,0.0002099,0.000454326,-5137.670985,-0.242566838,-0.960348896,-0.137445724
2.98E-05,0.0002099,0.0004795,-5043.444111,-0.02700349,0.022302436,0.999386518
2.98E-05,0.0002355,1.20E-06,522.2059449,0.040578537,-0.025766028,0.998844079
2.98E-05,0.0002355,2.64E-05,477.7790449,0.797235495,-0.481344809,-0.364311323
2.98E-05,0.0002355,5.15E-05,417.0988231,0.773580859,-0.455607376,-0.44044815
2.98E-05,0.0002355,7.67E-05,335.6783482,0.734341806,-0.433067504,-0.522680255
2.98E-05,0.0002355,0.000101895,227.4014235,0.677894016,-0.408698015,-0.611085621
2.98E-05,0.0002355,0.000127068,84.64682797,0.603357458,-0.378127869,-0.702124699
2.98E-05,0.0002355,0.000152242,-101.3233961,0.511065384,-0.341029739,-0.788993593
2.98E-05,0.0002355,0.000177416,-339.9341247,0.40316492,-0.301811899,-0.863925706
2.98E-05,0.0002355,0.000202589,-641.1422088,0.283713238,-0.265437097,-0.921439063
2.98E-05,0.0002355,0.000227763,-1014.461933,0.156559904,-0.237260228,-0.958747402
2.98E-05,0.0002355,0.000252937,-1467.749721,0.023216156,-0.223895328,-0.974336642
2.98E-05,0.0002355,0.000278111,-2005.499922,-0.117668198,-0.226764738,-0.966815364
2.98E-05,0.0002355,0.000303284,-2622.752976,-0.269641478,-0.24604276,-0.930997548
2.98E-05,0.0002355,0.000328458,-3293.789525,-0.435318182,-0.277956187,-0.85629343
2.98E-05,0.0002355,0.000353632,-3957.441233,-0.608643322,-0.309477089,-0.7306006
2.98E-05,0.0002355,0.000378805,-4515.403898,-0.498431706,-0.427421961,-0.754238889
2.98E-05,0.0002355,0.000403979,-4870.752321,-0.654137062,-0.453425412,-0.605400777
2.98E-05,0.0002355,0.000429153,-4989.185005,-0.992711069,-0.093179673,-0.076434827
2.98E-05,0.0002355,0.000454326,-4906.574038,-0.689232534,0.50103131,0.523379538
2.98E-05,0.0002355,0.0004795,-4679.218699,-0.089786983,0.098947355,0.991033662
2.98E-05,0.0002611,1.20E-06,454.9697205,0.037091208,-0.025927335,0.998975483
2.98E-05,0.0002611,2.64E-05,407.3866149,0.755776196,-0.501676251,-0.420860168
2.98E-05,0.0002611,5.15E-05,342.9794623,0.730026862,-0.467568046,-0.498438465
2.98E-05,0.0002611,7.67E-05,257.5989289,0.690923587,-0.43226214,-0.579460127
2.98E-05,0.0002611,0.000101895,145.8653083,0.636496417,-0.391941397,-0.664269714
2.98E-05,0.0002611,0.000127068,1.031293381,0.56409391,-0.342979904,-0.751107747
2.98E-05,0.0002611,0.000152242,-185.3309269,0.471360587,-0.286822204,-0.833997734
2.98E-05,0.0002611,0.000177416,-423.3222099,0.35940634,-0.2301754,-0.904348587
2.98E-05,0.0002611,0.000202589,-724.2917826,0.232826847,-0.180843879,-0.955555938
2.98E-05,0.0002611,0.000227763,-1100.181357,0.096169131,-0.144806668,-0.984775369
2.98E-05,0.0002611,0.000252937,-1562.591577,-0.049157074,-0.125194428,-0.990913688
2.98E-05,0.0002611,0.000278111,-2120.532223,-0.205680082,-0.122398006,-0.970934824
2.98E-05,0.0002611,0.000303284,-2773.943097,-0.378522516,-0.135286786,-0.915651784
2.98E-05,0.0002611,0.000328458,-3498.418051,-0.569207383,-0.159591574,-0.80655656
2.98E-05,0.0002611,0.000353632,-4219.45311,-0.758873435,-0.183254348,-0.624923159
2.98E-05,0.0002611,0.000378805,-4798.847092,-0.571792266,-0.35776256,-0.738281487
2.98E-05,0.0002611,0.000403979,-5093.507771,-0.781474322,0.497170794,-0.376986851
2.98E-05,0.0002611,0.000429153,-5073.850735,-0.887966941,-0.177464014,0.424289094
2.98E-05,0.0002611,0.000454326,-4835.915064,-0.682975894,0.17317693,0.709615163
2.98E-05,0.0002611,0.0004795,-4492.241572,-0.144388782,0.061250911,0.987623514
2.98E-05,0.0002867,1.20E-06,392.8878331,0.034083114,-0.024383539,0.999121506
2.98E-05,0.0002867,2.64E-05,342.0230086,0.724921001,-0.493106884,-0.480973121
2.98E-05,0.0002867,5.15E-05,274.2085813,0.696714616,-0.459026132,-0.551256524
2.98E-05,0.0002867,7.67E-05,186.1461778,0.658266197,-0.42301681,-0.622689644
2.98E-05,0.0002867,0.000101895,73.4542423,0.610962149,-0.376109253,-0.696611141
2.98E-05,0.0002867,0.000127068,-69.14916117,0.546840832,-0.312063991,-0.776904866
2.98E-05,0.0002867,0.000152242,-249.7353474,0.457684972,-0.232791389,-0.858098267
2.98E-05,0.0002867,0.000177416,-479.4338819,0.342328181,-0.151519738,-0.927282689
2.98E-05,0.0002867,0.000202589,-771.4106409,0.20788557,-0.082848848,-0.974638219
2.98E-05,0.0002867,0.000227763,-1139.817587,0.062273037,-0.033693526,-0.997490258
2.98E-05,0.0002867,0.000252937,-1598.846462,-0.091796961,-0.003604565,-0.995771221
2.98E-05,0.0002867,0.000278111,-2160.791405,-0.257096575,0.010895922,-0.966324288
2.98E-05,0.0002867,0.000303284,-2829.782104,-0.439163165,0.013637769,-0.898303805
2.98E-05,0.0002867,0.000328458,-3584.653156,-0.638068349,0.00875029,-0.769930006
2.98E-05,0.0002867,0.000353632,-4345.240973,-0.535126886,0.003667401,-0.844763734
2.98E-05,0.0002867,0.000378805,-4946.13347,-0.977336202,0.014739045,-0.211179329
2.98E-05,0.0002867,0.000403979,-4501.93523,-0.971135555,0.091667295,-0.220210902
2.98E-05,0.0002867,0.000429153,-5098.750848,-0.901956423,0.226889624,-0.367417622
2.98E-05,0.0002867,0.000454326,-4762.232418,-0.629614363,0.255499954,0.733693074
2.98E-05,0.0002867,0.0004795,-4345.529138,-0.185040586,0.063662502,0.980666644
2.98E-05,0.0003123,1.20E-06,338.6327554,0.032626585,-0.021947797,0.999226601
2.98E-05,0.0003123,2.64E-05,283.6528456,0.702307861,-0.459206692,-0.543960368
2.98E-05,0.0003123,5.15E-05,210.9841765,0.668078347,-0.442994781,-0.597851944
2.98E-05,0.0003123,7.67E-05,118.9092606,0.62844705,-0.431051606,-0.647494261
2.98E-05,0.0003123,0.000101895,5.69382348,0.596597692,-0.396775334,-0.69759625
2.98E-05,0.0003123,0.000127068,-130.9846444,0.553211378,-0.323368899,-0.767717218
2.98E-05,0.0003123,0.000152242,-298.5210195,0.47846252,-0.207690914,-0.853192886
2.98E-05,0.0003123,0.000177416,-510.0085192,0.361767456,-0.081075544,-0.928736272
2.98E-05,0.0003123,0.000202589,-781.378171,0.216910159,0.020781333,-0.975970347
2.98E-05,0.0003123,0.000227763,-1128.604055,0.061433733,0.088647193,-0.994166773
2.98E-05,0.0003123,0.000252937,-1566.349961,-0.098812262,0.131134339,-0.98642786
2.98E-05,0.0003123,0.000278111,-2106.417588,-0.266591524,0.159004438,-0.950603255
2.98E-05,0.0003123,0.000303284,-2751.960393,-0.447168088,0.179770793,-0.87619813
2.98E-05,0.0003123,0.000328458,-3480.903116,-0.639614695,0.196568248,-0.743137919
2.98E-05,0.0003123,0.000353632,-4213.442373,-0.53096952,0.305698644,-0.79032886
2.98E-05,0.0003123,0.000378805,-4787.725571,-0.586749736,0.482051925,-0.650654047
2.98E-05,0.0003123,0.000403979,-5028.901783,-0.982889713,-0.080317009,-0.165761847
2.98E-05,0.0003123,0.000429153,-4910.388544,-0.692179203,0.56919572,0.443738867
2.98E-05,0.0003123,0.000454326,-4569.172438,-0.63135023,0.437330711,0.640420749
2.98E-05,0.0003123,0.0004795,-4151.916233,-0.208375886,0.090069134,0.973892726
2.98E-05,0.0003379,1.20E-06,293.8116023,0.033371729,-0.018807899,0.999266026
2.98E-05,0.0003379,2.64E-05,232.4382591,0.68093145,-0.400662521,-0.613026838
2.98E-05,0.0003379,5.15E-05,150.0700331,0.631343592,-0.429528071,-0.645686383
2.98E-05,0.0003379,7.67E-05,47.16529331,0.588189055,-0.479601111,-0.651165424
2.98E-05,0.0003379,0.000101895,-71.08619961,0.564784652,-0.507175793,-0.650992329
2.98E-05,0.0003379,0.000127068,-199.4570032,0.56360685,-0.450400096,-0.69245005
2.98E-05,0.0003379,0.000152242,-343.5628213,0.540753346,-0.271457271,-0.796176343
2.98E-05,0.0003379,0.000177416,-522.2995225,0.433611722,-0.041980171,-0.900121403
2.98E-05,0.0003379,0.000202589,-758.0158253,0.269473702,0.124184806,-0.954967046
2.98E-05,0.0003379,0.000227763,-1068.638407,0.09842065,0.216488623,-0.971311511
2.98E-05,0.0003379,0.000252937,-1466.655936,-0.06809291,0.269448793,-0.960604343
2.98E-05,0.0003379,0.000278111,-1959.119618,-0.234677488,0.307757661,-0.922069248
2.98E-05,0.0003379,0.000303284,-2543.00124,-0.406602266,0.343499899,-0.846570975
2.98E-05,0.0003379,0.000328458,-3191.528218,-0.582225331,0.379483202,-0.719031407
2.98E-05,0.0003379,0.000353632,-3831.202712,-0.742201921,0.409560962,-0.530467838
2.98E-05,0.0003379,0.000378805,-4331.750427,-0.556145116,0.678151453,-0.480430241
2.98E-05,0.0003379,0.000403979,-4562.37595,-0.611830896,0.78106728,-0.124887387
2.98E-05,0.0003379,0.000429153,-4499.057037,-0.644978552,0.720026031,0.256056989
2.98E-05,0.0003379,0.000454326,-4235.51522,-0.826572181,0.43256259,0.360094481
2.98E-05,0.0003379,0.0004795,-3883.950858,-0.217801508,0.124319717,0.968042928
2.98E-05,0.0003635,1.20E-06,259.8431777,0.036798081,-0.014320504,0.999220108
2.98E-05,0.0003635,2.64E-05,188.1151421,0.650211939,-0.310900889,-0.693228009
2.98E-05,0.0003635,5.15E-05,85.64836895,0.567534087,-0.409080088,-0.714533793
2.98E-05,0.0003635,7.67E-05,-46.73684017,0.488356542,-0.570935472,-0.659954979
2.98E-05,0.0003635,0.000101895,-189.6988019,0.433948105,-0.725654138,-0.533961715
2.98E-05,0.0003635,0.000127068,-311.2168737,0.469234443,-0.753478386,-0.460531605
2.98E-05,0.0003635,0.000152242,-410.4586533,0.614034627,-0.536935521,-0.578499545
2.98E-05,0.0003635,0.000177416,-529.6652639,0.597173579,-0.065982686,-0.799393521
2.98E-05,0.0003635,0.000202589,-709.1285829,0.38210449,0.233413106,-0.894155736
2.98E-05,0.0003635,0.000227763,-967.9855946,0.177330398,0.348227958,-0.920484231
2.98E-05,0.0003635,0.000252937,-1312.340646,-8.36E-05,0.402472876,-0.915431907
2.98E-05,0.0003635,0.000278111,-1741.083548,-0.165695266,0.443504569,-0.880822784
2.98E-05,0.0003635,0.000303284,-2243.436756,-0.327506332,0.486156148,-0.810180105
2.98E-05,0.0003635,0.000328458,-2789.515378,-0.48444532,0.532004489,-0.69446667
2.98E-05,0.0003635,0.000353632,-3318.196808,-0.624303942,0.573392091,-0.530533786
2.98E-05,0.0003635,0.000378805,-3738.15938,-0.728377004,0.599244399,-0.332224457
2.98E-05,0.0003635,0.000403979,-3964.817207,-0.787149804,0.604449685,-0.122620409
2.98E-05,0.0003635,0.000429153,-3975.698763,-0.80377743,0.58904053,0.08350507
2.98E-05,0.0003635,0.000454326,-3817.764522,-0.784190201,0.556600338,0.274302372
2.98E-05,0.0003635,0.0004795,-3560.39241,-0.221433932,0.156372165,0.962556367
2.98E-05,0.0003891,1.20E-06,239.1793985,0.043418786,-0.006906635,0.999033086
2.98E-05,0.0003891,2.64E-05,152.9918528,0.603839343,-0.174087911,-0.777863386
2.98E-05,0.0003891,5.15E-05,13.3371462,0.466806283,-0.321970281,-0.823666821
2.98E-05,0.0003891,7.67E-05,-195.0750765,0.324157358,-0.599647747,-0.731672459
2.98E-05,0.0003891,0.000101895,-436.6015607,0.185649359,-0.904680871,-0.383519017
2.98E-05,0.0003891,0.000127068,-566.7601396,0.178020603,-0.977998581,-0.108754034
2.98E-05,0.0003891,0.000152242,-549.749759,0.481928197,-0.875255561,0.040901285
2.98E-05,0.0003891,0.000177416,-547.3695062,0.928793731,-0.145056332,-0.341029129
2.98E-05,0.0003891,0.000202589,-641.6576585,0.576501052,0.384198165,-0.721136816
2.98E-05,0.0003891,0.000227763,-836.5729575,0.298231627,0.483657237,-0.822881264
2.98E-05,0.0003891,0.000252937,-1121.004568,0.101315301,0.520605199,-0.847764965
2.98E-05,0.0003891,0.000278111,-1482.362423,-0.067102826,0.554665841,-0.829363018
2.98E-05,0.0003891,0.000303284,-1903.225759,-0.223063485,0.595309452,-0.771912779
2.98E-05,0.0003891,0.000328458,-2354.252318,-0.368495857,0.640297094,-0.673966197
2.98E-05,0.0003891,0.000353632,-2788.560983,-0.49780316,0.680961711,-0.537106286
2.98E-05,0.0003891,0.000378805,-3145.667734,-0.603069672,0.706105977,-0.37110823
2.98E-05,0.0003891,0.000403979,-3371.610558,-0.680310839,0.707867378,-0.190002467
2.98E-05,0.0003891,0.000429153,-3444.188158,-0.728765459,0.684747389,-0.004681733
2.98E-05,0.0003891,0.000454326,-3378.525402,-0.745343116,0.643082123,0.17580962
2.98E-05,0.0003891,0.0004795,-3210.304595,-0.224791273,0.184733698,0.956735253
2.98E-05,0.0004147,1.20E-06,236.1978689,0.053852338,0.004997083,0.998536406
2.98E-05,0.0004147,2.64E-05,136.7150774,0.559011942,0.006661941,-0.829132841
2.98E-05,0.0004147,5.15E-05,-52.71469211,0.352188437,-0.114515003,-0.928896991
2.98E-05,0.0004147,7.67E-05,-421.7323258,0.14654146,-0.330350329,-0.932413138
2.98E-05,0.0004147,0.000101895,-1081.312635,-0.027002578,-0.894896043,-0.445456994
2.98E-05,0.0004147,0.000127068,-1345.962684,-0.038633938,-0.996302213,0.076741898
2.98E-05,0.0004147,0.000152242,-832.4301386,0.166519196,-0.541790483,0.823853403
2.98E-05,0.0004147,0.000177416,-569.4202166,0.69751552,0.068174381,0.713319251
2.98E-05,0.0004147,0.000202589,-552.4411105,0.758002161,0.577661737,-0.302885524
2.98E-05,0.0004147,0.000227763,-681.4730556,0.439880112,0.604474411,-0.664165772
2.98E-05,0.0004147,0.000252937,-909.0509016,0.224968315,0.610644996,-0.759277252
2.98E-05,0.0004147,0.000278111,-1209.086138,0.051049416,0.633469619,-0.77208173
2.98E-05,0.0004147,0.000303284,-1559.636315,-0.104789681,0.668537497,-0.736258608
2.98E-05,0.0004147,0.000328458,-1934.164423,-0.247954535,0.708535586,-0.660678342
2.98E-05,0.0004147,0.000353632,-2297.821011,-0.377768575,0.744229253,-0.550830031
2.98E-05,0.0004147,0.000378805,-2610.006465,-0.492016332,0.765849584,-0.413998
2.98E-05,0.0004147,0.000403979,-2833.824268,-0.588464965,0.766198668,-0.258163876
2.98E-05,0.0004147,0.000429153,-2947.210384,-0.662255383,0.74382946,-0.090197243
2.98E-05,0.0004147,0.000454326,-2947.769657,-0.703918352,0.70549836,0.082286201
2.98E-05,0.0004147,0.0004795,-2850.028878,-0.226037919,0.212965156,0.950553892
2.98E-05,0.0004403,1.20E-06,254.3794081,0.068188426,0.020264171,0.997466642
2.98E-05,0.0004403,2.64E-05,155.3525283,0.567176522,0.1974725,-0.799572013
2.98E-05,0.0004403,5.15E-05,-56.67450057,0.311935199,0.128030046,-0.941437591
2.98E-05,0.0004403,7.67E-05,-565.6748896,0.05876969,0.043638302,-0.997317313
2.98E-05,0.0004403,0.000101895,-2324.767768,-0.19276817,0.001568561,-0.981243075
2.98E-05,0.0004403,0.000127068,-3852.597756,-0.691648549,-0.017677431,0.722017862
2.98E-05,0.0004403,0.000152242,-1069.075476,0.01962171,0.049028398,0.998604629
2.98E-05,0.0004403,0.000177416,-520.1568174,0.407731447,0.322512095,0.854248802
2.98E-05,0.0004403,0.000202589,-424.3319346,0.744485685,0.666938729,0.030558081
2.98E-05,0.0004403,0.000227763,-506.51677,0.554826946,0.667649493,-0.496398242
2.98E-05,0.0004403,0.000252937,-689.488318,0.351278466,0.65831937,-0.665746984
2.98E-05,0.0004403,0.000278111,-939.5371961,0.176796513,0.676177225,-0.715211405
2.98E-05,0.0004403,0.000303284,-1233.690473,0.019111275,0.709153706,-0.704794849
2.98E-05,0.0004403,0.000328458,-1549.189407,-0.126902986,0.747072997,-0.652516337
2.98E-05,0.0004403,0.000353632,-1859.96347,-0.262546751,0.780983405,-0.566686972
2.98E-05,0.0004403,0.000378805,-2137.33039,-0.387451118,0.80283846,-0.453135783
2.98E-05,0.0004403,0.000403979,-2353.882566,-0.498759317,0.806878795,-0.316521334
2.98E-05,0.0004403,0.000429153,-2488.601549,-0.588557937,0.792110136,-0.161743895
2.98E-05,0.0004403,0.000454326,-2531.208623,-0.644766337,0.764371526,0.003541377
2.98E-05,0.0004403,0.0004795,-2484.877747,-0.218379008,0.243437657,0.945012548
2.98E-05,0.0004659,1.20E-06,290.744189,0.083551712,0.035165039,0.99588279
2.98E-05,0.0004659,2.64E-05,214.837893,0.662016126,0.371750425,-0.650796643
2.98E-05,0.0004659,5.15E-05,47.0014187,0.432987797,0.389065855,-0.813110895
2.98E-05,0.0004659,7.67E-05,-320.8096899,0.189504289,0.457054431,-0.869016324
2.98E-05,0.0004659,0.000101895,-1075.969361,-0.010474533,0.894107276,-0.447730347
2.98E-05,0.0004659,0.000127068,-1377.226906,-0.035456657,0.992708991,0.115202797
2.98E-05,0.0004659,0.000152242,-666.0468221,0.170936132,0.638769213,0.750169802
2.98E-05,0.0004659,0.000177416,-321.882253,0.51844208,0.629092168,0.579189825
2.98E-05,0.0004659,0.000202589,-249.7017279,0.72627383,0.68738061,0.005849827
2.98E-05,0.0004659,0.000227763,-318.8014449,0.628800325,0.663604427,-0.405264501
2.98E-05,0.0004659,0.000252937,-473.610227,0.463008215,0.660271339,-0.591324913
2.98E-05,0.0004659,0.000278111,-685.8719049,0.298714882,0.683824026,-0.665698221
2.98E-05,0.0004659,0.000303284,-935.8253649,0.142488092,0.721584352,-0.677505105
2.98E-05,0.0004659,0.000328458,-1204.994878,-0.00593001,0.763501174,-0.645779213
2.98E-05,0.0004659,0.000353632,-1473.543964,-0.146701693,0.801710243,-0.579430151
2.98E-05,0.0004659,0.000378805,-1720.09088,-0.278747407,0.829800928,-0.483456619
2.98E-05,0.0004659,0.000403979,-1923.19628,-0.397847832,0.843291556,-0.361353641
2.98E-05,0.0004659,0.000429153,-2064.082869,-0.494944792,0.841197008,-0.217755015
2.98E-05,0.0004659,0.000454326,-2130.412138,-0.558389493,0.827353542,-0.060723059
2.98E-05,0.0004659,0.0004795,-2120.302145,-0.196966648,0.274395862,0.941228479
2.98E-05,0.0004915,1.20E-06,338.230552,0.094540458,0.31959914,0.942824741
2.98E-05,0.0004915,2.64E-05,296.9420443,0.350330236,0.919934023,-0.176040107
2.98E-05,0.0004915,5.15E-05,203.9682634,0.350981174,0.892670694,-0.282756517
2.98E-05,0.0004915,7.67E-05,34.947655,0.267905496,0.919828745,-0.286603777
2.98E-05,0.0004915,0.000101895,-179.3999923,0.167926107,0.975648292,-0.141107168
2.98E-05,0.0004915,0.000127068,-260.4522876,0.150744035,0.988521035,0.010119298
2.98E-05,0.0004915,0.000152242,-155.2318274,0.244845161,0.962135664,0.119773996
2.98E-05,0.0004915,0.000177416,-60.28161487,0.353934286,0.931749648,0.081074749
2.98E-05,0.0004915,0.000202589,-56.19270339,0.435001422,0.89720539,-0.07613311
2.98E-05,0.0004915,0.000227763,-133.6664883,0.478597631,0.835246718,-0.270753075
2.98E-05,0.0004915,0.000252937,-272.6775878,0.483735077,0.735079184,-0.475035755
2.98E-05,0.0004915,0.000278111,-456.6960082,0.446159712,0.577595452,-0.683611736
2.98E-05,0.0004915,0.000303284,-671.4294637,0.351352936,0.313919068,-0.882046446
2.98E-05,0.0004915,0.000328458,-902.6814233,0.174367516,-0.123470311,-0.976908927
2.98E-05,0.0004915,0.000353632,-1135.197646,-0.037495108,-0.607373339,-0.793531186
2.98E-05,0.0004915,0.000378805,-1352.480818,-0.152275681,-0.86609877,-0.476114521
2.98E-05,0.0004915,0.000403979,-1537.512953,-0.176386311,-0.952775973,-0.247195902
2.98E-05,0.0004915,0.000429153,-1674.561581,-0.165294772,-0.979616753,-0.114143136
2.98E-05,0.0004915,0.000454326,-1752.247254,-0.146828923,-0.988432137,-0.037989183
2.98E-05,0.0004915,0.0004795,-1767.08591,-0.105135393,-0.78736615,0.607454604
5.53E-05,5.10E-06,1.20E-06,1233.065154,0.103297628,0.103875755,0.989211518
5.53E-05,5.10E-06,2.64E-05,1160.370176,0.920717239,0.361546666,-0.146846087
5.53E-05,5.10E-06,5.15E-05,1132.566403,0.991188881,-0.084069299,0.102357002
5.53E-05,5.10E-06,7.67E-05,1233.790572,0.865560505,0.430754838,0.255451133
5.53E-05,5.10E-06,0.000101895,1374.219533,0.679026217,0.718187023,0.15208812
5.53E-05,5.10E-06,0.000127068,1441.256969,0.635933316,0.771537531,0.017850909
5.53E-05,5.10E-06,0.000152242,1402.249024,0.666896494,0.735592361,-0.118966149
5.53E-05,5.10E-06,0.000177416,1259.771648,0.702059511,0.659811481,-0.267882907
5.53E-05,5.10E-06,0.000202589,1027.862021,0.713501407,0.55928943,-0.422032078
5.53E-05,5.10E-06,0.000227763,723.9274891,0.69992277,0.429428106,-0.570700988
5.53E-05,5.10E-06,0.000252937,363.0629938,0.66349631,0.264700524,-0.699790168
5.53E-05,5.10E-06,0.000278111,-45.28903345,0.606984614,0.0697991,-0.791642447
5.53E-05,5.10E-06,0.000303284,-497.9672138,0.537761908,-0.138221689,-0.831689181
5.53E-05,5.10E-06,0.000328458,-996.9459248,0.468547944,-0.337616107,-0.816381154
5.53E-05,5.10E-06,0.000353632,-1546.130713,0.410631368,-0.511411835,-0.75487735
5.53E-05,5.10E-06,0.000378805,-2151.926214,0.372361764,-0.653375193,-0.659126372
5.53E-05,5.10E-06,0.000403979,-2804.9921,0.355426096,-0.767468214,-0.533539906
5.53E-05,5.10E-06,0.000429153,-3451.643759,0.352073774,-0.85516513,-0.380442713
5.53E-05,5.10E-06,0.000454326,-3979.425328,0.494231423,-0.817852318,-0.294708138
5.53E-05,5.10E-06,0.0004795,-4232.287861,0.237520402,-0.391569922,0.888964035
5.53E-05,3.07E-05,1.20E-06,1034.067682,0.107265552,-0.073955904,0.991475983
5.53E-05,3.07E-05,2.64E-05,712.809796,0.407373564,-0.769285855,-0.492184979
5.53E-05,3.07E-05,5.15E-05,359.8486066,0.090475881,-0.995897351,0.001606907
5.53E-05,3.07E-05,7.67E-05,722.7872851,0.432070112,-0.777972661,0.456151244
5.53E-05,3.07E-05,0.000101895,1138.717304,0.77059136,-0.399416061,0.496644507
5.53E-05,3.07E-05,0.000127068,1309.848891,0.95054068,-0.267742784,0.157436393
5.53E-05,3.07E-05,0.000152242,1305.051679,0.967090871,-0.217538562,-0.131955375
5.53E-05,3.07E-05,0.000177416,1169.305865,0.916040122,-0.205668939,-0.344341085
5.53E-05,3.07E-05,0.000202589,930.5194832,0.835517473,-0.213390385,-0.506334965
5.53E-05,3.07E-05,0.000227763,610.5905426,0.741845464,-0.233179903,-0.628722864
5.53E-05,3.07E-05,0.000252937,225.5074804,0.646910764,-0.261522423,-0.716318704
5.53E-05,3.07E-05,0.000278111,-216.4515547,0.559783729,-0.296047285,-0.773949728
5.53E-05,3.07E-05,0.000303284,-715.3783806,0.487230108,-0.33493569,-0.806489247
5.53E-05,3.07E-05,0.000328458,-1279.737385,0.434820824,-0.377611646,-0.817520823
5.53E-05,3.07E-05,0.000353632,-1926.338425,0.4073118,-0.426178473,-0.807755537
5.53E-05,3.07E-05,0.000378805,-2679.479524,0.409875296,-0.48451802,-0.772815975
5.53E-05,3.07E-05,0.000403979,-3557.318039,0.445907767,-0.562156081,-0.696524805
5.53E-05,3.07E-05,0.000429153,-4527.685009,0.436204463,-0.715883286,-0.545194266
5.53E-05,3.07E-05,0.000454326,-4153.21194,0.407663518,-0.802685209,0.435323915
5.53E-05,3.07E-05,0.0004795,-4302.823321,0.023543838,-0.042336165,0.998825979
5.53E-05,5.63E-05,1.20E-06,852.6046338,0.11051438,-0.044464322,0.992879396
5.53E-05,5.63E-05,2.64E-05,88.71858547,0.067985301,-0.061245781,-0.995804676
5.53E-05,5.63E-05,5.15E-05,-5155.807887,-0.025353163,-0.968402925,-0.248098755
5.53E-05,5.63E-05,7.67E-05,-117.0774076,0.087359167,-0.076672388,0.993221889
5.53E-05,5.63E-05,0.000101895,894.091845,0.542910806,-0.196280509,0.816530354
5.53E-05,5.63E-05,0.000127068,1153.59143,0.923650964,-0.277632723,0.264176017
5.53E-05,5.63E-05,0.000152242,1166.629292,0.951812576,-0.283258334,-0.117548019
5.53E-05,5.63E-05,0.000177416,1032.281703,0.892051976,-0.281984862,-0.353168247
5.53E-05,5.63E-05,0.000202589,788.4087933,0.805851865,-0.283920576,-0.519607428
5.53E-05,5.63E-05,0.000227763,458.025516,0.710012967,-0.290169525,-0.641625461
5.53E-05,5.63E-05,0.000252937,56.00285489,0.615355639,-0.300620395,-0.728673325
5.53E-05,5.63E-05,0.000278111,-411.2868201,0.530248692,-0.314059696,-0.787529575
5.53E-05,5.63E-05,0.000303284,-947.0289566,0.461345016,-0.328364241,-0.82421945
5.53E-05,5.63E-05,0.000328458,-1565.758981,0.414704978,-0.341667568,-0.843375986
5.53E-05,5.63E-05,0.000353632,-2297.152936,0.39658357,-0.354289115,-0.846877025
5.53E-05,5.63E-05,0.000378805,-3191.787862,0.414262675,-0.370746837,-0.831223928
5.53E-05,5.63E-05,0.000403979,-4321.915901,0.67954826,-0.571946533,-0.45944676
5.53E-05,5.63E-05,0.000429153,-4247.350557,-0.338307204,0.37477584,-0.863186715
5.53E-05,5.63E-05,0.000454326,-4401.06492,-0.851670007,-0.461215375,-0.248874622
5.53E-05,5.63E-05,0.0004795,-4455.878971,0.05862759,-0.043043864,0.997351508
5.53E-05,8.19E-05,1.20E-06,827.0993997,0.098493201,0.005919829,0.995120116
5.53E-05,8.19E-05,2.64E-05,337.0113784,0.300392181,0.413359113,-0.859592218
5.53E-05,8.19E-05,5.15E-05,-457.0376845,0.060286858,0.998057162,-0.01572885
5.53E-05,8.19E-05,7.67E-05,247.8523985,0.357723718,0.491759823,0.793855162
5.53E-05,8.19E-05,0.000101895,828.096595,0.710048868,-0.042708959,0.702855995
5.53E-05,8.19E-05,0.000127068,1018.578304,0.942976384,-0.269193169,0.195781965
5.53E-05,8.19E-05,0.000152242,1007.778182,0.92858847,-0.33345973,-0.162874376
5.53E-05,8.19E-05,0.000177416,862.2040419,0.854427243,-0.345274141,-0.388252307
5.53E-05,8.19E-05,0.000202589,611.4242,0.763559932,-0.343265919,-0.546941258
5.53E-05,8.19E-05,0.000227763,273.7570626,0.667873719,-0.338389051,-0.662900857
5.53E-05,8.19E-05,0.000252937,-139.2083363,0.575883758,-0.334022499,-0.746181524
5.53E-05,8.19E-05,0.000278111,-623.2255925,0.494889506,-0.329686993,-0.803984367
5.53E-05,8.19E-05,0.000303284,-1183.102373,0.431362517,-0.322133745,-0.842707677
5.53E-05,8.19E-05,0.000328458,-1835.960921,0.391772769,-0.306772361,-0.867412714
5.53E-05,8.19E-05,0.000353632,-2618.103925,0.383112739,-0.280223001,-0.880170267
5.53E-05,8.19E-05,0.000378805,-3597.868776,0.41354117,-0.244033607,-0.877172332
5.53E-05,8.19E-05,0.000403979,-4893.598002,0.243502328,-0.625364524,-0.74136754
5.53E-05,8.19E-05,0.000429153,-4492.738358,-0.721901018,-0.470250235,0.507664886
5.53E-05,8.19E-05,0.000454326,-4546.202021,0.299224451,-0.93497171,-0.190506246
5.53E-05,8.19E-05,0.0004795,-4533.401893,0.010231426,-0.007370572,0.999920493
5.53E-05,0.0001075,1.20E-06,882.0686992,0.087689092,0.013779528,0.996052583
5.53E-05,0.0001075,2.64E-05,716.6896244,0.654435642,0.655573556,-0.376745675
5.53E-05,0.0001075,5.15E-05,597.4880686,0.398339729,0.917062312,-0.017949255
5.53E-05,0.0001075,7.67E-05,692.4908373,0.719265948,0.63210876,0.288262055
5.53E-05,0.0001075,0.000101895,846.4656627,0.958581589,-0.01883003,0.284194944
5.53E-05,0.0001075,0.000127068,902.3518196,0.955492039,-0.294938985,-0.006779207
5.53E-05,0.0001075,0.000152242,841.0557625,0.888857253,-0.377353471,-0.259879089
5.53E-05,0.0001075,0.000177416,673.8334903,0.802902668,-0.393820645,-0.447495928
5.53E-05,0.0001075,0.000202589,412.8391125,0.709622995,-0.387934796,-0.588168172
5.53E-05,0.0001075,0.000227763,68.3633031,0.615394302,-0.375257381,-0.693160697
5.53E-05,0.0001075,0.000252937,-352.3244858,0.526724509,-0.361321777,-0.769420474
5.53E-05,0.0001075,0.000278111,-846.6019992,0.450090874,-0.345930364,-0.823255967
5.53E-05,0.0001075,0.000303284,-1418.460336,0.39195153,-0.324274717,-0.860941291
5.53E-05,0.0001075,0.000328458,-2081.861526,0.359434297,-0.287795792,-0.887682696
5.53E-05,0.0001075,0.000353632,-2867.597523,0.360458133,-0.226731399,-0.904799871
5.53E-05,0.0001075,0.000378805,-3835.562124,0.40312914,-0.136321628,-0.904932766
5.53E-05,0.0001075,0.000403979,-5089.547078,0.219040438,-0.106025977,-0.969938028
5.53E-05,0.0001075,0.000429153,-4574.593184,-0.784921572,-0.203191032,0.585330274
5.53E-05,0.0001075,0.000454326,-4604.014226,-0.35450104,-0.73824018,0.573873199
5.53E-05,0.0001075,0.0004795,-4496.157178,-0.007902118,-0.000286596,0.999968737
5.53E-05,0.0001331,1.20E-06,900.4359053,0.078011871,-0.00252626,0.996949229
5.53E-05,0.0001331,2.64E-05,840.5950903,0.948849073,0.241253443,-0.203671827
5.53E-05,0.0001331,5.15E-05,800.2631552,0.927437496,0.367858248,-0.067379526
5.53E-05,0.0001331,7.67E-05,803.0630414,0.989899286,0.139774569,0.023716535
5.53E-05,0.0001331,0.000101895,813.9562647,0.982256611,-0.183729553,-0.037621832
5.53E-05,0.0001331,0.000127068,779.2270507,0.913453751,-0.354645079,-0.199572323
5.53E-05,0.0001331,0.000152242,670.3423181,0.829983884,-0.415838417,-0.371759549
5.53E-05,0.0001331,0.000177416,478.9681937,0.739760309,-0.426110517,-0.520753792
5.53E-05,0.0001331,0.000202589,205.3146853,0.645796597,-0.415521361,-0.640537863
5.53E-05,0.0001331,0.000227763,-147.495737,0.552446562,-0.398574204,-0.732080187
5.53E-05,0.0001331,0.000252937,-576.1547801,0.465273911,-0.381485981,-0.798741907
5.53E-05,0.0001331,0.000278111,-1078.800221,0.39032062,-0.364444786,-0.845476086
5.53E-05,0.0001331,0.000303284,-1656.243772,0.334039259,-0.341791261,-0.878405662
5.53E-05,0.0001331,0.000328458,-2313.742468,0.304729791,-0.301142354,-0.903577909
5.53E-05,0.0001331,0.000353632,-3065.001269,0.313070519,-0.223316155,-0.923101698
5.53E-05,0.0001331,0.000378805,-3938.258021,0.369249951,-0.088126636,-0.925142243
5.53E-05,0.0001331,0.000403979,-4975.751143,0.227346816,0.349813005,-0.908814771
5.53E-05,0.0001331,0.000429153,-4664.140148,-0.763871506,-0.294060067,0.574481505
5.53E-05,0.0001331,0.000454326,-4648.812188,-0.366054169,-0.701898818,0.611017508
5.53E-05,0.0001331,0.0004795,-4535.00086,-0.016761151,-0.038056646,0.999135004
5.53E-05,0.0001587,1.20E-06,868.216305,0.067005049,-0.017249713,0.997603514
5.53E-05,0.0001587,2.64E-05,837.3557429,0.978080918,-0.147381344,-0.147093362
5.53E-05,0.0001587,5.15E-05,805.8642174,0.982885657,-0.125400082,-0.134946671
5.53E-05,0.0001587,7.67E-05,774.5585233,0.965079085,-0.214448622,-0.150446495
5.53E-05,0.0001587,0.000101895,728.0891685,0.91496752,-0.334665245,-0.225463104
5.53E-05,0.0001587,0.000127068,642.8242931,0.843214517,-0.412380604,-0.344864489
5.53E-05,0.0001587,0.000152242,499.5079655,0.760183398,-0.44143186,-0.476717018
5.53E-05,0.0001587,0.000177416,286.8773363,0.669597886,-0.439378938,-0.598819521
5.53E-05,0.0001587,0.000202589,-0.434622433,0.574506539,-0.423323172,-0.700528179
5.53E-05,0.0001587,0.000227763,-364.3056499,0.479371225,-0.405047984,-0.778549523
5.53E-05,0.0001587,0.000252937,-804.6561515,0.389332047,-0.390625908,-0.834165426
5.53E-05,0.0001587,0.000278111,-1320.061829,0.30964013,-0.381637104,-0.870905339
5.53E-05,0.0001587,0.000303284,-1907.119065,0.246144917,-0.373930979,-0.894197015
5.53E-05,0.0001587,0.000328458,-2559.320062,0.207588868,-0.355270968,-0.911421637
5.53E-05,0.0001587,0.000353632,-3267.254731,0.208437575,-0.300333196,-0.930781257
5.53E-05,0.0001587,0.000378805,-4020.657558,0.269680521,-0.163911638,-0.948896934
5.53E-05,0.0001587,0.000403979,-4805.415265,0.680047051,0.178559831,-0.711092396
5.53E-05,0.0001587,0.000429153,-4744.777627,-0.764642617,-0.617484477,0.18448466
5.53E-05,0.0001587,0.000454326,-4754.873645,-0.254931084,-0.955641149,0.147513177
5.53E-05,0.0001587,0.0004795,-4711.105305,-0.017167128,-0.059319384,0.998091429
5.53E-05,0.0001843,1.20E-06,802.8718976,0.05690388,-0.025560738,0.998052402
5.53E-05,0.0001843,2.64E-05,777.0629299,0.917688662,-0.364205093,-0.158751915
5.53E-05,0.0001843,5.15E-05,740.9201897,0.912717887,-0.355680343,-0.201090908
5.53E-05,0.0001843,7.67E-05,690.3239156,0.885934749,-0.383274617,-0.261189946
5.53E-05,0.0001843,0.000101895,615.1056422,0.837091994,-0.421702876,-0.348487702
5.53E-05,0.0001843,0.000127068,501.2663145,0.770216321,-0.44527558,-0.456614145
5.53E-05,0.0001843,0.000152242,335.1597,0.68938746,-0.446448709,-0.570463391
5.53E-05,0.0001843,0.000177416,105.9271611,0.59768773,-0.430494823,-0.676345759
5.53E-05,0.0001843,0.000202589,-194.8535968,0.498990272,-0.408070707,-0.764517499
5.53E-05,0.0001843,0.000227763,-572.9854964,0.398457345,-0.38958537,-0.83033426
5.53E-05,0.0001843,0.000252937,-1031.299133,0.300000248,-0.380750577,-0.874659276
5.53E-05,0.0001843,0.000278111,-1570.088964,0.206945713,-0.385456842,-0.899219937
5.53E-05,0.0001843,0.000303284,-2183.246943,0.122889202,-0.403734664,-0.906585112
5.53E-05,0.0001843,0.000328458,-2852.900152,0.05323984,-0.429822183,-0.90134256
5.53E-05,0.0001843,0.000353632,-3544.513205,0.008779145,-0.44698754,-0.894497102
5.53E-05,0.0001843,0.000378805,-4208.458177,0.013184345,-0.414681312,-0.90987119
5.53E-05,0.0001843,0.000403979,-4790.840675,0.198055952,-0.343360426,-0.918083579
5.53E-05,0.0001843,0.000429153,-4836.171707,-0.703683439,-0.626809172,-0.334574177
5.53E-05,0.0001843,0.000454326,-4870.647291,-0.853180813,-0.509023644,-0.113918527
5.53E-05,0.0001843,0.0004795,-4874.856529,-0.034299184,-0.05686657,0.997792443
5.53E-05,0.0002099,1.20E-06,721.0158348,0.047715879,-0.028835167,0.998444654
5.53E-05,0.0002099,2.64E-05,692.8205819,0.853393324,-0.481653285,-0.199323725
5.53E-05,0.0002099,5.15E-05,649.8460773,0.844018514,-0.465044375,-0.267145051
5.53E-05,0.0002099,7.67E-05,586.8095161,0.816656082,-0.460599232,-0.347737243
5.53E-05,0.0002099,0.000101895,495.4373588,0.770408013,-0.458292952,-0.443214467
5.53E-05,0.0002099,0.000127068,365.2067673,0.705947802,-0.448000612,-0.548573744
5.53E-05,0.0002099,0.000152242,184.8731295,0.625052208,-0.426509598,-0.65375783
5.53E-05,0.0002099,0.000177416,-56.18979638,0.52966229,-0.397416058,-0.749345271
5.53E-05,0.0002099,0.000202589,-368.9495465,0.424471281,-0.367699576,-0.827418367
5.53E-05,0.0002099,0.000227763,-763.4045537,0.315773915,-0.346632716,-0.88325115
5.53E-05,0.0002099,0.000252937,-1246.058943,0.20437116,-0.341832455,-0.917269318
5.53E-05,0.0002099,0.000278111,-1822.21455,0.091414685,-0.358023902,-0.92922669
5.53E-05,0.0002099,0.000303284,-2488.075251,-0.023437369,-0.399341315,-0.916502703
5.53E-05,0.0002099,0.000328458,-3219.458792,-0.140723423,-0.466876978,-0.873053724
5.53E-05,0.0002099,0.000353632,-3956.109671,-0.257158514,-0.55292641,-0.792554026
5.53E-05,0.0002099,0.000378805,-4598.301075,-0.453987902,-0.272185515,-0.848416189
5.53E-05,0.0002099,0.000403979,-5044.153893,0.252137071,-0.061292224,-0.965748498
5.53E-05,0.0002099,0.000429153,-4896.823631,0.78418702,-0.435914491,0.441621189
5.53E-05,0.0002099,0.000454326,-4930.656851,0.865623279,-0.168205594,-0.471596456
5.53E-05,0.0002099,0.0004795,-5039.928572,0.025322975,-0.003083418,0.999674567
5.53E-05,0.0002355,1.20E-06,634.505816,0.041934873,-0.030312225,0.99866042
5.53E-05,0.0002355,2.64E-05,602.1732415,0.801223511,-0.542533016,-0.252386237
5.53E-05,0.0002355,5.15E-05,553.2515746,0.791174677,-0.513125747,-0.332783111
5.53E-05,0.0002355,7.67E-05,482.3365248,0.764788007,-0.486258094,-0.422672887
5.53E-05,0.0002355,0.000101895,382.0832914,0.72027632,-0.457170008,-0.521725605
5.53E-05,0.0002355,0.000127068,243.3444216,0.656451256,-0.421768296,-0.625446443
5.53E-05,0.0002355,0.000152242,55.58615056,0.573407506,-0.380074653,-0.725773442
5.53E-05,0.0002355,0.000177416,-192.7674314,0.473350945,-0.337022321,-0.813851853
5.53E-05,0.0002355,0.000202589,-514.457792,0.361133659,-0.29895201,-0.883295068
5.53E-05,0.0002355,0.000227763,-923.037274,0.241204761,-0.273051273,-0.931269706
5.53E-05,0.0002355,0.000252937,-1432.560774,0.114945912,-0.267047858,-0.956803469
5.53E-05,0.0002355,0.000278111,-2056.732354,-0.018983568,-0.285425041,-0.958213009
5.53E-05,0.0002355,0.000303284,-2802.368617,-0.165206929,-0.333080446,-0.928312494
5.53E-05,0.0002355,0.000328458,-3651.245712,-0.329345337,-0.413091294,-0.849050783
5.53E-05,0.0002355,0.000353632,-4522.755048,-0.613651805,-0.625341546,-0.482057479
5.53E-05,0.0002355,0.000378805,-4563.431564,-0.452551949,-0.224195057,-0.863095192
5.53E-05,0.0002355,0.000403979,-4810.107567,0.158279499,0.459522382,-0.873948958
5.53E-05,0.0002355,0.000429153,-4950.099356,0.696238648,0.002821206,-0.717804838
5.53E-05,0.0002355,0.000454326,-4922.55331,0.05298583,0.809516294,0.584701524
5.53E-05,0.0002355,0.0004795,-4892.583882,-0.057579043,0.027670812,0.997957404
5.53E-05,0.0002611,1.20E-06,551.4096597,0.036009881,-0.028642811,0.998940878
5.53E-05,0.0002611,2.64E-05,515.1973657,0.765855842,-0.562666544,-0.31124137
5.53E-05,0.0002611,5.15E-05,461.9379276,0.756758681,-0.520262582,-0.395781689
5.53E-05,0.0002611,7.67E-05,386.556561,0.732291895,-0.476501594,-0.486512909
5.53E-05,0.0002611,0.000101895,282.4703574,0.690300617,-0.42786432,-0.58345281
5.53E-05,0.0002611,0.000127068,141.3055929,0.627788955,-0.37207667,-0.683695824
5.53E-05,0.0002611,0.000152242,-47.37857566,0.542758689,-0.311223899,-0.780097872
5.53E-05,0.0002611,0.000177416,-296.2470474,0.437018868,-0.252153823,-0.863384595
5.53E-05,0.0002611,0.000202589,-620.2956884,0.316020423,-0.20299017,-0.926782652
5.53E-05,0.0002611,0.000227763,-1037.154041,0.185013312,-0.170191382,-0.967886857
5.53E-05,0.0002611,0.000252937,-1567.836541,0.045732814,-0.157664567,-0.986433168
5.53E-05,0.0002611,0.000278111,-2237.152201,-0.104671092,-0.167443661,-0.980309432
5.53E-05,0.0002611,0.000303284,-3069.878697,-0.274173526,-0.201524765,-0.940327946
5.53E-05,0.0002611,0.000328458,-4070.658704,-0.474656102,-0.260524936,-0.840730839
5.53E-05,0.0002611,0.000353632,-5159.468021,-0.478231744,0.137656868,-0.867378225
5.53E-05,0.0002611,0.000378805,-4674.206974,0.144139716,-0.368235517,0.918491343
5.53E-05,0.0002611,0.000403979,-4837.40091,0.792832567,-0.162278331,-0.58743703
5.53E-05,0.0002611,0.000429153,-4896.374198,0.939518921,0.33824676,-0.053789651
5.53E-05,0.0002611,0.000454326,-4849.678438,-0.310108134,0.947701298,0.075466515
5.53E-05,0.0002611,0.0004795,-4883.236113,-0.072579752,0.005497244,0.997347462
5.53E-05,0.0002867,1.20E-06,477.0941928,0.031544275,-0.025290442,0.999182342
5.53E-05,0.0002867,2.64E-05,437.6857774,0.751236216,-0.5450448,-0.372250337
5.53E-05,0.0002867,5.15E-05,381.287064,0.742453305,-0.494553599,-0.451862619
5.53E-05,0.0002867,7.67E-05,303.5852457,0.720530132,-0.443518062,-0.533036638
5.53E-05,0.0002867,0.000101895,199.187273,0.684310026,-0.384748262,-0.619425995
5.53E-05,0.0002867,0.000127068,60.79612625,0.627436493,-0.313127875,-0.712933645
5.53E-05,0.0002867,0.000152242,-121.9338705,0.542848579,-0.231653171,-0.807249793
5.53E-05,0.0002867,0.000177416,-362.9230296,0.430638325,-0.152540527,-0.889540342
5.53E-05,0.0002867,0.000202589,-679.4844065,0.299141311,-0.088636009,-0.950083225
5.53E-05,0.0002867,0.000227763,-1092.472654,0.15714282,-0.045689821,-0.986518411
5.53E-05,0.0002867,0.000252937,-1627.60819,0.007734993,-0.023030061,-0.99970485
5.53E-05,0.0002867,0.000278111,-2317.636413,-0.152387317,-0.017618764,-0.988163795
5.53E-05,0.0002867,0.000303284,-3201.967917,-0.333000005,-0.026472962,-0.942555133
5.53E-05,0.0002867,0.000328458,-4309.73156,-0.787482763,-0.06641096,-0.612748302
5.53E-05,0.0002867,0.000353632,-4425.347062,-0.309261807,0.864072358,-0.397160038
5.53E-05,0.0002867,0.000378805,-4694.739257,0.474010005,0.241567293,-0.846734762
5.53E-05,0.0002867,0.000403979,-4872.520183,-0.793816406,0.284214567,-0.537659366
5.53E-05,0.0002867,0.000429153,-4871.586812,0.834259799,0.431440529,0.343321507
5.53E-05,0.0002867,0.000454326,-4754.772444,-0.268674819,0.962259736,0.043243976
5.53E-05,0.0002867,0.0004795,-4862.309662,-0.087627043,0.030846697,0.995675641
5.53E-05,0.0003123,1.20E-06,414.9889341,0.02953425,-0.021206765,0.999338782
5.53E-05,0.0003123,2.64E-05,372.5419998,0.759212721,-0.486389303,-0.432459814
5.53E-05,0.0003123,5.15E-05,312.6823269,0.746646599,-0.443328899,-0.495962038
5.53E-05,0.0003123,7.67E-05,232.4727956,0.727146747,-0.407149271,-0.552708856
5.53E-05,0.0003123,0.000101895,129.1112242,0.702710307,-0.358204398,-0.61472582
5.53E-05,0.0003123,0.000127068,-2.122659595,0.66243245,-0.277697996,-0.695749288
5.53E-05,0.0003123,0.000152242,-171.0307027,0.586393419,-0.166541415,-0.792721083
5.53E-05,0.0003123,0.000177416,-393.4763153,0.467106187,-0.053071795,-0.882607044
5.53E-05,0.0003123,0.000202589,-689.5101056,0.32056667,0.034407704,-0.946600824
5.53E-05,0.0003123,0.000227763,-1081.809287,0.165181243,0.090564879,-0.982096309
5.53E-05,0.0003123,0.000252937,-1596.538439,0.007063092,0.124345078,-0.992213895
5.53E-05,0.0003123,0.000278111,-2265.698095,-0.157341245,0.146298029,-0.976647643
5.53E-05,0.0003123,0.000303284,-3126.776964,-0.337929061,0.164811913,-0.926628827
5.53E-05,0.0003123,0.000328458,-4205.49658,-0.770394667,0.259340269,-0.582438564
5.53E-05,0.0003123,0.000353632,-4307.649328,-0.56231917,-0.58772598,-0.581700373
5.53E-05,0.0003123,0.000378805,-4544.471238,0.309810079,0.575561433,-0.756800338
5.53E-05,0.0003123,0.000403979,-4742.333565,0.658717875,0.64923583,-0.3802415
5.53E-05,0.0003123,0.000429153,-4745.898734,0.42049991,0.863067417,0.279811472
5.53E-05,0.0003123,0.000454326,-4639.748444,-0.587892382,-0.804886313,0.080873795
5.53E-05,0.0003123,0.0004795,-4718.404453,-0.122143767,0.082296035,0.989094668
5.53E-05,0.0003379,1.20E-06,367.2306998,0.030544337,-0.016437697,0.999398242
5.53E-05,0.0003379,2.64E-05,320.6725049,0.782941441,-0.383743093,-0.489636538
5.53E-05,0.0003379,5.15E-05,253.962132,0.758397556,-0.379430872,-0.529967321
5.53E-05,0.0003379,7.67E-05,166.0687681,0.737060954,-0.399613551,-0.545023083
5.53E-05,0.0003379,0.000101895,60.17208891,0.727735976,-0.402017086,-0.555682113
5.53E-05,0.0003379,0.000127068,-61.02982952,0.725902309,-0.330105528,-0.603403826
5.53E-05,0.0003379,0.000152242,-205.5450639,0.686770847,-0.164182124,-0.708089001
5.53E-05,0.0003379,0.000177416,-394.6275422,0.564104163,0.024797009,-0.825331207
5.53E-05,0.0003379,0.000202589,-654.0406888,0.390998771,0.156298197,-0.907023062
5.53E-05,0.0003379,0.000227763,-1007.413753,0.214496393,0.228893421,-0.949525723
5.53E-05,0.0003379,0.000252937,-1476.729677,0.045948828,0.271867364,-0.961237141
5.53E-05,0.0003379,0.000278111,-2084.530717,-0.120164071,0.307399419,-0.943963025
5.53E-05,0.0003379,0.000303284,-2851.108939,-0.293112552,0.349103143,-0.890062935
5.53E-05,0.0003379,0.000328458,-3775.024426,-0.481746885,0.404076238,-0.777587508
5.53E-05,0.0003379,0.000353632,-4773.633019,-0.587645011,0.424083197,-0.689076761
5.53E-05,0.0003379,0.000378805,-4358.554943,-0.672223457,-0.021323306,0.740041175
5.53E-05,0.0003379,0.000403979,-4522.772454,-0.310286636,-0.437689921,-0.843889647
5.53E-05,0.0003379,0.000429153,-4549.808501,-0.36959308,-0.059501455,-0.927286651
5.53E-05,0.0003379,0.000454326,-5033.039801,-0.919345844,0.319428096,0.229714845
5.53E-05,0.0003379,0.0004795,-4434.615981,-0.19821628,0.115013422,0.973386983
5.53E-05,0.0003635,1.20E-06,335.4513414,0.035057795,-0.010260394,0.999332615
5.53E-05,0.0003635,2.64E-05,282.266615,0.803434421,-0.241746173,-0.544106532
5.53E-05,0.0003635,5.15E-05,200.1190455,0.757684056,-0.309641875,-0.574488277
5.53E-05,0.0003635,7.67E-05,87.97874856,0.719810705,-0.437626303,-0.538846702
5.53E-05,0.0003635,0.000101895,-37.96926257,0.69981902,-0.557976111,-0.445999999
5.53E-05,0.0003635,0.000127068,-149.950936,0.744128347,-0.541474576,-0.391252203
5.53E-05,0.0003635,0.000152242,-249.6907625,0.827610412,-0.295406143,-0.477280018
5.53E-05,0.0003635,0.000177416,-379.7731017,0.742700374,0.058873055,-0.667030823
5.53E-05,0.0003635,0.000202589,-582.1265433,0.520560731,0.271607791,-0.809472503
5.53E-05,0.0003635,0.000227763,-880.1327173,0.307235628,0.360241158,-0.880813588
5.53E-05,0.0003635,0.000252937,-1286.737604,0.123093273,0.406279988,-0.905419581
5.53E-05,0.0003635,0.000278111,-1810.555127,-0.045462855,0.447942827,-0.892905567
5.53E-05,0.0003635,0.000303284,-2452.497728,-0.209132866,0.500919457,-0.839847094
5.53E-05,0.0003635,0.000328458,-3189.530963,-0.371749784,0.569730563,-0.732945553
5.53E-05,0.0003635,0.000353632,-3942.44138,-0.523689361,0.643430931,-0.55834227
5.53E-05,0.0003635,0.000378805,-4551.821863,-0.465191139,0.535662606,-0.704743057
5.53E-05,0.0003635,0.000403979,-4843.208576,-0.654655553,0.698767215,-0.28835826
5.53E-05,0.0003635,0.000429153,-4779.19569,-0.689682571,0.583975311,0.428148091
5.53E-05,0.0003635,0.000454326,-4476.855785,-0.481103132,0.733949069,0.479435647
5.53E-05,0.0003635,0.0004795,-4069.513541,-0.210169094,0.149286712,0.966199995
5.53E-05,0.0003891,1.20E-06,321.7932353,0.043570005,-0.001453612,0.999049319
5.53E-05,0.0003891,2.64E-05,259.5261879,0.802525164,-0.072018312,-0.592255624
5.53E-05,0.0003891,5.15E-05,147.4700342,0.726959058,-0.202406567,-0.656172316
5.53E-05,0.0003891,7.67E-05,-30.57013462,0.664659342,-0.446304155,-0.599199934
5.53E-05,0.0003891,0.000101895,-242.5349799,0.576724655,-0.742035315,-0.341719568
5.53E-05,0.0003891,0.000127068,-359.0045501,0.589938331,-0.800502362,-0.105682233
5.53E-05,0.0003891,0.000152242,-350.1993708,0.868685789,-0.495277434,-0.009233839
5.53E-05,0.0003891,0.000177416,-364.7894113,0.959928518,0.067685386,-0.271948393
5.53E-05,0.0003891,0.000202589,-483.308441,0.697219564,0.381581937,-0.606860861
5.53E-05,0.0003891,0.000227763,-714.3568434,0.435229494,0.473593623,-0.765692084
5.53E-05,0.0003891,0.000252937,-1052.160076,0.231353922,0.513685662,-0.826197557
5.53E-05,0.0003891,0.000278111,-1489.801278,0.057640444,0.553328332,-0.830966507
5.53E-05,0.0003891,0.000303284,-2014.702209,-0.101559311,0.605086068,-0.789655974
5.53E-05,0.0003891,0.000328458,-2597.253491,-0.250867044,0.668416825,-0.700203309
5.53E-05,0.0003891,0.000353632,-3177.149397,-0.387049921,0.731422445,-0.561438836
5.53E-05,0.0003891,0.000378805,-3662.303239,-0.504240732,0.77320914,-0.384563273
5.53E-05,0.0003891,0.000403979,-3962.455477,-0.60320758,0.775147612,-0.187847796
5.53E-05,0.0003891,0.000429153,-4041.657055,-0.684503943,0.728773273,0.018543721
5.53E-05,0.0003891,0.000454326,-3928.216895,-0.731291041,0.644285409,0.223852017
5.53E-05,0.0003891,0.0004795,-3678.478714,-0.228952126,0.176025068,0.957390255
5.53E-05,0.0004147,1.20E-06,329.624528,0.056214612,0.010770193,0.998360616
5.53E-05,0.0004147,2.64E-05,260.7099227,0.78754981,0.104852995,-0.607265301
5.53E-05,0.0004147,5.15E-05,109.1188961,0.662786073,-0.020645025,-0.748524151
5.53E-05,0.0004147,7.67E-05,-207.429453,0.575078996,-0.233848255,-0.783963738
5.53E-05,0.0004147,0.000101895,-763.2340144,0.582884921,-0.699769686,-0.412998252
5.53E-05,0.0004147,0.000127068,-979.2781378,0.54477349,-0.834208061,0.085549723
5.53E-05,0.0004147,0.000152242,-565.2292563,0.750941718,-0.326441692,0.57404038
5.53E-05,0.0004147,0.000177416,-346.0824629,0.933126093,0.163208093,0.320372929
5.53E-05,0.0004147,0.000202589,-358.6032288,0.8292802,0.473679524,-0.296516538
5.53E-05,0.0004147,0.000227763,-522.3297933,0.568022002,0.550889606,-0.611450446
5.53E-05,0.0004147,0.000252937,-796.4426694,0.355043814,0.581623331,-0.731886734
5.53E-05,0.0004147,0.000278111,-1158.758178,0.176814587,0.617220454,-0.76666519
5.53E-05,0.0004147,0.000303284,-1589.524328,0.016735166,0.663968608,-0.747573155
5.53E-05,0.0004147,0.000328458,-2061.061969,-0.13188695,0.717523792,-0.683933799
5.53E-05,0.0004147,0.000353632,-2531.435213,-0.27150914,0.767131453,-0.581198865
5.53E-05,0.0004147,0.000378805,-2946.133279,-0.40462543,0.79789216,-0.446818041
5.53E-05,0.0004147,0.000403979,-3251.307958,-0.533749805,0.795452985,-0.28699424
5.53E-05,0.0004147,0.000429153,-3410.822598,-0.649985267,0.752767549,-0.104212139
5.53E-05,0.0004147,0.000454326,-3413.862772,-0.72509654,0.682327402,0.093082351
5.53E-05,0.0004147,0.0004795,-3274.876749,-0.246380349,0.206086359,0.94700852
5.53E-05,0.0004403,1.20E-06,360.5806403,0.072320441,0.023715714,0.997099453
5.53E-05,0.0004403,2.64E-05,298.2443956,0.801270471,0.261750644,-0.538007651
5.53E-05,0.0004403,5.15E-05,134.3396343,0.637227774,0.184765718,-0.748199434
5.53E-05,0.0004403,7.67E-05,-295.1906785,0.446955148,0.086350477,-0.890378959
5.53E-05,0.0004403,0.000101895,-1572.475644,0.752342742,0.035427376,-0.657818591
5.53E-05,0.0004403,0.000127068,-2322.475975,0.974242846,0.024793659,0.224134228
5.53E-05,0.0004403,0.000152242,-716.3791029,0.485850025,0.099786739,0.868327335
5.53E-05,0.0004403,0.000177416,-257.7449774,0.766867068,0.324587642,0.553676587
5.53E-05,0.0004403,0.000202589,-196.9886136,0.84795039,0.523729355,-0.081778353
5.53E-05,0.0004403,0.000227763,-313.2026119,0.66737439,0.576269509,-0.471725424
5.53E-05,0.0004403,0.000252937,-537.8314815,0.473622659,0.603906783,-0.641075794
5.53E-05,0.0004403,0.000278111,-840.5008986,0.298945776,0.640636019,-0.707260146
5.53E-05,0.0004403,0.000303284,-1199.735598,0.13763358,0.686863175,-0.713635745
5.53E-05,0.0004403,0.000328458,-1592.34795,-0.015316188,0.736557497,-0.676201499
5.53E-05,0.0004403,0.000353632,-1989.149289,-0.163960899,0.780837309,-0.602834903
5.53E-05,0.0004403,0.000378805,-2355.04191,-0.312307404,0.809150835,-0.497733877
5.53E-05,0.0004403,0.000403979,-2652.678926,-0.459901873,0.811327294,-0.360885423
5.53E-05,0.0004403,0.000429153,-2847.571069,-0.591326715,0.78318318,-0.192241572
5.53E-05,0.0004403,0.000454326,-2914.808247,-0.676853298,0.736115592,-0.001856773
5.53E-05,0.0004403,0.0004795,-2850.031371,-0.24580032,0.24446008,0.937987991
5.53E-05,0.0004659,1.20E-06,405.7734343,0.090389718,0.034376104,0.995313007
5.53E-05,0.0004659,2.64E-05,372.6443845,0.863395498,0.371046024,-0.341867023
5.53E-05,0.0004659,5.15E-05,258.1477688,0.740718173,0.379674313,-0.554241829
5.53E-05,0.0004659,7.67E-05,-39.09633822,0.612942533,0.431534516,-0.661875678
5.53E-05,0.0004659,0.000101895,-652.2038724,0.603268025,0.713221397,-0.356907452
5.53E-05,0.0004659,0.000127068,-882.9732429,0.569537764,0.814129479,0.113225112
5.53E-05,0.0004659,0.000152242,-323.9355345,0.65277746,0.541601778,0.529668861
5.53E-05,0.0004659,0.000177416,-36.43822669,0.792940013,0.504172012,0.342135526
5.53E-05,0.0004659,0.000202589,2.576263915,0.840718651,0.534945007,-0.083821176
5.53E-05,0.0004659,0.000227763,-98.89771715,0.72984729,0.554777112,-0.399431207
5.53E-05,0.0004659,0.000252937,-291.3046297,0.573799286,0.585139599,-0.573032311
5.53E-05,0.0004659,0.000278111,-549.0522277,0.413417734,0.629304395,-0.658074278
5.53E-05,0.0004659,0.000303284,-853.6285272,0.255630606,0.681932816,-0.685288718
5.53E-05,0.0004659,0.000328458,-1186.625292,0.100482559,0.736365647,-0.66908063
5.53E-05,0.0004659,0.000353632,-1526.806331,-0.053849468,0.78552473,-0.616482874
5.53E-05,0.0004659,0.000378805,-1849.185896,-0.208841723,0.822084632,-0.529681028
5.53E-05,0.0004659,0.000403979,-2125.272985,-0.36029908,0.839212212,-0.407317366
5.53E-05,0.0004659,0.000429153,-2324.835085,-0.491714538,0.833950765,-0.2504854
5.53E-05,0.0004659,0.000454326,-2421.960862,-0.578337677,0.812770343,-0.070213255
5.53E-05,0.0004659,0.0004795,-2406.782801,-0.219340191,0.286117163,0.932752298
5.53E-05,0.0004915,1.20E-06,458.2021372,0.101832132,0.315913115,0.943307543
5.53E-05,0.0004915,2.64E-05,461.1836128,0.442008616,0.895987608,-0.042832112
5.53E-05,0.0004915,5.15E-05,421.1725081,0.528837822,0.835633872,-0.148480942
5.53E-05,0.0004915,7.67E-05,308.3985498,0.501340064,0.844562352,-0.188075981
5.53E-05,0.0004915,0.000101895,142.4331769,0.421123362,0.900993835,-0.104236377
5.53E-05,0.0004915,0.000127068,77.86480923,0.392908599,0.919537021,0.008631349
5.53E-05,0.0004915,0.000152242,163.8865404,0.450658707,0.889059676,0.0804961
5.53E-05,0.0004915,0.000177416,231.5521042,0.498754703,0.866215668,0.030235123
5.53E-05,0.0004915,0.000202589,208.3770973,0.533037865,0.839179639,-0.107926681
5.53E-05,0.0004915,0.000227763,101.8862502,0.549909615,0.789673307,-0.272057867
5.53E-05,0.0004915,0.000252937,-70.38147522,0.541773498,0.716058833,-0.440160453
5.53E-05,0.0004915,0.000278111,-293.654225,0.501459324,0.618739479,-0.604731348
5.53E-05,0.0004915,0.000303284,-554.5403576,0.423308687,0.489132923,-0.762599986
5.53E-05,0.0004915,0.000328458,-838.9264042,0.296634504,0.294170569,-0.908554702
5.53E-05,0.0004915,0.000353632,-1130.61501,0.099556018,-0.033064394,-0.994482451
5.53E-05,0.0004915,0.000378805,-1410.469505,-0.142431787,-0.487903277,-0.861198919
5.53E-05,0.0004915,0.000403979,-1656.083671,-0.281770712,-0.805494439,-0.521329046
5.53E-05,0.0004915,0.000429153,-1843.068666,-0.300684924,-0.92181524,-0.244632865
5.53E-05,0.0004915,0.000454326,-1950.138228,-0.274978696,-0.958269985,-0.078136757
5.53E-05,0.0004915,0.0004795,-1967.948542,-0.147290484,-0.591103504,0.793033518
8.08E-05,5.10E-06,1.20E-06,1573.034873,0.148979607,0.150939093,0.977252509
8.08E-05,5.10E-06,2.64E-05,1567.020225,0.878511656,0.476561163,0.033267513
8.08E-05,5.10E-06,5.15E-05,1608.771882,0.955243295,0.245971952,0.164341247
8.08E-05,5.10E-06,7.67E-05,1760.347728,0.88626097,0.398697693,0.235757592
8.08E-05,5.10E-06,0.000101895,1939.94561,0.802778545,0.572931479,0.165215402
8.08E-05,5.10E-06,0.000127068,2035.776048,0.769623242,0.637650111,0.032899861
8.08E-05,5.10E-06,0.000152242,2000.330286,0.764150552,0.635435145,-0.110887829
8.08E-05,5.10E-06,0.000177416,1830.114351,0.758126808,0.598891379,-0.258017169
8.08E-05,5.10E-06,0.000202589,1547.989312,0.741240585,0.536304185,-0.40365854
8.08E-05,5.10E-06,0.000227763,1186.750207,0.715146497,0.44409828,-0.539761249
8.08E-05,5.10E-06,0.000252937,773.9501044,0.682348867,0.321083718,-0.656738357
8.08E-05,5.10E-06,0.000278111,325.904951,0.644367065,0.173274235,-0.74482691
8.08E-05,5.10E-06,0.000303284,-150.7177151,0.60472785,0.011938583,-0.796342701
8.08E-05,5.10E-06,0.000328458,-654.8518809,0.569897644,-0.151726702,-0.807586332
8.08E-05,5.10E-06,0.000353632,-1186.839475,0.546165184,-0.31024645,-0.778107147
8.08E-05,5.10E-06,0.000378805,-1743.499449,0.539377132,-0.458695802,-0.706166036
8.08E-05,5.10E-06,0.000403979,-2308.03291,0.548469511,-0.592161986,-0.590360379
8.08E-05,5.10E-06,0.000429153,-2836.590467,0.562238294,-0.703632098,-0.434499679
8.08E-05,5.10E-06,0.000454326,-3251.60401,0.567750088,-0.783378379,-0.252939029
8.08E-05,5.10E-06,0.0004795,-3464.169128,0.267363877,-0.398876189,0.877162666
8.08E-05,3.07E-05,1.20E-06,1394.263989,0.146778115,-0.060335615,0.987327604
8.08E-05,3.07E-05,2.64E-05,1204.871282,0.812905253,-0.533199499,-0.234271946
8.08E-05,3.07E-05,5.15E-05,1049.787351,0.70985746,-0.70126894,0.065759114
8.08E-05,3.07E-05,7.67E-05,1357.603402,0.801568422,-0.481496232,0.354470653
8.08E-05,3.07E-05,0.000101895,1735.933305,0.896455551,-0.273669593,0.348528907
8.08E-05,3.07E-05,0.000127068,1919.568333,0.973562311,-0.194792951,0.119298502
8.08E-05,3.07E-05,0.000152242,1915.37063,0.97947175,-0.166797854,-0.113197028
8.08E-05,3.07E-05,0.000177416,1751.325525,0.936291264,-0.162740374,-0.31124627
8.08E-05,3.07E-05,0.000202589,1462.170255,0.863438215,-0.17242645,-0.474071269
8.08E-05,3.07E-05,0.000227763,1085.084268,0.777740673,-0.19223459,-0.598469137
8.08E-05,3.07E-05,0.000252937,648.791841,0.693811237,-0.220798627,-0.68547351
8.08E-05,3.07E-05,0.000278111,168.9922005,0.620722949,-0.256780293,-0.740788027
8.08E-05,3.07E-05,0.000303284,-349.6908904,0.56380128,-0.298324256,-0.770149827
8.08E-05,3.07E-05,0.000328458,-910.0023115,0.527670819,-0.343726298,-0.77679839
8.08E-05,3.07E-05,0.000353632,-1518.619674,0.517286676,-0.392498894,-0.760499253
8.08E-05,3.07E-05,0.000378805,-2181.181536,0.537652074,-0.445822478,-0.715662326
8.08E-05,3.07E-05,0.000403979,-2889.498717,0.589896603,-0.505753743,-0.62947212
8.08E-05,3.07E-05,0.000429153,-3594.807154,0.664120313,-0.568722638,-0.485282155
8.08E-05,3.07E-05,0.000454326,-4174.288874,0.429982882,-0.821240973,-0.375070641
8.08E-05,3.07E-05,0.0004795,-4451.551089,0.161268294,-0.128386169,0.978524159
8.08E-05,5.63E-05,1.20E-06,1221.516946,0.173975325,-0.04450013,0.983744034
8.08E-05,5.63E-05,2.64E-05,769.7190433,0.772233986,-0.166959009,-0.61300845
8.08E-05,5.63E-05,5.15E-05,-47.57851611,0.996795811,-0.079741993,0.006271018
8.08E-05,5.63E-05,7.67E-05,812.535515,0.79703855,-0.166913623,0.580404507
8.08E-05,5.63E-05,0.000101895,1491.210404,0.824806424,-0.209914335,0.525005082
8.08E-05,5.63E-05,0.000127068,1737.825478,0.951456444,-0.252764269,0.175615656
8.08E-05,5.63E-05,0.000152242,1748.223156,0.958726088,-0.264610293,-0.104046537
8.08E-05,5.63E-05,0.000177416,1589.137901,0.910719824,-0.266820522,-0.315271647
8.08E-05,5.63E-05,0.000202589,1301.564203,0.835623102,-0.267802588,-0.47959963
8.08E-05,5.63E-05,0.000227763,921.059965,0.750358498,-0.27158211,-0.602665149
8.08E-05,5.63E-05,0.000252937,473.869448,0.668214213,-0.280659093,-0.688999448
8.08E-05,5.63E-05,0.000278111,-26.06167059,0.597673297,-0.295218011,-0.745407912
8.08E-05,5.63E-05,0.000303284,-575.7537633,0.544458994,-0.313240273,-0.778103422
8.08E-05,5.63E-05,0.000328458,-1180.851806,0.514334514,-0.331856255,-0.790779004
8.08E-05,5.63E-05,0.000353632,-1854.014248,0.51414841,-0.349232686,-0.783382374
8.08E-05,5.63E-05,0.000378805,-2611.952066,0.551397043,-0.366270556,-0.749537978
8.08E-05,5.63E-05,0.000403979,-3463.054756,0.631897423,-0.386466244,-0.67182549
8.08E-05,5.63E-05,0.000429153,-4367.789267,0.409464112,-0.56355154,-0.717459966
8.08E-05,5.63E-05,0.000454326,-5159.267471,0.930291438,-0.282922924,0.233479032
8.08E-05,5.63E-05,0.0004795,-4207.157847,0.071935435,0.005421323,0.997394557
8.08E-05,8.19E-05,1.20E-06,1165.319999,0.15009638,-0.009202832,0.988628537
8.08E-05,8.19E-05,2.64E-05,853.3667932,0.864077831,0.203928939,-0.460198315
8.08E-05,8.19E-05,5.15E-05,496.1146491,0.892175447,0.451085175,0.023348147
8.08E-05,8.19E-05,7.67E-05,907.5819218,0.86566102,0.170480413,0.470709493
8.08E-05,8.19E-05,0.000101895,1359.706593,0.885835775,-0.138815794,0.442747281
8.08E-05,8.19E-05,0.000127068,1543.384342,0.946906645,-0.292961741,0.132443286
8.08E-05,8.19E-05,0.000152242,1530.825802,0.928577722,-0.345259484,-0.136159109
8.08E-05,8.19E-05,0.000177416,1366.907677,0.870908018,-0.354633615,-0.340226724
8.08E-05,8.19E-05,0.000202589,1082.806143,0.794493185,-0.348710269,-0.49717374
8.08E-05,8.19E-05,0.000227763,705.7793544,0.712075436,-0.339646108,-0.614482787
8.08E-05,8.19E-05,0.000252937,256.4549141,0.634040436,-0.333327355,-0.697771883
8.08E-05,8.19E-05,0.000278111,-253.7498632,0.567902597,-0.330839374,-0.753678943
8.08E-05,8.19E-05,0.000303284,-822.4463138,0.519818626,-0.32938127,-0.788223683
8.08E-05,8.19E-05,0.000328458,-1455.518229,0.49664658,-0.32379417,-0.805294673
8.08E-05,8.19E-05,0.000353632,-2167.409953,0.506658045,-0.308949129,-0.804890093
8.08E-05,8.19E-05,0.000378805,-2980.773698,0.559070331,-0.283034021,-0.779315153
8.08E-05,8.19E-05,0.000403979,-3916.645524,0.66225074,-0.249680797,-0.70645839
8.08E-05,8.19E-05,0.000429153,-4949.714098,0.66226843,-0.646218817,-0.379212035
8.08E-05,8.19E-05,0.000454326,-4372.233602,0.369225315,0.716287758,0.592118667
8.08E-05,8.19E-05,0.0004795,-4416.281079,0.01509234,-0.051304442,0.998569014
8.08E-05,0.0001075,1.20E-06,1171.632732,0.118109487,-0.003216347,0.99299537
8.08E-05,0.0001075,2.64E-05,1071.287856,0.939210332,0.297232794,-0.171862206
8.08E-05,0.0001075,5.15E-05,1017.593645,0.854113855,0.517667237,0.050101444
8.08E-05,0.0001075,7.67E-05,1130.605947,0.944825219,0.216111917,0.246172592
8.08E-05,0.0001075,0.000101895,1288.48959,0.963358155,-0.167042902,0.209851697
8.08E-05,0.0001075,0.000127068,1352.903321,0.937439124,-0.348122924,0.00427996
8.08E-05,0.0001075,0.000152242,1293.151916,0.887339442,-0.411194474,-0.208681142
8.08E-05,0.0001075,0.000177416,1114.238378,0.820258761,-0.42113072,-0.387071675
8.08E-05,0.0001075,0.000202589,830.0057834,0.743289552,-0.409564192,-0.528940274
8.08E-05,0.0001075,0.000227763,456.5716608,0.663983043,-0.392254022,-0.636602938
8.08E-05,0.0001075,0.000252937,7.737488602,0.589968665,-0.376919385,-0.714050945
8.08E-05,0.0001075,0.000278111,-507.6829655,0.527982811,-0.365048118,-0.766794642
8.08E-05,0.0001075,0.000303284,-1086.450842,0.484606487,-0.353074111,-0.800309455
8.08E-05,0.0001075,0.000328458,-1730.795122,0.467891531,-0.332891952,-0.818694365
8.08E-05,0.0001075,0.000353632,-2449.383183,0.487658072,-0.2935907,-0.822188607
8.08E-05,0.0001075,0.000378805,-3258.003369,0.553824818,-0.226702312,-0.801176717
8.08E-05,0.0001075,0.000403979,-4170.714207,0.672244958,-0.133789836,-0.728139407
8.08E-05,0.0001075,0.000429153,-5157.309065,0.870385638,-0.154455188,-0.467517311
8.08E-05,0.0001075,0.000454326,-4503.043854,0.237218302,-0.283305918,0.9292283
8.08E-05,0.0001075,0.0004795,-4496.48421,-0.024374039,-0.025235015,0.999384361
8.08E-05,0.0001331,1.20E-06,1146.980378,0.095178323,-0.016183534,0.995328679
8.08E-05,0.0001331,2.64E-05,1124.286418,0.999058292,0.003753085,-0.043225503
8.08E-05,0.0001331,5.15E-05,1119.391212,0.997027444,0.068815872,0.034650408
8.08E-05,0.0001331,7.67E-05,1149.425582,0.993128159,-0.088301448,0.076806995
8.08E-05,0.0001331,0.000101895,1179.760237,0.955171625,-0.295892312,0.009742032
8.08E-05,0.0001331,0.000127068,1157.738492,0.898666034,-0.416801159,-0.136660727
8.08E-05,0.0001331,0.000152242,1052.585822,0.834257628,-0.462049979,-0.30087211
8.08E-05,0.0001331,0.000177416,854.475069,0.762228105,-0.464659925,-0.450665585
8.08E-05,0.0001331,0.000202589,564.9437266,0.684731114,-0.447994509,-0.574842779
8.08E-05,0.0001331,0.000227763,190.5441875,0.606618185,-0.426892012,-0.670654597
8.08E-05,0.0001331,0.000252937,-261.1569139,0.533966549,-0.409654326,-0.739637112
8.08E-05,0.0001331,0.000278111,-783.4819853,0.473198766,-0.398345352,-0.785750538
8.08E-05,0.0001331,0.000303284,-1371.187294,0.430731012,-0.389592458,-0.814056824
8.08E-05,0.0001331,0.000328458,-2019.08967,0.415771217,-0.373483622,-0.829243197
8.08E-05,0.0001331,0.000353632,-2721.987504,0.441902493,-0.33224185,-0.833269188
8.08E-05,0.0001331,0.000378805,-3476.092954,0.522305233,-0.243540317,-0.817242533
8.08E-05,0.0001331,0.000403979,-4271.537876,0.659668148,-0.093856367,-0.745673465
8.08E-05,0.0001331,0.000429153,-5061.366244,0.828742771,0.334327909,-0.448787553
8.08E-05,0.0001331,0.000454326,-4577.119833,0.318097386,-0.307027065,0.896966239
8.08E-05,0.0001331,0.0004795,-4561.996436,-0.010460721,-0.030368525,0.99948403
8.08E-05,0.0001587,1.20E-06,1077.610948,0.077821794,-0.028612231,0.996556626
8.08E-05,0.0001587,2.64E-05,1073.723872,0.960943989,-0.276197883,-0.017360255
8.08E-05,0.0001587,5.15E-05,1068.365647,0.963847199,-0.265451783,-0.02310687
8.08E-05,0.0001587,7.67E-05,1060.027128,0.942089569,-0.330727016,-0.055559743
8.08E-05,0.0001587,0.000101895,1031.727794,0.897915453,-0.417858764,-0.13835423
8.08E-05,0.0001587,0.000127068,958.4658872,0.840446174,-0.475078776,-0.260672949
8.08E-05,0.0001587,0.000152242,819.542593,0.774176913,-0.493432564,-0.396452282
8.08E-05,0.0001587,0.000177416,602.9390797,0.700187426,-0.484315842,-0.524571953
8.08E-05,0.0001587,0.000202589,303.8193264,0.620818018,-0.462478965,-0.633007263
8.08E-05,0.0001587,0.000227763,-78.17153477,0.540424799,-0.440561201,-0.716831128
8.08E-05,0.0001587,0.000252937,-540.8711777,0.464298299,-0.427199439,-0.775840015
8.08E-05,0.0001587,0.000278111,-1079.955782,0.39827105,-0.426185177,-0.812247725
8.08E-05,0.0001587,0.000303284,-1687.804014,0.348080145,-0.436296188,-0.829750474
8.08E-05,0.0001587,0.000328458,-2349.486338,0.322776683,-0.449933299,-0.832691563
8.08E-05,0.0001587,0.000353632,-3040.159027,0.339485631,-0.448771467,-0.82665209
8.08E-05,0.0001587,0.000378805,-3727.593316,0.423069596,-0.397535305,-0.814234486
8.08E-05,0.0001587,0.000403979,-4373.628378,0.599129955,-0.239165915,-0.764096174
8.08E-05,0.0001587,0.000429153,-4925.808144,0.839710825,0.138329056,-0.525119798
8.08E-05,0.0001587,0.000454326,-4676.870373,0.430897222,-0.810252438,0.397263856
8.08E-05,0.0001587,0.0004795,-4673.351796,0.037513085,-0.075752343,0.99642077
8.08E-05,0.0001843,1.20E-06,979.1811943,0.061589926,-0.034382436,0.997509162
8.08E-05,0.0001843,2.64E-05,974.704711,0.890046059,-0.453906895,-0.042267533
8.08E-05,0.0001843,5.15E-05,959.3782908,0.890088429,-0.446725904,-0.090435367
8.08E-05,0.0001843,7.67E-05,927.6403385,0.870365886,-0.466409472,-0.157877891
8.08E-05,0.0001843,0.000101895,867.8294378,0.832454633,-0.493404032,-0.25213438
8.08E-05,0.0001843,0.000127068,764.4801535,0.779672786,-0.507098254,-0.367371348
8.08E-05,0.0001843,0.000152242,602.5962769,0.714188409,-0.500397748,-0.489425183
8.08E-05,0.0001843,0.000177416,370.2653314,0.637814617,-0.478046266,-0.603874393
8.08E-05,0.0001843,0.000202589,58.89291536,0.554033666,-0.450279794,-0.700210542
8.08E-05,0.0001843,0.000227763,-337.3904886,0.467526756,-0.428250268,-0.773317813
8.08E-05,0.0001843,0.000252937,-822.1091484,0.382458938,-0.42115507,-0.822407179
8.08E-05,0.0001843,0.000278111,-1395.467311,0.302940956,-0.435341837,-0.847764273
8.08E-05,0.0001843,0.000303284,-2050.031716,0.233139928,-0.474113767,-0.849035871
8.08E-05,0.0001843,0.000328458,-2762.190716,0.179158894,-0.53661561,-0.824588247
8.08E-05,0.0001843,0.000353632,-3482.801662,0.152959674,-0.612982262,-0.775149073
8.08E-05,0.0001843,0.000378805,-4138.160707,0.180562858,-0.678871441,-0.711709647
8.08E-05,0.0001843,0.000403979,-4652.936512,0.430819572,-0.280517395,-0.857732177
8.08E-05,0.0001843,0.000429153,-4980.132298,0.462332418,0.191345384,-0.865815037
8.08E-05,0.0001843,0.000454326,-5100.745315,0.788887248,-0.608615942,-0.085109018
8.08E-05,0.0001843,0.0004795,-5006.886459,0.064721783,-0.036287689,0.997243348
8.08E-05,0.0002099,1.20E-06,867.944152,0.052242944,-0.038037247,0.997909737
8.08E-05,0.0002099,2.64E-05,857.4610139,0.823407945,-0.560713229,-0.087178156
8.08E-05,0.0002099,5.15E-05,831.9434276,0.824618173,-0.543199745,-0.157920569
8.08E-05,0.0002099,7.67E-05,784.9894842,0.809335027,-0.534232573,-0.244074519
8.08E-05,0.0002099,0.000101895,707.0310004,0.77681597,-0.525384252,-0.347171912
8.08E-05,0.0002099,0.000127068,586.1531972,0.727117546,-0.507875378,-0.461911977
8.08E-05,0.0002099,0.000152242,409.6640637,0.660884781,-0.478836873,-0.57788109
8.08E-05,0.0002099,0.000177416,165.2370907,0.579993111,-0.442531753,-0.683939791
8.08E-05,0.0002099,0.000202589,-158.9548129,0.489090977,-0.407504953,-0.771187221
8.08E-05,0.0002099,0.000227763,-574.3178162,0.393443954,-0.383930634,-0.835343716
8.08E-05,0.0002099,0.000252937,-1091.888848,0.295455792,-0.38124546,-0.875989597
8.08E-05,0.0002099,0.000278111,-1721.194093,0.197438587,-0.407417093,-0.891644165
8.08E-05,0.0002099,0.000303284,-2463.926639,0.100167745,-0.470482753,-0.876705425
8.08E-05,0.0002099,0.000328458,-3297.677298,0.00485031,-0.576692831,-0.816946665
8.08E-05,0.0002099,0.000353632,-4146.69318,-0.081109398,-0.717725867,-0.691585747
8.08E-05,0.0002099,0.000378805,-4862.640161,-0.396233498,-0.658117608,-0.640218891
8.08E-05,0.0002099,0.000403979,-4653.654612,0.959188199,-0.273700831,0.071034181
8.08E-05,0.0002099,0.000429153,-4825.166279,0.69462804,0.299711149,-0.653961094
8.08E-05,0.0002099,0.000454326,-4871.42979,-0.361888699,0.873422916,-0.325835817
8.08E-05,0.0002099,0.0004795,-4898.334785,0.071293279,0.000458942,0.997455291
8.08E-05,0.0002355,1.20E-06,756.0725577,0.042364883,-0.036876784,0.998421414
8.08E-05,0.0002355,2.64E-05,739.2336449,0.77127859,-0.620980115,-0.13968906
8.08E-05,0.0002355,5.15E-05,705.8762436,0.777126387,-0.58823325,-0.223732481
8.08E-05,0.0002355,7.67E-05,649.6006745,0.767052207,-0.555555338,-0.32091927
8.08E-05,0.0002355,0.000101895,561.8295274,0.738616912,-0.51906944,-0.430130182
8.08E-05,0.0002355,0.000127068,431.9861634,0.690001042,-0.475470788,-0.545734451
8.08E-05,0.0002355,0.000152242,247.9153516,0.620952863,-0.425428276,-0.658352735
8.08E-05,0.0002355,0.000177416,-3.880598497,0.533990338,-0.374494966,-0.758028917
8.08E-05,0.0002355,0.000202589,-338.5151486,0.434304596,-0.331053569,-0.837724926
8.08E-05,0.0002355,0.000227763,-773.4358583,0.327020727,-0.303859252,-0.894833504
8.08E-05,0.0002355,0.000252937,-1329.701988,0.214837456,-0.300569113,-0.929248662
8.08E-05,0.0002355,0.000278111,-2033.006568,0.097897181,-0.328394341,-0.939453723
8.08E-05,0.0002355,0.000303284,-2910.376535,-0.026426036,-0.396769504,-0.917537806
8.08E-05,0.0002355,0.000328458,-3970.193407,-0.162320986,-0.518407418,-0.839586592
8.08E-05,0.0002355,0.000353632,-5134.42034,0.27558351,-0.48088304,-0.832349224
8.08E-05,0.0002355,0.000378805,-4668.120756,-0.095621809,0.318725407,0.943011445
8.08E-05,0.0002355,0.000403979,-4799.771859,0.18245596,-0.527030986,-0.830029013
8.08E-05,0.0002355,0.000429153,-4878.635452,0.802910829,-0.173074993,-0.570420238
8.08E-05,0.0002355,0.000454326,-4901.291137,0.627191498,-0.115846108,-0.770201599
8.08E-05,0.0002355,0.0004795,-5004.20098,-0.009156371,0.001338247,0.999957184
8.08E-05,0.0002611,1.20E-06,652.2173905,0.035602689,-0.034436894,0.998772521
8.08E-05,0.0002611,2.64E-05,630.537075,0.740748647,-0.642946908,-0.194706744
8.08E-05,0.0002611,5.15E-05,592.2911808,0.753736012,-0.591555753,-0.2862583
8.08E-05,0.0002611,7.67E-05,531.4018472,0.749415699,-0.536305166,-0.38826908
8.08E-05,0.0002611,0.000101895,439.972393,0.724482213,-0.475565641,-0.498961766
8.08E-05,0.0002611,0.000127068,308.0239994,0.675850872,-0.408769739,-0.613296746
8.08E-05,0.0002611,0.000152242,123.2366081,0.60243629,-0.339211432,-0.72249991
8.08E-05,0.0002611,0.000177416,-129.3881472,0.50739851,-0.274301633,-0.816887609
8.08E-05,0.0002611,0.000202589,-468.2191431,0.397341863,-0.22249934,-0.890288429
8.08E-05,0.0002611,0.000227763,-916.5957805,0.278458249,-0.19023734,-0.941419544
8.08E-05,0.0002611,0.000252937,-1506.201451,0.153649677,-0.181411049,-0.971329917
8.08E-05,0.0002611,0.000278111,-2283.090065,0.021991223,-0.199047159,-0.979743137
8.08E-05,0.0002611,0.000303284,-3315.807795,-0.121693961,-0.248025582,-0.961079544
8.08E-05,0.0002611,0.000328458,-4694.181463,-0.510371592,-0.594673293,-0.621196034
8.08E-05,0.0002611,0.000353632,-4556.743622,0.752203569,0.654838381,-0.073324528
8.08E-05,0.0002611,0.000378805,-4747.617936,-0.094599328,-0.101544088,-0.990323061
8.08E-05,0.0002611,0.000403979,-4789.585602,0.561111721,0.237654514,-0.792889632
8.08E-05,0.0002611,0.000429153,-4856.490559,0.52517891,0.478606075,-0.703650011
8.08E-05,0.0002611,0.000454326,-4890.635954,-0.219518765,0.896062382,-0.385854531
8.08E-05,0.0002611,0.0004795,-4890.635294,-0.000408077,0.034037361,0.999420478
8.08E-05,0.0002867,1.20E-06,562.4830206,0.030221589,-0.029579852,0.999105444
8.08E-05,0.0002867,2.64E-05,537.9983694,0.742903723,-0.621384108,-0.248949491
8.08E-05,0.0002867,5.15E-05,497.5428978,0.763039983,-0.549054007,-0.341042053
8.08E-05,0.0002867,7.67E-05,435.6440028,0.763339421,-0.474684996,-0.438163307
8.08E-05,0.0002867,0.000101895,345.3202604,0.741667603,-0.396085599,-0.541336647
8.08E-05,0.0002867,0.000127068,217.3027974,0.693593687,-0.311501474,-0.649534163
8.08E-05,0.0002867,0.000152242,39.07389775,0.615463583,-0.225246091,-0.755293835
8.08E-05,0.0002867,0.000177416,-205.8481171,0.510426803,-0.147802465,-0.847123905
8.08E-05,0.0002867,0.000202589,-538.5844612,0.388097686,-0.088816733,-0.917328607
8.08E-05,0.0002867,0.000227763,-986.7382334,0.257463333,-0.051818731,-0.964897638
8.08E-05,0.0002867,0.000252937,-1589.238207,0.122362849,-0.035442721,-0.991852382
8.08E-05,0.0002867,0.000278111,-2406.87694,-0.018355774,-0.036810575,-0.999153665
8.08E-05,0.0002867,0.000303284,-3543.143797,-0.170662793,-0.053476856,-0.983877247
8.08E-05,0.0002867,0.000328458,-5178.263878,0.155237121,-0.308632872,-0.93842804
8.08E-05,0.0002867,0.000353632,-4649.114165,-0.519293943,0.019310689,0.854377492
8.08E-05,0.0002867,0.000378805,-4692.399836,0.090464693,0.75816454,-0.645757439
8.08E-05,0.0002867,0.000403979,-4766.5866,0.621295211,0.544618226,-0.563367775
8.08E-05,0.0002867,0.000429153,-4808.739419,0.555487076,0.732534253,-0.393481483
8.08E-05,0.0002867,0.000454326,-4820.654656,-0.627783552,0.778041094,-0.023235066
8.08E-05,0.0002867,0.0004795,-4812.230607,-0.001816379,0.019363968,0.999810851
8.08E-05,0.0003123,1.20E-06,491.1342004,0.026740629,-0.022716226,0.999384266
8.08E-05,0.0003123,2.64E-05,465.6998897,0.79055309,-0.535746325,-0.296650783
8.08E-05,0.0003123,5.15E-05,424.7171596,0.810073043,-0.448559195,-0.377592787
8.08E-05,0.0003123,7.67E-05,363.6984244,0.809786111,-0.372197556,-0.453558633
8.08E-05,0.0003123,0.000101895,277.5108728,0.792345918,-0.294544027,-0.534258142
8.08E-05,0.0003123,0.000127068,158.6681512,0.750231255,-0.203077853,-0.629215742
8.08E-05,0.0003123,0.000152242,-5.09386383,0.670972078,-0.101140321,-0.734552317
8.08E-05,0.0003123,0.000177416,-231.8822761,0.55423953,-0.008705834,-0.832311692
8.08E-05,0.0003123,0.000202589,-545.1061528,0.415873465,0.058107703,-0.907564188
8.08E-05,0.0003123,0.000227763,-973.9754873,0.271478891,0.098973258,-0.957341896
8.08E-05,0.0003123,0.000252937,-1557.807899,0.12693297,0.122379207,-0.984332947
8.08E-05,0.0003123,0.000278111,-2356.294447,-0.019169449,0.137786632,-0.990276414
8.08E-05,0.0003123,0.000303284,-3468.992463,-0.173230102,0.153978376,-0.972770267
8.08E-05,0.0003123,0.000328458,-5064.075969,0.12094715,0.575726684,-0.808647372
8.08E-05,0.0003123,0.000353632,-4545.576123,-0.465841923,0.49507095,0.733413974
8.08E-05,0.0003123,0.000378805,-4607.361367,-0.428697536,0.633557096,-0.644068186
8.08E-05,0.0003123,0.000403979,-4675.213301,0.224864273,0.648069225,-0.727627884
8.08E-05,0.0003123,0.000429153,-4754.12884,-0.013778755,0.725590824,-0.687988447
8.08E-05,0.0003123,0.000454326,-4771.75152,-0.800164952,0.580053099,-0.152559665
8.08E-05,0.0003123,0.0004795,-4784.611049,-0.01975909,-0.034791229,0.999199254
8.08E-05,0.0003379,1.20E-06,441.1212582,0.024843857,-0.013896741,0.99959475
8.08E-05,0.0003379,2.64E-05,416.0189932,0.876134086,-0.35736529,-0.323541517
8.08E-05,0.0003379,5.15E-05,374.3187934,0.877218933,-0.28949223,-0.382989808
8.08E-05,0.0003379,7.67E-05,312.7983982,0.870031998,-0.254140757,-0.422441472
8.08E-05,0.0003379,0.000101895,230.3699241,0.861367557,-0.213755417,-0.460819437
8.08E-05,0.0003379,0.000127068,124.5481657,0.839766772,-0.130096193,-0.527130675
8.08E-05,0.0003379,0.000152242,-15.61156576,0.773760323,-0.002657649,-0.633472888
8.08E-05,0.0003379,0.000177416,-211.592207,0.647167636,0.120693675,-0.752733079
8.08E-05,0.0003379,0.000202589,-490.266567,0.487130271,0.20254108,-0.849518222
8.08E-05,0.0003379,0.000227763,-880.2686521,0.324570944,0.247770431,-0.912832687
8.08E-05,0.0003379,0.000252937,-1414.468137,0.169296361,0.276700026,-0.945925916
8.08E-05,0.0003379,0.000278111,-2136.452174,0.019076665,0.306814057,-0.951578276
8.08E-05,0.0003379,0.000303284,-3107.274526,-0.13260067,0.35322628,-0.926093007
8.08E-05,0.0003379,0.000328458,-4398.796133,-0.467115453,0.681038345,-0.563905956
8.08E-05,0.0003379,0.000353632,-4335.600593,0.878603247,-0.179752095,-0.442431371
8.08E-05,0.0003379,0.000378805,-4562.718742,-0.535847606,0.557553719,-0.634035641
8.08E-05,0.0003379,0.000403979,-4633.652909,-0.373514934,0.733526307,-0.567825459
8.08E-05,0.0003379,0.000429153,-4705.200625,-0.528417546,0.790950318,-0.308500391
8.08E-05,0.0003379,0.000454326,-4702.794326,0.585036094,0.498054672,-0.640058054
8.08E-05,0.0003379,0.0004795,-4998.582922,-0.069258175,0.031111025,0.997113539
8.08E-05,0.0003635,1.20E-06,414.5835775,0.028990898,-0.005464773,0.999564737
8.08E-05,0.0003635,2.64E-05,390.6641751,0.94407828,-0.104838716,-0.312610053
8.08E-05,0.0003635,5.15E-05,345.3740461,0.924135532,-0.110154393,-0.365840851
8.08E-05,0.0003635,7.67E-05,275.6322332,0.913914006,-0.162072469,-0.372147424
8.08E-05,0.0003635,0.000101895,188.7104474,0.916234384,-0.200629601,-0.346788577
8.08E-05,0.0003635,0.000127068,96.93166457,0.927119388,-0.143264525,-0.346301771
8.08E-05,0.0003635,0.000152242,-6.52797709,0.902040084,0.029435919,-0.430647436
8.08E-05,0.0003635,0.000177416,-154.4869462,0.78136861,0.214958036,-0.585880651
8.08E-05,0.0003635,0.000202589,-382.9812858,0.598611456,0.325969366,-0.731715995
8.08E-05,0.0003635,0.000227763,-718.8709513,0.414451265,0.377522933,-0.828074021
8.08E-05,0.0003635,0.000252937,-1184.129191,0.24676164,0.409738941,-0.878192856
8.08E-05,0.0003635,0.000278111,-1801.245594,0.092137073,0.448374543,-0.889084377
8.08E-05,0.0003635,0.000303284,-2591.486205,-0.055558811,0.509914937,-0.858428783
8.08E-05,0.0003635,0.000328458,-3555.484188,-0.200726267,0.606849277,-0.769053263
8.08E-05,0.0003635,0.000353632,-4613.30285,-0.708889346,0.500039042,-0.497430248
8.08E-05,0.0003635,0.000378805,-4340.823615,0.233867304,0.920182157,0.31396
8.08E-05,0.0003635,0.000403979,-4488.035791,0.719636926,0.079536289,-0.689780163
8.08E-05,0.0003635,0.000429153,-4573.858222,0.89033236,-0.162354838,-0.425381236
8.08E-05,0.0003635,0.000454326,-4539.592938,-0.875398654,0.449251436,-0.178466647
8.08E-05,0.0003635,0.0004795,-4621.397306,-0.21031904,0.145472773,0.966748971
8.08E-05,0.0003891,1.20E-06,413.2555065,0.037146834,0.004962761,0.999297495
8.08E-05,0.0003891,2.64E-05,392.4154149,0.954507418,0.128184281,-0.269229232
8.08E-05,0.0003891,5.15E-05,339.0962058,0.933276788,0.051747718,-0.355410482
8.08E-05,0.0003891,7.67E-05,243.415008,0.931845074,-0.079368235,-0.354069824
8.08E-05,0.0003891,0.000101895,125.2344334,0.944560677,-0.206888111,-0.254955753
8.08E-05,0.0003891,0.000127068,42.41048593,0.970356056,-0.192332478,-0.14634665
8.08E-05,0.0003891,0.000152242,1.864607725,0.988522265,0.017776297,-0.150025778
8.08E-05,0.0003891,0.000177416,-71.13344562,0.905769856,0.266980454,-0.329093308
8.08E-05,0.0003891,0.000202589,-234.5834093,0.723788541,0.411075489,-0.554208526
8.08E-05,0.0003891,0.000227763,-508.836012,0.52694723,0.469936576,-0.708156926
8.08E-05,0.0003891,0.000252937,-900.9117486,0.349721183,0.504069747,-0.789689043
8.08E-05,0.0003891,0.000278111,-1414.68781,0.190424596,0.544623814,-0.816776208
8.08E-05,0.0003891,0.000303284,-2047.59313,0.04324394,0.604481989,-0.795444207
8.08E-05,0.0003891,0.000328458,-2776.390772,-0.095043411,0.686234293,-0.7211444
8.08E-05,0.0003891,0.000353632,-3532.772963,-0.223913373,0.776808005,-0.58858485
8.08E-05,0.0003891,0.000378805,-4189.357223,-0.513257141,0.600749464,-0.612916951
8.08E-05,0.0003891,0.000403979,-4606.327402,-0.788401279,0.503910987,-0.352841524
8.08E-05,0.0003891,0.000429153,-4725.211632,-0.624311565,0.780459845,0.033429033
8.08E-05,0.0003891,0.000454326,-4581.098298,-0.66064437,0.54402845,0.517283348
8.08E-05,0.0003891,0.0004795,-4240.472163,-0.240980357,0.148097534,0.959164005
8.08E-05,0.0004147,1.20E-06,437.9812963,0.049277904,0.016714999,0.998645231
8.08E-05,0.0004147,2.64E-05,426.5705344,0.937976031,0.285795701,-0.196269666
8.08E-05,0.0004147,5.15E-05,367.4358799,0.918927563,0.196293193,-0.342112725
8.08E-05,0.0004147,7.67E-05,226.8811628,0.927747229,0.062316151,-0.367969805
8.08E-05,0.0004147,0.000101895,22.83972662,0.976235621,-0.068504977,-0.205599321
8.08E-05,0.0004147,0.000127068,-67.94985377,0.997032868,-0.076340254,-0.009880612
8.08E-05,0.0004147,0.000152242,7.153485156,0.991852134,0.085549376,0.094396233
8.08E-05,0.0004147,0.000177416,40.58251233,0.948773146,0.308725011,-0.06721893
8.08E-05,0.0004147,0.000202589,-52.82417322,0.815776252,0.451319624,-0.361690066
8.08E-05,0.0004147,0.000227763,-269.2037495,0.636122039,0.512599898,-0.576706247
8.08E-05,0.0004147,0.000252937,-596.1189945,0.461972891,0.549863268,-0.695867397
8.08E-05,0.0004147,0.000278111,-1023.693501,0.301307928,0.59162093,-0.747795565
8.08E-05,0.0004147,0.000303284,-1539.16285,0.151377671,0.645915817,-0.748249662
8.08E-05,0.0004147,0.000328458,-2118.266973,0.008480575,0.710420115,-0.703726751
8.08E-05,0.0004147,0.000353632,-2716.904151,-0.133040644,0.773418522,-0.61977736
8.08E-05,0.0004147,0.000378805,-3270.76143,-0.285499838,0.814733295,-0.50467762
8.08E-05,0.0004147,0.000403979,-3709.794746,-0.467519274,0.808221091,-0.358056416
8.08E-05,0.0004147,0.000429153,-3974.86522,-0.666039416,0.728020928,-0.162410051
8.08E-05,0.0004147,0.000454326,-4021.157498,-0.79686796,0.599655156,0.073587689
8.08E-05,0.0004147,0.0004795,-3837.19621,-0.293307059,0.183247231,0.938291757
8.08E-05,0.0004403,1.20E-06,485.8296197,0.06492222,0.027658409,0.997506951
8.08E-05,0.0004403,2.64E-05,496.8788964,0.928154197,0.365990145,-0.067683085
8.08E-05,0.0004403,5.15E-05,455.6118245,0.914036591,0.311846139,-0.259401419
8.08E-05,0.0004403,7.67E-05,302.7610891,0.914637767,0.232099704,-0.331009791
8.08E-05,0.0004403,0.000101895,25.33412992,0.979017149,0.135426001,-0.152266936
8.08E-05,0.0004403,0.000127068,-80.83806777,0.993409101,0.112092915,0.023948607
8.08E-05,0.0004403,0.000152242,101.8910077,0.955831576,0.233212119,0.178880142
8.08E-05,0.0004403,0.000177416,208.998676,0.930266805,0.363222497,0.051701935
8.08E-05,0.0004403,0.000202589,158.5165296,0.8575035,0.455264218,-0.239629379
8.08E-05,0.0004403,0.000227763,-17.75560128,0.721171624,0.506895213,-0.47219565
8.08E-05,0.0004403,0.000252937,-294.6296437,0.566979252,0.548574137,-0.614492428
8.08E-05,0.0004403,0.000278111,-655.9604942,0.412603461,0.595500824,-0.689301931
8.08E-05,0.0004403,0.000303284,-1086.716802,0.261289504,0.650091534,-0.7135186
8.08E-05,0.0004403,0.000328458,-1567.31288,0.111084989,0.708141274,-0.697277607
8.08E-05,0.0004403,0.000353632,-2070.222395,-0.044867278,0.76059571,-0.6476736
8.08E-05,0.0004403,0.000378805,-2559.325711,-0.219118467,0.794346088,-0.566569846
8.08E-05,0.0004403,0.000403979,-2990.07722,-0.420755111,0.792135635,-0.442138296
8.08E-05,0.0004403,0.000429153,-3305.857374,-0.621483606,0.740202671,-0.256628394
8.08E-05,0.0004403,0.000454326,-3440.255552,-0.74862899,0.66242445,-0.027358404
8.08E-05,0.0004403,0.0004795,-3354.859748,-0.302293003,0.240907415,0.922270328
8.08E-05,0.0004659,1.20E-06,546.5891588,0.08379474,0.034174373,0.995896859
8.08E-05,0.0004659,2.64E-05,592.7376981,0.924759872,0.362901983,0.114548369
8.08E-05,0.0004659,5.15E-05,604.7516431,0.931400192,0.35691493,-0.071452196
8.08E-05,0.0004659,7.67E-05,533.6955814,0.920205501,0.351177532,-0.172905108
8.08E-05,0.0004659,0.000101895,369.7900318,0.931126988,0.346700212,-0.113143694
8.08E-05,0.0004659,0.000127068,296.4475762,0.936946292,0.34934464,0.009485165
8.08E-05,0.0004659,0.000152242,391.4227155,0.921716591,0.376647379,0.092602791
8.08E-05,0.0004659,0.000177416,445.1317106,0.917152909,0.39850092,-0.005249605
8.08E-05,0.0004659,0.000202589,385.2746934,0.876801639,0.427629553,-0.219890546
8.08E-05,0.0004659,0.000227763,225.4800756,0.781931026,0.463783997,-0.416519238
8.08E-05,0.0004659,0.000252937,-16.72751092,0.655866945,0.50990214,-0.556631258
8.08E-05,0.0004659,0.000278111,-327.8060108,0.515466619,0.565794897,-0.643560641
8.08E-05,0.0004659,0.000303284,-694.7618638,0.368097753,0.628227939,-0.685444163
8.08E-05,0.0004659,0.000328458,-1102.523105,0.2150466,0.6920364,-0.689086773
8.08E-05,0.0004659,0.000353632,-1532.204799,0.05259325,0.750652444,-0.658600682
8.08E-05,0.0004659,0.000378805,-1959.259962,-0.125635924,0.796308707,-0.591699297
8.08E-05,0.0004659,0.000403979,-2349.657179,-0.318639429,0.819388897,-0.476519412
8.08E-05,0.0004659,0.000429153,-2654.40989,-0.49887289,0.811822604,-0.303430223
8.08E-05,0.0004659,0.000454326,-2814.578101,-0.615822556,0.782772064,-0.089612915
8.08E-05,0.0004659,0.0004795,-2794.291007,-0.257888858,0.304330984,0.916992906
8.08E-05,0.0004915,1.20E-06,604.0243868,0.09622727,0.326710491,0.940213044
8.08E-05,0.0004915,2.64E-05,684.2646475,0.444365083,0.884849925,0.139929568
8.08E-05,0.0004915,5.15E-05,755.5310042,0.610481395,0.787689651,0.082809901
8.08E-05,0.0004915,7.67E-05,788.0596412,0.68941299,0.724347886,0.005465276
8.08E-05,0.0004915,0.000101895,764.6320888,0.692011889,0.721365694,-0.027405865
8.08E-05,0.0004915,0.000127068,729.4002523,0.658915449,0.751924034,-0.020992327
8.08E-05,0.0004915,0.000152242,716.8819055,0.622149977,0.782570279,-0.022653156
8.08E-05,0.0004915,0.000177416,683.6025932,0.601364594,0.795685306,-0.072425955
8.08E-05,0.0004915,0.000202589,592.9154912,0.601395186,0.781055014,-0.168157353
8.08E-05,0.0004915,0.000227763,437.4444619,0.6065649,0.739773503,-0.291228753
8.08E-05,0.0004915,0.000252937,220.7914388,0.596018379,0.680420652,-0.426368183
8.08E-05,0.0004915,0.000278111,-49.76258441,0.556240697,0.614406869,-0.559553827
8.08E-05,0.0004915,0.000303284,-364.643166,0.482879056,0.550267636,-0.681199931
8.08E-05,0.0004915,0.000328458,-712.0424975,0.37355837,0.487535011,-0.789153824
8.08E-05,0.0004915,0.000353632,-1077.20384,0.217616108,0.412387212,-0.884635528
8.08E-05,0.0004915,0.000378805,-1440.567956,-0.01223774,0.291071624,-0.956622991
8.08E-05,0.0004915,0.000403979,-1774.503941,-0.344347974,0.063862307,-0.936667539
8.08E-05,0.0004915,0.000429153,-2040.903821,-0.678266806,-0.286454185,-0.676681712
8.08E-05,0.0004915,0.000454326,-2197.696629,-0.767336586,-0.591672716,-0.24722047
8.08E-05,0.0004915,0.0004795,-2220.466834,-0.193633753,-0.224541134,0.95503259
0.000106363,5.10E-06,1.20E-06,2010.480167,0.182141169,0.218637361,0.958656507
0.000106363,5.10E-06,2.64E-05,2116.920062,0.756960379,0.63052405,0.171611208
0.000106363,5.10E-06,5.15E-05,2271.565276,0.839125862,0.493843356,0.22800554
0.000106363,5.10E-06,7.67E-05,2495.658914,0.864831709,0.436732731,0.247650232
0.000106363,5.10E-06,0.000101895,2730.707826,0.872920445,0.453012035,0.181080073
0.000106363,5.10E-06,0.000127068,2873.026375,0.862681923,0.503629282,0.046232521
0.000106363,5.10E-06,0.000152242,2838.765784,0.835466478,0.538697044,-0.108633602
0.000106363,5.10E-06,0.000177416,2606.93856,0.797373076,0.542187093,-0.265008178
0.000106363,5.10E-06,0.000202589,2225.330604,0.753818789,0.510734348,-0.413409795
0.000106363,5.10E-06,0.000227763,1763.413151,0.71406664,0.443093198,-0.542012225
0.000106363,5.10E-06,0.000252937,1269.633141,0.681795096,0.346324908,-0.644371403
0.000106363,5.10E-06,0.000278111,765.5337606,0.655388154,0.233855139,-0.718176957
0.000106363,5.10E-06,0.000303284,256.922554,0.635040023,0.120438467,-0.763032598
0.000106363,5.10E-06,0.000328458,-255.8389065,0.625579617,0.016506532,-0.77998569
0.000106363,5.10E-06,0.000353632,-771.6080245,0.634266643,-0.074322964,-0.769533575
0.000106363,5.10E-06,0.000378805,-1283.908715,0.667309709,-0.154197146,-0.728643254
0.000106363,5.10E-06,0.000403979,-1775.663964,0.724863857,-0.229841881,-0.649419048
0.000106363,5.10E-06,0.000429153,-2214.079317,0.794134291,-0.312221323,-0.521410178
0.000106363,5.10E-06,0.000454326,-2551.610916,0.844939225,-0.410562112,-0.342806736
0.000106363,5.10E-06,0.0004795,-2741.72727,0.275760377,-0.16906078,0.946242394
0.000106363,3.07E-05,1.20E-06,1886.390448,0.188712855,-0.048389894,0.980839373
0.000106363,3.07E-05,2.64E-05,1924.360656,0.957146815,-0.272432543,0.09823688
0.000106363,3.07E-05,5.15E-05,2030.969266,0.944516557,-0.26740912,0.190737609
0.000106363,3.07E-05,7.67E-05,2295.462533,0.933096915,-0.226075615,0.279678321
0.000106363,3.07E-05,0.000101895,2603.797515,0.954602027,-0.17345668,0.242172977
0.000106363,3.07E-05,0.000127068,2794.087693,0.986444281,-0.141722541,0.082718814
0.000106363,3.07E-05,0.000152242,2780.60745,0.985170642,-0.129343994,-0.112733923
0.000106363,3.07E-05,0.000177416,2551.150789,0.943139371,-0.129535887,-0.306118574
0.000106363,3.07E-05,0.000202589,2160.452284,0.869514461,-0.137941379,-0.474253917
0.000106363,3.07E-05,0.000227763,1681.981375,0.786916331,-0.154021457,-0.597528308
0.000106363,3.07E-05,0.000252937,1165.343328,0.71392493,-0.179086226,-0.676933762
0.000106363,3.07E-05,0.000278111,631.5695017,0.656444475,-0.213304416,-0.723589578
0.000106363,3.07E-05,0.000303284,85.25243423,0.61549371,-0.255107433,-0.745712874
0.000106363,3.07E-05,0.000328458,-474.9057397,0.593433741,-0.301962728,-0.746093094
0.000106363,3.07E-05,0.000353632,-1049.940144,0.594510487,-0.351415602,-0.723231882
0.000106363,3.07E-05,0.000378805,-1635.590005,0.622337367,-0.401675684,-0.671827989
0.000106363,3.07E-05,0.000403979,-2214.565344,0.675508344,-0.450892205,-0.583424971
0.000106363,3.07E-05,0.000429153,-2745.524264,0.742719669,-0.494839377,-0.451111389
0.000106363,3.07E-05,0.000454326,-3157.688789,0.8024942,-0.526952138,-0.279865151
0.000106363,3.07E-05,0.0004795,-3372.611152,0.340743758,-0.222203659,0.913520238
0.000106363,5.63E-05,1.20E-06,1744.727503,0.182682232,-0.042097956,0.982270311
0.000106363,5.63E-05,2.64E-05,1709.181034,0.983425488,-0.181307927,-0.001321116
0.000106363,5.63E-05,5.15E-05,1742.479337,0.983779372,-0.138252094,0.114300073
0.000106363,5.63E-05,7.67E-05,2024.776437,0.945484361,-0.184741003,0.268197847
0.000106363,5.63E-05,0.000101895,2367.518795,0.93531417,-0.234529553,0.264921294
0.000106363,5.63E-05,0.000127068,2564.966964,0.960491568,-0.262135686,0.093492404
0.000106363,5.63E-05,0.000152242,2555.314567,0.955886928,-0.271433064,-0.112268756
0.000106363,5.63E-05,0.000177416,2340.072112,0.912706551,-0.270276714,-0.306459213
0.000106363,5.63E-05,0.000202589,1968.24293,0.842294604,-0.26388173,-0.470006631
0.000106363,5.63E-05,0.000227763,1502.565721,0.764923889,-0.25870636,-0.589883432
0.000106363,5.63E-05,0.000252937,987.035315,0.69614239,-0.260893563,-0.668820097
0.000106363,5.63E-05,0.000278111,441.7455483,0.641546328,-0.272423231,-0.717080115
0.000106363,5.63E-05,0.000303284,-128.0115212,0.603422409,-0.291410226,-0.742267793
0.000106363,5.63E-05,0.000328458,-723.0606529,0.585917329,-0.314038365,-0.74704805
0.000106363,5.63E-05,0.000353632,-1345.130919,0.595264585,-0.336454319,-0.729697585
0.000106363,5.63E-05,0.000378805,-1992.01234,0.637034154,-0.356190564,-0.68360498
0.000106363,5.63E-05,0.000403979,-2647.988636,0.711055577,-0.372131548,-0.596588701
0.000106363,5.63E-05,0.000429153,-3266.14338,0.803308151,-0.382438515,-0.456548789
0.000106363,5.63E-05,0.000454326,-3752.335088,0.882751263,-0.384981819,-0.269331036
0.000106363,5.63E-05,0.0004795,-3989.421361,0.216015324,-0.184542369,0.958791684
0.000106363,8.19E-05,1.20E-06,1638.024795,0.156880315,-0.030665188,0.987141435
0.000106363,8.19E-05,2.64E-05,1610.600887,0.995311994,-0.096658106,0.003353326
0.000106363,8.19E-05,5.15E-05,1642.775048,0.990293423,-0.05991528,0.125415693
0.000106363,8.19E-05,7.67E-05,1857.629396,0.956620198,-0.145562841,0.252367304
0.000106363,8.19E-05,0.000101895,2117.478942,0.93295576,-0.275935676,0.231199163
0.000106363,8.19E-05,0.000127068,2258.625493,0.93126351,-0.358673189,0.064045443
0.000106363,8.19E-05,0.000152242,2227.669323,0.91128942,-0.389003005,-0.135012057
0.000106363,8.19E-05,0.000177416,2024.624293,0.865040726,-0.386801593,-0.319513804
0.000106363,8.19E-05,0.000202589,1682.277519,0.800552556,-0.368473996,-0.472591282
0.000106363,8.19E-05,0.000227763,1244.363551,0.731687939,-0.347410899,-0.58646264
0.000106363,8.19E-05,0.000252937,744.5304668,0.669456917,-0.332819591,-0.664122396
0.000106363,8.19E-05,0.000278111,200.7823366,0.619270792,-0.327486623,-0.713621887
0.000106363,8.19E-05,0.000303284,-379.7883362,0.585119867,-0.328951849,-0.741232367
0.000106363,8.19E-05,0.000328458,-995.2137843,0.573036147,-0.331612519,-0.7494416
0.000106363,8.19E-05,0.000353632,-1644.946317,0.590960474,-0.32894409,-0.736587744
0.000106363,8.19E-05,0.000378805,-2325.936887,0.645873665,-0.316157499,-0.694904055
0.000106363,8.19E-05,0.000403979,-3022.78377,0.737788935,-0.292179153,-0.608521841
0.000106363,8.19E-05,0.000429153,-3686.271505,0.848641076,-0.260133736,-0.46058524
0.000106363,8.19E-05,0.000454326,-4209.050719,0.778419729,-0.41419223,-0.471707029
0.000106363,8.19E-05,0.0004795,-4448.570097,0.187074202,-0.106265413,0.976581233
0.000106363,0.0001075,1.20E-06,1553.313967,0.126410863,-0.02929141,0.991545413
0.000106363,0.0001075,2.64E-05,1569.938349,0.990512697,-0.119460447,0.067924949
0.000106363,0.0001075,5.15E-05,1622.466978,0.985605505,-0.087984872,0.144362221
0.000106363,0.0001075,7.67E-05,1746.335291,0.960463099,-0.197103719,0.196623395
0.000106363,0.0001075,0.000101895,1880.825987,0.92787507,-0.345376039,0.140581815
0.000106363,0.0001075,0.000127068,1937.418094,0.898269768,-0.439373757,-0.007882032
0.000106363,0.0001075,0.000152242,1869.68163,0.861289717,-0.473756088,-0.183671426
0.000106363,0.0001075,0.000177416,1668.64261,0.811465621,-0.468579794,-0.349222741
0.000106363,0.0001075,0.000202589,1349.580021,0.751798945,-0.443402601,-0.488049669
0.000106363,0.0001075,0.000227763,937.6521852,0.689842376,-0.414204353,-0.593761106
0.000106363,0.0001075,0.000252937,455.1962978,0.632911921,-0.391316616,-0.668052248
0.000106363,0.0001075,0.000278111,-82.95082466,0.586412313,-0.377734438,-0.716545389
0.000106363,0.0001075,0.000303284,-667.7717907,0.555726841,-0.371241769,-0.743873126
0.000106363,0.0001075,0.000328458,-1292.34739,0.54855261,-0.364822048,-0.752326331
0.000106363,0.0001075,0.000353632,-1949.466941,0.574565435,-0.347143467,-0.741192266
0.000106363,0.0001075,0.000378805,-2629.497108,0.641751213,-0.308344874,-0.702195713
0.000106363,0.0001075,0.000403979,-3312.208701,0.74883178,-0.24430232,-0.616090369
0.000106363,0.0001075,0.000429153,-3947.480858,0.871489159,-0.164525379,-0.461993557
0.000106363,0.0001075,0.000454326,-4433.022788,0.840597354,-0.188616585,-0.50775966
0.000106363,0.0001075,0.0004795,-4636.438,0.162375344,-0.02384454,0.986440918
0.000106363,0.0001331,1.20E-06,1451.57627,0.103641262,-0.036990012,0.993926671
0.000106363,0.0001331,2.64E-05,1486.920996,0.957935678,-0.267434408,0.104106069
0.000106363,0.0001331,5.15E-05,1533.445214,0.9581332,-0.260165463,0.119560456
0.000106363,0.0001331,7.67E-05,1594.253257,0.935080861,-0.337864341,0.10710495
0.000106363,0.0001331,0.000101895,1640.083959,0.897687217,-0.439604465,0.03009278
0.000106363,0.0001331,0.000127068,1626.877076,0.856236523,-0.506685053,-0.100644298
0.000106363,0.0001331,0.000152242,1522.658078,0.810612584,-0.528747678,-0.251660747
0.000106363,0.0001331,0.000177416,1314.944527,0.758305345,-0.517331719,-0.396662195
0.000106363,0.0001331,0.000202589,1006.911684,0.700273651,-0.488537921,-0.520526189
0.000106363,0.0001331,0.000227763,609.8805592,0.640803111,-0.45735372,-0.616602747
0.000106363,0.0001331,0.000252937,136.5804293,0.585386891,-0.434260577,-0.68464585
0.000106363,0.0001331,0.000278111,-401.2273463,0.539206658,-0.422769646,-0.728369416
0.000106363,0.0001331,0.000303284,-993.5784385,0.508312777,-0.421383052,-0.751035581
0.000106363,0.0001331,0.000328458,-1627.265686,0.502222747,-0.423391716,-0.753997193
0.000106363,0.0001331,0.000353632,-2281.81712,0.532703036,-0.413383372,-0.73847252
0.000106363,0.0001331,0.000378805,-2934.471534,0.610836848,-0.37206735,-0.698887853
0.000106363,0.0001331,0.000403979,-3554.263141,0.737225419,-0.282077847,-0.613946878
0.000106363,0.0001331,0.000429153,-4092.175894,0.878043163,-0.149411663,-0.454660707
0.000106363,0.0001331,0.000454326,-4469.310509,0.897580815,-0.037995964,-0.439209502
0.000106363,0.0001331,0.0004795,-4595.724138,0.154255832,0.023773602,0.987744883
0.000106363,0.0001587,1.20E-06,1323.108415,0.086380338,-0.045915834,0.995203584
0.000106363,0.0001587,2.64E-05,1356.066505,0.896571236,-0.432646389,0.094747669
0.000106363,0.0001587,5.15E-05,1384.954986,0.898562936,-0.433881938,0.065811205
0.000106363,0.0001587,7.67E-05,1404.244781,0.880667948,-0.473533838,0.013772069
0.000106363,0.0001587,0.000101895,1396.176494,0.848419558,-0.52389089,-0.075647789
0.000106363,0.0001587,0.000127068,1336.236146,0.807973817,-0.555520274,-0.196406559
0.000106363,0.0001587,0.000152242,1203.202012,0.760887167,-0.558471238,-0.330394606
0.000106363,0.0001587,0.000177416,984.6086209,0.706829721,-0.537892975,-0.459415817
0.000106363,0.0001587,0.000202589,676.6383827,0.647087691,-0.505790918,-0.57048494
0.000106363,0.0001587,0.000227763,281.1676105,0.585226595,-0.475414884,-0.656879381
0.000106363,0.0001587,0.000252937,-196.9951759,0.526140702,-0.457432559,-0.7168901
0.000106363,0.0001587,0.000278111,-750.0413593,0.474616191,-0.45750592,-0.751949337
0.000106363,0.0001587,0.000303284,-1367.313781,0.436809148,-0.475509589,-0.763602252
0.000106363,0.0001587,0.000328458,-2027.98199,0.42225983,-0.507031221,-0.751409327
0.000106363,0.0001587,0.000353632,-2693.608967,0.443230315,-0.5389958,-0.716261416
0.000106363,0.0001587,0.000378805,-3318.381939,0.517899924,-0.544483395,-0.659785951
0.000106363,0.0001587,0.000403979,-3853.123719,0.66482047,-0.483728509,-0.569227961
0.000106363,0.0001587,0.000429153,-4253.278293,0.857372526,-0.319120313,-0.403824934
0.000106363,0.0001587,0.000454326,-4477.322409,0.957178468,-0.152378667,-0.246150608
0.000106363,0.0001587,0.0004795,-4491.517395,0.157685625,0.020222367,0.987282279
0.000106363,0.0001843,1.20E-06,1177.216649,0.070892476,-0.05121211,0.996168448
0.000106363,0.0001843,2.64E-05,1199.728317,0.825489185,-0.561271659,0.059512438
0.000106363,0.0001843,5.15E-05,1210.435062,0.830769887,-0.55660521,0.003469136
0.000106363,0.0001843,7.67E-05,1201.88286,0.820516699,-0.567129334,-0.071530873
0.000106363,0.0001843,0.000101895,1161.121084,0.796569461,-0.579990403,-0.17055271
0.000106363,0.0001843,0.000127068,1071.820827,0.761041497,-0.58081582,-0.288909716
0.000106363,0.0001843,0.000152242,918.2310003,0.714647666,-0.563379,-0.414587526
0.000106363,0.0001843,0.000177416,687.992988,0.658024448,-0.531127784,-0.533766899
0.000106363,0.0001843,0.000202589,372.6803235,0.593492896,-0.494027614,-0.635376188
0.000106363,0.0001843,0.000227763,-33.1174638,0.525068061,-0.464266729,-0.713274095
0.000106363,0.0001843,0.000252937,-532.555513,0.457332626,-0.452744007,-0.765421278
0.000106363,0.0001843,0.000278111,-1125.338825,0.394758428,-0.467816128,-0.790767889
0.000106363,0.0001843,0.000303284,-1802.853098,0.342268032,-0.513930509,-0.786592668
0.000106363,0.0001843,0.000328458,-2537.370683,0.305661245,-0.591226838,-0.746339085
0.000106363,0.0001843,0.000353632,-3269.304028,0.293455173,-0.688961588,-0.662733726
0.000106363,0.0001843,0.000378805,-3907.55712,0.323127936,-0.77691778,-0.540358307
0.000106363,0.0001843,0.000403979,-4362.190119,0.619728151,-0.546937005,-0.562847164
0.000106363,0.0001843,0.000429153,-4593.798796,0.882908443,-0.395642843,-0.252862457
0.000106363,0.0001843,0.000454326,-4619.289175,0.885247824,-0.453706897,0.102402837
0.000106363,0.0001843,0.0004795,-4474.902677,0.183750455,-0.02210856,0.982724265
0.000106363,0.0002099,1.20E-06,1026.44042,0.055817434,-0.051210697,0.997126812
0.000106363,0.0002099,2.64E-05,1037.472615,0.758099751,-0.651975042,0.014605218
0.000106363,0.0002099,5.15E-05,1033.415395,0.77032914,-0.634977437,-0.058280958
0.000106363,0.0002099,7.67E-05,1006.639809,0.769228932,-0.621495966,-0.148423768
0.000106363,0.0002099,0.000101895,946.3905229,0.753683829,-0.605047576,-0.256667325
0.000106363,0.0002099,0.000127068,839.6675392,0.722828139,-0.578632905,-0.377761092
0.000106363,0.0002099,0.000152242,672.78911,0.676192689,-0.539926672,-0.501241096
0.000106363,0.0002099,0.000177416,432.5621132,0.614997648,-0.493434311,-0.615061358
0.000106363,0.0002099,0.000202589,106.4540685,0.54292384,-0.448883168,-0.709744747
0.000106363,0.0002099,0.000227763,-318.0244283,0.464941565,-0.41778619,-0.780566487
0.000106363,0.0002099,0.000252937,-853.9810472,0.385598823,-0.410774352,-0.826182776
0.000106363,0.0002099,0.000278111,-1514.272663,0.308465176,-0.437441392,-0.844685897
0.000106363,0.0002099,0.000303284,-2305.506778,0.236212371,-0.507622434,-0.828566944
0.000106363,0.0002099,0.000328458,-3209.332234,0.171293581,-0.629104557,-0.758212348
0.000106363,0.0002099,0.000353632,-4142.143279,0.166890192,-0.499223343,-0.850249209
0.000106363,0.0002099,0.000378805,-4916.325045,0.344341296,-0.814500489,-0.466924004
0.000106363,0.0002099,0.000403979,-4531.260189,-0.527496178,-0.714249112,0.459995639
0.000106363,0.0002099,0.000429153,-4662.362418,-0.141482832,-0.392298362,-0.908891964
0.000106363,0.0002099,0.000454326,-5013.025629,0.803695768,-0.584066246,0.113752944
0.000106363,0.0002099,0.0004795,-4624.131047,0.112054204,-0.07585206,0.990802867
0.000106363,0.0002355,1.20E-06,881.5223556,0.041762254,-0.046400186,0.998049566
0.000106363,0.0002355,2.64E-05,883.0934229,0.701534119,-0.71193564,-0.0315836
0.000106363,0.0002355,5.15E-05,868.8193411,0.725310867,-0.67850626,-0.116419077
0.000106363,0.0002355,7.67E-05,831.3118504,0.735606565,-0.641176767,-0.218575694
0.000106363,0.0002355,0.000101895,760.8479172,0.72854513,-0.596810192,-0.336213606
0.000106363,0.0002355,0.000127068,645.6365499,0.700935386,-0.542993924,-0.46243614
0.000106363,0.0002355,0.000152242,472.278927,0.651659239,-0.481384303,-0.586182044
0.000106363,0.0002355,0.000177416,225.9551726,0.58319545,-0.418903297,-0.695990729
0.000106363,0.0002355,0.000202589,-110.0728004,0.501207656,-0.365612769,-0.784294708
0.000106363,0.0002355,0.000227763,-555.88113,0.411958427,-0.33143061,-0.84878973
0.000106363,0.0002355,0.000252937,-1137.397146,0.320090973,-0.324627173,-0.890033127
0.000106363,0.0002355,0.000278111,-1889.777333,0.228222423,-0.353281822,-0.907252159
0.000106363,0.0002355,0.000303284,-2858.919813,0.137598123,-0.429022464,-0.892752195
0.000106363,0.0002355,0.000328458,-4087.073328,0.068021518,-0.791525615,-0.607338681
0.000106363,0.0002355,0.000353632,-4288.537141,0.850633279,-0.349296883,-0.392956374
0.000106363,0.0002355,0.000378805,-4597.826229,0.504565102,0.357485863,-0.785886706
0.000106363,0.0002355,0.000403979,-4763.203616,0.551293621,-0.612461321,-0.566539031
0.000106363,0.0002355,0.000429153,-4805.261148,0.801110919,-0.563216978,-0.202504152
0.000106363,0.0002355,0.000454326,-4818.913071,0.823374761,0.403325745,-0.399227188
0.000106363,0.0002355,0.0004795,-4945.091018,0.062606536,-0.044958199,0.997025166
0.000106363,0.0002611,1.20E-06,750.8944345,0.032626136,-0.04191453,0.998588357
0.000106363,0.0002611,2.64E-05,746.2808526,0.665062716,-0.74311245,-0.073996425
0.000106363,0.0002611,5.15E-05,726.5145187,0.706519948,-0.687239433,-0.168912775
0.000106363,0.0002611,7.67E-05,684.5493021,0.731097689,-0.62152155,-0.281437616
0.000106363,0.0002611,0.000101895,611.2181092,0.732090344,-0.546153398,-0.407136579
0.000106363,0.0002611,0.000127068,495.0907279,0.704852657,-0.463262457,-0.537187703
0.000106363,0.0002611,0.000152242,322.3018006,0.648999795,-0.378914035,-0.659714651
0.000106363,0.0002611,0.000177416,76.12010898,0.569761866,-0.302468995,-0.764122976
0.000106363,0.0002611,0.000202589,-264.1849074,0.475765769,-0.243074477,-0.845317533
0.000106363,0.0002611,0.000227763,-725.961586,0.37470599,-0.206855023,-0.903773434
0.000106363,0.0002611,0.000252937,-1348.740295,0.271291588,-0.197023972,-0.942115932
0.000106363,0.0002611,0.000278111,-2195.981953,0.167470898,-0.216245253,-0.961868748
0.000106363,0.0002611,0.000303284,-3379.325213,0.063908517,-0.269757324,-0.960805229
0.000106363,0.0002611,0.000328458,-5104.06088,-0.148862271,-0.029543016,-0.988416529
0.000106363,0.0002611,0.000353632,-4603.837458,0.3256685,-0.685568789,0.651103267
0.000106363,0.0002611,0.000378805,-4696.751166,0.767995756,-0.289829173,-0.571123077
0.000106363,0.0002611,0.000403979,-4759.306937,0.664327734,0.122029446,-0.737412691
0.000106363,0.0002611,0.000429153,-4819.928924,0.694413294,0.070639459,-0.716100722
0.000106363,0.0002611,0.000454326,-4869.367908,0.858680556,-0.218652388,-0.463528679
0.000106363,0.0002611,0.0004795,-4885.530093,-0.044852709,0.012735593,0.998912428
0.000106363,0.0002867,1.20E-06,641.1307206,0.025070631,-0.034527039,0.999089259
0.000106363,0.0002867,2.64E-05,634.1107168,0.668713263,-0.735816223,-0.106757003
0.000106363,0.0002867,5.15E-05,613.404608,0.734780625,-0.644729385,-0.210763976
0.000106363,0.0002867,7.67E-05,572.3814662,0.77338782,-0.541678189,-0.329326615
0.000106363,0.0002867,0.000101895,502.3946854,0.777472387,-0.433016726,-0.45610657
0.000106363,0.0002867,0.000127068,392.2600772,0.744354493,-0.324954084,-0.58338772
0.000106363,0.0002867,0.000152242,227.5635179,0.676409513,-0.22570747,-0.701089373
0.000106363,0.0002867,0.000177416,-10.13013739,0.582489043,-0.144497448,-0.799891869
0.000106363,0.0002867,0.000202589,-344.6205519,0.474582295,-0.087032882,-0.875897781
0.000106363,0.0002867,0.000227763,-808.3172066,0.361572979,-0.053628743,-0.930800161
0.000106363,0.0002867,0.000252937,-1450.027584,0.248223937,-0.041327103,-0.967820721
0.000106363,0.0002867,0.000278111,-2354.02006,0.136118766,-0.046593808,-0.98959623
0.000106363,0.0002867,0.000303284,-3689.224064,0.051519654,-0.129918398,-0.990185303
0.000106363,0.0002867,0.000328458,-4124.292881,0.648726301,0.540356407,-0.535881647
0.000106363,0.0002867,0.000353632,-4724.670309,0.266804111,0.003687698,-0.963743725
0.000106363,0.0002867,0.000378805,-4678.058802,0.680263025,0.705945419,-0.197188442
0.000106363,0.0002867,0.000403979,-4742.474561,0.42206295,0.426326339,-0.800067946
0.000106363,0.0002867,0.000429153,-4794.220368,0.299790597,0.523710339,-0.797403962
0.000106363,0.0002867,0.000454326,-4850.382031,-0.081124988,0.646320074,-0.758741786
0.000106363,0.0002867,0.0004795,-4872.222235,-0.007402085,0.011036363,0.9999117
0.000106363,0.0003123,1.20E-06,557.3811878,0.020123093,-0.025137896,0.999481439
0.000106363,0.0003123,2.64E-05,551.9440052,0.752320007,-0.648492342,-0.116070189
0.000106363,0.0003123,5.15E-05,534.4862032,0.836615125,-0.499446,-0.225008502
0.000106363,0.0003123,7.67E-05,498.8674309,0.870752686,-0.359389722,-0.335602127
0.000106363,0.0003123,0.000101895,437.3192165,0.862837567,-0.235895755,-0.447062105
0.000106363,0.0003123,0.000127068,339.4139323,0.817367514,-0.125682663,-0.562240353
0.000106363,0.0003123,0.000152242,190.56317,0.73580064,-0.030602686,-0.676506389
0.000106363,0.0003123,0.000177416,-28.99323274,0.626398849,0.0416543,-0.778388978
0.000106363,0.0003123,0.000202589,-344.8392606,0.503557896,0.08789964,-0.859478388
0.000106363,0.0003123,0.000227763,-790.7290029,0.378565859,0.113007314,-0.918649682
0.000106363,0.0003123,0.000252937,-1415.861421,0.256489507,0.125354495,-0.958383735
0.000106363,0.0003123,0.000278111,-2303.196955,0.138605144,0.133314794,-0.981333674
0.000106363,0.0003123,0.000303284,-3615.529388,0.04912868,0.276639575,-0.959717103
0.000106363,0.0003123,0.000328458,-4042.286689,0.710798951,-0.395570224,-0.58162621
0.000106363,0.0003123,0.000353632,-4601.682627,0.201560274,0.415614174,-0.88692633
0.000106363,0.0003123,0.000378805,-4631.931533,-0.061845892,0.553625219,-0.830466256
0.000106363,0.0003123,0.000403979,-4696.360531,-0.058977468,0.725416151,-0.685779167
0.000106363,0.0003123,0.000429153,-4747.858437,0.063418043,0.75586966,-0.651643468
0.000106363,0.0003123,0.000454326,-4801.798233,-0.277334538,0.725807663,-0.629514726
0.000106363,0.0003123,0.0004795,-4823.891953,-0.00950101,0.013844309,0.999859023
0.000106363,0.0003379,1.20E-06,503.6336674,0.01818852,-0.013832968,0.999738879
0.000106363,0.0003379,2.64E-05,504.0285683,0.930851039,-0.359836073,-0.06351649
0.000106363,0.0003379,5.15E-05,493.596646,0.968569836,-0.179775301,-0.171910776
0.000106363,0.0003379,7.67E-05,466.5650937,0.962922899,-0.069857806,-0.260575089
0.000106363,0.0003379,0.000101895,416.8329658,0.938843867,0.008474256,-0.344238841
0.000106363,0.0003379,0.000127068,336.1663432,0.892899096,0.085237522,-0.442115108
0.000106363,0.0003379,0.000152242,210.6158909,0.812568012,0.162332407,-0.559804801
0.000106363,0.0003379,0.000177416,19.00631602,0.697384659,0.222515427,-0.681279327
0.000106363,0.0003379,0.000202589,-265.3978457,0.563574878,0.256889631,-0.785105773
0.000106363,0.0003379,0.000227763,-674.3346487,0.42770894,0.273135233,-0.861662467
0.000106363,0.0003379,0.000252937,-1248.849882,0.297437356,0.284878232,-0.911249369
0.000106363,0.0003379,0.000278111,-2050.133173,0.174647664,0.305371708,-0.936080292
0.000106363,0.0003379,0.000303284,-3179.440005,0.059703693,0.349581193,-0.935001849
0.000106363,0.0003379,0.000328458,-4806.344454,-0.162130188,0.236849148,-0.957922901
0.000106363,0.0003379,0.000353632,-4443.683137,0.076961464,-0.921882817,0.379748607
0.000106363,0.0003379,0.000378805,-4613.873484,-0.113592354,0.697826545,-0.707202156
0.000106363,0.0003379,0.000403979,-4617.770569,-0.066209339,0.866261108,-0.49518483
0.000106363,0.0003379,0.000429153,-4669.847403,0.00790111,0.471656029,-0.881747222
0.000106363,0.0003379,0.000454326,-4761.233557,-0.476590967,0.497509383,-0.724807191
0.000106363,0.0003379,0.0004795,-4796.760982,0.031135771,-0.062985962,0.997528612
0.000106363,0.0003635,1.20E-06,482.7942899,0.018474564,-0.001265796,0.999828529
0.000106363,0.0003635,2.64E-05,494.1189257,0.990091246,0.123144026,0.067489807
0.000106363,0.0003635,5.15E-05,494.6453928,0.981212263,0.183423713,-0.059818367
0.000106363,0.0003635,7.67E-05,477.9392721,0.971913587,0.188320828,-0.141135553
0.000106363,0.0003635,0.000101895,440.5836538,0.961542349,0.189865234,-0.198462852
0.000106363,0.0003635,0.000127068,379.8448193,0.937095299,0.224789941,-0.267061573
0.000106363,0.0003635,0.000152242,284.090867,0.879140292,0.291824072,-0.37676393
0.000106363,0.0003635,0.000177416,129.1124891,0.777169836,0.354251905,-0.520108291
0.000106363,0.0003635,0.000202589,-114.1334941,0.644541715,0.38835829,-0.658592299
0.000106363,0.0003635,0.000227763,-473.7088149,0.503534032,0.402338984,-0.764576236
0.000106363,0.0003635,0.000252937,-978.4702125,0.367096467,0.415290669,-0.832330369
0.000106363,0.0003635,0.000278111,-1662.726704,0.239572206,0.444117581,-0.863345083
0.000106363,0.0003635,0.000303284,-2567.57765,0.122078123,0.505188885,-0.854330803
0.000106363,0.0003635,0.000328458,-3724.405331,0.014641937,0.618846879,-0.785375167
0.000106363,0.0003635,0.000353632,-5076.840525,-0.314033773,0.660473198,-0.682024885
0.000106363,0.0003635,0.000378805,-4457.242954,-0.14434604,0.081524736,0.986163241
0.000106363,0.0003635,0.000403979,-4596.783221,-0.19109178,-0.91534729,-0.354433731
0.000106363,0.0003635,0.000429153,-4669.818961,-0.531166202,0.666099561,-0.523616119
0.000106363,0.0003635,0.000454326,-4713.20918,-0.370950584,0.352770794,-0.859039249
0.000106363,0.0003635,0.0004795,-5161.956021,-0.036269179,-0.029028322,0.998920369
0.000106363,0.0003891,1.20E-06,496.351736,0.024135123,0.010785096,0.999650528
0.000106363,0.0003891,2.64E-05,526.0186639,0.892524244,0.411608781,0.184333084
0.000106363,0.0003891,5.15E-05,544.0492203,0.921287403,0.387337143,0.034633215
0.000106363,0.0003891,7.67E-05,539.9226951,0.941433496,0.33267192,-0.055066919
0.000106363,0.0003891,0.000101895,512.2671257,0.954395536,0.283510779,-0.093545708
0.000106363,0.0003891,0.000127068,470.1195084,0.950496153,0.285269051,-0.123201589
0.000106363,0.0003891,0.000152242,408.1105325,0.916720376,0.345386807,-0.200827555
0.000106363,0.0003891,0.000177416,294.8349994,0.841196348,0.41634037,-0.345035361
0.000106363,0.0003891,0.000202589,96.09333767,0.726697764,0.459574753,-0.510589274
0.000106363,0.0003891,0.000227763,-211.7965953,0.592556295,0.479543662,-0.647236366
0.000106363,0.0003891,0.000252937,-645.5433793,0.455829985,0.497208966,-0.73824269
0.000106363,0.0003891,0.000278111,-1218.828941,0.324783324,0.529463669,-0.783698932
0.000106363,0.0003891,0.000303284,-1939.667856,0.202370991,0.587541256,-0.783480219
0.000106363,0.0003891,0.000328458,-2795.653211,0.088410365,0.676636449,-0.730990234
0.000106363,0.0003891,0.000353632,-3721.984442,-0.019973654,0.785324268,-0.618762351
0.000106363,0.0003891,0.000378805,-4573.515742,-0.236688237,0.521936373,-0.819488317
0.000106363,0.0003891,0.000403979,-5176.058558,0.418045487,0.900442114,0.120174745
0.000106363,0.0003891,0.000429153,-4519.232083,0.083429143,-0.055590362,0.994961954
0.000106363,0.0003891,0.000454326,-4555.711294,-0.338258157,-0.409238577,-0.847410884
0.000106363,0.0003891,0.0004795,-4950.312347,-0.110648409,0.091349018,0.989652609
0.000106363,0.0004147,1.20E-06,542.8782711,0.033155823,0.021976941,0.99920854
0.000106363,0.0004147,2.64E-05,602.4292862,0.821315376,0.493183499,0.286724762
0.000106363,0.0004147,5.15E-05,652.781211,0.877493467,0.464855129,0.117961538
0.000106363,0.0004147,7.67E-05,673.1937788,0.9136271,0.406539958,0.003284104
0.000106363,0.0004147,0.000101895,655.7201755,0.939152536,0.341141428,-0.040187574
0.000106363,0.0004147,0.000127068,625.1000611,0.946025304,0.320256253,-0.049719772
0.000106363,0.0004147,0.000152242,590.6534631,0.926804654,0.363607116,-0.093930815
0.000106363,0.0004147,0.000177416,511.9871553,0.877963388,0.426369991,-0.217689965
0.000106363,0.0004147,0.000202589,349.6015647,0.793032013,0.471039098,-0.386293147
0.000106363,0.0004147,0.000227763,85.08250629,0.678970109,0.49835371,-0.539113319
0.000106363,0.0004147,0.000252937,-288.7445233,0.550908489,0.524056954,-0.649510697
0.000106363,0.0004147,0.000278111,-773.6153693,0.42010961,0.560209634,-0.713913918
0.000106363,0.0004147,0.000303284,-1365.072866,0.291930305,0.612081103,-0.734937698
0.000106363,0.0004147,0.000328458,-2046.67619,0.16572136,0.677409216,-0.71669602
0.000106363,0.0004147,0.000353632,-2782.190273,0.032420399,0.743617197,-0.667819124
0.000106363,0.0004147,0.000378805,-3515.451976,-0.135002762,0.786277041,-0.602944997
0.000106363,0.0004147,0.000403979,-4183.160024,-0.394140621,0.76321572,-0.51201068
0.000106363,0.0004147,0.000429153,-4705.065873,-0.466374271,0.531291808,-0.707265193
0.000106363,0.0004147,0.000454326,-4924.915515,-0.899978489,0.435083923,0.027215801
0.000106363,0.0004147,0.0004795,-4687.732538,-0.141125717,0.140281704,0.980002334
0.000106363,0.0004403,1.20E-06,614.6758457,0.046193963,0.030578181,0.998464367
0.000106363,0.0004403,2.64E-05,718.2595822,0.78722145,0.462983174,0.407343798
0.000106363,0.0004403,5.15E-05,827.6358701,0.860210552,0.455080444,0.230086062
0.000106363,0.0004403,7.67E-05,909.8989635,0.903176387,0.422271825,0.077194046
0.000106363,0.0004403,0.000101895,927.4354484,0.928419002,0.371456306,-0.00764005
0.000106363,0.0004403,0.000127068,896.3264656,0.937295655,0.346274072,-0.039637389
0.000106363,0.0004403,0.000152242,853.3868801,0.925864038,0.369729611,-0.07794741
0.000106363,0.0004403,0.000177416,774.9573938,0.897235104,0.405789764,-0.174079968
0.000106363,0.0004403,0.000202589,625.4690623,0.841184636,0.437334043,-0.318036702
0.000106363,0.0004403,0.000227763,388.2804599,0.753105826,0.467179725,-0.463222105
0.000106363,0.0004403,0.000252937,59.0292272,0.641084806,0.502114595,-0.580423297
0.000106363,0.0004403,0.000278111,-359.9287758,0.515958377,0.546288765,-0.659814776
0.000106363,0.0004403,0.000303284,-861.4642369,0.38463525,0.599731659,-0.701696275
0.000106363,0.0004403,0.000328458,-1433.533974,0.246925301,0.657590208,-0.711760504
0.000106363,0.0004403,0.000353632,-2058.80441,0.092657001,0.709647156,-0.698437967
0.000106363,0.0004403,0.000378805,-2715.626403,-0.102765853,0.740616579,-0.664022787
0.000106363,0.0004403,0.000403979,-3372.760554,-0.371339831,0.727593425,-0.576814128
0.000106363,0.0004403,0.000429153,-3952.595266,-0.675615499,0.640285158,-0.36548408
0.000106363,0.0004403,0.000454326,-4273.920215,-0.458609513,0.880738196,-0.118226671
0.000106363,0.0004403,0.0004795,-4154.374354,-0.173774666,0.253229344,0.951670775
0.000106363,0.0004659,1.20E-06,694.6308362,0.063378278,0.033719163,0.997419777
0.000106363,0.0004659,2.64E-05,848.5767539,0.767970128,0.352775333,0.534575951
0.000106363,0.0004659,5.15E-05,1038.238096,0.86211308,0.350099338,0.366321568
0.000106363,0.0004659,7.67E-05,1228.369151,0.926610985,0.33334141,0.173998812
0.000106363,0.0004659,0.000101895,1326.785033,0.949660829,0.312343714,0.024201541
0.000106363,0.0004659,0.000127068,1282.946884,0.946087836,0.316431474,-0.069202091
0.000106363,0.0004659,0.000152242,1176.095307,0.933382677,0.333130691,-0.133494277
0.000106363,0.0004659,0.000177416,1052.273204,0.915414151,0.347984843,-0.20229553
0.000106363,0.0004659,0.000202589,890.3278669,0.879022181,0.367504541,-0.303744001
0.000106363,0.0004659,0.000227763,666.0364239,0.813518879,0.398853683,-0.423205356
0.000106363,0.0004659,0.000252937,369.4803043,0.719741871,0.443355876,-0.534235159
0.000106363,0.0004659,0.000278111,1.406800683,0.605082169,0.499287538,-0.620151209
0.000106363,0.0004659,0.000303284,-431.9354679,0.476117133,0.563163419,-0.675395765
0.000106363,0.0004659,0.000328458,-921.7288529,0.33389159,0.629789394,-0.701342801
0.000106363,0.0004659,0.000353632,-1457.460954,0.172012562,0.692738854,-0.700374585
0.000106363,0.0004659,0.000378805,-2025.114914,-0.022313647,0.745464714,-0.666171496
0.000106363,0.0004659,0.000403979,-2596.423457,-0.25661902,0.779939087,-0.570825454
0.000106363,0.0004659,0.000429153,-3099.604359,-0.496223306,0.781383297,-0.378421159
0.000106363,0.0004659,0.000454326,-3396.291392,-0.649202517,0.751822653,-0.11532038
0.000106363,0.0004659,0.0004795,-3364.900711,-0.312020305,0.343018636,0.885991842
0.000106363,0.0004915,1.20E-06,759.530572,0.076803542,0.34638065,0.934944737
0.000106363,0.0004915,2.64E-05,948.8516208,0.367599949,0.87761987,0.30765832
0.000106363,0.0004915,5.15E-05,1196.756444,0.586302897,0.743827859,0.320887875
0.000106363,0.0004915,7.67E-05,1472.049512,0.79141246,0.575389266,0.206381952
0.000106363,0.0004915,0.000101895,1643.741188,0.869236703,0.492382413,0.044577059
0.000106363,0.0004915,0.000127068,1597.034806,0.803309748,0.590509494,-0.077407918
0.000106363,0.0004915,0.000152242,1438.774089,0.690621179,0.70957136,-0.139824437
0.000106363,0.0004915,0.000177416,1274.853748,0.636127855,0.753381849,-0.166604745
0.000106363,0.0004915,0.000202589,1100.696837,0.63738835,0.739037706,-0.218081084
0.000106363,0.0004915,0.000227763,887.4709148,0.654280852,0.690796325,-0.307761277
0.000106363,0.0004915,0.000252937,619.9388393,0.653267909,0.629593226,-0.420539426
0.000106363,0.0004915,0.000278111,296.2228398,0.618715446,0.575349368,-0.53494327
0.000106363,0.0004915,0.000303284,-78.69308148,0.548894391,0.5428105,-0.63566635
0.000106363,0.0004915,0.000328458,-497.0407432,0.44484176,0.538468203,-0.715658999
0.000106363,0.0004915,0.000353632,-948.9657537,0.302422261,0.562561694,-0.769457677
0.000106363,0.0004915,0.000378805,-1419.511044,0.112020204,0.612635407,-0.782386945
0.000106363,0.0004915,0.000403979,-1879.78501,-0.130805402,0.681171058,-0.720344318
0.000106363,0.0004915,0.000429153,-2273.017237,-0.398138101,0.741075284,-0.540641725
0.000106363,0.0004915,0.000454326,-2515.049958,-0.620144875,0.745875138,-0.243085607
0.000106363,0.0004915,0.0004795,-2543.719811,-0.205753238,0.180008321,0.961905718
0.000131879,5.10E-06,1.20E-06,2508.704868,0.197518656,0.290815785,0.936169087
0.000131879,5.10E-06,2.64E-05,2734.291593,0.64517678,0.717120748,0.263599611
0.000131879,5.10E-06,5.15E-05,3021.582,0.75372826,0.574012851,0.320004621
0.000131879,5.10E-06,7.67E-05,3385.532103,0.870070663,0.347233031,0.349866065
0.000131879,5.10E-06,0.000101895,3783.817247,0.944314031,0.188492331,0.269706602
0.000131879,5.10E-06,0.000127068,4079.499407,0.932291712,0.350709103,0.088517171
0.000131879,5.10E-06,0.000152242,4074.537146,0.880022303,0.463685908,-0.102743006
0.000131879,5.10E-06,0.000177416,3700.9395,0.81260972,0.504113245,-0.29246415
0.000131879,5.10E-06,0.000202589,3106.991034,0.739402441,0.490136824,-0.461573315
0.000131879,5.10E-06,0.000227763,2462.931356,0.68844515,0.428384658,-0.585260506
0.000131879,5.10E-06,0.000252937,1844.132737,0.661866262,0.339451435,-0.668360512
0.000131879,5.10E-06,0.000278111,1262.635538,0.648011144,0.245779578,-0.720884148
0.000131879,5.10E-06,0.000303284,710.8798585,0.640792573,0.167815179,-0.749148146
0.000131879,5.10E-06,0.000328458,181.2811738,0.642850431,0.120950288,-0.756382411
0.000131879,5.10E-06,0.000353632,-327.9661102,0.660329892,0.116236964,-0.741925469
0.000131879,5.10E-06,0.000378805,-811.4635599,0.696005613,0.161513671,-0.699635277
0.000131879,5.10E-06,0.000403979,-1255.692464,0.743199932,0.253662037,-0.619119885
0.000131879,5.10E-06,0.000429153,-1638.723175,0.790058555,0.357217012,-0.498200246
0.000131879,5.10E-06,0.000454326,-1933.400047,0.844894946,0.399573537,-0.355659273
0.000131879,5.10E-06,0.0004795,-2116.585753,0.247493097,0.082465702,0.965373801
0.000131879,3.07E-05,1.20E-06,2427.247729,0.205853807,-0.039550649,0.977783185
0.000131879,3.07E-05,2.64E-05,2632.682866,0.929048207,-0.176746065,0.325008087
0.000131879,3.07E-05,5.15E-05,2912.42606,0.920254479,-0.166235211,0.354256332
0.000131879,3.07E-05,7.67E-05,3294.714845,0.919748457,-0.148704806,0.363248753
0.000131879,3.07E-05,0.000101895,3728.134013,0.95071699,-0.130493053,0.281262808
0.000131879,3.07E-05,0.000127068,4056.728907,0.987818728,-0.116065099,0.103648707
0.000131879,3.07E-05,0.000152242,4067.223458,0.988284972,-0.109393477,-0.106423119
0.000131879,3.07E-05,0.000177416,3687.965043,0.937835389,-0.11095378,-0.328867819
0.000131879,3.07E-05,0.000202589,3077.393469,0.846732859,-0.113924362,-0.519677501
0.000131879,3.07E-05,0.000227763,2413.404963,0.76214887,-0.120807715,-0.636030343
0.000131879,3.07E-05,0.000252937,1771.6586,0.704647686,-0.13737579,-0.696131834
0.000131879,3.07E-05,0.000278111,1162.172804,0.66745385,-0.165711337,-0.725978726
0.000131879,3.07E-05,0.000303284,575.9785137,0.643597714,-0.204853665,-0.73743946
0.000131879,3.07E-05,0.000328458,5.187103823,0.633282814,-0.251819791,-0.73180576
0.000131879,3.07E-05,0.000353632,-551.5488419,0.640929478,-0.30264157,-0.705420076
0.000131879,3.07E-05,0.000378805,-1087.688055,0.670053663,-0.353343634,-0.652821848
0.000131879,3.07E-05,0.000403979,-1586.916359,0.718788127,-0.400213147,-0.568483126
0.000131879,3.07E-05,0.000429153,-2020.92611,0.777360827,-0.439505366,-0.450050196
0.000131879,3.07E-05,0.000454326,-2351.72386,0.8300822,-0.468201674,-0.302903836
0.000131879,3.07E-05,0.0004795,-2544.537152,0.28803678,-0.162204717,0.943781989
0.000131879,5.63E-05,1.20E-06,2295.743487,0.19708515,-0.050804495,0.979069123
0.000131879,5.63E-05,2.64E-05,2465.973371,0.936294906,-0.225919124,0.268909647
0.000131879,5.63E-05,5.15E-05,2705.661687,0.926521218,-0.224728572,0.301754041
0.000131879,5.63E-05,7.67E-05,3045.946902,0.911708847,-0.250804918,0.32539802
0.000131879,5.63E-05,0.000101895,3424.290461,0.922295438,-0.286703241,0.259176345
0.000131879,5.63E-05,0.000127068,3693.359032,0.946403079,-0.309130358,0.093592912
0.000131879,5.63E-05,0.000152242,3689.061465,0.942877398,-0.313354358,-0.113098449
0.000131879,5.63E-05,0.000177416,3361.334154,0.89605662,-0.303352211,-0.324129558
0.000131879,5.63E-05,0.000202589,2822.84854,0.820140699,-0.279441895,-0.499280944
0.000131879,5.63E-05,0.000227763,2210.719777,0.749707142,-0.25480291,-0.610749276
0.000131879,5.63E-05,0.000252937,1593.030958,0.699258846,-0.242256736,-0.672568762
0.000131879,5.63E-05,0.000278111,985.088557,0.664310711,-0.245224353,-0.70608519
0.000131879,5.63E-05,0.000303284,384.037344,0.640963166,-0.261443675,-0.721674043
0.000131879,5.63E-05,0.000328458,-213.2799645,0.632087645,-0.286052475,-0.720166085
0.000131879,5.63E-05,0.000353632,-804.7751771,0.644285743,-0.313442996,-0.697602587
0.000131879,5.63E-05,0.000378805,-1381.352609,0.682470788,-0.338687639,-0.64770696
0.000131879,5.63E-05,0.000403979,-1923.820042,0.744682697,-0.358292053,-0.563093674
0.000131879,5.63E-05,0.000429153,-2398.259502,0.818390539,-0.370255341,-0.439485959
0.000131879,5.63E-05,0.000454326,-2756.457536,0.882809263,-0.374850225,-0.283081461
0.000131879,5.63E-05,0.0004795,-2951.841416,0.328437686,-0.134019997,0.934969158
0.000131879,8.19E-05,1.20E-06,2141.353018,0.175873418,-0.055956084,0.982821173
0.000131879,8.19E-05,2.64E-05,2282.466046,0.932416418,-0.267848282,0.242604455
0.000131879,8.19E-05,5.15E-05,2473.181333,0.923644897,-0.274148892,0.267810547
0.000131879,8.19E-05,7.67E-05,2731.441851,0.901573438,-0.330957805,0.278625675
0.000131879,8.19E-05,0.000101895,2999.832421,0.888785386,-0.407125268,0.210498346
0.000131879,8.19E-05,0.000127068,3167.40021,0.885671227,-0.460592458,0.058660597
0.000131879,8.19E-05,0.000152242,3131.725374,0.870178497,-0.474943387,-0.131218
0.000131879,8.19E-05,0.000177416,2863.549116,0.831805881,-0.453530339,-0.320014386
0.000131879,8.19E-05,0.000202589,2422.501735,0.778057022,-0.410026008,-0.475926405
0.000131879,8.19E-05,0.000227763,1891.639527,0.726138847,-0.36511425,-0.582592447
0.000131879,8.19E-05,0.000252937,1322.714602,0.684614704,-0.333542358,-0.648114344
0.000131879,8.19E-05,0.000278111,735.1769216,0.652747868,-0.319135472,-0.687075521
0.000131879,8.19E-05,0.000303284,134.4887558,0.630873433,-0.318824626,-0.707353921
0.000131879,8.19E-05,0.000328458,-475.0100716,0.624609583,-0.326210182,-0.709541955
0.000131879,8.19E-05,0.000353632,-1085.268901,0.642213225,-0.33372717,-0.690064019
0.000131879,8.19E-05,0.000378805,-1682.749026,0.68948144,-0.334611526,-0.642378759
0.000131879,8.19E-05,0.000403979,-2244.923949,0.763930367,-0.324909655,-0.557533954
0.000131879,8.19E-05,0.000429153,-2734.280727,0.85001506,-0.305183352,-0.429345455
0.000131879,8.19E-05,0.000454326,-3097.178847,0.922349365,-0.281299893,-0.264843386
0.000131879,8.19E-05,0.0004795,-3280.992001,0.350232149,-0.095475389,0.931784252
0.000131879,0.0001075,1.20E-06,1973.62859,0.148391685,-0.061017706,0.987044451
0.000131879,0.0001075,2.64E-05,2093.412946,0.90921519,-0.343952266,0.234573182
0.000131879,0.0001075,5.15E-05,2238.276504,0.903045817,-0.357258059,0.238484658
0.000131879,0.0001075,7.67E-05,2409.784989,0.880545769,-0.419921336,0.219784485
0.000131879,0.0001075,0.000101895,2566.823166,0.854936269,-0.499378705,0.14037409
0.000131879,0.0001075,0.000127068,2640.221424,0.832184518,-0.554494589,0.002163035
0.000131879,0.0001075,0.000152242,2570.647911,0.806748263,-0.567724601,-0.163847544
0.000131879,0.0001075,0.000177416,2339.187457,0.773748222,-0.542353465,-0.327362807
0.000131879,0.0001075,0.000202589,1971.336768,0.734365922,-0.494265542,-0.46519702
0.000131879,0.0001075,0.000227763,1509.804133,0.694581616,-0.4439248,-0.566115846
0.000131879,0.0001075,0.000252937,987.7958106,0.658839435,-0.405850956,-0.63341582
0.000131879,0.0001075,0.000278111,423.8302492,0.628994175,-0.384601218,-0.675609526
0.000131879,0.0001075,0.000303284,-170.6659688,0.608742329,-0.377656862,-0.697716326
0.000131879,0.0001075,0.000328458,-783.5573782,0.605672185,-0.378061805,-0.700164606
0.000131879,0.0001075,0.000353632,-1398.750555,0.628964297,-0.375933327,-0.680498381
0.000131879,0.0001075,0.000378805,-1995.640186,0.685002002,-0.360986711,-0.632819762
0.000131879,0.0001075,0.000403979,-2546.990492,0.770898989,-0.326157707,-0.547115984
0.000131879,0.0001075,0.000429153,-3014.310492,0.867814385,-0.273350281,-0.41494315
0.000131879,0.0001075,0.000454326,-3346.973511,0.945583003,-0.216153734,-0.243208445
0.000131879,0.0001075,0.0004795,-3497.698365,0.341769075,-0.059590068,0.93789281
0.000131879,0.0001331,1.20E-06,1789.865029,0.122387751,-0.067397246,0.99019132
0.000131879,0.0001331,2.64E-05,1887.843878,0.86493071,-0.452448029,0.217222576
0.000131879,0.0001331,5.15E-05,1991.21925,0.862632881,-0.467226659,0.193813729
0.000131879,0.0001331,7.67E-05,2093.088482,0.844125357,-0.515499553,0.147351935
0.000131879,0.0001331,0.000101895,2166.175431,0.817476213,-0.572926945,0.059053846
0.000131879,0.0001331,0.000127068,2170.321494,0.789314243,-0.61028442,-0.067349479
0.000131879,0.0001331,0.000152242,2070.991437,0.760315244,-0.61385752,-0.212366838
0.000131879,0.0001331,0.000177416,1853.83455,0.728592829,-0.58598115,-0.354652761
0.000131879,0.0001331,0.000202589,1526.369924,0.693511317,-0.539778885,-0.477159102
0.000131879,0.0001331,0.000227763,1107.325952,0.656929266,-0.492352156,-0.570993253
0.000131879,0.0001331,0.000252937,615.1106763,0.621666182,-0.456897826,-0.636219722
0.000131879,0.0001331,0.000278111,64.53640736,0.590809188,-0.438912132,-0.676979058
0.000131879,0.0001331,0.000303284,-530.1082828,0.570242619,-0.437260145,-0.695432901
0.000131879,0.0001331,0.000328458,-1149.358138,0.568742515,-0.445709431,-0.691285075
0.000131879,0.0001331,0.000353632,-1766.209469,0.595218702,-0.452811247,-0.663834822
0.000131879,0.0001331,0.000378805,-2348.845317,0.657757088,-0.442539703,-0.609519667
0.000131879,0.0001331,0.000403979,-2862.478141,0.755734331,-0.398993905,-0.519297107
0.000131879,0.0001331,0.000429153,-3270.20679,0.867833869,-0.317779931,-0.381942785
0.000131879,0.0001331,0.000454326,-3534.069777,0.954674914,-0.218786984,-0.201811952
0.000131879,0.0001331,0.0004795,-3624.76728,0.305782499,-0.041574333,0.951193271
0.000131879,0.0001587,1.20E-06,1592.059155,0.099333723,-0.072516501,0.992408267
0.000131879,0.0001587,2.64E-05,1666.914292,0.804100258,-0.565200151,0.184313764
0.000131879,0.0001587,5.15E-05,1735.114299,0.806959042,-0.574210704,0.138199752
0.000131879,0.0001587,7.67E-05,1787.348669,0.796214664,-0.600722298,0.071936984
0.000131879,0.0001587,0.000101895,1804.836781,0.776327158,-0.629919632,-0.022746438
0.000131879,0.0001587,0.000127068,1763.109215,0.751618472,-0.644071795,-0.142271552
0.000131879,0.0001587,0.000152242,1640.333251,0.723420424,-0.633760073,-0.273881469
0.000131879,0.0001587,0.000177416,1424.088042,0.691054623,-0.600671839,-0.402040856
0.000131879,0.0001587,0.000202589,1112.559225,0.654238862,-0.555354951,-0.513373538
0.000131879,0.0001587,0.000227763,710.7430094,0.614496713,-0.51215975,-0.600071813
0.000131879,0.0001587,0.000252937,226.2398561,0.574890482,-0.483345393,-0.660210697
0.000131879,0.0001587,0.000278111,-331.2342748,0.539345025,-0.475914738,-0.694702891
0.000131879,0.0001587,0.000303284,-946.8394607,0.514477018,-0.491095317,-0.702950061
0.000131879,0.0001587,0.000328458,-1594.036538,0.508529739,-0.524891611,-0.682558643
0.000131879,0.0001587,0.000353632,-2230.793938,0.529069293,-0.565752784,-0.632463019
0.000131879,0.0001587,0.000378805,-2805.061628,0.586623173,-0.591562277,-0.553106974
0.000131879,0.0001587,0.000403979,-3266.892843,0.6890102,-0.573779079,-0.442766882
0.000131879,0.0001587,0.000429153,-3582.543714,0.822637884,-0.48782731,-0.292046961
0.000131879,0.0001587,0.000454326,-3737.866719,0.934302059,-0.341999357,-0.100578834
0.000131879,0.0001587,0.0004795,-3734.33525,0.255920316,-0.050503439,0.965377747
0.000131879,0.0001843,1.20E-06,1388.505206,0.078062944,-0.073622519,0.994226283
0.000131879,0.0001843,2.64E-05,1441.734693,0.734754616,-0.66308682,0.143008825
0.000131879,0.0001843,5.15E-05,1482.34828,0.745492528,-0.661531023,0.081348612
0.000131879,0.0001843,7.67E-05,1500.998718,0.745419992,-0.666593455,0.001483815
0.000131879,0.0001843,0.000101895,1483.541689,0.73588057,-0.669722625,-0.099756666
0.000131879,0.0001843,0.000127068,1412.992435,0.718196362,-0.660605633,-0.218618807
0.000131879,0.0001843,0.000152242,1273.213109,0.692471144,-0.633547143,-0.345111187
0.000131879,0.0001843,0.000177416,1051.956583,0.658326106,-0.590849278,-0.466373101
0.000131879,0.0001843,0.000202589,741.6223247,0.616559386,-0.542193137,-0.570859988
0.000131879,0.0001843,0.000227763,338.0438239,0.569926748,-0.500728489,-0.651501713
0.000131879,0.0001843,0.000252937,-160.6476809,0.522602746,-0.478521776,-0.705622619
0.000131879,0.0001843,0.000278111,-752.7054669,0.479492909,-0.484400478,-0.731739521
0.000131879,0.0001843,0.000303284,-1427.268189,0.446123987,-0.523495975,-0.725896241
0.000131879,0.0001843,0.000328458,-2153.447747,0.427707449,-0.595554854,-0.679985849
0.000131879,0.0001843,0.000353632,-2867.844885,0.428986705,-0.687224692,-0.586253043
0.000131879,0.0001843,0.000378805,-3475.746248,0.458506838,-0.766514855,-0.44969596
0.000131879,0.0001843,0.000403979,-3887.075322,0.533167671,-0.796142805,-0.286162312
0.000131879,0.0001843,0.000429153,-4070.231538,0.663041744,-0.742091774,-0.09836384
0.000131879,0.0001843,0.000454326,-4058.949068,0.80720422,-0.579737407,0.111022004
0.000131879,0.0001843,0.0004795,-3908.322743,0.205359855,-0.083031498,0.975157987
0.000131879,0.0002099,1.20E-06,1189.177901,0.058050719,-0.069473732,0.995893325
0.000131879,0.0002099,2.64E-05,1224.424795,0.662494184,-0.742201613,0.101184096
0.000131879,0.0002099,5.15E-05,1245.014638,0.685263071,-0.727711459,0.029164295
0.000131879,0.0002099,7.67E-05,1242.138492,0.699141556,-0.712332589,-0.06150909
0.000131879,0.0002099,0.000101895,1203.995303,0.70236067,-0.69088498,-0.171369293
0.000131879,0.0002099,0.000127068,1116.791252,0.693142083,-0.6574314,-0.295530045
0.000131879,0.0002099,0.000152242,966.3277891,0.669869556,-0.609659709,-0.423780387
0.000131879,0.0002099,0.000177416,739.2090505,0.632398474,-0.552026053,-0.543451384
0.000131879,0.0002099,0.000202589,423.0140222,0.583311946,-0.495122484,-0.6438951
0.000131879,0.0002099,0.000227763,5.536284126,0.527493996,-0.451832342,-0.719442575
0.000131879,0.0002099,0.000252937,-525.9844062,0.470581252,-0.433750114,-0.768384099
0.000131879,0.0002099,0.000278111,-1183.917565,0.417942913,-0.450664179,-0.788812728
0.000131879,0.0002099,0.000303284,-1974.122747,0.374349703,-0.511855083,-0.773218387
0.000131879,0.0002099,0.000328458,-2877.109828,0.342789392,-0.623598019,-0.702581628
0.000131879,0.0002099,0.000353632,-3807.08472,0.437635863,-0.497860298,-0.748738923
0.000131879,0.0002099,0.000378805,-4571.779328,0.601801823,-0.483611591,-0.635574067
0.000131879,0.0002099,0.000403979,-4948.841894,0.409720631,-0.824596613,-0.390089002
0.000131879,0.0002099,0.000429153,-4901.179538,0.569996679,-0.701292282,0.428127226
0.000131879,0.0002099,0.000454326,-4597.643847,0.760321846,-0.398873894,0.512650278
0.000131879,0.0002099,0.0004795,-4206.023077,0.161726333,-0.121986004,0.979267077
0.000131879,0.0002355,1.20E-06,1003.260534,0.040048665,-0.06065497,0.997355042
0.000131879,0.0002355,2.64E-05,1025.227165,0.59073364,-0.80423362,0.065131027
0.000131879,0.0002355,5.15E-05,1032.868523,0.632027878,-0.774805428,-0.014741443
0.000131879,0.0002355,7.67E-05,1017.911759,0.665335408,-0.737405731,-0.116454208
0.000131879,0.0002355,0.000101895,969.6392169,0.684828357,-0.688586171,-0.238451685
0.000131879,0.0002355,0.000127068,875.3273792,0.684929938,-0.625865286,-0.373046409
0.000131879,0.0002355,0.000152242,720.8160712,0.662353669,-0.551470471,-0.507117281
0.000131879,0.0002355,0.000177416,490.7241371,0.618438199,-0.474095713,-0.626711616
0.000131879,0.0002355,0.000202589,167.9114102,0.559182371,-0.406183951,-0.722723788
0.000131879,0.0002355,0.000227763,-268.0499989,0.492427445,-0.359428313,-0.792670486
0.000131879,0.0002355,0.000252937,-843.4610479,0.425209868,-0.342437622,-0.837814444
0.000131879,0.0002355,0.000278111,-1594.066448,0.36310808,-0.362729225,-0.858242408
0.000131879,0.0002355,0.000303284,-2567.109278,0.311251861,-0.430996305,-0.84697371
0.000131879,0.0002355,0.000328458,-3807.901296,0.364051912,-0.750789781,-0.551163234
0.000131879,0.0002355,0.000353632,-4013.76748,-0.049283582,-0.694962818,-0.717354731
0.000131879,0.0002355,0.000378805,-4359.227763,0.715534244,0.042531317,-0.697281746
0.000131879,0.0002355,0.000403979,-4595.175816,0.77068279,0.426970855,-0.473015777
0.000131879,0.0002355,0.000429153,-4655.252584,0.953380121,0.300506883,-0.027603605
0.000131879,0.0002355,0.000454326,-4608.983863,0.515290912,-0.854076201,0.070916286
0.000131879,0.0002355,0.0004795,-4641.387162,0.145943508,-0.160838849,0.976130809
0.000131879,0.0002611,1.20E-06,838.7219473,0.025345201,-0.049218582,0.9984664
0.000131879,0.0002611,2.64E-05,852.635916,0.524806714,-0.850161435,0.042467013
0.000131879,0.0002611,5.15E-05,854.0078278,0.596486347,-0.801340525,-0.045358595
0.000131879,0.0002611,7.67E-05,834.9805357,0.659241393,-0.734403901,-0.161405379
0.000131879,0.0002611,0.000101895,785.2759484,0.699870856,-0.648042003,-0.300370351
0.000131879,0.0002611,0.000127068,692.2675315,0.707550532,-0.546192368,-0.448381692
0.000131879,0.0002611,0.000152242,541.0037019,0.679485474,-0.439853862,-0.587220633
0.000131879,0.0002611,0.000177416,313.8636699,0.622767236,-0.343614608,-0.702915337
0.000131879,0.0002611,0.000202589,-10.65271726,0.549510708,-0.269203325,-0.790928285
0.000131879,0.0002611,0.000227763,-460.8265202,0.470369128,-0.223143065,-0.853791577
0.000131879,0.0002611,0.000252937,-1077.141913,0.392904869,-0.207007387,-0.895976398
0.000131879,0.0002611,0.000278111,-1924.740468,0.322088055,-0.221814755,-0.920357267
0.000131879,0.0002611,0.000303284,-3119.746531,0.263056312,-0.271783573,-0.925707873
0.000131879,0.0002611,0.000328458,-4881.107588,0.669149928,-0.059103698,-0.74077333
0.000131879,0.0002611,0.000353632,-4350.247036,0.720915191,-0.559261502,0.409277241
0.000131879,0.0002611,0.000378805,-4535.715238,0.679436998,-0.463556576,-0.568753608
0.000131879,0.0002611,0.000403979,-4677.107935,0.74868569,-0.299093443,-0.591618838
0.000131879,0.0002611,0.000429153,-4748.312425,0.876966838,-0.37201533,-0.304193621
0.000131879,0.0002611,0.000454326,-4767.459179,0.614583607,-0.376813282,-0.693035887
0.000131879,0.0002611,0.0004795,-5146.423241,0.054728206,-0.037112702,0.99781134
0.000131879,0.0002867,1.20E-06,702.5338465,0.016450689,-0.041972951,0.998983306
0.000131879,0.0002867,2.64E-05,714.0316474,0.47987379,-0.875941045,0.049481627
0.000131879,0.0002867,5.15E-05,715.6724706,0.607197289,-0.792990645,-0.049772371
0.000131879,0.0002867,7.67E-05,699.8815491,0.715856672,-0.67259695,-0.187516847
0.000131879,0.0002867,0.000101895,656.5249717,0.776400234,-0.525937948,-0.347263519
0.000131879,0.0002867,0.000127068,572.7300657,0.777044785,-0.376519728,-0.504414806
0.000131879,0.0002867,0.000152242,432.5750101,0.727795982,-0.247134402,-0.63971681
0.000131879,0.0002867,0.000177416,216.4843512,0.649002824,-0.150084501,-0.745835087
0.000131879,0.0002867,0.000202589,-100.2304107,0.559346539,-0.086658707,-0.824391726
0.000131879,0.0002867,0.000227763,-551.5030744,0.46688211,-0.05253304,-0.882757824
0.000131879,0.0002867,0.000252937,-1187.413181,0.379770164,-0.041450332,-0.924151769
0.000131879,0.0002867,0.000278111,-2094.690235,0.301391999,-0.048281491,-0.952277145
0.000131879,0.0002867,0.000303284,-3449.784216,0.429321778,-0.12564106,-0.894369686
0.000131879,0.0002867,0.000328458,-3907.741233,-0.284857014,0.670333913,-0.685207215
0.000131879,0.0002867,0.000353632,-4493.725473,0.581763806,-0.065668592,-0.810702479
0.000131879,0.0002867,0.000378805,-4630.143816,0.646410848,-0.263279317,-0.716126397
0.000131879,0.0002867,0.000403979,-4704.474667,0.48261664,-0.051348943,-0.874325148
0.000131879,0.0002867,0.000429153,-4767.619395,0.452413392,0.032235044,-0.891225574
0.000131879,0.0002867,0.000454326,-4829.107987,0.854294087,-0.208634944,-0.476080952
0.000131879,0.0002867,0.0004795,-4853.435295,-0.017008281,0.05505109,0.998338668
0.000131879,0.0003123,1.20E-06,600.8396621,0.008795913,-0.029503209,0.999525984
0.000131879,0.0003123,2.64E-05,616.1125892,0.505478946,-0.851566268,0.139017723
0.000131879,0.0003123,5.15E-05,624.7456685,0.742087999,-0.670094563,0.016693636
0.000131879,0.0003123,7.67E-05,619.2338309,0.88836982,-0.431902866,-0.155752936
0.000131879,0.0003123,0.000101895,589.4411061,0.918510678,-0.219204684,-0.32907057
0.000131879,0.0003123,0.000127068,522.2694233,0.873855207,-0.065491516,-0.481755061
0.000131879,0.0003123,0.000152242,401.048748,0.790683748,0.034903489,-0.611229055
0.000131879,0.0003123,0.000177416,204.8314497,0.690361456,0.094011528,-0.717330393
0.000131879,0.0003123,0.000202589,-92.74945004,0.585951823,0.123212392,-0.800923946
0.000131879,0.0003123,0.000227763,-526.6205835,0.484552612,0.133808099,-0.864467558
0.000131879,0.0003123,0.000252937,-1147.529569,0.390316146,0.134870471,-0.910748737
0.000131879,0.0003123,0.000278111,-2041.387671,0.306230891,0.134295341,-0.942436949
0.000131879,0.0003123,0.000303284,-3378.757243,0.419595677,0.248296104,-0.873091354
0.000131879,0.0003123,0.000328458,-3842.531042,-0.325002229,-0.52921895,-0.783773471
0.000131879,0.0003123,0.000353632,-4409.754121,0.462278644,0.216507084,-0.859897167
0.000131879,0.0003123,0.000378805,-4614.507972,0.398760491,0.126672175,-0.908264406
0.000131879,0.0003123,0.000403979,-4685.31858,0.12106449,0.430432457,-0.894467042
0.000131879,0.0003123,0.000429153,-4743.728178,-0.120959752,0.458313215,-0.880521286
0.000131879,0.0003123,0.000454326,-4805.70352,0.430479575,0.36600496,-0.825062243
0.000131879,0.0003123,0.0004795,-4836.227902,0.012247665,0.003895101,0.999917408
0.000131879,0.0003379,1.20E-06,538.8705403,0.00444405,-0.014633234,0.999883053
0.000131879,0.0003379,2.64E-05,565.1132013,0.718658889,-0.48672498,0.496616749
0.000131879,0.0003379,5.15E-05,588.261814,0.965807844,-0.072099912,0.249031749
0.000131879,0.0003379,7.67E-05,600.324077,0.988320493,0.151931837,0.011803348
0.000131879,0.0003379,0.000101895,590.8399542,0.953030833,0.251211277,-0.169189612
0.000131879,0.0003379,0.000127068,546.6856135,0.897296917,0.299390831,-0.324381523
0.000131879,0.0003379,0.000152242,451.0088967,0.822237495,0.323130517,-0.468521259
0.000131879,0.0003379,0.000177416,282.2962715,0.729797111,0.328952403,-0.599321694
0.000131879,0.0003379,0.000202589,14.20018195,0.627513106,0.321388431,-0.709180357
0.000131879,0.0003379,0.000227763,-385.4722124,0.523802036,0.30855559,-0.793992994
0.000131879,0.0003379,0.000252937,-959.2963437,0.425071617,0.299917991,-0.854027704
0.000131879,0.0003379,0.000278111,-1771.360448,0.336412184,0.305570862,-0.890759951
0.000131879,0.0003379,0.000303284,-2928.88742,0.26387257,0.339004943,-0.903020994
0.000131879,0.0003379,0.000328458,-4615.679458,0.588316615,0.189131892,-0.78620143
0.000131879,0.0003379,0.000353632,-4296.063513,0.653582971,-0.756059243,0.034694683
0.000131879,0.0003379,0.000378805,-4591.061047,0.444922197,0.447454583,-0.77577615
0.000131879,0.0003379,0.000403979,-4641.238682,-0.125344273,0.572688183,-0.810133976
0.000131879,0.0003379,0.000429153,-4703.897619,-0.496689142,0.27755721,-0.82235144
0.000131879,0.0003379,0.000454326,-4787.379381,-0.021153411,0.362610276,-0.931700768
0.000131879,0.0003379,0.0004795,-4832.017859,0.003629986,0.004358561,0.999983913
0.000131879,0.0003635,1.20E-06,520.5153043,0.004079056,0.001535449,0.999990502
0.000131879,0.0003635,2.64E-05,566.8853268,0.606374438,0.430123262,0.66880791
0.000131879,0.0003635,5.15E-05,614.3787418,0.754882081,0.538212892,0.37480652
0.000131879,0.0003635,7.67E-05,652.9814614,0.816899016,0.553347922,0.162733138
0.000131879,0.0003635,0.000101895,670.4317683,0.843022021,0.537877852,0.001135421
0.000131879,0.0003635,0.000127068,653.5133498,0.843582348,0.517750583,-0.142489144
0.000131879,0.0003635,0.000152242,586.4812264,0.815803059,0.501194553,-0.288564357
0.000131879,0.0003635,0.000177416,448.6448347,0.757977504,0.483723159,-0.437586573
0.000131879,0.0003635,0.000202589,214.9967115,0.675569347,0.46154406,-0.574963598
0.000131879,0.0003635,0.000227763,-141.9009592,0.579311726,0.439488609,-0.686474826
0.000131879,0.0003635,0.000252937,-652.5902541,0.480175215,0.427736064,-0.765815658
0.000131879,0.0003635,0.000278111,-1354.286784,0.387042376,0.437935402,-0.811425155
0.000131879,0.0003635,0.000303284,-2292.882647,0.307023903,0.484124611,-0.819365415
0.000131879,0.0003635,0.000328458,-3508.067659,0.245154743,0.586630058,-0.771857712
0.000131879,0.0003635,0.000353632,-4955.318614,0.618135488,0.478413892,-0.623721625
0.000131879,0.0003635,0.000378805,-4412.045158,0.626649589,-0.05221016,0.777550251
0.000131879,0.0003635,0.000403979,-4604.202968,0.223982192,0.604382134,-0.764561452
0.000131879,0.0003635,0.000429153,-4693.56796,-0.16793709,0.19781416,-0.965746702
0.000131879,0.0003635,0.000454326,-4754.995742,-0.297981441,0.243002298,-0.923123472
0.000131879,0.0003635,0.0004795,-4812.619596,0.072051606,0.003536452,0.997394636
0.000131879,0.0003891,1.20E-06,547.2704556,0.00772916,0.017241458,0.99982148
0.000131879,0.0003891,2.64E-05,626.5008742,0.472852378,0.639359627,0.60632491
0.000131879,0.0003891,5.15E-05,713.9874376,0.616175897,0.676905137,0.402649599
0.000131879,0.0003891,7.67E-05,794.1511944,0.703573823,0.673583299,0.226427506
0.000131879,0.0003891,0.000101895,847.0762081,0.761097325,0.643242018,0.083489927
0.000131879,0.0003891,0.000127068,856.8954098,0.797331387,0.602261791,-0.039286058
0.000131879,0.0003891,0.000152242,812.8617998,0.806329552,0.568172434,-0.164355528
0.000131879,0.0003891,0.000177416,699.902333,0.782376176,0.543949288,-0.303326048
0.000131879,0.0003891,0.000202589,496.2807018,0.725919941,0.523244088,-0.44638085
0.000131879,0.0003891,0.000227763,179.3726875,0.64432472,0.505724142,-0.573662573
0.000131879,0.0003891,0.000252937,-270.6667825,0.549444271,0.49871342,-0.670369986
0.000131879,0.0003891,0.000278111,-871.0836792,0.452877004,0.511825492,-0.730025401
0.000131879,0.0003891,0.000303284,-1634.768359,0.362645561,0.553472549,-0.749770855
0.000131879,0.0003891,0.000328458,-2557.897188,0.281421593,0.628017653,-0.725531333
0.000131879,0.0003891,0.000353632,-3590.942291,0.20388005,0.725748713,-0.657055349
0.000131879,0.0003891,0.000378805,-4615.036671,0.299754286,0.668635616,-0.680495247
0.000131879,0.0003891,0.000403979,-4414.927517,0.996983474,-0.038857353,-0.067186742
0.000131879,0.0003891,0.000429153,-4672.487625,-0.317543689,0.513233986,-0.79734364
0.000131879,0.0003891,0.000454326,-4755.509595,-0.567130597,0.601699733,-0.56242361
0.000131879,0.0003891,0.0004795,-4812.995759,0.040300402,0.032839696,0.998647802
0.000131879,0.0004147,1.20E-06,615.9054289,0.015044318,0.030510987,0.999421207
0.000131879,0.0004147,2.64E-05,745.6628115,0.453949054,0.627445176,0.63264746
0.000131879,0.0004147,5.15E-05,900.9932113,0.577396783,0.677126329,0.456193916
0.000131879,0.0004147,7.67E-05,1055.602742,0.656821212,0.704042586,0.270018394
0.000131879,0.0004147,0.000101895,1162.026481,0.715904036,0.68973978,0.108353339
0.000131879,0.0004147,0.000127068,1186.908524,0.772562695,0.634676935,-0.018222773
0.000131879,0.0004147,0.000152242,1138.392835,0.809105566,0.574161986,-0.125244552
0.000131879,0.0004147,0.000177416,1025.978486,0.811346221,0.5350262,-0.235508545
0.000131879,0.0004147,0.000202589,835.4904874,0.778239484,0.514714777,-0.359738798
0.000131879,0.0004147,0.000227763,545.6675565,0.713359441,0.506143141,-0.484703445
0.000131879,0.0004147,0.000252937,142.1179496,0.626148237,0.509340894,-0.590347558
0.000131879,0.0004147,0.000278111,-381.7101367,0.528498125,0.528240261,-0.664569002
0.000131879,0.0004147,0.000303284,-1026.608364,0.428696894,0.564975488,-0.704997639
0.000131879,0.0004147,0.000328458,-1786.134332,0.327545118,0.615204696,-0.717103464
0.000131879,0.0004147,0.000353632,-2644.630958,0.213887138,0.662800022,-0.717599068
0.000131879,0.0004147,0.000378805,-3588.709319,0.050367829,0.673165109,-0.73777491
0.000131879,0.0004147,0.000403979,-4637.992336,-0.570782644,0.46574445,-0.676231676
0.000131879,0.0004147,0.000429153,-4470.629575,0.533323598,-0.840532215,0.095244609
0.000131879,0.0004147,0.000454326,-4602.129734,0.49039748,0.829833564,-0.266245314
0.000131879,0.0004147,0.0004795,-4635.289039,0.01755266,0.10370122,0.994453599
0.000131879,0.0004403,1.20E-06,714.3256528,0.025248605,0.038363697,0.998944811
0.000131879,0.0004403,2.64E-05,914.0326238,0.460755805,0.523647649,0.716587209
0.000131879,0.0004403,5.15E-05,1181.820519,0.579101648,0.589746299,0.562885943
0.000131879,0.0004403,7.67E-05,1486.292278,0.663660195,0.667460234,0.337715829
0.000131879,0.0004403,0.000101895,1697.078335,0.713570733,0.692503138,0.1060953
0.000131879,0.0004403,0.000127068,1693.966166,0.777537529,0.624807302,-0.071071975
0.000131879,0.0004403,0.000152242,1563.111608,0.828819284,0.530204417,-0.178722891
0.000131879,0.0004403,0.000177416,1399.686649,0.84752749,0.47229659,-0.242142696
0.000131879,0.0004403,0.000202589,1195.148471,0.831637498,0.450458979,-0.324754955
0.000131879,0.0004403,0.000227763,915.6765377,0.781418534,0.451338265,-0.430904683
0.000131879,0.0004403,0.000252937,543.0075309,0.703196035,0.468004246,-0.535245142
0.000131879,0.0004403,0.000278111,73.62395755,0.607296479,0.498416982,-0.618685299
0.000131879,0.0004403,0.000303284,-490.2218848,0.501118001,0.540264439,-0.676014116
0.000131879,0.0004403,0.000328458,-1146.284384,0.383929786,0.586881178,-0.712859314
0.000131879,0.0004403,0.000353632,-1897.824497,0.242854735,0.624986676,-0.741898398
0.000131879,0.0004403,0.000378805,-2765.440403,0.046822427,0.635027462,-0.771069246
0.000131879,0.0004403,0.000403979,-3797.231669,-0.253047116,0.601385328,-0.757827714
0.000131879,0.0004403,0.000429153,-4994.334235,-0.211147429,0.842126593,-0.496225316
0.000131879,0.0004403,0.000454326,-4233.607662,-0.173764111,0.338807055,0.924670651
0.000131879,0.0004403,0.0004795,-4259.646252,-0.056244946,0.075328108,0.995571284
0.000131879,0.0004659,1.20E-06,817.9613643,0.033209658,0.033155332,0.998898314
0.000131879,0.0004659,2.64E-05,1093.07107,0.464806835,0.346650672,0.814731807
0.000131879,0.0004659,5.15E-05,1510.714185,0.594447471,0.379122585,0.709153206
0.000131879,0.0004659,7.67E-05,2091.202052,0.774920305,0.445190349,0.448669225
0.000131879,0.0004659,0.000101895,2540.507145,0.886530366,0.454201892,0.088116691
0.000131879,0.0004659,0.000127068,2384.580384,0.875904337,0.441789346,-0.193942691
0.000131879,0.0004659,0.000152242,2026.195369,0.865198021,0.385095938,-0.321144053
0.000131879,0.0004659,0.000177416,1755.840791,0.886398252,0.34887594,-0.304275726
0.000131879,0.0004659,0.000202589,1518.217493,0.8817093,0.340120241,-0.326966255
0.000131879,0.0004659,0.000227763,1240.300844,0.842432912,0.354615833,-0.405653053
0.000131879,0.0004659,0.000252937,890.8552266,0.773356132,0.387355398,-0.501872582
0.000131879,0.0004659,0.000278111,464.7626141,0.682472309,0.434284397,-0.587901871
0.000131879,0.0004659,0.000303284,-35.15793835,0.57559915,0.491378052,-0.653630805
0.000131879,0.0004659,0.000328458,-607.6614259,0.451765256,0.553212298,-0.699903069
0.000131879,0.0004659,0.000353632,-1257.529561,0.301876454,0.613338951,-0.729853367
0.000131879,0.0004659,0.000378805,-1997.92836,0.110379854,0.667976403,-0.735950958
0.000131879,0.0004659,0.000403979,-2839.266746,-0.135046414,0.72291414,-0.677611698
0.000131879,0.0004659,0.000429153,-3717.529831,-0.412051822,0.777584396,-0.474948211
0.000131879,0.0004659,0.000454326,-4328.375091,-0.196439835,0.907603418,-0.371035614
0.000131879,0.0004659,0.0004795,-4254.572522,-0.062620095,0.24568502,0.967324968
0.000131879,0.0004915,1.20E-06,894.8300333,0.046026425,0.371943406,0.927113624
0.000131879,0.0004915,2.64E-05,1213.775495,0.236454298,0.864148117,0.444226741
0.000131879,0.0004915,5.15E-05,1724.471144,0.442172691,0.672392362,0.59360915
0.000131879,0.0004915,7.67E-05,2525.404764,0.798916257,0.387556119,0.459927243
0.000131879,0.0004915,0.000101895,3234.921254,0.823957909,0.5435794,0.160046244
0.000131879,0.0004915,0.000127068,2885.376808,0.867243239,0.43753247,-0.23760156
0.000131879,0.0004915,0.000152242,2329.824998,0.6400994,0.702309966,-0.311501959
0.000131879,0.0004915,0.000177416,1991.986599,0.607383977,0.759190787,-0.233910355
0.000131879,0.0004915,0.000202589,1740.510698,0.655606274,0.716652989,-0.237884231
0.000131879,0.0004915,0.000227763,1473.394911,0.70595542,0.636074587,-0.311506123
0.000131879,0.0004915,0.000252937,1151.720477,0.720089994,0.554795677,-0.416739917
0.000131879,0.0004915,0.000278111,769.2562424,0.691552767,0.498707599,-0.52253756
0.000131879,0.0004915,0.000303284,329.6442888,0.626532386,0.481747452,-0.61267982
0.000131879,0.0004915,0.000328458,-163.7440823,0.528209688,0.507910277,-0.680456961
0.000131879,0.0004915,0.000353632,-709.7154334,0.393726642,0.574501756,-0.717584186
0.000131879,0.0004915,0.000378805,-1305.48444,0.221551851,0.673426993,-0.705273609
0.000131879,0.0004915,0.000403979,-1931.596079,0.024759685,0.789493528,-0.613259267
0.000131879,0.0004915,0.000429153,-2515.081715,-0.158276178,0.892719921,-0.421900219
0.000131879,0.0004915,0.000454326,-2897.681299,-0.276271755,0.946473378,-0.166919326
0.000131879,0.0004915,0.0004795,-2930.423885,-0.15861185,0.478700221,0.8635325
0.000157395,5.10E-06,1.20E-06,3047.856534,0.202013005,0.36353375,0.909414074
0.000157395,5.10E-06,2.64E-05,3389.278664,0.541573573,0.77797839,0.31850854
0.000157395,5.10E-06,5.15E-05,3826.321081,0.653045319,0.632492463,0.416515422
0.000157395,5.10E-06,7.67E-05,4416.997756,0.834564108,0.100318822,0.541699995
0.000157395,5.10E-06,0.000101895,5193.490588,0.811010491,0.426878593,0.400045809
0.000157395,5.10E-06,0.000127068,5976.594551,0.791023693,0.467770713,0.394299477
0.000157395,5.10E-06,0.000152242,6125.300759,0.513314373,0.837782336,-0.186088991
0.000157395,5.10E-06,0.000177416,5331.792814,0.516277082,0.687415041,-0.510801856
0.000157395,5.10E-06,0.000202589,4235.468815,0.66864941,0.470826302,-0.575526334
0.000157395,5.10E-06,0.000227763,3269.10805,0.621906327,0.389830536,-0.679164688
0.000157395,5.10E-06,0.000252937,2474.419341,0.619549459,0.290496692,-0.729225713
0.000157395,5.10E-06,0.000278111,1798.0718,0.627388916,0.200484441,-0.752455406
0.000157395,5.10E-06,0.000303284,1194.441447,0.633559911,0.142190181,-0.760515477
0.000157395,5.10E-06,0.000328458,639.0763405,0.641184246,0.134196168,-0.755562143
0.000157395,5.10E-06,0.000353632,123.9639604,0.654456837,0.196660109,-0.730076057
0.000157395,5.10E-06,0.000378805,-348.4531428,0.663051724,0.345207493,-0.664224509
0.000157395,5.10E-06,0.000403979,-769.1148707,0.636740045,0.55277385,-0.537590166
0.000157395,5.10E-06,0.000429153,-1124.74818,0.572199236,0.727383091,-0.378816411
0.000157395,5.10E-06,0.000454326,-1400.985859,0.531820953,0.808446482,-0.252152255
0.000157395,5.10E-06,0.0004795,-1587.427463,0.203209036,0.281020782,0.937941047
0.000157395,3.07E-05,1.20E-06,2991.168888,0.213554267,-0.036329863,0.976255456
0.000157395,3.07E-05,2.64E-05,3330.109415,0.86183704,-0.142696906,0.486697554
0.000157395,3.07E-05,5.15E-05,3774.106251,0.840668456,-0.135775482,0.524253342
0.000157395,3.07E-05,7.67E-05,4388.909015,0.831397213,-0.129619867,0.540349299
0.000157395,3.07E-05,0.000101895,5214.540756,0.712899605,-0.193546738,0.674028051
0.000157395,3.07E-05,0.000127068,6069.680197,0.804653635,-0.327659552,0.495148206
0.000157395,3.07E-05,0.000152242,6251.62488,0.856166841,-0.388908831,-0.340188569
0.000157395,3.07E-05,0.000177416,5412.218111,0.661401162,-0.20188665,-0.722350527
0.000157395,3.07E-05,0.000202589,4265.369603,0.761184856,-0.103203465,-0.64027077
0.000157395,3.07E-05,0.000227763,3267.89382,0.686631989,-0.092296042,-0.721122703
0.000157395,3.07E-05,0.000252937,2449.09394,0.664943445,-0.093731408,-0.740988959
0.000157395,3.07E-05,0.000278111,1745.798801,0.658399623,-0.111086901,-0.74442571
0.000157395,3.07E-05,0.000303284,1108.730034,0.652908262,-0.144621816,-0.743502073
0.000157395,3.07E-05,0.000328458,514.0826572,0.651131229,-0.190917434,-0.734560179
0.000157395,3.07E-05,0.000353632,-43.48316478,0.661261509,-0.244272464,-0.709270174
0.000157395,3.07E-05,0.000378805,-558.4512009,0.688870385,-0.29869605,-0.660483355
0.000157395,3.07E-05,0.000403979,-1018.546598,0.733046407,-0.349094774,-0.583760057
0.000157395,3.07E-05,0.000429153,-1406.538174,0.785987185,-0.391537246,-0.478458702
0.000157395,3.07E-05,0.000454326,-1703.277108,0.835753043,-0.423649478,-0.349339334
0.000157395,3.07E-05,0.0004795,-1894.275874,0.238204064,-0.121733342,0.96355582
0.000157395,5.63E-05,1.20E-06,2850.14652,0.202777442,-0.061841326,0.977270157
0.000157395,5.63E-05,2.64E-05,3155.838491,0.856240291,-0.266404261,0.442584832
0.000157395,5.63E-05,5.15E-05,3547.460519,0.837061906,-0.283977762,0.467636607
0.000157395,5.63E-05,7.67E-05,4065.612383,0.821306101,-0.322196464,0.470792658
0.000157395,5.63E-05,0.000101895,4702.684814,0.844697996,-0.378117733,0.37883014
0.000157395,5.63E-05,0.000127068,5278.691986,0.677300171,-0.689220377,0.257370841
0.000157395,5.63E-05,0.000152242,5360.951257,0.660722281,-0.726039356,-0.190559493
0.000157395,5.63E-05,0.000177416,4767.261734,0.835088016,-0.391184883,-0.386784686
0.000157395,5.63E-05,0.000202589,3883.97778,0.745160679,-0.322003085,-0.5839945
0.000157395,5.63E-05,0.000227763,3032.707297,0.696750909,-0.259723302,-0.66864189
0.000157395,5.63E-05,0.000252937,2278.621294,0.681829407,-0.222257209,-0.696929259
0.000157395,5.63E-05,0.000278111,1594.668779,0.673906975,-0.210238049,-0.708272089
0.000157395,5.63E-05,0.000303284,950.7976011,0.663980583,-0.220010574,-0.714650357
0.000157395,5.63E-05,0.000328458,334.5364135,0.658475124,-0.244969705,-0.711618124
0.000157395,5.63E-05,0.000353632,-251.6718706,0.668220135,-0.277317456,-0.690345479
0.000157395,5.63E-05,0.000378805,-796.8821092,0.69983249,-0.309874383,-0.643593314
0.000157395,5.63E-05,0.000403979,-1284.868805,0.751747067,-0.337511544,-0.566535353
0.000157395,5.63E-05,0.000429153,-1694.573167,0.813979904,-0.357381365,-0.457946804
0.000157395,5.63E-05,0.000454326,-2002.490109,0.87155622,-0.36883856,-0.323029213
0.000157395,5.63E-05,0.0004795,-2190.556446,0.264153396,-0.108466015,0.9583622
0.000157395,8.19E-05,1.20E-06,2647.121408,0.183857888,-0.080012763,0.979690887
0.000157395,8.19E-05,2.64E-05,2903.268335,0.840248109,-0.373506585,0.393034282
0.000157395,8.19E-05,5.15E-05,3212.279407,0.824436071,-0.405160144,0.395158731
0.000157395,8.19E-05,7.67E-05,3584.919124,0.801365848,-0.468036229,0.372498141
0.000157395,8.19E-05,0.000101895,3983.23756,0.787433672,-0.550665922,0.276975188
0.000157395,8.19E-05,0.000127068,4277.037774,0.780904303,-0.6170271,0.097293511
0.000157395,8.19E-05,0.000152242,4270.056002,0.768783896,-0.627534024,-0.123176176
0.000157395,8.19E-05,0.000177416,3893.145008,0.745301525,-0.572301995,-0.342046873
0.000157395,8.19E-05,0.000202589,3292.77379,0.715156249,-0.479456533,-0.50859903
0.000157395,8.19E-05,0.000227763,2633.758406,0.696318814,-0.393046384,-0.600545294
0.000157395,8.19E-05,0.000252937,1982.723664,0.687781122,-0.333742277,-0.644649689
0.000157395,8.19E-05,0.000278111,1344.983041,0.677871824,-0.303390865,-0.669659446
0.000157395,8.19E-05,0.000303284,714.2188755,0.66476212,-0.296661942,-0.685626003
0.000157395,8.19E-05,0.000328458,93.1306129,0.657929576,-0.305271543,-0.68843152
0.000157395,8.19E-05,0.000353632,-505.6802393,0.669471527,-0.32019255,-0.670286958
0.000157395,8.19E-05,0.000378805,-1064.33462,0.706226214,-0.333021619,-0.624772868
0.000157395,8.19E-05,0.000403979,-1562.399813,0.765632722,-0.337972737,-0.547339899
0.000157395,8.19E-05,0.000429153,-1976.053453,0.835729197,-0.333450716,-0.436311046
0.000157395,8.19E-05,0.000454326,-2279.187265,0.899405249,-0.321304055,-0.296367849
0.000157395,8.19E-05,0.0004795,-2452.791033,0.280824976,-0.09167097,0.95537101
0.000157395,0.0001075,1.20E-06,2405.301467,0.159496612,-0.092409881,0.982863798
0.000157395,0.0001075,2.64E-05,2609.664651,0.809064509,-0.475434736,0.345508946
0.000157395,0.0001075,5.15E-05,2836.72133,0.797636335,-0.508936948,0.323665661
0.000157395,0.0001075,7.67E-05,3080.514573,0.773843742,-0.569482479,0.27722837
0.000157395,0.0001075,0.000101895,3303.351827,0.746612262,-0.640404419,0.180145249
0.000157395,0.0001075,0.000127068,3428.909688,0.722594569,-0.690542631,0.031748427
0.000157395,0.0001075,0.000152242,3372.047933,0.705922216,-0.693670018,-0.143163303
0.000157395,0.0001075,0.000177416,3104.412731,0.69619627,-0.644702839,-0.31570398
0.000157395,0.0001075,0.000202589,2676.647849,0.688970483,-0.563475581,-0.455867242
0.000157395,0.0001075,0.000227763,2160.782284,0.683227694,-0.48177972,-0.548715062
0.000157395,0.0001075,0.000252937,1600.108785,0.676169205,-0.420529909,-0.60493785
0.000157395,0.0001075,0.000278111,1010.237034,0.664082227,-0.385014131,-0.640904763
0.000157395,0.0001075,0.000303284,399.9634271,0.65024661,-0.371536889,-0.662676155
0.000157395,0.0001075,0.000328458,-215.5648944,0.645370911,-0.372526272,-0.666873724
0.000157395,0.0001075,0.000353632,-813.9505212,0.661086703,-0.378627478,-0.647769716
0.000157395,0.0001075,0.000378805,-1369.682367,0.703716542,-0.379743066,-0.600481666
0.000157395,0.0001075,0.000403979,-1857.372999,0.770400353,-0.367542292,-0.520956773
0.000157395,0.0001075,0.000429153,-2251.655038,0.847926867,-0.339730874,-0.406943438
0.000157395,0.0001075,0.000454326,-2528.092936,0.916572035,-0.301574486,-0.262580528
0.000157395,0.0001075,0.0004795,-2671.256945,0.282882565,-0.077779258,0.955995733
0.000157395,0.0001331,1.20E-06,2142.195123,0.133499936,-0.100365731,0.985953593
0.000157395,0.0001331,2.64E-05,2299.563111,0.762158726,-0.574519954,0.298397217
0.000157395,0.0001331,5.15E-05,2459.369446,0.757079667,-0.60075611,0.256753723
0.000157395,0.0001331,7.67E-05,2610.13376,0.739992207,-0.644124521,0.193688242
0.000157395,0.0001331,0.000101895,2723.741689,0.717095492,-0.690215435,0.096833405
0.000157395,0.0001331,0.000127068,2757.562668,0.695613172,-0.717717653,-0.031681014
0.000157395,0.0001331,0.000152242,2671.142283,0.680661392,-0.710926129,-0.176873143
0.000157395,0.0001331,0.000177416,2449.011152,0.672381534,-0.6677642,-0.319365066
0.000157395,0.0001331,0.000202589,2106.645006,0.666715801,-0.601376316,-0.440268745
0.000157395,0.0001331,0.000227763,1672.53439,0.659660695,-0.533238603,-0.529626623
0.000157395,0.0001331,0.000252937,1169.363272,0.648554071,-0.480321567,-0.590481845
0.000157395,0.0001331,0.000278111,611.8037245,0.63349176,-0.449336134,-0.629908905
0.000157395,0.0001331,0.000303284,15.32041762,0.620185236,-0.439281455,-0.649924669
0.000157395,0.0001331,0.000328458,-596.4648376,0.618733964,-0.444688878,-0.647626501
0.000157395,0.0001331,0.000353632,-1191.696942,0.638864423,-0.456165102,-0.619488215
0.000157395,0.0001331,0.000378805,-1735.366996,0.686258284,-0.4605728,-0.562958491
0.000157395,0.0001331,0.000403979,-2195.181561,0.759246232,-0.444217179,-0.475621969
0.000157395,0.0001331,0.000429153,-2545.476929,0.844843975,-0.399921072,-0.355389638
0.000157395,0.0001331,0.000454326,-2769.262456,0.919596966,-0.334352717,-0.20627574
0.000157395,0.0001331,0.0004795,-2860.96647,0.270757168,-0.074576706,0.959754589
0.000157395,0.0001587,1.20E-06,1871.086025,0.107772853,-0.103853139,0.988736334
0.000157395,0.0001587,2.64E-05,1988.650417,0.701714745,-0.666622541,0.25141759
0.000157395,0.0001587,5.15E-05,2097.737323,0.705408832,-0.681120673,0.196145378
0.000157395,0.0001587,7.67E-05,2186.436146,0.699622315,-0.703938403,0.122471795
0.000157395,0.0001587,0.000101895,2234.702298,0.688077689,-0.725205812,0.025012486
0.000157395,0.0001587,0.000127068,2217.116307,0.675358352,-0.731538229,-0.093503556
0.000157395,0.0001587,0.000152242,2110.849415,0.664430022,-0.71333481,-0.222904003
0.000157395,0.0001587,0.000177416,1904.110096,0.65498733,-0.670077719,-0.349267016
0.000157395,0.0001587,0.000202589,1598.073438,0.644357218,-0.611603588,-0.459069523
0.000157395,0.0001587,0.000227763,1201.12732,0.630183927,-0.553713759,-0.544306248
0.000157395,0.0001587,0.000252937,722.6558155,0.612188051,-0.510243121,-0.604051114
0.000157395,0.0001587,0.000278111,173.0765542,0.593125778,-0.488751383,-0.639784258
0.000157395,0.0001587,0.000303284,-430.5305916,0.579493079,-0.491097249,-0.650393161
0.000157395,0.0001587,0.000328458,-1058.391735,0.579536228,-0.51420316,-0.632244312
0.000157395,0.0001587,0.000353632,-1666.792581,0.600240596,-0.548129405,-0.582464919
0.000157395,0.0001587,0.000378805,-2204.565752,0.646539808,-0.574822492,-0.501562936
0.000157395,0.0001587,0.000403979,-2626.805604,0.719679811,-0.572651544,-0.39259544
0.000157395,0.0001587,0.000429153,-2908.610317,0.81067502,-0.525725626,-0.25771802
0.000157395,0.0001587,0.000454326,-3048.130665,0.894279458,-0.435796973,-0.101711599
0.000157395,0.0001587,0.0004795,-3059.359575,0.250252227,-0.086963731,0.964267148
0.000157395,0.0001843,1.20E-06,1602.991846,0.082674996,-0.102111584,0.991331463
0.000157395,0.0001843,2.64E-05,1688.430118,0.629713933,-0.74871258,0.207098612
0.000157395,0.0001843,5.15E-05,1760.921376,0.645116066,-0.750415455,0.143881574
0.000157395,0.0001843,7.67E-05,1809.560126,0.653844236,-0.753991323,0.063125274
0.000157395,0.0001843,0.000101895,1819.144452,0.656766987,-0.753170205,-0.037306395
0.000157395,0.0001843,0.000127068,1772.172548,0.655305512,-0.739448772,-0.154240721
0.000157395,0.0001843,0.000152242,1652.500019,0.649991381,-0.70680039,-0.279185265
0.000157395,0.0001843,0.000177416,1448.577115,0.639739574,-0.656157423,-0.400238321
0.000157395,0.0001843,0.000202589,1154.222975,0.623233315,-0.596596368,-0.505621408
0.000157395,0.0001843,0.000227763,766.9050872,0.600837101,-0.54188411,-0.587670307
0.000157395,0.0001843,0.000252937,286.2605675,0.575330006,-0.50478173,-0.643576561
0.000157395,0.0001843,0.000278111,-284.0707223,0.551701506,-0.494070972,-0.671951876
0.000157395,0.0001843,0.000303284,-930.2806509,0.536393392,-0.514536952,-0.668979711
0.000157395,0.0001843,0.000328458,-1618.941755,0.535164234,-0.565438186,-0.627597722
0.000157395,0.0001843,0.000353632,-2288.571775,0.550980175,-0.634668088,-0.541864619
0.000157395,0.0001843,0.000378805,-2854.234414,0.585969002,-0.69533728,-0.416108635
0.000157395,0.0001843,0.000403979,-3239.513405,0.645280662,-0.7164836,-0.265073799
0.000157395,0.0001843,0.000429153,-3419.503909,0.729055663,-0.677053208,-0.100383238
0.000157395,0.0001843,0.000454326,-3426.106242,0.816527347,-0.573281732,0.068052529
0.000157395,0.0001843,0.0004795,-3312.125788,0.228863202,-0.112697549,0.966913076
0.000157395,0.0002099,1.20E-06,1347.283489,0.058568193,-0.094729109,0.993778729
0.000157395,0.0002099,2.64E-05,1408.027102,0.545778853,-0.820696115,0.169066052
0.000157395,0.0002099,5.15E-05,1455.284088,0.577089731,-0.810265197,0.102165319
0.000157395,0.0002099,7.67E-05,1479.22125,0.604688807,-0.796308134,0.015646169
0.000157395,0.0002099,0.000101895,1467.110435,0.625964585,-0.774490911,-0.091280705
0.000157395,0.0002099,0.000127068,1404.673046,0.638825281,-0.738858813,-0.214452592
0.000157395,0.0002099,0.000152242,1277.744196,0.641079632,-0.685892312,-0.344337975
0.000157395,0.0002099,0.000177416,1073.392436,0.630673603,-0.619129665,-0.467898776
0.000157395,0.0002099,0.000202589,780.1289875,0.608079693,-0.549517867,-0.572947817
0.000157395,0.0002099,0.000227763,387.2353382,0.57719005,-0.491232125,-0.652336298
0.000157395,0.0002099,0.000252937,-115.6245889,0.544176452,-0.456660544,-0.703799074
0.000157395,0.0002099,0.000278111,-736.5668627,0.516087567,-0.455018198,-0.725680414
0.000157395,0.0002099,0.000303284,-1474.616218,0.499819491,-0.493400783,-0.711854019
0.000157395,0.0002099,0.000328458,-2302.877188,0.49970786,-0.574582397,-0.648187569
0.000157395,0.0002099,0.000353632,-3138.152471,0.512965789,-0.684366896,-0.518177625
0.000157395,0.0002099,0.000378805,-3820.545195,0.739899544,-0.492407918,-0.458348238
0.000157395,0.0002099,0.000403979,-4180.58081,0.845068573,-0.502807588,-0.181779084
0.000157395,0.0002099,0.000429153,-4188.432854,0.86475318,-0.488379475,0.116993273
0.000157395,0.0002099,0.000454326,-3968.01414,0.704018187,-0.654789154,0.274971918
0.000157395,0.0002099,0.0004795,-3655.447505,0.212575874,-0.139990465,0.967064717
0.000157395,0.0002355,1.20E-06,1112.156784,0.036528904,-0.082460266,0.995924668
0.000157395,0.0002355,2.64E-05,1155.285148,0.446569408,-0.883339196,0.142434649
0.000157395,0.0002355,5.15E-05,1186.72404,0.500636594,-0.862404794,0.074973137
0.000157395,0.0002355,7.67E-05,1197.467803,0.555161905,-0.831549187,-0.01792232
0.000157395,0.0002355,0.000101895,1175.912349,0.602890127,-0.786015276,-0.136760666
0.000157395,0.0002355,0.000127068,1108.69551,0.635976901,-0.721107658,-0.274840182
0.000157395,0.0002355,0.000152242,981.4417745,0.64763375,-0.63728814,-0.417653388
0.000157395,0.0002355,0.000177416,778.9754348,0.635471405,-0.544348398,-0.547595576
0.000157395,0.0002355,0.000202589,484.9805036,0.604214152,-0.458103384,-0.651971278
0.000157395,0.0002355,0.000227763,80.94799194,0.563111043,-0.393437459,-0.726713781
0.000157395,0.0002355,0.000252937,-455.2679579,0.522046904,-0.35965597,-0.7733787
0.000157395,0.0002355,0.000278111,-1150.620134,0.489856632,-0.362787156,-0.792733221
0.000157395,0.0002355,0.000303284,-2034.308145,0.475282586,-0.409747601,-0.77859705
0.000157395,0.0002355,0.000328458,-3118.547426,0.486507497,-0.509673108,-0.709608186
0.000157395,0.0002355,0.000353632,-4326.929021,0.592099083,-0.556465582,-0.582893415
0.000157395,0.0002355,0.000378805,-3993.090523,0.72761993,-0.681769008,0.075896359
0.000157395,0.0002355,0.000403979,-4274.336988,0.666698271,-0.503226849,-0.549796465
0.000157395,0.0002355,0.000429153,-4321.87436,0.686376066,-0.460024058,-0.563263493
0.000157395,0.0002355,0.000454326,-4716.795188,0.814028499,-0.534500715,0.227302856
0.000157395,0.0002355,0.0004795,-4094.588575,0.203933122,-0.149892519,0.967441737
0.000157395,0.0002611,1.20E-06,905.2447965,0.017891568,-0.067294156,0.997572748
0.000157395,0.0002611,2.64E-05,937.7506859,0.325293091,-0.935582258,0.137369003
0.000157395,0.0002611,5.15E-05,961.8461039,0.415090116,-0.906882224,0.07255913
0.000157395,0.0002611,7.67E-05,969.0916517,0.514128123,-0.857192579,-0.029885706
0.000157395,0.0002611,0.000101895,948.2621282,0.605594722,-0.777218327,-0.170841172
0.000157395,0.0002611,0.000127068,885.7930093,0.667638259,-0.664536276,-0.335634762
0.000157395,0.0002611,0.000152242,766.1113678,0.685434615,-0.532775197,-0.49631641
0.000157395,0.0002611,0.000177416,571.5174175,0.662462782,-0.407125178,-0.628802156
0.000157395,0.0002611,0.000202589,281.3585346,0.615365406,-0.306644518,-0.726150506
0.000157395,0.0002611,0.000227763,-130.4288574,0.560310359,-0.243577484,-0.791657951
0.000157395,0.0002611,0.000252937,-698.0585527,0.51004288,-0.214965531,-0.832854177
0.000157395,0.0002611,0.000278111,-1471.438039,0.473107813,-0.219046465,-0.853339114
0.000157395,0.0002611,0.000303284,-2527.804211,0.459992093,-0.257664052,-0.849715547
0.000157395,0.0002611,0.000328458,-3977.428773,0.709319249,-0.491845251,-0.504930146
0.000157395,0.0002611,0.000353632,-3987.183496,0.709243909,0.255075571,-0.657198243
0.000157395,0.0002611,0.000378805,-4300.974461,-0.562345051,-0.575436803,-0.59383544
0.000157395,0.0002611,0.000403979,-4486.611869,0.830658914,-0.464121605,-0.307566099
0.000157395,0.0002611,0.000429153,-4555.913418,-0.572041123,-0.818649741,-0.050809006
0.000157395,0.0002611,0.000454326,-4511.525791,0.99695574,0.060547124,-0.049125323
0.000157395,0.0002611,0.0004795,-4573.862153,0.238043177,-0.152055488,0.959278153
0.000157395,0.0002867,1.20E-06,734.058538,0.003243171,-0.051275274,0.998679292
0.000157395,0.0002867,2.64E-05,763.2609447,0.167664812,-0.969300952,0.179844862
0.000157395,0.0002867,5.15E-05,788.3744432,0.321296907,-0.938498453,0.126447428
0.000157395,0.0002867,7.67E-05,801.2491104,0.510921745,-0.859597821,0.007110376
0.000157395,0.0002867,0.000101895,790.5390679,0.684461311,-0.70645981,-0.180075684
0.000157395,0.0002867,0.000127068,741.9406032,0.773447793,-0.501326131,-0.387879647
0.000157395,0.0002867,0.000152242,638.366672,0.768323921,-0.310740838,-0.559569909
0.000157395,0.0002867,0.000177416,459.8014536,0.712353322,-0.174619981,-0.6797504
0.000157395,0.0002867,0.000202589,183.5372148,0.638942959,-0.091836444,-0.763752554
0.000157395,0.0002867,0.000227763,-225.5025717,0.567911339,-0.049771558,-0.821583534
0.000157395,0.0002867,0.000252937,-807.2534761,0.508952655,-0.036054847,-0.860039094
0.000157395,0.0002867,0.000278111,-1628.257735,0.466369435,-0.04210135,-0.883587589
0.000157395,0.0002867,0.000303284,-2807.082878,0.450443315,-0.062748085,-0.89059727
0.000157395,0.0002867,0.000328458,-4564.182063,0.449930592,-0.296445723,-0.842426493
0.000157395,0.0002867,0.000353632,-4199.22597,-0.496656221,-0.801901939,0.332093177
0.000157395,0.0002867,0.000378805,-4485.24101,0.795957831,-0.243474693,-0.554230281
0.000157395,0.0002867,0.000403979,-4665.558486,0.862075664,-0.309478813,-0.401308377
0.000157395,0.0002867,0.000429153,-4730.092883,0.920385419,-0.387233876,-0.054227348
0.000157395,0.0002867,0.000454326,-4694.298678,-0.188879235,-0.693918223,-0.694839647
0.000157395,0.0002867,0.0004795,-4967.743227,0.132379518,-0.032823961,0.990655465
0.000157395,0.0003123,1.20E-06,606.014299,-0.008346811,-0.037527438,0.999260738
0.000157395,0.0003123,2.64E-05,640.049331,-0.065338753,-0.933945565,0.351392271
0.000157395,0.0003123,5.15E-05,675.1214283,0.220496228,-0.902727574,0.369410802
0.000157395,0.0003123,7.67E-05,702.9710081,0.660923067,-0.714636469,0.229075132
0.000157395,0.0003123,0.000101895,711.6469685,0.939239639,-0.33228865,-0.086099679
0.000157395,0.0003123,0.000127068,685.7826846,0.935367991,-0.04513058,-0.350784767
0.000157395,0.0003123,0.000152242,606.7802809,0.847339936,0.093826538,-0.522696483
0.000157395,0.0003123,0.000177416,452.6983245,0.752195164,0.151536012,-0.641279403
0.000157395,0.0003123,0.000202589,197.5595311,0.66410808,0.166838828,-0.728783413
0.000157395,0.0003123,0.000227763,-191.4674644,0.585827251,0.165057341,-0.79344975
0.000157395,0.0003123,0.000252937,-757.8612159,0.520443692,0.154485235,-0.839805142
0.000157395,0.0003123,0.000278111,-1568.339996,0.47231499,0.143413023,-0.869684572
0.000157395,0.0003123,0.000303284,-2738.161304,0.451609521,0.140100683,-0.881147343
0.000157395,0.0003123,0.000328458,-4475.6133,0.416050897,0.433109413,-0.799573566
0.000157395,0.0003123,0.000353632,-4181.029749,-0.522945452,0.842704049,-0.127976327
0.000157395,0.0003123,0.000378805,-4509.304771,0.784234634,0.08742835,-0.614273817
0.000157395,0.0003123,0.000403979,-4678.633129,0.882477928,0.05415203,-0.467226139
0.000157395,0.0003123,0.000429153,-4764.620807,0.980437834,-0.071040379,-0.183561758
0.000157395,0.0003123,0.000454326,-4752.880255,-0.97842006,-0.205290019,0.0234562
0.000157395,0.0003123,0.0004795,-4756.768997,0.084050109,0.03482595,0.995852766
0.000157395,0.0003379,1.20E-06,527.9475833,-0.016473852,-0.018541813,0.999692359
0.000157395,0.0003379,2.64E-05,576.4744821,-0.396677789,-0.450881423,0.799595319
0.000157395,0.0003379,5.15E-05,632.0090674,0.075167878,-0.042434835,0.996267572
0.000157395,0.0003379,7.67E-05,685.3721586,0.639441959,0.41887359,0.644716136
0.000157395,0.0003379,0.000101895,723.0799465,0.817075012,0.546306499,0.184221697
0.000157395,0.0003379,0.000127068,728.2203881,0.833809576,0.539524546,-0.116939537
0.000157395,0.0003379,0.000152242,680.9149935,0.801039854,0.500927102,-0.327730364
0.000157395,0.0003379,0.000177416,558.139006,0.745567099,0.453899705,-0.487959793
0.000157395,0.0003379,0.000202589,333.5020699,0.678827033,0.40542585,-0.612228502
0.000157395,0.0003379,0.000227763,-23.38537258,0.609008981,0.361481567,-0.706002222
0.000157395,0.0003379,0.000252937,-549.6834223,0.543736828,0.328169366,-0.772434547
0.000157395,0.0003379,0.000278111,-1296.171392,0.49111316,0.31254065,-0.813096677
0.000157395,0.0003379,0.000303284,-2337.003972,0.462359303,0.324369411,-0.825232307
0.000157395,0.0003379,0.000328458,-3769.379761,0.656074821,0.524443188,-0.542701734
0.000157395,0.0003379,0.000353632,-3973.615834,0.54708873,0.015652781,-0.836928259
0.000157395,0.0003379,0.000378805,-4413.218743,-0.503430321,0.388564593,-0.771735362
0.000157395,0.0003379,0.000403979,-4635.465944,0.762365012,0.275305083,-0.585667738
0.000157395,0.0003379,0.000429153,-4759.313938,0.903865519,0.197734313,-0.379378789
0.000157395,0.0003379,0.000454326,-4764.18194,0.998664471,0.002045749,-0.051624494
0.000157395,0.0003379,0.0004795,-4777.163706,0.023165073,-0.003512013,0.999725485
0.000157395,0.0003635,1.20E-06,505.0360076,-0.020063653,0.002023886,0.999796656
0.000157395,0.0003635,2.64E-05,580.3766844,-0.317293949,0.412873047,0.853733212
0.000157395,0.0003635,5.15E-05,670.4045104,0.056703407,0.678292595,0.732600763
0.000157395,0.0003635,7.67E-05,763.1419976,0.347531015,0.792167871,0.501689403
0.000157395,0.0003635,0.000101895,840.864564,0.536681251,0.800788769,0.265914613
0.000157395,0.0003635,0.000127068,883.61382,0.652788573,0.75573856,0.052214051
0.000157395,0.0003635,0.000152242,871.1476264,0.710244708,0.689640734,-0.141237792
0.000157395,0.0003635,0.000177416,781.3342353,0.71833326,0.620230527,-0.315137146
0.000157395,0.0003635,0.000202589,589.1742467,0.689719116,0.554285784,-0.465891415
0.000157395,0.0003635,0.000227763,268.3920748,0.63846458,0.496639703,-0.587972776
0.000157395,0.0003635,0.000252937,-207.9596837,0.578225978,0.454687562,-0.677431871
0.000157395,0.0003635,0.000278111,-869.689519,0.521455005,0.437097268,-0.732823755
0.000157395,0.0003635,0.000303284,-1749.568229,0.479468172,0.452980118,-0.751611126
0.000157395,0.0003635,0.000328458,-2867.279756,0.462196372,0.51260694,-0.72360807
0.000157395,0.0003635,0.000353632,-4168.784327,0.772706812,0.356249857,-0.52536675
0.000157395,0.0003635,0.000378805,-4170.423433,0.629787642,0.396066334,-0.668205795
0.000157395,0.0003635,0.000403979,-4513.188876,-0.536600153,0.43670694,-0.722043852
0.000157395,0.0003635,0.000429153,-4696.397197,0.73081944,0.26548568,-0.628824538
0.000157395,0.0003635,0.000454326,-4752.160934,0.908094041,0.262500614,-0.326280003
0.000157395,0.0003635,0.0004795,-4775.674968,0.051018207,0.008172974,0.99866428
0.000157395,0.0003891,1.20E-06,538.9734396,-0.018937779,0.021868158,0.999581485
0.000157395,0.0003891,2.64E-05,657.8025275,-0.117248132,0.643551614,0.756369087
0.000157395,0.0003891,5.15E-05,804.0915526,0.12031895,0.772817458,0.623118389
0.000157395,0.0003891,7.67E-05,959.0868462,0.300959898,0.84300351,0.445834299
0.000157395,0.0003891,0.000101895,1092.018835,0.445081589,0.854175314,0.268862255
0.000157395,0.0003891,0.000127068,1173.955832,0.572888591,0.812795463,0.105651303
0.000157395,0.0003891,0.000152242,1188.786826,0.66939158,0.74121444,-0.050160406
0.000157395,0.0003891,0.000177416,1122.4972,0.715710964,0.668437968,-0.202357353
0.000157395,0.0003891,0.000202589,954.1004169,0.714979767,0.605725025,-0.349143419
0.000157395,0.0003891,0.000227763,661.3278235,0.679925959,0.553574544,-0.480890751
0.000157395,0.0003891,0.000252937,227.1251937,0.625087295,0.516045969,-0.585629944
0.000157395,0.0003891,0.000278111,-361.0976804,0.564319036,0.500328877,-0.656669659
0.000157395,0.0003891,0.000303284,-1112.710505,0.508099154,0.511486551,-0.692976737
0.000157395,0.0003891,0.000328458,-2026.57423,0.461641603,0.548436256,-0.697212094
0.000157395,0.0003891,0.000353632,-3074.992686,0.422051258,0.595620448,-0.683453743
0.000157395,0.0003891,0.000378805,-4205.622373,0.646004383,0.407040502,-0.645752558
0.000157395,0.0003891,0.000403979,-4311.958867,-0.468418044,-0.600059659,-0.648469692
0.000157395,0.0003891,0.000429153,-4656.712859,0.454179647,0.395038255,-0.798539683
0.000157395,0.0003891,0.000454326,-4699.320814,0.704333972,0.614261027,-0.355804786
0.000157395,0.0003891,0.0004795,-4733.410687,0.034539653,0.033993265,0.998825045
0.000157395,0.0004147,1.20E-06,624.9786751,-0.013955981,0.037861818,0.999185525
0.000157395,0.0004147,2.64E-05,809.7707607,0.010737015,0.644945827,0.764152862
0.000157395,0.0004147,5.15E-05,1050.397925,0.172737203,0.757456864,0.629619693
0.000157395,0.0004147,7.67E-05,1316.787671,0.28826516,0.854945756,0.431243494
0.000157395,0.0004147,0.000101895,1535.063749,0.388918664,0.890917763,0.234537444
0.000157395,0.0004147,0.000127068,1640.6756,0.530172314,0.844318893,0.077736256
0.000157395,0.0004147,0.000152242,1644.423126,0.672003991,0.738796534,-0.05089515
0.000157395,0.0004147,0.000177416,1569.691814,0.748840461,0.641965412,-0.164676571
0.000157395,0.0004147,0.000202589,1402.801154,0.764271435,0.578284087,-0.285441215
0.000157395,0.0004147,0.000227763,1119.417395,0.737518188,0.536876351,-0.409671461
0.000157395,0.0004147,0.000252937,708.239657,0.684647949,0.511657027,-0.519099483
0.000157395,0.0004147,0.000278111,168.444324,0.619469231,0.504204499,-0.601694021
0.000157395,0.0004147,0.000303284,-499.4609875,0.55051838,0.514802971,-0.657196633
0.000157395,0.0004147,0.000328458,-1297.582528,0.478579715,0.53578837,-0.695623662
0.000157395,0.0004147,0.000353632,-2237.614429,0.392384482,0.544459826,-0.741348715
0.000157395,0.0004147,0.000378805,-3377.515978,0.255527849,0.488320916,-0.834414886
0.000157395,0.0004147,0.000403979,-4937.673146,0.032299729,0.159544633,-0.98666217
0.000157395,0.0004147,0.000429153,-4501.523694,0.238045537,0.821365717,0.518355748
0.000157395,0.0004147,0.000454326,-4617.507502,0.025883946,0.94908653,-0.313950283
0.000157395,0.0004147,0.0004795,-4594.379672,0.008268171,0.055378836,0.99843118
0.000157395,0.0004403,1.20E-06,747.21909,-0.006388076,0.044947689,0.998968917
0.000157395,0.0004403,2.64E-05,1022.937402,0.088328035,0.53579629,0.839714531
0.000157395,0.0004403,5.15E-05,1424.382199,0.203531375,0.654972579,0.727726528
0.000157395,0.0004403,7.67E-05,1936.215134,0.2690978,0.845667717,0.460903988
0.000157395,0.0004403,0.000101895,2343.180354,0.291740164,0.944066484,0.153708002
0.000157395,0.0004403,0.000127068,2381.858954,0.475552411,0.878395117,-0.047664704
0.000157395,0.0004403,0.000152242,2236.640869,0.7027614,0.690901496,-0.169651222
0.000157395,0.0004403,0.000177416,2080.37349,0.810568608,0.549733743,-0.201919153
0.000157395,0.0004403,0.000202589,1881.773639,0.832640363,0.483288742,-0.270447812
0.000157395,0.0004403,0.000227763,1586.968547,0.806744831,0.456350503,-0.375375805
0.000157395,0.0004403,0.000252937,1180.337743,0.752065121,0.449810634,-0.481734831
0.000157395,0.0004403,0.000278111,668.0637549,0.682268098,0.458874208,-0.569161404
0.000157395,0.0004403,0.000303284,55.12271452,0.603516065,0.480787756,-0.63609079
0.000157395,0.0004403,0.000328458,-665.1288136,0.512680669,0.507661323,-0.692414986
0.000157395,0.0004403,0.000353632,-1521.583298,0.395528049,0.523231694,-0.754841809
0.000157395,0.0004403,0.000378805,-2598.719315,0.224766892,0.502039369,-0.835126527
0.000157395,0.0004403,0.000403979,-4127.127276,-0.028123401,0.785705578,-0.617961018
0.000157395,0.0004403,0.000429153,-4140.799748,0.961250204,0.083321072,-0.262784407
0.000157395,0.0004403,0.000454326,-4413.859025,-0.083388256,0.948108238,-0.30681781
0.000157395,0.0004403,0.0004795,-4437.707389,-0.018188894,0.167487457,0.985706405
0.000157395,0.0004659,1.20E-06,874.8362394,0.0018304,0.043814666,0.999038
0.000157395,0.0004659,2.64E-05,1249.165152,0.128540249,0.338498773,0.932145903
0.000157395,0.0004659,5.15E-05,1886.291457,0.203146608,0.379818818,0.90247943
0.000157395,0.0004659,7.67E-05,3031.149884,0.287167218,0.635831862,0.716416661
0.000157395,0.0004659,0.000101895,4318.537788,0.804346413,0.526535202,0.27529535
0.000157395,0.0004659,0.000127068,3637.301941,0.487008191,0.760265707,-0.429905892
0.000157395,0.0004659,0.000152242,2893.00982,0.719372503,0.48188601,-0.500288992
0.000157395,0.0004659,0.000177416,2552.194987,0.876344208,0.37436287,-0.303106039
0.000157395,0.0004659,0.000202589,2299.444827,0.900559128,0.329352434,-0.283760868
0.000157395,0.0004659,0.000227763,1986.605736,0.872802471,0.325191824,-0.363958959
0.000157395,0.0004659,0.000252937,1580.77971,0.816611863,0.342955086,-0.46424872
0.000157395,0.0004659,0.000278111,1090.987956,0.744825351,0.375571101,-0.551526558
0.000157395,0.0004659,0.000303284,525.2947571,0.661846174,0.419613994,-0.621195411
0.000157395,0.0004659,0.000328458,-122.0043189,0.562963615,0.47053265,-0.679463755
0.000157395,0.0004659,0.000353632,-874.6146476,0.437076043,0.522740709,-0.731919861
0.000157395,0.0004659,0.000378805,-1784.657874,0.271729445,0.57509719,-0.771638731
0.000157395,0.0004659,0.000403979,-2943.793371,0.06806053,0.650792041,-0.756199367
0.000157395,0.0004659,0.000429153,-4409.070009,-0.400297154,0.8189794,-0.411138579
0.000157395,0.0004659,0.000454326,-3684.485438,0.457504325,0.76326074,0.456204818
0.000157395,0.0004659,0.0004795,-3702.577907,0.124655136,0.246256288,0.961155002
0.000157395,0.0004915,1.20E-06,968.0647068,0.008892321,0.417818229,0.908487124
0.000157395,0.0004915,2.64E-05,1396.456703,0.076166052,0.86280441,0.499767228
0.000157395,0.0004915,5.15E-05,2187.051613,0.147392002,0.565852587,0.811225276
0.000157395,0.0004915,7.67E-05,4131.4316,0.616139387,0.562625946,0.551202595
0.000157395,0.0004915,0.000101895,3522.151846,0.432800647,0.654821979,0.619590007
0.000157395,0.0004915,0.000127068,4945.521931,0.69569434,0.714997496,-0.069195127
0.000157395,0.0004915,0.000152242,3299.532783,0.406289618,0.760209275,-0.506962133
0.000157395,0.0004915,0.000177416,2825.894084,0.539766817,0.811794431,-0.222803916
0.000157395,0.0004915,0.000202589,2549.352698,0.687619321,0.693947876,-0.213579059
0.000157395,0.0004915,0.000227763,2239.959183,0.778751622,0.549207221,-0.303178727
0.000157395,0.0004915,0.000252937,1853.163215,0.797483691,0.4358944,-0.417152052
0.000157395,0.0004915,0.000278111,1398.985647,0.768867546,0.373841543,-0.518734226
0.000157395,0.0004915,0.000303284,888.368153,0.710903963,0.366353844,-0.600333588
0.000157395,0.0004915,0.000328458,320.7342281,0.62526841,0.41239815,-0.662545985
0.000157395,0.0004915,0.000353632,-313.9982108,0.505729684,0.507162367,-0.697870919
0.000157395,0.0004915,0.000378805,-1030.458047,0.352198896,0.637895199,-0.684869077
0.000157395,0.0004915,0.000403979,-1830.285143,0.184160892,0.785246717,-0.591161872
0.000157395,0.0004915,0.000429153,-2640.370137,0.039311994,0.918699787,-0.392995253
0.000157395,0.0004915,0.000454326,-3211.83388,-0.076600608,0.962253148,-0.261153645
0.000157395,0.0004915,0.0004795,-3249.787048,-0.046912708,0.445004941,0.894298496
0.000182911,5.10E-06,1.20E-06,3629.230729,0.203911114,0.436857023,0.876114261
0.000182911,5.10E-06,2.64E-05,4075.936083,0.44901096,0.83085042,0.328750264
0.000182911,5.10E-06,5.15E-05,4654.817794,0.503110796,0.737540153,0.45045982
0.000182911,5.10E-06,7.67E-05,5520.471077,0.591054301,0.431589306,0.681458351
0.000182911,5.10E-06,0.000101895,6988.546254,0.43018987,0.871857956,0.234094811
0.000182911,5.10E-06,0.000127068,5974.253998,0.009155359,0.475574711,-0.879627691
0.000182911,5.10E-06,0.000152242,5877.352187,-0.192156561,0.961819793,-0.194880841
0.000182911,5.10E-06,0.000177416,5636.986052,0.391837815,0.901374525,-0.184355886
0.000182911,5.10E-06,0.000202589,5535.995742,0.672006581,0.584089304,-0.455243715
0.000182911,5.10E-06,0.000227763,4097.426612,0.498850256,0.291380518,-0.816238823
0.000182911,5.10E-06,0.000252937,3110.908115,0.554694609,0.171195977,-0.814251698
0.000182911,5.10E-06,0.000278111,2344.370271,0.595527958,0.080208406,-0.799320376
0.000182911,5.10E-06,0.000303284,1689.521288,0.615439903,0.030217686,-0.787604353
0.000182911,5.10E-06,0.000328458,1102.053847,0.627643086,0.03687697,-0.777627318
0.000182911,5.10E-06,0.000353632,569.3081386,0.642405327,0.131738673,-0.754957163
0.000182911,5.10E-06,0.000378805,92.15374166,0.642040502,0.345365584,-0.684475425
0.000182911,5.10E-06,0.000403979,-323.7268531,0.577073427,0.62294574,-0.528133378
0.000182911,5.10E-06,0.000429153,-671.3163781,0.465190199,0.815463791,-0.34440802
0.000182911,5.10E-06,0.000454326,-944.2894113,0.396571969,0.890728316,-0.222111998
0.000182911,5.10E-06,0.0004795,-1139.625883,0.164435973,0.353333525,0.920932262
0.000182911,3.07E-05,1.20E-06,3585.604143,0.221965034,-0.037052674,0.974350359
0.000182911,3.07E-05,2.64E-05,4037.938192,0.799594695,-0.133315123,0.585555635
0.000182911,3.07E-05,5.15E-05,4633.341548,0.734870686,-0.12999798,0.66563173
0.000182911,3.07E-05,7.67E-05,5541.128436,0.90451141,-0.182524061,0.385414163
0.000182911,3.07E-05,0.000101895,5529.99477,0.664989648,-0.719802297,0.19918188
0.000182911,3.07E-05,0.000127068,5764.973221,-0.278675678,-0.886966625,0.368279884
0.000182911,3.07E-05,0.000152242,5744.372395,-0.677760576,-0.628338255,-0.381879089
0.000182911,3.07E-05,0.000177416,5531.342421,0.533033642,0.842814608,-0.074422257
0.000182911,3.07E-05,0.000202589,5661.314038,0.863958233,-0.16143811,-0.47698418
0.000182911,3.07E-05,0.000227763,4166.311891,0.548005199,-0.062578408,-0.834130832
0.000182911,3.07E-05,0.000252937,3156.107617,0.605176185,-0.03985102,-0.795093505
0.000182911,3.07E-05,0.000278111,2363.754114,0.641173915,-0.039977473,-0.766353582
0.000182911,3.07E-05,0.000303284,1672.312417,0.650594588,-0.066773041,-0.756484
0.000182911,3.07E-05,0.000328458,1040.415605,0.650304278,-0.114431234,-0.751005885
0.000182911,3.07E-05,0.000353632,461.9769107,0.65790282,-0.173410921,-0.732865971
0.000182911,3.07E-05,0.000378805,-56.89677086,0.682454162,-0.235012521,-0.692116632
0.000182911,3.07E-05,0.000403979,-507.4733548,0.723718309,-0.292897682,-0.624854188
0.000182911,3.07E-05,0.000429153,-880.799932,0.774758888,-0.342786994,-0.531268052
0.000182911,3.07E-05,0.000454326,-1169.011771,0.825404371,-0.382112748,-0.415568853
0.000182911,3.07E-05,0.0004795,-1368.235073,0.194685926,-0.092197822,0.976522888
0.000182911,5.63E-05,1.20E-06,3420.162733,0.209193995,-0.075121957,0.974984392
0.000182911,5.63E-05,2.64E-05,3833.355025,0.783722914,-0.30249176,0.542473161
0.000182911,5.63E-05,5.15E-05,4356.272849,0.733123274,-0.333643005,0.592631935
0.000182911,5.63E-05,7.67E-05,5088.643721,0.661451821,-0.392077196,0.639341036
0.000182911,5.63E-05,0.000101895,6165.918103,0.857097422,-0.42512291,0.290954499
0.000182911,5.63E-05,0.000127068,5449.202478,0.655798942,-0.269616438,-0.705148725
0.000182911,5.63E-05,0.000152242,5486.429473,0.455230059,-0.13911469,0.879438853
0.000182911,5.63E-05,0.000177416,6593.53178,0.858275417,-0.393151736,-0.329840903
0.000182911,5.63E-05,0.000202589,5066.169101,0.572574074,-0.383006361,-0.724889686
0.000182911,5.63E-05,0.000227763,3906.297414,0.607967338,-0.264342841,-0.748664529
0.000182911,5.63E-05,0.000252937,3019.031791,0.662675971,-0.190853218,-0.724179264
0.000182911,5.63E-05,0.000278111,2265.656033,0.687642054,-0.157397698,-0.708783726
0.000182911,5.63E-05,0.000303284,1570.735209,0.682404164,-0.159674612,-0.71332221
0.000182911,5.63E-05,0.000328458,914.5111326,0.669559971,-0.186451906,-0.718975057
0.000182911,5.63E-05,0.000353632,305.2647182,0.670305386,-0.225586758,-0.706966268
0.000182911,5.63E-05,0.000378805,-242.6038503,0.694068696,-0.26710007,-0.668525391
0.000182911,5.63E-05,0.000403979,-716.4681815,0.738930105,-0.30465564,-0.600971913
0.000182911,5.63E-05,0.000429153,-1105.385497,0.795427231,-0.335371895,-0.504798189
0.000182911,5.63E-05,0.000454326,-1400.072867,0.851356711,-0.356255522,-0.385063312
0.000182911,5.63E-05,0.0004795,-1596.132273,0.214417315,-0.088311627,0.972741626
0.000182911,8.19E-05,1.20E-06,3160.180875,0.189682799,-0.104281662,0.976291847
0.000182911,8.19E-05,2.64E-05,3507.108244,0.756247929,-0.44638552,0.478360782
0.000182911,8.19E-05,5.15E-05,3914.664499,0.720812027,-0.495632586,0.484539329
0.000182911,8.19E-05,7.67E-05,4412.565883,0.665450242,-0.58058019,0.469150955
0.000182911,8.19E-05,0.000101895,4994.249104,0.607937081,-0.704957056,0.365305426
0.000182911,8.19E-05,0.000127068,5500.768228,0.851585173,-0.474391007,0.223060228
0.000182911,8.19E-05,0.000152242,5560.2903,0.858749693,-0.479562918,-0.180467095
0.000182911,8.19E-05,0.000177416,5021.932601,0.560563277,-0.738969179,-0.373755756
0.000182911,8.19E-05,0.000202589,4217.428399,0.603068366,-0.569496292,-0.558553955
0.000182911,8.19E-05,0.000227763,3431.255844,0.65672696,-0.424012531,-0.623636973
0.000182911,8.19E-05,0.000252937,2716.403787,0.701505762,-0.325364314,-0.634056566
0.000182911,8.19E-05,0.000278111,2036.688166,0.713011428,-0.273132354,-0.645765763
0.000182911,8.19E-05,0.000303284,1364.741523,0.697001559,-0.258292521,-0.668934825
0.000182911,8.19E-05,0.000328458,706.6833279,0.677553888,-0.267401939,-0.685140082
0.000182911,8.19E-05,0.000353632,86.49881002,0.676502415,-0.288400365,-0.677620625
0.000182911,8.19E-05,0.000378805,-472.0291981,0.702267156,-0.311296636,-0.640246239
0.000182911,8.19E-05,0.000403979,-952.2573281,0.750909151,-0.328916797,-0.572668479
0.000182911,8.19E-05,0.000429153,-1342.656468,0.812262601,-0.338829027,-0.474788751
0.000182911,8.19E-05,0.000454326,-1630.733276,0.87265393,-0.339293365,-0.351219491
0.000182911,8.19E-05,0.0004795,-1813.257436,0.2313155,-0.083936971,0.969251115
0.000182911,0.0001075,1.20E-06,2842.249085,0.165723781,-0.124030199,0.978341524
0.000182911,0.0001075,2.64E-05,3117.380559,0.716087755,-0.564042555,0.411186483
0.000182911,0.0001075,5.15E-05,3414.400298,0.693426797,-0.610731667,0.382316764
0.000182911,0.0001075,7.67E-05,3730.01911,0.653098194,-0.681780893,0.329602129
0.000182911,0.0001075,0.000101895,4030.369888,0.603802349,-0.765097425,0.223715564
0.000182911,0.0001075,0.000127068,4224.993581,0.560598843,-0.825686691,0.063011306
0.000182911,0.0001075,0.000152242,4192.450538,0.547567121,-0.827809424,-0.122072955
0.000182911,0.0001075,0.000177416,3893.536692,0.57410825,-0.759772177,-0.305198225
0.000182911,0.0001075,0.000202589,3416.864427,0.621844105,-0.642987127,-0.447076575
0.000182911,0.0001075,0.000227763,2868.463554,0.670956787,-0.52340558,-0.525227178
0.000182911,0.0001075,0.000252937,2291.294393,0.702241815,-0.432324739,-0.565642778
0.000182911,0.0001075,0.000278111,1684.276811,0.70472905,-0.378023363,-0.6003793
0.000182911,0.0001075,0.000303284,1048.490039,0.686904611,-0.354687819,-0.634317434
0.000182911,0.0001075,0.000328458,407.1797962,0.670381458,-0.352135395,-0.65313809
0.000182911,0.0001075,0.000353632,-204.8998284,0.674165357,-0.360743579,-0.644488279
0.000182911,0.0001075,0.000378805,-756.2146886,0.704897096,-0.371132408,-0.604467385
0.000182911,0.0001075,0.000403979,-1224.988399,0.758168873,-0.374090743,-0.534074973
0.000182911,0.0001075,0.000429153,-1597.773917,0.824114092,-0.364238027,-0.433781769
0.000182911,0.0001075,0.000454326,-1862.39295,0.88735628,-0.343639702,-0.307425743
0.000182911,0.0001075,0.0004795,-2018.050762,0.242366648,-0.08225726,0.966691342
0.000182911,0.0001331,1.20E-06,2498.106065,0.139539629,-0.135502962,0.980901442
0.000182911,0.0001331,2.64E-05,2708.971969,0.66401268,-0.660820471,0.349862067
0.000182911,0.0001331,5.15E-05,2919.431874,0.654112007,-0.694162485,0.300459525
0.000182911,0.0001331,7.67E-05,3116.857482,0.63175074,-0.739870031,0.231264653
0.000182911,0.0001331,0.000101895,3272.790727,0.603462111,-0.786586736,0.130823495
0.000182911,0.0001331,0.000127068,3340.930307,0.580821594,-0.814030357,0.000924532
0.000182911,0.0001331,0.000152242,3274.527582,0.576702875,-0.80419822,-0.143802004
0.000182911,0.0001331,0.000177416,3058.461152,0.595183327,-0.751559067,-0.284456985
0.000182911,0.0001331,0.000202589,2718.197926,0.627210659,-0.668227621,-0.400098283
0.000182911,0.0001331,0.000227763,2290.594128,0.657876538,-0.579621817,-0.480871095
0.000182911,0.0001331,0.000252937,1795.994014,0.674048294,-0.507424493,-0.536823323
0.000182911,0.0001331,0.000278111,1240.915748,0.671344128,-0.460049923,-0.58107756
0.000182911,0.0001331,0.000303284,638.5407602,0.658223492,-0.436248875,-0.613537899
0.000182911,0.0001331,0.000328458,19.4819299,0.651195079,-0.431205236,-0.624505414
0.000182911,0.0001331,0.000353632,-575.7234447,0.663945576,-0.437786527,-0.606233642
0.000182911,0.0001331,0.000378805,-1108.952407,0.701059656,-0.44564786,-0.556698611
0.000182911,0.0001331,0.000403979,-1551.706833,0.759036999,-0.442717533,-0.477351046
0.000182911,0.0001331,0.000429153,-1886.936416,0.82814133,-0.420228445,-0.370931249
0.000182911,0.0001331,0.000454326,-2108.473436,0.892681544,-0.380063265,-0.242222164
0.000182911,0.0001331,0.0004795,-2220.362194,0.247257356,-0.086988865,0.965037169
0.000182911,0.0001587,1.20E-06,2149.772868,0.112353947,-0.139939567,0.983764966
0.000182911,0.0001587,2.64E-05,2308.102289,0.599757357,-0.743179148,0.29660726
0.000182911,0.0001587,5.15E-05,2456.088953,0.603474728,-0.76112344,0.237716979
0.000182911,0.0001587,7.67E-05,2580.396392,0.599638947,-0.783701178,0.16200493
0.000182911,0.0001587,0.000101895,2660.298346,0.591996876,-0.803305888,0.065110282
0.000182911,0.0001587,0.000127068,2669.831933,0.586913854,-0.808077087,-0.050433613
0.000182911,0.0001587,0.000152242,2586.018395,0.590465561,-0.787762689,-0.175443345
0.000182911,0.0001587,0.000177416,2398.775159,0.6036951,-0.739843571,-0.296957432
0.000182911,0.0001587,0.000202589,2112.686222,0.621173845,-0.672795166,-0.401857836
0.000182911,0.0001587,0.000227763,1738.053016,0.634638876,-0.602907444,-0.483462626
0.000182911,0.0001587,0.000252937,1282.298291,0.638269379,-0.544877289,-0.543802299
0.000182911,0.0001587,0.000278111,752.3806913,0.63266822,-0.506235519,-0.586051638
0.000182911,0.0001587,0.000303284,165.296159,0.625792984,-0.489220502,-0.607491926
0.000182911,0.0001587,0.000328458,-445.4376132,0.62893679,-0.492737612,-0.601371899
0.000182911,0.0001587,0.000353632,-1033.589329,0.650220682,-0.510275953,-0.562877888
0.000182911,0.0001587,0.000378805,-1550.739198,0.691740184,-0.528280241,-0.492357091
0.000182911,0.0001587,0.000403979,-1958.746145,0.750597305,-0.530043032,-0.394535257
0.000182911,0.0001587,0.000429153,-2239.217383,0.818877441,-0.503519282,-0.275514191
0.000182911,0.0001587,0.000454326,-2394.42081,0.882758297,-0.447828371,-0.14208286
0.000182911,0.0001587,0.0004795,-2440.32188,0.248673538,-0.10036251,0.963373675
0.000182911,0.0001843,1.20E-06,1811.208675,0.084568896,-0.137927333,0.98682529
0.000182911,0.0001843,2.64E-05,1928.468697,0.520444644,-0.815923333,0.251806447
0.000182911,0.0001843,5.15E-05,2032.834755,0.539349722,-0.820182308,0.190795332
0.000182911,0.0001843,7.67E-05,2112.262122,0.555020316,-0.824142333,0.11287986
0.000182911,0.0001843,0.000101895,2150.682625,0.567368319,-0.823301179,0.016381668
0.000182911,0.0001843,0.000127068,2130.617857,0.578734378,-0.809898787,-0.095553516
0.000182911,0.0001843,0.000152242,2036.83737,0.591449019,-0.77697999,-0.215615752
0.000182911,0.0001843,0.000177416,1859.224437,0.604212971,-0.723793548,-0.333241032
0.000182911,0.0001843,0.000202589,1593.275775,0.61330211,-0.65787023,-0.437112437
0.000182911,0.0001843,0.000227763,1237.5127,0.615534089,-0.592426714,-0.519757995
0.000182911,0.0001843,0.000252937,791.6478723,0.611028577,-0.53996489,-0.578862674
0.000182911,0.0001843,0.000278111,259.7013404,0.604257501,-0.508717719,-0.613252929
0.000182911,0.0001843,0.000303284,-342.4123979,0.602963744,-0.503313322,-0.618959145
0.000182911,0.0001843,0.000328458,-979.4674295,0.614583118,-0.524026591,-0.589647117
0.000182911,0.0001843,0.000353632,-1594.701645,0.641988252,-0.562537995,-0.520962655
0.000182911,0.0001843,0.000378805,-2118.42076,0.683587816,-0.599633396,-0.416109948
0.000182911,0.0001843,0.000403979,-2492.314859,0.736658261,-0.612519774,-0.286625423
0.000182911,0.0001843,0.000429153,-2696.642913,0.796840365,-0.58643187,-0.145406653
0.000182911,0.0001843,0.000454326,-2753.06539,0.853818455,-0.520560301,-0.003319456
0.000182911,0.0001843,0.0004795,-2701.785111,0.25099709,-0.120317104,0.960481262
0.000182911,0.0002099,1.20E-06,1491.648382,0.056618428,-0.129687419,0.989937133
0.000182911,0.0002099,2.64E-05,1577.810264,0.419872834,-0.881369407,0.216552006
0.000182911,0.0002099,5.15E-05,1652.626092,0.456919519,-0.875190411,0.158953759
0.000182911,0.0002099,7.67E-05,1705.411241,0.496650219,-0.864167585,0.080950269
0.000182911,0.0002099,0.000101895,1722.16283,0.532031283,-0.846522547,-0.018501134
0.000182911,0.0002099,0.000127068,1688.553634,0.562916551,-0.815317504,-0.13558143
0.000182911,0.0002099,0.000152242,1591.479329,0.589733417,-0.763786301,-0.262383275
0.000182911,0.0002099,0.000177416,1419.052035,0.607545381,-0.693664363,-0.38693457
0.000182911,0.0002099,0.000202589,1161.141243,0.613396396,-0.614847538,-0.495688779
0.000182911,0.0002099,0.000227763,808.8738436,0.608646855,-0.542023765,-0.57944736
0.000182911,0.0002099,0.000252937,354.7463484,0.598828805,-0.488270306,-0.634819794
0.000182911,0.0002099,0.000278111,-204.2990005,0.591973868,-0.462351666,-0.660149889
0.000182911,0.0002099,0.000303284,-859.4117457,0.596565122,-0.469508576,-0.650900724
0.000182911,0.0002099,0.000328458,-1577.209712,0.618201794,-0.509930561,-0.598161655
0.000182911,0.0002099,0.000353632,-2284.264081,0.654646033,-0.57225607,-0.493924651
0.000182911,0.0002099,0.000378805,-2866.146161,0.697006959,-0.628996875,-0.344302528
0.000182911,0.0002099,0.000403979,-3215.33533,0.739809413,-0.650384526,-0.172284651
0.000182911,0.0002099,0.000429153,-3308.645681,0.782158476,-0.623079426,0.000382949
0.000182911,0.0002099,0.000454326,-3214.481886,0.819264561,-0.551746436,0.156145602
0.000182911,0.0002099,0.0004795,-3021.759827,0.258196054,-0.138680071,0.956087148
0.000182911,0.0002355,1.20E-06,1198.434209,0.029530768,-0.115845965,0.992828105
0.000182911,0.0002355,2.64E-05,1262.191896,0.28732098,-0.937956059,0.19412647
0.000182911,0.0002355,5.15E-05,1318.373085,0.34627938,-0.926793991,0.145408011
0.000182911,0.0002355,7.67E-05,1357.366033,0.415646199,-0.906847344,0.069757666
0.000182911,0.0002355,0.000101895,1366.297597,0.485325714,-0.873587201,-0.036115822
0.000182911,0.0002355,0.000127068,1331.445411,0.549203125,-0.818546586,-0.168396596
0.000182911,0.0002355,0.000152242,1239.044322,0.599746744,-0.735732538,-0.314644999
0.000182911,0.0002355,0.000177416,1074.684927,0.626861559,-0.632573146,-0.454858001
0.000182911,0.0002355,0.000202589,823.5992916,0.629720958,-0.527719078,-0.570056217
0.000182911,0.0002355,0.000227763,470.4245126,0.617049531,-0.440885576,-0.651820362
0.000182911,0.0002355,0.000252937,-0.828969749,0.601172522,-0.384103165,-0.700754135
0.000182911,0.0002355,0.000278111,-605.0640435,0.593836956,-0.362524279,-0.718285331
0.000182911,0.0002355,0.000303284,-1349.493052,0.605620902,-0.378548451,-0.699945993
0.000182911,0.0002355,0.000328458,-2214.719287,0.644101783,-0.431622932,-0.631533481
0.000182911,0.0002355,0.000353632,-3113.340114,0.704614255,-0.509277131,-0.494120992
0.000182911,0.0002355,0.000378805,-3848.174895,0.522142796,-0.759753808,-0.387480388
0.000182911,0.0002355,0.000403979,-4191.065372,0.869973104,-0.465863562,-0.161610456
0.000182911,0.0002355,0.000429153,-4108.759078,0.61698627,-0.765218182,0.183763646
0.000182911,0.0002355,0.000454326,-3783.954848,0.804820162,-0.506163548,0.309940269
0.000182911,0.0002355,0.0004795,-3395.967682,0.271480461,-0.143177115,0.95173456
0.000182911,0.0002611,1.20E-06,938.9166516,0.00464628,-0.097818526,0.995193422
0.000182911,0.0002611,2.64E-05,988.4906534,0.105368328,-0.97546293,0.193312153
0.000182911,0.0002611,5.15E-05,1035.737118,0.190687062,-0.968100812,0.162540033
0.000182911,0.0002611,7.67E-05,1071.843393,0.302468349,-0.948490693,0.094224747
0.000182911,0.0002611,0.000101895,1084.564217,0.432207433,-0.901468769,-0.023468968
0.000182911,0.0002611,0.000127068,1059.522348,0.558212256,-0.807946828,-0.188735267
0.000182911,0.0002611,0.000152242,980.930362,0.646714693,-0.665389718,-0.372849337
0.000182911,0.0002611,0.000177416,831.5063159,0.678457602,-0.505708274,-0.532873741
0.000182911,0.0002611,0.000202589,592.2851185,0.667030506,-0.369670496,-0.646849309
0.000182911,0.0002611,0.000227763,241.7942444,0.63861781,-0.276507985,-0.718129951
0.000182911,0.0002611,0.000252937,-244.7426191,0.612844819,-0.225807976,-0.757252921
0.000182911,0.0002611,0.000278111,-896.5077389,0.602673298,-0.211719232,-0.769389279
0.000182911,0.0002611,0.000303284,-1744.696522,0.620609505,-0.230104538,-0.749597055
0.000182911,0.0002611,0.000328458,-2803.130027,0.681152581,-0.277888261,-0.677354616
0.000182911,0.0002611,0.000353632,-3996.333586,0.492339302,-0.482910513,-0.724154299
0.000182911,0.0002611,0.000378805,-5015.086734,0.996195717,-0.085930165,0.01449485
0.000182911,0.0002611,0.000403979,-3979.224803,0.999673722,0.01894608,-0.017131708
0.000182911,0.0002611,0.000429153,-5032.6216,0.924574345,-0.137161965,-0.355455871
0.000182911,0.0002611,0.000454326,-4398.255061,0.604481806,-0.524465096,0.599614967
0.000182911,0.0002611,0.0004795,-3783.994308,0.287130085,-0.126349952,0.949521987
0.000182911,0.0002867,1.20E-06,721.3979729,-0.017149539,-0.077034324,0.996880939
0.000182911,0.0002867,2.64E-05,765.3571419,-0.152488962,-0.960346608,0.233412744
0.000182911,0.0002867,5.15E-05,813.5103651,-0.043922169,-0.968894261,0.243546206
0.000182911,0.0002867,7.67E-05,857.5361651,0.13286789,-0.969919053,0.203968514
0.000182911,0.0002867,0.000101895,885.0180537,0.388932398,-0.918627287,0.069681397
0.000182911,0.0002867,0.000127068,880.2916731,0.653477285,-0.736124826,-0.176316981
0.000182911,0.0002867,0.000152242,825.234037,0.778076969,-0.459253599,-0.428581804
0.000182911,0.0002867,0.000177416,699.6063311,0.768833266,-0.237596361,-0.593669418
0.000182911,0.0002867,0.000202589,480.8750092,0.715231542,-0.109752168,-0.690216128
0.000182911,0.0002867,0.000227763,142.6783076,0.663712271,-0.047416504,-0.746483554
0.000182911,0.0002867,0.000252937,-346.011652,0.626538577,-0.024877903,-0.778993262
0.000182911,0.0002867,0.000278111,-1024.808799,0.611225022,-0.026657077,-0.791007821
0.000182911,0.0002867,0.000303284,-1944.682418,0.629974568,-0.044315724,-0.775350346
0.000182911,0.0002867,0.000328458,-3154.108741,0.703553694,-0.072522924,-0.706931839
0.000182911,0.0002867,0.000353632,-4613.3888,0.829149289,-0.315000875,-0.461828871
0.000182911,0.0002867,0.000378805,-3951.318956,0.660050925,0.69002829,0.2969743
0.000182911,0.0002867,0.000403979,-4171.345036,0.89779869,-0.243590035,-0.3669079
0.000182911,0.0002867,0.000429153,-4273.191168,0.664293656,0.51175031,-0.544816996
0.000182911,0.0002867,0.000454326,-4894.586725,0.833798609,-0.539937518,0.115097161
0.000182911,0.0002867,0.0004795,-4118.19584,0.29662752,-0.098760521,0.949872872
0.000182911,0.0003123,1.20E-06,555.1474927,-0.035196941,-0.053578856,0.997943125
0.000182911,0.0003123,2.64E-05,603.0880094,-0.49996959,-0.794594524,0.344456023
0.000182911,0.0003123,5.15E-05,662.8131456,-0.411951023,-0.789436408,0.455067591
0.000182911,0.0003123,7.67E-05,726.0487318,-0.196932506,-0.797052266,0.570898654
0.000182911,0.0003123,0.000101895,779.492313,0.389941578,-0.719899467,0.574186662
0.000182911,0.0003123,0.000127068,805.696644,0.98552955,-0.167374702,0.02678089
0.000182911,0.0003123,0.000152242,784.0352444,0.922374351,0.145128107,-0.357999146
0.000182911,0.0003123,0.000177416,691.3541656,0.817215874,0.223744134,-0.531127835
0.000182911,0.0003123,0.000202589,502.227541,0.737639245,0.231699887,-0.634195165
0.000182911,0.0003123,0.000227763,188.3810611,0.678067043,0.214913657,-0.702877803
0.000182911,0.0003123,0.000252937,-282.6588666,0.636508369,0.190150887,-0.747462197
0.000182911,0.0003123,0.000278111,-951.2955516,0.616703597,0.165897267,-0.769515932
0.000182911,0.0003123,0.000303284,-1868.459255,0.62987973,0.147935042,-0.762474097
0.000182911,0.0003123,0.000328458,-3081.544457,0.696819894,0.140310601,-0.703388208
0.000182911,0.0003123,0.000353632,-4549.297412,0.787810804,0.391341911,-0.475610814
0.000182911,0.0003123,0.000378805,-3970.591453,0.672377618,-0.702297989,0.233850111
0.000182911,0.0003123,0.000403979,-4196.53451,0.891717189,-0.015887409,-0.4523141
0.000182911,0.0003123,0.000429153,-4341.771056,0.625703584,-0.096945642,-0.774013287
0.000182911,0.0003123,0.000454326,-5137.674197,0.905679818,0.422608252,-0.033857529
0.000182911,0.0003123,0.0004795,-4377.789924,0.224265419,-0.098727659,0.969514245
0.000182911,0.0003379,1.20E-06,449.4494357,-0.047053286,-0.027004589,0.998527286
0.000182911,0.0003379,2.64E-05,512.7869183,-0.791731788,-0.335876163,0.510243059
0.000182911,0.0003379,5.15E-05,596.5897454,-0.700828157,-0.13126501,0.701148623
0.000182911,0.0003379,7.67E-05,691.8774501,-0.448473599,0.212942145,0.868059373
0.000182911,0.0003379,0.000101895,783.4665557,0.077165346,0.644297945,0.76087165
0.000182911,0.0003379,0.000127068,851.4185234,0.531048242,0.789313741,0.308174599
0.000182911,0.0003379,0.000152242,872.3719476,0.692477484,0.718024876,-0.070108577
0.000182911,0.0003379,0.000177416,820.3317283,0.721946165,0.616643505,-0.313918019
0.000182911,0.0003379,0.000202589,667.7455502,0.705628201,0.523043692,-0.478031524
0.000182911,0.0003379,0.000227763,386.731324,0.673953542,0.442615757,-0.591504788
0.000182911,0.0003379,0.000252937,-51.17332058,0.641710456,0.378867874,-0.666833431
0.000182911,0.0003379,0.000278111,-677.1419186,0.620322369,0.335470116,-0.708985162
0.000182911,0.0003379,0.000303284,-1524.372633,0.622617258,0.315828126,-0.715961134
0.000182911,0.0003379,0.000328458,-2610.283724,0.664514429,0.322222447,-0.674235321
0.000182911,0.0003379,0.000353632,-3869.47512,0.500123956,0.45886663,-0.734382356
0.000182911,0.0003379,0.000378805,-5028.676696,0.967114348,-0.084206418,-0.239998162
0.000182911,0.0003379,0.000403979,-4184.603409,0.662027058,-0.584080836,0.469648541
0.000182911,0.0003379,0.000429153,-4393.065761,0.940257817,-0.08979692,-0.328407903
0.000182911,0.0003379,0.000454326,-4437.386988,0.73527427,0.599415089,-0.31634364
0.000182911,0.0003379,0.0004795,-4707.725165,0.203624853,-0.032017977,0.978525303
0.000182911,0.0003635,1.20E-06,411.5708051,-0.057135193,-0.001110643,0.998365833
0.000182911,0.0003635,2.64E-05,504.590119,-0.763219711,0.200443686,0.61426216
0.000182911,0.0003635,5.15E-05,628.717046,-0.55601165,0.451472298,0.697870912
0.000182911,0.0003635,7.67E-05,772.6674997,-0.271748741,0.687627049,0.673291663
0.000182911,0.0003635,0.000101895,916.877857,0.042077449,0.84366456,0.535219206
0.000182911,0.0003635,0.000127068,1037.262279,0.322038993,0.890380156,0.321736018
0.000182911,0.0003635,0.000152242,1107.805892,0.519246452,0.850347876,0.08539094
0.000182911,0.0003635,0.000177416,1100.118278,0.62625925,0.768117168,-0.133399277
0.000182911,0.0003635,0.000202589,984.6908547,0.667066768,0.673732051,-0.317973349
0.000182911,0.0003635,0.000227763,735.4495174,0.668020706,0.582389988,-0.463217268
0.000182911,0.0003635,0.000252937,332.027368,0.649547155,0.505994647,-0.567501463
0.000182911,0.0003635,0.000278111,-242.4177355,0.627944551,0.453783899,-0.632270365
0.000182911,0.0003635,0.000303284,-1001.261282,0.616837465,0.430034893,-0.659227983
0.000182911,0.0003635,0.000328458,-1941.821478,0.627389796,0.433197688,-0.647087171
0.000182911,0.0003635,0.000353632,-3012.61437,0.665129876,0.449671162,-0.596152744
0.000182911,0.0003635,0.000378805,-4083.030682,0.505297391,0.549204471,-0.665619258
0.000182911,0.0003635,0.000403979,-5000.402109,0.84169934,-0.463639389,-0.276732251
0.000182911,0.0003635,0.000429153,-4412.060463,0.691322542,-0.084414356,0.717598327
0.000182911,0.0003635,0.000454326,-4531.353401,0.463320007,-0.693797165,-0.551343872
0.000182911,0.0003635,0.0004795,-4540.398265,0.067903395,0.015545695,0.99757078
0.000182911,0.0003891,1.20E-06,443.7420398,-0.057685062,0.024059641,0.998044872
0.000182911,0.0003891,2.64E-05,584.8452359,-0.563920752,0.490455076,0.664414933
0.000182911,0.0003891,5.15E-05,772.9535128,-0.351924746,0.661931422,0.661812485
0.000182911,0.0003891,7.67E-05,991.1575346,-0.137226465,0.802690056,0.580394324
0.000182911,0.0003891,0.000101895,1207.609819,0.075769146,0.88751789,0.454500859
0.000182911,0.0003891,0.000127068,1388.745539,0.292865422,0.905719614,0.306434047
0.000182911,0.0003891,0.000152242,1508.910567,0.484635911,0.86397851,0.136635161
0.000182911,0.0003891,0.000177416,1541.237132,0.609967565,0.791264847,-0.042889531
0.000182911,0.0003891,0.000202589,1453.502506,0.669826196,0.710540896,-0.215556263
0.000182911,0.0003891,0.000227763,1221.203118,0.68442122,0.629798217,-0.367317029
0.000182911,0.0003891,0.000252937,835.4762857,0.672159784,0.558570622,-0.486004203
0.000182911,0.0003891,0.000278111,295.9718638,0.648240876,0.507606384,-0.567555746
0.000182911,0.0003891,0.000303284,-397.0251036,0.624043299,0.480649836,-0.616072801
0.000182911,0.0003891,0.000328458,-1240.964069,0.606318893,0.470943527,-0.640772654
0.000182911,0.0003891,0.000353632,-2227.034128,0.595247547,0.455599485,-0.661898381
0.000182911,0.0003891,0.000378805,-3360.771435,0.578441148,0.37651284,-0.723632448
0.000182911,0.0003891,0.000403979,-4745.198052,0.610262466,0.269074763,-0.745103009
0.000182911,0.0003891,0.000429153,-4449.176504,-0.8648046,0.264438876,0.426831448
0.000182911,0.0003891,0.000454326,-4601.618976,0.963478396,-0.087074542,-0.253233894
0.000182911,0.0003891,0.0004795,-4629.392379,0.122166266,-0.009843147,0.992460839
0.000182911,0.0004147,1.20E-06,539.3979479,-0.053702936,0.043182364,0.997622814
0.000182911,0.0004147,2.64E-05,751.7215569,-0.382438664,0.570686554,0.726675667
0.000182911,0.0004147,5.15E-05,1041.984491,-0.216491726,0.70327221,0.677155471
0.000182911,0.0004147,7.67E-05,1383.980873,-0.069190571,0.836281666,0.543916943
0.000182911,0.0004147,0.000101895,1706.408274,0.082364436,0.918186486,0.387491519
0.000182911,0.0004147,0.000127068,1942.890926,0.289649133,0.92145811,0.258878991
0.000182911,0.0004147,0.000152242,2088.378039,0.519983728,0.844529435,0.128011548
0.000182911,0.0004147,0.000177416,2139.647511,0.666214718,0.745543145,-0.017982419
0.000182911,0.0004147,0.000202589,2057.488365,0.726421495,0.665265735,-0.172433505
0.000182911,0.0004147,0.000227763,1813.056631,0.735297855,0.597399549,-0.320079434
0.000182911,0.0004147,0.000252937,1413.415366,0.716587647,0.539848936,-0.441661941
0.000182911,0.0004147,0.000278111,878.5655914,0.685250258,0.499338395,-0.530182281
0.000182911,0.0004147,0.000303284,218.1373766,0.648317135,0.477368776,-0.59313063
0.000182911,0.0004147,0.000328458,-574.0571298,0.606236358,0.464421598,-0.645592795
0.000182911,0.0004147,0.000353632,-1528.793456,0.550363447,0.436193673,-0.711923561
0.000182911,0.0004147,0.000378805,-2750.617434,0.451990777,0.344091998,-0.82298544
0.000182911,0.0004147,0.000403979,-4600.696364,0.676889848,0.354161802,-0.645282536
0.000182911,0.0004147,0.000429153,-4321.601161,0.873349009,0.487057397,0.006049763
0.000182911,0.0004147,0.000454326,-4594.370092,0.849358756,0.381105462,-0.365168907
0.000182911,0.0004147,0.0004795,-4591.285171,0.09747031,0.052012828,0.993878365
0.000182911,0.0004403,1.20E-06,678.9320913,-0.047755033,0.052831734,0.997460909
0.000182911,0.0004403,2.64E-05,986.2301672,-0.257625646,0.510998674,0.820066693
0.000182911,0.0004403,5.15E-05,1440.718259,-0.151697719,0.628843747,0.762589892
0.000182911,0.0004403,7.67E-05,2030.020689,-0.078377767,0.828975293,0.553766097
0.000182911,0.0004403,0.000101895,2554.411972,0.009539153,0.961219559,0.275619238
0.000182911,0.0004403,0.000127068,2771.359579,0.238777446,0.962430757,0.12927633
0.000182911,0.0004403,0.000152242,2828.953645,0.604568645,0.795623549,0.038469752
0.000182911,0.0004403,0.000177416,2843.597539,0.782125848,0.621574068,-0.043872951
0.000182911,0.0004403,0.000202589,2734.861252,0.827152507,0.535595573,-0.170164958
0.000182911,0.0004403,0.000227763,2443.665203,0.815026175,0.488243023,-0.312011353
0.000182911,0.0004403,0.000252937,1997.060228,0.77844598,0.455229007,-0.432190244
0.000182911,0.0004403,0.000278111,1440.777766,0.734835685,0.43661158,-0.519024897
0.000182911,0.0004403,0.000303284,791.8867997,0.686185604,0.43277311,-0.584685174
0.000182911,0.0004403,0.000328458,37.01172821,0.626171643,0.436387964,-0.646122758
0.000182911,0.0004403,0.000353632,-870.8773911,0.54248275,0.432554901,-0.720144932
0.000182911,0.0004403,0.000378805,-2054.651399,0.415423082,0.399731794,-0.817091278
0.000182911,0.0004403,0.000403979,-3868.36547,0.473749747,0.63727444,-0.60781779
0.000182911,0.0004403,0.000429153,-3931.232402,-0.909030987,-0.112035347,-0.401386032
0.000182911,0.0004403,0.000454326,-4315.399117,0.547594698,0.766135355,-0.336417395
0.000182911,0.0004403,0.0004795,-4356.176045,0.113085317,0.180088179,0.977128425
0.000182911,0.0004659,1.20E-06,827.1570521,-0.043609296,0.052565755,0.997664809
0.000182911,0.0004659,2.64E-05,1234.443307,-0.179815153,0.345491728,0.921033103
0.000182911,0.0004659,5.15E-05,1917.287127,-0.132482527,0.383581275,0.913955024
0.000182911,0.0004659,7.67E-05,3079.388673,-0.186920396,0.621320755,0.760934481
0.000182911,0.0004659,0.000101895,4335.604747,-0.557719713,0.660149406,0.503141613
0.000182911,0.0004659,0.000127068,4021.400074,0.067871286,0.952771956,-0.296005216
0.000182911,0.0004659,0.000152242,3607.689786,0.73474586,0.621448528,-0.27193795
0.000182911,0.0004659,0.000177416,3495.285554,0.914125882,0.390686867,-0.108340408
0.000182911,0.0004659,0.000202589,3337.596191,0.928359843,0.323867595,-0.182367164
0.000182911,0.0004659,0.000227763,2987.137708,0.894936582,0.311402503,-0.319557499
0.000182911,0.0004659,0.000252937,2487.652956,0.840982791,0.314879699,-0.439998546
0.000182911,0.0004659,0.000278111,1909.544529,0.786737336,0.329303563,-0.522114477
0.000182911,0.0004659,0.000303284,1274.775081,0.730873479,0.355345227,-0.582712388
0.000182911,0.0004659,0.000328458,567.9835524,0.662679783,0.390836963,-0.638828595
0.000182911,0.0004659,0.000353632,-251.1600627,0.571368502,0.432861492,-0.697258176
0.000182911,0.0004659,0.000378805,-1259.373233,0.450344349,0.483725522,-0.750466246
0.000182911,0.0004659,0.000403979,-2599.850684,0.313181932,0.571724598,-0.758319235
0.000182911,0.0004659,0.000429153,-4448.490813,0.559315873,0.691773151,-0.456744635
0.000182911,0.0004659,0.000454326,-3610.242103,-0.486541433,0.731713443,0.477360316
0.000182911,0.0004659,0.0004795,-3655.224311,-0.161091521,0.254328891,0.953607014
0.000182911,0.0004915,1.20E-06,940.9257495,-0.03099491,0.517360046,0.855206348
0.000182911,0.0004915,2.64E-05,1402.0775,-0.056079046,0.906826804,0.417756254
0.000182911,0.0004915,5.15E-05,2228.143387,-0.078932986,0.712263188,0.697460203
0.000182911,0.0004915,7.67E-05,4038.073463,-0.39872929,0.765557467,0.504912585
0.000182911,0.0004915,0.000101895,3811.313757,0.120579205,0.912702886,0.390428094
0.000182911,0.0004915,0.000127068,5154.027034,-0.292105327,0.948984574,0.118755024
0.000182911,0.0004915,0.000152242,4051.622411,0.500347201,0.745247817,-0.440747512
0.000182911,0.0004915,0.000177416,3834.07778,0.763062785,0.635025198,-0.12032533
0.000182911,0.0004915,0.000202589,3652.568424,0.787650075,0.597224019,-0.151429292
0.000182911,0.0004915,0.000227763,3285.944629,0.876569424,0.376175336,-0.30019687
0.000182911,0.0004915,0.000252937,2781.286594,0.865645271,0.24932355,-0.434161297
0.000182911,0.0004915,0.000278111,2218.708543,0.829676213,0.193449308,-0.523655179
0.000182911,0.0004915,0.000303284,1623.841804,0.785263442,0.194536805,-0.587806735
0.000182911,0.0004915,0.000328458,986.3927452,0.724424252,0.251369623,-0.641890034
0.000182911,0.0004915,0.000353632,282.7667712,0.635301906,0.365531129,-0.680278239
0.000182911,0.0004915,0.000378805,-515.126074,0.513863357,0.527204941,-0.676756529
0.000182911,0.0004915,0.000403979,-1423.254789,0.377515343,0.712204831,-0.591816226
0.000182911,0.0004915,0.000429153,-2375.004916,0.255618965,0.88302679,-0.393602124
0.000182911,0.0004915,0.000454326,-3078.862383,0.330911845,0.904695589,-0.268371464
0.000182911,0.0004915,0.0004795,-3152.670923,0.173196203,0.516175481,0.838788381
0.000208426,5.10E-06,1.20E-06,4278.248499,0.212622604,0.507157271,0.835214422
0.000208426,5.10E-06,2.64E-05,4809.073514,0.39160318,0.871651707,0.294737597
0.000208426,5.10E-06,5.15E-05,5461.622733,0.381003937,0.835944074,0.395010767
0.000208426,5.10E-06,7.67E-05,6468.6352,0.144213844,0.977049148,0.156771585
0.000208426,5.10E-06,0.000101895,6038.728111,-0.368614183,0.905425157,-0.21054422
0.000208426,5.10E-06,0.000127068,5988.317277,-0.014488627,0.986805727,-0.161259225
0.000208426,5.10E-06,0.000152242,5788.228222,0.057100706,0.995253856,0.07879893
0.000208426,5.10E-06,0.000177416,6067.186126,0.571853921,0.519277842,0.635085519
0.000208426,5.10E-06,0.000202589,6538.969041,0.522147592,0.60634808,-0.599753198
0.000208426,5.10E-06,0.000227763,4771.359451,0.340792498,0.038017514,-0.939369545
0.000208426,5.10E-06,0.000252937,3684.887517,0.471813557,-0.077387277,-0.878295609
0.000208426,5.10E-06,0.000278111,2871.457455,0.546501065,-0.13679886,-0.826209815
0.000208426,5.10E-06,0.000303284,2178.389113,0.571998306,-0.176417151,-0.801058629
0.000208426,5.10E-06,0.000328458,1555.516552,0.58121208,-0.183434048,-0.792807964
0.000208426,5.10E-06,0.000353632,994.9826462,0.602881983,-0.11216312,-0.789906798
0.000208426,5.10E-06,0.000378805,500.6007781,0.63568635,0.104738313,-0.764808963
0.000208426,5.10E-06,0.000403979,76.43988302,0.610281538,0.467366956,-0.639628464
0.000208426,5.10E-06,0.000429153,-275.1665769,0.496405489,0.753852175,-0.430451494
0.000208426,5.10E-06,0.000454326,-553.4751426,0.413169008,0.86616059,-0.281171126
0.000208426,5.10E-06,0.0004795,-759.7102814,0.135250379,0.284873875,0.948975348
0.000208426,3.07E-05,1.20E-06,4239.476466,0.240661436,-0.041274525,0.969731142
0.000208426,3.07E-05,2.64E-05,4780.271072,0.784349471,-0.138044337,0.604764142
0.000208426,3.07E-05,5.15E-05,5456.211192,0.673742653,-0.139394514,0.725699667
0.000208426,3.07E-05,7.67E-05,6521.82193,0.569277721,-0.570407529,0.592079494
0.000208426,3.07E-05,0.000101895,5972.026159,0.640780293,-0.293559737,-0.709382335
0.000208426,3.07E-05,0.000127068,5905.257127,0.753090965,-0.286148107,-0.592429962
0.000208426,3.07E-05,0.000152242,5831.340981,0.727347435,0.576511124,0.37229106
0.000208426,3.07E-05,0.000177416,6015.190391,0.599511582,-0.157204832,0.784775448
0.000208426,3.07E-05,0.000202589,6771.44058,0.737016342,-0.281889808,-0.614284175
0.000208426,3.07E-05,0.000227763,4936.125062,0.39433233,-0.016532242,-0.918819187
0.000208426,3.07E-05,0.000252937,3839.734999,0.55888029,0.048639409,-0.82782065
0.000208426,3.07E-05,0.000278111,3004.094889,0.63253308,0.070872182,-0.771284018
0.000208426,3.07E-05,0.000303284,2262.299841,0.640098569,0.043614846,-0.767053823
0.000208426,3.07E-05,0.000328458,1576.368209,0.628287613,-0.015486631,-0.777826998
0.000208426,3.07E-05,0.000353632,954.9745997,0.627666847,-0.08783395,-0.773511168
0.000208426,3.07E-05,0.000378805,410.4555121,0.64892698,-0.161510432,-0.743510696
0.000208426,3.07E-05,0.000403979,-51.31767635,0.690011136,-0.230041893,-0.686269159
0.000208426,3.07E-05,0.000429153,-428.6928424,0.743106632,-0.289731791,-0.603198163
0.000208426,3.07E-05,0.000454326,-721.9747546,0.798532866,-0.338603609,-0.497687511
0.000208426,3.07E-05,0.0004795,-933.4829407,0.155502928,-0.069119565,0.985414291
0.000208426,5.63E-05,1.20E-06,4030.936343,0.222724799,-0.092151808,0.970516207
0.000208426,5.63E-05,2.64E-05,4526.636475,0.749302002,-0.34170555,0.567259929
0.000208426,5.63E-05,5.15E-05,5121.435425,0.664101162,-0.385322973,0.640699503
0.000208426,5.63E-05,7.67E-05,5963.285102,0.696490222,-0.646124972,0.312128006
0.000208426,5.63E-05,0.000101895,5779.257583,-0.254175261,-0.928255904,-0.271543574
0.000208426,5.63E-05,0.000127068,5919.214517,0.79405086,0.577334791,0.190178263
0.000208426,5.63E-05,0.000152242,5961.348281,0.710804975,0.702160927,-0.041549018
0.000208426,5.63E-05,0.000177416,5875.677854,-0.958335914,-0.208748918,0.194977347
0.000208426,5.63E-05,0.000202589,6035.409336,0.552834756,-0.689842151,-0.467430786
0.000208426,5.63E-05,0.000227763,4717.716181,0.534872483,-0.248759736,-0.807483759
0.000208426,5.63E-05,0.000252937,3800.328261,0.689745426,-0.121118548,-0.713849805
0.000208426,5.63E-05,0.000278111,3018.860404,0.731478897,-0.063496851,-0.678901152
0.000208426,5.63E-05,0.000303284,2260.944756,0.703157228,-0.067018907,-0.707868899
0.000208426,5.63E-05,0.000328458,1529.046745,0.662532305,-0.10516174,-0.741614423
0.000208426,5.63E-05,0.000353632,860.348555,0.646105812,-0.157305755,-0.746861553
0.000208426,5.63E-05,0.000378805,278.3052719,0.662213618,-0.211371752,-0.718884626
0.000208426,5.63E-05,0.000403979,-209.611718,0.704236914,-0.260856773,-0.660306075
0.000208426,5.63E-05,0.000429153,-602.7559756,0.760856383,-0.302157702,-0.57428067
0.000208426,5.63E-05,0.000454326,-902.7271031,0.819837103,-0.333390991,-0.465529345
0.000208426,5.63E-05,0.0004795,-1113.613123,0.172955873,-0.070568276,0.982398282
0.000208426,8.19E-05,1.20E-06,3694.857731,0.197833686,-0.131440846,0.971383105
0.000208426,8.19E-05,2.64E-05,4112.252686,0.698514216,-0.508621865,0.503370329
0.000208426,8.19E-05,5.15E-05,4577.56453,0.641469289,-0.570331654,0.513068179
0.000208426,8.19E-05,7.67E-05,5137.026976,0.53199499,-0.671864167,0.515344421
0.000208426,8.19E-05,0.000101895,5818.822129,0.590951726,-0.514924749,0.620989984
0.000208426,8.19E-05,0.000127068,6467.401409,0.70796113,-0.564452608,0.424481204
0.000208426,8.19E-05,0.000152242,6579.5522,0.730553692,-0.610604236,-0.305702093
0.000208426,8.19E-05,0.000177416,5934.555472,0.539733807,-0.534607037,-0.650294344
0.000208426,8.19E-05,0.000202589,5033.560579,0.478689195,-0.651723579,-0.588313719
0.000208426,8.19E-05,0.000227763,4235.90789,0.659087559,-0.442288794,-0.608263276
0.000208426,8.19E-05,0.000252937,3546.609563,0.771712744,-0.28742124,-0.567316905
0.000208426,8.19E-05,0.000278111,2857.679861,0.784353825,-0.212701194,-0.582706856
0.000208426,8.19E-05,0.000303284,2118.86005,0.735320985,-0.197379141,-0.648339821
0.000208426,8.19E-05,0.000328458,1374.39874,0.680130377,-0.212349232,-0.701662649
0.000208426,8.19E-05,0.000353632,687.0792064,0.65771552,-0.240952715,-0.713689067
0.000208426,8.19E-05,0.000378805,90.5302089,0.673618005,-0.273371414,-0.686663566
0.000208426,8.19E-05,0.000403979,-405.2792437,0.718015517,-0.302531589,-0.626839975
0.000208426,8.19E-05,0.000429153,-799.5513066,0.778225367,-0.323792288,-0.538074189
0.000208426,8.19E-05,0.000454326,-1094.023169,0.839997825,-0.335647466,-0.426314946
0.000208426,8.19E-05,0.0004795,-1293.882808,0.191604444,-0.072770397,0.978770763
0.000208426,0.0001075,1.20E-06,3287.027173,0.170339049,-0.158032558,0.972630618
0.000208426,0.0001075,2.64E-05,3619.61604,0.639841873,-0.63374819,0.434701748
0.000208426,0.0001075,5.15E-05,3962.994739,0.605977873,-0.687304365,0.400504091
0.000208426,0.0001075,7.67E-05,4317.629298,0.541949127,-0.76464772,0.348719096
0.000208426,0.0001075,0.000101895,4657.429661,0.459453962,-0.854291469,0.243080527
0.000208426,0.0001075,0.000127068,4890.504926,0.389725418,-0.917501488,0.079404776
0.000208426,0.0001075,0.000152242,4879.026883,0.376375995,-0.920585229,-0.104230259
0.000208426,0.0001075,0.000177416,4583.19433,0.440425713,-0.851553714,-0.284396666
0.000208426,0.0001075,0.000202589,4121.810368,0.56153764,-0.717336563,-0.412436339
0.000208426,0.0001075,0.000227763,3618.193515,0.689086287,-0.561294052,-0.458376566
0.000208426,0.0001075,0.000252937,3090.24807,0.763278676,-0.433975199,-0.478613821
0.000208426,0.0001075,0.000278111,2488.873662,0.766006457,-0.361309587,-0.531685519
0.000208426,0.0001075,0.000303284,1801.730659,0.721430658,-0.331106718,-0.608199102
0.000208426,0.0001075,0.000328458,1088.398476,0.675608021,-0.323935613,-0.662283566
0.000208426,0.0001075,0.000353632,419.5536965,0.661836215,-0.330743551,-0.672741799
0.000208426,0.0001075,0.000378805,-163.9443312,0.684104014,-0.34414011,-0.643093526
0.000208426,0.0001075,0.000403979,-646.4664173,0.732724305,-0.355526521,-0.580272338
0.000208426,0.0001075,0.000429153,-1024.234362,0.795406728,-0.35828073,-0.488838476
0.000208426,0.0001075,0.000454326,-1298.516619,0.857925119,-0.351100637,-0.375090433
0.000208426,0.0001075,0.0004795,-1475.690156,0.209941919,-0.077492726,0.974638019
0.000208426,0.0001331,1.20E-06,2852.954637,0.142241142,-0.173846404,0.974445938
0.000208426,0.0001331,2.64E-05,3110.075782,0.576353904,-0.726982007,0.373247021
0.000208426,0.0001331,5.15E-05,3359.419487,0.562725625,-0.762752577,0.318666561
0.000208426,0.0001331,7.67E-05,3588.529842,0.533507627,-0.808571854,0.248155534
0.000208426,0.0001331,0.000101895,3771.39039,0.496519852,-0.855037819,0.149593998
0.000208426,0.0001331,0.000127068,3863.541298,0.468985881,-0.882880631,0.023959031
0.000208426,0.0001331,0.000152242,3819.349942,0.471925992,-0.87434245,-0.113186295
0.000208426,0.0001331,0.000177416,3628.86604,0.515444684,-0.822122554,-0.241725637
0.000208426,0.0001331,0.000202589,3326.743777,0.588496596,-0.733713286,-0.339612383
0.000208426,0.0001331,0.000227763,2951.341131,0.661571901,-0.632572412,-0.40270928
0.000208426,0.0001331,0.000252937,2505.276101,0.70385296,-0.544588219,-0.456086266
0.000208426,0.0001331,0.000278111,1967.232749,0.704909305,-0.481817632,-0.520533036
0.000208426,0.0001331,0.000303284,1343.522493,0.679837756,-0.441477989,-0.585591846
0.000208426,0.0001331,0.000328458,686.9005588,0.658740833,-0.419455282,-0.624594093
0.000208426,0.0001331,0.000353632,60.95660096,0.663104336,-0.413245059,-0.624116304
0.000208426,0.0001331,0.000378805,-489.592332,0.695733055,-0.415649668,-0.585824948
0.000208426,0.0001331,0.000403979,-941.2958074,0.748992444,-0.415916159,-0.51577521
0.000208426,0.0001331,0.000429153,-1285.546852,0.811934564,-0.405457817,-0.419959786
0.000208426,0.0001331,0.000454326,-1523.761455,0.872590918,-0.381808365,-0.304643172
0.000208426,0.0001331,0.0004795,-1664.650275,0.227604811,-0.086024848,0.969946275
0.000208426,0.0001587,1.20E-06,2420.764487,0.113551595,-0.181488881,0.976815142
0.000208426,0.0001587,2.64E-05,2616.456964,0.504251853,-0.801481986,0.32149136
0.000208426,0.0001587,5.15E-05,2798.384459,0.508787227,-0.820202065,0.261541831
0.000208426,0.0001587,7.67E-05,2952.56099,0.506537057,-0.841665647,0.187134037
0.000208426,0.0001587,0.000101895,3058.920511,0.501119852,-0.860243402,0.094128548
0.000208426,0.0001587,0.000127068,3093.285773,0.50065047,-0.865522991,-0.014800646
0.000208426,0.0001587,0.000152242,3035.50536,0.51449561,-0.847504436,-0.130500949
0.000208426,0.0001587,0.000177416,2879.440375,0.54604253,-0.802504748,-0.24046556
0.000208426,0.0001587,0.000202589,2633.267595,0.588375675,-0.736638333,-0.333433698
0.000208426,0.0001587,0.000227763,2305.986746,0.626748542,-0.664025207,-0.407745985
0.000208426,0.0001587,0.000252937,1895.277074,0.64816552,-0.597647175,-0.47191028
0.000208426,0.0001587,0.000278111,1395.316203,0.650674152,-0.543064094,-0.530758455
0.000208426,0.0001587,0.000303284,820.1412023,0.645049934,-0.502579618,-0.575607775
0.000208426,0.0001587,0.000328458,212.4860928,0.647915853,-0.479541638,-0.591814891
0.000208426,0.0001587,0.000353632,-372.6276899,0.670036415,-0.473739002,-0.57150902
0.000208426,0.0001587,0.000378805,-887.0967932,0.711764944,-0.476503794,-0.51607635
0.000208426,0.0001587,0.000403979,-1299.186187,0.76691387,-0.474532808,-0.432043667
0.000208426,0.0001587,0.000429153,-1596.10984,0.826903319,-0.457295153,-0.327279764
0.000208426,0.0001587,0.000454326,-1781.692093,0.882287978,-0.421579941,-0.209375925
0.000208426,0.0001587,0.0004795,-1870.436211,0.245986892,-0.098936256,0.964210592
0.000208426,0.0001843,1.20E-06,2005.187543,0.083411823,-0.182628695,0.979637294
0.000208426,0.0001843,2.64E-05,2152.721682,0.415111433,-0.866015445,0.278746743
0.000208426,0.0001843,5.15E-05,2287.538423,0.436873394,-0.871499524,0.222778404
0.000208426,0.0001843,7.67E-05,2396.882283,0.458760524,-0.875711242,0.150560959
0.000208426,0.0001843,0.000101895,2463.522842,0.478071777,-0.876264248,0.060069492
0.000208426,0.0001843,0.000127068,2471.064069,0.498128493,-0.866003168,-0.043663695
0.000208426,0.0001843,0.000152242,2407.068001,0.524106507,-0.837543717,-0.154379053
0.000208426,0.0001843,0.000177416,2263.746275,0.554910587,-0.788965039,-0.263834052
0.000208426,0.0001843,0.000202589,2038.386493,0.585358478,-0.725246424,-0.362454241
0.000208426,0.0001843,0.000227763,1729.150806,0.608752567,-0.656923358,-0.444828072
0.000208426,0.0001843,0.000252937,1332.433029,0.621865797,-0.593965037,-0.510380706
0.000208426,0.0001843,0.000278111,848.5403028,0.628158216,-0.542634134,-0.557642764
0.000208426,0.0001843,0.000303284,293.2698643,0.6365973,-0.508107558,-0.580147039
0.000208426,0.0001843,0.000328458,-295.9555101,0.656512047,-0.49432471,-0.569767509
0.000208426,0.0001843,0.000353632,-865.9526333,0.691359431,-0.499248769,-0.52227656
0.000208426,0.0001843,0.000378805,-1359.590692,0.738173621,-0.510935196,-0.440505313
0.000208426,0.0001843,0.000403979,-1733.224381,0.790591845,-0.513197598,-0.334055026
0.000208426,0.0001843,0.000429153,-1971.150727,0.842256227,-0.494525453,-0.214590364
0.000208426,0.0001843,0.000454326,-2085.473763,0.887113965,-0.45230632,-0.091911947
0.000208426,0.0001843,0.0004795,-2103.16077,0.267714585,-0.114259728,0.956699334
0.000208426,0.0002099,1.20E-06,1613.926168,0.051096583,-0.177750918,0.982748061
0.000208426,0.0002099,2.64E-05,1724.38854,0.297329723,-0.9228886,0.244686879
0.000208426,0.0002099,5.15E-05,1827.063331,0.336589697,-0.919926283,0.201104476
0.000208426,0.0002099,7.67E-05,1911.644344,0.390776288,-0.910718445,0.133737826
0.000208426,0.0002099,0.000101895,1958.467245,0.432311592,-0.900739578,0.042129568
0.000208426,0.0002099,0.000127068,1954.627595,0.472131786,-0.879246135,-0.063386205
0.000208426,0.0002099,0.000152242,1891.708562,0.518356958,-0.836091268,-0.17960361
0.000208426,0.0002099,0.000177416,1758.270419,0.560908977,-0.771476019,-0.300342925
0.000208426,0.0002099,0.000202589,1545.463051,0.5936995,-0.691721559,-0.411147406
0.000208426,0.0002099,0.000227763,1245.777037,0.614357391,-0.60969957,-0.500830741
0.000208426,0.0002099,0.000252937,853.0948045,0.626072463,-0.538232403,-0.564215519
0.000208426,0.0002099,0.000278111,366.9969501,0.636600255,-0.486151102,-0.598662861
0.000208426,0.0002099,0.000303284,-199.2126488,0.655150918,-0.459053907,-0.600038987
0.000208426,0.0002099,0.000328458,-810.2760082,0.687851909,-0.45815593,-0.562985697
0.000208426,0.0002099,0.000353632,-1406.584379,0.733119521,-0.476899306,-0.484874026
0.000208426,0.0002099,0.000378805,-1910.067162,0.783063616,-0.499348298,-0.37075956
0.000208426,0.0002099,0.000403979,-2254.616216,0.828661307,-0.507603886,-0.235921032
0.000208426,0.0002099,0.000429153,-2421.618926,0.865594731,-0.491231941,-0.097143922
0.000208426,0.0002099,0.000454326,-2442.325981,0.892607808,-0.449631363,0.032908017
0.000208426,0.0002099,0.0004795,-2367.262334,0.295107346,-0.126481657,0.94705546
0.000208426,0.0002355,1.20E-06,1252.5924,0.016587785,-0.16673056,0.985862955
0.000208426,0.0002355,2.64E-05,1335.215647,0.136000749,-0.966068854,0.219578609
0.000208426,0.0002355,5.15E-05,1416.454972,0.191707624,-0.962141869,0.193729739
0.000208426,0.0002355,7.67E-05,1486.903307,0.267775808,-0.953373632,0.139193513
0.000208426,0.0002355,0.000101895,1528.968229,0.345664863,-0.936924878,0.051841827
0.000208426,0.0002355,0.000127068,1529.355192,0.427795859,-0.901729608,-0.062244815
0.000208426,0.0002355,0.000152242,1477.505512,0.512521219,-0.835224946,-0.199302007
0.000208426,0.0002355,0.000177416,1359.30086,0.58192269,-0.736313647,-0.3452654
0.000208426,0.0002355,0.000202589,1161.556889,0.625372791,-0.619753588,-0.47414593
0.000208426,0.0002355,0.000227763,872.0039473,0.645394816,-0.510027464,-0.568627749
0.000208426,0.0002355,0.000252937,479.9255347,0.654177069,-0.425414542,-0.62535976
0.000208426,0.0002355,0.000278111,-20.46972767,0.665597731,-0.373234948,-0.646278063
0.000208426,0.0002355,0.000303284,-622.643873,0.690874229,-0.354243671,-0.6302414
0.000208426,0.0002355,0.000328458,-1295.150249,0.735452392,-0.364605905,-0.571114974
0.000208426,0.0002355,0.000353632,-1965.974144,0.794057377,-0.392934211,-0.463762426
0.000208426,0.0002355,0.000378805,-2521.08359,0.849682483,-0.421457944,-0.316879914
0.000208426,0.0002355,0.000403979,-2852.510329,0.887192896,-0.435020274,-0.15377297
0.000208426,0.0002355,0.000429153,-2936.42563,0.904191098,-0.427099291,0.004965365
0.000208426,0.0002355,0.000454326,-2840.740382,0.906115299,-0.397775996,0.143976814
0.000208426,0.0002355,0.0004795,-2654.057586,0.32812074,-0.128317356,0.935880033
0.000208426,0.0002611,1.20E-06,927.8289935,-0.019414667,-0.149357948,0.988592572
0.000208426,0.0002611,2.64E-05,991.2416385,-0.08579169,-0.974274402,0.208396677
0.000208426,0.0002611,5.15E-05,1060.961927,-0.018869625,-0.977368446,0.210700875
0.000208426,0.0002611,7.67E-05,1127.960267,0.078189621,-0.979982897,0.18308442
0.000208426,0.0002611,0.000101895,1178.25162,0.207336369,-0.971944409,0.111066179
0.000208426,0.0002611,0.000127068,1196.470788,0.366825923,-0.930096888,-0.018934676
0.000208426,0.0002611,0.000152242,1166.984517,0.530256019,-0.822968331,-0.203842291
0.000208426,0.0002611,0.000177416,1073.067124,0.646506401,-0.650747087,-0.398193046
0.000208426,0.0002611,0.000202589,897.7332662,0.693810416,-0.469817882,-0.545800572
0.000208426,0.0002611,0.000227763,624.0378254,0.698835861,-0.331642524,-0.633752062
0.000208426,0.0002611,0.000252937,235.6885869,0.694204761,-0.246569924,-0.67622705
0.000208426,0.0002611,0.000278111,-280.5362078,0.699823937,-0.205638201,-0.684075572
0.000208426,0.0002611,0.000303284,-927.8135534,0.727465588,-0.198507877,-0.656801676
0.000208426,0.0002611,0.000328458,-1682.395791,0.782600821,-0.215821283,-0.583915344
0.000208426,0.0002611,0.000353632,-2462.877193,0.856288143,-0.245177492,-0.454597199
0.000208426,0.0002611,0.000378805,-3109.149992,0.920084116,-0.272026656,-0.281862942
0.000208426,0.0002611,0.000403979,-3449.507991,0.871881571,-0.46326054,-0.158783494
0.000208426,0.0002611,0.000429153,-3451.164051,0.95011589,-0.303168853,0.073269653
0.000208426,0.0002611,0.000454326,-3235.657563,0.926722653,-0.30357299,0.221423946
0.000208426,0.0002611,0.0004795,-2937.998588,0.36280493,-0.117053159,0.924484257
0.000208426,0.0002867,1.20E-06,648.9040971,-0.055610231,-0.125095465,0.990584992
0.000208426,0.0002867,2.64E-05,702.2659587,-0.373917421,-0.900882397,0.220446521
0.000208426,0.0002867,5.15E-05,771.524566,-0.314369355,-0.909728834,0.271229344
0.000208426,0.0002867,7.67E-05,848.4632277,-0.208883123,-0.930713766,0.300232787
0.000208426,0.0002867,0.000101895,919.2768541,-0.028481299,-0.959634939,0.279802787
0.000208426,0.0002867,0.000127068,966.5271182,0.277336716,-0.94962084,0.145960977
0.000208426,0.0002867,0.000152242,970.8531476,0.64853921,-0.74453405,-0.158322272
0.000208426,0.0002867,0.000177416,911.8251395,0.805201669,-0.391487123,-0.445407796
0.000208426,0.0002867,0.000202589,768.4927527,0.791808656,-0.158572771,-0.589825168
0.000208426,0.0002867,0.000227763,519.6888033,0.752319747,-0.049727697,-0.656918682
0.000208426,0.0002867,0.000252937,144.5086933,0.726300957,-0.007438153,-0.687336595
0.000208426,0.0002867,0.000278111,-376.1502511,0.72280277,0.000201727,-0.69105435
0.000208426,0.0002867,0.000303284,-1053.508848,0.748252841,-0.011612796,-0.663312015
0.000208426,0.0002867,0.000328458,-1872.134491,0.807404422,-0.034621335,-0.588981716
0.000208426,0.0002867,0.000353632,-2748.495481,0.88975364,-0.062004075,-0.452210079
0.000208426,0.0002867,0.000378805,-3489.409016,0.863767161,-0.156634367,-0.478927935
0.000208426,0.0002867,0.000403979,-3867.255746,0.954124582,-0.242558895,-0.175531948
0.000208426,0.0002867,0.000429153,-3836.262446,0.947656763,-0.275803641,0.16086955
0.000208426,0.0002867,0.000454326,-3556.206626,0.94654189,-0.204959582,0.249098413
0.000208426,0.0002867,0.0004795,-3190.142977,0.392331078,-0.103452037,0.913987965
0.000208426,0.0003123,1.20E-06,427.9539343,-0.08887837,-0.092509899,0.99173714
0.000208426,0.0003123,2.64E-05,481.6515054,-0.681885243,-0.683195379,0.261297893
0.000208426,0.0003123,5.15E-05,562.2982539,-0.654117513,-0.656576873,0.375549051
0.000208426,0.0003123,7.67E-05,662.1753503,-0.591181292,-0.631130555,0.502174175
0.000208426,0.0003123,0.000101895,766.4725278,-0.453340578,-0.601989462,0.657336298
0.000208426,0.0003123,0.000127068,855.2332577,0.003140704,-0.506682475,0.862127024
0.000208426,0.0003123,0.000152242,905.3838948,0.964441702,0.130243137,0.229975932
0.000208426,0.0003123,0.000177416,892.1921956,0.890638245,0.330115363,-0.312709713
0.000208426,0.0003123,0.000202589,790.5231946,0.80611759,0.327597068,-0.492802792
0.000208426,0.0003123,0.000227763,576.0033096,0.756893274,0.292317766,-0.584519371
0.000208426,0.0003123,0.000252937,225.8299061,0.730347295,0.250690253,-0.635411068
0.000208426,0.0003123,0.000278111,-280.1805694,0.725168076,0.21103745,-0.655434556
0.000208426,0.0003123,0.000303284,-954.4477216,0.746369647,0.176463506,-0.641710979
0.000208426,0.0003123,0.000328458,-1783.717255,0.799803038,0.147023338,-0.581978727
0.000208426,0.0003123,0.000353632,-2688.382582,0.878587288,0.119018069,-0.462513867
0.000208426,0.0003123,0.000378805,-3481.239226,0.849984996,0.144925722,-0.506480051
0.000208426,0.0003123,0.000403979,-3936.924477,0.963285374,0.069654664,-0.259286551
0.000208426,0.0003123,0.000429153,-3993.474925,0.99101153,-0.101320627,0.087351467
0.000208426,0.0003123,0.000454326,-3776.291468,0.961517537,-0.172029585,0.214219158
0.000208426,0.0003123,0.0004795,-3422.025143,0.41151005,-0.11759252,0.903787297
0.000208426,0.0003379,1.20E-06,278.5998869,-0.111294632,-0.051416826,0.992456455
0.000208426,0.0003379,2.64E-05,345.057688,-0.888059886,-0.32495124,0.325201984
0.000208426,0.0003379,5.15E-05,450.5676986,-0.854155822,-0.209259229,0.476055046
0.000208426,0.0003379,7.67E-05,587.512185,-0.772718085,-0.0364924,0.633699508
0.000208426,0.0003379,0.000101895,739.4800143,-0.588147292,0.244524175,0.770902517
0.000208426,0.0003379,0.000127068,883.5046586,-0.186067607,0.64251213,0.743341785
0.000208426,0.0003379,0.000152242,992.13871,0.317655937,0.868992824,0.379402396
0.000208426,0.0003379,0.000177416,1035.132502,0.584159947,0.811456456,-0.01719231
0.000208426,0.0003379,0.000202589,982.243003,0.675820956,0.683320046,-0.27629649
0.000208426,0.0003379,0.000227763,806.8740428,0.701888644,0.562316712,-0.437209614
0.000208426,0.0003379,0.000252937,488.0214775,0.706742588,0.462822357,-0.535079788
0.000208426,0.0003379,0.000278111,10.31242425,0.710900826,0.387480106,-0.58692349
0.000208426,0.0003379,0.000303284,-633.0508205,0.727877652,0.334500084,-0.598584846
0.000208426,0.0003379,0.000328458,-1426.678164,0.767237804,0.298340388,-0.56774921
0.000208426,0.0003379,0.000353632,-2304.276889,0.829393689,0.267159913,-0.490644158
0.000208426,0.0003379,0.000378805,-3126.097276,0.899820452,0.219072444,-0.377267037
0.000208426,0.0003379,0.000403979,-3727.318527,0.897328842,0.190623611,-0.398074853
0.000208426,0.0003379,0.000429153,-4025.739074,0.979579366,-0.127002347,-0.155867473
0.000208426,0.0003379,0.000454326,-4022.883295,0.887839228,-0.437262461,0.14332845
0.000208426,0.0003379,0.0004795,-3746.424596,0.420234126,-0.204647008,0.884037828
0.000208426,0.0003635,1.20E-06,212.3941868,-0.111434664,-0.009293545,0.993728306
0.000208426,0.0003635,2.64E-05,306.9062621,-0.914748203,0.048228412,0.40113557
0.000208426,0.0003635,5.15E-05,453.9178222,-0.818995504,0.20894073,0.53440634
0.000208426,0.0003635,7.67E-05,645.2562096,-0.661573869,0.40621409,0.630325415
0.000208426,0.0003635,0.000101895,861.9489623,-0.424253099,0.62550006,0.654796902
0.000208426,0.0003635,0.000127068,1077.318766,-0.112721785,0.816835287,0.565750752
0.000208426,0.0003635,0.000152242,1258.557522,0.201097452,0.910849276,0.36043503
0.000208426,0.0003635,0.000177416,1367.167472,0.433073802,0.894756609,0.108893038
0.000208426,0.0003635,0.000202589,1364.598494,0.57249095,0.810811876,-0.121812206
0.000208426,0.0003635,0.000227763,1222.410428,0.646567279,0.699262097,-0.304931588
0.000208426,0.0003635,0.000252937,926.4915526,0.680817714,0.589887706,-0.434188594
0.000208426,0.0003635,0.000278111,472.4723059,0.695993593,0.501305427,-0.514087335
0.000208426,0.0003635,0.000303284,-137.8322138,0.708695343,0.438136479,-0.552980413
0.000208426,0.0003635,0.000328458,-890.6505514,0.730602384,0.393730837,-0.557849608
0.000208426,0.0003635,0.000353632,-1747.363688,0.767330665,0.350451148,-0.537017358
0.000208426,0.0003635,0.000378805,-2640.90958,0.818764965,0.272563562,-0.505304895
0.000208426,0.0003635,0.000403979,-3498.822956,0.880459605,0.091331764,-0.46524122
0.000208426,0.0003635,0.000429153,-4238.382435,0.777857763,-0.39132322,-0.49173513
0.000208426,0.0003635,0.000454326,-4642.84705,0.991866051,0.011777956,-0.126739959
0.000208426,0.0003635,0.0004795,-4434.643897,0.30062094,-0.068874321,0.951253583
0.000208426,0.0003891,1.20E-06,233.5050007,-0.124168317,0.026365513,0.991910827
0.000208426,0.0003891,2.64E-05,374.5877671,-0.813020552,0.319568408,0.486696635
0.000208426,0.0003891,5.15E-05,585.0951161,-0.674365474,0.46186317,0.576119449
0.000208426,0.0003891,7.67E-05,854.9215786,-0.500459626,0.613248618,0.611118888
0.000208426,0.0003891,0.000101895,1159.200876,-0.286144652,0.754470859,0.590673311
0.000208426,0.0003891,0.000127068,1465.828564,-0.029613355,0.861026282,0.507697538
0.000208426,0.0003891,0.000152242,1737.014873,0.228310787,0.907900701,0.351554407
0.000208426,0.0003891,0.000177416,1921.209959,0.426510456,0.891982669,0.149852426
0.000208426,0.0003891,0.000202589,1962.098836,0.555746766,0.829559257,-0.054561636
0.000208426,0.0003891,0.000227763,1828.544634,0.635154377,0.735877926,-0.234654204
0.000208426,0.0003891,0.000252937,1524.140271,0.678324251,0.633296614,-0.372574299
0.000208426,0.0003891,0.000278111,1065.749744,0.697196676,0.545313378,-0.465349454
0.000208426,0.0003891,0.000303284,465.2665475,0.704047454,0.480122996,-0.523258149
0.000208426,0.0003891,0.000328458,-271.4308769,0.708332953,0.429935082,-0.559839489
0.000208426,0.0003891,0.000353632,-1142.735538,0.714606798,0.373283128,-0.5916053
0.000208426,0.0003891,0.000378805,-2165.353636,0.721548177,0.269455957,-0.637778736
0.000208426,0.0003891,0.000403979,-3408.406914,0.727764708,0.055843519,-0.683549582
0.000208426,0.0003891,0.000429153,-4951.572251,0.883703534,0.345361168,-0.315901453
0.000208426,0.0003891,0.000454326,-4004.33583,0.710846404,0.428042837,0.558100995
0.000208426,0.0003891,0.0004795,-4103.915524,0.24382669,0.078633141,0.966625767
0.000208426,0.0004147,1.20E-06,333.4511211,-0.117691554,0.053639573,0.991600471
0.000208426,0.0004147,2.64E-05,541.6723363,-0.670967662,0.455764455,0.584877045
0.000208426,0.0004147,5.15E-05,845.5128233,-0.534527983,0.564294284,0.629167542
0.000208426,0.0004147,7.67E-05,1231.11906,-0.390026909,0.686531044,0.61364007
0.000208426,0.0004147,0.000101895,1655.47905,-0.210897729,0.797691338,0.564987324
0.000208426,0.0004147,0.000127068,2073.853852,0.040582991,0.868724994,0.493629319
0.000208426,0.0004147,0.000152242,2454.510963,0.31821881,0.878961535,0.355194889
0.000208426,0.0004147,0.000177416,2729.64823,0.513518506,0.843380234,0.158140838
0.000208426,0.0004147,0.000202589,2797.348661,0.620947694,0.782469485,-0.046534571
0.000208426,0.0004147,0.000227763,2619.11208,0.679351356,0.697243406,-0.228764872
0.000208426,0.0004147,0.000252937,2245.037395,0.709463529,0.602962633,-0.364825388
0.000208426,0.0004147,0.000278111,1734.312333,0.720928853,0.523670183,-0.453906519
0.000208426,0.0004147,0.000303284,1109.895339,0.71867652,0.466506556,-0.515631353
0.000208426,0.0004147,0.000328458,365.1456027,0.70572929,0.422304262,-0.568863146
0.000208426,0.0004147,0.000353632,-532.1245342,0.681616082,0.371513019,-0.630378929
0.000208426,0.0004147,0.000378805,-1667.472562,0.640205479,0.285016793,-0.713373936
0.000208426,0.0004147,0.000403979,-3267.344205,0.835011383,0.201513926,-0.512004032
0.000208426,0.0004147,0.000429153,-3575.846369,0.892041871,-0.128474683,-0.433307693
0.000208426,0.0004147,0.000454326,-3981.715876,0.725596057,0.338110326,-0.599326097
0.000208426,0.0004147,0.0004795,-4084.065554,0.132667333,0.056840328,0.989529462
0.000208426,0.0004403,1.20E-06,487.9669193,-0.108955454,0.068365921,0.991692901
0.000208426,0.0004403,2.64E-05,780.3684387,-0.547117254,0.464056414,0.696645071
0.000208426,0.0004403,5.15E-05,1213.925097,-0.452570799,0.539512779,0.710003967
0.000208426,0.0004403,7.67E-05,1776.445397,-0.381381755,0.659989637,0.647272459
0.000208426,0.0004403,0.000101895,2369.186698,-0.257189722,0.788178817,0.559131111
0.000208426,0.0004403,0.000127068,2895.837267,0.06106427,0.856807163,0.512008438
0.000208426,0.0004403,0.000152242,3387.319191,0.47483814,0.793795987,0.380021936
0.000208426,0.0004403,0.000177416,3780.559914,0.697199862,0.699882486,0.155167193
0.000208426,0.0004403,0.000202589,3852.218147,0.769604078,0.634342522,-0.072932346
0.000208426,0.0004403,0.000227763,3540.420094,0.776591625,0.567871756,-0.272813337
0.000208426,0.0004403,0.000252937,3011.251732,0.768128487,0.495960428,-0.404971458
0.000208426,0.0004403,0.000278111,2397.536911,0.761313017,0.440113768,-0.476132713
0.000208426,0.0004403,0.000303284,1724.968952,0.747836851,0.405416249,-0.525716378
0.000208426,0.0004403,0.000328458,968.1910792,0.720563556,0.384380295,-0.577096136
0.000208426,0.0004403,0.000353632,75.47215316,0.675619093,0.365816597,-0.640091446
0.000208426,0.0004403,0.000378805,-1054.034974,0.61115461,0.339070331,-0.71520721
0.000208426,0.0004403,0.000403979,-2644.59168,0.550793577,0.307658648,-0.775868927
0.000208426,0.0004403,0.000429153,-5166.968712,0.812422024,0.210657201,-0.54368557
0.000208426,0.0004403,0.000454326,-3712.768079,0.506759051,-0.313598901,0.803026148
0.000208426,0.0004403,0.0004795,-3851.846989,0.178708348,-0.086791454,0.980066615
0.000208426,0.0004659,1.20E-06,658.1975619,-0.081637133,0.055690435,0.995104996
0.000208426,0.0004659,2.64E-05,1033.444563,-0.459516162,0.366539838,0.809007691
0.000208426,0.0004659,5.15E-05,1615.222666,-0.432544072,0.385259995,0.815156649
0.000208426,0.0004659,7.67E-05,2429.027186,-0.528955546,0.462640434,0.711456154
0.000208426,0.0004659,0.000101895,3260.151642,-0.625085485,0.570889566,0.532309347
0.000208426,0.0004659,0.000127068,3806.474373,-0.117482228,0.79342348,0.597224504
0.000208426,0.0004659,0.000152242,4333.830213,0.712339485,0.56142474,0.421158783
0.000208426,0.0004659,0.000177416,4862.089001,0.657698927,0.706236853,0.262033641
0.000208426,0.0004659,0.000202589,4921.380434,0.725238701,0.660078583,-0.195767953
0.000208426,0.0004659,0.000227763,4399.26171,0.885870584,0.328569595,-0.327529128
0.000208426,0.0004659,0.000252937,3668.406838,0.829580245,0.312271186,-0.462907467
0.000208426,0.0004659,0.000278111,2943.424456,0.804015796,0.301547125,-0.512472371
0.000208426,0.0004659,0.000303284,2230.829613,0.782439396,0.304273943,-0.543328593
0.000208426,0.0004659,0.000328458,1482.41425,0.747426963,0.319776954,-0.582319187
0.000208426,0.0004659,0.000353632,643.1633764,0.694648837,0.347580891,-0.629801967
0.000208426,0.0004659,0.000378805,-356.0876362,0.627603424,0.392427856,-0.672394468
0.000208426,0.0004659,0.000403979,-1608.805287,0.569718667,0.475151231,-0.670560921
0.000208426,0.0004659,0.000429153,-3154.960187,0.559954894,0.642516771,-0.523089587
0.000208426,0.0004659,0.000454326,-4503.99658,0.586617937,0.601158828,-0.542666987
0.000208426,0.0004659,0.0004795,-4462.368603,0.224261156,0.258355526,0.93965917
0.000208426,0.0004915,1.20E-06,800.7453893,-0.074058383,0.698262833,0.712000261
0.000208426,0.0004915,2.64E-05,1221.314074,-0.123891601,0.952531855,0.2780898
0.000208426,0.0004915,5.15E-05,1884.676482,-0.183939359,0.901562051,0.391602069
0.000208426,0.0004915,7.67E-05,2864.212157,-0.381057146,0.82689068,0.413578596
0.000208426,0.0004915,0.000101895,3871.484925,-0.217880361,0.857880072,0.465370745
0.000208426,0.0004915,0.000127068,4346.394606,-0.334691378,0.862107724,0.380462815
0.000208426,0.0004915,0.000152242,4818.334467,0.764772341,0.520301895,0.380012111
0.000208426,0.0004915,0.000177416,5390.951538,0.724866605,0.610215458,0.319695949
0.000208426,0.0004915,0.000202589,5439.178902,0.660036995,0.706874376,-0.254322202
0.000208426,0.0004915,0.000227763,4818.660519,0.773431627,0.157213449,-0.614074466
0.000208426,0.0004915,0.000252937,4009.971716,0.869731765,0.005123788,-0.493498129
0.000208426,0.0004915,0.000278111,3257.756057,0.842526786,-0.026204989,-0.538016648
0.000208426,0.0004915,0.000303284,2557.017441,0.825621225,-0.020724906,-0.563844014
0.000208426,0.0004915,0.000328458,1854.812982,0.799203334,0.029767405,-0.60032319
0.000208426,0.0004915,0.000353632,1107.304515,0.755540943,0.140779145,-0.639796152
0.000208426,0.0004915,0.000378805,282.5335331,0.688661623,0.316693331,-0.652265669
0.000208426,0.0004915,0.000403979,-627.7587349,0.604498523,0.534219324,-0.590924064
0.000208426,0.0004915,0.000429153,-1550.548871,0.521468384,0.741526577,-0.42214815
0.000208426,0.0004915,0.000454326,-2239.912078,0.458492975,0.867787234,-0.191649441
0.000208426,0.0004915,0.0004795,-2408.486148,0.360346866,0.715982654,0.597928905
0.000233942,5.10E-06,1.20E-06,5066.155508,0.238879702,0.566555152,0.788639174
0.000233942,5.10E-06,2.64E-05,5669.593651,0.394018833,0.889381593,0.231839471
0.000233942,5.10E-06,5.15E-05,6277.285869,0.153409121,0.984860405,0.080719412
0.000233942,5.10E-06,7.67E-05,6058.5636,-0.080859947,0.99603801,-0.037012859
0.000233942,5.10E-06,0.000101895,6136.192772,0.005557019,0.999320002,-0.036450706
0.000233942,5.10E-06,0.000127068,5951.441521,0.014146233,0.992196792,-0.123876595
0.000233942,5.10E-06,0.000152242,5935.280235,0.703854662,-0.35836888,0.613319135
0.000233942,5.10E-06,0.000177416,6322.166801,0.252205774,0.771157277,0.584558553
0.000233942,5.10E-06,0.000202589,6679.479112,-0.11101729,0.830106767,-0.546441137
0.000233942,5.10E-06,0.000227763,5146.925915,0.188695403,0.125150993,-0.974028374
0.000233942,5.10E-06,0.000252937,4145.39058,0.350591609,-0.481079919,-0.803522019
0.000233942,5.10E-06,0.000278111,3354.393981,0.455363788,-0.432583215,-0.778148818
0.000233942,5.10E-06,0.000303284,2641.942495,0.473143509,-0.448614657,-0.758208487
0.000233942,5.10E-06,0.000328458,1981.405931,0.463245954,-0.483501581,-0.742717582
0.000233942,5.10E-06,0.000353632,1385.395158,0.471731844,-0.483508638,-0.737352333
0.000233942,5.10E-06,0.000378805,865.99437,0.52360982,-0.393822965,-0.755470865
0.000233942,5.10E-06,0.000403979,426.506177,0.616111608,-0.123857504,-0.777859759
0.000233942,5.10E-06,0.000429153,64.98659441,0.650162696,0.325644189,-0.686472382
0.000233942,5.10E-06,0.000454326,-222.5968942,0.590603543,0.632552976,-0.501063058
0.000233942,5.10E-06,0.0004795,-441.6380113,0.107144442,0.132037666,0.985437021
0.000233942,3.07E-05,1.20E-06,5022.876027,0.281240614,-0.050668369,0.958298718
0.000233942,3.07E-05,2.64E-05,5637.428853,0.840994809,-0.153619467,0.518776243
0.000233942,3.07E-05,5.15E-05,6272.177604,0.782108173,-0.439763218,0.441491923
0.000233942,3.07E-05,7.67E-05,6043.818543,-0.508215136,0.813164745,-0.283690804
0.000233942,3.07E-05,0.000101895,6094.502296,0.831284556,-0.067210124,-0.55176878
0.000233942,3.07E-05,0.000127068,5946.24116,0.500620214,0.773711861,-0.388264545
0.000233942,3.07E-05,0.000152242,5962.068499,0.696990403,0.497008995,0.5169008
0.000233942,3.07E-05,0.000177416,6259.270157,0.352391933,-0.088400461,0.931668012
0.000233942,3.07E-05,0.000202589,6973.567596,-0.144342084,-0.258644693,-0.955127366
0.000233942,3.07E-05,0.000227763,5441.619391,0.300041225,0.097226393,-0.94895853
0.000233942,3.07E-05,0.000252937,4478.190471,0.553851546,0.238629906,-0.797686801
0.000233942,3.07E-05,0.000278111,3674.995526,0.623089998,0.267843227,-0.734859755
0.000233942,3.07E-05,0.000303284,2879.926928,0.602071105,0.207812298,-0.770924402
0.000233942,3.07E-05,0.000328458,2110.754631,0.568579864,0.110623327,-0.81515607
0.000233942,3.07E-05,0.000353632,1420.91565,0.560216772,0.010573474,-0.828278558
0.000233942,3.07E-05,0.000378805,833.3183765,0.58248366,-0.081213397,-0.808775105
0.000233942,3.07E-05,0.000403979,347.7166084,0.628018171,-0.162634265,-0.761014634
0.000233942,3.07E-05,0.000429153,-43.35960591,0.687203863,-0.232994715,-0.688087431
0.000233942,3.07E-05,0.000454326,-348.0761313,0.750458012,-0.291559997,-0.593131975
0.000233942,3.07E-05,0.0004795,-574.6551542,0.119185837,-0.04976275,0.991624125
0.000233942,5.63E-05,1.20E-06,4732.140084,0.249720853,-0.117448339,0.961168759
0.000233942,5.63E-05,2.64E-05,5293.386846,0.768141884,-0.390960438,0.507058165
0.000233942,5.63E-05,5.15E-05,5865.632185,0.693077518,-0.45423587,0.559743984
0.000233942,5.63E-05,7.67E-05,6576.472703,0.520427944,-0.669854167,0.529575444
0.000233942,5.63E-05,0.000101895,6124.105733,0.799022366,0.270834192,-0.536853889
0.000233942,5.63E-05,0.000127068,6219.817434,0.475029408,0.871246735,0.123596878
0.000233942,5.63E-05,0.000152242,6241.360128,0.465034696,0.88527939,0.004809628
0.000233942,5.63E-05,0.000177416,6224.566305,0.922607035,0.108141761,0.370272357
0.000233942,5.63E-05,0.000202589,6454.312851,0.288019292,-0.816239223,-0.500797781
0.000233942,5.63E-05,0.000227763,5406.921703,0.588072315,-0.165786789,-0.791634823
0.000233942,5.63E-05,0.000252937,4682.830279,0.810884679,0.054339381,-0.582677672
0.000233942,5.63E-05,0.000278111,3946.79771,0.805285055,0.110034803,-0.58258761
0.000233942,5.63E-05,0.000303284,3070.743972,0.707477368,0.074418992,-0.702806935
0.000233942,5.63E-05,0.000328458,2182.758782,0.615060845,0.001223017,-0.7884787
0.000233942,5.63E-05,0.000353632,1401.978563,0.580728683,-0.07553176,-0.810585683
0.000233942,5.63E-05,0.000378805,756.4037555,0.595935432,-0.14596421,-0.789655248
0.000233942,5.63E-05,0.000403979,235.9810206,0.642146132,-0.207758971,-0.737891967
0.000233942,5.63E-05,0.000429153,-174.6071762,0.704645477,-0.259690608,-0.660329872
0.000233942,5.63E-05,0.000454326,-488.1833738,0.771570192,-0.30088087,-0.560490983
0.000233942,5.63E-05,0.0004795,-715.7334182,0.135341139,-0.053744571,0.989340334
0.000233942,8.19E-05,1.20E-06,4276.167153,0.210497126,-0.166344337,0.963338218
0.000233942,8.19E-05,2.64E-05,4748.66432,0.670708296,-0.574597971,0.469028308
0.000233942,8.19E-05,5.15E-05,5213.311867,0.612674127,-0.64472558,0.457120707
0.000233942,8.19E-05,7.67E-05,5711.341461,0.464133573,-0.753660191,0.465377635
0.000233942,8.19E-05,0.000101895,6277.476227,0.422869799,-0.610235386,0.669920821
0.000233942,8.19E-05,0.000127068,6786.776503,0.229203354,-0.814816039,0.532485347
0.000233942,8.19E-05,0.000152242,6850.967436,0.092534296,-0.886696779,-0.452996938
0.000233942,8.19E-05,0.000177416,6322.51841,0.241560675,-0.653658468,-0.717202236
0.000233942,8.19E-05,0.000202589,5618.338169,0.424758701,-0.724208635,-0.543232823
0.000233942,8.19E-05,0.000227763,5064.346934,0.790499366,-0.42158381,-0.444272263
0.000233942,8.19E-05,0.000252937,4616.664789,0.921030217,-0.178474391,-0.346193922
0.000233942,8.19E-05,0.000278111,3984.630707,0.894781522,-0.105087127,-0.433961663
0.000233942,8.19E-05,0.000303284,3069.881212,0.766035821,-0.11256597,-0.632864933
0.000233942,8.19E-05,0.000328458,2113.386904,0.640965699,-0.143959959,-0.753948607
0.000233942,8.19E-05,0.000353632,1285.754619,0.596002826,-0.183601372,-0.781710411
0.000233942,8.19E-05,0.000378805,614.139005,0.61117507,-0.224991671,-0.758843714
0.000233942,8.19E-05,0.000403979,81.14433908,0.6603325,-0.262860422,-0.703466693
0.000233942,8.19E-05,0.000429153,-332.9776739,0.725957173,-0.293527657,-0.621954739
0.000233942,8.19E-05,0.000454326,-643.4810535,0.794927419,-0.315083272,-0.518471726
0.000233942,8.19E-05,0.0004795,-863.0446824,0.155513275,-0.059353564,0.986049074
0.000233942,0.0001075,1.20E-06,3746.728736,0.17383833,-0.197677411,0.96472995
0.000233942,0.0001075,2.64E-05,4125.865369,0.579182885,-0.698421397,0.420422095
0.000233942,0.0001075,5.15E-05,4484.873283,0.544915033,-0.751818137,0.371264187
0.000233942,0.0001075,7.67E-05,4823.916468,0.468410925,-0.824406888,0.317717623
0.000233942,0.0001075,0.000101895,5127.894852,0.361817628,-0.905214554,0.222878029
0.000233942,0.0001075,0.000127068,5327.392166,0.272220679,-0.959380734,0.07405747
0.000233942,0.0001075,0.000152242,5317.231266,0.256092566,-0.962182511,-0.09285156
0.000233942,0.0001075,0.000177416,5082.122314,0.345756894,-0.90748031,-0.238603556
0.000233942,0.0001075,0.000202589,4748.581167,0.542942525,-0.784570586,-0.299436822
0.000233942,0.0001075,0.000227763,4440.305564,0.757864464,-0.593382814,-0.271179443
0.000233942,0.0001075,0.000252937,4116.774426,0.860853591,-0.418044155,-0.290120974
0.000233942,0.0001075,0.000278111,3565.889011,0.845094542,-0.338032575,-0.414184976
0.000233942,0.0001075,0.000303284,2732.274388,0.7378027,-0.314130591,-0.597468951
0.000233942,0.0001075,0.000328458,1836.326128,0.638246417,-0.298703013,-0.70951957
0.000233942,0.0001075,0.000353632,1043.88488,0.607976248,-0.29809638,-0.735869166
0.000233942,0.0001075,0.000378805,393.1970568,0.631444421,-0.309326687,-0.711051998
0.000233942,0.0001075,0.000403979,-123.9160664,0.685213206,-0.323334565,-0.652638967
0.000233942,0.0001075,0.000429153,-522.3810721,0.752572393,-0.333081628,-0.568059348
0.000233942,0.0001075,0.000454326,-815.7685411,0.820886002,-0.335083536,-0.462455615
0.000233942,0.0001075,0.0004795,-1016.878312,0.179184729,-0.066919854,0.981536839
0.000233942,0.0001331,1.20E-06,3204.550764,0.141520858,-0.216763996,0.965911599
0.000233942,0.0001331,2.64E-05,3501.663885,0.498690202,-0.782281851,0.373287006
0.000233942,0.0001331,5.15E-05,3775.804296,0.487827382,-0.815512398,0.311390389
0.000233942,0.0001331,7.67E-05,4014.58687,0.459132507,-0.855277697,0.240202835
0.000233942,0.0001331,0.000101895,4197.990385,0.420056243,-0.895329556,0.148113939
0.000233942,0.0001331,0.000127068,4292.472087,0.390389028,-0.920005055,0.034454393
0.000233942,0.0001331,0.000152242,4266.294438,0.396030523,-0.914396351,-0.08389957
0.000233942,0.0001331,0.000177416,4123.14686,0.453526028,-0.872706936,-0.180822414
0.000233942,0.0001331,0.000202589,3908.200595,0.555354513,-0.797958641,-0.234186617
0.000233942,0.0001331,0.000227763,3658.443019,0.65965288,-0.703661744,-0.264042095
0.000233942,0.0001331,0.000252937,3335.353699,0.717382917,-0.61451045,-0.328235673
0.000233942,0.0001331,0.000278111,2835.550432,0.712321853,-0.542938889,-0.444763916
0.000233942,0.0001331,0.000303284,2145.131017,0.663601921,-0.478653224,-0.574911803
0.000233942,0.0001331,0.000328458,1390.548772,0.623131432,-0.42535638,-0.656337694
0.000233942,0.0001331,0.000353632,691.2510631,0.623389266,-0.395420783,-0.674557801
0.000233942,0.0001331,0.000378805,97.5108899,0.660067227,-0.384292072,-0.645469487
0.000233942,0.0001331,0.000403979,-380.1389573,0.718273301,-0.38009957,-0.582758768
0.000233942,0.0001331,0.000429153,-745.515382,0.784739971,-0.373093405,-0.494959078
0.000233942,0.0001331,0.000454326,-1007.848937,0.848913776,-0.358344944,-0.388502641
0.000233942,0.0001331,0.0004795,-1179.377452,0.206329454,-0.076684074,0.975473069
0.000233942,0.0001587,1.20E-06,2678.447919,0.11099006,-0.228939965,0.967092394
0.000233942,0.0001587,2.64E-05,2908.439666,0.417570177,-0.846420721,0.330464992
0.000233942,0.0001587,5.15E-05,3118.810339,0.426465097,-0.863273342,0.269975291
0.000233942,0.0001587,7.67E-05,3295.202893,0.429667665,-0.880932497,0.198352298
0.000233942,0.0001587,0.000101895,3419.6677,0.429607456,-0.896093265,0.111598804
0.000233942,0.0001587,0.000127068,3472.64266,0.433681774,-0.90097686,0.012681322
0.000233942,0.0001587,0.000152242,3440.553963,0.452068201,-0.887616392,-0.088156015
0.000233942,0.0001587,0.000177416,3324.578322,0.490448698,-0.853219711,-0.177415329
0.000233942,0.0001587,0.000202589,3138.351745,0.543169046,-0.80231993,-0.247487611
0.000233942,0.0001587,0.000227763,2887.838054,0.592081568,-0.744342792,-0.308857937
0.000233942,0.0001587,0.000252937,2550.096124,0.619865905,-0.685144614,-0.38254819
0.000233942,0.0001587,0.000278111,2088.33688,0.624891104,-0.620933751,-0.473236078
0.000233942,0.0001587,0.000303284,1508.838278,0.619830254,-0.551233918,-0.558526297
0.000233942,0.0001587,0.000328458,878.1456048,0.62451094,-0.491074531,-0.607315314
0.000233942,0.0001587,0.000353632,273.0794653,0.651769229,-0.453098045,-0.608193253
0.000233942,0.0001587,0.000378805,-255.4769417,0.699874773,-0.433619079,-0.567582414
0.000233942,0.0001587,0.000403979,-683.0847706,0.759599537,-0.420665756,-0.496033129
0.000233942,0.0001587,0.000429153,-1003.553237,0.821373367,-0.403692387,-0.402961845
0.000233942,0.0001587,0.000454326,-1222.728964,0.877452008,-0.377381131,-0.296076774
0.000233942,0.0001587,0.0004795,-1353.632227,0.238105509,-0.088293899,0.967217635
0.000233942,0.0001843,1.20E-06,2178.502949,0.07861065,-0.237326249,0.96824409
0.000233942,0.0001843,2.64E-05,2354.661655,0.31980899,-0.901519234,0.291522349
0.000233942,0.0001843,5.15E-05,2518.145964,0.344812306,-0.906988622,0.241818346
0.000233942,0.0001843,7.67E-05,2655.775344,0.373862781,-0.910232562,0.178054216
0.000233942,0.0001843,0.000101895,2749.092377,0.399465862,-0.911847783,0.094660686
0.000233942,0.0001843,0.000127068,2783.424128,0.425580326,-0.904920281,0.000819451
0.000233942,0.0001843,0.000152242,2750.232251,0.45801498,-0.883587672,-0.09744283
0.000233942,0.0001843,0.000177416,2645.194037,0.4960239,-0.846346514,-0.194056353
0.000233942,0.0001843,0.000202589,2468.372846,0.535786897,-0.795685497,-0.282519011
0.000233942,0.0001843,0.000227763,2216.74769,0.569811692,-0.73739993,-0.362706464
0.000233942,0.0001843,0.000252937,1879.196075,0.593333111,-0.675144413,-0.438333025
0.000233942,0.0001843,0.000278111,1446.177313,0.609648614,-0.60910645,-0.507265118
0.000233942,0.0001843,0.000303284,930.5135836,0.627663512,-0.544165126,-0.556707132
0.000233942,0.0001843,0.000328458,374.3934875,0.656335307,-0.491881501,-0.572080897
0.000233942,0.0001843,0.000353632,-167.5889124,0.699081248,-0.460156006,-0.547304173
0.000233942,0.0001843,0.000378805,-645.345961,0.752424177,-0.443778355,-0.486742879
0.000233942,0.0001843,0.000403979,-1025.296168,0.808713384,-0.430816448,-0.400474532
0.000233942,0.0001843,0.000429153,-1295.293344,0.86106809,-0.411160165,-0.299180652
0.000233942,0.0001843,0.000454326,-1461.6182,0.904917503,-0.380121704,-0.191394365
0.000233942,0.0001843,0.0004795,-1541.533146,0.276613217,-0.099921379,0.955772382
0.000233942,0.0002099,1.20E-06,1707.279017,0.04091804,-0.242741931,0.969227563
0.000233942,0.0002099,2.64E-05,1840.322201,0.189354042,-0.947895882,0.256200006
0.000233942,0.0002099,5.15E-05,1970.296382,0.226623013,-0.945606449,0.23338906
0.000233942,0.0002099,7.67E-05,2094.585828,0.273380913,-0.945432879,0.177255602
0.000233942,0.0002099,0.000101895,2169.228546,0.324798292,-0.941898423,0.085635452
0.000233942,0.0002099,0.000127068,2192.562854,0.378107162,-0.925757373,-0.0028739
0.000233942,0.0002099,0.000152242,2165.890503,0.434806255,-0.894884021,-0.100628576
0.000233942,0.0002099,0.000177416,2074.474565,0.491293949,-0.844742549,-0.212226959
0.000233942,0.0002099,0.000202589,1911.242029,0.542654353,-0.775975671,-0.321540061
0.000233942,0.0002099,0.000227763,1669.727804,0.584183069,-0.695817019,-0.417814334
0.000233942,0.0002099,0.000252937,1343.121942,0.615601685,-0.613645392,-0.494443019
0.000233942,0.0002099,0.000278111,929.9002819,0.642539074,-0.537441668,-0.546168465
0.000233942,0.0002099,0.000303284,443.4588528,0.673322353,-0.475320997,-0.566309949
0.000233942,0.0002099,0.000328458,-82.004442,0.713293584,-0.433953966,-0.550360081
0.000233942,0.0002099,0.000353632,-598.8046012,0.762698805,-0.413218907,-0.497534589
0.000233942,0.0002099,0.000378805,-1050.717971,0.815618067,-0.405169898,-0.413043004
0.000233942,0.0002099,0.000403979,-1394.116136,0.863816946,-0.397938054,-0.308975063
0.000233942,0.0002099,0.000429153,-1613.339808,0.902625394,-0.382338927,-0.197697605
0.000233942,0.0002099,0.000454326,-1720.059309,0.930829737,-0.354673711,-0.088105393
0.000233942,0.0002099,0.0004795,-1740.63401,0.323755294,-0.107823605,0.939976904
0.000233942,0.0002355,1.20E-06,1266.468502,-0.005148658,-0.24415466,0.969722637
0.000233942,0.0002355,2.64E-05,1365.062968,0.011520505,-0.974769915,0.222914536
0.000233942,0.0002355,5.15E-05,1470.517345,0.058700445,-0.973438394,0.221296069
0.000233942,0.0002355,7.67E-05,1576.756761,0.12008808,-0.975111584,0.186376638
0.000233942,0.0002355,0.000101895,1653.199978,0.198248824,-0.973109433,0.117283569
0.000233942,0.0002355,0.000127068,1689.944726,0.29108586,-0.956193603,0.03102928
0.000233942,0.0002355,0.000152242,1682.295715,0.391673793,-0.916454465,-0.081870949
0.000233942,0.0002355,0.000177416,1614.432787,0.49153974,-0.842114142,-0.221883881
0.000233942,0.0002355,0.000202589,1475.051926,0.575976213,-0.732846023,-0.362198989
0.000233942,0.0002355,0.000227763,1254.592688,0.635182659,-0.608177014,-0.476092122
0.000233942,0.0002355,0.000252937,945.4583697,0.673149488,-0.493856924,-0.550431745
0.000233942,0.0002355,0.000278111,545.8968998,0.70277031,-0.405540975,-0.58450869
0.000233942,0.0002355,0.000303284,66.80821821,0.736363134,-0.348015843,-0.58021919
0.000233942,0.0002355,0.000328458,-461.3392817,0.779933362,-0.319611697,-0.538100654
0.000233942,0.0002355,0.000353632,-985.7625022,0.831221248,-0.311875949,-0.460222369
0.000233942,0.0002355,0.000378805,-1438.709739,0.880602824,-0.314336467,-0.35458603
0.000233942,0.0002355,0.000403979,-1762.184725,0.918888627,-0.316756999,-0.235178006
0.000233942,0.0002355,0.000429153,-1936.328996,0.943042802,-0.312145412,-0.115045711
0.000233942,0.0002355,0.000454326,-1982.726887,0.954786714,-0.297276317,-0.00302023
0.000233942,0.0002355,0.0004795,-1941.336863,0.379582528,-0.107686164,0.918869302
0.000233942,0.0002611,1.20E-06,860.7028481,-0.062206469,-0.238663653,0.969107845
0.000233942,0.0002611,2.64E-05,932.9383379,-0.222455601,-0.955260821,0.194910926
0.000233942,0.0002611,5.15E-05,1023.326687,-0.1732168,-0.959245369,0.223258284
0.000233942,0.0002611,7.67E-05,1122.61487,-0.098461227,-0.96859335,0.228325006
0.000233942,0.0002611,0.000101895,1214.196497,0.004123036,-0.979406693,0.20185522
0.000233942,0.0002611,0.000127068,1280.768958,0.144895916,-0.980955034,0.129353759
0.000233942,0.0002611,0.000152242,1306.30343,0.327119542,-0.944936164,-0.009404874
0.000233942,0.0002611,0.000177416,1274.60363,0.523040243,-0.826230734,-0.209216824
0.000233942,0.0002611,0.000202589,1170.838903,0.665754414,-0.6266006,-0.405145342
0.000233942,0.0002611,0.000227763,981.7492754,0.72969576,-0.428295479,-0.53301696
0.000233942,0.0002611,0.000252937,696.4995923,0.75159117,-0.288304754,-0.593288363
0.000233942,0.0002611,0.000278111,309.9555945,0.767089217,-0.206948749,-0.607244883
0.000233942,0.0002611,0.000303284,-170.9131691,0.793225758,-0.168523209,-0.585143423
0.000233942,0.0002611,0.000328458,-717.7796904,0.83444187,-0.159046235,-0.52764672
0.000233942,0.0002611,0.000353632,-1272.349503,0.884739961,-0.166699317,-0.435254569
0.000233942,0.0002611,0.000378805,-1750.663572,0.930775964,-0.181566221,-0.317316581
0.000233942,0.0002611,0.000403979,-2075.700908,0.961749975,-0.197426123,-0.189894475
0.000233942,0.0002611,0.000429153,-2221.854874,0.975303916,-0.211036604,-0.065159988
0.000233942,0.0002611,0.000454326,-2221.323155,0.974514793,-0.218815451,0.049403608
0.000233942,0.0002611,0.0004795,-2127.869521,0.441283067,-0.098825101,0.891909667
0.000233942,0.0002867,1.20E-06,499.9133145,-0.131211506,-0.220670473,0.966482324
0.000233942,0.0002867,2.64E-05,554.5440135,-0.49739636,-0.848916567,0.178710722
0.000233942,0.0002867,5.15E-05,641.7570927,-0.461812283,-0.85011968,0.253033484
0.000233942,0.0002867,7.67E-05,753.3424125,-0.398151181,-0.861138998,0.316093758
0.000233942,0.0002867,0.000101895,872.8369377,-0.297278217,-0.885291045,0.357610721
0.000233942,0.0002867,0.000127068,979.6222521,-0.125886265,-0.92589664,0.35618543
0.000233942,0.0002867,0.000152242,1052.356188,0.205193463,-0.948869309,0.239880549
0.000233942,0.0002867,0.000177416,1070.401956,0.68495256,-0.720188653,-0.110309994
0.000233942,0.0002867,0.000202589,1014.450978,0.857765944,-0.294192002,-0.421531316
0.000233942,0.0002867,0.000227763,866.9917984,0.837645682,-0.06937126,-0.541790864
0.000233942,0.0002867,0.000252937,613.4759589,0.811004474,0.016945956,-0.584794475
0.000233942,0.0002867,0.000278111,245.2768551,0.804998339,0.042796764,-0.591731452
0.000233942,0.0002867,0.000303284,-234.1954903,0.821494852,0.040157566,-0.568800122
0.000233942,0.0002867,0.000328458,-798.9628327,0.858315294,0.022514222,-0.512628488
0.000233942,0.0002867,0.000353632,-1388.048732,0.906719512,-0.00319429,-0.421722093
0.000233942,0.0002867,0.000378805,-1906.166055,0.951549065,-0.033126533,-0.305707392
0.000233942,0.0002867,0.000403979,-2260.360653,0.9811672,-0.067068717,-0.181142798
0.000233942,0.0002867,0.000429153,-2415.949462,0.992650035,-0.106344044,-0.057765489
0.000233942,0.0002867,0.000454326,-2406.05068,0.987456286,-0.14613831,0.059780245
0.000233942,0.0002867,0.0004795,-2288.613749,0.504407927,-0.089980338,0.858764334
0.000233942,0.0003123,1.20E-06,200.5500714,-0.206411681,-0.181513683,0.96148167
0.000233942,0.0003123,2.64E-05,247.7375163,-0.754036499,-0.632181001,0.178258635
0.000233942,0.0003123,5.15E-05,344.1103207,-0.737475094,-0.606249207,0.29764473
0.000233942,0.0003123,7.67E-05,482.4194091,-0.700302286,-0.576579355,0.420871661
0.000233942,0.0003123,0.000101895,644.5379891,-0.63982973,-0.534104905,0.552584714
0.000233942,0.0003123,0.000127068,806.2095713,-0.52973977,-0.455975484,0.715165809
0.000233942,0.0003123,0.000152242,941.1349263,-0.184109253,-0.222857779,0.957307784
0.000233942,0.0003123,0.000177416,1022.938237,0.786281012,0.446517074,0.427065187
0.000233942,0.0003123,0.000202589,1026.472266,0.849165938,0.484590173,-0.209975172
0.000233942,0.0003123,0.000227763,929.5387086,0.813484303,0.415715485,-0.406723401
0.000233942,0.0003123,0.000252937,714.820513,0.796691362,0.349558288,-0.493043484
0.000233942,0.0003123,0.000278111,372.301368,0.79683285,0.291393734,-0.529289242
0.000233942,0.0003123,0.000303284,-95.94082627,0.813994999,0.240733647,-0.528639247
0.000233942,0.0003123,0.000328458,-666.2452012,0.848202083,0.195238631,-0.492376994
0.000233942,0.0003123,0.000353632,-1280.877923,0.894152797,0.151090293,-0.421500295
0.000233942,0.0003123,0.000378805,-1846.788282,0.94011673,0.102884643,-0.32495428
0.000233942,0.0003123,0.000403979,-2267.646352,0.975426478,0.043053311,-0.21607776
0.000233942,0.0003123,0.000429153,-2494.606736,0.994421052,-0.034249382,-0.099768486
0.000233942,0.0003123,0.000454326,-2537.878607,0.992762352,-0.117552,0.024585358
0.000233942,0.0003123,0.0004795,-2437.509506,0.565792223,-0.101832948,0.818235425
0.000233942,0.0003379,1.20E-06,-15.60700521,-0.266761487,-0.115467755,0.95682052
0.000233942,0.0003379,2.64E-05,36.79622393,-0.919108474,-0.341144529,0.197129457
0.000233942,0.0003379,5.15E-05,155.656945,-0.898735986,-0.272909479,0.343211368
0.000233942,0.0003379,7.67E-05,334.7970669,-0.852538554,-0.174657274,0.492618362
0.000233942,0.0003379,0.000101895,554.5751237,-0.768426705,-0.015854469,0.639741381
0.000233942,0.0003379,0.000127068,787.3154717,-0.602020064,0.251920141,0.757699205
0.000233942,0.0003379,0.000152242,1001.048109,-0.258633507,0.633870648,0.728914749
0.000233942,0.0003379,0.000177416,1161.137236,0.208356006,0.885591614,0.415108743
0.000233942,0.0003379,0.000202589,1233.652984,0.518972709,0.853857544,0.03993272
0.000233942,0.0003379,0.000227763,1190.928235,0.660348291,0.71985084,-0.213903957
0.000233942,0.0003379,0.000252937,1015.23696,0.723150407,0.587533531,-0.363122346
0.000233942,0.0003379,0.000278111,699.1906268,0.756582594,0.480268327,-0.443762451
0.000233942,0.0003379,0.000303284,246.7507705,0.784081467,0.397526168,-0.476643682
0.000233942,0.0003379,0.000328458,-321.1514599,0.816936531,0.331671198,-0.471814498
0.000233942,0.0003379,0.000353632,-957.7067603,0.85813197,0.271551493,-0.435739955
0.000233942,0.0003379,0.000378805,-1588.451783,0.904184408,0.202226744,-0.376237824
0.000233942,0.0003379,0.000403979,-2129.097453,0.948739424,0.105374591,-0.297976006
0.000233942,0.0003379,0.000429153,-2510.288128,0.980975758,-0.028322651,-0.192053089
0.000233942,0.0003379,0.000454326,-2683.677691,0.98509646,-0.16515697,-0.048043105
0.000233942,0.0003379,0.0004795,-2635.194674,0.62391915,-0.154620544,0.766040065
0.000233942,0.0003635,1.20E-06,-127.3627524,-0.281348022,-0.035028374,0.958966268
0.000233942,0.0003635,2.64E-05,-53.66441384,-0.9697424,-0.048249592,0.23931497
0.000233942,0.0003635,5.15E-05,103.1377376,-0.920097383,0.046228514,0.388952093
0.000233942,0.0003635,7.67E-05,338.5882123,-0.832084233,0.175540874,0.526138033
0.000233942,0.0003635,0.000101895,633.1334774,-0.689956537,0.354283657,0.631223469
0.000233942,0.0003635,0.000127068,957.1669797,-0.470445441,0.580529366,0.664580125
0.000233942,0.0003635,0.000152242,1271.718806,-0.175343515,0.799624624,0.574330142
0.000233942,0.0003635,0.000177416,1527.580491,0.129237833,0.92143362,0.36641188
0.000233942,0.0003635,0.000202589,1674.263065,0.376130204,0.918932477,0.118697822
0.000233942,0.0003635,0.000227763,1677.021814,0.549661464,0.829027227,-0.102888932
0.000233942,0.0003635,0.000252937,1523.928132,0.65738206,0.70439321,-0.267729401
0.000233942,0.0003635,0.000278111,1218.091566,0.718596497,0.586575611,-0.37356141
0.000233942,0.0003635,0.000303284,769.4471723,0.755961163,0.490943455,-0.43300952
0.000233942,0.0003635,0.000328458,194.7904902,0.786142619,0.413627282,-0.459230067
0.000233942,0.0003635,0.000353632,-477.7262995,0.818458772,0.340712071,-0.462645137
0.000233942,0.0003635,0.000378805,-1206.506579,0.857434414,0.25033124,-0.449600373
0.000233942,0.0003635,0.000403979,-1936.132545,0.904395839,0.115103882,-0.410876213
0.000233942,0.0003635,0.000429153,-2577.777401,0.948268314,-0.072910401,-0.308984269
0.000233942,0.0003635,0.000454326,-2974.539424,0.961594009,-0.245203098,-0.123338571
0.000233942,0.0003635,0.0004795,-2985.163463,0.682469823,-0.21930404,0.697237893
0.000233942,0.0003891,1.20E-06,-124.4999118,-0.246447555,0.029712732,0.96870055
0.000233942,0.0003891,2.64E-05,-10.46324288,-0.931222796,0.194336289,0.308313983
0.000233942,0.0003891,5.15E-05,203.0672626,-0.848680001,0.287114228,0.444193286
0.000233942,0.0003891,7.67E-05,514.6196046,-0.728765371,0.40401426,0.552877484
0.000233942,0.0003891,0.000101895,907.64135,-0.561086222,0.547959499,0.620421339
0.000233942,0.0003891,0.000127068,1354.584361,-0.33521644,0.710531449,0.618688127
0.000233942,0.0003891,0.000152242,1808.668992,-0.074311807,0.854360486,0.514340271
0.000233942,0.0003891,0.000177416,2190.577927,0.163048625,0.930802981,0.327140577
0.000233942,0.0003891,0.000202589,2410.187678,0.355612368,0.927334574,0.116578005
0.000233942,0.0003891,0.000227763,2422.76519,0.515105488,0.853328009,-0.080607969
0.000233942,0.0003891,0.000252937,2243.125547,0.634010057,0.735893799,-0.23767954
0.000233942,0.0003891,0.000278111,1903.958743,0.707132652,0.617440964,-0.344572298
0.000233942,0.0003891,0.000303284,1426.611227,0.747707643,0.519480334,-0.413610281
0.000233942,0.0003891,0.000328458,821.1978182,0.771771129,0.439100614,-0.459956493
0.000233942,0.0003891,0.000353632,91.74605564,0.790235837,0.361479651,-0.494833087
0.000233942,0.0003891,0.000378805,-762.6799064,0.811566674,0.264271238,-0.521076046
0.000233942,0.0003891,0.000403979,-1738.44065,0.84926653,0.12385633,-0.513230913
0.000233942,0.0003891,0.000429153,-2759.468517,0.915462921,-0.056083653,-0.398474924
0.000233942,0.0003891,0.000454326,-3507.296756,0.896783952,-0.345036419,-0.276998941
0.000233942,0.0003891,0.0004795,-3545.890305,0.560747898,-0.235313794,0.793844578
0.000233942,0.0004147,1.20E-06,-17.08494994,-0.203412279,0.066385903,0.976839985
0.000233942,0.0004147,2.64E-05,156.3041338,-0.842120561,0.357396628,0.403857167
0.000233942,0.0004147,5.15E-05,448.2844506,-0.742979746,0.426750951,0.515620716
0.000233942,0.0004147,7.67E-05,862.1737516,-0.618972159,0.51354895,0.594256631
0.000233942,0.0004147,0.000101895,1387.558323,-0.450249727,0.619741979,0.642802507
0.000233942,0.0004147,0.000127068,2009.474862,-0.213477543,0.742132761,0.635347388
0.000233942,0.0004147,0.000152242,2683.888039,0.052376809,0.8571232,0.512441695
0.000233942,0.0004147,0.000177416,3268.046954,0.259884906,0.920003492,0.293348616
0.000233942,0.0004147,0.000202589,3552.504475,0.407955362,0.91058379,0.066404705
0.000233942,0.0004147,0.000227763,3475.516774,0.543458835,0.828348503,-0.135982541
0.000233942,0.0004147,0.000252937,3157.4385,0.655916163,0.700585094,-0.280988458
0.000233942,0.0004147,0.000278111,2705.985835,0.727132663,0.580751477,-0.366068043
0.000233942,0.0004147,0.000303284,2152.387832,0.762831003,0.488653026,-0.423446667
0.000233942,0.0004147,0.000328458,1490.709549,0.776453028,0.416787115,-0.47266182
0.000233942,0.0004147,0.000353632,698.9038158,0.777820447,0.351086218,-0.521280942
0.000233942,0.0004147,0.000378805,-262.5818334,0.776824894,0.276059315,-0.565980864
0.000233942,0.0004147,0.000403979,-1446.093508,0.801208964,0.181135048,-0.570310696
0.000233942,0.0004147,0.000429153,-2830.952502,0.757764598,0.11170507,-0.64289563
0.000233942,0.0004147,0.000454326,-3970.714226,0.913598721,0.011269349,-0.406460797
0.000233942,0.0004147,0.0004795,-4004.883623,0.52187817,-0.007192377,0.85298971
0.000233942,0.0004403,1.20E-06,163.082907,-0.19245568,0.093273165,0.976862799
0.000233942,0.0004403,2.64E-05,408.3435002,-0.742010879,0.424311037,0.519018304
0.000233942,0.0004403,5.15E-05,797.170358,-0.652895625,0.457631476,0.603573306
0.000233942,0.0004403,7.67E-05,1340.074289,-0.555459395,0.510688521,0.656248501
0.000233942,0.0004403,0.000101895,2032.515538,-0.396711771,0.585354231,0.707092777
0.000233942,0.0004403,0.000127068,2894.436487,-0.109860517,0.67385339,0.730651953
0.000233942,0.0004403,0.000152242,3949.439307,0.22599477,0.772290322,0.593712071
0.000233942,0.0004403,0.000177416,4960.877023,0.700882794,0.557101622,0.445422374
0.000233942,0.0004403,0.000202589,5303.325882,0.879220243,0.47554267,-0.028825906
0.000233942,0.0004403,0.000227763,4870.096431,0.63616662,0.720572574,-0.275802824
0.000233942,0.0004403,0.000252937,4194.280152,0.709952656,0.578981026,-0.400934156
0.000233942,0.0004403,0.000278111,3525.431466,0.767198777,0.473017193,-0.433198305
0.000233942,0.0004403,0.000303284,2852.77724,0.792953039,0.402748004,-0.457186531
0.000233942,0.0004403,0.000328458,2124.56628,0.794224188,0.355127994,-0.493043657
0.000233942,0.0004403,0.000353632,1292.597317,0.780319986,0.320218287,-0.537178712
0.000233942,0.0004403,0.000378805,301.2685746,0.761929035,0.292600294,-0.577796862
0.000233942,0.0004403,0.000403979,-908.892001,0.770713596,0.272243384,-0.576093823
0.000233942,0.0004403,0.000429153,-2313.379285,0.859332368,0.257946382,-0.441601117
0.000233942,0.0004403,0.000454326,-3474.197674,0.786235468,0.501877842,-0.360489141
0.000233942,0.0004403,0.0004795,-3579.791718,0.536333993,0.334802668,0.774759977
0.000233942,0.0004659,1.20E-06,370.1603909,-0.213741124,0.12189058,0.969256116
0.000233942,0.0004659,2.64E-05,683.4660147,-0.657717685,0.398098194,0.639472654
0.000233942,0.0004659,5.15E-05,1166.689698,-0.601725147,0.385846162,0.699320804
0.000233942,0.0004659,7.67E-05,1839.791961,-0.562891883,0.393693056,0.726745145
0.000233942,0.0004659,0.000101895,2696.100641,-0.435234703,0.42624044,0.79302575
0.000233942,0.0004659,0.000127068,3807.32255,-0.041363601,0.454948751,0.889556455
0.000233942,0.0004659,0.000152242,5417.398951,0.639874675,0.676568988,0.364437655
0.000233942,0.0004659,0.000177416,4990.065648,0.780828022,0.40812444,-0.473013787
0.000233942,0.0004659,0.000202589,5075.479295,0.443162511,-0.089009929,0.892011335
0.000233942,0.0004659,0.000227763,6422.119992,0.983417771,0.17636209,0.042259918
0.000233942,0.0004659,0.000252937,5132.126791,0.755347684,0.340206143,-0.560097899
0.000233942,0.0004659,0.000278111,4195.604077,0.803973937,0.294419861,-0.516665128
0.000233942,0.0004659,0.000303284,3407.346715,0.823760111,0.268272585,-0.499448796
0.000233942,0.0004659,0.000328458,2633.502105,0.816141146,0.259156221,-0.51648009
0.000233942,0.0004659,0.000353632,1804.198566,0.793324605,0.266387782,-0.547424533
0.000233942,0.0004659,0.000378805,871.1474063,0.765813078,0.293578544,-0.572138067
0.000233942,0.0004659,0.000403979,-189.5703182,0.755775403,0.347388779,-0.555089701
0.000233942,0.0004659,0.000429153,-1307.139818,0.789877939,0.426507354,-0.440663498
0.000233942,0.0004659,0.000454326,-2177.739425,0.840542932,0.493739963,-0.222953873
0.000233942,0.0004659,0.0004795,-2406.460616,0.73469317,0.448654115,0.508856984
0.000233942,0.0004915,1.20E-06,558.2428777,-0.109753084,0.896730113,0.428753267
0.000233942,0.0004915,2.64E-05,912.6135499,-0.139484226,0.974382557,0.176416506
0.000233942,0.0004915,5.15E-05,1445.970883,-0.173605844,0.954798534,0.241289806
0.000233942,0.0004915,7.67E-05,2182.619074,-0.262986392,0.895602608,0.358795382
0.000233942,0.0004915,0.000101895,3107.945275,-0.291466987,0.809788414,0.509204988
0.000233942,0.0004915,0.000127068,4309.768401,-0.00857075,0.565552452,0.824667791
0.000233942,0.0004915,0.000152242,6182.355648,0.101272359,0.469599469,0.877052021
0.000233942,0.0004915,0.000177416,5260.887248,0.124856575,0.781575615,-0.611187691
0.000233942,0.0004915,0.000202589,5158.007429,0.002517386,0.995482544,-0.094911365
0.000233942,0.0004915,0.000227763,5110.505302,0.504397612,-0.820411246,0.269273904
0.000233942,0.0004915,0.000252937,5569.579374,0.795314859,-0.519008383,-0.313216497
0.000233942,0.0004915,0.000278111,4524.936221,0.800861481,-0.242962286,-0.54734835
0.000233942,0.0004915,0.000303284,3706.050017,0.821314759,-0.245045617,-0.515164743
0.000233942,0.0004915,0.000328458,2942.606953,0.820139545,-0.219775256,-0.528270729
0.000233942,0.0004915,0.000353632,2164.71793,0.814607171,-0.144497658,-0.561725541
0.000233942,0.0004915,0.000378805,1341.647311,0.807622898,-0.001770952,-0.589696633
0.000233942,0.0004915,0.000403979,477.4198819,0.795518911,0.203598839,-0.570698848
0.000233942,0.0004915,0.000429153,-356.491361,0.777748407,0.424123163,-0.463925595
0.000233942,0.0004915,0.000454326,-998.4812985,0.758854989,0.585217231,-0.285761961
0.000233942,0.0004915,0.0004795,-1295.290213,0.667515468,0.579811793,0.467163124
0.000259458,5.10E-06,1.20E-06,6154.503577,0.152466679,0.624243866,0.766207222
0.000259458,5.10E-06,2.64E-05,6895.402178,0.116445858,0.993156168,0.009010448
0.000259458,5.10E-06,5.15E-05,6210.915376,0.025725999,0.989490557,-0.142290583
0.000259458,5.10E-06,7.67E-05,6156.208008,0.029182016,0.998975135,-0.034598974
0.000259458,5.10E-06,0.000101895,6055.281129,-0.005759069,0.999093302,-0.042183013
0.000259458,5.10E-06,0.000127068,6011.572516,0.183810668,0.978589817,0.092604582
0.000259458,5.10E-06,0.000152242,6219.460151,0.332653702,0.905375168,0.263888841
0.000259458,5.10E-06,0.000177416,6392.631608,0.373659043,0.923096925,0.090944968
0.000259458,5.10E-06,0.000202589,6296.957343,-0.424246703,0.65655228,-0.623661638
0.000259458,5.10E-06,0.000227763,5268.951836,0.052914384,0.07307363,-0.995921841
0.000259458,5.10E-06,0.000252937,4477.63134,0.306288551,-0.259603844,-0.915856521
0.000259458,5.10E-06,0.000278111,3763.214391,0.295636549,-0.715315065,-0.633185114
0.000259458,5.10E-06,0.000303284,3046.815943,0.303925656,-0.711378132,-0.633695786
0.000259458,5.10E-06,0.000328458,2349.897856,0.283683884,-0.745922868,-0.602596489
0.000259458,5.10E-06,0.000353632,1718.281051,0.27683007,-0.774804392,-0.568368953
0.000259458,5.10E-06,0.000378805,1174.229539,0.296949566,-0.778669283,-0.552716114
0.000259458,5.10E-06,0.000403979,719.5081043,0.355377618,-0.740172022,-0.570834588
0.000259458,5.10E-06,0.000429153,347.9579874,0.4668176,-0.626565151,-0.6240973
0.000259458,5.10E-06,0.000454326,51.79907185,0.619774311,-0.4105548,-0.668823264
0.000259458,5.10E-06,0.0004795,-176.8610343,0.077031082,-0.020119579,0.996825669
0.000259458,3.07E-05,1.20E-06,6087.368869,0.186352392,-0.073301231,0.979744719
0.000259458,3.07E-05,2.64E-05,6833.05271,0.765359386,-0.63556869,0.101377762
0.000259458,3.07E-05,5.15E-05,6185.918968,0.144352613,0.621905356,-0.769672691
0.000259458,3.07E-05,7.67E-05,6199.201665,0.916603709,0.279546421,-0.285817143
0.000259458,3.07E-05,0.000101895,6121.032237,0.293519632,0.865457172,-0.405992746
0.000259458,3.07E-05,0.000127068,6078.335062,0.710096866,0.656983691,0.253248634
0.000259458,3.07E-05,0.000152242,6259.166213,0.788223692,0.327234338,0.521172811
0.000259458,3.07E-05,0.000177416,6402.976727,0.866821025,0.02640395,0.497919814
0.000259458,3.07E-05,0.000202589,6646.195187,-0.678726325,0.221938806,-0.700052671
0.000259458,3.07E-05,0.000227763,5735.834305,0.236805956,0.429124507,-0.871650788
0.000259458,3.07E-05,0.000252937,5083.010251,0.478969242,0.620978041,-0.620463324
0.000259458,3.07E-05,0.000278111,4377.684316,0.501897277,0.592713621,-0.629912444
0.000259458,3.07E-05,0.000303284,3500.531371,0.472915961,0.432505836,-0.767651742
0.000259458,3.07E-05,0.000328458,2607.873802,0.44180508,0.252733538,-0.86077525
0.000259458,3.07E-05,0.000353632,1830.726637,0.444372051,0.109957238,-0.88906855
0.000259458,3.07E-05,0.000378805,1193.88241,0.479048015,-0.003015524,-0.877783519
0.000259458,3.07E-05,0.000403979,681.9820643,0.534949437,-0.09698454,-0.839299171
0.000259458,3.07E-05,0.000429153,275.6499751,0.603405456,-0.17717034,-0.777504036
0.000259458,3.07E-05,0.000454326,-40.61972033,0.677567921,-0.245167395,-0.693393583
0.000259458,3.07E-05,0.0004795,-279.1616037,0.085043484,-0.034021673,0.99579623
0.000259458,5.63E-05,1.20E-06,5613.380122,0.288516632,-0.160307384,0.943959584
0.000259458,5.63E-05,2.64E-05,6267.097867,0.449244346,-0.685862255,0.572514179
0.000259458,5.63E-05,5.15E-05,6731.748522,0.826648206,-0.55592363,-0.087187509
0.000259458,5.63E-05,7.67E-05,6220.745895,-0.39103905,0.029613439,-0.919897552
0.000259458,5.63E-05,0.000101895,6317.296522,0.609791333,0.733536679,0.300130756
0.000259458,5.63E-05,0.000127068,6375.991653,0.431972887,0.888519429,0.154701807
0.000259458,5.63E-05,0.000152242,6426.748341,0.572954265,0.816171484,0.074749712
0.000259458,5.63E-05,0.000177416,6413.502747,0.985397798,-0.081937051,0.149256486
0.000259458,5.63E-05,0.000202589,6512.044397,0.03433752,-0.857737289,-0.512940228
0.000259458,5.63E-05,0.000227763,6051.559934,0.851927994,0.21974532,-0.475321667
0.000259458,5.63E-05,0.000252937,5859.927328,0.590623505,0.700318299,-0.400896689
0.000259458,5.63E-05,0.000278111,5277.458274,0.780326896,0.427375704,-0.456552234
0.000259458,5.63E-05,0.000303284,4060.838669,0.600207996,0.277597528,-0.750126639
0.000259458,5.63E-05,0.000328458,2848.474557,0.476392925,0.120239186,-0.870972054
0.000259458,5.63E-05,0.000353632,1896.120672,0.455522512,0.007805508,-0.890190044
0.000259458,5.63E-05,0.000378805,1170.216328,0.488076834,-0.079824003,-0.869142757
0.000259458,5.63E-05,0.000403979,611.605599,0.547402486,-0.152190379,-0.822914702
0.000259458,5.63E-05,0.000429153,180.5097491,0.620459147,-0.213001299,-0.754758831
0.000259458,5.63E-05,0.000454326,-147.6911416,0.699077133,-0.263265287,-0.664817683
0.000259458,5.63E-05,0.0004795,-389.7711609,0.099441433,-0.038742497,0.994288902
0.000259458,8.19E-05,1.20E-06,4937.725007,0.222098852,-0.216891648,0.95059461
0.000259458,8.19E-05,2.64E-05,5470.577122,0.643294479,-0.657654631,0.391998213
0.000259458,8.19E-05,5.15E-05,5885.365141,0.610906703,-0.725668116,0.316541916
0.000259458,8.19E-05,7.67E-05,6212.769695,0.679560392,-0.609243105,0.408681432
0.000259458,8.19E-05,0.000101895,6506.887351,0.435296197,-0.766018652,0.473003854
0.000259458,8.19E-05,0.000127068,6717.610049,-0.127725685,-0.968636873,0.213140232
0.000259458,8.19E-05,0.000152242,6675.675611,-0.323167516,-0.870214288,-0.371873432
0.000259458,8.19E-05,0.000177416,6355.358935,0.005733959,-0.834929331,-0.550327298
0.000259458,8.19E-05,0.000202589,6030.70565,0.486253635,-0.84510829,-0.222147205
0.000259458,8.19E-05,0.000227763,6042.419216,0.933104439,-0.298008109,0.201264188
0.000259458,8.19E-05,0.000252937,6458.173283,0.995354813,-0.090915741,0.031672125
0.000259458,8.19E-05,0.000278111,6090.320473,0.601178818,0.028710284,-0.798598615
0.000259458,8.19E-05,0.000303284,4414.642075,0.688828669,-0.021135097,-0.724616018
0.000259458,8.19E-05,0.000328458,2911.777734,0.492899063,-0.073227394,-0.866999575
0.000259458,8.19E-05,0.000353632,1845.69142,0.467580871,-0.125490981,-0.874997224
0.000259458,8.19E-05,0.000378805,1073.911824,0.504978635,-0.174286102,-0.84535255
0.000259458,8.19E-05,0.000403979,495.8453604,0.569819773,-0.217578492,-0.792442443
0.000259458,8.19E-05,0.000429153,57.73916729,0.647214842,-0.254317367,-0.718634556
0.000259458,8.19E-05,0.000454326,-270.2732134,0.728394279,-0.283415487,-0.623792783
0.000259458,8.19E-05,0.0004795,-507.4434907,0.120112185,-0.045257537,0.991728198
0.000259458,0.0001075,1.20E-06,4226.311096,0.171495969,-0.246755645,0.953782357
0.000259458,0.0001075,2.64E-05,4650.319737,0.515763736,-0.767286426,0.381128993
0.000259458,0.0001075,5.15E-05,5001.46766,0.497044921,-0.812938218,0.303443239
0.000259458,0.0001075,7.67E-05,5278.518875,0.43603257,-0.868222634,0.236780608
0.000259458,0.0001075,0.000101895,5485.873755,0.336020954,-0.929039547,0.15484004
0.000259458,0.0001075,0.000127068,5595.926309,0.239706665,-0.970118042,0.037572593
0.000259458,0.0001075,0.000152242,5564.695329,0.213385153,-0.973188376,-0.085855471
0.000259458,0.0001075,0.000177416,5418.415099,0.305102852,-0.942133603,-0.138911926
0.000259458,0.0001075,0.000202589,5301.375511,0.528442031,-0.848950107,-0.005721511
0.000259458,0.0001075,0.000227763,5407.897746,0.751874502,-0.638159202,0.165642884
0.000259458,0.0001075,0.000252937,5720.096808,0.554606485,-0.831818372,-0.022132374
0.000259458,0.0001075,0.000278111,5352.169076,0.483544956,-0.678879865,-0.552545386
0.000259458,0.0001075,0.000303284,3966.559108,0.649113819,-0.339266004,-0.680844937
0.000259458,0.0001075,0.000328458,2627.824704,0.50285511,-0.283545192,-0.81654079
0.000259458,0.0001075,0.000353632,1628.072502,0.491118536,-0.268505688,-0.828678031
0.000259458,0.0001075,0.000378805,887.2059772,0.536610662,-0.27349236,-0.79827998
0.000259458,0.0001075,0.000403979,327.8732039,0.606622499,-0.285196251,-0.742072936
0.000259458,0.0001075,0.000429153,-95.20315841,0.686177298,-0.296610322,-0.664216103
0.000259458,0.0001075,0.000454326,-408.8262382,0.766365808,-0.303703242,-0.56608108
0.000259458,0.0001075,0.0004795,-631.4631544,0.146923338,-0.05324573,0.987713736
0.000259458,0.0001331,1.20E-06,3548.119446,0.134447677,-0.264760139,0.954895749
0.000259458,0.0001331,2.64E-05,3883.609221,0.42275959,-0.831645775,0.360055043
0.000259458,0.0001331,5.15E-05,4173.889993,0.424825306,-0.858203149,0.288115975
0.000259458,0.0001331,7.67E-05,4406.478535,0.412499215,-0.885401762,0.214261796
0.000259458,0.0001331,0.000101895,4570.192472,0.389013918,-0.9121346,0.129145822
0.000259458,0.0001331,0.000127068,4647.984852,0.367513947,-0.929484227,0.031505069
0.000259458,0.0001331,0.000152242,4629.476411,0.369884177,-0.927247674,-0.05828762
0.000259458,0.0001331,0.000177416,4539.217384,0.414779681,-0.90430532,-0.100944064
0.000259458,0.0001331,0.000202589,4443.727195,0.498286776,-0.864091254,-0.071109731
0.000259458,0.0001331,0.000227763,4401.925815,0.576949327,-0.815315168,-0.048894278
0.000259458,0.0001331,0.000252937,4328.208786,0.608078076,-0.777936759,-0.158289143
0.000259458,0.0001331,0.000278111,3899.36645,0.595016775,-0.71498328,-0.367088473
0.000259458,0.0001331,0.000303284,3034.107395,0.548016796,-0.58178776,-0.600999663
0.000259458,0.0001331,0.000328458,2085.982304,0.512871207,-0.457155975,-0.726616501
0.000259458,0.0001331,0.000353632,1272.150376,0.530826411,-0.388841756,-0.753010896
0.000259458,0.0001331,0.000378805,620.9171735,0.586261466,-0.357010658,-0.727214469
0.000259458,0.0001331,0.000403979,111.8881772,0.659165396,-0.341845244,-0.66980804
0.000259458,0.0001331,0.000429153,-276.8103341,0.736871404,-0.331440673,-0.589209313
0.000259458,0.0001331,0.000454326,-562.8496691,0.811247082,-0.319256801,-0.48985025
0.000259458,0.0001331,0.0004795,-761.5463101,0.180502507,-0.062349991,0.981596314
0.000259458,0.0001587,1.20E-06,2916.556035,0.103043994,-0.281244953,0.954087633
0.000259458,0.0001587,2.64E-05,3180.453575,0.338384708,-0.880641711,0.331611167
0.000259458,0.0001587,5.15E-05,3417.635692,0.357866811,-0.893598714,0.270947753
0.000259458,0.0001587,7.67E-05,3613.13017,0.375174489,-0.904636197,0.202181734
0.000259458,0.0001587,0.000101895,3751.27013,0.389762919,-0.912874538,0.121428767
0.000259458,0.0001587,0.000127068,3817.270861,0.402660323,-0.914798321,0.031759972
0.000259458,0.0001587,0.000152242,3805.104735,0.418414668,-0.906667739,-0.053691502
0.000259458,0.0001587,0.000177416,3726.204252,0.442824902,-0.888919472,-0.117167736
0.000259458,0.0001587,0.000202589,3604.821756,0.474614342,-0.866540051,-0.15443305
0.000259458,0.0001587,0.000227763,3448.999537,0.499356453,-0.843901091,-0.196148113
0.000259458,0.0001587,0.000252937,3208.362358,0.506350621,-0.814862015,-0.282150572
0.000259458,0.0001587,0.000278111,2788.944683,0.509763005,-0.753486548,-0.41521043
0.000259458,0.0001587,0.000303284,2181.414711,0.521119029,-0.645732701,-0.55808981
0.000259458,0.0001587,0.000328458,1500.503596,0.544483106,-0.532428998,-0.648118437
0.000259458,0.0001587,0.000353632,858.7264093,0.589562677,-0.451620846,-0.669667426
0.000259458,0.0001587,0.000378805,307.9533676,0.653172949,-0.40271923,-0.641234996
0.000259458,0.0001587,0.000403979,-138.0527503,0.724767426,-0.372009316,-0.579932106
0.000259458,0.0001587,0.000429153,-481.1828504,0.795368408,-0.347618407,-0.496538557
0.000259458,0.0001587,0.000454326,-730.1000027,0.858874977,-0.322409216,-0.397977477
0.000259458,0.0001587,0.0004795,-897.0098333,0.222660647,-0.071782811,0.972249692
0.000259458,0.0001843,1.20E-06,2325.814052,0.069364715,-0.30143343,0.95096079
0.000259458,0.0001843,2.64E-05,2530.384068,0.238266172,-0.924833368,0.296500376
0.000259458,0.0001843,5.15E-05,2722.735771,0.269552439,-0.929312159,0.252428989
0.000259458,0.0001843,7.67E-05,2888.393486,0.304656114,-0.932180089,0.195511979
0.000259458,0.0001843,0.000101895,3009.518178,0.341381469,-0.931937918,0.122271867
0.000259458,0.0001843,0.000127068,3071.100077,0.375835985,-0.925936349,0.037271835
0.000259458,0.0001843,0.000152242,3065.626889,0.406377251,-0.912267833,-0.051234078
0.000259458,0.0001843,0.000177416,2993.992797,0.434892716,-0.8903713,-0.134563266
0.000259458,0.0001843,0.000202589,2861.961363,0.462776623,-0.861404317,-0.209333226
0.000259458,0.0001843,0.000227763,2667.325917,0.487429717,-0.825791363,-0.28369155
0.000259458,0.0001843,0.000252937,2389.6617,0.508029102,-0.778222822,-0.369155348
0.000259458,0.0001843,0.000278111,2004.193985,0.531859053,-0.707762849,-0.464970641
0.000259458,0.0001843,0.000303284,1518.08213,0.56576295,-0.614082119,-0.550286685
0.000259458,0.0001843,0.000328458,980.9931313,0.611408004,-0.519522861,-0.596888808
0.000259458,0.0001843,0.000353632,454.2796372,0.668710444,-0.44609744,-0.594830578
0.000259458,0.0001843,0.000378805,-15.69844083,0.733062494,-0.396835203,-0.552395874
0.000259458,0.0001843,0.000403979,-402.8920113,0.797235338,-0.362915638,-0.482398234
0.000259458,0.0001843,0.000429153,-698.3120466,0.855441033,-0.334370063,-0.39549627
0.000259458,0.0001843,0.000454326,-905.4239906,0.904214289,-0.304750209,-0.299205331
0.000259458,0.0001843,0.0004795,-1035.344539,0.276519119,-0.079780054,0.95769114
0.000259458,0.0002099,1.20E-06,1767.158462,0.025581354,-0.327680042,0.944442367
0.000259458,0.0002099,2.64E-05,1921.422959,0.104093768,-0.961077969,0.255917221
0.000259458,0.0002099,5.15E-05,2077.310966,0.141774253,-0.961426192,0.235711133
0.000259458,0.0002099,7.67E-05,2222.62649,0.180625776,-0.963612984,0.197038945
0.000259458,0.0002099,0.000101895,2335.124751,0.238019848,-0.961878133,0.134673713
0.000259458,0.0002099,0.000127068,2399.768369,0.299377532,-0.952461747,0.056477548
0.000259458,0.0002099,0.000152242,2408.890702,0.353805191,-0.934693012,-0.034217838
0.000259458,0.0002099,0.000177416,2355.779037,0.406235211,-0.903821566,-0.134460141
0.000259458,0.0002099,0.000202589,2237.82599,0.458406193,-0.856554153,-0.237020558
0.000259458,0.0002099,0.000227763,2050.910738,0.509106383,-0.792106958,-0.336715397
0.000259458,0.0002099,0.000252937,1786.727955,0.556536408,-0.711596741,-0.42883249
0.000259458,0.0002099,0.000278111,1439.787786,0.602451692,-0.618054801,-0.505034872
0.000259458,0.0002099,0.000303284,1020.256156,0.650477425,-0.521190448,-0.552484965
0.000259458,0.0002099,0.000328458,558.9058366,0.702698807,-0.437111284,-0.561380542
0.000259458,0.0002099,0.000353632,98.59195821,0.759318176,-0.375794086,-0.531238848
0.000259458,0.0002099,0.000378805,-318.2577143,0.815973028,-0.335896261,-0.470490934
0.000259458,0.0002099,0.000403979,-660.2903037,0.867336798,-0.308893819,-0.390271043
0.000259458,0.0002099,0.000429153,-913.240684,0.91002452,-0.285909403,-0.300185253
0.000259458,0.0002099,0.000454326,-1079.191799,0.942832958,-0.261260477,-0.206903302
0.000259458,0.0002099,0.0004795,-1170.745252,0.346101352,-0.083370322,0.93448555
0.000259458,0.0002355,1.20E-06,1234.798789,-0.037952551,-0.360562169,0.931962728
0.000259458,0.0002355,2.64E-05,1345.90446,-0.075841104,-0.974451976,0.21140358
0.000259458,0.0002355,5.15E-05,1473.371454,-0.035003933,-0.974566739,0.22134678
0.000259458,0.0002355,7.67E-05,1606.210855,0.015442313,-0.977464354,0.210534965
0.000259458,0.0002355,0.000101895,1722.894179,0.086451638,-0.981153542,0.172811576
0.000259458,0.0002355,0.000127068,1806.01177,0.171559676,-0.979075769,0.109443669
0.000259458,0.0002355,0.000152242,1843.666898,0.261898239,-0.964930433,0.017848583
0.000259458,0.0002355,0.000177416,1824.647557,0.361352406,-0.926785252,-0.102437956
0.000259458,0.0002355,0.000202589,1741.558369,0.467425296,-0.850814382,-0.240059326
0.000259458,0.0002355,0.000227763,1588.168069,0.567180805,-0.734605416,-0.37237188
0.000259458,0.0002355,0.000252937,1358.401995,0.646364863,-0.597421462,-0.474657835
0.000259458,0.0002355,0.000278111,1050.311262,0.704299605,-0.467400515,-0.534320901
0.000259458,0.0002355,0.000303284,673.0234252,0.751165793,-0.363421394,-0.551067003
0.000259458,0.0002355,0.000328458,251.1986647,0.796321882,-0.291733492,-0.529870767
0.000259458,0.0002355,0.000353632,-176.7269269,0.84252457,-0.248922478,-0.477692316
0.000259458,0.0002355,0.000378805,-566.6602527,0.886620039,-0.226363551,-0.403316811
0.000259458,0.0002355,0.000403979,-881.7873488,0.92403762,-0.214477863,-0.316470731
0.000259458,0.0002355,0.000429153,-1104.048641,0.952349741,-0.205549922,-0.225342407
0.000259458,0.0002355,0.000454326,-1236.086089,0.971527926,-0.194558577,-0.135205211
0.000259458,0.0002355,0.0004795,-1293.582697,0.435224368,-0.079114926,0.896839215
0.000259458,0.0002611,1.20E-06,728.6875111,-0.135337615,-0.397242401,0.907679572
0.000259458,0.0002611,2.64E-05,803.1135688,-0.302295235,-0.938398119,0.167411351
0.000259458,0.0002611,5.15E-05,911.7999064,-0.264335435,-0.939987316,0.215755934
0.000259458,0.0002611,7.67E-05,1044.532381,-0.206702977,-0.946795456,0.246682475
0.000259458,0.0002611,0.000101895,1181.52593,-0.129250507,-0.959150856,0.251642489
0.000259458,0.0002611,0.000127068,1301.046696,-0.028141152,-0.974550159,0.222396184
0.000259458,0.0002611,0.000152242,1384.340663,0.107371966,-0.983558302,0.145204433
0.000259458,0.0002611,0.000177416,1416.329589,0.294735049,-0.955577539,0.001678874
0.000259458,0.0002611,0.000202589,1385.505552,0.520872123,-0.828850607,-0.204203091
0.000259458,0.0002611,0.000227763,1282.229134,0.698703223,-0.596095594,-0.395580395
0.000259458,0.0002611,0.000252937,1098.297586,0.781140095,-0.371199331,-0.502027099
0.000259458,0.0002611,0.000278111,830.0954583,0.813275366,-0.221929777,-0.537894369
0.000259458,0.0002611,0.000303284,484.3271727,0.835854605,-0.138386404,-0.531221501
0.000259458,0.0002611,0.000328458,83.1316565,0.863529184,-0.098063105,-0.494672594
0.000259458,0.0002611,0.000353632,-334.8065771,0.896794088,-0.084420669,-0.434319599
0.000259458,0.0002611,0.000378805,-720.6778431,0.930157305,-0.086089872,-0.356925653
0.000259458,0.0002611,0.000403979,-1030.655687,0.957958794,-0.095309802,-0.270612251
0.000259458,0.0002611,0.000429153,-1241.893366,0.977490984,-0.106841629,-0.181923729
0.000259458,0.0002611,0.000454326,-1356.547689,0.98869313,-0.116333412,-0.094617295
0.000259458,0.0002611,0.0004795,-1392.406377,0.545851453,-0.065587829,0.835310977
0.000259458,0.0002867,1.20E-06,257.6659495,-0.284586756,-0.424501958,0.859539683
0.000259458,0.0002867,2.64E-05,302.1143992,-0.552833378,-0.823009267,0.130502879
0.000259458,0.0002867,5.15E-05,403.7661696,-0.526555708,-0.820290248,0.223300235
0.000259458,0.0002867,7.67E-05,553.4398802,-0.479299879,-0.822691343,0.305696876
0.000259458,0.0002867,0.000101895,728.6163885,-0.413535114,-0.831499853,0.370940298
0.000259458,0.0002867,0.000127068,902.2175707,-0.323694737,-0.850237369,0.415112193
0.000259458,0.0002867,0.000152242,1049.561257,-0.176117755,-0.885969161,0.429000212
0.000259458,0.0002867,0.000177416,1150.390159,0.152678483,-0.921999042,0.355818841
0.000259458,0.0002867,0.000202589,1188.033185,0.758475331,-0.651660688,-0.007315815
0.000259458,0.0002867,0.000227763,1148.048359,0.926919737,-0.148674948,-0.344551246
0.000259458,0.0002867,0.000252937,1018.432411,0.891073728,0.050166348,-0.451077541
0.000259458,0.0002867,0.000278111,792.7033439,0.868628453,0.110908176,-0.482891279
0.000259458,0.0002867,0.000303284,475.1394977,0.868405586,0.12180575,-0.480661105
0.000259458,0.0002867,0.000328458,86.06493237,0.884847688,0.110937679,-0.452479171
0.000259458,0.0002867,0.000353632,-335.6129457,0.911367867,0.088707783,-0.401919817
0.000259458,0.0002867,0.000378805,-737.3402245,0.940465434,0.059725574,-0.334600694
0.000259458,0.0002867,0.000403979,-1068.468572,0.965937957,0.026104045,-0.257453766
0.000259458,0.0002867,0.000429153,-1298.682342,0.984485242,-0.010405613,-0.17515859
0.000259458,0.0002867,0.000454326,-1424.278094,0.994943514,-0.045240973,-0.089669717
0.000259458,0.0002867,0.0004795,-1460.086171,0.674846616,-0.047498904,0.736427796
0.000259458,0.0003123,1.20E-06,-156.3512445,-0.489023916,-0.406901109,0.771548506
0.000259458,0.0003123,2.64E-05,-133.8629071,-0.777096674,-0.620321582,0.10640439
0.000259458,0.0003123,5.15E-05,-27.07574476,-0.761915343,-0.60229876,0.238162158
0.000259458,0.0003123,7.67E-05,155.4903848,-0.727333633,-0.580202245,0.366539413
0.000259458,0.0003123,0.000101895,386.465675,-0.680595692,-0.545042586,0.489610134
0.000259458,0.0003123,0.000127068,632.5514554,-0.623134657,-0.481162564,0.616592074
0.000259458,0.0003123,0.000152242,863.1362395,-0.527811018,-0.348805846,0.774435286
0.000259458,0.0003123,0.000177416,1051.444215,-0.22227299,0.009519691,0.974937995
0.000259458,0.0003123,0.000202589,1173.375733,0.574472467,0.623062401,0.530824481
0.000259458,0.0003123,0.000227763,1207.806508,0.79121769,0.608275094,-0.063055352
0.000259458,0.0003123,0.000252937,1138.486354,0.816279901,0.505752013,-0.279109341
0.000259458,0.0003123,0.000278111,956.9895577,0.82733221,0.421724833,-0.371038514
0.000259458,0.0003123,0.000303284,666.4310679,0.8422825,0.353397944,-0.407025899
0.000259458,0.0003123,0.000328458,285.276159,0.864260249,0.294999957,-0.407466866
0.000259458,0.0003123,0.000353632,-149.9950422,0.892336703,0.241143813,-0.381555855
0.000259458,0.0003123,0.000378805,-587.6492163,0.923080471,0.186712431,-0.336245316
0.000259458,0.0003123,0.000403979,-972.7755743,0.952494082,0.127279347,-0.276685729
0.000259458,0.0003123,0.000429153,-1263.388837,0.977000962,0.061981754,-0.204027896
0.000259458,0.0003123,0.000454326,-1439.359667,0.993078755,-0.001284682,-0.117443329
0.000259458,0.0003123,0.0004795,-1502.727366,0.805958444,-0.037913237,0.59075678
0.000259458,0.0003379,1.20E-06,-476.4746991,-0.692550494,-0.300487323,0.655805751
0.000259458,0.0003379,2.64E-05,-464.3054727,-0.925841812,-0.36452024,0.099709244
0.000259458,0.0003379,5.15E-05,-340.3844131,-0.909813904,-0.327382233,0.255067704
0.000259458,0.0003379,7.67E-05,-112.2484208,-0.871338575,-0.272819298,0.407846439
0.000259458,0.0003379,0.000101895,188.5499352,-0.81420063,-0.179123169,0.552261011
0.000259458,0.0003379,0.000127068,523.9445108,-0.729869028,-0.013478704,0.683454114
0.000259458,0.0003379,0.000152242,857.6967412,-0.572990584,0.265168729,0.775478778
0.000259458,0.0003379,0.000177416,1153.470764,-0.259232129,0.635695553,0.727110629
0.000259458,0.0003379,0.000202589,1374.673655,0.169633327,0.877801826,0.447982687
0.000259458,0.0003379,0.000227763,1490.314949,0.490985221,0.863897114,0.112317808
0.000259458,0.0003379,0.000252937,1480.614719,0.659373173,0.741647385,-0.123232199
0.000259458,0.0003379,0.000278111,1338.330822,0.743279223,0.615664945,-0.261711047
0.000259458,0.0003379,0.000303284,1068.227544,0.791349537,0.51074026,-0.336021274
0.000259458,0.0003379,0.000328458,687.1552386,0.826546553,0.425196264,-0.368821004
0.000259458,0.0003379,0.000353632,225.4199236,0.858914107,0.35030214,-0.373570565
0.000259458,0.0003379,0.000378805,-272.7242009,0.892365006,0.275396506,-0.357549243
0.000259458,0.0003379,0.000403979,-752.3545596,0.927499923,0.191085968,-0.321294328
0.000259458,0.0003379,0.000429153,-1154.538059,0.961200083,0.096169635,-0.258545552
0.000259458,0.0003379,0.000454326,-1426.940493,0.986350923,0.006571049,-0.164525616
0.000259458,0.0003379,0.0004795,-1543.82075,0.905791037,-0.046696415,0.42114373
0.000259458,0.0003635,1.20E-06,-659.3569511,-0.801529362,-0.119774325,0.585836832
0.000259458,0.0003635,2.64E-05,-639.8116653,-0.987697317,-0.106683327,0.114335813
0.000259458,0.0003635,5.15E-05,-486.5972774,-0.959033034,-0.057249732,0.277449288
0.000259458,0.0003635,7.67E-05,-204.3197304,-0.901539978,0.016557413,0.432378907
0.000259458,0.0003635,0.000101895,176.6251297,-0.813397553,0.135575697,0.565688652
0.000259458,0.0003635,0.000127068,619.1314294,-0.681708842,0.319553504,0.658147865
0.000259458,0.0003635,0.000152242,1082.043125,-0.480221186,0.561980792,0.673472496
0.000259458,0.0003635,0.000177416,1511.079134,-0.205165332,0.792902687,0.573770438
0.000259458,0.0003635,0.000202589,1844.584297,0.096395867,0.921167581,0.377038625
0.000259458,0.0003635,0.000227763,2036.456099,0.365895335,0.918904624,0.147427594
0.000259458,0.0003635,0.000252937,2068.66141,0.562627345,0.824951946,-0.053895793
0.000259458,0.0003635,0.000278111,1943.543204,0.683785644,0.702251552,-0.198191703
0.000259458,0.0003635,0.000303284,1672.956175,0.754713731,0.588314311,-0.290333353
0.000259458,0.0003635,0.000328458,1273.363724,0.799486399,0.491248245,-0.345682888
0.000259458,0.0003635,0.000353632,765.3398444,0.833007973,0.404841158,-0.377095947
0.000259458,0.0003635,0.000378805,178.2197078,0.864758688,0.316891339,-0.389579633
0.000259458,0.0003635,0.000403979,-439.4457848,0.901341598,0.215722195,-0.37556259
0.000259458,0.0003635,0.000429153,-1008.21781,0.942839073,0.102067802,-0.317232794
0.000259458,0.0003635,0.000454326,-1423.548662,0.978298147,0.001098872,-0.207199245
0.000259458,0.0003635,0.0004795,-1609.899747,0.955656644,-0.051529574,0.289939789
0.000259458,0.0003891,1.20E-06,-678.1679726,-0.790316203,0.065114617,0.609229338
0.000259458,0.0003891,2.64E-05,-628.232222,-0.980203887,0.122718106,0.155372477
0.000259458,0.0003891,5.15E-05,-431.7669357,-0.933262614,0.172279751,0.315183407
0.000259458,0.0003891,7.67E-05,-86.42104017,-0.854378507,0.243906704,0.458853884
0.000259458,0.0003891,0.000101895,389.2444071,-0.740662819,0.353118085,0.571599691
0.000259458,0.0003891,0.000127068,971.0010115,-0.581770749,0.5131327,0.631060716
0.000259458,0.0003891,0.000152242,1614.589212,-0.370344875,0.708250542,0.601020667
0.000259458,0.0003891,0.000177416,2225.084334,-0.132588479,0.871365201,0.472380125
0.000259458,0.0003891,0.000202589,2679.993724,0.101274453,0.950090689,0.295078239
0.000259458,0.0003891,0.000227763,2910.622333,0.333938394,0.936422923,0.107690571
0.000259458,0.0003891,0.000252937,2926.863355,0.536127223,0.841799886,-0.062773815
0.000259458,0.0003891,0.000278111,2764.175502,0.671702782,0.715618892,-0.191585423
0.000259458,0.0003891,0.000303284,2449.237454,0.75109395,0.597490285,-0.280825991
0.000259458,0.0003891,0.000328458,1998.807211,0.797500425,0.496213111,-0.343169958
0.000259458,0.0003891,0.000353632,1421.051052,0.826299666,0.406837199,-0.389502703
0.000259458,0.0003891,0.000378805,723.8670945,0.849196963,0.318508772,-0.421208595
0.000259458,0.0003891,0.000403979,-59.32690769,0.879816369,0.220606746,-0.421017602
0.000259458,0.0003891,0.000429153,-832.546586,0.926495495,0.115747602,-0.358062271
0.000259458,0.0003891,0.000454326,-1423.695461,0.973339835,0.030613249,-0.227315629
0.000259458,0.0003891,0.0004795,-1681.936828,0.974481644,-0.006621541,0.224369517
0.000259458,0.0004147,1.20E-06,-544.8294596,-0.713375376,0.20470737,0.67021673
0.000259458,0.0004147,2.64E-05,-441.9005108,-0.924581856,0.305334421,0.227858031
0.000259458,0.0004147,5.15E-05,-185.427049,-0.861554152,0.339758995,0.377211172
0.000259458,0.0004147,7.67E-05,239.4847357,-0.769491081,0.389445837,0.506177257
0.000259458,0.0004147,0.000101895,840.9331921,-0.641228036,0.469590625,0.606886523
0.000259458,0.0004147,0.000127068,1632.366106,-0.463676558,0.600088604,0.651841788
0.000259458,0.0004147,0.000152242,2584.898148,-0.244421034,0.778408365,0.578220351
0.000259458,0.0004147,0.000177416,3509.63509,-0.038478273,0.92397498,0.380512364
0.000259458,0.0004147,0.000202589,4089.254781,0.134681464,0.974973065,0.176885348
0.000259458,0.0004147,0.000227763,4219.463504,0.347346508,0.937711122,-0.006946656
0.000259458,0.0004147,0.000252937,4065.778378,0.565646795,0.810456369,-0.152329175
0.000259458,0.0004147,0.000278111,3757.80681,0.706345885,0.664517793,-0.243908985
0.000259458,0.0004147,0.000303284,3328.944226,0.779960863,0.543960956,-0.309463295
0.000259458,0.0004147,0.000328458,2785.267025,0.818085892,0.446703414,-0.362203717
0.000259458,0.0004147,0.000353632,2119.572095,0.836252989,0.366037574,-0.408285969
0.000259458,0.0004147,0.000378805,1316.606818,0.845171693,0.295074083,-0.445663657
0.000259458,0.0004147,0.000403979,389.9021374,0.863976575,0.226350123,-0.44978895
0.000259458,0.0004147,0.000429153,-559.7014123,0.911281299,0.159550382,-0.379618322
0.000259458,0.0004147,0.000454326,-1307.221647,0.965941249,0.109696145,-0.234359254
0.000259458,0.0004147,0.0004795,-1632.27418,0.977253816,0.093779427,0.190211459
0.000259458,0.0004403,1.20E-06,-308.4294424,-0.653569395,0.301260657,0.694326337
0.000259458,0.0004403,2.64E-05,-138.4696444,-0.84552137,0.419052,0.330891274
0.000259458,0.0004403,5.15E-05,192.3591413,-0.776156612,0.424633784,0.466119151
0.000259458,0.0004403,7.67E-05,716.6194506,-0.681617001,0.439809309,0.584778622
0.000259458,0.0004403,0.000101895,1485.266328,-0.539965523,0.478156443,0.692678605
0.000259458,0.0004403,0.000127068,2603.692468,-0.333620766,0.563343302,0.755871357
0.000259458,0.0004403,0.000152242,4184.593285,-0.10280736,0.746606136,0.657274619
0.000259458,0.0004403,0.000177416,5939.884265,0.160628932,0.599661661,0.783966988
0.000259458,0.0004403,0.000202589,6658.749865,0.665021576,0.740906825,0.093826327
0.000259458,0.0004403,0.000227763,6133.308661,0.700427586,0.549775802,-0.455134885
0.000259458,0.0004403,0.000252937,5424.670318,0.63172736,0.690500148,-0.352321003
0.000259458,0.0004403,0.000278111,4805.6396,0.77146921,0.531035616,-0.350480287
0.000259458,0.0004403,0.000303284,4187.675205,0.826710906,0.425121726,-0.368538459
0.000259458,0.0004403,0.000328458,3515.576443,0.8477286,0.348436142,-0.39993559
0.000259458,0.0004403,0.000353632,2760.036095,0.852339971,0.291768567,-0.434036494
0.000259458,0.0004403,0.000378805,1888.47645,0.847797342,0.254134893,-0.465462269
0.000259458,0.0004403,0.000403979,900.889941,0.852409051,0.232486585,-0.468346877
0.000259458,0.0004403,0.000429153,-107.1802643,0.888975603,0.221079306,-0.401056502
0.000259458,0.0004403,0.000454326,-913.1561209,0.940897348,0.215990306,-0.260883822
0.000259458,0.0004403,0.0004795,-1299.691207,0.96243994,0.22404938,0.153333747
0.000259458,0.0004659,1.20E-06,-32.45549213,-0.643582283,0.375483155,0.66694396
0.000259458,0.0004659,2.64E-05,203.0556684,-0.767399266,0.45279191,0.453957985
0.000259458,0.0004659,5.15E-05,606.7498075,-0.702239682,0.421564004,0.573710049
0.000259458,0.0004659,7.67E-05,1228.341674,-0.612059693,0.39462469,0.685313276
0.000259458,0.0004659,0.000101895,2165.641099,-0.451928042,0.374422661,0.80967198
0.000259458,0.0004659,0.000127068,3678.216745,-0.204189203,0.358527272,0.910914357
0.000259458,0.0004659,0.000152242,6438.695626,0.117491609,0.38239535,0.91649851
0.000259458,0.0004659,0.000177416,5434.183654,0.171321639,-0.378420014,-0.909641242
0.000259458,0.0004659,0.000202589,5642.511774,0.498933106,-0.84036663,0.211777436
0.000259458,0.0004659,0.000227763,5735.402891,-0.265378125,-0.424465879,0.865680754
0.000259458,0.0004659,0.000252937,6711.890626,0.991556478,0.101840469,-0.080276205
0.000259458,0.0004659,0.000278111,5663.799467,0.573916563,0.441183105,-0.689911042
0.000259458,0.0004659,0.000303284,4842.277713,0.86610966,0.245710787,-0.43529331
0.000259458,0.0004659,0.000328458,4050.133742,0.869758898,0.208778203,-0.44713658
0.000259458,0.0004659,0.000353632,3231.866325,0.863260388,0.189437341,-0.467862155
0.000259458,0.0004659,0.000378805,2348.860723,0.850828376,0.192899082,-0.488754559
0.000259458,0.0004659,0.000403979,1397.319178,0.84413938,0.221053556,-0.488430172
0.000259458,0.0004659,0.000429153,457.2121208,0.860932912,0.266679109,-0.433216775
0.000259458,0.0004659,0.000454326,-303.2009403,0.895535987,0.313226509,-0.316076653
0.000259458,0.0004659,0.0004795,-733.6909467,0.931509214,0.353650614,0.084981342
0.000259458,0.0004915,1.20E-06,227.8812212,-0.117662984,0.987195148,0.10770869
0.000259458,0.0004915,2.64E-05,509.8908594,-0.13177201,0.985226827,0.109381157
0.000259458,0.0004915,5.15E-05,958.5011549,-0.183786827,0.963287545,0.1957026
0.000259458,0.0004915,7.67E-05,1629.479341,-0.22704121,0.920221475,0.3188177
0.000259458,0.0004915,0.000101895,2637.366229,-0.239853637,0.794621979,0.55771511
0.000259458,0.0004915,0.000127068,4314.008117,-0.200110111,0.6931386,0.69247009
0.000259458,0.0004915,0.000152242,4929.651748,0.553111772,-0.137423064,0.821694755
0.000259458,0.0004915,0.000177416,5603.054466,0.168918331,0.865478516,0.471607396
0.000259458,0.0004915,0.000202589,5443.22177,0.58854485,0.80845596,-0.003730989
0.000259458,0.0004915,0.000227763,5600.084524,0.833049088,-0.546170108,0.087905805
0.000259458,0.0004915,0.000252937,5517.046611,0.142476593,-0.972080876,0.186438171
0.000259458,0.0004915,0.000278111,6021.463459,0.585040675,-0.792775742,-0.170979624
0.000259458,0.0004915,0.000303284,5113.969503,0.788005752,-0.438354836,-0.432310042
0.000259458,0.0004915,0.000328458,4280.248065,0.782076769,-0.443100866,-0.438198072
0.000259458,0.0004915,0.000353632,3460.546953,0.785434553,-0.413816377,-0.460270105
0.000259458,0.0004915,0.000378805,2624.787643,0.803369377,-0.336142236,-0.491534375
0.000259458,0.0004915,0.000403979,1771.510003,0.832869292,-0.205433691,-0.51393165
0.000259458,0.0004915,0.000429153,957.3516617,0.869926235,-0.035598579,-0.491895402
0.000259458,0.0004915,0.000454326,286.9943278,0.904502125,0.127812613,-0.406865877
0.000259458,0.0004915,0.0004795,-153.9007991,0.968986626,0.245685595,-0.0265237
0.000284974,5.10E-06,1.20E-06,6492.581834,0.029033928,0.711704032,0.701879193
0.000284974,5.10E-06,2.64E-05,6408.534787,-0.075234399,0.997084925,-0.01270577
0.000284974,5.10E-06,5.15E-05,6412.74767,0.023618613,0.999048842,-0.036654768
0.000284974,5.10E-06,7.67E-05,6191.615007,0.02193466,0.998134869,-0.056970646
0.000284974,5.10E-06,0.000101895,6116.177946,0.042193197,0.998876678,0.021566534
0.000284974,5.10E-06,0.000127068,6281.74879,0.154035888,0.981570462,0.113103372
0.000284974,5.10E-06,0.000152242,6422.164673,0.575013964,-0.697415569,0.427750471
0.000284974,5.10E-06,0.000177416,6644.901024,-0.163523402,0.930566041,-0.32757738
0.000284974,5.10E-06,0.000202589,5904.70654,-0.40943784,0.395600033,-0.822107821
0.000284974,5.10E-06,0.000227763,5244.902262,-0.128693498,0.040916777,-0.990839947
0.000284974,5.10E-06,0.000252937,4655.79544,0.11935186,-0.274584636,-0.954127041
0.000284974,5.10E-06,0.000278111,4031.525864,0.187556084,-0.57331418,-0.797579818
0.000284974,5.10E-06,0.000303284,3328.992289,0.114441135,-0.892023819,-0.437260486
0.000284974,5.10E-06,0.000328458,2615.338788,0.11855002,-0.898899191,-0.421812918
0.000284974,5.10E-06,0.000353632,1965.798575,0.123418465,-0.913605513,-0.387418185
0.000284974,5.10E-06,0.000378805,1409.882484,0.134933371,-0.923898542,-0.358056517
0.000284974,5.10E-06,0.000403979,947.8987285,0.15803545,-0.924618082,-0.346563413
0.000284974,5.10E-06,0.000429153,571.2125384,0.198416842,-0.913994941,-0.353898298
0.000284974,5.10E-06,0.000454326,270.3430346,0.261182829,-0.890905077,-0.371579968
0.000284974,5.10E-06,0.0004795,36.36579744,0.058838404,-0.14635619,0.987480586
0.000284974,3.07E-05,1.20E-06,6394.039093,0.053578004,0.046005575,0.997503326
0.000284974,3.07E-05,2.64E-05,6391.551534,-0.880135493,-0.47471356,-0.002924015
0.000284974,3.07E-05,5.15E-05,6392.672322,0.664160721,-0.441071915,-0.603610886
0.000284974,3.07E-05,7.67E-05,6254.735482,0.322891484,0.658189162,-0.680094197
0.000284974,3.07E-05,0.000101895,6183.072455,0.480528281,0.848552245,0.221476091
0.000284974,3.07E-05,0.000127068,6338.825732,0.733329835,0.449410594,0.51015436
0.000284974,3.07E-05,0.000152242,6459.730201,0.748428063,0.117673758,0.65269313
0.000284974,3.07E-05,0.000177416,6942.199442,0.219143132,0.704451414,-0.675073695
0.000284974,3.07E-05,0.000202589,6317.958811,-0.448786436,0.417005426,-0.79037789
0.000284974,3.07E-05,0.000227763,5872.069364,0.013816886,0.862391146,-0.506053955
0.000284974,3.07E-05,0.000252937,5540.867944,0.289356632,0.751092729,-0.593407492
0.000284974,3.07E-05,0.000278111,4953.007151,0.18480564,0.871284014,-0.45465486
0.000284974,3.07E-05,0.000303284,3985.045132,0.221355491,0.632819068,-0.741985023
0.000284974,3.07E-05,0.000328458,2979.452692,0.246378582,0.366480542,-0.89721213
0.000284974,3.07E-05,0.000353632,2137.257765,0.287094184,0.187497832,-0.939372925
0.000284974,3.07E-05,0.000378805,1468.762437,0.344996702,0.059791756,-0.936697508
0.000284974,3.07E-05,0.000403979,940.9297997,0.413426193,-0.042287759,-0.909555127
0.000284974,3.07E-05,0.000429153,525.058418,0.489440172,-0.129745928,-0.862330744
0.000284974,3.07E-05,0.000454326,201.4404029,0.573057757,-0.20646836,-0.793079834
0.000284974,3.07E-05,0.0004795,-44.19746981,0.065024254,-0.026625581,0.997528408
0.000284974,5.63E-05,1.20E-06,6794.429897,0.120662108,-0.107904515,0.98681167
0.000284974,5.63E-05,2.64E-05,6182.881805,0.267264015,-0.129410046,-0.954894228
0.000284974,5.63E-05,5.15E-05,6311.080068,-0.6948617,0.560888289,0.450079487
0.000284974,5.63E-05,7.67E-05,6397.899151,0.43060257,0.871831095,0.23343515
0.000284974,5.63E-05,0.000101895,6443.813154,0.374219245,0.902364449,0.213771741
0.000284974,5.63E-05,0.000127068,6529.592399,0.580936095,0.787384504,0.2062496
0.000284974,5.63E-05,0.000152242,6532.788875,0.850958664,0.135482677,0.507458172
0.000284974,5.63E-05,0.000177416,6795.34737,0.163529485,-0.982613858,-0.08790969
0.000284974,5.63E-05,0.000202589,6478.871493,-0.667492419,-0.019128274,-0.744370861
0.000284974,5.63E-05,0.000227763,6591.607212,0.345541169,0.825024927,-0.447141108
0.000284974,5.63E-05,0.000252937,5838.778779,0.045583328,0.780934494,0.62294741
0.000284974,5.63E-05,0.000278111,7063.540044,0.139730944,0.582804623,-0.80050861
0.000284974,5.63E-05,0.000303284,5040.688614,0.250010624,0.48183804,-0.83983736
0.000284974,5.63E-05,0.000328458,3382.878691,0.237197775,0.20709927,-0.949129658
0.000284974,5.63E-05,0.000353632,2272.437177,0.279972276,0.071504794,-0.957341417
0.000284974,5.63E-05,0.000378805,1487.540339,0.345834841,-0.025142956,-0.937958472
0.000284974,5.63E-05,0.000403979,903.2802631,0.421306801,-0.102562581,-0.901100159
0.000284974,5.63E-05,0.000429153,458.0650276,0.502899528,-0.168792167,-0.847703527
0.000284974,5.63E-05,0.000454326,119.6346839,0.591879388,-0.226949134,-0.773416369
0.000284974,5.63E-05,0.0004795,-131.723453,0.065802267,-0.026379854,0.997483917
0.000284974,8.19E-05,1.20E-06,5691.86511,0.211400548,-0.292042721,0.932749086
0.000284974,8.19E-05,2.64E-05,6324.937232,0.367609755,-0.658918828,0.656269034
0.000284974,8.19E-05,5.15E-05,6665.164371,0.300918858,-0.830856064,0.468109005
0.000284974,8.19E-05,7.67E-05,6758.860764,0.208112958,-0.970390135,0.122604988
0.000284974,8.19E-05,0.000101895,6748.38468,0.671701949,-0.735296639,-0.090306943
0.000284974,8.19E-05,0.000127068,6684.254456,0.117607796,-0.946380905,-0.300884677
0.000284974,8.19E-05,0.000152242,6531.883817,-0.157067205,-0.893880587,-0.419889735
0.000284974,8.19E-05,0.000177416,6329.329792,-0.028915877,-0.980576944,-0.193991567
0.000284974,8.19E-05,0.000202589,6312.634588,0.281072077,-0.673759974,0.683407627
0.000284974,8.19E-05,0.000227763,7073.112319,0.502460555,-0.6852258,-0.527256099
0.000284974,8.19E-05,0.000252937,6142.507801,-0.201068418,-0.189447847,-0.961083245
0.000284974,8.19E-05,0.000278111,5543.891009,-0.188496812,-0.982060331,-0.005143704
0.000284974,8.19E-05,0.000303284,6132.504424,0.680709853,0.118204524,-0.722953516
0.000284974,8.19E-05,0.000328458,3593.711995,0.219377104,-0.021631771,-0.975400304
0.000284974,8.19E-05,0.000353632,2281.21989,0.283595807,-0.079510553,-0.955641926
0.000284974,8.19E-05,0.000378805,1431.439214,0.362071419,-0.129653955,-0.923089454
0.000284974,8.19E-05,0.000403979,821.7713084,0.446405805,-0.17281866,-0.877983809
0.000284974,8.19E-05,0.000429153,366.3787903,0.534316233,-0.21127699,-0.818454761
0.000284974,8.19E-05,0.000454326,25.4436553,0.627674443,-0.245639039,-0.738705798
0.000284974,8.19E-05,0.0004795,-223.7111788,0.085353706,-0.032196258,0.99583038
0.000284974,0.0001075,1.20E-06,4709.332172,0.151865919,-0.306148772,0.939792356
0.000284974,0.0001075,2.64E-05,5189.103334,0.418323387,-0.843197657,0.337673298
0.000284974,0.0001075,5.15E-05,5527.857513,0.426008205,-0.87560352,0.227674078
0.000284974,0.0001075,7.67E-05,5728.075093,0.412428255,-0.900394205,0.138539562
0.000284974,0.0001075,0.000101895,5826.066822,0.372567083,-0.926275128,0.056640582
0.000284974,0.0001075,0.000127068,5837.094093,0.316852392,-0.947823449,-0.035146418
0.000284974,0.0001075,0.000152242,5764.413191,0.281973122,-0.953712099,-0.104519811
0.000284974,0.0001075,0.000177416,5668.331357,0.308989518,-0.950831632,-0.021087559
0.000284974,0.0001075,0.000202589,5733.170806,0.361665296,-0.834906536,0.414884671
0.000284974,0.0001075,0.000227763,6366.764933,0.48368735,-0.870853195,-0.087528625
0.000284974,0.0001075,0.000252937,5532.23522,0.028839522,-0.557158514,-0.829905219
0.000284974,0.0001075,0.000278111,5121.303851,0.08664623,-0.956253254,-0.27941393
0.000284974,0.0001075,0.000303284,5364.947129,0.474583072,-0.68630127,-0.551145602
0.000284974,0.0001075,0.000328458,3296.021059,0.252672704,-0.263459083,-0.930991845
0.000284974,0.0001075,0.000353632,2089.486826,0.318918702,-0.242620089,-0.916202136
0.000284974,0.0001075,0.000378805,1279.079749,0.404422722,-0.2393267,-0.88270323
0.000284974,0.0001075,0.000403979,690.0879417,0.495323449,-0.24391205,-0.833763512
0.000284974,0.0001075,0.000429153,249.018718,0.587761413,-0.251930233,-0.768809261
0.000284974,0.0001075,0.000454326,-79.9086846,0.682028263,-0.260276035,-0.683442634
0.000284974,0.0001075,0.0004795,-318.0274117,0.112694192,-0.038619729,0.992878913
0.000284974,0.0001331,1.20E-06,3867.468795,0.115431921,-0.315014844,0.942040933
0.000284974,0.0001331,2.64E-05,4246.399149,0.336287821,-0.874999124,0.348262881
0.000284974,0.0001331,5.15E-05,4557.24931,0.36165714,-0.892756539,0.268681735
0.000284974,0.0001331,7.67E-05,4787.921403,0.387319051,-0.901722073,0.192044931
0.000284974,0.0001331,0.000101895,4935.343474,0.409788579,-0.905687777,0.108641478
0.000284974,0.0001331,0.000127068,4993.431179,0.420731701,-0.90702865,0.016848239
0.000284974,0.0001331,0.000152242,4965.895849,0.416486153,-0.907440574,-0.055595772
0.000284974,0.0001331,0.000177416,4896.763686,0.405170441,-0.912946863,-0.048630638
0.000284974,0.0001331,0.000202589,4883.316906,0.384982508,-0.919671179,0.077416992
0.000284974,0.0001331,0.000227763,5040.077181,0.334825662,-0.92905778,0.157300408
0.000284974,0.0001331,0.000252937,5292.204975,0.555877992,-0.830432678,-0.037164834
0.000284974,0.0001331,0.000278111,4961.67642,0.48949628,-0.663626532,-0.56567943
0.000284974,0.0001331,0.000303284,3821.122029,0.282825844,-0.716084099,-0.638148184
0.000284974,0.0001331,0.000328458,2651.100298,0.321355834,-0.492971712,-0.808522924
0.000284974,0.0001331,0.000353632,1738.067239,0.389218254,-0.385459934,-0.836618067
0.000284974,0.0001331,0.000378805,1045.595752,0.476605802,-0.331033059,-0.814410231
0.000284974,0.0001331,0.000403979,515.3305605,0.569128865,-0.300437972,-0.765394904
0.000284974,0.0001331,0.000429153,109.7864486,0.660796504,-0.281016656,-0.695972427
0.000284974,0.0001331,0.000454326,-194.1620864,0.749432865,-0.265918654,-0.606331304
0.000284974,0.0001331,0.0004795,-413.1516658,0.149508397,-0.04522353,0.987725707
0.000284974,0.0001587,1.20E-06,3124.809412,0.087124213,-0.334350868,0.938412952
0.000284974,0.0001587,2.64E-05,3426.703119,0.263088999,-0.904327859,0.336117988
0.000284974,0.0001587,5.15E-05,3698.054283,0.301162404,-0.911988589,0.278528311
0.000284974,0.0001587,7.67E-05,3922.718435,0.34673999,-0.913366192,0.213385984
0.000284974,0.0001587,0.000101895,4083.82469,0.393296974,-0.909600707,0.133955381
0.000284974,0.0001587,0.000127068,4164.445728,0.426342042,-0.903553664,0.042699413
0.000284974,0.0001587,0.000152242,4159.874971,0.433915939,-0.899989862,-0.041655801
0.000284974,0.0001587,0.000177416,4091.816615,0.417771625,-0.903914717,-0.091679087
0.000284974,0.0001587,0.000202589,4001.853953,0.38648138,-0.916833014,-0.100246529
0.000284974,0.0001587,0.000227763,3910.865958,0.343519431,-0.931588273,-0.118902024
0.000284974,0.0001587,0.000252937,3750.735747,0.301568034,-0.930667378,-0.207159245
0.000284974,0.0001587,0.000278111,3366.277262,0.298961672,-0.881355303,-0.365834319
0.000284974,0.0001587,0.000303284,2728.276029,0.344497689,-0.747740475,-0.567631503
0.000284974,0.0001587,0.000328458,2004.434432,0.408598333,-0.582367158,-0.702777274
0.000284974,0.0001587,0.000353632,1337.246295,0.486576019,-0.457749701,-0.744116247
0.000284974,0.0001587,0.000378805,773.6575973,0.573774644,-0.376865171,-0.727155623
0.000284974,0.0001587,0.000403979,316.5370312,0.661478309,-0.323789247,-0.676466533
0.000284974,0.0001587,0.000429153,-42.30853373,0.744343381,-0.285902279,-0.603500471
0.000284974,0.0001587,0.000454326,-313.1375477,0.819614809,-0.255114426,-0.512979722
0.000284974,0.0001587,0.0004795,-507.1405668,0.198859955,-0.051152251,0.978692069
0.000284974,0.0001843,1.20E-06,2442.127899,0.054891849,-0.371052276,0.926988184
0.000284974,0.0001843,2.64E-05,2677.960559,0.171132836,-0.937505487,0.302980222
0.000284974,0.0001843,5.15E-05,2905.636162,0.214295917,-0.939686327,0.266583694
0.000284974,0.0001843,7.67E-05,3108.726386,0.266577339,-0.93912985,0.216729431
0.000284974,0.0001843,0.000101895,3266.139166,0.321251642,-0.935390124,0.147792757
0.000284974,0.0001843,0.000127068,3356.893334,0.364775131,-0.929004869,0.062362305
0.000284974,0.0001843,0.000152242,3370.141434,0.386046628,-0.922077023,-0.027239033
0.000284974,0.0001843,0.000177416,3312.362282,0.386538814,-0.916170917,-0.105917877
0.000284974,0.0001843,0.000202589,3200.355152,0.377274761,-0.910482589,-0.169367086
0.000284974,0.0001843,0.000227763,3039.265799,0.368836898,-0.899597295,-0.233846209
0.000284974,0.0001843,0.000252937,2804.195788,0.370972699,-0.871104296,-0.321802054
0.000284974,0.0001843,0.000278111,2456.686569,0.397349744,-0.806144009,-0.438457543
0.000284974,0.0001843,0.000303284,1996.7871,0.45248712,-0.69429695,-0.559649132
0.000284974,0.0001843,0.000328458,1478.881275,0.525354232,-0.560919512,-0.639822032
0.000284974,0.0001843,0.000353632,968.1220994,0.605288112,-0.444680549,-0.66021626
0.000284974,0.0001843,0.000378805,507.6309296,0.685258579,-0.35936882,-0.633462494
0.000284974,0.0001843,0.000403979,118.1559994,0.759884468,-0.299649969,-0.57687563
0.000284974,0.0001843,0.000429153,-193.5672884,0.826147018,-0.255957971,-0.50196277
0.000284974,0.0001843,0.000454326,-429.2466184,0.882647345,-0.220685284,-0.415008037
0.000284974,0.0001843,0.0004795,-595.8821642,0.266583611,-0.054367595,0.962277165
0.000284974,0.0002099,1.20E-06,1792.172316,0.005951548,-0.431575801,0.902057042
0.000284974,0.0002099,2.64E-05,1968.190457,0.044327753,-0.966200354,0.253952607
0.000284974,0.0002099,5.15E-05,2153.92466,0.086969045,-0.966013742,0.243421108
0.000284974,0.0002099,7.67E-05,2334.135742,0.139185766,-0.966420213,0.216007624
0.000284974,0.0002099,0.000101895,2486.560506,0.198077682,-0.966099887,0.1655785
0.000284974,0.0002099,0.000127068,2588.897053,0.252608026,-0.963070709,0.093187948
0.000284974,0.0002099,0.000152242,2626.912063,0.292841152,-0.956139027,0.006497806
0.000284974,0.0002099,0.000177416,2598.324218,0.321772678,-0.943000817,-0.084922337
0.000284974,0.0002099,0.000202589,2508.881065,0.351100819,-0.919589927,-0.176302525
0.000284974,0.0002099,0.000227763,2361.047185,0.391670626,-0.879235289,-0.271181539
0.000284974,0.0002099,0.000252937,2147.012123,0.446537399,-0.813045338,-0.373579483
0.000284974,0.0002099,0.000278111,1856.643192,0.513827549,-0.71381556,-0.475866153
0.000284974,0.0002099,0.000303284,1494.674233,0.588300426,-0.587074683,-0.556098845
0.000284974,0.0002099,0.000328458,1087.351721,0.66233293,-0.457807715,-0.593065921
0.000284974,0.0002099,0.000353632,671.9941423,0.731376063,-0.351498032,-0.584412687
0.000284974,0.0002099,0.000378805,283.2984533,0.793701923,-0.275712824,-0.542235831
0.000284974,0.0002099,0.000403979,-53.85875227,0.848185617,-0.224451689,-0.479794329
0.000284974,0.0002099,0.000429153,-326.1639638,0.894223241,-0.188447178,-0.406020267
0.000284974,0.0002099,0.000454326,-530.6960918,0.931730845,-0.160293076,-0.325858499
0.000284974,0.0002099,0.0004795,-672.1174015,0.36337384,-0.051221878,0.930234256
0.000284974,0.0002355,1.20E-06,1157.519261,-0.080115057,-0.525122159,0.847247482
0.000284974,0.0002355,2.64E-05,1278.311823,-0.124130267,-0.972751793,0.195820394
0.000284974,0.0002355,5.15E-05,1428.792887,-0.085081071,-0.971995723,0.21905599
0.000284974,0.0002355,7.67E-05,1595.307467,-0.03369602,-0.974017125,0.223953608
0.000284974,0.0002355,0.000101895,1754.511793,0.027838706,-0.978811251,0.202863357
0.000284974,0.0002355,0.000127068,1881.836187,0.092217368,-0.983806449,0.153690687
0.000284974,0.0002355,0.000152242,1959.460974,0.153465888,-0.984968786,0.079276175
0.000284974,0.0002355,0.000177416,1979.518045,0.218217672,-0.97577336,-0.015728895
0.000284974,0.0002355,0.000202589,1941.764323,0.303695568,-0.943973184,-0.129165127
0.000284974,0.0002355,0.000227763,1846.131075,0.42153288,-0.868930237,-0.259365137
0.000284974,0.0002355,0.000252937,1687.837894,0.553552004,-0.735765017,-0.390166655
0.000284974,0.0002355,0.000278111,1461.585977,0.664333128,-0.564507476,-0.489890605
0.000284974,0.0002355,0.000303284,1170.890912,0.741160971,-0.400054668,-0.539107297
0.000284974,0.0002355,0.000328458,833.0719518,0.795028117,-0.272867827,-0.541731892
0.000284974,0.0002355,0.000353632,476.3303149,0.838484338,-0.188075304,-0.511440802
0.000284974,0.0002355,0.000378805,132.3032852,0.876874694,-0.136972763,-0.460791964
0.000284974,0.0002355,0.000403979,-171.783832,0.910741211,-0.107921017,-0.398627019
0.000284974,0.0002355,0.000429153,-418.6309436,0.939443281,-0.091187062,-0.330350179
0.000284974,0.0002355,0.000454326,-602.306558,0.962634358,-0.07988328,-0.258754235
0.000284974,0.0002355,0.0004795,-725.9533093,0.506714831,-0.035902584,0.861365825
0.000284974,0.0002611,1.20E-06,528.8958251,-0.240667997,-0.654622644,0.71662271
0.000284974,0.0002611,2.64E-05,597.7982536,-0.330575826,-0.933812087,0.136801349
0.000284974,0.0002611,5.15E-05,723.5305884,-0.29835534,-0.93280157,0.202151733
0.000284974,0.0002611,7.67E-05,893.5315257,-0.250042861,-0.935374152,0.250107504
0.000284974,0.0002611,0.000101895,1080.653191,-0.190649252,-0.94333273,0.271617791
0.000284974,0.0002611,0.000127068,1254.756807,-0.125168521,-0.956733902,0.262665342
0.000284974,0.0002611,0.000152242,1392.708281,-0.052387206,-0.973513045,0.22254872
0.000284974,0.0002611,0.000177416,1481.885165,0.047066679,-0.987905668,0.147740041
0.000284974,0.0002611,0.000202589,1517.544844,0.223032556,-0.97459678,0.020435124
0.000284974,0.0002611,0.000227763,1495.931073,0.508746529,-0.842108776,-0.178968653
0.000284974,0.0002611,0.000252937,1409.567441,0.755708253,-0.539850294,-0.370765015
0.000284974,0.0002611,0.000278111,1250.870381,0.847037356,-0.263351003,-0.461707663
0.000284974,0.0002611,0.000303284,1020.375144,0.869191756,-0.101765678,-0.483889904
0.000284974,0.0002611,0.000328458,731.5801377,0.88122297,-0.019034759,-0.47231743
0.000284974,0.0002611,0.000353632,409.9320166,0.897366682,0.018908099,-0.440880393
0.000284974,0.0002611,0.000378805,87.38060294,0.917554724,0.031264669,-0.396378417
0.000284974,0.0002611,0.000403979,-205.5401203,0.938738225,0.029153924,-0.343395681
0.000284974,0.0002611,0.000429153,-447.0143229,0.958372652,0.019729172,-0.284837884
0.000284974,0.0002611,0.000454326,-627.1801972,0.975005833,0.008358255,-0.222021994
0.000284974,0.0002611,0.0004795,-746.7108946,0.714130666,-0.000248366,0.700012378
0.000284974,0.0002867,1.20E-06,-91.4662606,-0.505826374,-0.755748482,0.415913346
0.000284974,0.0002867,2.64E-05,-72.77328464,-0.556683011,-0.826343522,0.085208035
0.000284974,0.0002867,5.15E-05,41.06225846,-0.53377334,-0.822437697,0.196678051
0.000284974,0.0002867,7.67E-05,237.090452,-0.491988775,-0.819632151,0.293513513
0.000284974,0.0002867,0.000101895,478.7252597,-0.441164765,-0.818818743,0.367300308
0.000284974,0.0002867,0.000127068,725.9559286,-0.389807608,-0.82017207,0.418769392
0.000284974,0.0002867,0.000152242,949.0891609,-0.335990392,-0.823392017,0.457313943
0.000284974,0.0002867,0.000177416,1130.626409,-0.247328205,-0.831997385,0.496597534
0.000284974,0.0002867,0.000202589,1260.539129,0.034372249,-0.844542988,0.534383467
0.000284974,0.0002867,0.000227763,1329.456262,0.855087329,-0.457309337,0.244323207
0.000284974,0.0002867,0.000252937,1324.97594,0.976656413,0.097917166,-0.191192257
0.000284974,0.0002867,0.000278111,1235.837248,0.918302976,0.226671673,-0.324560621
0.000284974,0.0002867,0.000303284,1059.830797,0.892862368,0.251324988,-0.37367438
0.000284974,0.0002867,0.000328458,808.0539967,0.889024381,0.244822655,-0.386907636
0.000284974,0.0002867,0.000353632,504.426068,0.89817005,0.224550786,-0.377978182
0.000284974,0.0002867,0.000378805,181.6712722,0.914608982,0.196071323,-0.353619069
0.000284974,0.0002867,0.000403979,-125.6459453,0.934214007,0.161982894,-0.317813989
0.000284974,0.0002867,0.000429153,-388.9316455,0.954069017,0.124927922,-0.272296393
0.000284974,0.0002867,0.000454326,-590.8330933,0.971996447,0.089099393,-0.217449318
0.000284974,0.0002867,0.0004795,-726.3704335,0.935791425,0.057116792,0.347896654
0.000284974,0.0003123,1.20E-06,-678.8561663,-0.757182597,-0.652594031,-0.028205398
0.000284974,0.0003123,2.64E-05,-709.2228699,-0.767441238,-0.639392521,0.04702286
0.000284974,0.0003123,5.15E-05,-594.1527449,-0.750936359,-0.629686784,0.198970196
0.000284974,0.0003123,7.67E-05,-349.3333215,-0.711403839,-0.615816323,0.338636729
0.000284974,0.0003123,0.000101895,-27.62563502,-0.664847793,-0.590237645,0.457817577
0.000284974,0.0003123,0.000127068,317.9345213,-0.62475722,-0.540608225,0.563401422
0.000284974,0.0003123,0.000152242,651.7616625,-0.588465626,-0.441290525,0.677473896
0.000284974,0.0003123,0.000177416,951.246515,-0.5141952,-0.232320967,0.825609026
0.000284974,0.0003123,0.000202589,1197.991385,-0.225620643,0.226089156,0.947617549
0.000284974,0.0003123,0.000227763,1373.279657,0.398608559,0.716106556,0.572976978
0.000284974,0.0003123,0.000252937,1458.32543,0.696870042,0.711189796,0.092634862
0.000284974,0.0003123,0.000278111,1439.182505,0.782002381,0.607779281,-0.138118144
0.000284974,0.0003123,0.000303284,1312.965031,0.816765466,0.520067488,-0.249847917
0.000284974,0.0003123,0.000328458,1088.973976,0.839592902,0.449324804,-0.305271976
0.000284974,0.0003123,0.000353632,788.3578751,0.860939054,0.387932446,-0.32907805
0.000284974,0.0003123,0.000378805,442.6532543,0.88388231,0.329167827,-0.332265861
0.000284974,0.0003123,0.000403979,90.20890206,0.908899383,0.268808743,-0.318816202
0.000284974,0.0003123,0.000429153,-229.9749516,0.934917025,0.206809392,-0.288374813
0.000284974,0.0003123,0.000454326,-486.5738634,0.959420933,0.148362316,-0.239791778
0.000284974,0.0003123,0.0004795,-663.3377022,0.98703017,0.1028681,-0.123246084
0.000284974,0.0003379,1.20E-06,-1171.099811,-0.855323314,-0.390435289,-0.340561762
0.000284974,0.0003379,2.64E-05,-1244.031507,-0.919141136,-0.393124716,0.02515014
0.000284974,0.0003379,5.15E-05,-1117.178835,-0.903223692,-0.378885379,0.201575871
0.000284974,0.0003379,7.67E-05,-810.595254,-0.859270731,-0.356782967,0.366551123
0.000284974,0.0003379,0.000101895,-396.1131131,-0.804622709,-0.308151686,0.507567567
0.000284974,0.0003379,0.000127068,63.01425885,-0.74971923,-0.207795834,0.628284941
0.000284974,0.0003379,0.000152242,529.578564,-0.675098311,-0.019648673,0.737466067
0.000284974,0.0003379,0.000177416,974.3179478,-0.520132219,0.284980431,0.805138888
0.000284974,0.0003379,0.000202589,1362.935928,-0.214957793,0.644296148,0.733945244
0.000284974,0.0003379,0.000227763,1660.331775,0.174113247,0.859652744,0.480293386
0.000284974,0.0003379,0.000252937,1839.503248,0.4714562,0.861448104,0.188775568
0.000284974,0.0003379,0.000278111,1886.317995,0.640370436,0.767634378,-0.025751999
0.000284974,0.0003379,0.000303284,1801.147655,0.731736368,0.662192038,-0.161442228
0.000284974,0.0003379,0.000328458,1593.291173,0.784671859,0.569433313,-0.245021991
0.000284974,0.0003379,0.000353632,1279.241844,0.820184989,0.488984811,-0.296968749
0.000284974,0.0003379,0.000378805,885.0236303,0.849701122,0.413048775,-0.327717429
0.000284974,0.0003379,0.000403979,451.08236,0.879557258,0.334878593,-0.337987217
0.000284974,0.0003379,0.000429153,31.71593132,0.911817695,0.254216235,-0.322432314
0.000284974,0.0003379,0.000454326,-318.1651509,0.943922764,0.179383391,-0.277184802
0.000284974,0.0003379,0.0004795,-563.1629431,0.897347058,0.113675944,-0.426434094
0.000284974,0.0003635,1.20E-06,-1472.653523,-0.86681106,-0.140560442,-0.478415456
0.000284974,0.0003635,2.64E-05,-1566.341384,-0.990238968,-0.137864361,0.020498865
0.000284974,0.0003635,5.15E-05,-1422.643601,-0.97145773,-0.121690752,0.203620332
0.000284974,0.0003635,7.67E-05,-1063.069307,-0.922623112,-0.096264414,0.37349666
0.000284974,0.0003635,0.000101895,-566.9887269,-0.857758916,-0.040067045,0.512488315
0.000284974,0.0003635,0.000127068,6.591074049,-0.780756127,0.074883106,0.620332485
0.000284974,0.0003635,0.000152242,627.0701607,-0.663840714,0.272791243,0.696347933
0.000284974,0.0003635,0.000177416,1251.210212,-0.466676073,0.534628771,0.704546322
0.000284974,0.0003635,0.000202589,1810.409361,-0.186487394,0.7736817,0.605507291
0.000284974,0.0003635,0.000227763,2240.708562,0.123494775,0.901360999,0.415087207
0.000284974,0.0003635,0.000252937,2507.042837,0.389102769,0.899726387,0.197715614
0.000284974,0.0003635,0.000278111,2601.876302,0.57366015,0.818978984,0.013691441
0.000284974,0.0003635,0.000303284,2535.235651,0.689803777,0.714091589,-0.11934803
0.000284974,0.0003635,0.000328458,2322.428449,0.760622618,0.613558078,-0.212131372
0.000284974,0.0003635,0.000353632,1974.331813,0.803852239,0.524373595,-0.280809385
0.000284974,0.0003635,0.000378805,1504.126283,0.833407113,0.440801171,-0.333357032
0.000284974,0.0003635,0.000403979,949.9861735,0.860908722,0.3550546,-0.364379476
0.000284974,0.0003635,0.000429153,386.796136,0.893643055,0.267104509,-0.360634541
0.000284974,0.0003635,0.000454326,-95.07135628,0.930282196,0.188077267,-0.314963455
0.000284974,0.0003635,0.0004795,-432.1175956,0.834114253,0.115226801,-0.539422096
0.000284974,0.0003891,1.20E-06,-1509.982862,-0.841028916,0.068380108,-0.536651212
0.000284974,0.0003891,2.64E-05,-1586.06731,-0.994618436,0.097430754,0.035233712
0.000284974,0.0003891,5.15E-05,-1423.045717,-0.970466486,0.111897191,0.213714337
0.000284974,0.0003891,7.67E-05,-1034.865088,-0.918448955,0.133613275,0.37228888
0.000284974,0.0003891,0.000101895,-481.1568712,-0.84980245,0.181049385,0.495032237
0.000284974,0.0003891,0.000127068,209.5954526,-0.760713652,0.283999478,0.583660035
0.000284974,0.0003891,0.000152242,1025.409699,-0.621353617,0.463641675,0.631629702
0.000284974,0.0003891,0.000177416,1887.47444,-0.412628195,0.681710821,0.604159192
0.000284974,0.0003891,0.000202589,2648.670162,-0.156710642,0.853489141,0.496988995
0.000284974,0.0003891,0.000227763,3198.688093,0.125088785,0.933013746,0.33739909
0.000284974,0.0003891,0.000252937,3510.869488,0.386133717,0.909177236,0.155876573
0.000284974,0.0003891,0.000278111,3601.282867,0.575681025,0.817667098,-0.003445783
0.000284974,0.0003891,0.000303284,3501.475341,0.699932676,0.703717218,-0.121968547
0.000284974,0.0003891,0.000328458,3243.095258,0.778240835,0.592550631,-0.207906113
0.000284974,0.0003891,0.000353632,2833.188413,0.822193222,0.496155235,-0.278977218
0.000284974,0.0003891,0.000378805,2262.464065,0.843684351,0.412655333,-0.343383593
0.000284974,0.0003891,0.000403979,1558.256514,0.858786644,0.33321779,-0.389167578
0.000284974,0.0003891,0.000429153,818.8474127,0.883250885,0.255540844,-0.393149783
0.000284974,0.0003891,0.000454326,179.1222745,0.919350626,0.18950366,-0.344793837
0.000284974,0.0003891,0.0004795,-263.9120394,0.823250545,0.127962695,-0.553067888
0.000284974,0.0004147,1.20E-06,-1301.331452,-0.788240665,0.243923161,-0.564958534
0.000284974,0.0004147,2.64E-05,-1321.865387,-0.949089348,0.305524167,0.076709795
0.000284974,0.0004147,5.15E-05,-1129.156059,-0.919296515,0.309032262,0.243706747
0.000284974,0.0004147,7.67E-05,-719.3037317,-0.86768612,0.313591461,0.385721652
0.000284974,0.0004147,0.000101895,-104.1412631,-0.800072007,0.338499897,0.495280328
0.000284974,0.0004147,0.000127068,752.076397,-0.704737694,0.419164652,0.572403509
0.000284974,0.0004147,0.000152242,1879.558648,-0.553072801,0.588294581,0.589932168
0.000284974,0.0004147,0.000177416,3113.855666,-0.346306817,0.793894857,0.499802505
0.000284974,0.0004147,0.000202589,4100.316522,-0.127400042,0.924024102,0.360483964
0.000284974,0.0004147,0.000227763,4665.335916,0.152501429,0.964257646,0.216680657
0.000284974,0.0004147,0.000252937,4895.013696,0.450445821,0.890816792,0.059531551
0.000284974,0.0004147,0.000278111,4868.811912,0.642942145,0.762276908,-0.074560807
0.000284974,0.0004147,0.000303284,4636.855057,0.755809016,0.631949355,-0.171443121
0.000284974,0.0004147,0.000328458,4259.360373,0.827408681,0.509451106,-0.236335451
0.000284974,0.0004147,0.000353632,3747.899337,0.864401899,0.408629076,-0.292970366
0.000284974,0.0004147,0.000378805,3062.200334,0.872338639,0.334625063,-0.356442654
0.000284974,0.0004147,0.000403979,2206.98999,0.868547294,0.277851615,-0.410395027
0.000284974,0.0004147,0.000429153,1298.391297,0.877656892,0.229913771,-0.420544931
0.000284974,0.0004147,0.000454326,510.1068471,0.907905366,0.193617791,-0.371779502
0.000284974,0.0004147,0.0004795,-34.69294208,0.828876173,0.155066465,-0.537511564
0.000284974,0.0004403,1.20E-06,-944.8294089,-0.721102086,0.374441771,-0.582928076
0.000284974,0.0004403,2.64E-05,-888.7041279,-0.875309625,0.458672827,0.153141434
0.000284974,0.0004403,5.15E-05,-646.0279582,-0.842643496,0.441841994,0.307778477
0.000284974,0.0004403,7.67E-05,-187.4161705,-0.791913417,0.420702087,0.442586595
0.000284974,0.0004403,0.000101895,541.4896239,-0.717999087,0.414756063,0.558976493
0.000284974,0.0004403,0.000127068,1686.837031,-0.607696348,0.460593301,0.646961328
0.000284974,0.0004403,0.000152242,3420.51858,-0.458594248,0.621233809,0.635421019
0.000284974,0.0004403,0.000177416,5474.702233,-0.516618207,0.445600117,0.73112664
0.000284974,0.0004403,0.000202589,6692.908914,-0.447185698,0.701021314,0.555512439
0.000284974,0.0004403,0.000227763,6795.086543,0.52439985,0.849882804,-0.052000167
0.000284974,0.0004403,0.000252937,6607.201792,0.307243606,0.865414861,-0.395801068
0.000284974,0.0004403,0.000278111,6285.279798,0.659581075,0.55187958,-0.510276135
0.000284974,0.0004403,0.000303284,5785.993295,0.555672801,0.728741896,-0.400203684
0.000284974,0.0004403,0.000328458,5191.804084,0.68894795,0.559476092,-0.460800635
0.000284974,0.0004403,0.000353632,4531.24035,0.903179375,0.275098399,-0.329526762
0.000284974,0.0004403,0.000378805,3733.553488,0.898219591,0.221905469,-0.379419991
0.000284974,0.0004403,0.000403979,2772.639253,0.878595908,0.198681851,-0.434274974
0.000284974,0.0004403,0.000429153,1762.251388,0.87164185,0.192523722,-0.450749488
0.000284974,0.0004403,0.000454326,885.1318625,0.891625828,0.196486382,-0.407917251
0.000284974,0.0004403,0.0004795,267.5188653,0.819172403,0.185559944,-0.542700729
0.000284974,0.0004659,1.20E-06,-546.0581994,-0.658435512,0.449772984,-0.60346246
0.000284974,0.0004659,2.64E-05,-411.771515,-0.801454387,0.536422709,0.26442682
0.000284974,0.0004659,5.15E-05,-105.3485502,-0.766235664,0.49377645,0.411178459
0.000284974,0.0004659,7.67E-05,428.6110415,-0.709223821,0.441952457,0.549253673
0.000284974,0.0004659,0.000101895,1310.09069,-0.613822599,0.391046145,0.685787671
0.000284974,0.0004659,0.000127068,2836.464153,-0.473585565,0.356483982,0.805379342
0.000284974,0.0004659,0.000152242,5645.566379,-0.605212213,0.669315694,0.430969463
0.000284974,0.0004659,0.000177416,5142.056578,0.968215795,-0.044394371,0.246144905
0.000284974,0.0004659,0.000202589,5794.77517,-0.27361187,-0.711649776,0.647063475
0.000284974,0.0004659,0.000227763,6089.842303,0.234571212,-0.94444863,0.230202373
0.000284974,0.0004659,0.000252937,6028.577966,-0.587265679,-0.73687503,-0.334864469
0.000284974,0.0004659,0.000278111,5772.015569,0.520396073,-0.418840713,0.744150781
0.000284974,0.0004659,0.000303284,6661.714974,0.70059978,0.713172692,0.02333794
0.000284974,0.0004659,0.000328458,5808.604552,0.693820955,0.287438167,-0.660296739
0.000284974,0.0004659,0.000353632,4985.905252,0.775083492,0.174487128,-0.607288911
0.000284974,0.0004659,0.000378805,4108.144066,0.901775385,0.09066293,-0.422588911
0.000284974,0.0004659,0.000403979,3124.138708,0.87689276,0.102955497,-0.469530886
0.000284974,0.0004659,0.000429153,2118.2346,0.861114047,0.138619993,-0.489149359
0.000284974,0.0004659,0.000454326,1242.285485,0.870337485,0.183775294,-0.456879967
0.000284974,0.0004659,0.0004795,601.6026475,0.787797803,0.200501468,-0.582386284
0.000284974,0.0004915,1.20E-06,-176.750006,-0.120634974,0.984890817,-0.124246856
0.000284974,0.0004915,2.64E-05,20.47068907,-0.151685928,0.985037304,0.081810081
0.000284974,0.0004915,5.15E-05,380.2623633,-0.187459898,0.971650425,0.14406331
0.000284974,0.0004915,7.67E-05,970.7930011,-0.241913632,0.935606959,0.257133063
0.000284974,0.0004915,0.000101895,1937.734237,-0.302258013,0.830121394,0.468549426
0.000284974,0.0004915,0.000127068,3638.341164,-0.319643071,0.522587792,0.790398828
0.000284974,0.0004915,0.000152242,7061.850193,-0.213933999,0.379910898,0.899944417
0.000284974,0.0004915,0.000177416,5447.335393,-0.419831951,0.6524613,-0.630900456
0.000284974,0.0004915,0.000202589,5632.867631,-0.190954673,0.2737205,0.942662931
0.000284974,0.0004915,0.000227763,5819.622127,0.275992847,-0.916314652,0.290164449
0.000284974,0.0004915,0.000252937,5895.974554,0.308379152,-0.948492358,0.072557188
0.000284974,0.0004915,0.000278111,5922.887605,0.057566103,-0.856036645,0.513699723
0.000284974,0.0004915,0.000303284,6923.033214,0.28624019,-0.958152714,0.003151298
0.000284974,0.0004915,0.000328458,5933.666164,0.412487398,-0.779949052,-0.470673584
0.000284974,0.0004915,0.000353632,5028.093186,0.702195915,-0.609428867,-0.368126816
0.000284974,0.0004915,0.000378805,4139.744267,0.716505851,-0.576093229,-0.393364915
0.000284974,0.0004915,0.000403979,3216.36219,0.734461976,-0.515164885,-0.441781334
0.000284974,0.0004915,0.000429153,2304.580997,0.763048928,-0.429484963,-0.483010351
0.000284974,0.0004915,0.000454326,1505.512732,0.807556014,-0.330771356,-0.488306865
0.000284974,0.0004915,0.0004795,893.628793,0.740843903,-0.210720039,-0.637767495
0.000310489,5.10E-06,1.20E-06,6421.676812,-0.007367578,0.745347586,0.666635353
0.000310489,5.10E-06,2.64E-05,6416.257722,-0.001112616,0.999948331,-0.010104369
0.000310489,5.10E-06,5.15E-05,6352.587789,-0.00848895,0.99971933,-0.022117827
0.000310489,5.10E-06,7.67E-05,6271.944096,0.019047721,0.999626824,-0.019580552
0.000310489,5.10E-06,0.000101895,6234.017073,0.052327528,0.998167668,0.03038317
0.000310489,5.10E-06,0.000127068,6433.960137,0.049873991,0.99227952,0.11355148
0.000310489,5.10E-06,0.000152242,6714.27058,-0.015351446,0.99216346,-0.124000008
0.000310489,5.10E-06,0.000177416,6130.811223,-0.370741406,0.785303363,-0.495832066
0.000310489,5.10E-06,0.000202589,5590.234581,-0.439798744,0.481843534,-0.757894368
0.000310489,5.10E-06,0.000227763,5104.534785,-0.363896355,-0.091649049,-0.926919573
0.000310489,5.10E-06,0.000252937,4631.47541,-0.200528726,-0.369601455,-0.907294326
0.000310489,5.10E-06,0.000278111,4079.460889,-0.06557968,-0.671803164,-0.737820991
0.000310489,5.10E-06,0.000303284,3422.501742,0.003341746,-0.827340126,-0.561691329
0.000310489,5.10E-06,0.000328458,2738.22841,0.034863752,-0.904248704,-0.425580544
0.000310489,5.10E-06,0.000353632,2107.517803,0.038075988,-0.967565239,-0.249735313
0.000310489,5.10E-06,0.000378805,1563.037428,0.051082636,-0.972212084,-0.22846056
0.000310489,5.10E-06,0.000403979,1107.145008,0.065525485,-0.973458472,-0.219282955
0.000310489,5.10E-06,0.000429153,732.9992647,0.085637078,-0.971209215,-0.222303737
0.000310489,5.10E-06,0.000454326,432.8507796,0.114861365,-0.966247447,-0.230592147
0.000310489,5.10E-06,0.0004795,198.9255103,0.043666516,-0.268133851,0.962391539
0.000310489,3.07E-05,1.20E-06,6437.744185,0.003205544,-0.004018277,0.999986789
0.000310489,3.07E-05,2.64E-05,6416.060425,0.062886928,-0.118201854,-0.990996244
0.000310489,3.07E-05,5.15E-05,6338.50522,-0.167999475,0.335483759,-0.926944887
0.000310489,3.07E-05,7.67E-05,6300.066726,0.460385116,0.875446684,-0.147100808
0.000310489,3.07E-05,0.000101895,6305.959088,0.568005835,0.711356595,0.41393377
0.000310489,3.07E-05,0.000127068,6481.425798,0.289536146,0.270457254,0.918162128
0.000310489,3.07E-05,0.000152242,6960.443279,0.795901229,0.594011904,-0.117008937
0.000310489,3.07E-05,0.000177416,6449.624134,-0.619267222,0.29557892,-0.727420931
0.000310489,3.07E-05,0.000202589,6030.304352,-0.505328632,0.623838146,-0.596212161
0.000310489,3.07E-05,0.000227763,5757.339698,-0.290164184,0.904323395,-0.313055815
0.000310489,3.07E-05,0.000252937,5537.252532,-0.28771922,0.823211757,-0.489428293
0.000310489,3.07E-05,0.000278111,5018.680951,-0.17630853,0.664300662,-0.726374513
0.000310489,3.07E-05,0.000303284,4097.300715,-0.051487582,0.670862684,-0.739792057
0.000310489,3.07E-05,0.000328458,3122.180334,0.031988243,0.405325577,-0.91361257
0.000310489,3.07E-05,0.000353632,2298.703103,0.117200989,0.22495772,-0.96729414
0.000310489,3.07E-05,0.000378805,1640.492019,0.197650102,0.096468312,-0.975514378
0.000310489,3.07E-05,0.000403979,1116.7595,0.271890958,-0.007725963,-0.962297052
0.000310489,3.07E-05,0.000429153,701.0719548,0.344177422,-0.100754702,-0.933482936
0.000310489,3.07E-05,0.000454326,376.2988601,0.426488845,-0.187489895,-0.884847334
0.000310489,3.07E-05,0.0004795,129.9909555,0.046293416,-0.02306869,0.998661482
0.000310489,5.63E-05,1.20E-06,6395.989539,-0.052984721,0.000673335,0.998595096
0.000310489,5.63E-05,2.64E-05,6404.22046,0.513342858,-0.858182162,-0.001576878
0.000310489,5.63E-05,5.15E-05,6395.279658,0.15470958,-0.921651316,0.355842378
0.000310489,5.63E-05,7.67E-05,6468.917326,0.129742266,0.330030382,0.935011706
0.000310489,5.63E-05,0.000101895,6550.965771,0.141801071,0.967859649,0.207702085
0.000310489,5.63E-05,0.000127068,6630.012285,0.324996831,0.657323896,0.679928199
0.000310489,5.63E-05,0.000152242,6878.450161,0.475873835,-0.847264434,-0.235981085
0.000310489,5.63E-05,0.000177416,6515.162803,-0.628141063,-0.172322985,-0.758777697
0.000310489,5.63E-05,0.000202589,6326.863646,-0.813585028,0.577046698,0.071389851
0.000310489,5.63E-05,0.000227763,6552.932207,-0.704842652,0.507297535,-0.495828646
0.000310489,5.63E-05,0.000252937,5894.929666,0.131513712,0.455442333,-0.880497828
0.000310489,5.63E-05,0.000278111,5418.660251,-0.825867523,0.388682344,-0.408495863
0.000310489,5.63E-05,0.000303284,5171.422551,-0.188569944,0.740015056,-0.645615283
0.000310489,5.63E-05,0.000328458,3549.692194,-0.00842609,0.235128096,-0.971927867
0.000310489,5.63E-05,0.000353632,2457.940627,0.096452079,0.102879042,-0.990006515
0.000310489,5.63E-05,0.000378805,1681.898855,0.190568109,0.009700321,-0.981626049
0.000310489,5.63E-05,0.000403979,1099.474988,0.271391442,-0.066020521,-0.96020205
0.000310489,5.63E-05,0.000429153,651.7248027,0.344778213,-0.134648784,-0.928976689
0.000310489,5.63E-05,0.000454326,309.7954533,0.428563265,-0.201345725,-0.880791364
0.000310489,5.63E-05,0.0004795,56.53730943,0.048302072,-0.023419551,0.998558178
0.000310489,8.19E-05,1.20E-06,6442.096799,0.18742303,-0.198592832,0.96199454
0.000310489,8.19E-05,2.64E-05,6023.180759,-0.223816703,-0.909932278,-0.349183809
0.000310489,8.19E-05,5.15E-05,6168.099014,-0.610843868,-0.585402504,0.533079428
0.000310489,8.19E-05,7.67E-05,6355.949754,-0.310146826,-0.28731448,0.906233599
0.000310489,8.19E-05,0.000101895,7069.34943,-0.28718084,-0.571464948,0.768735961
0.000310489,8.19E-05,0.000127068,6803.384491,0.453920007,-0.587229471,-0.670162797
0.000310489,8.19E-05,0.000152242,6541.105482,0.162688921,-0.85568745,-0.491254824
0.000310489,8.19E-05,0.000177416,6322.234093,0.025782691,-0.95155811,-0.306386057
0.000310489,8.19E-05,0.000202589,6340.765894,-0.369688065,-0.892963368,-0.256801788
0.000310489,8.19E-05,0.000227763,6206.748624,-0.966241689,-0.023857786,-0.256530317
0.000310489,8.19E-05,0.000252937,6133.89682,0.775426901,-0.161122171,-0.610534821
0.000310489,8.19E-05,0.000278111,5718.753651,0.988286536,-0.014640439,0.151905826
0.000310489,8.19E-05,0.000303284,6275.822049,-0.516098738,0.166283251,-0.840233285
0.000310489,8.19E-05,0.000328458,3789.740803,-0.021043738,-0.005415669,-0.999763888
0.000310489,8.19E-05,0.000353632,2496.086611,0.097866417,-0.054109423,-0.993727495
0.000310489,8.19E-05,0.000378805,1654.143567,0.206171877,-0.095557541,-0.973838751
0.000310489,8.19E-05,0.000403979,1044.72839,0.296428573,-0.131635119,-0.945939901
0.000310489,8.19E-05,0.000429153,584.6749811,0.37585203,-0.16693663,-0.911519288
0.000310489,8.19E-05,0.000454326,237.9370142,0.465240237,-0.2047871,-0.861169998
0.000310489,8.19E-05,0.0004795,-15.168111,0.052421957,-0.021682835,0.9983896
0.000310489,0.0001075,1.20E-06,5128.330817,0.103406301,-0.36569496,0.924972612
0.000310489,0.0001075,2.64E-05,5678.12251,0.417213074,-0.771801719,0.479849307
0.000310489,0.0001075,5.15E-05,6023.659988,0.531494016,-0.785060036,0.318111381
0.000310489,0.0001075,7.67E-05,6178.343817,0.58411082,-0.801049524,0.130897706
0.000310489,0.0001075,0.000101895,6212.717736,0.449836771,-0.893053749,-0.010093585
0.000310489,0.0001075,0.000127068,6159.300313,0.513281213,-0.850248193,-0.116706498
0.000310489,0.0001075,0.000152242,6026.170019,0.501479282,-0.841451701,-0.201190367
0.000310489,0.0001075,0.000177416,5882.421362,0.398298966,-0.912625188,-0.092049986
0.000310489,0.0001075,0.000202589,5918.491485,0.126669408,-0.864173373,0.486989981
0.000310489,0.0001075,0.000227763,6533.367192,-0.403609573,-0.901942969,-0.153617035
0.000310489,0.0001075,0.000252937,5763.965223,0.480773011,-0.415240302,-0.772290621
0.000310489,0.0001075,0.000278111,5404.75008,0.810424305,-0.545304841,-0.214137983
0.000310489,0.0001075,0.000303284,5559.641679,-0.253078551,-0.73146171,-0.633178501
0.000310489,0.0001075,0.000328458,3528.870825,0.012057488,-0.255266813,-0.966795465
0.000310489,0.0001075,0.000353632,2339.686003,0.13986013,-0.22239166,-0.964873615
0.000310489,0.0001075,0.000378805,1537.073129,0.256374172,-0.20552205,-0.944474971
0.000310489,0.0001075,0.000403979,948.129513,0.356021818,-0.197346501,-0.913401787
0.000310489,0.0001075,0.000429153,501.4659005,0.445951645,-0.1959009,-0.873355579
0.000310489,0.0001075,0.000454326,164.7364957,0.543997364,-0.200518156,-0.814775636
0.000310489,0.0001075,0.0004795,-80.48528249,0.077117693,-0.024333214,0.996725015
0.000310489,0.0001331,1.20E-06,4126.83137,0.079882662,-0.358579097,0.930075154
0.000310489,0.0001331,2.64E-05,4558.723203,0.232631563,-0.905724318,0.354324733
0.000310489,0.0001331,5.15E-05,4912.707944,0.289971515,-0.915138922,0.280066552
0.000310489,0.0001331,7.67E-05,5179.38727,0.380143078,-0.900691605,0.210347031
0.000310489,0.0001331,0.000101895,5355.896355,0.493852738,-0.861002762,0.12158831
0.000310489,0.0001331,0.000127068,5421.302509,0.577065345,-0.816688141,0.004008597
0.000310489,0.0001331,0.000152242,5363.485579,0.572981179,-0.812815208,-0.104995265
0.000310489,0.0001331,0.000177416,5236.581078,0.470669481,-0.873699307,-0.122962432
0.000310489,0.0001331,0.000202589,5166.087749,0.275021498,-0.961003404,0.028907325
0.000310489,0.0001331,0.000227763,5284.102456,0.050570818,-0.987404653,0.149915455
0.000310489,0.0001331,0.000252937,5516.792546,-0.147866434,-0.987523819,-0.054150027
0.000310489,0.0001331,0.000278111,5189.629914,-0.150496328,-0.760503129,-0.631653264
0.000310489,0.0001331,0.000303284,4072.066076,-0.006025245,-0.740901463,-0.671586718
0.000310489,0.0001331,0.000328458,2925.165491,0.108865182,-0.499884654,-0.859222733
0.000310489,0.0001331,0.000353632,2029.226815,0.230498852,-0.372435151,-0.898978497
0.000310489,0.0001331,0.000378805,1346.20648,0.346425029,-0.297887676,-0.889523823
0.000310489,0.0001331,0.000403979,817.1893969,0.450787415,-0.248758671,-0.85726882
0.000310489,0.0001331,0.000429153,405.9775896,0.547795548,-0.214425742,-0.808666581
0.000310489,0.0001331,0.000454326,92.29207132,0.647230406,-0.18947242,-0.73837186
0.000310489,0.0001331,0.0004795,-138.3972985,0.114145032,-0.026257258,0.993117047
0.000310489,0.0001587,1.20E-06,3286.745627,0.06127976,-0.38067931,0.922674403
0.000310489,0.0001587,2.64E-05,3635.246126,0.188167277,-0.915299758,0.356117156
0.000310489,0.0001587,5.15E-05,3961.247308,0.252676878,-0.916295426,0.310736364
0.000310489,0.0001587,7.67E-05,4248.503792,0.34492993,-0.90356169,0.254164543
0.000310489,0.0001587,0.000101895,4470.633563,0.450585883,-0.876842758,0.167687626
0.000310489,0.0001587,0.000127068,4586.931555,0.524726271,-0.849771781,0.050500106
0.000310489,0.0001587,0.000152242,4571.941782,0.524552872,-0.848649362,-0.06810686
0.000310489,0.0001587,0.000177416,4456.074643,0.446428259,-0.883055046,-0.14462225
0.000310489,0.0001587,0.000202589,4311.923036,0.317879149,-0.935671377,-0.153205484
0.000310489,0.0001587,0.000227763,4184.363746,0.183274623,-0.971634161,-0.14945725
0.000310489,0.0001587,0.000252937,4011.910383,0.098592107,-0.970228134,-0.221217006
0.000310489,0.0001587,0.000278111,3635.859065,0.089244663,-0.920549454,-0.380294745
0.000310489,0.0001587,0.000303284,3019.154304,0.148176124,-0.78610395,-0.600070343
0.000310489,0.0001587,0.000328458,2320.246233,0.248319922,-0.603130224,-0.758004716
0.000310489,0.0001587,0.000353632,1674.465844,0.360956898,-0.451228729,-0.816151182
0.000310489,0.0001587,0.000378805,1124.306892,0.470582943,-0.342498616,-0.81317058
0.000310489,0.0001587,0.000403979,670.6774382,0.570662056,-0.265132595,-0.777206231
0.000310489,0.0001587,0.000429153,305.9972525,0.662558301,-0.208628709,-0.719368167
0.000310489,0.0001587,0.000454326,22.67966134,0.749276837,-0.166130743,-0.641080961
0.000310489,0.0001587,0.0004795,-188.9618827,0.167288994,-0.026920155,0.985540308
0.000310489,0.0001843,1.20E-06,2522.310049,0.034948809,-0.438491738,0.898055442
0.000310489,0.0001843,2.64E-05,2795.746096,0.115857122,-0.940430789,0.319635821
0.000310489,0.0001843,5.15E-05,3073.716917,0.175453453,-0.939068064,0.295579526
0.000310489,0.0001843,7.67E-05,3337.838385,0.2543336,-0.933369287,0.253251246
0.000310489,0.0001843,0.000101895,3556.280243,0.339461411,-0.923268231,0.17983805
0.000310489,0.0001843,0.000127068,3687.706581,0.40066509,-0.912999121,0.076812049
0.000310489,0.0001843,0.000152242,3705.322329,0.410479273,-0.911193131,-0.035126126
0.000310489,0.0001843,0.000177416,3622.034771,0.369154622,-0.920390646,-0.128863976
0.000310489,0.0001843,0.000202589,3478.566408,0.303203247,-0.933534514,-0.191261869
0.000310489,0.0001843,0.000227763,3300.664844,0.245271339,-0.938525438,-0.242923801
0.000310489,0.0001843,0.000252937,3070.384609,0.220180513,-0.920822207,-0.321880419
0.000310489,0.0001843,0.000278111,2745.847467,0.242441685,-0.862409083,-0.444378896
0.000310489,0.0001843,0.000303284,2319.400321,0.312908979,-0.746304737,-0.587466773
0.000310489,0.0001843,0.000328458,1837.102477,0.412879814,-0.589063081,-0.694647353
0.000310489,0.0001843,0.000353632,1356.825635,0.517770122,-0.4367416,-0.735643172
0.000310489,0.0001843,0.000378805,916.2618543,0.613616877,-0.315953014,-0.723635282
0.000310489,0.0001843,0.000403979,533.3074978,0.696975501,-0.227754553,-0.679965451
0.000310489,0.0001843,0.000429153,214.8648858,0.769698837,-0.164302052,-0.616902371
0.000310489,0.0001843,0.000454326,-38.14458549,0.834168904,-0.118408779,-0.538647937
0.000310489,0.0001843,0.0004795,-229.0655589,0.246060735,-0.023102025,0.968979056
0.000310489,0.0002099,1.20E-06,1784.815291,-0.014986732,-0.545260495,0.83813268
0.000310489,0.0002099,2.64E-05,1985.425413,0.0075282,-0.966339154,0.257161362
0.000310489,0.0002099,5.15E-05,2209.832012,0.056950405,-0.964372657,0.258344789
0.000310489,0.0002099,7.67E-05,2439.875108,0.120133957,-0.963594711,0.238857834
0.000310489,0.0002099,0.000101895,2644.031435,0.187339796,-0.963970368,0.18885161
0.000310489,0.0002099,0.000127068,2785.39486,0.239840836,-0.964657009,0.109147733
0.000310489,0.0002099,0.000152242,2839.525139,0.261289718,-0.96516005,0.013919822
0.000310489,0.0002099,0.000177416,2809.078849,0.253788698,-0.964132331,-0.077718373
0.000310489,0.0002099,0.000202589,2716.777166,0.240741415,-0.957843253,-0.156779699
0.000310489,0.0002099,0.000227763,2580.664954,0.251274377,-0.938880109,-0.235298381
0.000310489,0.0002099,0.000252937,2397.832575,0.300395281,-0.893202178,-0.334593102
0.000310489,0.0002099,0.000278111,2153.737139,0.386021944,-0.801229295,-0.457185603
0.000310489,0.0002099,0.000303284,1845.154282,0.493053682,-0.654496476,-0.573177486
0.000310489,0.0002099,0.000328458,1490.156503,0.597288479,-0.480397631,-0.642234061
0.000310489,0.0002099,0.000353632,1118.516774,0.683303264,-0.324495509,-0.654063692
0.000310489,0.0002099,0.000378805,758.653906,0.751146387,-0.208772405,-0.626253293
0.000310489,0.0002099,0.000403979,431.7658083,0.806217541,-0.130121799,-0.577132215
0.000310489,0.0002099,0.000429153,151.2227009,0.852953157,-0.077845079,-0.516150226
0.000310489,0.0002099,0.000454326,-76.56039829,0.893728056,-0.042666048,-0.446575604
0.000310489,0.0002099,0.0004795,-251.0410555,0.374924315,-0.007442695,0.927025547
0.000310489,0.0002355,1.20E-06,1042.701488,-0.118432167,-0.719484157,0.684336444
0.000310489,0.0002355,2.64E-05,1171.607596,-0.136839288,-0.973627882,0.182547956
0.000310489,0.0002355,5.15E-05,1348.577558,-0.098282213,-0.970904297,0.218369991
0.000310489,0.0002355,7.67E-05,1556.537243,-0.047562441,-0.971355649,0.232821857
0.000310489,0.0002355,0.000101895,1762.748538,0.00751849,-0.976358108,0.216028512
0.000310489,0.0002355,0.000127068,1930.656404,0.05404031,-0.984490955,0.166904778
0.000310489,0.0002355,0.000152242,2035.332999,0.080694545,-0.9921546,0.095486334
0.000310489,0.0002355,0.000177416,2073.501787,0.090863482,-0.995699756,0.018050607
0.000310489,0.0002355,0.000202589,2059.442477,0.115051189,-0.991694628,-0.057489024
0.000310489,0.0002355,0.000227763,2006.470117,0.201754445,-0.968243397,-0.147647785
0.000310489,0.0002355,0.000252937,1911.392642,0.370211907,-0.886063123,-0.278989762
0.000310489,0.0002355,0.000278111,1760.861901,0.566677001,-0.701977314,-0.431398918
0.000310489,0.0002355,0.000303284,1548.842772,0.708040711,-0.459588709,-0.536149765
0.000310489,0.0002355,0.000328458,1284.3655,0.781778528,-0.252437183,-0.570173483
0.000310489,0.0002355,0.000353632,987.7650151,0.821387393,-0.113690161,-0.558925128
0.000310489,0.0002355,0.000378805,683.4444004,0.849896679,-0.030709545,-0.526053761
0.000310489,0.0002355,0.000403979,394.0351085,0.875584867,0.01589908,-0.482802609
0.000310489,0.0002355,0.000429153,136.9014936,0.900452599,0.040504745,-0.433064063
0.000310489,0.0002355,0.000454326,-77.227911,0.924532681,0.052594697,-0.377456117
0.000310489,0.0002355,0.0004795,-244.2628348,0.61052519,0.037547915,0.79110628
0.000310489,0.0002611,1.20E-06,271.0161173,-0.308203519,-0.902161046,0.301854331
0.000310489,0.0002611,2.64E-05,326.3935911,-0.311663595,-0.943920411,0.108995695
0.000310489,0.0002611,5.15E-05,469.3961915,-0.283380851,-0.940096271,0.18951067
0.000310489,0.0002611,7.67E-05,682.6501111,-0.241945873,-0.93791899,0.248536039
0.000310489,0.0002611,0.000101895,924.5353169,-0.196469215,-0.941230218,0.274746293
0.000310489,0.0002611,0.000127068,1150.321504,-0.159670384,-0.950565928,0.266326464
0.000310489,0.0002611,0.000152242,1330.148844,-0.143277919,-0.961912656,0.232799228
0.000310489,0.0002611,0.000177416,1456.6402,-0.146033868,-0.970371059,0.192494462
0.000310489,0.0002611,0.000202589,1540.888385,-0.121064202,-0.979879157,0.158683005
0.000310489,0.0002611,0.000227763,1593.343167,0.059831936,-0.992972102,0.102110449
0.000310489,0.0002611,0.000252937,1604.578206,0.524233272,-0.847473262,-0.083477821
0.000310489,0.0002611,0.000278111,1553.801082,0.869518123,-0.375294567,-0.321079776
0.000310489,0.0002611,0.000303284,1429.783408,0.906403962,-0.04912907,-0.419545221
0.000310489,0.0002611,0.000328458,1237.539518,0.889308202,0.096125792,-0.447091437
0.000310489,0.0002611,0.000353632,994.214268,0.880277076,0.158486938,-0.447207067
0.000310489,0.0002611,0.000378805,723.4066461,0.882831786,0.180935641,-0.433440114
0.000310489,0.0002611,0.000403979,450.0687051,0.893834564,0.181616833,-0.40996963
0.000310489,0.0002611,0.000429153,196.0466692,0.909682684,0.17055971,-0.378664495
0.000310489,0.0002611,0.000454326,-22.54955863,0.928099144,0.154156521,-0.338921446
0.000310489,0.0002611,0.0004795,-196.9861855,0.949424343,0.137683903,0.282199505
0.000310489,0.0002867,1.20E-06,-548.0296524,-0.49220642,-0.836173591,-0.241963975
0.000310489,0.0002867,2.64E-05,-575.4904059,-0.508759202,-0.859641948,0.046688283
0.000310489,0.0002867,5.15E-05,-448.6152367,-0.48846577,-0.854093521,0.178676941
0.000310489,0.0002867,7.67E-05,-190.1426161,-0.450785711,-0.844740816,0.28845311
0.000310489,0.0002867,0.000101895,133.4599652,-0.410795692,-0.836403201,0.362872684
0.000310489,0.0002867,0.000127068,458.4336189,-0.386181316,-0.829020636,0.404461093
0.000310489,0.0002867,0.000152242,748.2078041,-0.391406861,-0.812832144,0.431398394
0.000310489,0.0002867,0.000177416,993.1658804,-0.428973528,-0.769817126,0.472613272
0.000310489,0.0002867,0.000202589,1200.995983,-0.450219694,-0.686803899,0.57061601
0.000310489,0.0002867,0.000227763,1376.630352,-0.244605246,-0.532566455,0.810272327
0.000310489,0.0002867,0.000252937,1503.160068,0.735910275,0.134658907,0.663553349
0.000310489,0.0002867,0.000278111,1553.092773,0.901997805,0.43148595,0.0148268
0.000310489,0.0002867,0.000303284,1511.181121,0.869995884,0.450579022,-0.200214154
0.000310489,0.0002867,0.000328458,1379.599904,0.851630509,0.434639458,-0.292940298
0.000310489,0.0002867,0.000353632,1173.055609,0.847821399,0.407971626,-0.338759542
0.000310489,0.0002867,0.000378805,914.4397836,0.854552315,0.373978642,-0.360389119
0.000310489,0.0002867,0.000403979,631.6123108,0.868870093,0.333734336,-0.365631172
0.000310489,0.0002867,0.000429153,353.385367,0.888320029,0.289761152,-0.356266754
0.000310489,0.0002867,0.000454326,104.5683265,0.910600669,0.246085504,-0.332036663
0.000310489,0.0002867,0.0004795,-98.60783992,0.850036992,0.188986096,-0.491651673
0.000310489,0.0003123,1.20E-06,-1404.892633,-0.582851549,-0.581805192,-0.567262541
0.000310489,0.0003123,2.64E-05,-1535.060161,-0.717676708,-0.696376316,0.000410697
0.000310489,0.0003123,5.15E-05,-1403.798747,-0.699388478,-0.690945587,0.182893283
0.000310489,0.0003123,7.67E-05,-1050.836679,-0.652168692,-0.677366978,0.34036741
0.000310489,0.0003123,0.000101895,-595.7168328,-0.603561468,-0.655162757,0.454395551
0.000310489,0.0003123,0.000127068,-131.0609898,-0.577631486,-0.616006464,0.535609842
0.000310489,0.0003123,0.000152242,305.5545847,-0.580771598,-0.532245183,0.615970304
0.000310489,0.0003123,0.000177416,706.6252495,-0.593123598,-0.357015618,0.721626112
0.000310489,0.0003123,0.000202589,1071.527259,-0.532320013,-0.03640348,0.845760126
0.000310489,0.0003123,0.000227763,1391.376904,-0.2257961,0.434747327,0.87178603
0.000310489,0.0003123,0.000252937,1640.995248,0.280459067,0.771623733,0.570911138
0.000310489,0.0003123,0.000278111,1791.180895,0.581041092,0.789327532,0.198376654
0.000310489,0.0003123,0.000303284,1826.838717,0.697454206,0.715772855,-0.035026441
0.000310489,0.0003123,0.000328458,1747.716848,0.746998896,0.642331583,-0.171472406
0.000310489,0.0003123,0.000353632,1563.898346,0.775284943,0.577056089,-0.256786931
0.000310489,0.0003123,0.000378805,1294.781731,0.798564456,0.513934259,-0.313315156
0.000310489,0.0003123,0.000403979,970.8505628,0.823261765,0.448120515,-0.348465307
0.000310489,0.0003123,0.000429153,631.964776,0.851248969,0.380010733,-0.36189368
0.000310489,0.0003123,0.000454326,318.1135337,0.881587649,0.314632372,-0.351866009
0.000310489,0.0003123,0.0004795,58.1142752,0.592544203,0.168157798,-0.787790786
0.000310489,0.0003379,1.20E-06,-2209.719632,-0.642926824,-0.331716007,-0.690369169
0.000310489,0.0003379,2.64E-05,-2461.690435,-0.899199378,-0.436619315,-0.028355801
0.000310489,0.0003379,5.15E-05,-2308.92439,-0.878870459,-0.438802643,0.187186955
0.000310489,0.0003379,7.67E-05,-1825.544987,-0.81411532,-0.440644395,0.378217879
0.000310489,0.0003379,0.000101895,-1215.162045,-0.7465881,-0.425917098,0.51107811
0.000310489,0.0003379,0.000127068,-595.6753381,-0.704124451,-0.373916019,0.60365186
0.000310489,0.0003379,0.000152242,12.12523827,-0.673596458,-0.243046822,0.697994308
0.000310489,0.0003379,0.000177416,607.7927435,-0.608133624,0.006724787,0.793806194
0.000310489,0.0003379,0.000202589,1171.023552,-0.438434243,0.356124467,0.825197418
0.000310489,0.0003379,0.000227763,1665.42525,-0.142376894,0.68316102,0.716254034
0.000310489,0.0003379,0.000252937,2052.67231,0.185588985,0.854942473,0.484386309
0.000310489,0.0003379,0.000278111,2305.074315,0.433546082,0.869414675,0.236972398
0.000310489,0.0003379,0.000303284,2414.419847,0.584541426,0.810259538,0.042317867
0.000310489,0.0003379,0.000328458,2381.248739,0.670109829,0.735675305,-0.098664392
0.000310489,0.0003379,0.000353632,2208.136502,0.719595098,0.663593814,-0.20451441
0.000310489,0.0003379,0.000378805,1903.696569,0.753059096,0.591315651,-0.288526946
0.000310489,0.0003379,0.000403979,1498.418643,0.782892242,0.513112171,-0.351846043
0.000310489,0.0003379,0.000429153,1050.407068,0.815301039,0.430258235,-0.387507506
0.000310489,0.0003379,0.000454326,626.3851062,0.851358606,0.351106798,-0.389759594
0.000310489,0.0003379,0.0004795,275.4046739,0.462991712,0.148786538,-0.873785581
0.000310489,0.0003635,1.20E-06,-2742.313563,-0.670657154,-0.112701956,-0.73315568
0.000310489,0.0003635,2.64E-05,-3088.472376,-0.933476091,-0.34564823,-0.095653999
0.000310489,0.0003635,5.15E-05,-2920.301712,-0.876917635,-0.316451437,0.361765046
0.000310489,0.0003635,7.67E-05,-2346.709403,-0.908241856,-0.178760548,0.378340319
0.000310489,0.0003635,0.000101895,-1638.010416,-0.839980744,-0.19379851,0.506827867
0.000310489,0.0003635,0.000127068,-904.1454572,-0.789012611,-0.162633965,0.592460372
0.000310489,0.0003635,0.000152242,-120.5986875,-0.725199558,-0.029444732,0.687908867
0.000310489,0.0003635,0.000177416,716.6092034,-0.598743303,0.225233206,0.768619841
0.000310489,0.0003635,0.000202589,1535.691765,-0.381251986,0.53041625,0.757169417
0.000310489,0.0003635,0.000227763,2246.531792,-0.103219259,0.772050752,0.627123131
0.000310489,0.0003635,0.000252937,2789.095965,0.16904698,0.887693161,0.428280247
0.000310489,0.0003635,0.000278111,3140.852069,0.388686344,0.892060624,0.230544505
0.000310489,0.0003635,0.000303284,3310.049064,0.547905596,0.833734421,0.06845709
0.000310489,0.0003635,0.000328458,3311.883725,0.652111214,0.755680392,-0.060812081
0.000310489,0.0003635,0.000353632,3139.666883,0.712429446,0.679924416,-0.173629129
0.000310489,0.0003635,0.000378805,2773.930696,0.745745325,0.605166256,-0.278635448
0.000310489,0.0003635,0.000403979,2236.312926,0.768638294,0.523006324,-0.368319913
0.000310489,0.0003635,0.000429153,1616.600174,0.79385643,0.434951368,-0.424981501
0.000310489,0.0003635,0.000454326,1028.081335,0.827512113,0.352652866,-0.436874877
0.000310489,0.0003635,0.0004795,549.2191184,0.417134416,0.138471724,-0.898234079
0.000310489,0.0003891,1.20E-06,-2778.381753,-0.630737855,0.071965616,-0.772651738
0.000310489,0.0003891,2.64E-05,-3115.747252,-0.959762107,0.260977779,-0.103669174
0.000310489,0.0003891,5.15E-05,-2968.764643,-0.915114185,0.214624612,0.34132434
0.000310489,0.0003891,7.67E-05,-2441.670129,-0.938954848,0.06920832,0.33700742
0.000310489,0.0003891,0.000101895,-1776.104368,-0.899987987,0.021006458,0.435408259
0.000310489,0.0003891,0.000127068,-1019.268133,-0.859255998,0.017855683,0.5112341
0.000310489,0.0003891,0.000152242,-58.42316059,-0.773662843,0.132503144,0.619587542
0.000310489,0.0003891,0.000177416,1101.36474,-0.601084399,0.370335171,0.70820153
0.000310489,0.0003891,0.000202589,2260.922915,-0.351971217,0.634069725,0.688528755
0.000310489,0.0003891,0.000227763,3234.62186,-0.067586306,0.828343498,0.556128708
0.000310489,0.0003891,0.000252937,3937.714576,0.196858513,0.909816775,0.365349369
0.000310489,0.0003891,0.000278111,4354.968322,0.407201547,0.893738919,0.188195763
0.000310489,0.0003891,0.000303284,4532.678454,0.574459614,0.816727641,0.054333348
0.000310489,0.0003891,0.000328458,4534.355886,0.697192004,0.7151079,-0.050438085
0.000310489,0.0003891,0.000353632,4350.413346,0.766599013,0.622598485,-0.157153044
0.000310489,0.0003891,0.000378805,3898.910529,0.791454064,0.545007503,-0.276707945
0.000310489,0.0003891,0.000403979,3169.633674,0.791636201,0.468948126,-0.39166284
0.000310489,0.0003891,0.000429153,2307.924596,0.792556309,0.390449398,-0.468405556
0.000310489,0.0003891,0.000454326,1502.58465,0.81227806,0.320582061,-0.487269428
0.000310489,0.0003891,0.0004795,866.4919277,0.421022298,0.133906967,-0.897111559
0.000310489,0.0004147,1.20E-06,-2365.12216,-0.535083359,0.215640093,-0.816814023
0.000310489,0.0004147,2.64E-05,-2601.084195,-0.929295375,0.367456739,-0.03722434
0.000310489,0.0004147,5.15E-05,-2489.26423,-0.927172351,0.345237869,0.145472487
0.000310489,0.0004147,7.67E-05,-2097.635182,-0.917965796,0.290123332,0.270494453
0.000310489,0.0004147,0.000101895,-1568.223871,-0.917402733,0.21539954,0.334627051
0.000310489,0.0004147,0.000127068,-843.1366673,-0.894975043,0.184530525,0.406162723
0.000310489,0.0004147,0.000152242,340.5937532,-0.804417488,0.273353207,0.527437701
0.000310489,0.0004147,0.000177416,1949.989028,-0.60347073,0.485824333,0.632295655
0.000310489,0.0004147,0.000202589,3533.488616,-0.337371791,0.710676474,0.617348543
0.000310489,0.0004147,0.000227763,4786.378141,-0.013769039,0.871003627,0.491083593
0.000310489,0.0004147,0.000252937,5626.303539,0.485980992,0.728985901,0.482080938
0.000310489,0.0004147,0.000278111,6014.176153,0.80485874,0.570930285,0.161990798
0.000310489,0.0004147,0.000303284,6052.231231,0.623975263,0.779880177,-0.049414378
0.000310489,0.0004147,0.000328458,5939.789026,0.823997906,0.524963703,-0.21316792
0.000310489,0.0004147,0.000353632,5699.765279,0.573530127,0.777704202,-0.257370099
0.000310489,0.0004147,0.000378805,5138.994744,0.636178182,0.631325416,-0.443514983
0.000310489,0.0004147,0.000403979,4173.50178,0.842829397,0.342955347,-0.414753225
0.000310489,0.0004147,0.000429153,3029.737203,0.805771905,0.296797131,-0.51248717
0.000310489,0.0004147,0.000454326,1992.482218,0.802522056,0.258700256,-0.537617454
0.000310489,0.0004147,0.0004795,1199.037101,0.446240218,0.126659422,-0.885904655
0.000310489,0.0004403,1.20E-06,-1758.154384,-0.438915794,0.299607269,-0.847105903
0.000310489,0.0004403,2.64E-05,-1869.536842,-0.831896022,0.554928873,0.001719019
0.000310489,0.0004403,5.15E-05,-1753.736762,-0.841188087,0.519134299,0.151334671
0.000310489,0.0004403,7.67E-05,-1437.063272,-0.856416,0.452124434,0.249269195
0.000310489,0.0004403,0.000101895,-954.9079179,-0.87325825,0.370701721,0.31622818
0.000310489,0.0004403,0.000127068,-137.3550705,-0.860593729,0.319193096,0.396855391
0.000310489,0.0004403,0.000152242,1413.674657,-0.776913706,0.375098103,0.505674309
0.000310489,0.0004403,0.000177416,3596.171253,-0.611213621,0.548836824,0.570259634
0.000310489,0.0004403,0.000202589,5581.400146,-0.536848304,0.371585351,0.757441896
0.000310489,0.0004403,0.000227763,7009.374936,-0.833270965,0.541197758,0.112980019
0.000310489,0.0004403,0.000252937,5825.789748,-0.537582872,0.348534689,-0.767807415
0.000310489,0.0004403,0.000278111,5881.556163,-0.898169511,0.306962467,-0.314746841
0.000310489,0.0004403,0.000303284,5726.571768,0.299073363,-0.191252538,-0.934867686
0.000310489,0.0004403,0.000328458,5417.065356,0.491306433,-0.082411319,0.867079214
0.000310489,0.0004403,0.000353632,6811.1804,0.856054596,-0.184205337,0.482948158
0.000310489,0.0004403,0.000378805,6108.276605,0.640158252,0.419171887,-0.643810797
0.000310489,0.0004403,0.000403979,4943.294616,0.654250154,0.273080822,-0.705254281
0.000310489,0.0004403,0.000429153,3592.410809,0.816825896,0.167523403,-0.552024787
0.000310489,0.0004403,0.000454326,2398.431745,0.792796932,0.17371443,-0.584205719
0.000310489,0.0004403,0.0004795,1500.057401,0.466760651,0.107829151,-0.877785491
0.000310489,0.0004659,1.20E-06,-1153.170131,-0.372412037,0.334329213,-0.865755885
0.000310489,0.0004659,2.64E-05,-1150.84904,-0.753928542,0.651332629,0.085776221
0.000310489,0.0004659,5.15E-05,-980.5949684,-0.764506578,0.605123799,0.222159581
0.000310489,0.0004659,7.67E-05,-624.1821692,-0.775644417,0.536794033,0.332005881
0.000310489,0.0004659,0.000101895,-18.82556058,-0.774058149,0.460025022,0.434983864
0.000310489,0.0004659,0.000127068,1094.190287,-0.742303842,0.394354649,0.541728176
0.000310489,0.0004659,0.000152242,3156.94217,-0.69910618,0.374018217,0.609393897
0.000310489,0.0004659,0.000177416,6029.075414,-0.682219051,0.323442798,0.655714818
0.000310489,0.0004659,0.000202589,5236.292578,0.940129763,-0.330848445,-0.081825028
0.000310489,0.0004659,0.000227763,5976.880489,-0.312468533,-0.741283082,0.594022566
0.000310489,0.0004659,0.000252937,6146.929969,-0.140065808,0.695315229,0.704924324
0.000310489,0.0004659,0.000278111,6112.578955,0.523300184,0.678980067,-0.514920369
0.000310489,0.0004659,0.000303284,5955.597807,-0.846463265,0.42729659,-0.317675253
0.000310489,0.0004659,0.000328458,5834.956915,0.207750993,0.700353135,-0.682894583
0.000310489,0.0004659,0.000353632,5431.659808,0.875428608,0.101195832,0.472635332
0.000310489,0.0004659,0.000378805,6375.731858,0.98511316,-0.078048301,-0.153168288
0.000310489,0.0004659,0.000403979,5164.165197,0.648672277,-0.023184262,-0.760714642
0.000310489,0.0004659,0.000429153,3815.10751,0.809298567,0.023738859,-0.586917623
0.000310489,0.0004659,0.000454326,2625.182921,0.778606986,0.074133995,-0.623117414
0.000310489,0.0004659,0.0004795,1718.288597,0.471035851,0.074744501,-0.878941686
0.000310489,0.0004915,1.20E-06,-631.4150879,-0.114316937,0.946910623,-0.300486123
0.000310489,0.0004915,2.64E-05,-536.913539,-0.147639578,0.988031352,0.044683362
0.000310489,0.0004915,5.15E-05,-294.8943821,-0.185200326,0.978345284,0.092419391
0.000310489,0.0004915,7.67E-05,144.2796081,-0.242357313,0.955631896,0.167423451
0.000310489,0.0004915,0.000101895,893.1636967,-0.330988379,0.894344365,0.300989783
0.000310489,0.0004915,0.000127068,2213.616937,-0.444224505,0.738885346,0.506668565
0.000310489,0.0004915,0.000152242,4493.775169,-0.755896229,0.538005177,0.373056726
0.000310489,0.0004915,0.000177416,4639.216996,-0.685679764,0.082871127,0.723170546
0.000310489,0.0004915,0.000202589,5366.783006,-0.548339328,0.230373893,0.803897911
0.000310489,0.0004915,0.000227763,5853.742271,-0.082592127,-0.818825304,0.56807012
0.000310489,0.0004915,0.000252937,5961.905181,0.034900706,-0.981676085,0.187333942
0.000310489,0.0004915,0.000278111,6138.121579,0.050362781,-0.996135651,0.071953846
0.000310489,0.0004915,0.000303284,6106.317734,-0.343028979,-0.937025083,-0.065689518
0.000310489,0.0004915,0.000328458,5963.497819,0.023961059,-0.96511873,0.260713837
0.000310489,0.0004915,0.000353632,6928.926407,0.290457469,-0.9568862,0.001805045
0.000310489,0.0004915,0.000378805,5969.66397,0.316713843,-0.86936497,-0.379337437
0.000310489,0.0004915,0.000403979,4863.93299,0.61028766,-0.688314769,-0.392137413
0.000310489,0.0004915,0.000429153,3696.843277,0.596377555,-0.648400724,-0.473191624
0.000310489,0.0004915,0.000454326,2652.12074,0.604715832,-0.601633194,-0.521877631
0.000310489,0.0004915,0.0004795,1826.806883,0.427701562,-0.374365552,-0.82275258
0.000336005,5.10E-06,1.20E-06,6422.934786,-0.00130339,0.771249741,0.636531334
0.000336005,5.10E-06,2.64E-05,6400.823848,-0.002685929,0.999956002,-0.008987767
0.000336005,5.10E-06,5.15E-05,6356.606547,0.002357054,0.99991624,-0.012726259
0.000336005,5.10E-06,7.67E-05,6308.526648,0.013970793,0.999884126,0.006045855
0.000336005,5.10E-06,0.000101895,6399.002673,0.036692853,0.998936406,0.027922954
0.000336005,5.10E-06,0.000127068,6495.551939,0.069161801,0.997602396,-0.002470631
0.000336005,5.10E-06,0.000152242,6384.124208,-0.137932878,0.978701661,-0.152044667
0.000336005,5.10E-06,0.000177416,5793.02002,-0.323586576,0.768137508,-0.552500223
0.000336005,5.10E-06,0.000202589,5301.075042,-0.404970265,0.641224511,-0.651790006
0.000336005,5.10E-06,0.000227763,4863.390955,-0.493944648,-0.296754137,-0.817285548
0.000336005,5.10E-06,0.000252937,4426.156358,-0.362028403,-0.618699,-0.697242413
0.000336005,5.10E-06,0.000278111,3922.608442,-0.222734606,-0.770059814,-0.597827047
0.000336005,5.10E-06,0.000303284,3337.080304,-0.108273026,-0.864656217,-0.490557416
0.000336005,5.10E-06,0.000328458,2724.526821,-0.035857234,-0.92538401,-0.377331013
0.000336005,5.10E-06,0.000353632,2147.40947,0.001468228,-0.95839303,-0.285448148
0.000336005,5.10E-06,0.000378805,1636.60057,0.01958639,-0.974177339,-0.224933071
0.000336005,5.10E-06,0.000403979,1199.298952,0.02257247,-0.989274985,-0.144310388
0.000336005,5.10E-06,0.000429153,834.4979231,0.034042205,-0.987641111,-0.152990734
0.000336005,5.10E-06,0.000454326,539.9883785,0.049865153,-0.985430314,-0.162605545
0.000336005,5.10E-06,0.0004795,311.7890925,0.027901226,-0.369922886,0.928643408
0.000336005,3.07E-05,1.20E-06,6414.463472,-0.003813856,0.004809317,0.999981162
0.000336005,3.07E-05,2.64E-05,6397.934651,-0.375975729,0.322919723,-0.868541941
0.000336005,3.07E-05,5.15E-05,6371.363932,0.661642984,-0.289643845,-0.691617672
0.000336005,3.07E-05,7.67E-05,6357.980196,0.597435938,0.692326024,0.404666501
0.000336005,3.07E-05,0.000101895,6435.31797,0.599608607,0.503235346,0.622273014
0.000336005,3.07E-05,0.000127068,6548.017603,-0.030759632,0.613593466,0.789022753
0.000336005,3.07E-05,0.000152242,6678.986569,-0.685472356,0.493871104,-0.534994376
0.000336005,3.07E-05,0.000177416,6139.593538,-0.465339018,0.429573524,-0.773903215
0.000336005,3.07E-05,0.000202589,5723.228772,-0.516107997,0.605002534,-0.606303942
0.000336005,3.07E-05,0.000227763,5408.860537,-0.514542145,0.744163695,-0.425989173
0.000336005,3.07E-05,0.000252937,5100.732973,-0.469354783,0.783426085,-0.407369191
0.000336005,3.07E-05,0.000278111,4598.746499,-0.403758216,0.726200736,-0.556427708
0.000336005,3.07E-05,0.000303284,3851.259937,-0.293850962,0.562173184,-0.773054282
0.000336005,3.07E-05,0.000328458,3043.282651,-0.156762737,0.37251878,-0.914688582
0.000336005,3.07E-05,0.000353632,2319.224417,-0.03660572,0.222612045,-0.974219636
0.000336005,3.07E-05,0.000378805,1711.491821,0.056854682,0.104087135,-0.992941798
0.000336005,3.07E-05,0.000403979,1209.964111,0.122996756,-0.000958429,-0.99240661
0.000336005,3.07E-05,0.000429153,801.7781972,0.168722862,-0.104852888,-0.980070644
0.000336005,3.07E-05,0.000454326,480.437234,0.221537111,-0.211543879,-0.95192988
0.000336005,3.07E-05,0.0004795,240.6021179,0.025397599,-0.024032192,0.999388521
0.000336005,5.63E-05,1.20E-06,6453.049407,0.010993003,0.073709524,0.997219163
0.000336005,5.63E-05,2.64E-05,6417.11942,0.110382481,-0.903053237,-0.41510307
0.000336005,5.63E-05,5.15E-05,6339.59058,0.05342568,-0.998141671,0.029307031
0.000336005,5.63E-05,7.67E-05,6419.795744,-0.206914843,0.365160493,0.90765856
0.000336005,5.63E-05,0.000101895,6555.289528,-0.030696993,0.465421654,0.8845566
0.000336005,5.63E-05,0.000127068,6688.252931,-0.028898064,0.917402562,0.396909865
0.000336005,5.63E-05,0.000152242,6767.539039,-0.427361892,0.035972403,-0.90336471
0.000336005,5.63E-05,0.000177416,6332.520569,-0.40005244,0.247557966,-0.882424557
0.000336005,5.63E-05,0.000202589,6042.587938,-0.730625408,0.513153943,-0.450399316
0.000336005,5.63E-05,0.000227763,5969.249374,-0.803723895,0.5945886,-0.022187801
0.000336005,5.63E-05,0.000252937,6010.49929,-0.447962937,0.870057517,-0.205740429
0.000336005,5.63E-05,0.000278111,5580.927187,-0.340386815,0.725870728,-0.597702688
0.000336005,5.63E-05,0.000303284,4487.385928,-0.473963684,0.379812583,-0.794418547
0.000336005,5.63E-05,0.000328458,3359.034575,-0.227925361,0.216004638,-0.949416677
0.000336005,5.63E-05,0.000353632,2456.881203,-0.066506443,0.106530887,-0.99208269
0.000336005,5.63E-05,0.000378805,1754.850236,0.043072613,0.024498039,-0.998771543
0.000336005,5.63E-05,0.000403979,1198.405506,0.107488691,-0.047374967,-0.993076932
0.000336005,5.63E-05,0.000429153,755.127719,0.132639565,-0.120988859,-0.983752226
0.000336005,5.63E-05,0.000454326,413.1683519,0.156053096,-0.204332369,-0.966382799
0.000336005,5.63E-05,0.0004795,166.6776474,0.019771732,-0.021827693,0.999566221
0.000336005,8.19E-05,1.20E-06,6884.289305,0.043766417,-0.174733272,0.98364261
0.000336005,8.19E-05,2.64E-05,6146.925888,0.20939448,-0.567553629,-0.796264296
0.000336005,8.19E-05,5.15E-05,6278.669815,0.501608956,0.099897953,0.859307194
0.000336005,8.19E-05,7.67E-05,6446.227712,0.332965977,0.444831278,0.831419745
0.000336005,8.19E-05,0.000101895,6578.962529,-0.588572222,0.169538102,0.790467945
0.000336005,8.19E-05,0.000127068,7046.91121,-0.720948124,-0.114887078,0.683399416
0.000336005,8.19E-05,0.000152242,6693.391888,0.504724968,-0.338473843,-0.794158778
0.000336005,8.19E-05,0.000177416,6346.417675,0.192653589,-0.318879488,-0.928008872
0.000336005,8.19E-05,0.000202589,6144.124091,-0.938996187,-0.311796156,-0.14515274
0.000336005,8.19E-05,0.000227763,6283.334606,-0.707022636,-0.015534159,0.707020284
0.000336005,8.19E-05,0.000252937,6770.72237,-0.941029569,0.257246246,0.219744669
0.000336005,8.19E-05,0.000278111,6479.79281,-0.442947935,0.15310723,-0.883377214
0.000336005,8.19E-05,0.000303284,4931.53966,-0.60425174,0.031032885,-0.796188919
0.000336005,8.19E-05,0.000328458,3513.072265,-0.254950586,-0.00870382,-0.96691491
0.000336005,8.19E-05,0.000353632,2494.400628,-0.065597871,-0.041402236,-0.996986848
0.000336005,8.19E-05,0.000378805,1742.882678,0.057969456,-0.068262971,-0.995981781
0.000336005,8.19E-05,0.000403979,1161.464452,0.12687607,-0.092671313,-0.987580119
0.000336005,8.19E-05,0.000429153,703.5686571,0.146601615,-0.120344305,-0.981847857
0.000336005,8.19E-05,0.000454326,353.9080274,0.159401095,-0.159247512,-0.974285133
0.000336005,8.19E-05,0.0004795,106.4746143,0.018757238,-0.014368488,0.999720817
0.000336005,0.0001075,1.20E-06,5361.858229,0.028512108,-0.398075463,0.916909475
0.000336005,0.0001075,2.64E-05,5978.141485,0.166823526,-0.789583131,0.590532294
0.000336005,0.0001075,5.15E-05,6374.974887,0.343252133,-0.814237889,0.468182265
0.000336005,0.0001075,7.67E-05,6583.181037,0.624040371,-0.731875593,0.27373661
0.000336005,0.0001075,0.000101895,6686.304806,0.390271811,-0.912512187,0.122512947
0.000336005,0.0001075,0.000127068,6668.690302,0.380060765,-0.89962021,-0.215028588
0.000336005,0.0001075,0.000152242,6463.929726,0.43638255,-0.716018511,-0.544874079
0.000336005,0.0001075,0.000177416,6140.586629,0.616412747,-0.605445529,-0.503459072
0.000336005,0.0001075,0.000202589,5904.787209,-0.026776711,-0.973165065,-0.228544883
0.000336005,0.0001075,0.000227763,5955.249044,-0.683447966,-0.697770576,0.214511308
0.000336005,0.0001075,0.000252937,6244.379812,-0.362973041,-0.931399564,-0.027302446
0.000336005,0.0001075,0.000278111,5905.093266,-0.311497988,-0.70878886,-0.632919707
0.000336005,0.0001075,0.000303284,4604.977406,-0.517998509,-0.339904159,-0.784947582
0.000336005,0.0001075,0.000328458,3336.724804,-0.206966032,-0.250843044,-0.945644134
0.000336005,0.0001075,0.000353632,2382.124983,-0.017171091,-0.199049688,-0.979838954
0.000336005,0.0001075,0.000378805,1661.945826,0.113502815,-0.164364745,-0.979847611
0.000336005,0.0001075,0.000403979,1099.228054,0.195062248,-0.137442464,-0.971112912
0.000336005,0.0001075,0.000429153,654.4699253,0.238381301,-0.115979853,-0.964221463
0.000336005,0.0001075,0.000454326,313.920183,0.286671741,-0.103423088,-0.952430038
0.000336005,0.0001075,0.0004795,71.23025945,0.038085961,-0.009656681,0.999227806
0.000336005,0.0001331,1.20E-06,4276.37944,0.02934627,-0.38162451,0.923851465
0.000336005,0.0001331,2.64E-05,4769.377538,0.11444754,-0.911690723,0.394615999
0.000336005,0.0001331,5.15E-05,5208.597074,0.208849087,-0.911456465,0.354442057
0.000336005,0.0001331,7.67E-05,5599.744356,0.394407689,-0.860425435,0.322661813
0.000336005,0.0001331,0.000101895,5931.278717,0.654557148,-0.723495763,0.21933723
0.000336005,0.0001331,0.000127068,6100.799756,0.447882102,-0.89338209,0.035637965
0.000336005,0.0001331,0.000152242,5987.658807,0.464890079,-0.836327085,-0.29057567
0.000336005,0.0001331,0.000177416,5662.621592,0.630044873,-0.685603948,-0.36467888
0.000336005,0.0001331,0.000202589,5341.574843,0.258665369,-0.901801832,-0.346187353
0.000336005,0.0001331,0.000227763,5159.987762,-0.178587704,-0.96678639,-0.182840116
0.000336005,0.0001331,0.000252937,5030.724803,-0.389665399,-0.893924658,-0.22149398
0.000336005,0.0001331,0.000278111,4612.781202,-0.398728381,-0.805822048,-0.437797334
0.000336005,0.0001331,0.000303284,3800.529944,-0.263439255,-0.643522025,-0.718664847
0.000336005,0.0001331,0.000328458,2913.449454,-0.076145484,-0.465022588,-0.88201806
0.000336005,0.0001331,0.000353632,2148.415455,0.0868587,-0.337502358,-0.937308767
0.000336005,0.0001331,0.000378805,1524.038456,0.215174978,-0.245899364,-0.945110169
0.000336005,0.0001331,0.000403979,1016.460761,0.309854537,-0.174176174,-0.934693975
0.000336005,0.0001331,0.000429153,607.5094723,0.384315521,-0.1138195,-0.916158666
0.000336005,0.0001331,0.000454326,289.5022756,0.470894692,-0.063954475,-0.87986818
0.000336005,0.0001331,0.0004795,56.86445885,0.074971614,-0.004128902,0.99717712
0.000336005,0.0001587,1.20E-06,3382.247213,0.026026784,-0.411504445,0.911036058
0.000336005,0.0001587,2.64E-05,3787.943649,0.110305229,-0.909004556,0.401924711
0.000336005,0.0001587,5.15E-05,4203.504792,0.204568188,-0.899309864,0.386514715
0.000336005,0.0001587,7.67E-05,4623.407546,0.359413218,-0.864073705,0.35241846
0.000336005,0.0001587,0.000101895,5005.556932,0.554145439,-0.795136011,0.246336268
0.000336005,0.0001587,0.000127068,5231.403978,0.688273288,-0.722437799,0.06605685
0.000336005,0.0001587,0.000152242,5181.41952,0.680197292,-0.721406118,-0.130018676
0.000336005,0.0001587,0.000177416,4905.365121,0.531730248,-0.795435876,-0.290765732
0.000336005,0.0001587,0.000202589,4573.276031,0.299275446,-0.889241649,-0.345953028
0.000336005,0.0001587,0.000227763,4283.761463,0.068829379,-0.943598861,-0.323857539
0.000336005,0.0001587,0.000252937,3998.515724,-0.069527497,-0.933697803,-0.351246835
0.000336005,0.0001587,0.000278111,3602.415716,-0.093859615,-0.872464367,-0.479579297
0.000336005,0.0001587,0.000303284,3057.556821,-0.02522534,-0.746111732,-0.665342743
0.000336005,0.0001587,0.000328458,2450.936592,0.101113317,-0.575796041,-0.811316841
0.000336005,0.0001587,0.000353632,1873.35902,0.237743271,-0.415186665,-0.878121956
0.000336005,0.0001587,0.000378805,1362.445569,0.357247465,-0.284802951,-0.889528824
0.000336005,0.0001587,0.000403979,925.5445021,0.454736003,-0.181791314,-0.871875614
0.000336005,0.0001587,0.000429153,562.6263515,0.5403039,-0.098755902,-0.835654814
0.000336005,0.0001587,0.000454326,273.2179511,0.630426001,-0.03289557,-0.775552022
0.000336005,0.0001587,0.0004795,54.44267014,0.12968577,0.001971546,0.991553183
0.000336005,0.0001843,1.20E-06,2561.441456,0.010099837,-0.494605161,0.869059105
0.000336005,0.0001843,2.64E-05,2880.542949,0.066809781,-0.933552129,0.352160299
0.000336005,0.0001843,5.15E-05,3231.790404,0.142505875,-0.926606509,0.34798341
0.000336005,0.0001843,7.67E-05,3599.938074,0.251536997,-0.914625635,0.316526598
0.000336005,0.0001843,0.000101895,3935.523468,0.376704407,-0.897567545,0.229055215
0.000336005,0.0001843,0.000127068,4144.888044,0.464863951,-0.881169321,0.08626781
0.000336005,0.0001843,0.000152242,4148.002773,0.464521175,-0.882442436,-0.074265907
0.000336005,0.0001843,0.000177416,3970.774147,0.377314439,-0.902376586,-0.208207374
0.000336005,0.0001843,0.000202589,3716.739318,0.251868181,-0.92547163,-0.282957031
0.000336005,0.0001843,0.000227763,3456.99285,0.14310374,-0.936944888,-0.318834746
0.000336005,0.0001843,0.000252937,3188.873129,0.087150937,-0.92281312,-0.37526079
0.000336005,0.0001843,0.000278111,2871.972242,0.098818347,-0.868062291,-0.486521113
0.000336005,0.0001843,0.000303284,2487.400017,0.17628161,-0.753660338,-0.63318314
0.000336005,0.0001843,0.000328458,2058.785045,0.296069398,-0.584556254,-0.755405121
0.000336005,0.0001843,0.000353632,1625.04814,0.419564087,-0.404399586,-0.812666569
0.000336005,0.0001843,0.000378805,1215.434847,0.523163178,-0.251334007,-0.814328868
0.000336005,0.0001843,0.000403979,846.8694421,0.605947923,-0.13406305,-0.784126401
0.000336005,0.0001843,0.000429153,529.113386,0.677275543,-0.046554328,-0.734255087
0.000336005,0.0001843,0.000454326,267.582284,0.746345392,0.016952544,-0.665342894
0.000336005,0.0001843,0.0004795,63.15095971,0.214807477,0.015272174,0.976536998
0.000336005,0.0002099,1.20E-06,1751.638379,-0.03289919,-0.651565154,0.757878943
0.000336005,0.0002099,2.64E-05,1980.801578,-0.012801196,-0.963067133,0.268956924
0.000336005,0.0002099,5.15E-05,2255.46653,0.04127498,-0.958222858,0.283028852
0.000336005,0.0002099,7.67E-05,2555.484844,0.112833325,-0.956457999,0.269177889
0.000336005,0.0002099,0.000101895,2833.972223,0.189121907,-0.959033702,0.210920036
0.000336005,0.0002099,0.000127068,3024.312079,0.242547684,-0.963901811,0.109835875
0.000336005,0.0002099,0.000152242,3077.527146,0.247041441,-0.968959332,-0.009398868
0.000336005,0.0002099,0.000177416,3004.603932,0.203014138,-0.972651616,-0.112845441
0.000336005,0.0002099,0.000202589,2864.386081,0.144360058,-0.972997096,-0.18010226
0.000336005,0.0002099,0.000227763,2706.27576,0.11671229,-0.96620033,-0.229859009
0.000336005,0.0002099,0.000252937,2535.513715,0.146653442,-0.940149016,-0.307591605
0.000336005,0.0002099,0.000278111,2329.635507,0.238477494,-0.866272964,-0.438975668
0.000336005,0.0002099,0.000303284,2073.251037,0.37603589,-0.711232504,-0.593923678
0.000336005,0.0002099,0.000328458,1772.320608,0.514714425,-0.491557478,-0.702453064
0.000336005,0.0002099,0.000353632,1446.583555,0.61734961,-0.280254827,-0.735075976
0.000336005,0.0002099,0.000378805,1118.201545,0.685241787,-0.122228409,-0.717986009
0.000336005,0.0002099,0.000403979,806.2161117,0.734299203,-0.015759872,-0.678642989
0.000336005,0.0002099,0.000429153,525.2755275,0.77656273,0.053857085,-0.627733813
0.000336005,0.0002099,0.000454326,285.2914585,0.818244549,0.097995604,-0.566456283
0.000336005,0.0002099,0.0004795,90.92412172,0.377231406,0.053898321,0.924549316
0.000336005,0.0002355,1.20E-06,909.1569163,-0.129008989,-0.881124995,0.454945518
0.000336005,0.0002355,2.64E-05,1045.908911,-0.120851099,-0.977192865,0.174611329
0.000336005,0.0002355,5.15E-05,1253.192462,-0.084699234,-0.971567405,0.221094587
0.000336005,0.0002355,7.67E-05,1509.547959,-0.037553235,-0.969946066,0.240404625
0.000336005,0.0002355,0.000101895,1767.709295,0.010952486,-0.975671066,0.218965783
0.000336005,0.0002355,0.000127068,1971.292788,0.042973926,-0.986766835,0.156347224
0.000336005,0.0002355,0.000152242,2081.8187,0.038941727,-0.996722218,0.070910949
0.000336005,0.0002355,0.000177416,2102.530077,-0.006301596,-0.999977108,-0.002464287
0.000336005,0.0002355,0.000202589,2077.735996,-0.055350092,-0.997822518,-0.035869073
0.000336005,0.0002355,0.000227763,2051.184172,-0.030286231,-0.998210616,-0.051558813
0.000336005,0.0002355,0.000252937,2018.182514,0.118249354,-0.985396689,-0.122517165
0.000336005,0.0002355,0.000278111,1944.296226,0.387036235,-0.868756007,-0.308975651
0.000336005,0.0002355,0.000303284,1808.704789,0.647391582,-0.556583864,-0.520671241
0.000336005,0.0002355,0.000328458,1612.833841,0.759164256,-0.223505248,-0.611322367
0.000336005,0.0002355,0.000353632,1371.435518,0.786469488,-0.013004654,-0.617492206
0.000336005,0.0002355,0.000378805,1104.573894,0.796090399,0.100843229,-0.596716615
0.000336005,0.0002355,0.000403979,832.8669602,0.807360114,0.161758371,-0.567453853
0.000336005,0.0002355,0.000429153,574.5635458,0.824513741,0.191242613,-0.532544227
0.000336005,0.0002355,0.000454326,343.9965792,0.847657553,0.202670005,-0.4903076
0.000336005,0.0002355,0.0004795,150.0820398,0.762870679,0.176863395,0.621890397
0.000336005,0.0002611,1.20E-06,-12.75492665,-0.258340044,-0.959321116,-0.113857006
0.000336005,0.0002611,2.64E-05,22.8390754,-0.24982159,-0.964388316,0.08685821
0.000336005,0.0002611,5.15E-05,183.5702223,-0.227158979,-0.957081873,0.179980797
0.000336005,0.0002611,7.67E-05,444.4395997,-0.195194335,-0.949521473,0.245577165
0.000336005,0.0002611,0.000101895,741.6797256,-0.164014234,-0.949425994,0.267749162
0.000336005,0.0002611,0.000127068,1008.275092,-0.151520025,-0.957995795,0.243486631
0.000336005,0.0002611,0.000152242,1201.620259,-0.18395653,-0.964755817,0.188165373
0.000336005,0.0002611,0.000177416,1319.83719,-0.288511965,-0.946325887,0.145698873
0.000336005,0.0002611,0.000202589,1411.83255,-0.415575344,-0.892983367,0.172852076
0.000336005,0.0002611,0.000227763,1533.757484,-0.384520969,-0.881335537,0.274574755
0.000336005,0.0002611,0.000252937,1661.26284,-0.068335589,-0.924812462,0.37423543
0.000336005,0.0002611,0.000278111,1730.666158,0.733776198,-0.659774023,0.162082476
0.000336005,0.0002611,0.000303284,1712.925985,0.964588595,0.032470025,-0.26175282
0.000336005,0.0002611,0.000328458,1609.743429,0.877826913,0.269202918,-0.396168777
0.000336005,0.0002611,0.000353632,1435.698104,0.827855626,0.342609931,-0.444154813
0.000336005,0.0002611,0.000378805,1210.759295,0.808903052,0.3621812,-0.463142128
0.000336005,0.0002611,0.000403979,959.8594554,0.808220525,0.356933364,-0.468378219
0.000336005,0.0002611,0.000429153,703.8074569,0.819217375,0.338245443,-0.463112202
0.000336005,0.0002611,0.000454326,463.7234862,0.838995363,0.313129309,-0.445013276
0.000336005,0.0002611,0.0004795,254.3756435,0.824841748,0.272995393,-0.495085454
0.000336005,0.0002867,1.20E-06,-1074.73049,-0.336899172,-0.773326137,-0.537089968
0.000336005,0.0002867,2.64E-05,-1170.807753,-0.398395192,-0.917060473,0.01677379
0.000336005,0.0002867,5.15E-05,-1026.715152,-0.384330518,-0.907606422,0.168939739
0.000336005,0.0002867,7.67E-05,-684.9208474,-0.358113971,-0.887284197,0.29065639
0.000336005,0.0002867,0.000101895,-265.4836512,-0.334729352,-0.870865342,0.359930296
0.000336005,0.0002867,0.000127068,131.0151355,-0.337941732,-0.861876171,0.378106933
0.000336005,0.0002867,0.000152242,457.3344526,-0.400342271,-0.839051479,0.368400165
0.000336005,0.0002867,0.000177416,714.0622606,-0.557698092,-0.74194565,0.372141762
0.000336005,0.0002867,0.000202589,953.8715268,-0.720844161,-0.536662536,0.438608046
0.000336005,0.0002867,0.000227763,1236.999254,-0.674470859,-0.348412784,0.650920574
0.000336005,0.0002867,0.000252937,1523.340227,-0.274136793,-0.007407766,0.961662177
0.000336005,0.0002867,0.000278111,1730.434445,0.478338722,0.569246549,0.668693079
0.000336005,0.0002867,0.000303284,1823.959092,0.714023021,0.691584869,0.109002265
0.000336005,0.0002867,0.000328458,1804.404771,0.733669066,0.663407599,-0.147037612
0.000336005,0.0002867,0.000353632,1684.413933,0.733606387,0.621459379,-0.27497256
0.000336005,0.0002867,0.000378805,1482.98556,0.738888128,0.575108476,-0.351133272
0.000336005,0.0002867,0.000403979,1225.738295,0.753077192,0.5225133,-0.399818201
0.000336005,0.0002867,0.000429153,943.0653593,0.774821399,0.466368843,-0.426792576
0.000336005,0.0002867,0.000454326,665.5904393,0.802713174,0.410335782,-0.432754095
0.000336005,0.0002867,0.0004795,417.266728,0.452552658,0.194656846,-0.870232615
0.000336005,0.0003123,1.20E-06,-2338.058722,-0.40826061,-0.569972747,-0.713059845
0.000336005,0.0003123,2.64E-05,-2646.722603,-0.586681222,-0.809123325,-0.033534881
0.000336005,0.0003123,5.15E-05,-2470.999412,-0.571844223,-0.798169424,0.189525079
0.000336005,0.0003123,7.67E-05,-1918.718669,-0.52834905,-0.763066827,0.372258377
0.000336005,0.0003123,0.000101895,-1265.941945,-0.490191598,-0.730101024,0.476093155
0.000336005,0.0003123,0.000127068,-667.2558021,-0.489095603,-0.698487458,0.522399045
0.000336005,0.0003123,0.000152242,-148.7897098,-0.540906961,-0.624460425,0.563443729
0.000336005,0.0003123,0.000177416,313.1175316,-0.638932633,-0.437414795,0.632798063
0.000336005,0.0003123,0.000202589,761.152884,-0.680658144,-0.125103111,0.721840496
0.000336005,0.0003123,0.000227763,1223.780729,-0.521383932,0.222105657,0.823910112
0.000336005,0.0003123,0.000252937,1657.397497,-0.151408109,0.579515319,0.800773113
0.000336005,0.0003123,0.000278111,1990.911518,0.237558135,0.812432725,0.53246521
0.000336005,0.0003123,0.000303284,2190.192188,0.465351984,0.858200178,0.216656377
0.000336005,0.0003123,0.000328458,2250.008727,0.567469964,0.82332176,-0.010914233
0.000336005,0.0003123,0.000353632,2174.432644,0.616613043,0.769570755,-0.165979541
0.000336005,0.0003123,0.000378805,1974.729892,0.649092465,0.707515191,-0.279465966
0.000336005,0.0003123,0.000403979,1677.418347,0.680055075,0.635984657,-0.364758291
0.000336005,0.0003123,0.000429153,1326.263282,0.71456047,0.557555903,-0.422533727
0.000336005,0.0003123,0.000454326,970.7268502,0.753132843,0.479574164,-0.450332702
0.000336005,0.0003123,0.0004795,650.2495309,0.29480155,0.152167689,-0.943364744
0.000336005,0.0003379,1.20E-06,-3754.74146,-0.241045635,-0.403556176,-0.882632095
0.000336005,0.0003379,2.64E-05,-4432.695919,-0.836016156,-0.474066076,-0.276293942
0.000336005,0.0003379,5.15E-05,-4144.565831,-0.647122741,-0.39984653,0.649118564
0.000336005,0.0003379,7.67E-05,-3196.917396,-0.700635858,-0.539487009,0.466972335
0.000336005,0.0003379,0.000101895,-2217.134716,-0.62040194,-0.536364458,0.572201539
0.000336005,0.0003379,0.000127068,-1387.998886,-0.597019421,-0.523473993,0.607900313
0.000336005,0.0003379,0.000152242,-647.6064382,-0.608189484,-0.429225027,0.667736047
0.000336005,0.0003379,0.000177416,74.42241851,-0.612794997,-0.193296069,0.766236857
0.000336005,0.0003379,0.000202589,793.3704913,-0.534289514,0.155731079,0.830832441
0.000336005,0.0003379,0.000227763,1482.696071,-0.338018476,0.49222888,0.802155995
0.000336005,0.0003379,0.000252937,2087.910539,-0.07333356,0.739481227,0.669170908
0.000336005,0.0003379,0.000278111,2557.136935,0.179669087,0.869838575,0.459456063
0.000336005,0.0003379,0.000303284,2867.652749,0.365486686,0.899134784,0.240782315
0.000336005,0.0003379,0.000328458,3013.368325,0.479538526,0.875912699,0.053101279
0.000336005,0.0003379,0.000353632,2982.370032,0.544217558,0.832445829,-0.104217036
0.000336005,0.0003379,0.000378805,2762.569879,0.58569147,0.773821226,-0.241176724
0.000336005,0.0003379,0.000403979,2375.538206,0.621963421,0.696177248,-0.358467212
0.000336005,0.0003379,0.000429153,1891.374834,0.660749864,0.604059632,-0.445557603
0.000336005,0.0003379,0.000454326,1397.691453,0.704327083,0.511317366,-0.492420463
0.000336005,0.0003379,0.0004795,960.0227029,0.222899944,0.127706101,-0.966440255
0.000336005,0.0003635,1.20E-06,-4845.468001,-0.248733232,-0.209161431,-0.945718391
0.000336005,0.0003635,2.64E-05,-3326.911732,-0.367232071,0.50767538,0.779362762
0.000336005,0.0003635,5.15E-05,-3245.110219,-0.5778295,0.583291896,-0.570862184
0.000336005,0.0003635,7.67E-05,-4183.16426,-0.767204944,-0.627089239,0.13474294
0.000336005,0.0003635,0.000101895,-2990.282961,-0.735505317,-0.336074035,0.58829089
0.000336005,0.0003635,0.000127068,-2041.693547,-0.69565815,-0.409147257,0.590472913
0.000336005,0.0003635,0.000152242,-1104.763325,-0.665414947,-0.334247591,0.667458984
0.000336005,0.0003635,0.000177416,-56.54905455,-0.606497511,-0.066522977,0.792297585
0.000336005,0.0003635,0.000202589,1029.589705,-0.466994651,0.294473016,0.833787526
0.000336005,0.0003635,0.000227763,2031.605066,-0.261577593,0.60695216,0.750457353
0.000336005,0.0003635,0.000252937,2864.838178,-0.037812115,0.807144349,0.589141955
0.000336005,0.0003635,0.000278111,3492.112732,0.168594754,0.89617065,0.410431449
0.000336005,0.0003635,0.000303284,3922.713406,0.34141645,0.907097382,0.246189251
0.000336005,0.0003635,0.000328458,4174.331311,0.465447788,0.880184759,0.092914729
0.000336005,0.0003635,0.000353632,4211.640263,0.536994208,0.841247092,-0.062773809
0.000336005,0.0003635,0.000378805,3954.737149,0.575480622,0.786899381,-0.222736205
0.000336005,0.0003635,0.000403979,3398.01459,0.602776038,0.704095966,-0.3753797
0.000336005,0.0003635,0.000429153,2674.418628,0.630283439,0.599788645,-0.492946618
0.000336005,0.0003635,0.000454326,1954.197829,0.66645907,0.498297785,-0.55455534
0.000336005,0.0003635,0.0004795,1342.625784,0.196136333,0.114426685,-0.97387734
0.000336005,0.0003891,1.20E-06,-4804.977276,-0.234431531,0.186170854,-0.954139544
0.000336005,0.0003891,2.64E-05,-3372.571781,-0.391511782,-0.538052195,0.746470602
0.000336005,0.0003891,5.15E-05,-3254.853273,-0.492451076,-0.639849886,-0.589986492
0.000336005,0.0003891,7.67E-05,-4402.959294,-0.973111978,0.187833723,-0.133310052
0.000336005,0.0003891,0.000101895,-3461.214298,-0.881480673,-0.155923821,0.445734882
0.000336005,0.0003891,0.000127068,-2716.628441,-0.829918595,-0.34892713,0.435298729
0.000336005,0.0003891,0.000152242,-1658.55489,-0.753570843,-0.295220251,0.587346566
0.000336005,0.0003891,0.000177416,-107.817194,-0.62529731,0.019563653,0.780141358
0.000336005,0.0003891,0.000202589,1543.343867,-0.431331011,0.387556699,0.814710602
0.000336005,0.0003891,0.000227763,2992.138317,-0.210866229,0.684683921,0.697669952
0.000336005,0.0003891,0.000252937,4122.741256,0.001381949,0.860304711,0.509778279
0.000336005,0.0003891,0.000278111,4906.10828,0.188015356,0.919411831,0.345444801
0.000336005,0.0003891,0.000303284,5423.892328,0.602485205,0.701229575,0.381167497
0.000336005,0.0003891,0.000328458,5796.7347,0.822518996,0.531235909,0.203103202
0.000336005,0.0003891,0.000353632,5975.041684,0.542975216,0.836804447,-0.070258319
0.000336005,0.0003891,0.000378805,5685.687001,0.564236995,0.617566891,-0.547948673
0.000336005,0.0003891,0.000403979,4817.687934,0.645920706,0.640809711,-0.414908853
0.000336005,0.0003891,0.000429153,3677.877271,0.633117351,0.52932973,-0.564776466
0.000336005,0.0003891,0.000454326,2614.644796,0.642995197,0.432482538,-0.632072805
0.000336005,0.0003891,0.0004795,1772.486114,0.204440926,0.109260657,-0.972762056
0.000336005,0.0004147,1.20E-06,-3824.567898,-0.216640469,0.28819554,-0.932743393
0.000336005,0.0004147,2.64E-05,-4463.155005,-0.902179602,0.210662346,-0.376421761
0.000336005,0.0004147,5.15E-05,-4381.506491,-0.930868856,0.103137095,0.350493812
0.000336005,0.0004147,7.67E-05,-3887.477738,-0.759088233,0.567676379,0.318635502
0.000336005,0.0004147,0.000101895,-3590.17323,-0.975187949,0.152745809,0.16024101
0.000336005,0.0004147,0.000127068,-3511.141484,-0.876509463,-0.272101721,0.397104287
0.000336005,0.0004147,0.000152242,-2438.246545,-0.61593826,-0.15776087,0.77183649
0.000336005,0.0004147,0.000177416,25.10493728,-0.645402312,0.156124452,0.7477172
0.000336005,0.0004147,0.000202589,2529.207297,-0.392899838,0.460820586,0.795785213
0.000336005,0.0004147,0.000227763,4605.859985,-0.189300333,0.464352103,0.865183511
0.000336005,0.0004147,0.000252937,6149.565156,0.149879219,0.560260668,0.814643605
0.000336005,0.0004147,0.000278111,7013.812557,-0.424090416,0.802823446,-0.419072587
0.000336005,0.0004147,0.000303284,5588.936401,-0.16678658,0.33976917,-0.925602046
0.000336005,0.0004147,0.000328458,5640.328521,-0.966087319,0.124081394,-0.22644889
0.000336005,0.0004147,0.000353632,5556.660978,-0.006155703,-0.483906486,-0.875098063
0.000336005,0.0004147,0.000378805,5281.225479,0.412532316,-0.062525045,0.908794645
0.000336005,0.0004147,0.000403979,6551.509419,0.894675472,0.235861443,-0.379374722
0.000336005,0.0004147,0.000429153,4774.160369,0.661923229,0.371901269,-0.650804951
0.000336005,0.0004147,0.000454326,3280.000235,0.629078156,0.311308861,-0.712283277
0.000336005,0.0004147,0.0004795,2190.111046,0.232641542,0.098475635,-0.96756419
0.000336005,0.0004403,1.20E-06,-2714.462939,-0.299594101,0.321868563,-0.898133622
0.000336005,0.0004403,2.64E-05,-3055.605772,-0.683608831,0.721888523,-0.107498497
0.000336005,0.0004403,5.15E-05,-3082.584404,-0.732648822,0.680166228,0.024486865
0.000336005,0.0004403,7.67E-05,-2969.256056,-0.826350065,0.563143406,-0.003882641
0.000336005,0.0004403,0.000101895,-3096.405864,-0.802524552,0.569765757,-0.176978321
0.000336005,0.0004403,0.000127068,-3519.312684,-0.821561089,0.53486713,0.197369023
0.000336005,0.0004403,0.000152242,-2393.592722,-0.565230571,0.378513779,0.732967748
0.000336005,0.0004403,0.000177416,946.959635,-0.634624474,0.307326188,0.709085602
0.000336005,0.0004403,0.000202589,4240.87373,-0.453643466,0.612854253,0.647006391
0.000336005,0.0004403,0.000227763,4968.124345,-0.145926933,0.525522499,0.838171482
0.000336005,0.0004403,0.000252937,5806.824662,-0.264995819,-0.135165021,0.954729089
0.000336005,0.0004403,0.000278111,5998.301179,0.058011249,-0.990443477,0.125125591
0.000336005,0.0004403,0.000303284,5936.607849,0.550547654,0.722753297,-0.417761836
0.000336005,0.0004403,0.000328458,5814.719334,0.72529756,0.614741944,-0.309896421
0.000336005,0.0004403,0.000353632,5773.104177,-0.912816193,0.371780289,-0.168955658
0.000336005,0.0004403,0.000378805,5616.082334,-0.467058536,0.585646321,-0.662476196
0.000336005,0.0004403,0.000403979,5138.274615,0.478295287,-0.877776644,-0.027235692
0.000336005,0.0004403,0.000429153,5579.034966,0.667402477,0.400686698,-0.627713393
0.000336005,0.0004403,0.000454326,3763.149344,0.617215945,0.152708877,-0.771831896
0.000336005,0.0004403,0.0004795,2507.812026,0.259327767,0.067842504,-0.963403604
0.000336005,0.0004659,1.20E-06,-1797.013725,-0.236957763,0.318815273,-0.917718824
0.000336005,0.0004659,2.64E-05,-1949.231417,-0.611067441,0.789311784,-0.059862254
0.000336005,0.0004659,5.15E-05,-1942.37077,-0.657890768,0.752207281,0.036931608
0.000336005,0.0004659,7.67E-05,-1848.845421,-0.727990869,0.68387282,0.048448546
0.000336005,0.0004659,0.000101895,-1789.326045,-0.794140092,0.604575281,0.061888964
0.000336005,0.0004659,0.000127068,-1574.273696,-0.822345827,0.521585483,0.227367377
0.000336005,0.0004659,0.000152242,-92.74775281,-0.763111759,0.450575498,0.463294898
0.000336005,0.0004659,0.000177416,2949.257917,-0.606532601,0.385449134,0.69537556
0.000336005,0.0004659,0.000202589,6402.619193,-0.101919928,0.199362976,0.974611067
0.000336005,0.0004659,0.000227763,5604.31791,-0.74765544,0.58570107,-0.312994569
0.000336005,0.0004659,0.000252937,6001.248774,-0.719598261,0.249533433,0.648005716
0.000336005,0.0004659,0.000278111,5969.103951,-0.909047659,0.118877747,-0.399375054
0.000336005,0.0004659,0.000303284,5911.922801,-0.196932801,0.980269634,0.016997567
0.000336005,0.0004659,0.000328458,5970.163706,0.34870608,0.850175882,0.394468045
0.000336005,0.0004659,0.000353632,6001.156053,0.825703189,0.512251644,-0.236246685
0.000336005,0.0004659,0.000378805,5851.935462,-0.628271536,0.289990384,-0.721928289
0.000336005,0.0004659,0.000403979,5337.29285,0.343329488,0.9332564,-0.105628377
0.000336005,0.0004659,0.000429153,5666.805783,0.688180451,-0.212756023,-0.693644391
0.000336005,0.0004659,0.000454326,3897.939923,0.605050892,-0.015931768,-0.796027384
0.000336005,0.0004659,0.0004795,2653.98687,0.274002721,0.01924836,-0.961536276
0.000336005,0.0004915,1.20E-06,-1088.224455,-0.092957606,0.904042884,-0.417211394
0.000336005,0.0004915,2.64E-05,-1106.547627,-0.125952259,0.991983297,0.010255074
0.000336005,0.0004915,5.15E-05,-1003.33952,-0.157713997,0.98665798,0.040402061
0.000336005,0.0004915,7.67E-05,-772.3769951,-0.20732339,0.975225693,0.077148292
0.000336005,0.0004915,0.000101895,-368.7713717,-0.281698957,0.948832446,0.142697886
0.000336005,0.0004915,0.000127068,438.5838381,-0.378491418,0.884443081,0.272955459
0.000336005,0.0004915,0.000152242,2080.251611,-0.496862506,0.7260647,0.475350083
0.000336005,0.0004915,0.000177416,4608.337295,-0.438526143,0.645044608,0.625789322
0.000336005,0.0004915,0.000202589,4793.180914,0.576981351,-0.566871004,0.58800492
0.000336005,0.0004915,0.000227763,5731.921021,-0.320148791,-0.504980966,0.801560338
0.000336005,0.0004915,0.000252937,5949.67501,-0.14271733,-0.972467272,0.184225864
0.000336005,0.0004915,0.000278111,6025.340176,-0.107571776,-0.993901715,0.024242411
0.000336005,0.0004915,0.000303284,5998.760144,-0.058180142,-0.998288479,-0.005931565
0.000336005,0.0004915,0.000328458,6010.295919,-0.001346902,-0.999938835,0.010977767
0.000336005,0.0004915,0.000353632,6033.798792,-0.252292297,-0.96714151,-0.031398989
0.000336005,0.0004915,0.000378805,5887.264621,-0.010341265,-0.983219629,0.182132424
0.000336005,0.0004915,0.000403979,6801.647442,0.241726891,-0.953968404,-0.17751731
0.000336005,0.0004915,0.000429153,5130.077224,0.428069956,-0.756928953,-0.493775933
0.000336005,0.0004915,0.000454326,3701.82934,0.409616804,-0.726645563,-0.55154356
0.000336005,0.0004915,0.0004795,2623.746189,0.251570365,-0.419401081,-0.872247147
0.000361521,5.10E-06,1.20E-06,6409.039189,0.001903432,0.790075644,0.613006406
0.000361521,5.10E-06,2.64E-05,6396.166632,0.003248734,0.999982327,-0.004979039
0.000361521,5.10E-06,5.15E-05,6369.914636,0.019708817,0.999800738,-0.003169614
0.000361521,5.10E-06,7.67E-05,6371.244658,0.026717699,0.999539007,0.014420077
0.000361521,5.10E-06,0.000101895,6483.122214,0.010347938,0.998062534,0.061352252
0.000361521,5.10E-06,0.000127068,6856.12182,-0.021129932,0.998279691,-0.054691731
0.000361521,5.10E-06,0.000152242,6068.281913,-0.107473913,0.971194044,-0.212676956
0.000361521,5.10E-06,0.000177416,5487.874191,-0.18818451,0.929059728,-0.318488009
0.000361521,5.10E-06,0.000202589,5004.787879,-0.393026918,-0.696462003,-0.600391972
0.000361521,5.10E-06,0.000227763,4568.572308,-0.531976064,-0.342306671,-0.774485384
0.000361521,5.10E-06,0.000252937,4136.355586,-0.375666259,-0.72262889,-0.580243353
0.000361521,5.10E-06,0.000278111,3668.185636,-0.245111003,-0.849722751,-0.466788864
0.000361521,5.10E-06,0.000303284,3154.474422,-0.144726244,-0.908328688,-0.392419813
0.000361521,5.10E-06,0.000328458,2623.639307,-0.072610892,-0.943914525,-0.322107169
0.000361521,5.10E-06,0.000353632,2113.189695,-0.028686215,-0.96502188,-0.260595228
0.000361521,5.10E-06,0.000378805,1646.717545,-0.004714811,-0.978294613,-0.207165201
0.000361521,5.10E-06,0.000403979,1234.311789,0.006397538,-0.986431342,-0.164049625
0.000361521,5.10E-06,0.000429153,881.6971613,0.009632721,-0.993270707,-0.115414532
0.000361521,5.10E-06,0.000454326,595.3247797,0.017373289,-0.991872255,-0.126046018
0.000361521,5.10E-06,0.0004795,378.0815412,0.014643374,-0.445734039,0.895045663
0.000361521,3.07E-05,1.20E-06,6413.941426,0.001159786,0.009132903,0.999957622
0.000361521,3.07E-05,2.64E-05,6397.149887,0.701232596,0.512797,-0.495289899
0.000361521,3.07E-05,5.15E-05,6377.247491,0.986595125,0.163012447,-0.00754993
0.000361521,3.07E-05,7.67E-05,6395.769447,0.866175458,0.1901538,0.462148902
0.000361521,3.07E-05,0.000101895,6491.563467,0.738372995,0.406477282,0.538127809
0.000361521,3.07E-05,0.000127068,6471.797414,0.582406311,-0.786966703,-0.203681855
0.000361521,3.07E-05,0.000152242,6430.03013,-0.541035126,0.606259976,-0.582863478
0.000361521,3.07E-05,0.000177416,5867.1282,-0.416197768,0.50223199,-0.757985782
0.000361521,3.07E-05,0.000202589,5399.824594,-0.497956985,0.54883709,-0.671428842
0.000361521,3.07E-05,0.000227763,4995.223754,-0.572304733,0.574082285,-0.585573926
0.000361521,3.07E-05,0.000252937,4591.186488,-0.592874282,0.566563977,-0.572280827
0.000361521,3.07E-05,0.000278111,4099.710086,-0.542885078,0.51804685,-0.660986576
0.000361521,3.07E-05,0.000303284,3498.007613,-0.42584508,0.425193322,-0.798665516
0.000361521,3.07E-05,0.000328458,2856.046161,-0.280377999,0.308838057,-0.9088494
0.000361521,3.07E-05,0.000353632,2247.981809,-0.15044121,0.195169725,-0.969162639
0.000361521,3.07E-05,0.000378805,1704.870118,-0.056606774,0.08674277,-0.994621217
0.000361521,3.07E-05,0.000403979,1231.039687,-0.010197313,-0.0282124,-0.999549936
0.000361521,3.07E-05,0.000429153,828.3695148,-0.014867641,-0.164676667,-0.986235544
0.000361521,3.07E-05,0.000454326,508.6729262,-0.035015973,-0.322612751,-0.94588313
0.000361521,3.07E-05,0.0004795,282.8425613,0.002714025,-0.033360276,0.999439706
0.000361521,5.63E-05,1.20E-06,6465.828643,-0.022054755,0.047172545,0.998643249
0.000361521,5.63E-05,2.64E-05,6434.800971,-0.220053657,-0.930715393,-0.292139085
0.000361521,5.63E-05,5.15E-05,6400.224804,0.982665054,-0.165901042,-0.082741986
0.000361521,5.63E-05,7.67E-05,6419.07717,0.746415144,0.330068989,0.577857158
0.000361521,5.63E-05,0.000101895,6541.522826,0.274656035,0.510604407,0.814768189
0.000361521,5.63E-05,0.000127068,6614.348894,-0.525878709,0.661414985,0.534772663
0.000361521,5.63E-05,0.000152242,6707.874023,-0.236939629,0.76537305,-0.598384247
0.000361521,5.63E-05,0.000177416,6182.035458,-0.274987502,0.478390517,-0.833981047
0.000361521,5.63E-05,0.000202589,5729.566772,-0.535045939,0.456576525,-0.710819049
0.000361521,5.63E-05,0.000227763,5374.766758,-0.758862167,0.412803226,-0.503707958
0.000361521,5.63E-05,0.000252937,5037.937448,-0.821813609,0.35922099,-0.442247297
0.000361521,5.63E-05,0.000278111,4539.471792,-0.761431845,0.315029172,-0.56654935
0.000361521,5.63E-05,0.000303284,3827.788544,-0.576613627,0.254974471,-0.776211791
0.000361521,5.63E-05,0.000328458,3055.606785,-0.353900328,0.172580881,-0.919222713
0.000361521,5.63E-05,0.000353632,2348.939159,-0.18104064,0.094930114,-0.978883323
0.000361521,5.63E-05,0.000378805,1736.908916,-0.074043305,0.024005437,-0.996966062
0.000361521,5.63E-05,0.000403979,1209.15351,-0.04684122,-0.051136363,-0.997592588
0.000361521,5.63E-05,0.000429153,759.037332,-0.127908058,-0.145925605,-0.980991971
0.000361521,5.63E-05,0.000454326,406.1107012,-0.29245998,-0.266713193,-0.918330677
0.000361521,5.63E-05,0.0004795,177.6316262,-0.020488304,-0.028189599,0.999392603
0.000361521,8.19E-05,1.20E-06,6714.514473,-0.130128225,-0.181632912,0.974718488
0.000361521,8.19E-05,2.64E-05,6184.605486,0.749374391,-0.515799968,-0.415196839
0.000361521,8.19E-05,5.15E-05,6345.186726,0.385327311,0.21956824,0.896277106
0.000361521,8.19E-05,7.67E-05,6477.844939,0.232138462,0.843085034,0.485097268
0.000361521,8.19E-05,0.000101895,6616.010068,0.388525449,-0.227761232,0.892845337
0.000361521,8.19E-05,0.000127068,6681.02741,-0.740562085,-0.098416064,0.664742113
0.000361521,8.19E-05,0.000152242,6992.351945,-0.516308189,-0.612390984,-0.598667802
0.000361521,8.19E-05,0.000177416,6437.811073,0.177569479,0.336588684,-0.924757881
0.000361521,8.19E-05,0.000202589,5927.134367,-0.408117026,0.169969909,-0.896967515
0.000361521,8.19E-05,0.000227763,5571.632888,-0.872847173,0.045802556,-0.485839416
0.000361521,8.19E-05,0.000252937,5281.15547,-0.939361768,0.021437501,-0.342257071
0.000361521,8.19E-05,0.000278111,4784.007696,-0.881111889,0.017132933,-0.472597399
0.000361521,8.19E-05,0.000303284,3993.690632,-0.662877894,0.006225654,-0.748701635
0.000361521,8.19E-05,0.000328458,3138.396989,-0.38205898,-0.011162056,-0.92407053
0.000361521,8.19E-05,0.000353632,2378.03217,-0.177982451,-0.026839185,-0.983667579
0.000361521,8.19E-05,0.000378805,1732.779204,-0.059941246,-0.040287594,-0.997388569
0.000361521,8.19E-05,0.000403979,1180.065344,-0.040860116,-0.053467786,-0.997733254
0.000361521,8.19E-05,0.000429153,706.8914308,-0.169930319,-0.069688184,-0.982988934
0.000361521,8.19E-05,0.000454326,336.9541121,-0.444345958,-0.092970751,-0.891018018
0.000361521,8.19E-05,0.0004795,109.0231148,-0.033415346,-0.009723103,0.999394255
0.000361521,0.0001075,1.20E-06,5314.507607,-0.054401844,-0.378167042,0.924137505
0.000361521,0.0001075,2.64E-05,5968.214228,-0.171001244,-0.742707243,0.647413721
0.000361521,0.0001075,5.15E-05,6473.278603,-0.052310987,-0.702863215,0.709398943
0.000361521,0.0001075,7.67E-05,6897.731321,-0.468037194,-0.883030761,0.034610119
0.000361521,0.0001075,0.000101895,6488.814043,-0.206255355,0.58144594,-0.787006574
0.000361521,0.0001075,0.000127068,6557.687333,-0.201963457,-0.977409313,-0.062304066
0.000361521,0.0001075,0.000152242,6454.869192,0.035212335,-0.999167313,0.020610002
0.000361521,0.0001075,0.000177416,6576.313853,0.018388498,-0.122052382,-0.992353304
0.000361521,0.0001075,0.000202589,5896.48192,0.026589719,-0.31174466,-0.949793795
0.000361521,0.0001075,0.000227763,5436.697814,-0.644264023,-0.448558755,-0.619450492
0.000361521,0.0001075,0.000252937,5088.106341,-0.837699307,-0.35525786,-0.414791182
0.000361521,0.0001075,0.000278111,4586.936298,-0.800289361,-0.299259296,-0.519596779
0.000361521,0.0001075,0.000303284,3841.703971,-0.591545995,-0.266740522,-0.760869785
0.000361521,0.0001075,0.000328458,3035.76038,-0.325942081,-0.211640578,-0.921395694
0.000361521,0.0001075,0.000353632,2309.93765,-0.124101332,-0.156043606,-0.979923085
0.000361521,0.0001075,0.000378805,1687.699873,-0.001688241,-0.105969818,-0.994367914
0.000361521,0.0001075,0.000403979,1153.245916,0.032537148,-0.054465681,-0.997985382
0.000361521,0.0001075,0.000429153,698.2534294,-0.044861436,0.009911968,-0.998944045
0.000361521,0.0001075,0.000454326,342.6713727,-0.212368344,0.088596169,-0.973165148
0.000361521,0.0001075,0.0004795,114.5335932,-0.014519876,0.01115349,0.999832372
0.000361521,0.0001331,1.20E-06,4278.559308,-0.028159397,-0.374792271,0.926681068
0.000361521,0.0001331,2.64E-05,4832.761536,-0.015806016,-0.877558432,0.479209108
0.000361521,0.0001331,5.15E-05,5408.636995,0.105692323,-0.848172834,0.519068373
0.000361521,0.0001331,7.67E-05,6074.766584,0.379244361,-0.716444309,0.585560643
0.000361521,0.0001331,0.000101895,6871.491457,0.520420856,-0.849314414,0.08847123
0.000361521,0.0001331,0.000127068,6139.491599,0.340671315,-0.130284018,-0.931111771
0.000361521,0.0001331,0.000152242,6074.050873,0.779327804,-0.346283904,0.522240972
0.000361521,0.0001331,0.000177416,6367.970365,0.243464679,-0.853425208,-0.460858291
0.000361521,0.0001331,0.000202589,5546.751074,0.251935194,-0.572904039,-0.779942062
0.000361521,0.0001331,0.000227763,4976.355883,-0.209561103,-0.72452423,-0.656619208
0.000361521,0.0001331,0.000252937,4541.031576,-0.475411207,-0.695936744,-0.538197205
0.000361521,0.0001331,0.000278111,4053.991238,-0.504652149,-0.615512694,-0.605367931
0.000361521,0.0001331,0.000303284,3440.680743,-0.376754928,-0.515263117,-0.769778959
0.000361521,0.0001331,0.000328458,2780.598533,-0.185014468,-0.391584654,-0.901349602
0.000361521,0.0001331,0.000353632,2159.730751,-0.013082709,-0.271637772,-0.962310638
0.000361521,0.0001331,0.000378805,1607.42298,0.105386066,-0.165490947,-0.98056439
0.000361521,0.0001331,0.000403979,1125.151198,0.164115032,-0.064804551,-0.984310229
0.000361521,0.0001331,0.000429153,715.0705188,0.172559505,0.046449658,-0.983903271
0.000361521,0.0001331,0.000454326,390.9954424,0.179718019,0.171077549,-0.968727984
0.000361521,0.0001331,0.0004795,165.4249967,0.032342143,0.027461002,0.999099534
0.000361521,0.0001587,1.20E-06,3394.855023,-0.015780173,-0.421905715,0.906502374
0.000361521,0.0001587,2.64E-05,3863.697099,0.023672124,-0.879392154,0.475509274
0.000361521,0.0001587,5.15E-05,4409.437125,0.135165514,-0.847290001,0.513643784
0.000361521,0.0001587,7.67E-05,5077.591027,0.335185966,-0.779698783,0.528885787
0.000361521,0.0001587,0.000101895,5856.938166,0.221223454,-0.844537664,0.487664145
0.000361521,0.0001587,0.000127068,6444.217388,0.421858257,-0.855875046,0.299188097
0.000361521,0.0001587,0.000152242,6300.805467,0.388797204,-0.757561005,-0.524345361
0.000361521,0.0001587,0.000177416,5583.314759,0.563226696,-0.660561346,-0.496421591
0.000361521,0.0001587,0.000202589,4856.96475,0.268223377,-0.749280149,-0.605504317
0.000361521,0.0001587,0.000227763,4308.177485,0.007433834,-0.820952067,-0.57094872
0.000361521,0.0001587,0.000252937,3875.20867,-0.162451695,-0.82528668,-0.540843178
0.000361521,0.0001587,0.000278111,3449.199079,-0.205376081,-0.76917375,-0.605138337
0.000361521,0.0001587,0.000303284,2974.904648,-0.13580584,-0.660904116,-0.738080296
0.000361521,0.0001587,0.000328458,2469.836849,0.001570622,-0.508075879,-0.861310882
0.000361521,0.0001587,0.000353632,1973.16946,0.144393,-0.343773545,-0.927884913
0.000361521,0.0001587,0.000378805,1510.135758,0.25311623,-0.195343456,-0.947508896
0.000361521,0.0001587,0.000403979,1093.500702,0.32436689,-0.064844877,-0.943706131
0.000361521,0.0001587,0.000429153,733.4995653,0.376777454,0.057700229,-0.924504967
0.000361521,0.0001587,0.000454326,441.382714,0.444883337,0.170529868,-0.879203265
0.000361521,0.0001587,0.0004795,223.1957546,0.08955543,0.03875008,0.995227741
0.000361521,0.0001843,1.20E-06,2555.497551,-0.018929235,-0.533024643,0.845887944
0.000361521,0.0001843,2.64E-05,2924.649034,0.015191563,-0.916354783,0.400078901
0.000361521,0.0001843,5.15E-05,3372.326644,0.095942049,-0.900399372,0.424353736
0.000361521,0.0001843,7.67E-05,3904.680158,0.219021073,-0.884941497,0.410984569
0.000361521,0.0001843,0.000101895,4464.684958,0.369744846,-0.878517124,0.302483738
0.000361521,0.0001843,0.000127068,4848.235487,0.47796954,-0.872869002,0.098208068
0.000361521,0.0001843,0.000152242,4809.17648,0.468596139,-0.873596875,-0.131324629
0.000361521,0.0001843,0.000177416,4414.193492,0.34937399,-0.878870627,-0.324844943
0.000361521,0.0001843,0.000202589,3942.11294,0.193917807,-0.888527537,-0.415830135
0.000361521,0.0001843,0.000227763,3540.808665,0.063023517,-0.900072264,-0.431158851
0.000361521,0.0001843,0.000252937,3208.096762,-0.012037158,-0.890512012,-0.454800465
0.000361521,0.0001843,0.000278111,2890.261419,-0.012053245,-0.840667189,-0.54141795
0.000361521,0.0001843,0.000303284,2548.872706,0.068028388,-0.728424773,-0.681740045
0.000361521,0.0001843,0.000328458,2179.681163,0.20103195,-0.547272934,-0.812452147
0.000361521,0.0001843,0.000353632,1798.14816,0.330409984,-0.340677235,-0.880209216
0.000361521,0.0001843,0.000378805,1422.994527,0.423485194,-0.159185002,-0.891807393
0.000361521,0.0001843,0.000403979,1070.882462,0.4865248,-0.014773981,-0.873541841
0.000361521,0.0001843,0.000429153,756.4597783,0.539432836,0.100639966,-0.835992711
0.000361521,0.0001843,0.000454326,491.6499341,0.602147735,0.189808483,-0.775493936
0.000361521,0.0001843,0.0004795,282.3685315,0.173945804,0.061899729,0.982807855
0.000361521,0.0002099,1.20E-06,1701.661655,-0.045407772,-0.734288111,0.67731758
0.000361521,0.0002099,2.64E-05,1961.11947,-0.026220183,-0.956854867,0.289380833
0.000361521,0.0002099,5.15E-05,2294.778797,0.024743689,-0.948105269,0.316992349
0.000361521,0.0002099,7.67E-05,2685.66718,0.093811663,-0.946971815,0.307317025
0.000361521,0.0002099,0.000101895,3070.119202,0.167925256,-0.957518836,0.234432906
0.000361521,0.0002099,0.000127068,3330.539892,0.216215368,-0.970925879,0.102731942
0.000361521,0.0002099,0.000152242,3364.577138,0.210263586,-0.976424806,-0.0488244
0.000361521,0.0002099,0.000177416,3197.740445,0.149249219,-0.973940021,-0.170779114
0.000361521,0.0002099,0.000202589,2959.150247,0.069099368,-0.971800367,-0.225453597
0.000361521,0.0002099,0.000227763,2749.921189,0.018233201,-0.97095172,-0.238579771
0.000361521,0.0002099,0.000252937,2579.847394,0.023737443,-0.959789677,-0.279714692
0.000361521,0.0002099,0.000278111,2408.278295,0.101593272,-0.909209424,-0.403753675
0.000361521,0.0002099,0.000303284,2202.80701,0.255236685,-0.758469725,-0.599648156
0.000361521,0.0002099,0.000328458,1955.580122,0.425961426,-0.489336181,-0.760990779
0.000361521,0.0002099,0.000353632,1675.340824,0.536984041,-0.214304118,-0.815917817
0.000361521,0.0002099,0.000378805,1378.122555,0.591647305,-0.015058511,-0.806056268
0.000361521,0.0002099,0.000403979,1082.03687,0.622867956,0.116015385,-0.773676896
0.000361521,0.0002099,0.000429153,804.4106481,0.652195091,0.202866996,-0.730401633
0.000361521,0.0002099,0.000454326,559.3855199,0.691111697,0.258579715,-0.674908255
0.000361521,0.0002099,0.0004795,355.3834222,0.362110924,0.13969094,0.921608442
0.000361521,0.0002355,1.20E-06,785.2194745,-0.103620471,-0.966177512,0.23614363
0.000361521,0.0002355,2.64E-05,930.2595806,-0.0865623,-0.981061442,0.173278433
0.000361521,0.0002355,5.15E-05,1168.548086,-0.057681383,-0.972012923,0.227736109
0.000361521,0.0002355,7.67E-05,1475.073126,-0.02041022,-0.968539536,0.248021349
0.000361521,0.0002355,0.000101895,1786.158501,0.016811466,-0.976239374,0.2160418
0.000361521,0.0002355,0.000127068,2018.166473,0.036174017,-0.990667983,0.131409239
0.000361521,0.0002355,0.000152242,2108.383196,0.01549446,-0.999691404,0.019416989
0.000361521,0.0002355,0.000177416,2062.919749,-0.056870381,-0.996543367,-0.060556405
0.000361521,0.0002355,0.000202589,1979.133103,-0.141698601,-0.988762515,-0.047646576
0.000361521,0.0002355,0.000227763,1971.012323,-0.154989851,-0.987612625,0.024483667
0.000361521,0.0002355,0.000252937,2015.959196,-0.064966009,-0.996320645,0.055898036
0.000361521,0.0002355,0.000278111,2026.828714,0.160318042,-0.983816418,-0.080021132
0.000361521,0.0002355,0.000303284,1966.576883,0.541843926,-0.718222438,-0.436533722
0.000361521,0.0002355,0.000328458,1834.763256,0.72720641,-0.191657248,-0.659119365
0.000361521,0.0002355,0.000353632,1643.908037,0.722288318,0.115148653,-0.681938687
0.000361521,0.0002355,0.000378805,1411.722887,0.70096694,0.253371202,-0.666669621
0.000361521,0.0002355,0.000403979,1158.369358,0.692765919,0.319085254,-0.646730224
0.000361521,0.0002355,0.000429153,904.0830838,0.699951448,0.350038534,-0.622527907
0.000361521,0.0002355,0.000454326,666.6005888,0.722148526,0.36066456,-0.59027331
0.000361521,0.0002355,0.0004795,458.4388233,0.886614973,0.417256323,0.199527068
0.000361521,0.0002611,1.20E-06,-261.4767445,-0.1544438,-0.926459129,-0.343250046
0.000361521,0.0002611,2.64E-05,-245.9505721,-0.156083336,-0.985109886,0.072086785
0.000361521,0.0002611,5.15E-05,-69.94937366,-0.142453348,-0.974496951,0.173386089
0.000361521,0.0002611,7.67E-05,233.0143193,-0.124862539,-0.962433165,0.241105267
0.000361521,0.0002611,0.000101895,574.4547038,-0.110656026,-0.961086564,0.253116297
0.000361521,0.0002611,0.000127068,860.2140899,-0.116900818,-0.972863246,0.199677999
0.000361521,0.0002611,0.000152242,1021.416341,-0.177825535,-0.980219957,0.086872981
0.000361521,0.0002611,0.000177416,1034.72228,-0.357478137,-0.933921021,-0.000952845
0.000361521,0.0002611,0.000202589,1019.586386,-0.610652619,-0.785673123,0.09910158
0.000361521,0.0002611,0.000227763,1239.288076,-0.560742397,-0.749985218,0.35084204
0.000361521,0.0002611,0.000252937,1568.133948,-0.307564584,-0.722903734,0.618719823
0.000361521,0.0002611,0.000278111,1790.867824,0.112887883,-0.621991908,0.774843463
0.000361521,0.0002611,0.000303284,1881.453073,0.953232967,0.136686724,0.269561962
0.000361521,0.0002611,0.000328458,1860.166277,0.813494747,0.511373644,-0.276989698
0.000361521,0.0002611,0.000353632,1747.982948,0.716323287,0.55779118,-0.419225415
0.000361521,0.0002611,0.000378805,1565.779052,0.679429481,0.553725979,-0.481417823
0.000361521,0.0002611,0.000403979,1336.738914,0.670186935,0.533059599,-0.516427086
0.000361521,0.0002611,0.000429153,1085.607958,0.679618398,0.503347736,-0.533628982
0.000361521,0.0002611,0.000454326,836.2911754,0.703021899,0.469067719,-0.5345425
0.000361521,0.0002611,0.0004795,607.6432708,0.463595857,0.272133149,-0.84322146
0.000361521,0.0002867,1.20E-06,-1557.714877,-0.181469937,-0.74988367,-0.636194266
0.000361521,0.0002867,2.64E-05,-1731.403327,-0.230370368,-0.973098197,-0.003064853
0.000361521,0.0002867,5.15E-05,-1569.008471,-0.227173331,-0.960285671,0.161999099
0.000361521,0.0002867,7.67E-05,-1140.792001,-0.222437206,-0.9300213,0.292544136
0.000361521,0.0002867,0.000101895,-635.6593339,-0.22392694,-0.908654734,0.352424886
0.000361521,0.0002867,0.000127068,-196.3811053,-0.254799188,-0.907597353,0.33368311
0.000361521,0.0002867,0.000152242,105.9971269,-0.367462532,-0.898982487,0.238331231
0.000361521,0.0002867,0.000177416,238.9343916,-0.678248079,-0.723110959,0.13072905
0.000361521,0.0002867,0.000202589,329.8791896,-0.950409303,-0.258314018,0.173193603
0.000361521,0.0002867,0.000227763,778.5393336,-0.820334042,-0.213923676,0.530366591
0.000361521,0.0002867,0.000252937,1360.587116,-0.410503495,-0.066815738,0.909407795
0.000361521,0.0002867,0.000278111,1771.057979,-0.016979475,0.346692995,0.937824965
0.000361521,0.0002867,0.000303284,2002.311114,0.376661037,0.784712704,0.492293038
0.000361521,0.0002867,0.000328458,2085.346471,0.512861745,0.857102571,0.048456299
0.000361521,0.0002867,0.000353632,2042.231772,0.545396232,0.816894168,-0.187688222
0.000361521,0.0002867,0.000378805,1892.745541,0.562806158,0.759463591,-0.326288648
0.000361521,0.0002867,0.000403979,1662.398855,0.583900886,0.695595554,-0.41857685
0.000361521,0.0002867,0.000429153,1384.126621,0.612700926,0.627995468,-0.479811701
0.000361521,0.0002867,0.000454326,1093.123438,0.649309018,0.560825977,-0.513684749
0.000361521,0.0002867,0.0004795,818.7216126,0.244906071,0.176307855,-0.953381643
0.000361521,0.0003123,1.20E-06,-3318.218782,-0.266135787,-0.374723045,-0.88811845
0.000361521,0.0003123,2.64E-05,-3892.418362,-0.710914879,-0.693923768,-0.114323396
0.000361521,0.0003123,5.15E-05,-3630.218305,-0.62562955,-0.678742322,0.384573175
0.000361521,0.0003123,7.67E-05,-2784.426867,-0.322048224,-0.851452885,0.413899657
0.000361521,0.0003123,0.000101895,-1901.749751,-0.322956366,-0.800372152,0.50507782
0.000361521,0.0003123,0.000127068,-1191.20771,-0.361834442,-0.781725615,0.507918202
0.000361521,0.0003123,0.000152242,-648.3956979,-0.473178339,-0.728249451,0.495736822
0.000361521,0.0003123,0.000177416,-224.6244672,-0.697116103,-0.48687144,0.526293967
0.000361521,0.0003123,0.000202589,201.1494331,-0.804114374,-0.043003972,0.592917137
0.000361521,0.0003123,0.000227763,816.510937,-0.612205369,0.194673066,0.766359566
0.000361521,0.0003123,0.000252937,1493.976981,-0.312265513,0.399360695,0.861975223
0.000361521,0.0003123,0.000278111,2032.116392,-0.034715486,0.678355795,0.733912972
0.000361521,0.0003123,0.000303284,2390.911387,0.194961878,0.877780213,0.437597719
0.000361521,0.0003123,0.000328458,2578.24726,0.32950689,0.932538191,0.147640549
0.000361521,0.0003123,0.000353632,2600.455374,0.399197602,0.914143159,-0.070594329
0.000361521,0.0003123,0.000378805,2464.843402,0.444068285,0.86432545,-0.236103524
0.000361521,0.0003123,0.000403979,2196.281283,0.485261864,0.793757929,-0.366700522
0.000361521,0.0003123,0.000429153,1843.314942,0.530237536,0.70910762,-0.464773643
0.000361521,0.0003123,0.000454326,1464.037656,0.580183327,0.621056458,-0.526949886
0.000361521,0.0003123,0.0004795,1106.161795,0.15624574,0.133062763,-0.978714243
0.000361521,0.0003379,1.20E-06,-3702.478113,-0.020180454,-0.126980393,-0.991699919
0.000361521,0.0003379,2.64E-05,-3657.259099,0.966889008,0.066287424,0.246437871
0.000361521,0.0003379,5.15E-05,-3557.645651,0.278809649,-0.14316598,-0.949615018
0.000361521,0.0003379,7.67E-05,-4756.723742,-0.375407032,-0.875086651,0.305438886
0.000361521,0.0003379,0.000101895,-3203.111594,-0.405147462,-0.621570207,0.670452095
0.000361521,0.0003379,0.000127068,-2158.058201,-0.434927264,-0.647807962,0.625446336
0.000361521,0.0003379,0.000152242,-1337.983725,-0.501567267,-0.582166637,0.639931468
0.000361521,0.0003379,0.000177416,-560.2841446,-0.581738215,-0.328684429,0.744007524
0.000361521,0.0003379,0.000202589,253.087368,-0.562434746,0.07219315,0.823683984
0.000361521,0.0003379,0.000227763,1112.509035,-0.417872991,0.377928378,0.826167238
0.000361521,0.0003379,0.000252937,1933.325596,-0.2303632,0.601291255,0.765102361
0.000361521,0.0003379,0.000278111,2614.134208,-0.036784846,0.789278308,0.612932809
0.000361521,0.0003379,0.000303284,3116.350759,0.130820676,0.906621461,0.401152686
0.000361521,0.0003379,0.000328458,3431.29783,0.246696841,0.951402595,0.184319752
0.000361521,0.0003379,0.000353632,3535.594855,0.315406576,0.948862189,-0.013387958
0.000361521,0.0003379,0.000378805,3397.399001,0.361633522,0.912324541,-0.19205501
0.000361521,0.0003379,0.000403979,3030.539528,0.406303209,0.842451602,-0.35382623
0.000361521,0.0003379,0.000429153,2520.234171,0.456369288,0.745445382,-0.485837683
0.000361521,0.0003379,0.000454326,1976.635894,0.512256039,0.640980104,-0.571610232
0.000361521,0.0003379,0.0004795,1479.912219,0.147491591,0.140881476,-0.978978366
0.000361521,0.0003635,1.20E-06,-3987.137923,0.164556895,-0.059731172,-0.98455737
0.000361521,0.0003635,2.64E-05,-3852.801252,-0.828570191,-0.463433869,0.314166337
0.000361521,0.0003635,5.15E-05,-3798.783034,-0.91070984,-0.409736339,0.052189262
0.000361521,0.0003635,7.67E-05,-3817.373482,0.084218674,0.811177382,-0.578704129
0.000361521,0.0003635,0.000101895,-4351.749337,-0.726317327,-0.649879607,0.223874153
0.000361521,0.0003635,0.000127068,-3155.734816,-0.494369076,-0.625480822,0.603633132
0.000361521,0.0003635,0.000152242,-2126.558935,-0.508745323,-0.588827847,0.628060477
0.000361521,0.0003635,0.000177416,-939.4245178,-0.541163724,-0.293914839,0.787880632
0.000361521,0.0003635,0.000202589,350.2470854,-0.489977303,0.115295387,0.864077089
0.000361521,0.0003635,0.000227763,1598.148787,-0.360040387,0.455090654,0.814409857
0.000361521,0.0003635,0.000252937,2694.084264,-0.201303507,0.691410221,0.693850708
0.000361521,0.0003635,0.000278111,3581.30561,-0.040011143,0.837229671,0.545385722
0.000361521,0.0003635,0.000303284,4269.010469,0.109339711,0.913708419,0.391384405
0.000361521,0.0003635,0.000328458,4778.905458,0.223366634,0.949077605,0.222168958
0.000361521,0.0003635,0.000353632,5043.69843,0.575822729,0.815229432,0.061880181
0.000361521,0.0003635,0.000378805,4904.652561,0.60459335,0.731639063,-0.314914533
0.000361521,0.0003635,0.000403979,4320.158134,0.362703005,0.854344006,-0.372213446
0.000361521,0.0003635,0.000429153,3487.757543,0.406032121,0.73416549,-0.544186503
0.000361521,0.0003635,0.000454326,2650.367629,0.456281406,0.61129697,-0.646624538
0.000361521,0.0003635,0.0004795,1937.264262,0.141616275,0.140400906,-0.979914494
0.000361521,0.0003891,1.20E-06,-4059.698859,0.134314567,0.00850044,-0.990902286
0.000361521,0.0003891,2.64E-05,-3939.81098,-0.912016108,-0.169623039,0.373436265
0.000361521,0.0003891,5.15E-05,-3840.498349,-0.939840867,-0.339120497,-0.041187786
0.000361521,0.0003891,7.67E-05,-3968.497112,0.138251837,-0.140011122,-0.980450568
0.000361521,0.0003891,0.000101895,-5156.294956,-0.715968203,0.452276357,-0.53182293
0.000361521,0.0003891,0.000127068,-4502.833835,-0.572712238,-0.123626387,0.810380903
0.000361521,0.0003891,0.000152242,-3451.037872,-0.679250998,-0.093717803,0.727897695
0.000361521,0.0003891,0.000177416,-1499.891197,-0.503073284,-0.288256727,0.814754767
0.000361521,0.0003891,0.000202589,597.4144832,-0.440715434,0.194625137,0.876293879
0.000361521,0.0003891,0.000227763,2444.420999,-0.320811058,0.543730097,0.77552424
0.000361521,0.0003891,0.000252937,3942.973635,-0.17918823,0.771796591,0.610099664
0.000361521,0.0003891,0.000278111,5072.77024,-0.061087154,0.670134024,0.739722075
0.000361521,0.0003891,0.000303284,5959.561344,0.208707037,0.643615903,0.736342272
0.000361521,0.0003891,0.000328458,6796.710614,-0.30351152,0.767349052,-0.564850591
0.000361521,0.0003891,0.000353632,5220.28273,-0.305493212,0.338458021,-0.890011273
0.000361521,0.0003891,0.000378805,5106.863516,-0.269879239,0.50081849,0.8224026
0.000361521,0.0003891,0.000403979,6337.824195,0.323241537,0.91072271,-0.257097362
0.000361521,0.0003891,0.000429153,4811.109066,0.387659216,0.651299158,-0.652326405
0.000361521,0.0003891,0.000454326,3467.242822,0.41533875,0.51588045,-0.749240338
0.000361521,0.0003891,0.0004795,2447.030985,0.139212899,0.127425158,-0.982029835
0.000361521,0.0004147,1.20E-06,-3931.420643,-0.040533502,0.059906265,-0.997380707
0.000361521,0.0004147,2.64E-05,-3954.053131,0.65375248,-0.711626667,-0.257284242
0.000361521,0.0004147,5.15E-05,-4038.970732,0.064061953,-0.992592118,-0.103232524
0.000361521,0.0004147,7.67E-05,-4008.455043,-0.694209383,-0.682015965,0.230059896
0.000361521,0.0004147,0.000101895,-3889.63969,-0.315375696,0.893587398,0.319436585
0.000361521,0.0004147,0.000127068,-3420.283147,-0.150651148,0.700815578,0.697253008
0.000361521,0.0004147,0.000152242,-2519.739441,-0.49789665,0.691043987,0.523981998
0.000361521,0.0004147,0.000177416,-2396.005917,-0.696060948,-0.16833771,0.697969607
0.000361521,0.0004147,0.000202589,1241.11562,-0.3605179,0.290501353,0.886360992
0.000361521,0.0004147,0.000227763,3983.486612,-0.265388016,0.633805571,0.726539538
0.000361521,0.0004147,0.000252937,6075.342401,-0.424940091,0.663115925,0.616200608
0.000361521,0.0004147,0.000278111,5439.124569,-0.250833058,0.921889934,-0.295299385
0.000361521,0.0004147,0.000303284,5801.376299,0.42785078,0.030090046,0.903348382
0.000361521,0.0004147,0.000328458,5800.222791,0.233860697,-0.966770664,-0.103264983
0.000361521,0.0004147,0.000353632,5697.204912,0.264322554,0.891936226,-0.366856043
0.000361521,0.0004147,0.000378805,5596.726844,0.470141686,0.763939909,-0.441998428
0.000361521,0.0004147,0.000403979,5385.558936,-0.63630393,-0.515190237,0.574191892
0.000361521,0.0004147,0.000429153,6402.355163,0.373530797,0.216236615,-0.902062343
0.000361521,0.0004147,0.000454326,4305.691284,0.383452338,0.344733483,-0.856809856
0.000361521,0.0004147,0.0004795,2930.476895,0.137946943,0.096536218,-0.985723795
0.000361521,0.0004403,1.20E-06,-3639.186497,-0.181450642,0.198454642,-0.963167389
0.000361521,0.0004403,2.64E-05,-4242.323245,-0.779272935,0.54352998,-0.31194367
0.000361521,0.0004403,5.15E-05,-4372.437092,-0.847622283,0.525185714,-0.075607083
0.000361521,0.0004403,7.67E-05,-4418.68821,-0.842704395,0.408472698,0.350712642
0.000361521,0.0004403,0.000101895,-3483.087328,-0.55191293,0.182231881,0.81374668
0.000361521,0.0004403,0.000127068,-3102.616401,-0.096186915,-0.762754439,0.639494912
0.000361521,0.0004403,0.000152242,-2077.312151,-0.358041134,-0.876003987,0.323146347
0.000361521,0.0004403,0.000177416,-2422.302647,-0.657059769,0.363010908,0.660678092
0.000361521,0.0004403,0.000202589,2723.676802,-0.29461819,0.354051416,0.887607862
0.000361521,0.0004403,0.000227763,6733.035445,0.022821413,0.33630883,0.941475201
0.000361521,0.0004403,0.000252937,5535.966728,-0.71319914,-0.272375138,-0.645878294
0.000361521,0.0004403,0.000278111,5942.544492,-0.437949816,0.652327343,0.618602454
0.000361521,0.0004403,0.000303284,5971.793025,0.03606139,0.711246552,-0.702017035
0.000361521,0.0004403,0.000328458,5804.938219,0.347925509,0.387610625,-0.853642691
0.000361521,0.0004403,0.000353632,5723.420678,-0.035059668,0.707668726,-0.705674
0.000361521,0.0004403,0.000378805,5654.627134,0.260415658,0.81522944,-0.517285845
0.000361521,0.0004403,0.000403979,5602.737643,0.611693788,0.43502942,-0.660742093
0.000361521,0.0004403,0.000429153,5074.351803,-0.140760192,-0.83469481,-0.53242008
0.000361521,0.0004403,0.000454326,4887.793359,0.66228078,0.24664985,-0.707494184
0.000361521,0.0004403,0.0004795,3267.388557,0.1358587,0.049377916,-0.989496961
0.000361521,0.0004659,1.20E-06,-2357.887304,-0.134536832,0.330523299,-0.934159617
0.000361521,0.0004659,2.64E-05,-2654.802501,-0.382843887,0.911177418,-0.15227039
0.000361521,0.0004659,5.15E-05,-2793.148934,-0.434803201,0.895045158,-0.099198497
0.000361521,0.0004659,7.67E-05,-2955.093661,-0.497436426,0.834090273,-0.238433258
0.000361521,0.0004659,0.000101895,-3589.92509,-0.652092077,0.502439845,-0.567741249
0.000361521,0.0004659,0.000127068,-5125.410047,-0.529690032,0.777233389,-0.339612617
0.000361521,0.0004659,0.000152242,-4395.205755,-0.309585708,0.346468787,0.885503286
0.000361521,0.0004659,0.000177416,286.5801273,-0.357536669,0.443743546,0.821741562
0.000361521,0.0004659,0.000202589,4954.866501,-0.465836475,0.545832356,0.696464944
0.000361521,0.0004659,0.000227763,5005.090795,-0.643536246,-0.659295341,0.388832551
0.000361521,0.0004659,0.000252937,5736.336808,-0.57895312,0.170103544,0.797419632
0.000361521,0.0004659,0.000278111,5906.494277,-0.764893342,-0.076604357,0.639585763
0.000361521,0.0004659,0.000303284,5943.152698,-0.772552798,-0.551884789,0.313983048
0.000361521,0.0004659,0.000328458,5914.910261,-0.406902526,0.779463028,-0.476306334
0.000361521,0.0004659,0.000353632,5850.493591,-0.580352142,0.691055331,-0.430852551
0.000361521,0.0004659,0.000378805,5790.141184,-0.254658715,0.929529696,-0.266689864
0.000361521,0.0004659,0.000403979,5774.079442,0.63645093,0.382377044,-0.669864173
0.000361521,0.0004659,0.000429153,5262.528873,-0.08701189,0.844691083,-0.528134363
0.000361521,0.0004659,0.000454326,4946.311274,0.630531609,-0.138005856,-0.763795963
0.000361521,0.0004659,0.0004795,3363.196644,0.147368882,-0.005363113,-0.98906706
0.000361521,0.0004915,1.20E-06,-1473.845506,-0.062115468,0.871121532,-0.487123132
0.000361521,0.0004915,2.64E-05,-1593.633707,-0.087301557,0.996052926,-0.016031437
0.000361521,0.0004915,5.15E-05,-1617.094614,-0.108537022,0.994091862,0.001041566
0.000361521,0.0004915,7.67E-05,-1584.192929,-0.138625238,0.990300126,0.009418289
0.000361521,0.0004915,0.000101895,-1529.873192,-0.176401213,0.983684155,0.035328399
0.000361521,0.0004915,0.000127068,-1228.450248,-0.203907219,0.970020522,0.132219643
0.000361521,0.0004915,0.000152242,76.08494481,-0.266839799,0.899991037,0.344692116
0.000361521,0.0004915,0.000177416,2712.277638,-0.363057442,0.581246261,0.728245891
0.000361521,0.0004915,0.000202589,6484.285463,-0.012470692,0.018358732,0.999753689
0.000361521,0.0004915,0.000227763,5385.553174,-0.760861424,-0.321438269,-0.563708553
0.000361521,0.0004915,0.000252937,5731.50819,-0.330563877,-0.894089867,0.302209916
0.000361521,0.0004915,0.000278111,5917.354283,-0.121909511,-0.987384571,0.101043462
0.000361521,0.0004915,0.000303284,5956.749822,-0.04099812,-0.999043244,0.015223372
0.000361521,0.0004915,0.000328458,5959.140379,-0.032148734,-0.999440674,-0.009208559
0.000361521,0.0004915,0.000353632,5926.929997,-0.042038947,-0.999074053,-0.009152286
0.000361521,0.0004915,0.000378805,5925.473943,-0.008844299,-0.999951221,-0.004397024
0.000361521,0.0004915,0.000403979,5909.013784,-0.176456046,-0.978307424,0.108525789
0.000361521,0.0004915,0.000429153,6420.693794,0.388209937,-0.878216821,-0.279335391
0.000361521,0.0004915,0.000454326,4538.802318,0.227262768,-0.780405593,-0.582510725
0.000361521,0.0004915,0.0004795,3227.111572,0.13714509,-0.434568559,-0.890135603
0.000387037,5.10E-06,1.20E-06,6441.87535,0.012158613,0.798962999,0.601257262
0.000387037,5.10E-06,2.64E-05,6426.698842,-0.039440989,0.999183678,0.008739954
0.000387037,5.10E-06,5.15E-05,6513.678581,-0.018181382,0.999771717,0.011222838
0.000387037,5.10E-06,7.67E-05,6521.129555,0.05356612,0.998557332,-0.003731707
0.000387037,5.10E-06,0.000101895,6481.895564,-0.027368724,0.999384628,-0.021938986
0.000387037,5.10E-06,0.000127068,6333.101985,-0.129506772,0.987381003,-0.091141376
0.000387037,5.10E-06,0.000152242,5683.299248,-0.116246534,0.979483849,-0.164615105
0.000387037,5.10E-06,0.000177416,5156.095346,-0.162380624,0.959380882,-0.230696459
0.000387037,5.10E-06,0.000202589,4691.105992,-0.560483564,0.265176052,-0.784563468
0.000387037,5.10E-06,0.000227763,4258.778541,-0.580926003,-0.087637027,-0.809224771
0.000387037,5.10E-06,0.000252937,3835.298107,-0.370779552,-0.750850055,-0.546577276
0.000387037,5.10E-06,0.000278111,3400.015572,-0.226360512,-0.892065347,-0.391127006
0.000387037,5.10E-06,0.000303284,2946.611535,-0.142201825,-0.936199488,-0.321417421
0.000387037,5.10E-06,0.000328458,2486.605639,-0.08298108,-0.958647485,-0.272229939
0.000387037,5.10E-06,0.000353632,2038.408891,-0.04295736,-0.972212665,-0.230124313
0.000387037,5.10E-06,0.000378805,1616.326626,-0.018433557,-0.98117131,-0.192257805
0.000387037,5.10E-06,0.000403979,1229.538331,-0.005415378,-0.988232583,-0.1528628
0.000387037,5.10E-06,0.000429153,888.5537797,-8.40E-05,-0.994994207,-0.099932585
0.000387037,5.10E-06,0.000454326,610.3465149,0.003902217,-0.994164242,-0.10780646
0.000387037,5.10E-06,0.0004795,408.1968322,0.007333165,-0.486896384,0.873428953
0.000387037,3.07E-05,1.20E-06,6421.651434,0.014110911,-0.020457143,0.999691146
0.000387037,3.07E-05,2.64E-05,6450.592018,-0.903409607,-0.173551395,0.392085443
0.000387037,3.07E-05,5.15E-05,6554.205772,-0.671482181,0.088231488,0.7357492
0.000387037,3.07E-05,7.67E-05,6575.146834,0.991901475,0.125417323,-0.020048916
0.000387037,3.07E-05,0.000101895,6541.054723,0.448455013,0.601997192,0.660671993
0.000387037,3.07E-05,0.000127068,6726.356644,-0.569163605,0.326090284,-0.754796607
0.000387037,3.07E-05,0.000152242,6110.082937,-0.450100094,0.545669512,-0.706862568
0.000387037,3.07E-05,0.000177416,5566.236963,-0.443626205,0.560471018,-0.699333989
0.000387037,3.07E-05,0.000202589,5067.803839,-0.492559624,0.524255094,-0.694652153
0.000387037,3.07E-05,0.000227763,4607.806081,-0.553736157,0.481651723,-0.679255391
0.000387037,3.07E-05,0.000252937,4160.386576,-0.581178416,0.440593581,-0.684184876
0.000387037,3.07E-05,0.000278111,3688.689223,-0.548766491,0.393511218,-0.737566444
0.000387037,3.07E-05,0.000303284,3179.131969,-0.45794642,0.331484714,-0.82486542
0.000387037,3.07E-05,0.000328458,2652.411862,-0.334645748,0.253217563,-0.907685567
0.000387037,3.07E-05,0.000353632,2138.101199,-0.213639863,0.162310214,-0.963334523
0.000387037,3.07E-05,0.000378805,1652.828161,-0.122988814,0.054815125,-0.990893059
0.000387037,3.07E-05,0.000403979,1200.900616,-0.086375821,-0.087921696,-0.992375429
0.000387037,3.07E-05,0.000429153,790.7404255,-0.122311461,-0.300711773,-0.945839487
0.000387037,3.07E-05,0.000454326,459.9677371,-0.194782537,-0.567222867,-0.800198715
0.000387037,3.07E-05,0.0004795,256.8560782,-0.013083806,-0.06049041,0.998083025
0.000387037,5.63E-05,1.20E-06,6312.983637,-0.075003994,-0.055635351,0.995630006
0.000387037,5.63E-05,2.64E-05,6367.031799,0.457968215,0.765575827,0.451839316
0.000387037,5.63E-05,5.15E-05,6528.868222,0.895386523,-0.232191731,0.37996049
0.000387037,5.63E-05,7.67E-05,6604.790005,0.986518938,0.00421755,0.163592781
0.000387037,5.63E-05,0.000101895,6622.009625,0.918992867,0.329571739,-0.216412984
0.000387037,5.63E-05,0.000127068,6522.445287,0.619632799,-0.757278575,-0.206359766
0.000387037,5.63E-05,0.000152242,6594.031434,-0.542263676,0.484240353,-0.686630458
0.000387037,5.63E-05,0.000177416,6005.56083,-0.294885364,0.611073223,-0.734596582
0.000387037,5.63E-05,0.000202589,5426.684882,-0.445015383,0.46593949,-0.764762513
0.000387037,5.63E-05,0.000227763,4913.113685,-0.607191917,0.353120521,-0.711775157
0.000387037,5.63E-05,0.000252937,4437.204025,-0.689435784,0.28069721,-0.667747988
0.000387037,5.63E-05,0.000278111,3932.406763,-0.663467616,0.234485361,-0.710512025
0.000387037,5.63E-05,0.000303284,3370.107819,-0.545576994,0.192180998,-0.815728023
0.000387037,5.63E-05,0.000328458,2781.940794,-0.3825487,0.142028022,-0.912953741
0.000387037,5.63E-05,0.000353632,2209.678805,-0.232225418,0.084348043,-0.968997814
0.000387037,5.63E-05,0.000378805,1669.049535,-0.134529118,0.015731762,-0.990784754
0.000387037,5.63E-05,0.000403979,1151.866292,-0.129505875,-0.078159168,-0.988493486
0.000387037,5.63E-05,0.000429153,648.9988883,-0.296795251,-0.231039249,-0.926570798
0.000387037,5.63E-05,0.000454326,225.4922935,-0.650718371,-0.418286257,-0.633720924
0.000387037,5.63E-05,0.0004795,40.76060457,-0.0738016,-0.058940882,0.995529656
0.000387037,8.19E-05,1.20E-06,6062.155614,-0.19719149,-0.17784141,0.964099553
0.000387037,8.19E-05,2.64E-05,6822.571525,-0.334853695,-0.842517192,0.421945238
0.000387037,8.19E-05,5.15E-05,6406.452532,0.224375392,-0.650537345,-0.72557346
0.000387037,8.19E-05,7.67E-05,6577.588758,0.771365793,-0.420391452,0.477771744
0.000387037,8.19E-05,0.000101895,6668.579797,-0.764764434,-0.322058936,0.558044265
0.000387037,8.19E-05,0.000127068,6621.946313,-0.641824797,0.137147877,-0.754487501
0.000387037,8.19E-05,0.000152242,6480.784631,-0.983735105,-0.146538663,-0.103882933
0.000387037,8.19E-05,0.000177416,6553.7375,0.017872788,0.190781245,-0.981469857
0.000387037,8.19E-05,0.000202589,5744.660253,-0.276257319,0.315025195,-0.907987346
0.000387037,8.19E-05,0.000227763,5107.013135,-0.576121199,0.129394678,-0.807057236
0.000387037,8.19E-05,0.000252937,4579.621964,-0.728540987,0.042929859,-0.683655657
0.000387037,8.19E-05,0.000278111,4046.819521,-0.715452009,0.016408996,-0.69846916
0.000387037,8.19E-05,0.000303284,3454.765485,-0.582246733,0.008254974,-0.812970232
0.000387037,8.19E-05,0.000328458,2835.996793,-0.390814454,0.004131772,-0.920460206
0.000387037,8.19E-05,0.000353632,2236.615239,-0.219392665,-0.000491696,-0.975636519
0.000387037,8.19E-05,0.000378805,1669.908636,-0.117325901,-0.007945299,-0.993061682
0.000387037,8.19E-05,0.000403979,1118.880376,-0.132169658,-0.017444123,-0.991073602
0.000387037,8.19E-05,0.000429153,555.8384351,-0.402245217,-0.02649998,-0.915148369
0.000387037,8.19E-05,0.000454326,51.70242121,-0.932641802,-0.021651208,-0.360153431
0.000387037,8.19E-05,0.0004795,-109.6607919,-0.164609303,-0.006892795,0.986334764
0.000387037,0.0001075,1.20E-06,5012.582604,-0.122658071,-0.314951585,0.941148499
0.000387037,0.0001075,2.64E-05,5667.916183,-0.302508029,-0.806884257,0.507372336
0.000387037,0.0001075,5.15E-05,6305.500937,-0.438908577,-0.715867987,0.543039857
0.000387037,0.0001075,7.67E-05,6370.23819,0.08503311,-0.059046604,0.994627
0.000387037,0.0001075,0.000101895,6595.976429,0.138809011,-0.871037998,0.471195145
0.000387037,0.0001075,0.000127068,6557.160084,-0.015101854,-0.911752625,-0.410462039
0.000387037,0.0001075,0.000152242,6496.185743,0.018144184,-0.336386494,-0.94154921
0.000387037,0.0001075,0.000177416,6151.074267,-0.537412559,-0.616337541,-0.575600362
0.000387037,0.0001075,0.000202589,5937.124617,-0.069164291,0.049120374,-0.996395248
0.000387037,0.0001075,0.000227763,5103.066382,-0.394416576,-0.168914608,-0.903273724
0.000387037,0.0001075,0.000252937,4504.905857,-0.621158482,-0.240314472,-0.745929685
0.000387037,0.0001075,0.000278111,3959.280315,-0.642831233,-0.232632011,-0.729828989
0.000387037,0.0001075,0.000303284,3382.610836,-0.522047994,-0.199018373,-0.829371798
0.000387037,0.0001075,0.000328458,2787.501443,-0.33215132,-0.14758103,-0.931609006
0.000387037,0.0001075,0.000353632,2209.081173,-0.159675393,-0.089481168,-0.983105737
0.000387037,0.0001075,0.000378805,1659.955303,-0.059135246,-0.030212372,-0.997792681
0.000387037,0.0001075,0.000403979,1131.925198,-0.065057653,0.045500784,-0.996843609
0.000387037,0.0001075,0.000429153,617.5732532,-0.251417157,0.179882479,-0.951016144
0.000387037,0.0001075,0.000454326,184.8071998,-0.65087391,0.361501919,-0.667592327
0.000387037,0.0001075,0.0004795,-1.953509505,-0.088425489,0.05955858,0.994300613
0.000387037,0.0001331,1.20E-06,4132.62396,-0.083097789,-0.342892009,0.935692165
0.000387037,0.0001331,2.64E-05,4731.597022,-0.157295902,-0.793508747,0.587879126
0.000387037,0.0001331,5.15E-05,5464.930043,-0.046246594,-0.690410601,0.721937985
0.000387037,0.0001331,7.67E-05,6560.052482,0.465187134,-0.607200261,0.644134127
0.000387037,0.0001331,0.000101895,6317.189593,-0.553587704,-0.820621589,-0.141848021
0.000387037,0.0001331,0.000127068,6396.529028,0.217525676,-0.975782529,0.023044227
0.000387037,0.0001331,0.000152242,6333.245734,0.288850855,-0.78884305,-0.542486706
0.000387037,0.0001331,0.000177416,5944.971984,-0.534999252,0.511520428,-0.672400663
0.000387037,0.0001331,0.000202589,5797.199972,0.203133456,-0.561949222,-0.80184155
0.000387037,0.0001331,0.000227763,4834.648712,-0.181923416,-0.438319971,-0.880215584
0.000387037,0.0001331,0.000252937,4204.890619,-0.396725831,-0.503338004,-0.767632379
0.000387037,0.0001331,0.000278111,3683.031339,-0.4509331,-0.477196043,-0.754283286
0.000387037,0.0001331,0.000303284,3168.82032,-0.364064897,-0.404302401,-0.839044885
0.000387037,0.0001331,0.000328458,2646.943556,-0.1988931,-0.296590604,-0.934063996
0.000387037,0.0001331,0.000353632,2132.249266,-0.043394402,-0.176460056,-0.983350789
0.000387037,0.0001331,0.000378805,1636.740865,0.046867739,-0.060275137,-0.997080901
0.000387037,0.0001331,0.000403979,1167.265511,0.061995234,0.069925974,-0.995623899
0.000387037,0.0001331,0.000429153,738.017408,0.003093235,0.26272106,-0.96486687
0.000387037,0.0001331,0.000454326,392.8580395,-0.086304583,0.526161044,-0.845994134
0.000387037,0.0001331,0.0004795,184.420141,-0.00366048,0.085347465,0.996344524
0.000387037,0.0001587,1.20E-06,3318.013027,-0.060753484,-0.414339999,0.908092165
0.000387037,0.0001587,2.64E-05,3839.138662,-0.078249595,-0.825989848,0.558227348
0.000387037,0.0001587,5.15E-05,4527.282417,0.016842338,-0.755138117,0.655349342
0.000387037,0.0001587,7.67E-05,5553.240738,0.240419691,-0.87683878,0.416355768
0.000387037,0.0001587,0.000101895,5633.936951,-0.160646067,-0.9547644,0.250235453
0.000387037,0.0001587,0.000127068,5865.766657,-0.673676916,-0.695743403,0.249199779
0.000387037,0.0001587,0.000152242,5828.445869,-0.366865242,-0.608412734,0.703735631
0.000387037,0.0001587,0.000177416,6565.770319,-0.075526471,-0.826618335,-0.55767184
0.000387037,0.0001587,0.000202589,5145.806434,0.125503114,-0.581117606,-0.804084135
0.000387037,0.0001587,0.000227763,4296.717781,-0.061301107,-0.661780591,-0.747187141
0.000387037,0.0001587,0.000252937,3737.000264,-0.198631865,-0.697207518,-0.688801176
0.000387037,0.0001587,0.000278111,3292.711858,-0.237730705,-0.666062919,-0.706996676
0.000387037,0.0001587,0.000303284,2874.906509,-0.164200875,-0.573003391,-0.802935357
0.000387037,0.0001587,0.000328458,2452.788105,-0.016081946,-0.419733249,-0.907505025
0.000387037,0.0001587,0.000353632,2024.732656,0.117613541,-0.243624022,-0.962711998
0.000387037,0.0001587,0.000378805,1600.632591,0.188541499,-0.08275686,-0.978572126
0.000387037,0.0001587,0.000403979,1196.114474,0.21004362,0.069717311,-0.975203145
0.000387037,0.0001587,0.000429153,832.0055579,0.207994606,0.239672074,-0.948311943
0.000387037,0.0001587,0.000454326,534.9445666,0.225129861,0.421326032,-0.878522009
0.000387037,0.0001587,0.0004795,323.8221964,0.053470191,0.087506123,0.994727911
0.000387037,0.0001843,1.20E-06,2501.509095,-0.051920702,-0.552834913,0.83167169
0.000387037,0.0001843,2.64E-05,2911.980612,-0.04809049,-0.89065013,0.452138972
0.000387037,0.0001843,5.15E-05,3456.3766,0.015531613,-0.862339092,0.506092935
0.000387037,0.0001843,7.67E-05,4189.986607,0.111251973,-0.849250862,0.516135614
0.000387037,0.0001843,0.000101895,5104.564353,0.323719732,-0.767298379,0.553587149
0.000387037,0.0001843,0.000127068,5844.281033,0.591788125,-0.775882379,0.218616899
0.000387037,0.0001843,0.000152242,5717.810647,0.538402513,-0.772803657,-0.336001848
0.000387037,0.0001843,0.000177416,4915.982639,0.203037581,-0.874249429,-0.440980359
0.000387037,0.0001843,0.000202589,4129.567754,0.083955447,-0.838936419,-0.537714764
0.000387037,0.0001843,0.000227763,3565.743834,-0.019313768,-0.848154957,-0.529396021
0.000387037,0.0001843,0.000252937,3171.421173,-0.084078777,-0.848850885,-0.521903185
0.000387037,0.0001843,0.000278111,2857.096912,-0.081071352,-0.809597932,-0.58135929
0.000387037,0.0001843,0.000303284,2559.269867,0.014425172,-0.698911844,-0.715062339
0.000387037,0.0001843,0.000328458,2247.067625,0.170002095,-0.49440979,-0.852442518
0.000387037,0.0001843,0.000353632,1912.950712,0.28883796,-0.256733901,-0.922312494
0.000387037,0.0001843,0.000378805,1565.478734,0.338877326,-0.054930358,-0.939225646
0.000387037,0.0001843,0.000403979,1223.14525,0.352562493,0.108780778,-0.929444152
0.000387037,0.0001843,0.000429153,907.9483551,0.360892401,0.252099432,-0.897887828
0.000387037,0.0001843,0.000454326,640.7025326,0.395910107,0.375730958,-0.837902998
0.000387037,0.0001843,0.0004795,433.392545,0.124563369,0.115617555,0.985452459
0.000387037,0.0002099,1.20E-06,1642.525947,-0.054627841,-0.787716049,0.613611624
0.000387037,0.0002099,2.64E-05,1926.330162,-0.043023934,-0.948507756,0.313818382
0.000387037,0.0002099,5.15E-05,2312.791638,-0.007745123,-0.935626539,0.352906493
0.000387037,0.0002099,7.67E-05,2795.381869,0.039968635,-0.937634629,0.345316971
0.000387037,0.0002099,0.000101895,3302.174671,0.089849469,-0.962820321,0.254762835
0.000387037,0.0002099,0.000127068,3652.466692,0.118749631,-0.988433114,0.094331881
0.000387037,0.0002099,0.000152242,3657.20359,0.112503486,-0.990362316,-0.080780247
0.000387037,0.0002099,0.000177416,3363.734269,0.069380253,-0.972969791,-0.220263855
0.000387037,0.0002099,0.000202589,3003.503625,0.010208162,-0.96433778,-0.264477673
0.000387037,0.0002099,0.000227763,2735.657509,-0.034111195,-0.968485573,-0.246722761
0.000387037,0.0002099,0.000252937,2564.900581,-0.045374488,-0.967178187,-0.250015019
0.000387037,0.0002099,0.000278111,2425.796416,0.007209575,-0.937563677,-0.347738946
0.000387037,0.0002099,0.000303284,2268.557927,0.16196437,-0.80545457,-0.570096902
0.000387037,0.0002099,0.000328458,2071.57996,0.360648814,-0.488911225,-0.794291034
0.000387037,0.0002099,0.000353632,1831.793303,0.461410394,-0.146802142,-0.874956901
0.000387037,0.0002099,0.000378805,1559.606296,0.478522493,0.087165221,-0.873738203
0.000387037,0.0002099,0.000403979,1274.374118,0.472817922,0.239048481,-0.84811499
0.000387037,0.0002099,0.000429153,998.3070658,0.47420575,0.345665869,-0.809718478
0.000387037,0.0002099,0.000454326,751.3477851,0.501789601,0.420429586,-0.755940579
0.000387037,0.0002099,0.0004795,545.8372983,0.313371247,0.253416151,0.915193267
0.000387037,0.0002355,1.20E-06,699.3070965,-0.058706111,-0.994829854,0.082868299
0.000387037,0.0002355,2.64E-05,851.8123948,-0.046710005,-0.982906245,0.178082816
0.000387037,0.0002355,5.15E-05,1113.325902,-0.031803928,-0.97103943,0.236793024
0.000387037,0.0002355,7.67E-05,1458.032751,-0.013277437,-0.966870391,0.254922256
0.000387037,0.0002355,0.000101895,1810.544861,0.004926057,-0.977425807,0.211221508
0.000387037,0.0002355,0.000127068,2061.199453,0.012435013,-0.994197653,0.106847537
0.000387037,0.0002355,0.000152242,2118.016454,-0.003465291,-0.999559527,-0.029474464
0.000387037,0.0002355,0.000177416,1979.497776,-0.046641668,-0.992054139,-0.116846649
0.000387037,0.0002355,0.000202589,1800.693305,-0.085247283,-0.994668656,-0.058027276
0.000387037,0.0002355,0.000227763,1814.894536,-0.10454894,-0.991821626,0.073207793
0.000387037,0.0002355,0.000252937,1952.429809,-0.08512407,-0.977454994,0.193224293
0.000387037,0.0002355,0.000278111,2044.575544,0.022779129,-0.988172909,0.151642388
0.000387037,0.0002355,0.000303284,2050.344279,0.367138426,-0.905564137,-0.212515813
0.000387037,0.0002355,0.000328458,1973.67236,0.683177799,-0.198391569,-0.702786511
0.000387037,0.0002355,0.000353632,1825.595959,0.620789543,0.237655172,-0.747087921
0.000387037,0.0002355,0.000378805,1622.029306,0.560319827,0.389705769,-0.730870101
0.000387037,0.0002355,0.000403979,1384.031482,0.52975482,0.457318927,-0.714296318
0.000387037,0.0002355,0.000429153,1135.0076,0.524631973,0.492474698,-0.694427797
0.000387037,0.0002355,0.000454326,896.6131843,0.545518873,0.508243817,-0.666406319
0.000387037,0.0002355,0.0004795,684.3379195,0.704980673,0.601026014,-0.376523547
0.000387037,0.0002611,1.20E-06,-402.0450441,-0.04772021,-0.889212529,-0.454998748
0.000387037,0.0002611,2.64E-05,-397.4943799,-0.049429519,-0.996617673,0.065650113
0.000387037,0.0002611,5.15E-05,-215.2933019,-0.048013664,-0.984406569,0.169228823
0.000387037,0.0002611,7.67E-05,106.1832367,-0.049038659,-0.970939218,0.234248256
0.000387037,0.0002611,0.000101895,463.7576257,-0.054187136,-0.970676617,0.234202178
0.000387037,0.0002611,0.000127068,743.0468228,-0.070407559,-0.986101695,0.150486621
0.000387037,0.0002611,0.000152242,839.5545091,-0.113753456,-0.992182359,-0.051325609
0.000387037,0.0002611,0.000177416,623.9646044,-0.206213629,-0.938865606,-0.275694237
0.000387037,0.0002611,0.000202589,134.1913859,-0.27540189,-0.961314171,0.005372437
0.000387037,0.0002611,0.000227763,645.1125168,-0.281056423,-0.830505459,0.480903284
0.000387037,0.0002611,0.000252937,1383.347296,-0.172548968,-0.599635895,0.781449709
0.000387037,0.0002611,0.000278111,1776.934346,-0.051807717,-0.484296394,0.873368744
0.000387037,0.0002611,0.000303284,1961.31147,0.406149278,0.067561119,0.911305799
0.000387037,0.0002611,0.000328458,2007.060692,0.636130699,0.770107674,-0.047664488
0.000387037,0.0002611,0.000353632,1945.548378,0.533968543,0.75730799,-0.375981653
0.000387037,0.0002611,0.000378805,1799.039266,0.495237188,0.71644817,-0.491367629
0.000387037,0.0002611,0.000403979,1591.463914,0.486311578,0.677492706,-0.551819429
0.000387037,0.0002611,0.000429153,1349.828523,0.497491422,0.639796611,-0.585800803
0.000387037,0.0002611,0.000454326,1100.877839,0.526716007,0.601969216,-0.600169402
0.000387037,0.0002611,0.0004795,866.120971,0.262159437,0.257483696,-0.930040094
0.000387037,0.0002867,1.20E-06,-1812.020969,-0.035443669,-0.733991034,-0.678233668
0.000387037,0.0002867,2.64E-05,-2031.229492,-0.04597831,-0.998857162,-0.013052366
0.000387037,0.0002867,5.15E-05,-1866.192047,-0.052704503,-0.986650474,0.154087887
0.000387037,0.0002867,7.67E-05,-1404.241278,-0.068938188,-0.956099411,0.284818262
0.000387037,0.0002867,0.000101895,-873.7068729,-0.096226448,-0.938337835,0.332058093
0.000387037,0.0002867,0.000127068,-443.007251,-0.143039999,-0.951609616,0.271990253
0.000387037,0.0002867,0.000152242,-222.962404,-0.241664513,-0.970304202,-0.010393236
0.000387037,0.0002867,0.000177416,-463.2671649,-0.365966903,-0.573397081,-0.732996599
0.000387037,0.0002867,0.000202589,-2047.480797,-0.972396754,-0.23201677,0.024754224
0.000387037,0.0002867,0.000227763,-378.8930833,-0.420298393,-0.132584283,0.897647296
0.000387037,0.0002867,0.000252937,1069.232292,-0.191905159,-0.079020705,0.978227038
0.000387037,0.0002867,0.000278111,1718.658033,-0.112734643,0.164989573,0.979831282
0.000387037,0.0002867,0.000303284,2067.693989,0.074916504,0.671021379,0.737643428
0.000387037,0.0002867,0.000328458,2232.667201,0.239559937,0.939416617,0.245168222
0.000387037,0.0002867,0.000353632,2251.691647,0.309255372,0.946346817,-0.093748691
0.000387037,0.0002867,0.000378805,2147.052262,0.346106154,0.891005993,-0.2938007
0.000387037,0.0002867,0.000403979,1944.886946,0.379113279,0.822125691,-0.424714574
0.000387037,0.0002867,0.000429153,1679.886982,0.417486614,0.749485768,-0.513785958
0.000387037,0.0002867,0.000454326,1389.987441,0.464244702,0.677993152,-0.569914154
0.000387037,0.0002867,0.0004795,1107.471942,0.142127766,0.167175832,-0.975628997
0.000387037,0.0003123,1.20E-06,-3856.301685,-0.035396834,-0.316329247,-0.947988856
0.000387037,0.0003123,2.64E-05,-4613.243859,-0.151925426,-0.95976561,-0.236153846
0.000387037,0.0003123,5.15E-05,-4297.992577,-0.136067742,-0.813942575,0.564785848
0.000387037,0.0003123,7.67E-05,-3281.88721,-0.118802238,-0.73435474,0.668288219
0.000387037,0.0003123,0.000101895,-2298.520979,-0.124093737,-0.853737769,0.505700075
0.000387037,0.0003123,0.000127068,-1572.263195,-0.201232871,-0.859512297,0.469833952
0.000387037,0.0003123,0.000152242,-1083.926554,-0.341117092,-0.858146326,0.383697813
0.000387037,0.0003123,0.000177416,-827.4615654,-0.735895731,-0.585211027,0.34056648
0.000387037,0.0003123,0.000202589,-670.0238508,-0.530045487,0.724917063,0.439939807
0.000387037,0.0003123,0.000227763,176.9718945,-0.39868711,0.424926352,0.812703011
0.000387037,0.0003123,0.000252937,1211.038686,-0.252959878,0.287463044,0.923783686
0.000387037,0.0003123,0.000278111,1947.908236,-0.150947889,0.517806449,0.842075541
0.000387037,0.0003123,0.000303284,2436.815204,-0.022858599,0.804560586,0.593430491
0.000387037,0.0003123,0.000328458,2724.02831,0.089179541,0.956063628,0.279265731
0.000387037,0.0003123,0.000353632,2824.424877,0.163046422,0.986521651,0.013816511
0.000387037,0.0003123,0.000378805,2745.239376,0.21603639,0.957100859,-0.193096411
0.000387037,0.0003123,0.000403979,2511.076274,0.265919817,0.894771797,-0.358706121
0.000387037,0.0003123,0.000429153,2172.996908,0.320727016,0.811927632,-0.487757831
0.000387037,0.0003123,0.000454326,1793.37833,0.382009234,0.721846313,-0.577067454
0.000387037,0.0003123,0.0004795,1424.082745,0.087280791,0.12383521,-0.98845683
0.000387037,0.0003379,1.20E-06,-3860.700235,-0.034950724,-0.001430773,-0.999388013
0.000387037,0.0003379,2.64E-05,-3856.729295,-0.328498961,0.943011792,0.053077226
0.000387037,0.0003379,5.15E-05,-3817.373041,-0.536256116,0.748730729,0.38965584
0.000387037,0.0003379,7.67E-05,-3638.587767,0.797795043,-0.602894827,0.006395113
0.000387037,0.0003379,0.000101895,-3808.822887,-0.19182036,-0.931455698,0.309184785
0.000387037,0.0003379,0.000127068,-2702.610371,-0.242881095,-0.746258141,0.619764117
0.000387037,0.0003379,0.000152242,-1916.932844,-0.371007645,-0.711870501,0.596316793
0.000387037,0.0003379,0.000177416,-1186.539823,-0.519596625,-0.441674135,0.731398185
0.000387037,0.0003379,0.000202589,-364.3827383,-0.521196231,0.110981962,0.846189986
0.000387037,0.0003379,0.000227763,621.2870327,-0.395967474,0.338584852,0.853563154
0.000387037,0.0003379,0.000252937,1629.644862,-0.28867143,0.470867766,0.833638023
0.000387037,0.0003379,0.000278111,2485.173433,-0.182635412,0.669757978,0.719769794
0.000387037,0.0003379,0.000303284,3137.761055,-0.074471288,0.850863767,0.520081607
0.000387037,0.0003379,0.000328458,3582.117652,0.015077892,0.958510524,0.284658097
0.000387037,0.0003379,0.000353632,3791.844808,0.076563005,0.995445669,0.056798122
0.000387037,0.0003379,0.000378805,3726.497058,0.122888858,0.980915987,-0.150672342
0.000387037,0.0003379,0.000403979,3396.486314,0.171492178,0.923993075,-0.341799984
0.000387037,0.0003379,0.000429153,2894.807756,0.230227031,0.831713444,-0.505221002
0.000387037,0.0003379,0.000454326,2342.659418,0.298466718,0.725424571,-0.620223193
0.000387037,0.0003379,0.0004795,1827.258074,0.082929116,0.1393433,-0.986765528
0.000387037,0.0003635,1.20E-06,-3864.576969,-0.009607884,-0.010686329,-0.99989674
0.000387037,0.0003635,2.64E-05,-3830.422523,-0.96104117,-0.274288985,-0.034138273
0.000387037,0.0003635,5.15E-05,-3871.731179,-0.652319548,-0.260547333,-0.711754378
0.000387037,0.0003635,7.67E-05,-4101.597593,-0.232557155,-0.390098021,-0.890921267
0.000387037,0.0003635,0.000101895,-5166.015752,-0.857599698,-0.447397986,0.253688393
0.000387037,0.0003635,0.000127068,-3888.866819,-0.353463595,-0.445755763,0.822414303
0.000387037,0.0003635,0.000152242,-2924.429656,-0.376088281,-0.7128999,0.591887943
0.000387037,0.0003635,0.000177416,-1780.887365,-0.496601252,-0.431714672,0.753000424
0.000387037,0.0003635,0.000202589,-428.9031297,-0.506677657,-0.031575695,0.861557153
0.000387037,0.0003635,0.000227763,981.3425447,-0.42117978,0.300539625,0.855735664
0.000387037,0.0003635,0.000252937,2281.655529,-0.316791082,0.545362065,0.776030688
0.000387037,0.0003635,0.000278111,3375.001207,-0.21228263,0.728475202,0.651352412
0.000387037,0.0003635,0.000303284,4261.829472,-0.110632182,0.85938942,0.49920972
0.000387037,0.0003635,0.000328458,4963.780092,-0.047187514,0.842299924,0.53693964
0.000387037,0.0003635,0.000353632,5397.675107,0.068063928,0.966905005,0.245890244
0.000387037,0.0003635,0.000378805,5362.714329,0.163753563,0.920784959,-0.354033656
0.000387037,0.0003635,0.000403979,4797.469786,0.172377997,0.766854664,-0.618239234
0.000387037,0.0003635,0.000429153,3937.225228,0.15588615,0.808432915,-0.567570023
0.000387037,0.0003635,0.000454326,3063.149727,0.224184211,0.678539321,-0.699518284
0.000387037,0.0003635,0.0004795,2314.907484,0.075902535,0.143801162,-0.986691457
0.000387037,0.0003891,1.20E-06,-3927.490285,0.0022552,-0.035362175,-0.999372018
0.000387037,0.0003891,2.64E-05,-3915.184297,-0.284361042,-0.958388116,0.025120057
0.000387037,0.0003891,5.15E-05,-3918.321439,-0.488211216,-0.734766876,-0.470921912
0.000387037,0.0003891,7.67E-05,-4214.899393,-0.792167079,-0.402417096,-0.458837444
0.000387037,0.0003891,0.000101895,-4190.342556,0.586228297,0.779106299,0.222103038
0.000387037,0.0003891,0.000127068,-3938.144999,0.617726576,0.189066753,-0.763326693
0.000387037,0.0003891,0.000152242,-4498.887552,-0.728782578,-0.242922877,0.640206553
0.000387037,0.0003891,0.000177416,-2641.519623,-0.454544077,-0.389824945,0.800890875
0.000387037,0.0003891,0.000202589,-467.3316691,-0.489834267,0.066281147,0.869292356
0.000387037,0.0003891,0.000227763,1589.373397,-0.422950497,0.388003555,0.818881016
0.000387037,0.0003891,0.000252937,3340.295937,-0.335487194,0.626460027,0.703559648
0.000387037,0.0003891,0.000278111,4737.312861,-0.245549109,0.767822988,0.59173769
0.000387037,0.0003891,0.000303284,5919.162108,-0.378323696,0.845673495,0.376440594
0.000387037,0.0003891,0.000328458,5394.099291,-0.271058941,0.828707472,-0.489664146
0.000387037,0.0003891,0.000353632,5387.125118,0.515524305,0.828304367,-0.219423257
0.000387037,0.0003891,0.000378805,5313.971322,0.591475295,0.639078088,-0.49166673
0.000387037,0.0003891,0.000403979,5194.585265,0.404858775,0.908760597,0.10121042
0.000387037,0.0003891,0.000429153,5406.965871,0.25073723,0.689139302,-0.679866064
0.000387037,0.0003891,0.000454326,3942.972858,0.163160787,0.560395481,-0.811994743
0.000387037,0.0003891,0.0004795,2854.00866,0.066785798,0.129007016,-0.98939216
0.000387037,0.0004147,1.20E-06,-4108.157103,-0.024390314,-0.028777338,-0.999288235
0.000387037,0.0004147,2.64E-05,-4186.159215,-0.238939017,-0.94338103,-0.230087761
0.000387037,0.0004147,5.15E-05,-4347.288066,-0.315778409,-0.939979965,-0.129312268
0.000387037,0.0004147,7.67E-05,-4344.210207,-0.474721609,-0.865262224,0.161123174
0.000387037,0.0004147,0.000101895,-4178.759419,-0.704473723,0.233872894,0.670089728
0.000387037,0.0004147,0.000127068,-3811.149751,-0.73583778,0.17451278,0.654284381
0.000387037,0.0004147,0.000152242,-3424.759032,-0.736002995,0.676743915,0.017811936
0.000387037,0.0004147,0.000177416,-3776.435235,-0.520467773,-0.296393607,0.80078969
0.000387037,0.0004147,0.000202589,-100.846073,-0.398442738,0.216441566,0.891289197
0.000387037,0.0004147,0.000227763,2816.031956,-0.400600818,0.49821205,0.768962768
0.000387037,0.0004147,0.000252937,5132.096157,-0.489336309,0.318702078,0.811775192
0.000387037,0.0004147,0.000278111,6777.937894,0.038023109,0.827926227,0.559546607
0.000387037,0.0004147,0.000303284,5762.286717,0.806536584,0.015917597,-0.590969855
0.000387037,0.0004147,0.000328458,5879.447935,0.053125163,0.992513076,-0.109979591
0.000387037,0.0004147,0.000353632,5705.273888,0.1756941,0.804704038,-0.567082881
0.000387037,0.0004147,0.000378805,5617.219686,0.257669971,0.953486749,-0.156426359
0.000387037,0.0004147,0.000403979,5646.601259,0.40550753,0.709601219,-0.576220229
0.000387037,0.0004147,0.000429153,5227.394517,0.484453882,-0.021198689,-0.874559919
0.000387037,0.0004147,0.000454326,4854.902677,0.200250197,0.615515298,-0.762260308
0.000387037,0.0004147,0.0004795,3358.517747,0.056973068,0.091670727,-0.99415821
0.000387037,0.0004403,1.20E-06,-4148.440118,-0.036748575,0.161427034,-0.98620021
0.000387037,0.0004403,2.64E-05,-4912.247342,-0.27519762,0.733942765,-0.620962388
0.000387037,0.0004403,5.15E-05,-5086.661532,-0.417779473,0.888832715,-0.188246425
0.000387037,0.0004403,7.67E-05,-5135.257103,-0.337535794,0.557085645,0.758765558
0.000387037,0.0004403,0.000101895,-4001.144539,-0.427087908,-0.086640896,0.900049595
0.000387037,0.0004403,0.000127068,-3733.629871,-0.515734242,0.639983291,0.569595979
0.000387037,0.0004403,0.000152242,-3157.613474,-0.692916154,0.716351404,-0.081901583
0.000387037,0.0004403,0.000177416,-3892.622973,-0.255653519,0.492845191,0.831712027
0.000387037,0.0004403,0.000202589,1160.701269,-0.315159733,0.324531404,0.891826054
0.000387037,0.0004403,0.000227763,5037.220831,-0.693499518,0.259571062,0.672072379
0.000387037,0.0004403,0.000252937,4922.077343,-0.013763447,0.297948103,0.954482842
0.000387037,0.0004403,0.000278111,5685.557623,-0.421168447,-0.647577507,0.635027961
0.000387037,0.0004403,0.000303284,5943.772504,-0.368808441,0.445328239,0.815881789
0.000387037,0.0004403,0.000328458,5917.326009,0.748270922,0.038301805,-0.662286644
0.000387037,0.0004403,0.000353632,5765.534856,0.487224367,0.399878917,-0.776343524
0.000387037,0.0004403,0.000378805,5677.663081,0.40869098,0.808567614,-0.423308513
0.000387037,0.0004403,0.000403979,5682.775303,0.487126532,0.487910249,-0.724328193
0.000387037,0.0004403,0.000429153,5387.450695,0.748527832,0.545099276,-0.377588219
0.000387037,0.0004403,0.000454326,5477.623043,0.242991784,0.334413076,-0.910561853
0.000387037,0.0004403,0.0004795,3694.483373,0.049641804,0.040631814,-0.997940252
0.000387037,0.0004659,1.20E-06,-2675.498945,-0.041230951,0.33143917,-0.942575241
0.000387037,0.0004659,2.64E-05,-3058.454428,-0.126563073,0.972186174,-0.197068091
0.000387037,0.0004659,5.15E-05,-3276.483163,-0.154249228,0.976134019,-0.152871036
0.000387037,0.0004659,7.67E-05,-3533.726722,-0.163899756,0.932462008,-0.32194949
0.000387037,0.0004659,0.000101895,-4315.968295,-0.1595129,0.922499386,0.351497535
0.000387037,0.0004659,0.000127068,-2847.329633,0.244171779,0.560798413,0.791129119
0.000387037,0.0004659,0.000152242,-2010.577081,0.203860339,0.767102365,0.60827208
0.000387037,0.0004659,0.000177416,-1174.209186,-0.243475753,0.683241101,0.688404791
0.000387037,0.0004659,0.000202589,3203.713763,-0.471237385,0.479237597,0.740450304
0.000387037,0.0004659,0.000227763,4293.37098,-0.131019375,-0.151304548,0.979765715
0.000387037,0.0004659,0.000252937,5337.9061,-0.564458888,0.238817725,0.790159641
0.000387037,0.0004659,0.000278111,5718.407478,-0.619383921,0.089227085,0.780001337
0.000387037,0.0004659,0.000303284,5890.933928,-0.441424899,-0.287840394,0.849877618
0.000387037,0.0004659,0.000328458,5889.930459,0.350921541,-0.188298472,-0.917277361
0.000387037,0.0004659,0.000353632,5830.809984,-0.002827155,0.69976851,-0.71436408
0.000387037,0.0004659,0.000378805,5777.976971,0.125066849,0.988522605,0.084742807
0.000387037,0.0004659,0.000403979,5845.400023,0.364019619,0.713949059,-0.598135819
0.000387037,0.0004659,0.000429153,5528.574885,0.194641311,0.958412595,-0.208710464
0.000387037,0.0004659,0.000454326,5487.191579,0.210223926,-0.267710969,-0.940285456
0.000387037,0.0004659,0.0004795,3757.086791,0.052484663,-0.015849823,-0.998495941
0.000387037,0.0004915,1.20E-06,-1711.295289,-0.027045826,0.853773438,-0.519941766
0.000387037,0.0004915,2.64E-05,-1897.232992,-0.039689766,0.998732101,-0.030966324
0.000387037,0.0004915,5.15E-05,-2000.490973,-0.049476006,0.99860773,-0.018295518
0.000387037,0.0004915,7.67E-05,-2073.611827,-0.060050045,0.99805009,-0.017029697
0.000387037,0.0004915,0.000101895,-2169.199585,-0.066024477,0.997817988,0.000174099
0.000387037,0.0004915,0.000127068,-2071.759194,-0.092360279,0.987642825,0.126614488
0.000387037,0.0004915,0.000152242,-1011.879729,-0.15679192,0.898973364,0.408978221
0.000387037,0.0004915,0.000177416,1370.197276,-0.252360002,0.709586236,0.657876739
0.000387037,0.0004915,0.000202589,4759.381942,-0.694713242,0.28912209,0.658621233
0.000387037,0.0004915,0.000227763,4702.057509,0.622795843,-0.044234487,0.781132926
0.000387037,0.0004915,0.000252937,5360.074091,-0.371823642,-0.757225339,0.536988794
0.000387037,0.0004915,0.000278111,5749.891767,-0.167086292,-0.960830095,0.221105628
0.000387037,0.0004915,0.000303284,5884.696535,-0.032665916,-0.998039305,0.053389913
0.000387037,0.0004915,0.000328458,5904.774765,-0.023912553,-0.99971145,-0.002281738
0.000387037,0.0004915,0.000353632,5877.058153,-0.017450195,-0.999742785,-0.014486347
0.000387037,0.0004915,0.000378805,5850.737707,-0.015334288,-0.999531501,0.026488465
0.000387037,0.0004915,0.000403979,5985.508942,0.018856777,-0.966111412,0.257435742
0.000387037,0.0004915,0.000429153,7060.224784,0.054899882,-0.97440418,-0.217996554
0.000387037,0.0004915,0.000454326,4964.716936,0.055806719,-0.806692793,-0.588330136
0.000387037,0.0004915,0.0004795,3562.716992,0.049696658,-0.441836732,-0.895717893
0.000412553,5.10E-06,1.20E-06,6532.399182,-0.126917879,0.814891047,0.565547905
0.000412553,5.10E-06,2.64E-05,6067.7351,-0.106095217,0.993558261,-0.039821939
0.000412553,5.10E-06,5.15E-05,6214.854663,-0.095455711,0.991143697,0.092316728
0.000412553,5.10E-06,7.67E-05,6833.668281,-0.098744259,0.995107234,0.003341313
0.000412553,5.10E-06,0.000101895,6245.371534,-0.124988714,0.983908541,-0.127678522
0.000412553,5.10E-06,0.000127068,5705.940179,-0.152477489,0.980549884,-0.12358212
0.000412553,5.10E-06,0.000152242,5225.817679,-0.136397613,0.98166662,-0.133140297
0.000412553,5.10E-06,0.000177416,4780.00701,-0.162897407,0.96978462,-0.18161009
0.000412553,5.10E-06,0.000202589,4355.043051,-0.33186106,0.852355695,-0.404175712
0.000412553,5.10E-06,0.000227763,3945.856111,-0.327315818,-0.843055322,-0.426757635
0.000412553,5.10E-06,0.000252937,3545.882996,-0.366400791,-0.769704797,-0.522785793
0.000412553,5.10E-06,0.000278111,3146.878447,-0.208502143,-0.914889454,-0.345693713
0.000412553,5.10E-06,0.000303284,2744.870866,-0.127189993,-0.955762227,-0.26521929
0.000412553,5.10E-06,0.000328458,2343.038969,-0.08049339,-0.969797246,-0.230247945
0.000412553,5.10E-06,0.000353632,1948.52677,-0.046196189,-0.978514681,-0.200935144
0.000412553,5.10E-06,0.000378805,1568.109604,-0.022537153,-0.984592653,-0.173405261
0.000412553,5.10E-06,0.000403979,1208.179043,-0.007692019,-0.989730572,-0.142738321
0.000412553,5.10E-06,0.000429153,881.1693071,0.000272641,-0.994865007,-0.101210392
0.000412553,5.10E-06,0.000454326,612.948313,0.006793756,-0.994763071,-0.101981751
0.000412553,5.10E-06,0.0004795,427.7074569,0.009096753,-0.491651031,0.870744804
0.000412553,3.07E-05,1.20E-06,6502.555787,-0.203442593,-0.089557384,0.974982352
0.000412553,3.07E-05,2.64E-05,6087.578965,-0.788743994,0.567693138,-0.235812241
0.000412553,3.07E-05,5.15E-05,6262.027603,-0.493580593,0.528633331,0.690597567
0.000412553,3.07E-05,7.67E-05,7055.247355,-0.890144233,0.189093109,0.41459262
0.000412553,3.07E-05,0.000101895,6595.59744,-0.594019883,0.461686203,-0.658776312
0.000412553,3.07E-05,0.000127068,6142.401465,-0.679202265,0.535890444,-0.501503455
0.000412553,3.07E-05,0.000152242,5681.27615,-0.558387631,0.616629731,-0.554951374
0.000412553,3.07E-05,0.000177416,5196.967719,-0.519094579,0.585251302,-0.622913903
0.000412553,3.07E-05,0.000202589,4710.990789,-0.528844853,0.511224793,-0.677474968
0.000412553,3.07E-05,0.000227763,4245.434768,-0.553064335,0.438385706,-0.708475697
0.000412553,3.07E-05,0.000252937,3799.835826,-0.56068953,0.380313627,-0.735519406
0.000412553,3.07E-05,0.000278111,3359.71238,-0.529973458,0.331789102,-0.780412792
0.000412553,3.07E-05,0.000303284,2914.871669,-0.455980646,0.281775327,-0.844206323
0.000412553,3.07E-05,0.000328458,2467.022804,-0.350742482,0.220549384,-0.910130584
0.000412553,3.07E-05,0.000353632,2023.29035,-0.236544464,0.139751133,-0.961517726
0.000412553,3.07E-05,0.000378805,1586.964742,-0.137201418,0.026035615,-0.990200948
0.000412553,3.07E-05,0.000403979,1154.984317,-0.074587843,-0.152302502,-0.985515399
0.000412553,3.07E-05,0.000429153,731.2535092,-0.061876268,-0.470481312,-0.880237845
0.000412553,3.07E-05,0.000454326,376.9499341,-0.064066105,-0.840978108,-0.537262837
0.000412553,3.07E-05,0.0004795,203.629175,-0.002559592,-0.112848348,0.993608927
0.000412553,5.63E-05,1.20E-06,5982.773791,-0.188621053,-0.168057216,0.967563368
0.000412553,5.63E-05,2.64E-05,6656.58751,-0.678241735,-0.129866146,0.723272378
0.000412553,5.63E-05,5.15E-05,6968.122178,-0.897983486,0.188484516,0.397616959
0.000412553,5.63E-05,7.67E-05,6988.383876,-0.967444251,-0.22686922,-0.112169421
0.000412553,5.63E-05,0.000101895,6895.949831,-0.879694624,-0.066048936,-0.470929831
0.000412553,5.63E-05,0.000127068,6699.500186,-0.57344594,0.429423421,-0.697678493
0.000412553,5.63E-05,0.000152242,6294.119121,-0.587123888,0.441344745,-0.678601766
0.000412553,5.63E-05,0.000177416,5707.065272,-0.408477377,0.651906531,-0.638877224
0.000412553,5.63E-05,0.000202589,5085.232701,-0.473985006,0.473295623,-0.742515634
0.000412553,5.63E-05,0.000227763,4519.202205,-0.550684412,0.337832795,-0.763292658
0.000412553,5.63E-05,0.000252937,4011.617656,-0.595878736,0.254413439,-0.761710137
0.000412553,5.63E-05,0.000278111,3529.4887,-0.578650977,0.206443014,-0.789014783
0.000412553,5.63E-05,0.000303284,3047.874621,-0.496250857,0.172946656,-0.850778785
0.000412553,5.63E-05,0.000328458,2562.752238,-0.370177903,0.137149031,-0.918780966
0.000412553,5.63E-05,0.000353632,2078.604382,-0.236320451,0.087146975,-0.967759293
0.000412553,5.63E-05,0.000378805,1591.326839,-0.130250928,0.011607134,-0.991413118
0.000412553,5.63E-05,0.000403979,1073.69708,-0.085293673,-0.107892055,-0.990496993
0.000412553,5.63E-05,0.000429153,458.2725882,-0.143720311,-0.349815261,-0.92572877
0.000412553,5.63E-05,0.000454326,-226.9290809,-0.257948168,-0.890761001,-0.37417587
0.000412553,5.63E-05,0.0004795,-279.7852291,-0.052206311,-0.17308521,0.983522247
0.000412553,8.19E-05,1.20E-06,5277.366037,-0.210056168,-0.19587139,0.957867843
0.000412553,8.19E-05,2.64E-05,5907.659949,-0.684780315,-0.571285179,0.45244797
0.000412553,8.19E-05,5.15E-05,6421.974416,-0.496658011,-0.629446142,0.597602187
0.000412553,8.19E-05,7.67E-05,6906.802514,-0.955844384,-0.128511808,0.26428437
0.000412553,8.19E-05,0.000101895,6554.394725,-0.001128262,-0.665277678,-0.746595163
0.000412553,8.19E-05,0.000127068,6519.103463,0.845333489,-0.294376073,-0.44581837
0.000412553,8.19E-05,0.000152242,6337.660464,0.81218977,0.540131044,-0.220468213
0.000412553,8.19E-05,0.000177416,6451.398236,-0.578351671,0.296732277,-0.759907429
0.000412553,8.19E-05,0.000202589,5480.98321,-0.354254173,0.362835831,-0.861889866
0.000412553,8.19E-05,0.000227763,4728.663218,-0.489611046,0.177037502,-0.853779097
0.000412553,8.19E-05,0.000252937,4136.001214,-0.582289716,0.079438116,-0.809091016
0.000412553,8.19E-05,0.000278111,3616.142768,-0.585660305,0.04325295,-0.809401748
0.000412553,8.19E-05,0.000303284,3114.718286,-0.499953807,0.039252293,-0.865162094
0.000412553,8.19E-05,0.000328458,2614.15876,-0.3566101,0.044778123,-0.933179595
0.000412553,8.19E-05,0.000353632,2112.248882,-0.208651598,0.043256883,-0.977032933
0.000412553,8.19E-05,0.000378805,1598.929104,-0.10356989,0.028592341,-0.994211122
0.000412553,8.19E-05,0.000403979,1029.473778,-0.074278055,0.007597296,-0.99720863
0.000412553,8.19E-05,0.000429153,231.448435,-0.145325781,-0.005507397,-0.989368529
0.000412553,8.19E-05,0.000454326,-1409.821446,-0.893570519,-0.016505197,-0.448619332
0.000412553,8.19E-05,0.0004795,-907.6924798,-0.14612709,-0.005944026,0.989247968
0.000412553,0.0001075,1.20E-06,4565.522321,-0.161830442,-0.24061352,0.957035026
0.000412553,0.0001075,2.64E-05,5186.868135,-0.470895666,-0.641691276,0.605383827
0.000412553,0.0001075,5.15E-05,5897.917008,-0.440455574,-0.484610613,0.75574562
0.000412553,0.0001075,7.67E-05,6922.902268,-0.214242227,-0.294777045,0.931239369
0.000412553,0.0001075,0.000101895,6544.627543,-0.57050519,-0.542193271,-0.616887578
0.000412553,0.0001075,0.000127068,6553.965906,-0.599468681,-0.751099251,-0.276563222
0.000412553,0.0001075,0.000152242,6462.801041,-0.411414893,-0.035185608,-0.910768773
0.000412553,0.0001075,0.000177416,6047.249771,0.619854591,-0.487331892,-0.615051146
0.000412553,0.0001075,0.000202589,5822.746347,-0.41244074,0.243396265,-0.877867242
0.000412553,0.0001075,0.000227763,4802.817346,-0.36980496,-0.046096103,-0.927965215
0.000412553,0.0001075,0.000252937,4122.696856,-0.499401771,-0.136933201,-0.855480666
0.000412553,0.0001075,0.000278111,3584.988428,-0.526312324,-0.151933497,-0.836607166
0.000412553,0.0001075,0.000303284,3094.104369,-0.443115697,-0.116482194,-0.888864657
0.000412553,0.0001075,0.000328458,2611.669818,-0.286700315,-0.055548877,-0.956408517
0.000412553,0.0001075,0.000353632,2124.313569,-0.135443175,0.002263257,-0.990782531
0.000412553,0.0001075,0.000378805,1622.99352,-0.046508181,0.051377249,-0.997595794
0.000412553,0.0001075,0.000403979,1084.291749,-0.034367526,0.126069458,-0.991425925
0.000412553,0.0001075,0.000429153,444.4641098,-0.119420338,0.330571605,-0.936195064
0.000412553,0.0001075,0.000454326,-269.5490734,-0.263081772,0.881030207,-0.39315869
0.000412553,0.0001075,0.0004795,-320.6465316,-0.06616694,0.210124064,0.975433142
0.000412553,0.0001331,1.20E-06,3869.241579,-0.129914029,-0.302827323,0.94414933
0.000412553,0.0001331,2.64E-05,4471.438535,-0.300553876,-0.685841543,0.662788613
0.000412553,0.0001331,5.15E-05,5289.916288,-0.230249337,-0.523102089,0.820578727
0.000412553,0.0001331,7.67E-05,6698.624216,-0.310209504,-0.744625546,0.591018494
0.000412553,0.0001331,0.000101895,6224.638696,-0.289529256,-0.868653302,-0.402012749
0.000412553,0.0001331,0.000127068,6293.113021,-0.242307679,-0.959838416,0.141411474
0.000412553,0.0001331,0.000152242,6317.75305,-0.229311905,-0.803606855,-0.549210409
0.000412553,0.0001331,0.000177416,5935.66648,-0.291058308,-0.716041939,-0.634483257
0.000412553,0.0001331,0.000202589,5831.855902,-0.288102391,-0.401284481,-0.869464075
0.000412553,0.0001331,0.000227763,4642.784162,-0.253987649,-0.292792282,-0.92182588
0.000412553,0.0001331,0.000252937,3937.767267,-0.373873623,-0.371562847,-0.84979972
0.000412553,0.0001331,0.000278111,3426.18,-0.403636208,-0.370857434,-0.836386618
0.000412553,0.0001331,0.000303284,2985.008688,-0.310876565,-0.29929542,-0.902096454
0.000412553,0.0001331,0.000328458,2556.878749,-0.129119235,-0.173283753,-0.976371325
0.000412553,0.0001331,0.000353632,2114.545574,0.010900196,-0.049591266,-0.998710114
0.000412553,0.0001331,0.000378805,1653.398414,0.057856725,0.051466941,-0.996997369
0.000412553,0.0001331,0.000403979,1181.873167,0.048316619,0.182650567,-0.981989956
0.000412553,0.0001331,0.000429153,717.5869048,0.00071747,0.451165662,-0.892439931
0.000412553,0.0001331,0.000454326,333.7524048,-0.042534445,0.825046161,-0.563462202
0.000412553,0.0001331,0.0004795,151.4987146,0.000150384,0.189916247,0.981800283
0.000412553,0.0001587,1.20E-06,3156.476063,-0.106109391,-0.397375262,0.911500795
0.000412553,0.0001587,2.64E-05,3691.883997,-0.194524519,-0.765997319,0.612705736
0.000412553,0.0001587,5.15E-05,4454.08784,-0.143552322,-0.665311957,0.732634105
0.000412553,0.0001587,7.67E-05,5725.299751,-0.114266041,-0.888148743,0.44512367
0.000412553,0.0001587,0.000101895,5653.576295,-0.185235247,-0.954992112,0.231685067
0.000412553,0.0001587,0.000127068,5911.243708,-0.12487384,0.639415447,0.758653023
0.000412553,0.0001587,0.000152242,5930.926556,-0.11859999,-0.002027451,-0.992940044
0.000412553,0.0001587,0.000177416,5489.607318,-0.094258912,-0.728337732,-0.678704211
0.000412553,0.0001587,0.000202589,5215.936103,-0.143394058,-0.77736471,-0.612488572
0.000412553,0.0001587,0.000227763,4191.024758,-0.179903903,-0.555583877,-0.811764215
0.000412553,0.0001587,0.000252937,3581.74554,-0.253771819,-0.605482809,-0.754314545
0.000412553,0.0001587,0.000278111,3155.37686,-0.253565503,-0.596714977,-0.761338146
0.000412553,0.0001587,0.000303284,2800.805366,-0.117582083,-0.507448189,-0.853622158
0.000412553,0.0001587,0.000328458,2454.566128,0.114796751,-0.316179148,-0.941728439
0.000412553,0.0001587,0.000353632,2078.691221,0.21913219,-0.121693594,-0.968076315
0.000412553,0.0001587,0.000378805,1671.955239,0.194191891,0.025793089,-0.980624406
0.000412553,0.0001587,0.000403979,1261.30083,0.143621004,0.171726346,-0.974619448
0.000412553,0.0001587,0.000429153,880.4856297,0.087279804,0.365778822,-0.926600285
0.000412553,0.0001587,0.000454326,573.3794306,0.05654169,0.598550444,-0.799087231
0.000412553,0.0001587,0.0004795,374.8286935,0.027199977,0.139157773,0.989896598
0.000412553,0.0001843,1.20E-06,2398.658132,-0.088293882,-0.557276686,0.825619092
0.000412553,0.0001843,2.64E-05,2821.707032,-0.125926517,-0.863697341,0.48802604
0.000412553,0.0001843,5.15E-05,3412.080696,-0.099385485,-0.825285667,0.555901154
0.000412553,0.0001843,7.67E-05,4264.771609,-0.062652553,-0.814854411,0.576269856
0.000412553,0.0001843,0.000101895,5445.208914,-0.040274535,-0.702301042,0.710739902
0.000412553,0.0001843,0.000127068,6530.830817,-0.004996491,-0.923082692,0.384569081
0.000412553,0.0001843,0.000152242,6316.877545,-0.013713339,-0.83915749,-0.543715598
0.000412553,0.0001843,0.000177416,5155.39507,-0.0502022,-0.687077214,-0.724848012
0.000412553,0.0001843,0.000202589,4155.795821,-0.078895203,-0.796854818,-0.598997451
0.000412553,0.0001843,0.000227763,3505.3779,-0.126741886,-0.805098149,-0.579442374
0.000412553,0.0001843,0.000252937,3092.382051,-0.158243343,-0.818846842,-0.551768877
0.000412553,0.0001843,0.000278111,2803.735981,-0.125225132,-0.801744854,-0.584400424
0.000412553,0.0001843,0.000303284,2561.346254,0.047952592,-0.702199989,-0.710363093
0.000412553,0.0001843,0.000328458,2310.327858,0.299493117,-0.450619785,-0.840979002
0.000412553,0.0001843,0.000353632,2014.500158,0.371254675,-0.182813836,-0.910356561
0.000412553,0.0001843,0.000378805,1675.2621,0.306352114,0.021132242,-0.951683671
0.000412553,0.0001843,0.000403979,1323.690491,0.228453109,0.189998617,-0.954834909
0.000412553,0.0001843,0.000429153,993.745225,0.151272745,0.352037453,-0.923680783
0.000412553,0.0001843,0.000454326,718.9253024,0.107282863,0.513927458,-0.851098675
0.000412553,0.0001843,0.0004795,520.7750507,0.057592232,0.167014575,0.984270932
0.000412553,0.0002099,1.20E-06,1577.090684,-0.06514787,-0.815255911,0.575424674
0.000412553,0.0002099,2.64E-05,1867.978458,-0.069800734,-0.940134037,0.333580349
0.000412553,0.0002099,5.15E-05,2275.446807,-0.061511136,-0.924072026,0.377236358
0.000412553,0.0002099,7.67E-05,2801.739344,-0.050106274,-0.92854005,0.367835204
0.000412553,0.0002099,0.000101895,3376.502776,-0.036650315,-0.963820041,0.264022126
0.000412553,0.0002099,0.000127068,3783.541489,-0.027364438,-0.995611695,0.089490452
0.000412553,0.0002099,0.000152242,3772.162512,-0.029408874,-0.995462312,-0.090498089
0.000412553,0.0002099,0.000177416,3406.445676,-0.040932756,-0.969571376,-0.241362499
0.000412553,0.0002099,0.000202589,2983.721849,-0.055050396,-0.955979845,-0.288222119
0.000412553,0.0002099,0.000227763,2688.457081,-0.072980038,-0.963529138,-0.257459733
0.000412553,0.0002099,0.000252937,2522.847385,-0.085883087,-0.969603272,-0.229114797
0.000412553,0.0002099,0.000278111,2414.50578,-0.046221976,-0.959148757,-0.279100681
0.000412553,0.0002099,0.000303284,2304.807385,0.129027657,-0.866198616,-0.482754411
0.000412553,0.0002099,0.000328458,2156.588674,0.379401436,-0.531758085,-0.75715777
0.000412553,0.0002099,0.000353632,1949.000347,0.440013489,-0.138442463,-0.887255213
0.000412553,0.0002099,0.000378805,1687.554519,0.375855011,0.130592186,-0.917430483
0.000412553,0.0002099,0.000403979,1399.209621,0.303642486,0.310553487,-0.900754002
0.000412553,0.0002099,0.000429153,1114.879868,0.246604066,0.447676692,-0.859518478
0.000412553,0.0002099,0.000454326,863.8143613,0.233103559,0.558979929,-0.79574127
0.000412553,0.0002099,0.0004795,664.6785622,0.20046594,0.387224252,0.899928211
0.000412553,0.0002355,1.20E-06,664.9637556,-0.012954143,-0.999894686,-0.006542644
0.000412553,0.0002355,2.64E-05,820.1892688,-0.012646443,-0.982388907,0.186419158
0.000412553,0.0002355,5.15E-05,1086.019463,-0.017432403,-0.969444577,0.244690262
0.000412553,0.0002355,7.67E-05,1438.26549,-0.024532058,-0.965670762,0.258608116
0.000412553,0.0002355,0.000101895,1800.416575,-0.030793586,-0.977733133,0.207580528
0.000412553,0.0002355,0.000127068,2054.436589,-0.034752522,-0.994651972,0.097261074
0.000412553,0.0002355,0.000152242,2098.647051,-0.034347214,-0.998595398,-0.040342293
0.000412553,0.0002355,0.000177416,1934.532527,-0.020989252,-0.991741941,-0.12652025
0.000412553,0.0002355,0.000202589,1734.029911,-0.000653159,-0.998155862,-0.060699659
0.000412553,0.0002355,0.000227763,1751.37071,-0.004454187,-0.996536679,0.083034975
0.000412553,0.0002355,0.000252937,1913.399207,-0.028177056,-0.971015341,0.237350501
0.000412553,0.0002355,0.000278111,2041.736928,-0.013235529,-0.96439019,0.264152196
0.000412553,0.0002355,0.000303284,2090.732552,0.175679103,-0.983403954,0.045315731
0.000412553,0.0002355,0.000328458,2056.209852,0.602777955,-0.380741784,-0.701209263
0.000412553,0.0002355,0.000353632,1940.075232,0.4977376,0.265220522,-0.825781664
0.000412553,0.0002355,0.000378805,1754.847722,0.393158337,0.45395848,-0.799592534
0.000412553,0.0002355,0.000403979,1524.475532,0.336493785,0.538811504,-0.772304406
0.000412553,0.0002355,0.000429153,1277.326123,0.312931823,0.592684069,-0.74215852
0.000412553,0.0002355,0.000454326,1040.531395,0.326960162,0.628723423,-0.705552202
0.000412553,0.0002355,0.0004795,832.8836077,0.392491842,0.642068825,-0.658557346
0.000412553,0.0002611,1.20E-06,-395.8055853,0.04745737,-0.853945997,-0.518193045
0.000412553,0.0002611,2.64E-05,-388.4712233,0.053051962,-0.996354047,0.066813936
0.000412553,0.0002611,5.15E-05,-214.795003,0.039611054,-0.98524178,0.166522067
0.000412553,0.0002611,7.67E-05,88.92665636,0.017262042,-0.974293137,0.224621694
0.000412553,0.0002611,0.000101895,425.1017151,-0.008216507,-0.976228055,0.216590105
0.000412553,0.0002611,0.000127068,682.0021476,-0.02864768,-0.991410165,0.127613464
0.000412553,0.0002611,0.000152242,753.9065789,-0.027483547,-0.996826547,-0.074709368
0.000412553,0.0002611,0.000177416,499.9552081,0.038734847,-0.950735743,-0.307573013
0.000412553,0.0002611,0.000202589,-79.23050938,0.114943879,-0.993371978,-0.000135308
0.000412553,0.0002611,0.000227763,499.3171608,0.111487242,-0.860320436,0.497412649
0.000412553,0.0002611,0.000252937,1314.82436,0.013137507,-0.60445826,0.796528479
0.000412553,0.0002611,0.000278111,1756.117412,-0.031024837,-0.493435955,0.869228634
0.000412553,0.0002611,0.000303284,1985.409208,0.042749766,-0.109289596,0.993090249
0.000412553,0.0002611,0.000328458,2073.399594,0.315793727,0.909213774,0.271301742
0.000412553,0.0002611,0.000353632,2047.429501,0.296974111,0.892023175,-0.340736016
0.000412553,0.0002611,0.000378805,1927.501789,0.279133374,0.814640568,-0.508375162
0.000412553,0.0002611,0.000403979,1738.002718,0.278558332,0.764219666,-0.581698856
0.000412553,0.0002611,0.000429153,1507.900179,0.293770932,0.728211215,-0.619198729
0.000412553,0.0002611,0.000454326,1266.567812,0.329104316,0.697816624,-0.636193609
0.000412553,0.0002611,0.0004795,1037.043975,0.151023104,0.258831863,-0.954043022
0.000412553,0.0002867,1.20E-06,-1723.96867,0.094556153,-0.690674082,-0.716957771
0.000412553,0.0002867,2.64E-05,-1924.819797,0.132281944,-0.991073321,-0.016587922
0.000412553,0.0002867,5.15E-05,-1786.379085,0.114884642,-0.982822977,0.144431695
0.000412553,0.0002867,7.67E-05,-1384.280409,0.078171763,-0.961721916,0.26264069
0.000412553,0.0002867,0.000101895,-917.998904,0.027615828,-0.954584842,0.296656613
0.000412553,0.0002867,0.000127068,-543.2591979,-0.022161481,-0.973991388,0.225498657
0.000412553,0.0002867,0.000152242,-371.4902886,-0.043212077,-0.996681415,-0.068984592
0.000412553,0.0002867,0.000177416,-684.3815352,0.060466247,-0.515703203,-0.854630938
0.000412553,0.0002867,0.000202589,-3029.549798,0.886593687,-0.462478753,-0.008064584
0.000412553,0.0002867,0.000227763,-700.6067162,0.165687885,-0.149141743,0.974835507
0.000412553,0.0002867,0.000252937,943.5048061,-0.008072718,-0.129321795,0.991569818
0.000412553,0.0002867,0.000278111,1654.61864,-0.092376366,0.046877587,0.994620078
0.000412553,0.0002867,0.000303284,2055.224326,-0.100385174,0.513099032,0.852438972
0.000412553,0.0002867,0.000328458,2267.578428,-0.02111436,0.91481,0.403332179
0.000412553,0.0002867,0.000353632,2328.493851,0.060044068,0.998138488,-0.010689648
0.000412553,0.0002867,0.000378805,2259.0825,0.116510113,0.957072616,-0.265400454
0.000412553,0.0002867,0.000403979,2085.071967,0.16373947,0.889884701,-0.425787042
0.000412553,0.0002867,0.000429153,1841.148396,0.212344006,0.819697694,-0.531982813
0.000412553,0.0002867,0.000454326,1565.742005,0.268872764,0.752663182,-0.601003803
0.000412553,0.0002867,0.0004795,1291.523202,0.082153784,0.168753022,-0.982228677
0.000412553,0.0003123,1.20E-06,-3546.709247,0.177149329,-0.341598929,-0.922999614
0.000412553,0.0003123,2.64E-05,-4180.434031,0.588789208,-0.791455091,-0.164091764
0.000412553,0.0003123,5.15E-05,-3955.326572,0.478616194,-0.782977608,0.397331857
0.000412553,0.0003123,7.67E-05,-3144.705319,0.24349113,-0.78610245,0.568115312
0.000412553,0.0003123,0.000101895,-2326.975626,0.075639496,-0.890183732,0.449278968
0.000412553,0.0003123,0.000127068,-1718.495894,-0.024832107,-0.917399758,0.397191454
0.000412553,0.0003123,0.000152242,-1319.541697,-0.118179347,-0.948280856,0.294613409
0.000412553,0.0003123,0.000177416,-1131.139217,-0.208018486,-0.936635684,0.281854402
0.000412553,0.0003123,0.000202589,-1025.45148,0.007043811,0.9022283,0.431201204
0.000412553,0.0003123,0.000227763,-118.821057,-0.045962184,0.390373159,0.919508714
0.000412553,0.0003123,0.000252937,1002.450936,-0.136824853,0.167120486,0.976396284
0.000412553,0.0003123,0.000278111,1809.401366,-0.185294643,0.375803341,0.907985542
0.000412553,0.0003123,0.000303284,2360.609414,-0.177127972,0.693026116,0.698813627
0.000412553,0.0003123,0.000328458,2703.707012,-0.125323566,0.915147727,0.383143109
0.000412553,0.0003123,0.000353632,2854.165387,-0.065489449,0.994322898,0.083863623
0.000412553,0.0003123,0.000378805,2820.18226,-0.009945176,0.987670722,-0.156229439
0.000412553,0.0003123,0.000403979,2626.2672,0.046529917,0.936700122,-0.347027157
0.000412553,0.0003123,0.000429153,2321.653317,0.109517153,0.861519379,-0.495772482
0.000412553,0.0003123,0.000454326,1966.544005,0.180479648,0.777487543,-0.602445199
0.000412553,0.0003123,0.0004795,1611.808346,0.046972287,0.126678858,-0.990831
0.000412553,0.0003379,1.20E-06,-3903.960635,-0.068128084,-0.082381355,-0.994269519
0.000412553,0.0003379,2.64E-05,-3929.05855,-0.994631964,0.097786749,0.033837964
0.000412553,0.0003379,5.15E-05,-3861.938433,-0.970741513,-0.083320929,0.225207768
0.000412553,0.0003379,7.67E-05,-3675.59041,-0.406003325,-0.911616921,0.064155194
0.000412553,0.0003379,0.000101895,-3791.689801,0.168831121,-0.948423751,0.268306619
0.000412553,0.0003379,0.000127068,-2909.55201,-0.039946587,-0.84504512,0.533200727
0.000412553,0.0003379,0.000152242,-2294.048815,-0.209834823,-0.846334857,0.48957804
0.000412553,0.0003379,0.000177416,-1678.228786,-0.358376062,-0.66776412,0.652424462
0.000412553,0.0003379,0.000202589,-875.5448648,-0.397764347,-0.130514694,0.908157166
0.000412553,0.0003379,0.000227763,174.9097897,-0.319846478,0.155576671,0.934609079
0.000412553,0.0003379,0.000252937,1279.129484,-0.287676283,0.305150855,0.907813479
0.000412553,0.0003379,0.000278111,2226.26223,-0.269758663,0.527633195,0.805502002
0.000412553,0.0003379,0.000303284,2957.14303,-0.238627306,0.753563546,0.612534889
0.000412553,0.0003379,0.000328458,3466.414448,-0.195530348,0.910674767,0.363922178
0.000412553,0.0003379,0.000353632,3732.860961,-0.151475654,0.98210845,0.111884401
0.000412553,0.0003379,0.000378805,3724.236797,-0.108177669,0.987040696,-0.118525338
0.000412553,0.0003379,0.000403979,3453.495951,-0.057917304,0.942898097,-0.328007262
0.000412553,0.0003379,0.000429153,3006.984693,0.006918266,0.861367951,-0.507934435
0.000412553,0.0003379,0.000454326,2497.34867,0.085621825,0.763366056,-0.640266482
0.000412553,0.0003379,0.0004795,2008.335886,0.033982129,0.13173758,-0.990701986
0.000412553,0.0003635,1.20E-06,-4046.99011,-0.005673311,-0.021101736,-0.999761237
0.000412553,0.0003635,2.64E-05,-4056.939483,-0.746512061,-0.66502165,-0.021585821
0.000412553,0.0003635,5.15E-05,-4050.691195,-0.425822375,-0.852285062,-0.30378525
0.000412553,0.0003635,7.67E-05,-4159.811823,0.060221181,-0.590699736,-0.804641057
0.000412553,0.0003635,0.000101895,-5080.663808,0.766872675,-0.641152447,0.028806941
0.000412553,0.0003635,0.000127068,-4132.233561,-0.080271255,-0.63455289,0.768699652
0.000412553,0.0003635,0.000152242,-3484.181076,-0.321091039,-0.817658027,0.477845053
0.000412553,0.0003635,0.000177416,-2607.581854,-0.496660281,-0.601796997,0.625435
0.000412553,0.0003635,0.000202589,-1296.283168,-0.510982756,-0.265788147,0.817467604
0.000412553,0.0003635,0.000227763,245.9239087,-0.433924523,0.081221376,0.897280668
0.000412553,0.0003635,0.000252937,1703.666315,-0.372500281,0.358610634,0.855945065
0.000412553,0.0003635,0.000278111,2927.175702,-0.332877751,0.582020241,0.741919701
0.000412553,0.0003635,0.000303284,3912.128886,-0.296549088,0.759276614,0.579273391
0.000412553,0.0003635,0.000328458,4677.728136,-0.260879985,0.890974644,0.37162591
0.000412553,0.0003635,0.000353632,5155.626561,-0.450881961,0.853035199,0.262747802
0.000412553,0.0003635,0.000378805,5186.042316,-0.426534322,0.872761581,-0.237393544
0.000412553,0.0003635,0.000403979,4723.015584,-0.154473684,0.923870358,-0.350144888
0.000412553,0.0003635,0.000429153,3970.571214,-0.09003188,0.819036928,-0.566632836
0.000412553,0.0003635,0.000454326,3177.359724,-0.004452184,0.700351777,-0.713783978
0.000412553,0.0003635,0.0004795,2477.431063,0.020005303,0.131822678,-0.991071425
0.000412553,0.0003891,1.20E-06,-4044.215794,0.000413975,-0.009941491,-0.999950496
0.000412553,0.0003891,2.64E-05,-4045.013559,-0.356970023,-0.743694651,-0.565235056
0.000412553,0.0003891,5.15E-05,-4155.439713,-0.369623402,-0.634265978,-0.679032554
0.000412553,0.0003891,7.67E-05,-4444.514469,-0.228413259,-0.777881957,-0.58542894
0.000412553,0.0003891,0.000101895,-4415.890481,-0.810540611,0.558153717,0.177449563
0.000412553,0.0003891,0.000127068,-4249.748737,-0.568476614,-0.216771256,-0.79362747
0.000412553,0.0003891,0.000152242,-4947.117172,0.570451336,-0.612092606,0.547656749
0.000412553,0.0003891,0.000177416,-3819.08783,-0.209128425,-0.516396762,0.83042139
0.000412553,0.0003891,0.000202589,-1819.034205,-0.627193643,-0.080238597,0.77471924
0.000412553,0.0003891,0.000227763,451.062403,-0.486509825,0.192547579,0.852193417
0.000412553,0.0003891,0.000252937,2421.502819,-0.42490218,0.431604193,0.795723544
0.000412553,0.0003891,0.000278111,3988.093904,-0.394927802,0.605305049,0.69111347
0.000412553,0.0003891,0.000303284,5290.519171,-0.364979207,0.721700355,0.588165603
0.000412553,0.0003891,0.000328458,6498.193324,-0.028187323,0.993972258,0.105946328
0.000412553,0.0003891,0.000353632,5411.097878,0.458918892,0.416365883,-0.784877635
0.000412553,0.0003891,0.000378805,5341.636789,0.52710562,0.30438304,0.793417059
0.000412553,0.0003891,0.000403979,6714.873419,0.406477979,0.91157153,-0.061749478
0.000412553,0.0003891,0.000429153,5278.981598,-0.183767068,0.707549198,-0.682351667
0.000412553,0.0003891,0.000454326,3987.200913,-0.083560706,0.569893471,-0.817458892
0.000412553,0.0003891,0.0004795,2985.521643,0.005067388,0.118375244,-0.992956003
0.000412553,0.0004147,1.20E-06,-4118.071288,-0.045546018,0.010257817,-0.998909574
0.000412553,0.0004147,2.64E-05,-4205.75799,0.371610333,-0.826056028,-0.423718302
0.000412553,0.0004147,5.15E-05,-4430.173718,0.262955814,-0.885376926,-0.383356151
0.000412553,0.0004147,7.67E-05,-4511.743485,-0.862684649,-0.504825003,-0.030445232
0.000412553,0.0004147,0.000101895,-4457.668724,-0.938733877,0.254658544,0.232223458
0.000412553,0.0004147,0.000127068,-4279.789969,-0.676340166,0.444876462,0.587068065
0.000412553,0.0004147,0.000152242,-3973.663751,-0.461966904,0.86856687,-0.179382752
0.000412553,0.0004147,0.000177416,-4585.719153,0.106672747,0.022542584,0.994038609
0.000412553,0.0004147,0.000202589,-1746.037471,-0.622356775,0.173746277,0.763206575
0.000412553,0.0004147,0.000227763,1220.271536,-0.499275992,0.340591383,0.796693789
0.000412553,0.0004147,0.000252937,3654.658637,-0.488698735,0.508073068,0.709249818
0.000412553,0.0004147,0.000278111,5482.530141,-0.59755455,0.276748767,0.752554769
0.000412553,0.0004147,0.000303284,7044.270614,-0.332540227,0.804708085,0.491794566
0.000412553,0.0004147,0.000328458,5828.13685,0.59305229,-0.286217484,-0.752574603
0.000412553,0.0004147,0.000353632,5779.552777,0.039095,0.95918311,-0.280070246
0.000412553,0.0004147,0.000378805,5694.687493,0.216677804,0.935266376,-0.279870567
0.000412553,0.0004147,0.000403979,5663.621504,-0.061200152,-0.614041102,0.786897748
0.000412553,0.0004147,0.000429153,6846.868676,0.466277842,0.20423804,-0.860739099
0.000412553,0.0004147,0.000454326,4803.328143,-0.141371892,0.36241353,-0.921233098
0.000412553,0.0004147,0.0004795,3451.111011,-0.008601606,0.08426125,-0.996406571
0.000412553,0.0004403,1.20E-06,-3964.255725,0.09574746,0.167155701,-0.981270297
0.000412553,0.0004403,2.64E-05,-4663.77411,0.586337199,0.633233693,-0.505196773
0.000412553,0.0004403,5.15E-05,-4874.093614,0.650926196,0.742041584,-0.160216647
0.000412553,0.0004403,7.67E-05,-4908.141308,0.603076207,0.649027191,0.463748631
0.000412553,0.0004403,0.000101895,-4157.220334,-0.372743151,0.432177735,0.821148555
0.000412553,0.0004403,0.000127068,-3876.761492,-0.873363806,-0.08198602,0.480118688
0.000412553,0.0004403,0.000152242,-3440.729777,-0.943360444,0.264739734,0.19995986
0.000412553,0.0004403,0.000177416,-3767.714706,0.250459976,0.683087195,0.686047873
0.000412553,0.0004403,0.000202589,-474.8991,-0.463084404,0.38046782,0.800498016
0.000412553,0.0004403,0.000227763,2798.99243,-0.52514284,0.422960191,0.738464403
0.000412553,0.0004403,0.000252937,5526.490795,-0.50973542,0.333297968,0.793147065
0.000412553,0.0004403,0.000278111,5255.718779,-0.830176374,-0.03413159,0.55645505
0.000412553,0.0004403,0.000303284,5865.601455,0.435570158,-0.757138558,0.486846836
0.000412553,0.0004403,0.000328458,6009.053041,-0.539783207,0.838039081,0.079527279
0.000412553,0.0004403,0.000353632,5875.874444,0.584647586,0.199358844,-0.78641163
0.000412553,0.0004403,0.000378805,5735.614713,0.86271498,0.423407424,-0.276494153
0.000412553,0.0004403,0.000403979,5800.564189,0.286145413,0.691838659,-0.662932932
0.000412553,0.0004403,0.000429153,5486.570848,0.611278944,-0.741922301,-0.275480221
0.000412553,0.0004403,0.000454326,5345.716871,-0.378240446,0.273109557,-0.884502875
0.000412553,0.0004403,0.0004795,3752.737344,-0.017906254,0.036618379,-0.999168885
0.000412553,0.0004659,1.20E-06,-2660.070213,0.040785421,0.301458453,-0.952606609
0.000412553,0.0004659,2.64E-05,-3046.017953,0.124720313,0.966163093,-0.225773608
0.000412553,0.0004659,5.15E-05,-3279.223076,0.122662674,0.979470174,-0.159975145
0.000412553,0.0004659,7.67E-05,-3491.47181,0.153498202,0.962131997,-0.225256126
0.000412553,0.0004659,0.000101895,-3905.651702,0.425767812,0.814246489,-0.394619342
0.000412553,0.0004659,0.000127068,-4404.211302,-0.347826638,0.936623337,0.04187307
0.000412553,0.0004659,0.000152242,-3826.844719,-0.341309612,0.568524168,0.748523894
0.000412553,0.0004659,0.000177416,-1582.678162,-0.156261288,0.613577231,0.774018986
0.000412553,0.0004659,0.000202589,1427.901,-0.42276864,0.424604401,0.800610879
0.000412553,0.0004659,0.000227763,4715.817013,-0.397915843,0.621855174,0.674506578
0.000412553,0.0004659,0.000252937,4704.512654,-0.657298339,-0.431991155,0.617529381
0.000412553,0.0004659,0.000278111,5461.377673,0.308802796,0.206547871,0.92842814
0.000412553,0.0004659,0.000303284,5852.853274,-0.6204906,-0.007928008,0.784173809
0.000412553,0.0004659,0.000328458,5938.224382,-0.255594951,-0.966554404,-0.021066704
0.000412553,0.0004659,0.000353632,5850.044505,0.811160839,-0.067512201,-0.580913243
0.000412553,0.0004659,0.000378805,5811.966375,0.830369736,0.471992742,0.296156973
0.000412553,0.0004659,0.000403979,5927.925826,-0.024143684,0.678697552,-0.734020923
0.000412553,0.0004659,0.000429153,5601.130349,0.533817997,0.758183153,-0.374428433
0.000412553,0.0004659,0.000454326,5347.753351,-0.367243512,-0.231249799,-0.900919382
0.000412553,0.0004659,0.0004795,3798.088901,-0.023790303,-0.018434759,-0.999546988
0.000412553,0.0004915,1.20E-06,-1761.715532,0.005877224,0.851257414,-0.524715422
0.000412553,0.0004915,2.64E-05,-1969.335207,0.005908377,0.999268591,-0.037780605
0.000412553,0.0004915,5.15E-05,-2100.552467,0.002949582,0.999723534,-0.023327152
0.000412553,0.0004915,7.67E-05,-2187.177099,0.002585577,0.999899624,-0.013930449
0.000412553,0.0004915,0.000101895,-2242.005245,0.010708227,0.9998894,0.010320946
0.000412553,0.0004915,0.000127068,-2084.142236,0.016252248,0.995039434,0.09814474
0.000412553,0.0004915,0.000152242,-1261.40677,-0.036936913,0.960608296,0.275440312
0.000412553,0.0004915,0.000177416,468.3492822,-0.204634005,0.8137017,0.544072115
0.000412553,0.0004915,0.000202589,2922.080906,-0.468736601,0.415349907,0.77959634
0.000412553,0.0004915,0.000227763,5870.99249,-0.494558411,-0.298049089,0.816442722
0.000412553,0.0004915,0.000252937,4996.10315,-0.127023025,-0.946882484,-0.295429709
0.000412553,0.0004915,0.000278111,5515.5171,0.260685619,-0.902497486,0.34284296
0.000412553,0.0004915,0.000303284,5860.698886,-0.100059829,-0.98805606,0.117188966
0.000412553,0.0004915,0.000328458,5878.002487,-0.025932873,-0.999663684,7.17E-05
0.000412553,0.0004915,0.000353632,5860.952579,0.029003158,-0.999570448,-0.004211454
0.000412553,0.0004915,0.000378805,5861.838106,0.031145477,-0.99896994,0.033000283
0.000412553,0.0004915,0.000403979,5998.810835,-0.030060581,-0.984324083,0.173788556
0.000412553,0.0004915,0.000429153,6681.261912,-0.273293418,-0.934918762,-0.226357274
0.000412553,0.0004915,0.000454326,4875.070918,-0.097621863,-0.830148567,-0.548929257
0.000412553,0.0004915,0.0004795,3602.547027,-0.020857814,-0.446670033,-0.894455607
0.000438068,5.10E-06,1.20E-06,5158.963337,-0.258579376,0.769222398,0.584323206
0.000438068,5.10E-06,2.64E-05,5569.186758,-0.201330329,0.976775934,0.073313525
0.000438068,5.10E-06,5.15E-05,5710.939091,-0.192712566,0.981243391,0.004824456
0.000438068,5.10E-06,7.67E-05,5607.022787,-0.261533113,0.964226499,-0.043216772
0.000438068,5.10E-06,0.000101895,5362.922616,-0.206504976,0.975928352,-0.070139484
0.000438068,5.10E-06,0.000127068,5058.065853,-0.169496428,0.981705899,-0.086743811
0.000438068,5.10E-06,0.000152242,4721.821754,-0.154671082,0.982207651,-0.106512846
0.000438068,5.10E-06,0.000177416,4364.428977,-0.167495906,0.975208528,-0.144614827
0.000438068,5.10E-06,0.000202589,3996.89268,-0.241040342,0.938750957,-0.246264479
0.000438068,5.10E-06,0.000227763,3629.732607,-0.589111332,0.424762917,-0.687404032
0.000438068,5.10E-06,0.000252937,3267.714956,-0.281053305,-0.883839227,-0.373948207
0.000438068,5.10E-06,0.000278111,2910.326553,-0.134149035,-0.968432649,-0.21010055
0.000438068,5.10E-06,0.000303284,2555.879161,-0.123055447,-0.962948924,-0.239972347
0.000438068,5.10E-06,0.000328458,2204.424845,-0.075522995,-0.977330759,-0.197789949
0.000438068,5.10E-06,0.000353632,1857.826836,-0.043020951,-0.984737424,-0.168645795
0.000438068,5.10E-06,0.000378805,1518.797404,-0.020785185,-0.988416891,-0.15033305
0.000438068,5.10E-06,0.000403979,1192.016762,-0.004193521,-0.990893004,-0.134586285
0.000438068,5.10E-06,0.000429153,890.1790072,0.008592598,-0.993615464,-0.112492119
0.000438068,5.10E-06,0.000454326,640.9654762,0.022452337,-0.99415316,-0.105619064
0.000438068,5.10E-06,0.0004795,470.8782991,0.021191039,-0.56716349,0.823332567
0.000438068,3.07E-05,1.20E-06,5177.204691,-0.377081784,-0.036535466,0.925459069
0.000438068,3.07E-05,2.64E-05,5635.140921,-0.904538592,-0.084337967,0.417967754
0.000438068,3.07E-05,5.15E-05,5853.199641,-0.988101218,0.039856321,0.14855119
0.000438068,3.07E-05,7.67E-05,5849.228412,-0.983486819,0.167687608,-0.068077475
0.000438068,3.07E-05,0.000101895,5706.753843,-0.903591863,0.376979473,-0.203490101
0.000438068,3.07E-05,0.000127068,5471.233727,-0.775076412,0.543658735,-0.322012012
0.000438068,3.07E-05,0.000152242,5145.867259,-0.673966791,0.595143657,-0.437690292
0.000438068,3.07E-05,0.000177416,4746.678049,-0.622400683,0.557563495,-0.549308966
0.000438068,3.07E-05,0.000202589,4314.931932,-0.601131684,0.482018444,-0.637415813
0.000438068,3.07E-05,0.000227763,3886.856039,-0.590395887,0.40706729,-0.69694255
0.000438068,3.07E-05,0.000252937,3476.020989,-0.572239393,0.347990647,-0.74259315
0.000438068,3.07E-05,0.000278111,3079.548475,-0.531094007,0.302792193,-0.791363408
0.000438068,3.07E-05,0.000303284,2690.411529,-0.459126989,0.261309038,-0.849070076
0.000438068,3.07E-05,0.000328458,2304.148449,-0.359039343,0.210498768,-0.909274996
0.000438068,3.07E-05,0.000353632,1918.654501,-0.241748346,0.136119151,-0.960744146
0.000438068,3.07E-05,0.000378805,1530.881389,-0.120216086,0.020474764,-0.992536587
0.000438068,3.07E-05,0.000403979,1135.256758,-0.003883455,-0.169378886,-0.985543359
0.000438068,3.07E-05,0.000429153,735.3052921,0.102307244,-0.507522353,-0.855543271
0.000438068,3.07E-05,0.000454326,396.1959527,0.158542889,-0.868785937,-0.469121678
0.000438068,3.07E-05,0.0004795,240.8617317,0.038487337,-0.155160365,0.987139294
0.000438068,5.63E-05,1.20E-06,4942.400445,-0.298893166,-0.10267597,0.948746816
0.000438068,5.63E-05,2.64E-05,5430.473814,-0.903156799,-0.240429589,0.355670367
0.000438068,5.63E-05,5.15E-05,5769.351559,-0.960232481,-0.129184183,0.247517736
0.000438068,5.63E-05,7.67E-05,5973.855142,-0.979870959,0.122920428,0.157300577
0.000438068,5.63E-05,0.000101895,6075.042797,-0.871158933,0.490390052,0.024488973
0.000438068,5.63E-05,0.000127068,6021.057533,-0.686833139,0.708634966,-0.161544807
0.000438068,5.63E-05,0.000152242,5723.711301,-0.594493075,0.715825989,-0.366293786
0.000438068,5.63E-05,0.000177416,5222.134196,-0.573400669,0.595330713,-0.562843686
0.000438068,5.63E-05,0.000202589,4658.107481,-0.574233188,0.441289812,-0.689579254
0.000438068,5.63E-05,0.000227763,4128.018132,-0.583819899,0.319864194,-0.746217946
0.000438068,5.63E-05,0.000252937,3652.438566,-0.583551092,0.243916227,-0.774579239
0.000438068,5.63E-05,0.000278111,3216.007661,-0.550874384,0.203444939,-0.809411866
0.000438068,5.63E-05,0.000303284,2798.556874,-0.474200248,0.181172168,-0.861574588
0.000438068,5.63E-05,0.000328458,2386.113616,-0.358981849,0.156617157,-0.920110373
0.000438068,5.63E-05,0.000353632,1969.239402,-0.224649885,0.109887784,-0.968223685
0.000438068,5.63E-05,0.000378805,1535.231577,-0.091361184,0.026386526,-0.995468174
0.000438068,5.63E-05,0.000403979,1052.970779,0.028599294,-0.107160133,-0.993830361
0.000438068,5.63E-05,0.000429153,444.3312855,0.142088897,-0.365451234,-0.919921813
0.000438068,5.63E-05,0.000454326,-290.222138,0.180305081,-0.946269681,-0.268446957
0.000438068,5.63E-05,0.0004795,-293.3358525,0.078430804,-0.245450403,0.966231188
0.000438068,8.19E-05,1.20E-06,4547.268075,-0.210905248,-0.134662632,0.968186424
0.000438068,8.19E-05,2.64E-05,5066.663456,-0.769080897,-0.394886089,0.50257293
0.000438068,8.19E-05,5.15E-05,5564.795884,-0.825077874,-0.240029889,0.511499907
0.000438068,8.19E-05,7.67E-05,6092.152132,-0.83489936,0.117696331,0.537671491
0.000438068,8.19E-05,0.000101895,6667.985941,-0.710662631,0.125938686,0.692169106
0.000438068,8.19E-05,0.000127068,7038.489384,-0.899508649,0.42943955,0.080410593
0.000438068,8.19E-05,0.000152242,6733.595626,-0.509883931,0.362020574,-0.780358559
0.000438068,8.19E-05,0.000177416,5892.875515,-0.514799552,0.577687371,-0.633449859
0.000438068,8.19E-05,0.000202589,5026.958657,-0.519381085,0.337945799,-0.784879561
0.000438068,8.19E-05,0.000227763,4325.233432,-0.54525361,0.184197296,-0.817783502
0.000438068,8.19E-05,0.000252937,3768.078145,-0.566217793,0.103217745,-0.817767392
0.000438068,8.19E-05,0.000278111,3297.80549,-0.545789897,0.079625559,-0.834130181
0.000438068,8.19E-05,0.000303284,2867.877232,-0.464354057,0.093965652,-0.880650763
0.000438068,8.19E-05,0.000328458,2447.701825,-0.330877453,0.115499453,-0.936578874
0.000438068,8.19E-05,0.000353632,2016.860101,-0.183915654,0.110723786,-0.976685863
0.000438068,8.19E-05,0.000378805,1555.579903,-0.054790683,0.073914534,-0.995758315
0.000438068,8.19E-05,0.000403979,1015.638017,0.049121195,0.027046835,-0.998426551
0.000438068,8.19E-05,0.000429153,192.667429,0.10357787,-0.000539365,-0.994621201
0.000438068,8.19E-05,0.000454326,-2248.100008,0.742415659,-0.022174497,-0.669572461
0.000438068,8.19E-05,0.0004795,-1110.884898,0.126379092,-0.00589314,0.991964513
0.000438068,0.0001075,1.20E-06,4068.629801,-0.189535971,-0.194399624,0.96243696
0.000438068,0.0001075,2.64E-05,4617.433249,-0.593454332,-0.503593922,0.627857562
0.000438068,0.0001075,5.15E-05,5279.974261,-0.602676547,-0.327533731,0.727669317
0.000438068,0.0001075,7.67E-05,6219.433131,-0.867118215,-0.014825086,0.49788173
0.000438068,0.0001075,0.000101895,6250.142766,-0.63742296,-0.747800319,0.185705826
0.000438068,0.0001075,0.000127068,6377.385503,0.036132325,-0.999189412,0.017747531
0.000438068,0.0001075,0.000152242,6264.179944,-0.148029753,-0.77674456,0.612172428
0.000438068,0.0001075,0.000177416,6804.893824,-0.504125409,-0.157817622,-0.849088435
0.000438068,0.0001075,0.000202589,5344.518318,-0.441527771,0.122950847,-0.888783616
0.000438068,0.0001075,0.000227763,4416.369888,-0.477409253,-0.010825438,-0.878614372
0.000438068,0.0001075,0.000252937,3784.315589,-0.516685483,-0.079620478,-0.852465067
0.000438068,0.0001075,0.000278111,3303.395559,-0.508200288,-0.076301447,-0.857852293
0.000438068,0.0001075,0.000303284,2890.799252,-0.413361471,-0.002985813,-0.910562123
0.000438068,0.0001075,0.000328458,2492.838837,-0.242372635,0.095740433,-0.965447707
0.000438068,0.0001075,0.000353632,2072.089195,-0.091026929,0.137866053,-0.986259119
0.000438068,0.0001075,0.000378805,1610.810293,0.000674875,0.135018459,-0.990842853
0.000438068,0.0001075,0.000403979,1090.516589,0.067407766,0.164256476,-0.984111784
0.000438068,0.0001075,0.000429153,442.5314473,0.14930753,0.348728988,-0.925254211
0.000438068,0.0001075,0.000454326,-334.1234851,0.188728045,0.939533126,-0.285760792
0.000438068,0.0001075,0.0004795,-334.3899794,0.09438171,0.276775347,0.956288398
0.000438068,0.0001331,1.20E-06,3530.126404,-0.170771619,-0.273050037,0.946721042
0.000438068,0.0001331,2.64E-05,4078.610565,-0.435875856,-0.603407238,0.667766384
0.000438068,0.0001331,5.15E-05,4831.502723,-0.427235191,-0.449611887,0.784422872
0.000438068,0.0001331,7.67E-05,6062.774865,-0.738313803,-0.424083996,0.524447798
0.000438068,0.0001331,0.000101895,6021.171875,-0.167991742,-0.961096921,0.219252099
0.000438068,0.0001331,0.000127068,6234.809899,0.79733712,-0.579167416,0.169760482
0.000438068,0.0001331,0.000152242,6181.97282,0.555949383,-0.565443365,-0.609256994
0.000438068,0.0001331,0.000177416,5719.045879,-0.329954147,-0.356575917,-0.874061712
0.000438068,0.0001331,0.000202589,5362.973349,-0.637398074,-0.256261838,-0.726672943
0.000438068,0.0001331,0.000227763,4305.684574,-0.405894378,-0.247604232,-0.879739676
0.000438068,0.0001331,0.000252937,3662.365601,-0.445423541,-0.304542021,-0.841933505
0.000438068,0.0001331,0.000278111,3216.986031,-0.433947824,-0.288765851,-0.853407036
0.000438068,0.0001331,0.000303284,2865.174334,-0.277591889,-0.154430775,-0.94820561
0.000438068,0.0001331,0.000328458,2530.265676,0.022550585,0.066717879,-0.997517015
0.000438068,0.0001331,0.000353632,2142.244105,0.133086087,0.151816123,-0.979407963
0.000438068,0.0001331,0.000378805,1691.600282,0.105998228,0.15998279,-0.981412188
0.000438068,0.0001331,0.000403979,1213.935758,0.091024046,0.224109201,-0.970303916
0.000438068,0.0001331,0.000429153,738.7085144,0.106280536,0.457202781,-0.882989278
0.000438068,0.0001331,0.000454326,349.5446366,0.130820313,0.841843955,-0.523626586
0.000438068,0.0001331,0.0004795,184.9690368,0.049929989,0.219927538,0.974237586
0.000438068,0.0001587,1.20E-06,2926.621237,-0.14909541,-0.379286115,0.913188152
0.000438068,0.0001587,2.64E-05,3421.568544,-0.315704075,-0.722932187,0.614573014
0.000438068,0.0001587,5.15E-05,4123.440398,-0.321802227,-0.627275203,0.709203177
0.000438068,0.0001587,7.67E-05,5241.140002,-0.475993221,-0.734168804,0.48417623
0.000438068,0.0001587,0.000101895,5483.251998,-0.2514365,-0.843800181,0.474110685
0.000438068,0.0001587,0.000127068,5819.494571,0.440148978,-0.720378904,0.536025291
0.000438068,0.0001587,0.000152242,5777.399842,0.060841529,-0.604221054,0.794490545
0.000438068,0.0001587,0.000177416,6465.122504,-0.310956779,-0.671738679,-0.672363763
0.000438068,0.0001587,0.000202589,4837.654454,-0.33530418,-0.462681512,-0.820668584
0.000438068,0.0001587,0.000227763,3929.625197,-0.344316921,-0.517137866,-0.783590637
0.000438068,0.0001587,0.000252937,3383.845338,-0.361455175,-0.563608881,-0.742761864
0.000438068,0.0001587,0.000278111,3029.083227,-0.315724081,-0.578956587,-0.751749676
0.000438068,0.0001587,0.000303284,2777.061554,0.037489068,-0.481196722,-0.875810644
0.000438068,0.0001587,0.000328458,2542.010114,0.60388986,-0.116165767,-0.788557259
0.000438068,0.0001587,0.000353632,2204.290632,0.523759073,0.035761857,-0.851115458
0.000438068,0.0001587,0.000378805,1764.699181,0.248472888,0.105619694,-0.962863284
0.000438068,0.0001587,0.000403979,1314.331317,0.111948374,0.192910983,-0.974809168
0.000438068,0.0001587,0.000429153,897.6839301,-0.004595173,0.336039039,-0.941836848
0.000438068,0.0001587,0.000454326,571.2099934,-0.15132037,0.560734135,-0.814051212
0.000438068,0.0001587,0.0004795,395.7640447,0.00056498,0.143793121,0.989607609
0.000438068,0.0001843,1.20E-06,2252.097354,-0.124692809,-0.547445805,0.82749912
0.000438068,0.0001843,2.64E-05,2646.931107,-0.211989793,-0.844119685,0.492465517
0.000438068,0.0001843,5.15E-05,3194.875582,-0.230055788,-0.803762932,0.548670651
0.000438068,0.0001843,7.67E-05,3965.939227,-0.259525461,-0.792417391,0.552015591
0.000438068,0.0001843,0.000101895,4974.411613,-0.42254965,-0.701329613,0.574098047
0.000438068,0.0001843,0.000127068,5832.802024,-0.644936317,-0.72901975,0.229319322
0.000438068,0.0001843,0.000152242,5682.648615,-0.597796186,-0.721532735,-0.349328258
0.000438068,0.0001843,0.000177416,4764.274381,-0.300101954,-0.833306228,-0.46426237
0.000438068,0.0001843,0.000202589,3909.287119,-0.272244884,-0.773769455,-0.571982127
0.000438068,0.0001843,0.000227763,3329.981498,-0.265187716,-0.781701135,-0.564463294
0.000438068,0.0001843,0.000252937,2967.460701,-0.261956279,-0.809880651,-0.524854494
0.000438068,0.0001843,0.000278111,2741.76035,-0.184565245,-0.844596161,-0.502586307
0.000438068,0.0001843,0.000303284,2593.029695,0.228377833,-0.801601967,-0.552519548
0.000438068,0.0001843,0.000328458,2444.459395,0.738588118,-0.379945422,-0.556892331
0.000438068,0.0001843,0.000353632,2175.45798,0.646419213,-0.153738628,-0.747333015
0.000438068,0.0001843,0.000378805,1790.876133,0.318223829,0.027477324,-0.947617323
0.000438068,0.0001843,0.000403979,1388.420426,0.122643813,0.190580519,-0.973980267
0.000438068,0.0001843,0.000429153,1008.33774,-0.11188447,0.342148561,-0.932961
0.000438068,0.0001843,0.000454326,701.1316743,-0.529668633,0.461867022,-0.711428136
0.000438068,0.0001843,0.0004795,533.0137277,-0.071590699,0.193031477,0.978577345
0.000438068,0.0002099,1.20E-06,1504.440519,-0.079630448,-0.820352095,0.566287411
0.000438068,0.0002099,2.64E-05,1778.215277,-0.106334951,-0.934168239,0.340620873
0.000438068,0.0002099,5.15E-05,2158.465989,-0.128952665,-0.916302728,0.379157647
0.000438068,0.0002099,7.67E-05,2643.358469,-0.157481162,-0.917875701,0.364285439
0.000438068,0.0002099,0.000101895,3164.033352,-0.18254777,-0.947559845,0.26231022
0.000438068,0.0002099,0.000127068,3529.837488,-0.192860094,-0.976669288,0.094456798
0.000438068,0.0002099,0.000152242,3532.994632,-0.192948329,-0.977796051,-0.081766895
0.000438068,0.0002099,0.000177416,3228.205207,-0.179086232,-0.956914474,-0.228566864
0.000438068,0.0002099,0.000202589,2864.504227,-0.154050092,-0.946099882,-0.28489223
0.000438068,0.0002099,0.000227763,2603.241759,-0.143429003,-0.955633159,-0.257280755
0.000438068,0.0002099,0.000252937,2460.815112,-0.14673564,-0.968580886,-0.200797707
0.000438068,0.0002099,0.000278111,2389.196001,-0.101856108,-0.979700626,-0.172661566
0.000438068,0.0002099,0.000303284,2338.429246,0.134039204,-0.952630711,-0.27299857
0.000438068,0.0002099,0.000328458,2252.292942,0.478826278,-0.681753774,-0.55311589
0.000438068,0.0002099,0.000353632,2067.560907,0.479942276,-0.290535644,-0.827794933
0.000438068,0.0002099,0.000378805,1787.906773,0.290911649,0.06015434,-0.954856988
0.000438068,0.0002099,0.000403979,1470.045147,0.143163282,0.301916359,-0.942523627
0.000438068,0.0002099,0.000429153,1154.004612,-0.003586275,0.488976393,-0.872289645
0.000438068,0.0002099,0.000454326,885.0214953,-0.149017751,0.657008378,-0.739008594
0.000438068,0.0002099,0.0004795,706.8843455,-0.001166209,0.51474986,0.857339618
0.000438068,0.0002355,1.20E-06,673.8313033,0.022480243,-0.998467701,-0.05056569
0.000438068,0.0002355,2.64E-05,822.8603236,0.008769221,-0.980954883,0.19403767
0.000438068,0.0002355,5.15E-05,1068.694056,-0.017290604,-0.968834769,0.247103673
0.000438068,0.0002355,7.67E-05,1389.342713,-0.050685525,-0.965291052,0.256211169
0.000438068,0.0002355,0.000101895,1717.896614,-0.08136002,-0.975297296,0.205367308
0.000438068,0.0002355,0.000127068,1953.190062,-0.097703034,-0.989731182,0.104337456
0.000438068,0.0002355,0.000152242,2014.543447,-0.088186721,-0.996021209,-0.012839556
0.000438068,0.0002355,0.000177416,1918.187082,-0.038757514,-0.995412706,-0.087472278
0.000438068,0.0002355,0.000202589,1798.695608,0.030762589,-0.998141025,-0.052613281
0.000438068,0.0002355,0.000227763,1805.141996,0.042336762,-0.996408394,0.073334237
0.000438068,0.0002355,0.000252937,1917.490542,-0.009227678,-0.976231245,0.216534999
0.000438068,0.0002355,0.000278111,2035.569383,-0.049421932,-0.955833154,0.28972479
0.000438068,0.0002355,0.000303284,2107.215117,0.017653574,-0.981507863,0.19060605
0.000438068,0.0002355,0.000328458,2104.941362,0.323673153,-0.819781844,-0.472433507
0.000438068,0.0002355,0.000353632,2009.709666,0.342044889,0.023028818,-0.939401388
0.000438068,0.0002355,0.000378805,1829.156068,0.213954029,0.389383794,-0.895881652
0.000438068,0.0002355,0.000403979,1594.915557,0.144379533,0.542749861,-0.827391769
0.000438068,0.0002355,0.000429153,1341.836164,0.105963483,0.643445332,-0.758122579
0.000438068,0.0002355,0.000454326,1105.371371,0.105838368,0.722242316,-0.683494167
0.000438068,0.0002355,0.0004795,911.2133307,0.167815511,0.68661675,-0.70738631
0.000438068,0.0002611,1.20E-06,-269.7187436,0.122843923,-0.818788492,-0.560798339
0.000438068,0.0002611,2.64E-05,-251.8141606,0.13799774,-0.987777206,0.072476301
0.000438068,0.0002611,5.15E-05,-100.1901232,0.108862054,-0.98064379,0.16274769
0.000438068,0.0002611,7.67E-05,156.0272012,0.066025592,-0.975047476,0.211950561
0.000438068,0.0002611,0.000101895,440.9531114,0.02235195,-0.978930453,0.20296689
0.000438068,0.0002611,0.000127068,668.2310067,-0.003310678,-0.990708328,0.135963405
0.000438068,0.0002611,0.000152242,771.674274,0.020976157,-0.99941225,0.027113751
0.000438068,0.0002611,0.000177416,730.3133353,0.172637219,-0.984162937,-0.040245549
0.000438068,0.0002611,0.000202589,683.5759173,0.46276077,-0.880628262,0.101716929
0.000438068,0.0002611,0.000227763,961.8142545,0.385996847,-0.828789878,0.40510958
0.000438068,0.0002611,0.000252937,1404.357978,0.133117643,-0.726882281,0.673737221
0.000438068,0.0002611,0.000278111,1752.674309,-0.027957262,-0.587405094,0.808810019
0.000438068,0.0002611,0.000303284,1975.155195,-0.147156694,-0.316959778,0.936953257
0.000438068,0.0002611,0.000328458,2080.233034,-0.218275345,0.728373577,0.649482721
0.000438068,0.0002611,0.000353632,2074.436097,-0.015109301,0.934141826,-0.35658205
0.000438068,0.0002611,0.000378805,1971.244986,0.043267065,0.831364005,-0.554041381
0.000438068,0.0002611,0.000403979,1795.129345,0.07194305,0.785453585,-0.614725031
0.000438068,0.0002611,0.000429153,1576.534375,0.100889978,0.76557658,-0.635384697
0.000438068,0.0002611,0.000454326,1347.762896,0.143725581,0.755819434,-0.63881135
0.000438068,0.0002611,0.0004795,1132.847519,0.079333844,0.276645608,-0.957691677
0.000438068,0.0002867,1.20E-06,-1382.068146,0.194373842,-0.626629677,-0.754688053
0.000438068,0.0002867,2.64E-05,-1526.768142,0.290401879,-0.956765058,-0.016351534
0.000438068,0.0002867,5.15E-05,-1430.390222,0.259045733,-0.957396001,0.127625252
0.000438068,0.0002867,7.67E-05,-1142.26617,0.200277441,-0.953356663,0.225831838
0.000438068,0.0002867,0.000101895,-794.3520712,0.130412764,-0.958922123,0.251914415
0.000438068,0.0002867,0.000127068,-497.4467439,0.077922113,-0.975160859,0.207338958
0.000438068,0.0002867,0.000152242,-312.5630274,0.093644999,-0.989727521,0.108027997
0.000438068,0.0002867,0.000177416,-272.6502942,0.362233921,-0.931274167,0.038923156
0.000438068,0.0002867,0.000202589,-239.4972973,0.914326399,-0.370703228,0.163053221
0.000438068,0.0002867,0.000227763,305.5639316,0.651817961,-0.425137118,0.628006192
0.000438068,0.0002867,0.000252937,1049.796995,0.134097487,-0.328298684,0.935006865
0.000438068,0.0002867,0.000278111,1614.002761,-0.089003949,-0.088492421,0.992092429
0.000438068,0.0002867,0.000303284,1994.529475,-0.229364291,0.343713369,0.910633374
0.000438068,0.0002867,0.000328458,2218.167185,-0.263313332,0.809931724,0.524096072
0.000438068,0.0002867,0.000353632,2300.062053,-0.193779469,0.979426863,0.056325284
0.000438068,0.0002867,0.000378805,2255.366067,-0.113210249,0.96218043,-0.247774615
0.000438068,0.0002867,0.000403979,2107.790659,-0.044476071,0.902696343,-0.427973354
0.000438068,0.0002867,0.000429153,1889.997607,0.019464609,0.841990494,-0.53914111
0.000438068,0.0002867,0.000454326,1639.216372,0.086519538,0.787586814,-0.610099484
0.000438068,0.0002867,0.0004795,1386.363197,0.039200198,0.177981636,-0.983252705
0.000438068,0.0003123,1.20E-06,-2729.5014,0.277931983,-0.488298194,-0.827235569
0.000438068,0.0003123,2.64E-05,-3127.130069,0.494304118,-0.866070992,-0.074729342
0.000438068,0.0003123,5.15E-05,-3033.424403,0.459797288,-0.876757614,0.141005464
0.000438068,0.0003123,7.67E-05,-2574.500509,0.368186163,-0.880909524,0.297384197
0.000438068,0.0003123,0.000101895,-2055.144799,0.246391709,-0.906624329,0.342525111
0.000438068,0.0003123,0.000127068,-1636.103137,0.132512055,-0.943697725,0.303109154
0.000438068,0.0003123,0.000152242,-1322.736943,0.07050291,-0.960613199,0.268796618
0.000438068,0.0003123,0.000177416,-1047.460165,0.142051741,-0.919182584,0.36732095
0.000438068,0.0003123,0.000202589,-653.2625786,0.381246159,-0.590730097,0.711118358
0.000438068,0.0003123,0.000227763,74.22845809,0.195068611,-0.252923945,0.947616861
0.000438068,0.0003123,0.000252937,937.1600028,-0.059256143,-0.048653335,0.997056449
0.000438068,0.0003123,0.000278111,1666.979213,-0.206620573,0.222500033,0.952786269
0.000438068,0.0003123,0.000303284,2207.055434,-0.293862893,0.558158755,0.775953223
0.000438068,0.0003123,0.000328458,2560.395508,-0.312594135,0.8262146,0.468672958
0.000438068,0.0003123,0.000353632,2732.232801,-0.279616563,0.949203279,0.144318099
0.000438068,0.0003123,0.000378805,2730.534794,-0.22501914,0.966390906,-0.124318152
0.000438068,0.0003123,0.000403979,2578.828166,-0.160798168,0.928887131,-0.3336355
0.000438068,0.0003123,0.000429153,2320.711606,-0.088226222,0.86564866,-0.492816935
0.000438068,0.0003123,0.000454326,2008.922573,-0.007932545,0.793890213,-0.608009378
0.000438068,0.0003123,0.0004795,1689.00125,0.014857643,0.13638155,-0.990544963
0.000438068,0.0003379,1.20E-06,-4273.063704,0.145920047,-0.157332627,-0.976705577
0.000438068,0.0003379,2.64E-05,-5108.714604,0.551252381,-0.652910923,-0.519449843
0.000438068,0.0003379,5.15E-05,-4924.77642,0.396189273,-0.632225796,0.665826256
0.000438068,0.0003379,7.67E-05,-4089.194698,0.303602786,-0.632653753,0.712442683
0.000438068,0.0003379,0.000101895,-3320.244909,0.38015434,-0.811485077,0.443818258
0.000438068,0.0003379,0.000127068,-2816.336143,0.159766989,-0.927418167,0.338186418
0.000438068,0.0003379,0.000152242,-2451.854196,-0.018335439,-0.951274479,0.307799737
0.000438068,0.0003379,0.000177416,-1976.311466,-0.115822239,-0.882821645,0.455204517
0.000438068,0.0003379,0.000202589,-1187.070365,-0.16028303,-0.635597769,0.755198534
0.000438068,0.0003379,0.000227763,-126.1170219,-0.192301385,-0.244030739,0.950509956
0.000438068,0.0003379,0.000252937,970.7593709,-0.246470338,0.075286266,0.966221688
0.000438068,0.0003379,0.000278111,1915.578038,-0.31143446,0.362400634,0.878449974
0.000438068,0.0003379,0.000303284,2648.065082,-0.360521248,0.626323554,0.691189725
0.000438068,0.0003379,0.000328458,3159.671157,-0.376344404,0.818945549,0.433235591
0.000438068,0.0003379,0.000353632,3438.046228,-0.361586612,0.918216911,0.161656506
0.000438068,0.0003379,0.000378805,3468.056509,-0.326121505,0.941205485,-0.088187297
0.000438068,0.0003379,0.000403979,3268.117674,-0.272902237,0.910836435,-0.309679442
0.000438068,0.0003379,0.000429153,2908.007837,-0.200292292,0.844734619,-0.496292676
0.000438068,0.0003379,0.000454326,2478.022032,-0.111717238,0.762668002,-0.637068896
0.000438068,0.0003379,0.0004795,2049.813706,-0.002319975,0.111988304,-0.993706817
0.000438068,0.0003635,1.20E-06,-3902.161256,0.089921209,0.053067568,-0.994534066
0.000438068,0.0003635,2.64E-05,-3960.158254,0.040561064,0.993728671,-0.10420234
0.000438068,0.0003635,5.15E-05,-4017.889198,-0.027230395,0.99629319,-0.081598933
0.000438068,0.0003635,7.67E-05,-4023.464506,0.59844136,-0.389688714,-0.700007603
0.000438068,0.0003635,0.000101895,-4421.874737,0.640299164,-0.76797613,-0.015154044
0.000438068,0.0003635,0.000127068,-4057.844686,0.261984638,-0.921886928,0.285461979
0.000438068,0.0003635,0.000152242,-3962.851859,-0.339057529,-0.893513249,0.294404597
0.000438068,0.0003635,0.000177416,-3541.916464,-0.546338705,-0.536400378,0.643264062
0.000438068,0.0003635,0.000202589,-2236.812591,-0.341063871,-0.62763583,0.699820477
0.000438068,0.0003635,0.000227763,-489.147389,-0.32638768,-0.201017288,0.923614168
0.000438068,0.0003635,0.000252937,1098.939336,-0.340371616,0.145391487,0.928982496
0.000438068,0.0003635,0.000278111,2370.662643,-0.385784178,0.416504721,0.823221954
0.000438068,0.0003635,0.000303284,3353.48544,-0.430386803,0.629848879,0.646573731
0.000438068,0.0003635,0.000328458,4078.98647,-0.457385441,0.783856817,0.41996077
0.000438068,0.0003635,0.000353632,4513.540838,-0.460868449,0.871644424,0.166842053
0.000438068,0.0003635,0.000378805,4574.861961,-0.440914043,0.893363576,-0.086581338
0.000438068,0.0003635,0.000403979,4253.952224,-0.394052569,0.857846187,-0.329882543
0.000438068,0.0003635,0.000429153,3688.299597,-0.315399293,0.7789774,-0.541957098
0.000438068,0.0003635,0.000454326,3053.709789,-0.213942033,0.685405899,-0.696022672
0.000438068,0.0003635,0.0004795,2462.716588,-0.02049193,0.11869114,-0.992719746
0.000438068,0.0003891,1.20E-06,-3924.540121,0.068541599,-0.079555217,-0.994471225
0.000438068,0.0003891,2.64E-05,-3986.381524,-0.395981754,0.211040329,-0.893678035
0.000438068,0.0003891,5.15E-05,-4138.740358,-0.328403361,-0.308879057,-0.892605714
0.000438068,0.0003891,7.67E-05,-4317.898865,0.189680327,-0.739622257,-0.645740111
0.000438068,0.0003891,0.000101895,-5092.06862,0.274279681,-0.961614944,-0.008207111
0.000438068,0.0003891,0.000127068,-4323.834688,-0.506417526,-0.246926658,0.826177048
0.000438068,0.0003891,0.000152242,-4044.205471,0.745353655,-0.185565462,0.640322878
0.000438068,0.0003891,0.000177416,-3439.983059,0.890794147,0.047448579,0.451923024
0.000438068,0.0003891,0.000202589,-3971.320322,-0.192795031,-0.699554671,0.688079456
0.000438068,0.0003891,0.000227763,-864.4117268,-0.37989344,-0.021120521,0.92478911
0.000438068,0.0003891,0.000252937,1425.916991,-0.391303744,0.234615628,0.889852171
0.000438068,0.0003891,0.000278111,3075.570831,-0.453679913,0.439302065,0.775363291
0.000438068,0.0003891,0.000303284,4340.381969,-0.513581412,0.585772547,0.626980587
0.000438068,0.0003891,0.000328458,5361.583017,-0.568884884,0.696866734,0.436745629
0.000438068,0.0003891,0.000353632,6072.555072,-0.429353221,0.740753415,0.51666255
0.000438068,0.0003891,0.000378805,6191.903916,-0.399083231,0.847574902,-0.349784735
0.000438068,0.0003891,0.000403979,5612.630254,-0.738961273,0.432426423,-0.516665875
0.000438068,0.0003891,0.000429153,4662.381553,-0.437548827,0.647287515,-0.624155347
0.000438068,0.0003891,0.000454326,3705.349258,-0.307857259,0.550031443,-0.776330677
0.000438068,0.0003891,0.0004795,2895.552683,-0.039946087,0.104726869,-0.993698442
0.000438068,0.0004147,1.20E-06,-4462.022163,0.12723497,0.082270921,-0.988454732
0.000438068,0.0004147,2.64E-05,-3908.718663,0.827579968,0.223385562,0.514985716
0.000438068,0.0004147,5.15E-05,-4134.55088,0.399280105,0.042915033,-0.915824054
0.000438068,0.0004147,7.67E-05,-5133.886004,0.467797478,0.110591086,-0.876889464
0.000438068,0.0004147,0.000101895,-5129.144464,0.181269162,0.614396028,0.767892578
0.000438068,0.0004147,0.000127068,-4376.332343,0.0755653,-0.619760796,0.781144315
0.000438068,0.0004147,0.000152242,-4223.329638,-0.107203944,0.38992605,0.9145846
0.000438068,0.0004147,0.000177416,-3534.134469,0.620502525,0.536354715,-0.572101596
0.000438068,0.0004147,0.000202589,-4899.681808,-0.248062875,0.383914676,0.889423595
0.000438068,0.0004147,0.000227763,-614.4980494,-0.39985028,0.196639203,0.89523895
0.000438068,0.0004147,0.000252937,2155.334873,-0.456233963,0.330256734,0.82630567
0.000438068,0.0004147,0.000278111,4049.892067,-0.548872637,0.436309948,0.713002425
0.000438068,0.0004147,0.000303284,5525.419554,-0.621771234,0.486178675,0.614028361
0.000438068,0.0004147,0.000328458,6889.629184,-0.813043106,0.537422794,0.223914377
0.000438068,0.0004147,0.000353632,5724.155234,-0.039175277,-0.083683956,-0.995721996
0.000438068,0.0004147,0.000378805,5708.194261,0.416615365,-0.77254085,-0.479178748
0.000438068,0.0004147,0.000403979,5555.773791,-0.856038787,0.516320462,-0.024713874
0.000438068,0.0004147,0.000429153,5699.764235,-0.730121228,0.555849601,-0.397434539
0.000438068,0.0004147,0.000454326,4326.7099,-0.380481382,0.354398065,-0.854187292
0.000438068,0.0004147,0.0004795,3280.456018,-0.053796804,0.07019248,-0.996081784
0.000438068,0.0004403,1.20E-06,-3316.038422,0.175355741,0.263779271,-0.94850981
0.000438068,0.0004403,2.64E-05,-3841.928605,0.767577065,0.537559605,-0.349077528
0.000438068,0.0004403,5.15E-05,-4080.357413,0.801317059,0.5739159,-0.168853517
0.000438068,0.0004403,7.67E-05,-4190.338982,0.593041729,0.789873926,-0.156207198
0.000438068,0.0004403,0.000101895,-4475.680137,0.21134563,0.879345344,-0.426713944
0.000438068,0.0004403,0.000127068,-5054.679947,-0.462502718,0.647297433,0.605885525
0.000438068,0.0004403,0.000152242,-3679.06019,-0.056711405,0.367166894,0.928424627
0.000438068,0.0004403,0.000177416,-2795.153384,0.371786934,0.730864267,0.572373916
0.000438068,0.0004403,0.000202589,-2689.733524,-0.582193982,0.649329639,0.489306844
0.000438068,0.0004403,0.000227763,711.4654537,-0.459134619,0.385937203,0.800154908
0.000438068,0.0004403,0.000252937,3321.745286,-0.584619199,0.376672122,0.71856698
0.000438068,0.0004403,0.000278111,5172.76242,-0.397671558,0.478719133,0.782742182
0.000438068,0.0004403,0.000303284,6626.921941,-0.841314721,-0.01334677,0.540380795
0.000438068,0.0004403,0.000328458,5846.651585,-0.17519734,-0.827596266,-0.533282583
0.000438068,0.0004403,0.000353632,5971.581646,0.898860151,0.425492181,0.104913453
0.000438068,0.0004403,0.000378805,5915.838936,0.924930774,0.321882314,-0.202224726
0.000438068,0.0004403,0.000403979,5791.732337,0.256604106,0.473418817,0.84263216
0.000438068,0.0004403,0.000429153,6410.453636,-0.378977656,0.485172185,-0.788025309
0.000438068,0.0004403,0.000454326,4726.106857,-0.418631894,0.127345804,-0.899183176
0.000438068,0.0004403,0.0004795,3525.370579,-0.072924765,0.034545086,-0.996738991
0.000438068,0.0004659,1.20E-06,-2378.489423,0.103534709,0.251508894,-0.962301325
0.000438068,0.0004659,2.64E-05,-2711.778143,0.362349208,0.897338077,-0.251967116
0.000438068,0.0004659,5.15E-05,-2930.284912,0.366965922,0.914249812,-0.171706999
0.000438068,0.0004659,7.67E-05,-3101.05301,0.380693969,0.909456676,-0.167214402
0.000438068,0.0004659,0.000101895,-3317.800553,0.415337331,0.896416929,-0.154698387
0.000438068,0.0004659,0.000127068,-3510.851082,0.398376102,0.917221669,0.000944014
0.000438068,0.0004659,0.000152242,-3314.615049,0.220341962,0.853651478,0.471941283
0.000438068,0.0004659,0.000177416,-2249.469755,-0.288394302,0.599591915,0.746537516
0.000438068,0.0004659,0.000202589,-167.45356,-0.391632557,0.612390271,0.686732915
0.000438068,0.0004659,0.000227763,2334.110206,-0.572179881,0.405255606,0.713006366
0.000438068,0.0004659,0.000252937,4533.546734,-0.418287389,0.400377114,0.815312104
0.000438068,0.0004659,0.000278111,6105.545553,-0.637877626,0.602159919,0.480120366
0.000438068,0.0004659,0.000303284,5508.493414,-0.517739283,-0.831741319,-0.20038067
0.000438068,0.0004659,0.000328458,5855.389541,0.158628109,-0.067348062,0.985038761
0.000438068,0.0004659,0.000353632,6009.506818,0.979802163,0.024822413,0.198422704
0.000438068,0.0004659,0.000378805,5999.309419,0.972208126,0.083869092,-0.218580273
0.000438068,0.0004659,0.000403979,5838.370884,0.065340728,0.132563887,0.989018405
0.000438068,0.0004659,0.000429153,6366.960353,-0.423828515,-0.494030183,-0.759146605
0.000438068,0.0004659,0.000454326,4742.226111,-0.423340114,-0.09993088,-0.900442651
0.000438068,0.0004659,0.0004795,3563.901752,-0.08372459,-0.016445128,-0.996353226
0.000438068,0.0004915,1.20E-06,-1648.037707,0.035793398,0.815540219,-0.577592403
0.000438068,0.0004915,2.64E-05,-1843.523348,0.044805642,0.998203291,-0.039782456
0.000438068,0.0004915,5.15E-05,-1972.571815,0.044796061,0.998709857,-0.023915142
0.000438068,0.0004915,7.67E-05,-2047.000526,0.046587471,0.998861142,-0.010296945
0.000438068,0.0004915,0.000101895,-2060.845709,0.050997179,0.998564832,0.016357383
0.000438068,0.0004915,0.000127068,-1907.17055,0.042870912,0.995631149,0.082949986
0.000438068,0.0004915,0.000152242,-1358.823928,-0.017005825,0.977936666,0.20820826
0.000438068,0.0004915,0.000177416,-224.6608643,-0.156597409,0.905859007,0.393569194
0.000438068,0.0004915,0.000202589,1466.86823,-0.39480245,0.68558644,0.611638994
0.000438068,0.0004915,0.000227763,3428.649695,-0.696712041,0.231410214,0.679000474
0.000438068,0.0004915,0.000252937,5205.156743,-0.449094837,-0.343630146,0.824761875
0.000438068,0.0004915,0.000278111,6416.233721,-0.322580941,-0.940190488,0.109468636
0.000438068,0.0004915,0.000303284,5570.98841,-0.214555122,-0.956212522,-0.199057059
0.000438068,0.0004915,0.000328458,5811.816705,-0.033809982,-0.992693688,0.115828005
0.000438068,0.0004915,0.000353632,5989.89073,0.048337202,-0.9979581,0.041751005
0.000438068,0.0004915,0.000378805,5982.6157,0.024620982,-0.999132971,-0.033572521
0.000438068,0.0004915,0.000403979,5841.845257,-0.120905525,-0.990565245,-0.064516273
0.000438068,0.0004915,0.000429153,5685.034627,-0.340780305,-0.908569465,-0.241599486
0.000438068,0.0004915,0.000454326,4409.756,-0.221613835,-0.848944399,-0.479771524
0.000438068,0.0004915,0.0004795,3405.850538,-0.075803464,-0.447411216,-0.891110004
0.000463584,5.10E-06,1.20E-06,4245.594425,-0.220053238,0.795300668,0.564865843
0.000463584,5.10E-06,2.64E-05,4531.32436,-0.27445279,0.959138639,0.06876582
0.000463584,5.10E-06,5.15E-05,4682.957911,-0.262706372,0.964547443,0.02517127
0.000463584,5.10E-06,7.67E-05,4698.970509,-0.235440553,0.971824319,-0.011191037
0.000463584,5.10E-06,0.000101895,4607.165736,-0.204994687,0.977984335,-0.039036111
0.000463584,5.10E-06,0.000127068,4436.212343,-0.180794632,0.981572881,-0.061870674
0.000463584,5.10E-06,0.000152242,4204.874578,-0.167979574,0.982108018,-0.085127577
0.000463584,5.10E-06,0.000177416,3928.968677,-0.172714688,0.977982942,-0.117128146
0.000463584,5.10E-06,0.000202589,3626.159607,-0.211840556,0.960695477,-0.179409527
0.000463584,5.10E-06,0.000227763,3312.451932,-0.353383969,0.864225777,-0.358097161
0.000463584,5.10E-06,0.000252937,2997.841353,-0.627155524,-0.209595478,-0.750163772
0.000463584,5.10E-06,0.000278111,2686.195204,-0.248002053,-0.901141924,-0.355581516
0.000463584,5.10E-06,0.000303284,2377.972222,-0.124298953,-0.966974466,-0.222508771
0.000463584,5.10E-06,0.000328458,2072.876389,-0.070616098,-0.983136447,-0.16868934
0.000463584,5.10E-06,0.000353632,1771.248743,-0.039816627,-0.989060978,-0.142031748
0.000463584,5.10E-06,0.000378805,1474.803078,-0.018946007,-0.991185213,-0.131121782
0.000463584,5.10E-06,0.000403979,1188.325989,-0.000756419,-0.991546227,-0.129751713
0.000463584,5.10E-06,0.000429153,923.8328213,0.01924006,-0.991553066,-0.128266666
0.000463584,5.10E-06,0.000454326,703.2939246,0.040374431,-0.992307502,-0.117028744
0.000463584,5.10E-06,0.0004795,545.5725498,0.034887354,-0.597632649,0.801010667
0.000463584,3.07E-05,1.20E-06,4274.767129,-0.344397866,-0.019842601,0.938614075
0.000463584,3.07E-05,2.64E-05,4604.753605,-0.954959841,-0.001694162,0.296730233
0.000463584,3.07E-05,5.15E-05,4818.653785,-0.982400479,0.080423053,0.16858657
0.000463584,3.07E-05,7.67E-05,4910.854987,-0.977488694,0.206310439,0.044179811
0.000463584,3.07E-05,0.000101895,4894.312933,-0.93070434,0.355901496,-0.084401161
0.000463584,3.07E-05,0.000127068,4774.011976,-0.854805425,0.470247262,-0.219488491
0.000463584,3.07E-05,0.000152242,4550.42465,-0.78278787,0.510461391,-0.355910548
0.000463584,3.07E-05,0.000177416,4242.672328,-0.728504819,0.48626659,-0.482519982
0.000463584,3.07E-05,0.000202589,3889.093451,-0.687291761,0.429800532,-0.585577953
0.000463584,3.07E-05,0.000227763,3525.116492,-0.651560617,0.370187951,-0.662140199
0.000463584,3.07E-05,0.000252937,3169.273435,-0.611973583,0.322104264,-0.722313766
0.000463584,3.07E-05,0.000278111,2825.314938,-0.557714434,0.286664286,-0.778959689
0.000463584,3.07E-05,0.000303284,2489.883021,-0.480470758,0.255850144,-0.838861464
0.000463584,3.07E-05,0.000328458,2158.142927,-0.377819739,0.215958091,-0.90034124
0.000463584,3.07E-05,0.000353632,1826.071916,-0.2525308,0.151035107,-0.955728304
0.000463584,3.07E-05,0.000378805,1490.790094,-0.107229701,0.045320813,-0.993200793
0.000463584,3.07E-05,0.000403979,1151.80681,0.061768783,-0.120427538,-0.99079858
0.000463584,3.07E-05,0.000429153,820.8326321,0.261184389,-0.369680543,-0.89169446
0.000463584,3.07E-05,0.000454326,546.3213906,0.442862756,-0.628462656,-0.639458575
0.000463584,3.07E-05,0.0004795,392.5679911,0.080535398,-0.103240273,0.991390688
0.000463584,5.63E-05,1.20E-06,4155.039468,-0.300849635,-0.077164964,0.950544615
0.000463584,5.63E-05,2.64E-05,4528.166486,-0.908482974,-0.15531741,0.387988645
0.000463584,5.63E-05,5.15E-05,4831.454355,-0.952640682,-0.040988436,0.301323215
0.000463584,5.63E-05,7.67E-05,5058.266183,-0.967264615,0.146118277,0.207481596
0.000463584,5.63E-05,0.000101895,5193.975319,-0.927597311,0.366910815,0.070282867
0.000463584,5.63E-05,0.000127068,5185.45947,-0.849983825,0.514773892,-0.111961325
0.000463584,5.63E-05,0.000152242,4979.849145,-0.783336037,0.539515103,-0.30872011
0.000463584,5.63E-05,0.000177416,4606.721485,-0.733727151,0.471828642,-0.488898968
0.000463584,5.63E-05,0.000202589,4161.747953,-0.692215483,0.371522711,-0.618715282
0.000463584,5.63E-05,0.000227763,3721.702629,-0.658526902,0.28536099,-0.696355817
0.000463584,5.63E-05,0.000252937,3315.191476,-0.623962471,0.230860491,-0.746575025
0.000463584,5.63E-05,0.000278111,2940.451201,-0.571987354,0.207117793,-0.793682989
0.000463584,5.63E-05,0.000303284,2584.903636,-0.488622068,0.201682907,-0.848865408
0.000463584,5.63E-05,0.000328458,2234.796217,-0.371127839,0.191351496,-0.908652151
0.000463584,5.63E-05,0.000353632,1878.497472,-0.22800955,0.150454754,-0.961964143
0.000463584,5.63E-05,0.000378805,1506.09156,-0.06460302,0.066246682,-0.99570971
0.000463584,5.63E-05,0.000403979,1105.516358,0.133096683,-0.063137456,-0.989089953
0.000463584,5.63E-05,0.000429153,668.5583414,0.427476188,-0.251827611,-0.868243608
0.000463584,5.63E-05,0.000454326,275.265643,0.779865418,-0.42692868,-0.457757394
0.000463584,5.63E-05,0.0004795,150.7287508,0.186051522,-0.104677019,0.976948081
0.000463584,8.19E-05,1.20E-06,3913.389874,-0.254892399,-0.124998952,0.958856155
0.000463584,8.19E-05,2.64E-05,4329.389412,-0.813645831,-0.296589323,0.500015235
0.000463584,8.19E-05,5.15E-05,4745.324155,-0.866133439,-0.154689264,0.475272656
0.000463584,8.19E-05,7.67E-05,5170.482834,-0.902715785,0.076774229,0.423331936
0.000463584,8.19E-05,0.000101895,5569.568887,-0.903025476,0.340768132,0.261576125
0.000463584,8.19E-05,0.000127068,5775.190265,-0.863859565,0.503720988,0.003437708
0.000463584,8.19E-05,0.000152242,5578.947299,-0.816418337,0.508456964,-0.273738225
0.000463584,8.19E-05,0.000177416,5045.579601,-0.753928362,0.397151901,-0.523318633
0.000463584,8.19E-05,0.000202589,4429.524426,-0.690167931,0.260565347,-0.675110307
0.000463584,8.19E-05,0.000227763,3877.903447,-0.650874331,0.159581409,-0.742223941
0.000463584,8.19E-05,0.000252937,3414.947984,-0.622649464,0.109787977,-0.774760766
0.000463584,8.19E-05,0.000278111,3019.116643,-0.576324229,0.113913247,-0.809242952
0.000463584,8.19E-05,0.000303284,2660.379673,-0.484622831,0.162255713,-0.859542783
0.000463584,8.19E-05,0.000328458,2309.42305,-0.344433746,0.211043845,-0.914781881
0.000463584,8.19E-05,0.000353632,1941.974138,-0.186881993,0.201479789,-0.961499358
0.000463584,8.19E-05,0.000378805,1543.089103,-0.026312781,0.135593245,-0.99041512
0.000463584,8.19E-05,0.000403979,1097.438415,0.167587652,0.059916634,-0.984034743
0.000463584,8.19E-05,0.000429153,575.9464986,0.520555721,0.007187865,-0.853797444
0.000463584,8.19E-05,0.000454326,55.18737691,0.976745163,-0.008595518,-0.214231192
0.000463584,8.19E-05,0.0004795,-30.17795965,0.361160998,-0.007352418,0.93247449
0.000463584,0.0001075,1.20E-06,3577.090505,-0.228776227,-0.181994326,0.956315588
0.000463584,0.0001075,2.64E-05,4026.338959,-0.685316641,-0.427217914,0.589767713
0.000463584,0.0001075,5.15E-05,4553.063627,-0.735156543,-0.281999654,0.616458475
0.000463584,0.0001075,7.67E-05,5210.280257,-0.799458338,-0.068945547,0.596751939
0.000463584,0.0001075,0.000101895,5995.098618,-0.732375221,0.238280106,0.63784726
0.000463584,0.0001075,0.000127068,6582.932673,-0.748721635,0.637067703,0.183195674
0.000463584,0.0001075,0.000152242,6358.020159,-0.674445768,0.545809054,-0.497207585
0.000463584,0.0001075,0.000177416,5493.802873,-0.795032606,0.188163766,-0.57664335
0.000463584,0.0001075,0.000202589,4620.056036,-0.67647228,0.067802263,-0.733340377
0.000463584,0.0001075,0.000227763,3943.535192,-0.626690583,-0.019722575,-0.779018571
0.000463584,0.0001075,0.000252937,3438.947318,-0.608277635,-0.053058069,-0.791948963
0.000463584,0.0001075,0.000278111,3048.466943,-0.57547761,-0.004266461,-0.817806406
0.000463584,0.0001075,0.000303284,2721.141106,-0.464682308,0.160421406,-0.870824509
0.000463584,0.0001075,0.000328458,2403.342039,-0.260935726,0.344621482,-0.901747515
0.000463584,0.0001075,0.000353632,2041.800313,-0.098256053,0.339843014,-0.935335487
0.000463584,0.0001075,0.000378805,1623.671167,0.014339197,0.231322436,-0.972771462
0.000463584,0.0001075,0.000403979,1165.40172,0.151540706,0.176909746,-0.9724908
0.000463584,0.0001075,0.000429153,677.4813353,0.41141982,0.233961626,-0.880906175
0.000463584,0.0001075,0.000454326,250.5344911,0.795011658,0.360333194,-0.487971774
0.000463584,0.0001075,0.0004795,119.7922325,0.220304544,0.099503549,0.970342698
0.000463584,0.0001331,1.20E-06,3157.35327,-0.209579859,-0.259329702,0.942774834
0.000463584,0.0001331,2.64E-05,3610.438061,-0.552847796,-0.560119896,0.616948147
0.000463584,0.0001331,5.15E-05,4194.556911,-0.604806076,-0.439486269,0.664124559
0.000463584,0.0001331,7.67E-05,5001.056324,-0.696636942,-0.286473889,0.65774591
0.000463584,0.0001331,0.000101895,6091.033514,-0.566817761,-0.245228204,0.786499049
0.000463584,0.0001331,0.000127068,7058.632437,-0.860472262,-0.26099566,0.437571425
0.000463584,0.0001331,0.000152242,6794.785588,-0.690775254,-0.180695087,-0.700127727
0.000463584,0.0001331,0.000177416,5622.296532,-0.521456398,-0.164951519,-0.837182311
0.000463584,0.0001331,0.000202589,4575.284464,-0.643157224,-0.186849455,-0.742587413
0.000463584,0.0001331,0.000227763,3847.494676,-0.587632143,-0.248046906,-0.77016959
0.000463584,0.0001331,0.000252937,3353.965714,-0.581097857,-0.273040056,-0.766664469
0.000463584,0.0001331,0.000278111,3015.308461,-0.58091712,-0.20477273,-0.787783872
0.000463584,0.0001331,0.000303284,2781.235799,-0.414559843,0.199184538,-0.887955887
0.000463584,0.0001331,0.000328458,2573.443928,0.047532417,0.661811997,-0.748161447
0.000463584,0.0001331,0.000353632,2230.055679,0.125011629,0.526972108,-0.840638144
0.000463584,0.0001331,0.000378805,1755.023668,0.087969968,0.276233706,-0.957056019
0.000463584,0.0001331,0.000403979,1272.478582,0.112147716,0.202048328,-0.97293338
0.000463584,0.0001331,0.000429153,823.042793,0.21441185,0.232850302,-0.948582255
0.000463584,0.0001331,0.000454326,473.9760365,0.430080667,0.365900169,-0.825316718
0.000463584,0.0001331,0.0004795,316.719769,0.10339532,0.093046409,0.990278634
0.000463584,0.0001587,1.20E-06,2655.74204,-0.184740671,-0.361054657,0.91406259
0.000463584,0.0001587,2.64E-05,3068.727017,-0.42610865,-0.701353052,0.571432686
0.000463584,0.0001587,5.15E-05,3617.233797,-0.483901425,-0.62329724,0.614280036
0.000463584,0.0001587,7.67E-05,4370.302933,-0.584597792,-0.543709409,0.602183942
0.000463584,0.0001587,0.000101895,5342.687564,-0.475122801,-0.65702698,0.585298105
0.000463584,0.0001587,0.000127068,6156.061128,-0.49624013,-0.841284086,0.214445376
0.000463584,0.0001587,0.000152242,5981.040194,-0.503038085,-0.778279608,-0.375810506
0.000463584,0.0001587,0.000177416,5049.084749,-0.719415122,-0.459563745,-0.520809992
0.000463584,0.0001587,0.000202589,4165.918591,-0.581445891,-0.477950452,-0.658395049
0.000463584,0.0001587,0.000227763,3543.526288,-0.527189549,-0.512445544,-0.677842713
0.000463584,0.0001587,0.000252937,3137.553228,-0.523883966,-0.551869581,-0.648833997
0.000463584,0.0001587,0.000278111,2897.073144,-0.547438666,-0.617530931,-0.564771154
0.000463584,0.0001587,0.000303284,2821.937863,0.313236436,-0.949438984,0.021179033
0.000463584,0.0001587,0.000328458,2899.164323,0.936997869,0.262099845,-0.230951651
0.000463584,0.0001587,0.000353632,2563.533057,0.655325014,0.251731149,-0.7121661
0.000463584,0.0001587,0.000378805,1904.735829,0.179601446,0.149726304,-0.972278435
0.000463584,0.0001587,0.000403979,1362.223132,0.074589395,0.142651192,-0.986958489
0.000463584,0.0001587,0.000429153,876.8107076,-0.018469561,0.096549927,-0.995156765
0.000463584,0.0001587,0.000454326,478.811845,-0.313063695,-0.207089173,-0.926879279
0.000463584,0.0001587,0.0004795,376.1917034,0.000513926,0.040191544,0.999191861
0.000463584,0.0001843,1.20E-06,2075.790799,-0.151209423,-0.511087922,0.846123422
0.000463584,0.0001843,2.64E-05,2410.357602,-0.293773086,-0.833869231,0.467289503
0.000463584,0.0001843,5.15E-05,2851.509041,-0.349205118,-0.794953475,0.496089465
0.000463584,0.0001843,7.67E-05,3416.768111,-0.429609682,-0.771638307,0.46905207
0.000463584,0.0001843,0.000101895,4052.480909,-0.529619773,-0.779317547,0.334913508
0.000463584,0.0001843,0.000127068,4511.920496,-0.601136355,-0.792142288,0.105573093
0.000463584,0.0001843,0.000152242,4463.484992,-0.598733493,-0.788292349,-0.141821639
0.000463584,0.0001843,0.000177416,3993.505525,-0.532662356,-0.766622585,-0.358553519
0.000463584,0.0001843,0.000202589,3463.841633,-0.459768378,-0.753161304,-0.470490265
0.000463584,0.0001843,0.000227763,3056.889933,-0.420202206,-0.768420923,-0.48265867
0.000463584,0.0001843,0.000252937,2794.809576,-0.408360054,-0.81111874,-0.41872241
0.000463584,0.0001843,0.000278111,2664.364695,-0.348129009,-0.91936833,-0.183215904
0.000463584,0.0001843,0.000303284,2685.902307,0.236056846,-0.879611295,0.412990479
0.000463584,0.0001843,0.000328458,2871.665781,0.940762621,-0.33259792,-0.065911414
0.000463584,0.0001843,0.000353632,2587.511527,0.755182679,-0.223020299,-0.616409821
0.000463584,0.0001843,0.000378805,1943.152648,0.200709687,-0.027024977,-0.979277934
0.000463584,0.0001843,0.000403979,1423.567003,0.044839165,0.12695148,-0.990894934
0.000463584,0.0001843,0.000429153,910.2026637,-0.1718905,0.209740764,-0.962529204
0.000463584,0.0001843,0.000454326,360.230402,-0.988194277,0.076106669,-0.132965581
0.000463584,0.0001843,0.0004795,405.7676299,-0.149297541,0.160849859,0.975621631
0.000463584,0.0002099,1.20E-06,1424.394521,-0.096244069,-0.800237739,0.591909317
0.000463584,0.0002099,2.64E-05,1661.03025,-0.146737828,-0.931412685,0.333074196
0.000463584,0.0002099,5.15E-05,1977.210352,-0.19510777,-0.912419723,0.359754371
0.000463584,0.0002099,7.67E-05,2361.123412,-0.255392953,-0.905793765,0.338100716
0.000463584,0.0002099,0.000101895,2751.197616,-0.314070562,-0.916502557,0.247755413
0.000463584,0.0002099,0.000127068,3019.96565,-0.350206869,-0.930933981,0.103523289
0.000463584,0.0002099,0.000152242,3050.71695,-0.352303935,-0.934405963,-0.052606412
0.000463584,0.0002099,0.000177416,2875.553485,-0.322257082,-0.929469383,-0.179546759
0.000463584,0.0002099,0.000202589,2641.192171,-0.279637746,-0.930572905,-0.236298114
0.000463584,0.0002099,0.000227763,2460.349905,-0.255353643,-0.942695074,-0.214756872
0.000463584,0.0002099,0.000252937,2364.30488,-0.254748714,-0.95821339,-0.130116071
0.000463584,0.0002099,0.000278111,2341.327046,-0.21831745,-0.975790257,0.013071521
0.000463584,0.0002099,0.000303284,2372.938712,-0.00162523,-0.995843221,0.091069414
0.000463584,0.0002099,0.000328458,2394.263024,0.266215377,-0.94420014,-0.193947078
0.000463584,0.0002099,0.000353632,2221.902995,0.293428761,-0.685096324,-0.66674027
0.000463584,0.0002099,0.000378805,1872.070666,0.1387089,-0.117220833,-0.983371302
0.000463584,0.0002099,0.000403979,1496.803788,0.029368178,0.235296786,-0.971479764
0.000463584,0.0002099,0.000429153,1112.441953,-0.090855651,0.507649925,-0.856759479
0.000463584,0.0002099,0.000454326,772.4293225,-0.249605861,0.826680472,-0.504278011
0.000463584,0.0002099,0.0004795,663.8245381,-0.078372305,0.623115553,0.778193286
0.000463584,0.0002355,1.20E-06,704.7770972,0.042848827,-0.996904113,-0.06592547
0.000463584,0.0002355,2.64E-05,838.2769692,0.016178826,-0.980191433,0.197390476
0.000463584,0.0002355,5.15E-05,1045.842269,-0.027360587,-0.969910646,0.241918866
0.000463584,0.0002355,7.67E-05,1308.090264,-0.080884662,-0.96567753,0.24682905
0.000463584,0.0002355,0.000101895,1574.002455,-0.130420811,-0.970621578,0.202198332
0.000463584,0.0002355,0.000127068,1772.877371,-0.159477793,-0.979961103,0.119344337
0.000463584,0.0002355,0.000152242,1854.966735,-0.154760371,-0.987528973,0.028909414
0.000463584,0.0002355,0.000177416,1837.594224,-0.11034523,-0.993516891,-0.027351726
0.000463584,0.0002355,0.000202589,1801.02476,-0.04939271,-0.998726659,-0.010267461
0.000463584,0.0002355,0.000227763,1820.884508,-0.034671985,-0.996027848,0.082014509
0.000463584,0.0002355,0.000252937,1903.446055,-0.084804091,-0.974216375,0.209071092
0.000463584,0.0002355,0.000278111,2008.933451,-0.148473635,-0.940315641,0.306205936
0.000463584,0.0002355,0.000303284,2097.24497,-0.154813459,-0.954754305,0.253923236
0.000463584,0.0002355,0.000328458,2123.920523,-0.068911248,-0.985275565,-0.156471408
0.000463584,0.0002355,0.000353632,2041.855887,-0.001225677,-0.548349389,-0.836248435
0.000463584,0.0002355,0.000378805,1855.254872,-0.00624836,0.174128343,-0.984703142
0.000463584,0.0002355,0.000403979,1610.668298,-0.012267485,0.486502437,-0.87359309
0.000463584,0.0002355,0.000429153,1346.680028,-0.016002822,0.67484336,-0.737787469
0.000463584,0.0002355,0.000454326,1108.119085,-0.004242817,0.819063233,-0.573687562
0.000463584,0.0002355,0.0004795,936.6504985,0.063952051,0.77706996,-0.626156859
0.000463584,0.0002611,1.20E-06,-88.37090191,0.171995506,-0.787203602,-0.592222961
0.000463584,0.0002611,2.64E-05,-61.29539166,0.195052559,-0.977620973,0.078814546
0.000463584,0.0002611,5.15E-05,61.71776569,0.153510196,-0.975741341,0.156087975
0.000463584,0.0002611,7.67E-05,259.7912968,0.096647875,-0.975674696,0.196769091
0.000463584,0.0002611,0.000101895,482.2752777,0.041117864,-0.980588944,0.191715008
0.000463584,0.0002611,0.000127068,673.8397246,0.008050066,-0.988503237,0.150985254
0.000463584,0.0002611,0.000152242,802.5883712,0.021478352,-0.99432049,0.104237438
0.000463584,0.0002611,0.000177416,882.997399,0.110072527,-0.988688608,0.101876761
0.000463584,0.0002611,0.000202589,988.2949632,0.240639727,-0.950698849,0.195612422
0.000463584,0.0002611,0.000227763,1195.426472,0.227930125,-0.896673733,0.37950504
0.000463584,0.0002611,0.000252937,1473.206771,0.072742985,-0.811558934,0.579724551
0.000463584,0.0002611,0.000278111,1736.119153,-0.105275039,-0.681469078,0.724235502
0.000463584,0.0002611,0.000303284,1933.264109,-0.311990772,-0.509854804,0.801691859
0.000463584,0.0002611,0.000328458,2039.580262,-0.74897701,-0.070605741,0.658823397
0.000463584,0.0002611,0.000353632,2042.748637,-0.53248329,0.731226008,-0.426345015
0.000463584,0.0002611,0.000378805,1949.61027,-0.2234405,0.748830982,-0.623960337
0.000463584,0.0002611,0.000403979,1784.824612,-0.114961118,0.752235293,-0.648788105
0.000463584,0.0002611,0.000429153,1579.900912,-0.049467016,0.768909809,-0.637440758
0.000463584,0.0002611,0.000454326,1367.749109,0.008728538,0.788091584,-0.615496115
0.000463584,0.0002611,0.0004795,1172.854795,0.031268301,0.306440081,-0.95137625
0.000463584,0.0002867,1.20E-06,-963.4801887,0.250798428,-0.567842349,-0.7839995
0.000463584,0.0002867,2.64E-05,-1054.961064,0.394423596,-0.918817472,-0.014299608
0.000463584,0.0002867,5.15E-05,-995.3351044,0.353353646,-0.929621534,0.104618377
0.000463584,0.0002867,7.67E-05,-812.5487257,0.283241545,-0.941461311,0.18282458
0.000463584,0.0002867,0.000101895,-579.6479375,0.205383653,-0.956482832,0.20726347
0.000463584,0.0002867,0.000127068,-359.732624,0.149054838,-0.96971806,0.193467153
0.000463584,0.0002867,0.000152242,-173.9753519,0.147283983,-0.971956788,0.183323294
0.000463584,0.0002867,0.000177416,4.837136233,0.244392155,-0.940697653,0.23528791
0.000463584,0.0002867,0.000202589,256.8687957,0.403875008,-0.827482176,0.390074642
0.000463584,0.0002867,0.000227763,655.7586371,0.338105408,-0.696860327,0.632511199
0.000463584,0.0002867,0.000252937,1133.709616,0.095448372,-0.518627474,0.849655902
0.000463584,0.0002867,0.000278111,1568.711706,-0.135738714,-0.252729563,0.957968042
0.000463584,0.0002867,0.000303284,1900.983401,-0.351898437,0.141354781,0.925303364
0.000463584,0.0002867,0.000328458,2111.988421,-0.49591819,0.620267486,0.60772806
0.000463584,0.0002867,0.000353632,2198.776974,-0.456779304,0.882852959,0.109193957
0.000463584,0.0002867,0.000378805,2170.038258,-0.340163738,0.909505364,-0.238932259
0.000463584,0.0002867,0.000403979,2046.58595,-0.235839348,0.871143686,-0.430683736
0.000463584,0.0002867,0.000429153,1858.295229,-0.14763443,0.828989596,-0.539425921
0.000463584,0.0002867,0.000454326,1638.134102,-0.06696087,0.792121738,-0.606678988
0.000463584,0.0002867,0.0004795,1413.612322,0.003723306,0.189636959,-0.981847219
0.000463584,0.0003123,1.20E-06,-1906.610956,0.324743856,-0.407238859,-0.853638061
0.000463584,0.0003123,2.64E-05,-2142.787398,0.621411631,-0.779283181,-0.081026597
0.000463584,0.0003123,5.15E-05,-2128.796591,0.581928294,-0.809046664,0.082480039
0.000463584,0.0003123,7.67E-05,-1917.054648,0.487990478,-0.851052755,0.193841436
0.000463584,0.0003123,0.000101895,-1642.776228,0.366356713,-0.902164306,0.227776917
0.000463584,0.0003123,0.000127068,-1393.953405,0.25513786,-0.942587392,0.215484757
0.000463584,0.0003123,0.000152242,-1163.047789,0.19050362,-0.953254611,0.234550673
0.000463584,0.0003123,0.000177416,-868.7191483,0.192643144,-0.917838928,0.347073941
0.000463584,0.0003123,0.000202589,-415.9172048,0.22577413,-0.791034695,0.5685861
0.000463584,0.0003123,0.000227763,213.0194326,0.146678293,-0.559898173,0.815475023
0.000463584,0.0003123,0.000252937,906.5056409,-0.036627305,-0.274361816,0.960928736
0.000463584,0.0003123,0.000278111,1530.270244,-0.224461607,0.047219768,0.973338215
0.000463584,0.0003123,0.000303284,2017.663757,-0.383678208,0.398755047,0.83293784
0.000463584,0.0003123,0.000328458,2348.665478,-0.471715131,0.696810832,0.54031426
0.000463584,0.0003123,0.000353632,2520.040418,-0.47324241,0.858232651,0.198691566
0.000463584,0.0003123,0.000378805,2538.742387,-0.421673592,0.901866017,-0.093963128
0.000463584,0.0003123,0.000403979,2426.065575,-0.347485661,0.882401714,-0.317208025
0.000463584,0.0003123,0.000429153,2218.239823,-0.263107961,0.835862352,-0.481776223
0.000463584,0.0003123,0.000454326,1958.190236,-0.17318423,0.780729601,-0.6003903
0.000463584,0.0003123,0.0004795,1683.848043,-0.015948059,0.1456651,-0.989205407
0.000463584,0.0003379,1.20E-06,-2819.9407,0.402285982,-0.256855858,-0.878744022
0.000463584,0.0003379,2.64E-05,-3228.046821,0.844935318,-0.520978243,-0.121103177
0.000463584,0.0003379,5.15E-05,-3247.045168,0.816563527,-0.572549702,0.073558448
0.000463584,0.0003379,7.67E-05,-2982.537641,0.708122022,-0.676102145,0.2035905
0.000463584,0.0003379,0.000101895,-2686.601033,0.535981562,-0.81846022,0.206994286
0.000463584,0.0003379,0.000127068,-2493.72922,0.332765445,-0.932521457,0.140252951
0.000463584,0.0003379,0.000152242,-2344.768594,0.17315871,-0.970929068,0.165265864
0.000463584,0.0003379,0.000177416,-2004.413742,0.090472782,-0.943518683,0.318727424
0.000463584,0.0003379,0.000202589,-1273.565885,0.043544337,-0.80326529,0.594027578
0.000463584,0.0003379,0.000227763,-267.5819269,-0.036151923,-0.491116609,0.870343331
0.000463584,0.0003379,0.000252937,751.2424589,-0.162800992,-0.134629713,0.977430651
0.000463584,0.0003379,0.000278111,1623.530455,-0.307893207,0.192916666,0.93165709
0.000463584,0.0003379,0.000303284,2299.411425,-0.436758384,0.482686422,0.75911523
0.000463584,0.0003379,0.000328458,2770.845331,-0.515764472,0.697833482,0.497006479
0.000463584,0.0003379,0.000353632,3033.703289,-0.53683471,0.816932279,0.210784597
0.000463584,0.0003379,0.000378805,3087.291704,-0.513582583,0.856364989,-0.053590442
0.000463584,0.0003379,0.000403979,2953.250991,-0.458676331,0.842487033,-0.282544902
0.000463584,0.0003379,0.000429153,2683.786989,-0.379422999,0.796003095,-0.471611345
0.000463584,0.0003379,0.000454326,2344.809437,-0.283564984,0.734371474,-0.61667612
0.000463584,0.0003379,0.0004795,1992.36015,-0.032677215,0.122391482,-0.991943811
0.000463584,0.0003635,1.20E-06,-3458.371261,0.245911354,-0.110987648,-0.962917103
0.000463584,0.0003635,2.64E-05,-4011.279859,0.783492084,-0.513023256,-0.350638407
0.000463584,0.0003635,5.15E-05,-4072.104234,0.782008922,-0.611329553,0.121401085
0.000463584,0.0003635,7.67E-05,-3809.748272,0.717485795,-0.646669348,0.258907104
0.000463584,0.0003635,0.000101895,-3608.267338,0.732968121,-0.678623857,0.047195279
0.000463584,0.0003635,0.000127068,-3705.237256,0.395639678,-0.900220048,-0.181860142
0.000463584,0.0003635,0.000152242,-4086.435947,0.345724932,-0.909640195,-0.230280237
0.000463584,0.0003635,0.000177416,-4093.468169,0.08027246,-0.785503788,0.613628659
0.000463584,0.0003635,0.000202589,-2804.296758,-0.040573239,-0.370534119,0.92793226
0.000463584,0.0003635,0.000227763,-948.8869125,-0.103956111,-0.397663349,0.911623271
0.000463584,0.0003635,0.000252937,641.6156855,-0.224020654,-0.029317676,0.974143326
0.000463584,0.0003635,0.000278111,1856.275946,-0.369258797,0.263218743,0.89127091
0.000463584,0.0003635,0.000303284,2759.542943,-0.501420643,0.495020866,0.709599663
0.000463584,0.0003635,0.000328458,3397.124966,-0.592295196,0.656526502,0.467075319
0.000463584,0.0003635,0.000353632,3767.253027,-0.633682644,0.746451261,0.203117754
0.000463584,0.0003635,0.000378805,3846.126512,-0.628832303,0.775672047,-0.053877731
0.000463584,0.0003635,0.000403979,3649.60382,-0.58178024,0.759220519,-0.29174639
0.000463584,0.0003635,0.000429153,3262.58139,-0.498078148,0.710230404,-0.497484605
0.000463584,0.0003635,0.000454326,2795.523002,-0.390438887,0.646036642,-0.655891861
0.000463584,0.0003635,0.0004795,2331.895221,-0.049959097,0.106534195,-0.993053148
0.000463584,0.0003891,1.20E-06,-3563.448673,0.216447096,0.039164357,-0.975508487
0.000463584,0.0003891,2.64E-05,-4141.213824,0.843235805,0.226938601,-0.487290722
0.000463584,0.0003891,5.15E-05,-4279.06759,0.98885523,0.148020146,-0.015980319
0.000463584,0.0003891,7.67E-05,-4160.677327,0.990713955,-0.126329072,0.050267543
0.000463584,0.0003891,0.000101895,-4214.82082,0.874808599,-0.321629947,-0.362303867
0.000463584,0.0003891,0.000127068,-4900.780832,0.541524235,-0.704838581,0.458207461
0.000463584,0.0003891,0.000152242,-3904.307708,0.123138324,0.010106734,0.992338051
0.000463584,0.0003891,0.000177416,-3673.470131,-0.052981955,0.179307852,0.982365312
0.000463584,0.0003891,0.000202589,-2550.498375,-0.305389309,0.115312748,0.945219731
0.000463584,0.0003891,0.000227763,-1796.195062,-0.220589224,-0.291637495,0.930745919
0.000463584,0.0003891,0.000252937,665.388969,-0.252643144,0.09401296,0.962981311
0.000463584,0.0003891,0.000278111,2259.609815,-0.427397168,0.305761663,0.850788732
0.000463584,0.0003891,0.000303284,3392.520192,-0.580048049,0.462769258,0.670364733
0.000463584,0.0003891,0.000328458,4211.281881,-0.694624724,0.564662579,0.445704683
0.000463584,0.0003891,0.000353632,4711.713476,-0.762417945,0.618120815,0.191430238
0.000463584,0.0003891,0.000378805,4809.759186,-0.772462987,0.631316147,-0.068853872
0.000463584,0.0003891,0.000403979,4497.545311,-0.721467684,0.613234759,-0.321601478
0.000463584,0.0003891,0.000429153,3923.758672,-0.617751739,0.567870555,-0.543972262
0.000463584,0.0003891,0.000454326,3277.035745,-0.487622652,0.510470192,-0.708268545
0.000463584,0.0003891,0.0004795,2674.636403,-0.070508027,0.091118539,-0.993340843
0.000463584,0.0004147,1.20E-06,-3180.096911,0.308706992,0.136528556,-0.941307573
0.000463584,0.0004147,2.64E-05,-3672.361396,0.695034508,0.613720864,-0.374531351
0.000463584,0.0004147,5.15E-05,-3888.767466,0.76731123,0.616921468,-0.17504679
0.000463584,0.0004147,7.67E-05,-3973.943349,0.927240088,0.333661994,-0.169986743
0.000463584,0.0004147,0.000101895,-4276.409929,0.956842152,0.265107785,-0.119041837
0.000463584,0.0004147,0.000127068,-4190.973646,0.19070219,0.876035123,0.442939204
0.000463584,0.0004147,0.000152242,-4073.724386,0.435875416,0.606666148,0.664807345
0.000463584,0.0004147,0.000177416,-3842.177143,-0.1438592,0.339024674,0.92971329
0.000463584,0.0004147,0.000202589,-2571.398821,0.59062024,-0.605059566,0.533920081
0.000463584,0.0004147,0.000227763,-1973.609313,-0.300607267,0.273101661,0.913811115
0.000463584,0.0004147,0.000252937,1044.277184,-0.3054317,0.222954156,0.925744522
0.000463584,0.0004147,0.000278111,2852.966917,-0.511234737,0.327694348,0.794515864
0.000463584,0.0004147,0.000303284,4129.646438,-0.676017844,0.387295277,0.62689891
0.000463584,0.0004147,0.000328458,5096.712072,-0.807551345,0.410451614,0.423544918
0.000463584,0.0004147,0.000353632,5732.439207,-0.618958476,0.721536196,0.310283616
0.000463584,0.0004147,0.000378805,5843.073925,-0.615345284,0.771303825,-0.162605629
0.000463584,0.0004147,0.000403979,5367.654164,-0.602023675,0.594229805,-0.533346449
0.000463584,0.0004147,0.000429153,4558.288881,-0.720421851,0.365167788,-0.589614148
0.000463584,0.0004147,0.000454326,3711.048764,-0.563303044,0.331402991,-0.756876303
0.000463584,0.0004147,0.0004795,2969.994862,-0.09373431,0.068275549,-0.993253406
0.000463584,0.0004403,1.20E-06,-2583.716669,0.212466785,0.185756527,-0.959349977
0.000463584,0.0004403,2.64E-05,-2960.294351,0.722911255,0.63317721,-0.276560913
0.000463584,0.0004403,5.15E-05,-3198.195585,0.738740316,0.645810713,-0.192850377
0.000463584,0.0004403,7.67E-05,-3386.899611,0.727656684,0.639517648,-0.248058317
0.000463584,0.0004403,0.000101895,-3723.306233,0.633455309,0.616924384,-0.467053183
0.000463584,0.0004403,0.000127068,-4493.125285,0.781252341,0.619299609,0.078184227
0.000463584,0.0004403,0.000152242,-3580.625178,-0.581728759,0.419854956,0.696644433
0.000463584,0.0004403,0.000177416,-3116.361982,-0.265630536,0.644632737,-0.716860553
0.000463584,0.0004403,0.000202589,-4703.894512,-0.340952616,0.452226382,0.824161764
0.000463584,0.0004403,0.000227763,-697.3142315,-0.219845656,0.385459939,0.896152064
0.000463584,0.0004403,0.000252937,1847.495936,-0.434229237,0.329501324,0.83837572
0.000463584,0.0004403,0.000278111,3553.70646,-0.635431884,0.305718047,0.709057682
0.000463584,0.0004403,0.000303284,4802.17053,-0.781324904,0.265238416,0.564960156
0.000463584,0.0004403,0.000328458,5790.8307,-0.649125826,0.362570389,0.668713971
0.000463584,0.0004403,0.000353632,6476.702046,-0.763235562,0.469638028,0.443747225
0.000463584,0.0004403,0.000378805,6569.384164,-0.805292608,0.481377897,-0.346091225
0.000463584,0.0004403,0.000403979,5953.234581,-0.627174906,0.263147852,-0.733079017
0.000463584,0.0004403,0.000429153,4967.125016,-0.776684318,0.130061687,-0.616316013
0.000463584,0.0004403,0.000454326,3984.257483,-0.604872302,0.128439093,-0.785896239
0.000463584,0.0004403,0.0004795,3156.350939,-0.114324371,0.032942159,-0.992897151
0.000463584,0.0004659,1.20E-06,-1975.689288,0.143851303,0.201936844,-0.96877671
0.000463584,0.0004659,2.64E-05,-2241.707286,0.550897602,0.789229326,-0.271346464
0.000463584,0.0004659,5.15E-05,-2435.973107,0.550159085,0.811327426,-0.19766838
0.000463584,0.0004659,7.67E-05,-2597.232448,0.5311297,0.82668277,-0.18573325
0.000463584,0.0004659,0.000101895,-2790.465667,0.477387719,0.855390509,-0.201017518
0.000463584,0.0004659,0.000127068,-3041.653135,0.344619562,0.926815567,-0.149165216
0.000463584,0.0004659,0.000152242,-3229.922328,0.275650605,0.955928268,0.101083584
0.000463584,0.0004659,0.000177416,-2814.977731,-0.059246137,0.7661356,0.639942293
0.000463584,0.0004659,0.000202589,-1221.562659,-0.172650684,0.799344544,0.57553457
0.000463584,0.0004659,0.000227763,892.0476911,-0.388370386,0.510150708,0.767407779
0.000463584,0.0004659,0.000252937,2743.322163,-0.608045086,0.327514787,0.723197925
0.000463584,0.0004659,0.000278111,4148.481641,-0.7717724,0.209114103,0.600531976
0.000463584,0.0004659,0.000303284,5197.721796,-0.667984799,0.152399831,0.728402773
0.000463584,0.0004659,0.000328458,6020.002743,-0.727875169,-0.018054764,0.685471928
0.000463584,0.0004659,0.000353632,6570.372086,-0.877161697,-0.281801059,0.388812963
0.000463584,0.0004659,0.000378805,6583.49443,-0.824149994,-0.390302215,-0.410415605
0.000463584,0.0004659,0.000403979,5952.545228,-0.633928102,-0.234949977,-0.736840329
0.000463584,0.0004659,0.000429153,4980.840513,-0.774161877,-0.105416029,-0.624148098
0.000463584,0.0004659,0.000454326,4011.995388,-0.608579358,-0.076518107,-0.789795002
0.000463584,0.0004659,0.0004795,3191.596217,-0.1263752,-0.012400063,-0.991905009
0.000463584,0.0004915,1.20E-06,-1431.991054,0.060593736,0.792844474,-0.606404188
0.000463584,0.0004915,2.64E-05,-1598.856123,0.079059307,0.995976007,-0.042206853
0.000463584,0.0004915,5.15E-05,-1714.234596,0.079896511,0.996460855,-0.026121121
0.000463584,0.0004915,7.67E-05,-1782.363345,0.079949292,0.996727497,-0.011933491
0.000463584,0.0004915,0.000101895,-1800.134921,0.077661672,0.996938769,0.00904189
0.000463584,0.0004915,0.000127068,-1716.386698,0.062052084,0.996603638,0.05413619
0.000463584,0.0004915,0.000152242,-1400.696645,0.015250101,0.989820827,0.141499701
0.000463584,0.0004915,0.000177416,-671.2457616,-0.074008641,0.957431172,0.279013033
0.000463584,0.0004915,0.000202589,531.8850096,-0.235629178,0.849091088,0.472782417
0.000463584,0.0004915,0.000227763,1983.063848,-0.510139215,0.555283695,0.656824176
0.000463584,0.0004915,0.000252937,3347.212545,-0.762700705,0.065999706,0.64337522
0.000463584,0.0004915,0.000278111,4422.838278,-0.807521141,-0.361591404,0.466005648
0.000463584,0.0004915,0.000303284,5200.370119,-0.48655478,-0.787584064,0.378121394
0.000463584,0.0004915,0.000328458,5754.063951,-0.352028038,-0.913776513,0.20270359
0.000463584,0.0004915,0.000353632,6061.382296,-0.291616079,-0.955518166,0.044103247
0.000463584,0.0004915,0.000378805,5971.885249,-0.277488028,-0.95331316,-0.119140309
0.000463584,0.0004915,0.000403979,5433.555838,-0.313127063,-0.913194601,-0.260819983
0.000463584,0.0004915,0.000429153,4633.823731,-0.404815494,-0.846798657,-0.345045578
0.000463584,0.0004915,0.000454326,3807.973578,-0.308077607,-0.858509691,-0.409938164
0.000463584,0.0004915,0.0004795,3080.229686,-0.115225908,-0.441785098,-0.889690349
0.0004891,5.10E-06,1.20E-06,3585.143802,-0.508987528,0.713684365,0.481234167
0.0004891,5.10E-06,2.64E-05,3799.893688,-0.586797972,0.80779473,0.055998336
0.0004891,5.10E-06,5.15E-05,3937.479507,-0.586194571,0.809656489,0.02884953
0.0004891,5.10E-06,7.67E-05,3990.813704,-0.576780334,0.816889641,0.003970052
0.0004891,5.10E-06,0.000101895,3964.319427,-0.563851577,0.825670616,-0.018423687
0.0004891,5.10E-06,0.000127068,3866.540193,-0.555870246,0.83035099,-0.039057696
0.0004891,5.10E-06,0.000152242,3707.291351,-0.563859704,0.823755726,-0.059065535
0.0004891,5.10E-06,0.000177416,3499.471117,-0.605015435,0.792121748,-0.08061923
0.0004891,5.10E-06,0.000202589,3259.038211,-0.700275768,0.705775778,-0.107211935
0.0004891,5.10E-06,0.000227763,3001.257799,-0.847850002,0.511735857,-0.138840872
0.0004891,5.10E-06,0.000252937,2737.033637,-0.97009728,0.180893345,-0.161829743
0.0004891,5.10E-06,0.000278111,2472.120534,-0.972165029,-0.171154538,-0.160004003
0.0004891,5.10E-06,0.000303284,2208.607893,-0.900744232,-0.410135715,-0.142998333
0.0004891,5.10E-06,0.000328458,1946.988946,-0.834010044,-0.537376509,-0.125114879
0.0004891,5.10E-06,0.000353632,1687.886809,-0.799352826,-0.590604535,-0.110550181
0.0004891,5.10E-06,0.000378805,1433.42528,-0.800358312,-0.591353863,-0.098626474
0.0004891,5.10E-06,0.000403979,1188.761098,-0.829539395,-0.551668017,-0.08675708
0.0004891,5.10E-06,0.000429153,963.9227688,-0.870859627,-0.486168102,-0.072416069
0.0004891,5.10E-06,0.000454326,773.2371439,-0.908117708,-0.41493155,-0.056160817
0.0004891,5.10E-06,0.0004795,627.2569122,-0.845620933,-0.322690538,0.425201193
0.0004891,3.07E-05,1.20E-06,3610.658807,-0.72511142,-0.009613724,0.688564452
0.0004891,3.07E-05,2.64E-05,3860.976178,-0.993878433,0.006294044,0.110299798
0.0004891,3.07E-05,5.15E-05,4045.221774,-0.997111508,0.03112212,0.069282419
0.0004891,3.07E-05,7.67E-05,4152.502972,-0.997601799,0.061975207,0.03081761
0.0004891,3.07E-05,0.000101895,4177.258468,-0.995430413,0.095049947,-0.009154309
0.0004891,3.07E-05,0.000127068,4113.74846,-0.991306464,0.120731951,-0.052300013
0.0004891,3.07E-05,0.000152242,3961.36012,-0.986918277,0.130204964,-0.095073564
0.0004891,3.07E-05,0.000177416,3734.63644,-0.983781067,0.122877597,-0.130674819
0.0004891,3.07E-05,0.000202589,3461.292729,-0.982433786,0.105709194,-0.15378369
0.0004891,3.07E-05,0.000227763,3168.911297,-0.98265647,0.086698493,-0.163919592
0.0004891,3.07E-05,0.000252937,2875.063272,-0.983845143,0.070464024,-0.164570826
0.0004891,3.07E-05,0.000278111,2586.512572,-0.985413612,0.057894219,-0.160025849
0.0004891,3.07E-05,0.000303284,2303.085426,-0.987065405,0.04752254,-0.153112682
0.0004891,3.07E-05,0.000328458,2021.800755,-0.988787783,0.037050199,-0.144658231
0.0004891,3.07E-05,0.000353632,1739.924423,-0.990674604,0.024795561,-0.133973914
0.0004891,3.07E-05,0.000378805,1457.095901,-0.992760941,0.010663518,-0.119632784
0.0004891,3.07E-05,0.000403979,1177.591131,-0.994972619,-0.003913495,-0.100070838
0.0004891,3.07E-05,0.000429153,915.0669509,-0.995035075,-0.02094846,-0.097295232
0.0004891,3.07E-05,0.000454326,696.8251743,-0.996761608,-0.033197496,-0.073240859
0.0004891,3.07E-05,0.0004795,547.8572459,-0.868140641,-0.028707676,0.495487333
0.0004891,5.63E-05,1.20E-06,3538.102727,-0.715526269,-0.048413354,0.696906238
0.0004891,5.63E-05,2.64E-05,3825.111128,-0.990278974,-0.040868307,0.132956141
0.0004891,5.63E-05,5.15E-05,4070.653002,-0.995024411,-0.007635509,0.099338412
0.0004891,5.63E-05,7.67E-05,4260.840498,-0.997228587,0.033981474,0.066184627
0.0004891,5.63E-05,0.000101895,4373.52524,-0.996550534,0.079370185,0.024236493
0.0004891,5.63E-05,0.000127068,4373.370906,-0.993061269,0.113750963,-0.02983345
0.0004891,5.63E-05,0.000152242,4235.284763,-0.988465404,0.123475662,-0.087692105
0.0004891,5.63E-05,0.000177416,3977.663354,-0.984712212,0.109830949,-0.135199932
0.0004891,5.63E-05,0.000202589,3654.496926,-0.982955688,0.08598112,-0.162497272
0.0004891,5.63E-05,0.000227763,3316.57053,-0.983343728,0.06411781,-0.170070628
0.0004891,5.63E-05,0.000252937,2990.621341,-0.984979071,0.049624832,-0.165389253
0.0004891,5.63E-05,0.000278111,2682.555284,-0.986810498,0.042392035,-0.156230461
0.0004891,5.63E-05,0.000303284,2386.849273,-0.988321301,0.039154205,-0.147268309
0.0004891,5.63E-05,0.000328458,2093.669705,-0.989597693,0.035120941,-0.139509588
0.0004891,5.63E-05,0.000353632,1794.170935,-0.991028735,0.026626218,-0.13096981
0.0004891,5.63E-05,0.000378805,1484.39794,-0.992876854,0.014055049,-0.118313183
0.0004891,5.63E-05,0.000403979,1167.204865,-0.992278575,0.00097376,-0.124025326
0.0004891,5.63E-05,0.000429153,858.656937,-0.993471585,-0.01545326,-0.113028346
0.0004891,5.63E-05,0.000454326,603.9752346,-0.995833732,-0.030197949,-0.086042208
0.0004891,5.63E-05,0.0004795,455.5754463,-0.846570124,-0.025675111,0.531657609
0.0004891,8.19E-05,1.20E-06,3372.616545,-0.701319246,-0.088087759,0.707383815
0.0004891,8.19E-05,2.64E-05,3694.507684,-0.982108466,-0.090759611,0.165001985
0.0004891,8.19E-05,5.15E-05,4011.162859,-0.988663079,-0.050100178,0.141546068
0.0004891,8.19E-05,7.67E-05,4310.641519,-0.993489826,9.72E-05,0.113920832
0.0004891,8.19E-05,0.000101895,4552.016281,-0.996313453,0.053970608,0.066683406
0.0004891,8.19E-05,0.000127068,4649.76725,-0.995659696,0.092957841,-0.004539837
0.0004891,8.19E-05,0.000152242,4527.975546,-0.991406528,0.100512218,-0.083728071
0.0004891,8.19E-05,0.000177416,4214.435023,-0.985870856,0.080856098,-0.146700192
0.0004891,8.19E-05,0.000202589,3817.016306,-0.982765798,0.05295997,-0.177106262
0.0004891,8.19E-05,0.000227763,3423.435594,-0.983476677,0.032007226,-0.178182951
0.0004891,8.19E-05,0.000252937,3068.520364,-0.98616772,0.023320043,-0.164101806
0.0004891,8.19E-05,0.000278111,2753.116314,-0.988725002,0.026040671,-0.147461024
0.0004891,8.19E-05,0.000303284,2462.303811,-0.990093068,0.03571689,-0.135794037
0.0004891,8.19E-05,0.000328458,2173.531756,-0.990463122,0.043131506,-0.130852886
0.0004891,8.19E-05,0.000353632,1865.887286,-0.991072672,0.038208985,-0.127730308
0.0004891,8.19E-05,0.000378805,1532.837847,-0.992656771,0.023810522,-0.118598461
0.0004891,8.19E-05,0.000403979,1182.587211,-0.991162006,0.013563601,-0.131961764
0.0004891,8.19E-05,0.000429153,836.7579973,-0.991882088,0.003367507,-0.127116415
0.0004891,8.19E-05,0.000454326,552.9612371,-0.995276791,-0.003779188,-0.097004259
0.0004891,8.19E-05,0.0004795,403.76107,-0.842237972,-0.004596243,0.539086331
0.0004891,0.0001075,1.20E-06,3121.379149,-0.689006694,-0.134810058,0.712106751
0.0004891,0.0001075,2.64E-05,3467.929554,-0.967251075,-0.152836114,0.202648663
0.0004891,0.0001075,5.15E-05,3848.879475,-0.975571865,-0.10939111,0.190507535
0.0004891,0.0001075,7.67E-05,4261.309869,-0.984248193,-0.057983,0.167013373
0.0004891,0.0001075,0.000101895,4652.646849,-0.993882829,-0.005993179,0.110276944
0.0004891,0.0001075,0.000127068,4873.966121,-0.999402595,0.02915816,0.018554125
0.0004891,0.0001075,0.000152242,4766.733981,-0.995980136,0.035371464,-0.082294769
0.0004891,0.0001075,0.000177416,4376.155701,-0.986755199,0.018787098,-0.161124864
0.0004891,0.0001075,0.000202589,3895.034633,-0.981323167,-0.002478766,-0.192350455
0.0004891,0.0001075,0.000227763,3453.300756,-0.983015681,-0.013875811,-0.182996266
0.0004891,0.0001075,0.000252937,3087.491692,-0.987780476,-0.010508454,-0.155496956
0.0004891,0.0001075,0.000278111,2791.422197,-0.991852046,0.008201568,-0.127130847
0.0004891,0.0001075,0.000303284,2541.874699,-0.992928267,0.042436511,-0.110871992
0.0004891,0.0001075,0.000328458,2293.588752,-0.990225172,0.079809498,-0.11438773
0.0004891,0.0001075,0.000353632,1989.072499,-0.989217735,0.074132315,-0.126303887
0.0004891,0.0001075,0.000378805,1623.904461,-0.99135126,0.040621156,-0.124790226
0.0004891,0.0001075,0.000403979,1239.962594,-0.990087304,0.025455272,-0.138127331
0.0004891,0.0001075,0.000429153,875.6191552,-0.991238587,0.016745431,-0.131017765
0.0004891,0.0001075,0.000454326,586.8204334,-0.995286681,0.013598966,-0.096018182
0.0004891,0.0001075,0.0004795,431.1279783,-0.871823656,0.012384203,0.489663297
0.0004891,0.0001331,1.20E-06,2787.978878,-0.675086935,-0.195696279,0.711309073
0.0004891,0.0001331,2.64E-05,3136.540548,-0.94292106,-0.235524149,0.235432047
0.0004891,0.0001331,5.15E-05,3547.881869,-0.953330433,-0.194818189,0.230666335
0.0004891,0.0001331,7.67E-05,4026.867264,-0.966581552,-0.150837259,0.207287784
0.0004891,0.0001331,0.000101895,4518.156623,-0.984069721,-0.109341384,0.140182903
0.0004891,0.0001331,0.000127068,4832.093615,-0.99615443,-0.080803764,0.03386891
0.0004891,0.0001331,0.000152242,4745.565066,-0.99425927,-0.073250378,-0.077992865
0.0004891,0.0001331,0.000177416,4317.796103,-0.983075606,-0.078325384,-0.165612458
0.0004891,0.0001331,0.000202589,3804.922337,-0.977435774,-0.081192355,-0.195005408
0.0004891,0.0001331,0.000227763,3361.166155,-0.981789659,-0.073637385,-0.175118821
0.0004891,0.0001331,0.000252937,3023.033244,-0.989735276,-0.053061382,-0.132697302
0.0004891,0.0001331,0.000278111,2788.911698,-0.996370111,-0.016219019,-0.083567611
0.0004891,0.0001331,0.000303284,2656.077617,-0.997288078,0.056037244,-0.04771076
0.0004891,0.0001331,0.000328458,2565.7593,-0.966574181,0.245379239,-0.074319454
0.0004891,0.0001331,0.000353632,2265.605686,-0.970276642,0.198388189,-0.138583424
0.0004891,0.0001331,0.000378805,1780.814291,-0.986136281,0.059140935,-0.15504059
0.0004891,0.0001331,0.000403979,1322.822891,-0.988197884,0.02644086,-0.150883477
0.0004891,0.0001331,0.000429153,921.6500516,-0.991412252,0.000992227,-0.130769879
0.0004891,0.0001331,0.000454326,616.980216,-0.994982621,-0.037651163,-0.092692901
0.0004891,0.0001331,0.0004795,468.948828,-0.907627708,-0.006507398,0.419725621
0.0004891,0.0001587,1.20E-06,2375.039067,-0.641763511,-0.275352712,0.71576566
0.0004891,0.0001587,2.64E-05,2694.855312,-0.902976101,-0.346568521,0.254016578
0.0004891,0.0001587,5.15E-05,3084.185131,-0.917524216,-0.309691104,0.249480929
0.0004891,0.0001587,7.67E-05,3543.312525,-0.935479644,-0.275393012,0.221441921
0.0004891,0.0001587,0.000101895,4013.941312,-0.957490932,-0.246291645,0.150171703
0.0004891,0.0001587,0.000127068,4322.231622,-0.973752807,-0.223443071,0.043343565
0.0004891,0.0001587,0.000152242,4275.529178,-0.975451989,-0.209961466,-0.066404817
0.0004891,0.0001587,0.000177416,3923.750681,-0.969210023,-0.196562112,-0.148308018
0.0004891,0.0001587,0.000202589,3489.987425,-0.969525684,-0.173751563,-0.172714625
0.0004891,0.0001587,0.000227763,3118.948795,-0.978857455,-0.141824193,-0.147390576
0.0004891,0.0001587,0.000252937,2854.790377,-0.990194152,-0.102966842,-0.094410651
0.0004891,0.0001587,0.000278111,2718.99639,-0.998299705,-0.057331547,-0.010525845
0.0004891,0.0001587,0.000303284,2808.41027,-0.983564388,0.01141464,0.18019656
0.0004891,0.0001587,0.000328458,3604.635897,-0.972305417,0.226599234,0.057227301
0.0004891,0.0001587,0.000353632,3131.784909,-0.949709116,0.170127809,-0.262886143
0.0004891,0.0001587,0.000378805,1989.623529,-0.959302961,0.039821018,-0.279556998
0.0004891,0.0001587,0.000403979,1393.072495,-0.984969216,0.017223775,-0.171869094
0.0004891,0.0001587,0.000429153,881.06549,-0.984051231,-0.018528782,-0.176917661
0.0004891,0.0001587,0.000454326,399.8225123,-0.802969926,-0.590854865,-0.078293209
0.0004891,0.0001587,0.0004795,396.8989461,-0.92390387,-0.03829121,0.380703851
0.0004891,0.0001843,1.20E-06,1888.991773,-0.580463984,-0.386738629,0.716585512
0.0004891,0.0001843,2.64E-05,2152.62928,-0.829087884,-0.49731896,0.255513468
0.0004891,0.0001843,5.15E-05,2476.820122,-0.853752364,-0.457782787,0.24807624
0.0004891,0.0001843,7.67E-05,2851.008027,-0.879265723,-0.425069235,0.214960308
0.0004891,0.0001843,0.000101895,3219.043077,-0.90413187,-0.40128974,0.146670058
0.0004891,0.0001843,0.000127068,3460.728664,-0.923170999,-0.38082808,0.052204215
0.0004891,0.0001843,0.000152242,3464.294789,-0.933821538,-0.355230517,-0.042292019
0.0004891,0.0001843,0.000177416,3259.035832,-0.942011351,-0.317644944,-0.108241879
0.0004891,0.0001843,0.000202589,2981.577477,-0.955258057,-0.267666373,-0.125844182
0.0004891,0.0001843,0.000227763,2739.607293,-0.972397013,-0.210236334,-0.101216268
0.0004891,0.0001843,0.000252937,2579.447176,-0.986828158,-0.153393384,-0.051387307
0.0004891,0.0001843,0.000278111,2532.013165,-0.993654222,-0.108152813,0.030891042
0.0004891,0.0001843,0.000303284,2713.128965,-0.959592293,-0.092167364,0.26587179
0.0004891,0.0001843,0.000328458,3867.889207,-0.974455341,-0.196960416,0.107904509
0.0004891,0.0001843,0.000353632,3328.467125,-0.946139111,-0.131732834,-0.295748615
0.0004891,0.0001843,0.000378805,2032.676456,-0.951461224,-0.015657915,-0.307370084
0.0004891,0.0001843,0.000403979,1435.797849,-0.979768657,0.016160711,-0.199479847
0.0004891,0.0001843,0.000429153,815.8642367,-0.779502556,0.026475516,-0.625839286
0.0004891,0.0001843,0.000454326,-3098.754353,-0.993078626,0.049607812,-0.106460829
0.0004891,0.0001843,0.0004795,266.9170353,-0.719232093,0.033306105,0.693971109
0.0004891,0.0002099,1.20E-06,1340.092003,-0.54438105,-0.658962145,0.519055068
0.0004891,0.0002099,2.64E-05,1531.359212,-0.66964981,-0.703412343,0.23828598
0.0004891,0.0002099,5.15E-05,1773.620365,-0.721910346,-0.650813604,0.235132102
0.0004891,0.0002099,7.67E-05,2050.762267,-0.770741021,-0.603630284,0.20393322
0.0004891,0.0002099,0.000101895,2317.492846,-0.811716412,-0.565983051,0.144151491
0.0004891,0.0002099,0.000127068,2502.829806,-0.844105862,-0.531924208,0.067393855
0.0004891,0.0002099,0.000152242,2552.726649,-0.87168402,-0.490038186,-0.005435651
0.0004891,0.0002099,0.000177416,2483.186263,-0.900138227,-0.432434317,-0.052456972
0.0004891,0.0002099,0.000202589,2366.470382,-0.931685734,-0.358017901,-0.061521349
0.0004891,0.0002099,0.000227763,2269.538659,-0.961116715,-0.273188825,-0.040280583
0.0004891,0.0002099,0.000252937,2224.618498,-0.980987339,-0.193942899,-0.007070517
0.0004891,0.0002099,0.000278111,2243.036128,-0.989714435,-0.140439787,0.027239729
0.0004891,0.0002099,0.000303284,2337.471709,-0.988732636,-0.142170616,0.046853932
0.0004891,0.0002099,0.000328458,2462.424746,-0.947029939,-0.321074275,-0.006753098
0.0004891,0.0002099,0.000353632,2300.498045,-0.968999267,-0.226135464,-0.099514687
0.0004891,0.0002099,0.000378805,1891.575188,-0.98961203,-0.035040794,-0.139428018
0.0004891,0.0002099,0.000403979,1493.321066,-0.989957704,0.025467756,-0.139050843
0.0004891,0.0002099,0.000429153,1076.143897,-0.985974289,0.086662585,-0.14263344
0.0004891,0.0002099,0.000454326,659.9486475,-0.803251653,0.592352694,-0.062490547
0.0004891,0.0002099,0.0004795,640.3322425,-0.985021742,0.121429026,0.122422053
0.0004891,0.0002355,1.20E-06,738.6389405,-0.221089793,-0.971909142,-0.08069649
0.0004891,0.0002355,2.64E-05,851.1951406,-0.311835722,-0.931743702,0.186043426
0.0004891,0.0002355,5.15E-05,1014.836926,-0.424185316,-0.881086456,0.209173311
0.0004891,0.0002355,7.67E-05,1213.915164,-0.535603323,-0.820989404,0.197751053
0.0004891,0.0002355,0.000101895,1414.028151,-0.629960392,-0.760925695,0.155376932
0.0004891,0.0002355,0.000127068,1572.640048,-0.704579308,-0.702815952,0.098070059
0.0004891,0.0002355,0.000152242,1663.387436,-0.767403462,-0.639455977,0.046775848
0.0004891,0.0002355,0.000177416,1697.611259,-0.828425121,-0.559750599,0.019775888
0.0004891,0.0002355,0.000202589,1717.219345,-0.890488882,-0.454436349,0.022741074
0.0004891,0.0002355,0.000227763,1761.25453,-0.942976594,-0.330349591,0.040795729
0.0004891,0.0002355,0.000252937,1840.176934,-0.974687361,-0.217283961,0.052651954
0.0004891,0.0002355,0.000278111,1940.32282,-0.988853652,-0.140219761,0.050068681
0.0004891,0.0002355,0.000303284,2036.156375,-0.993918908,-0.105610812,0.031169874
0.0004891,0.0002355,0.000328458,2080.216065,-0.995063005,-0.099102421,-0.005322209
0.0004891,0.0002355,0.000353632,2009.310535,-0.997056883,-0.061058397,-0.046362106
0.0004891,0.0002355,0.000378805,1826.382817,-0.997299965,-0.002387611,-0.073396727
0.0004891,0.0002355,0.000403979,1587.676809,-0.995616595,0.03958134,-0.084740266
0.0004891,0.0002355,0.000429153,1330.787592,-0.993301098,0.079469057,-0.083890387
0.0004891,0.0002355,0.000454326,1102.297708,-0.990245005,0.121888364,-0.067513376
0.0004891,0.0002355,0.0004795,952.9681879,-0.992576391,0.100406998,-0.068633392
0.0004891,0.0002611,1.20E-06,93.57849902,0.259220546,-0.749074268,-0.60966585
0.0004891,0.0002611,2.64E-05,124.6775403,0.242933833,-0.966445869,0.083459775
0.0004891,0.0002611,5.15E-05,219.885287,0.108574658,-0.982865841,0.148950606
0.0004891,0.0002611,7.67E-05,365.4013485,-0.064410782,-0.981147634,0.182210238
0.0004891,0.0002611,0.000101895,530.9624987,-0.244880012,-0.953263944,0.176979187
0.0004891,0.0002611,0.000127068,685.541196,-0.405049476,-0.902104225,0.148804872
0.0004891,0.0002611,0.000152242,815.3573543,-0.542557781,-0.830689444,0.124844307
0.0004891,0.0002611,0.000177416,933.6863648,-0.673126825,-0.728721309,0.125958452
0.0004891,0.0002611,0.000202589,1073.145074,-0.80449542,-0.575103167,0.148470425
0.0004891,0.0002611,0.000227763,1257.009373,-0.909535204,-0.383909992,0.159244563
0.0004891,0.0002611,0.000252937,1473.125305,-0.96519957,-0.220875468,0.140013632
0.0004891,0.0002611,0.000278111,1684.891464,-0.987912136,-0.115755614,0.103103099
0.0004891,0.0002611,0.000303284,1855.453708,-0.996519805,-0.056340033,0.061433533
0.0004891,0.0002611,0.000328458,1954.075133,-0.999553826,-0.021266149,0.020973775
0.0004891,0.0002611,0.000353632,1960.541085,-0.999872834,0.007938007,-0.013831287
0.0004891,0.0002611,0.000378805,1877.627077,-0.998602405,0.035095689,-0.03951618
0.0004891,0.0002611,0.000403979,1728.728933,-0.996809951,0.057051124,-0.055812999
0.0004891,0.0002611,0.000429153,1543.728412,-0.995170949,0.074586956,-0.063808836
0.0004891,0.0002611,0.000454326,1353.613787,-0.994244171,0.085445934,-0.064633749
0.0004891,0.0002611,0.0004795,1181.355296,-0.968679386,0.081200601,-0.234662969
0.0004891,0.0002867,1.20E-06,-581.649315,0.461252852,-0.484569221,-0.743262051
0.0004891,0.0002867,2.64E-05,-636.1789182,0.653283289,-0.757053698,-0.009520657
0.0004891,0.0002867,5.15E-05,-600.5040084,0.582951422,-0.809163534,0.073634334
0.0004891,0.0002867,7.67E-05,-489.5096509,0.465168551,-0.874626175,0.13655502
0.0004891,0.0002867,0.000101895,-339.5450077,0.299865586,-0.938694644,0.170097021
0.0004891,0.0002867,0.000127068,-180.6529048,0.106654074,-0.977064083,0.184311384
0.0004891,0.0002867,0.000152242,-15.68316457,-0.097153098,-0.972917103,0.209746481
0.0004891,0.0002867,0.000177416,180.9466067,-0.327560468,-0.90517004,0.270871441
0.0004891,0.0002867,0.000202589,443.6118616,-0.604211714,-0.720484072,0.3403394
0.0004891,0.0002867,0.000227763,780.6440849,-0.835797691,-0.435673952,0.334111401
0.0004891,0.0002867,0.000252937,1153.74978,-0.943338724,-0.206976924,0.259369629
0.0004891,0.0002867,0.000278111,1503.806895,-0.98129976,-0.076398478,0.176674996
0.0004891,0.0002867,0.000303284,1785.110264,-0.994207233,-0.006873237,0.107260132
0.0004891,0.0002867,0.000328458,1971.859309,-0.99811476,0.031256152,0.052820251
0.0004891,0.0002867,0.000353632,2053.928374,-0.99846997,0.054141144,0.011245247
0.0004891,0.0002867,0.000378805,2035.749805,-0.997422974,0.069000951,-0.019654013
0.0004891,0.0002867,0.000403979,1934.762505,-0.996018533,0.078668114,-0.041933386
0.0004891,0.0002867,0.000429153,1776.690034,-0.994782771,0.084442515,-0.057242472
0.0004891,0.0002867,0.000454326,1589.468467,-0.994038879,0.086176694,-0.066785354
0.0004891,0.0002867,0.0004795,1396.362967,-0.92054821,0.07709446,-0.382945737
0.0004891,0.0003123,1.20E-06,-1253.976672,0.548245136,-0.318862539,-0.773145492
0.0004891,0.0003123,2.64E-05,-1399.980357,0.849728334,-0.523728733,-0.060580293
0.0004891,0.0003123,5.15E-05,-1419.149794,0.82269066,-0.567970648,0.024277981
0.0004891,0.0003123,7.67E-05,-1334.329925,0.766203604,-0.636756202,0.086449854
0.0004891,0.0003123,0.000101895,-1202.354158,0.671801395,-0.730955976,0.119942682
0.0004891,0.0003123,0.000127068,-1060.376864,0.537475556,-0.830662624,0.145325951
0.0004891,0.0003123,0.000152242,-890.3407866,0.368346147,-0.906055246,0.20829068
0.0004891,0.0003123,0.000177416,-627.1302548,0.143341339,-0.928227695,0.343287935
0.0004891,0.0003123,0.000202589,-217.8885806,-0.226525439,-0.821029803,0.524019358
0.0004891,0.0003123,0.000227763,315.3232108,-0.668954989,-0.492135065,0.557047844
0.0004891,0.0003123,0.000252937,886.2685928,-0.89251265,-0.185872816,0.410940952
0.0004891,0.0003123,0.000278111,1407.252639,-0.963764715,-0.029665095,0.265099146
0.0004891,0.0003123,0.000303284,1824.952948,-0.986218322,0.042985462,0.159767553
0.0004891,0.0003123,0.000328458,2115.840954,-0.993286074,0.077910637,0.085514372
0.0004891,0.0003123,0.000353632,2273.3563,-0.994994213,0.094737415,0.031801558
0.0004891,0.0003123,0.000378805,2303.077455,-0.99477112,0.101814257,-0.008017207
0.0004891,0.0003123,0.000403979,2222.962196,-0.993950213,0.103118747,-0.037808706
0.0004891,0.0003123,0.000429153,2061.72279,-0.993110568,0.10079864,-0.059758122
0.0004891,0.0003123,0.000454326,1852.680974,-0.99255209,0.0959288,-0.075086714
0.0004891,0.0003123,0.0004795,1625.845812,-0.858737888,0.077126353,-0.506577502
0.0004891,0.0003379,1.20E-06,-1850.701357,0.592599068,-0.195002636,-0.78153715
0.0004891,0.0003379,2.64E-05,-2088.315923,0.941852366,-0.324340232,-0.087849496
0.0004891,0.0003379,5.15E-05,-2162.371185,0.933058895,-0.35965264,-0.007146779
0.0004891,0.0003379,7.67E-05,-2113.384828,0.904687947,-0.424294013,0.038914115
0.0004891,0.0003379,0.000101895,-2037.346097,0.849109681,-0.526660234,0.040518497
0.0004891,0.0003379,0.000127068,-1994.279548,0.751279158,-0.658987565,0.036263146
0.0004891,0.0003379,0.000152242,-1932.202478,0.609173576,-0.786047327,0.105057859
0.0004891,0.0003379,0.000177416,-1668.11163,0.439598251,-0.854494253,0.276754313
0.0004891,0.0003379,0.000202589,-1058.02421,0.174817677,-0.811774679,0.557189958
0.0004891,0.0003379,0.000227763,-211.3655625,-0.359834348,-0.53084527,0.767282569
0.0004891,0.0003379,0.000252937,651.494848,-0.78840273,-0.160209224,0.593931091
0.0004891,0.0003379,0.000278111,1396.987484,-0.930761154,0.020016419,0.365079466
0.0004891,0.0003379,0.000303284,1978.984539,-0.972516041,0.090515403,0.214521587
0.0004891,0.0003379,0.000328458,2387.310187,-0.98591568,0.119581806,0.116920757
0.0004891,0.0003379,0.000353632,2621.155307,-0.990221298,0.130795848,0.048520388
0.0004891,0.0003379,0.000378805,2686.566131,-0.991250222,0.131970801,-0.002589446
0.0004891,0.0003379,0.000403979,2604.176352,-0.991086881,0.126578664,-0.041528731
0.0004891,0.0003379,0.000429153,2411.849257,-0.990607761,0.117242382,-0.070359706
0.0004891,0.0003379,0.000454326,2155.763863,-0.990250851,0.106136379,-0.090212649
0.0004891,0.0003379,0.0004795,1877.361198,-0.796581278,0.076240873,-0.599704591
0.0004891,0.0003635,1.20E-06,-2260.216243,0.605035941,-0.089283719,-0.791176294
0.0004891,0.0003635,2.64E-05,-2570.151805,0.982534841,-0.152517395,-0.106600798
0.0004891,0.0003635,5.15E-05,-2702.075223,0.982749168,-0.181264629,-0.036704309
0.0004891,0.0003635,7.67E-05,-2720.607172,0.970243962,-0.241311657,-0.019883122
0.0004891,0.0003635,0.000101895,-2776.704565,0.934958088,-0.345631344,-0.079952156
0.0004891,0.0003635,0.000127068,-3003.444177,0.852255158,-0.499769278,-0.154569773
0.0004891,0.0003635,0.000152242,-3372.071057,0.875633237,-0.474365091,-0.090797549
0.0004891,0.0003635,0.000177416,-3371.912777,0.856841463,-0.452014819,0.248002642
0.0004891,0.0003635,0.000202589,-2376.175901,0.425273754,-0.735839485,0.526955867
0.0004891,0.0003635,0.000227763,-887.4389376,-0.015353961,-0.444927744,0.895434843
0.0004891,0.0003635,0.000252937,445.0782204,-0.623180149,-0.097955347,0.775919617
0.0004891,0.0003635,0.000278111,1481.268247,-0.883290023,0.073164844,0.463082757
0.0004891,0.0003635,0.000303284,2249.886879,-0.955839115,0.129428063,0.263855951
0.0004891,0.0003635,0.000328458,2783.749816,-0.978351506,0.149010835,0.14361094
0.0004891,0.0003635,0.000353632,3093.718534,-0.986096286,0.154703114,0.060671749
0.0004891,0.0003635,0.000378805,3183.062131,-0.988463442,0.151434312,-0.002769945
0.0004891,0.0003635,0.000403979,3074.4734,-0.988640838,0.140963256,-0.05214072
0.0004891,0.0003635,0.000429153,2821.579153,-0.98808908,0.126050514,-0.088267986
0.0004891,0.0003635,0.000454326,2492.162526,-0.987629163,0.109957295,-0.111794583
0.0004891,0.0003635,0.0004795,2143.816342,-0.747380584,0.071894032,-0.660494899
0.0004891,0.0003891,1.20E-06,-2391.678398,0.583267813,0.000963755,-0.812279342
0.0004891,0.0003891,2.64E-05,-2731.204621,0.992115034,-0.001307353,-0.125323779
0.0004891,0.0003891,5.15E-05,-2917.979765,0.997129831,-0.021759293,-0.072516432
0.0004891,0.0003891,7.67E-05,-3034.463062,0.993338365,-0.068063633,-0.092985131
0.0004891,0.0003891,0.000101895,-3280.750361,0.960557601,-0.147597226,-0.235678074
0.0004891,0.0003891,0.000127068,-3951.873253,0.950633233,-0.279513207,-0.134791776
0.0004891,0.0003891,0.000152242,-3889.839935,0.974797114,-0.181147123,0.130216383
0.0004891,0.0003891,0.000177416,-3513.990382,0.966641218,-0.12546993,-0.223298124
0.0004891,0.0003891,0.000202589,-4586.088236,0.684901508,-0.159563552,0.710949644
0.0004891,0.0003891,0.000227763,-1636.94325,0.175321946,-0.179932108,0.967929053
0.0004891,0.0003891,0.000252937,347.3951569,-0.470222125,0.025101604,0.882191058
0.0004891,0.0003891,0.000278111,1686.967583,-0.840267133,0.126434559,0.527224285
0.0004891,0.0003891,0.000303284,2628.70468,-0.943519808,0.150249149,0.295288951
0.0004891,0.0003891,0.000328458,3277.698236,-0.974740067,0.155064613,0.160738194
0.0004891,0.0003891,0.000353632,3656.579787,-0.985769729,0.154191161,0.066956158
0.0004891,0.0003891,0.000378805,3756.525485,-0.988993567,0.147751872,-0.007817265
0.0004891,0.0003891,0.000403979,3598.001398,-0.988512974,0.135084158,-0.067781788
0.0004891,0.0003891,0.000429153,3257.49699,-0.986737685,0.118250736,-0.111200286
0.0004891,0.0003891,0.000454326,2833.677251,-0.985348175,0.100804735,-0.137576811
0.0004891,0.0003891,0.0004795,2403.411898,-0.718386859,0.062256503,-0.6928524
0.0004891,0.0004147,1.20E-06,-2254.020942,0.534854676,0.071478603,-0.841915248
0.0004891,0.0004147,2.64E-05,-2575.735056,0.980314296,0.135307087,-0.143791073
0.0004891,0.0004147,5.15E-05,-2794.612015,0.985666917,0.128280166,-0.109567005
0.0004891,0.0004147,7.67E-05,-2990.646417,0.981538484,0.11009322,-0.156402325
0.0004891,0.0004147,0.000101895,-3360.97749,0.934975818,0.085049844,-0.344364259
0.0004891,0.0004147,0.000127068,-4287.882603,0.977256039,0.099864548,-0.187076741
0.0004891,0.0004147,0.000152242,-3991.536317,0.951189945,-0.270175102,0.149141215
0.0004891,0.0004147,0.000177416,-3769.755955,0.933245298,0.085820746,0.348838091
0.0004891,0.0004147,0.000202589,-2804.589469,0.665517979,0.303365307,0.681949639
0.0004891,0.0004147,0.000227763,-1820.074555,0.33003172,0.195260483,0.923554226
0.0004891,0.0004147,0.000252937,541.2574676,-0.448899637,0.166208157,0.87798859
0.0004891,0.0004147,0.000278111,2037.61786,-0.833547072,0.164291193,0.527453963
0.0004891,0.0004147,0.000303284,3072.990778,-0.943330463,0.144400611,0.298791067
0.0004891,0.0004147,0.000328458,3792.136605,-0.977685795,0.130560412,0.164573585
0.0004891,0.0004147,0.000353632,4215.068038,-0.990381943,0.121294431,0.066567775
0.0004891,0.0004147,0.000378805,4308.985376,-0.993528905,0.112449791,-0.015979975
0.0004891,0.0004147,0.000403979,4085.843075,-0.99123849,0.101359066,-0.084691174
0.0004891,0.0004147,0.000429153,3648.128361,-0.986989554,0.088125342,-0.134482504
0.0004891,0.0004147,0.000454326,3128.562305,-0.983782387,0.074889558,-0.162983952
0.0004891,0.0004147,0.0004795,2621.293981,-0.707767175,0.045775777,-0.704961137
0.0004891,0.0004403,1.20E-06,-1942.978459,0.477037143,0.119372353,-0.870738655
0.0004891,0.0004403,2.64E-05,-2213.894858,0.954864922,0.254368955,-0.153393008
0.0004891,0.0004403,5.15E-05,-2423.978299,0.954860526,0.26709115,-0.130014203
0.0004891,0.0004403,7.67E-05,-2629.041048,0.941242998,0.291033587,-0.171350721
0.0004891,0.0004403,0.000101895,-2954.937899,0.883238705,0.349253401,-0.312908057
0.0004891,0.0004403,0.000127068,-3609.57054,0.790281039,0.419674661,-0.44646283
0.0004891,0.0004403,0.000152242,-4844.341753,0.899538694,0.417692431,0.127918612
0.0004891,0.0004403,0.000177416,-3217.03388,0.8226489,0.428798049,0.373337677
0.0004891,0.0004403,0.000202589,-3704.084464,0.832571347,0.300481012,0.465334411
0.0004891,0.0004403,0.000227763,-917.5750872,0.015796844,0.398780789,0.916910215
0.0004891,0.0004403,0.000252937,1090.045259,-0.581656516,0.269646095,0.767441647
0.0004891,0.0004403,0.000278111,2488.905714,-0.868670098,0.166413359,0.46660353
0.0004891,0.0004403,0.000303284,3490.993231,-0.955101251,0.11006788,0.275075738
0.0004891,0.0004403,0.000328458,4199.080931,-0.984819477,0.079216594,0.154451705
0.0004891,0.0004403,0.000353632,4614.288619,-0.996343801,0.061347865,0.059459821
0.0004891,0.0004403,0.000378805,4681.270842,-0.998395158,0.050692049,-0.025247271
0.0004891,0.0004403,0.000403979,4402.314485,-0.994182489,0.043723224,-0.098435046
0.0004891,0.0004403,0.000429153,3895.418946,-0.987602534,0.038375434,-0.15221222
0.0004891,0.0004403,0.000454326,3313.488041,-0.982662944,0.034091387,-0.18223972
0.0004891,0.0004403,0.0004795,2758.842233,-0.708650404,0.022344258,-0.705205884
0.0004891,0.0004659,1.20E-06,-1560.74742,0.422684751,0.148385576,-0.8940466
0.0004891,0.0004659,2.64E-05,-1764.593487,0.924170944,0.353258685,-0.145314723
0.0004891,0.0004659,5.15E-05,-1927.324801,0.914487238,0.386695768,-0.119077597
0.0004891,0.0004659,7.67E-05,-2073.556669,0.886431842,0.445733741,-0.124739819
0.0004891,0.0004659,0.000101895,-2248.022134,0.818042935,0.553467242,-0.156460116
0.0004891,0.0004659,0.000127068,-2481.767506,0.719839472,0.679789405,-0.140419012
0.0004891,0.0004659,0.000152242,-2688.080613,0.595859794,0.803026904,0.009944672
0.0004891,0.0004659,0.000177416,-2437.931387,0.645496288,0.662664659,0.379750039
0.0004891,0.0004659,0.000202589,-1294.611259,0.174502882,0.796419728,0.579020173
0.0004891,0.0004659,0.000227763,300.2892603,-0.336965415,0.532616873,0.77638494
0.0004891,0.0004659,0.000252937,1758.418117,-0.754303061,0.267534107,0.599543488
0.0004891,0.0004659,0.000278111,2908.413213,-0.916292449,0.125131705,0.380460516
0.0004891,0.0004659,0.000303284,3768.883203,-0.970586825,0.053964311,0.234625377
0.0004891,0.0004659,0.000328458,4378.019233,-0.99105258,0.013322072,0.132805519
0.0004891,0.0004659,0.000353632,4720.994226,-0.998874827,-0.010528616,0.046240986
0.0004891,0.0004659,0.000378805,4741.79953,-0.99915372,-0.022037186,-0.03473048
0.0004891,0.0004659,0.000403979,4440.816887,-0.993998741,-0.024299433,-0.106658522
0.0004891,0.0004659,0.000429153,3927.289928,-0.986811382,-0.020666294,-0.160549681
0.0004891,0.0004659,0.000454326,3344.781162,-0.981422463,-0.01442628,-0.191316053
0.0004891,0.0004659,0.0004795,2790.664221,-0.714969585,-0.005725593,-0.699132112
0.0004891,0.0004915,1.20E-06,-1174.135452,0.248359786,0.758044844,-0.603063372
0.0004891,0.0004915,2.64E-05,-1307.657255,0.306778261,0.95094484,-0.039887473
0.0004891,0.0004915,5.15E-05,-1403.651551,0.295056039,0.955130462,-0.025840562
0.0004891,0.0004915,7.67E-05,-1463.684195,0.274778589,0.961414829,-0.013351135
0.0004891,0.0004915,0.000101895,-1486.464815,0.248165356,0.968712189,0.003263544
0.0004891,0.0004915,0.000127068,-1443.10365,0.220185865,0.974726941,0.037756795
0.0004891,0.0004915,0.000152242,-1244.653324,0.176466937,0.978284705,0.108712728
0.0004891,0.0004915,0.000177416,-744.2475627,0.076201891,0.970701794,0.227884397
0.0004891,0.0004915,0.000202589,126.0140161,-0.14942399,0.906054462,0.395901229
0.0004891,0.0004915,0.000227763,1212.33851,-0.548166833,0.650365639,0.525868481
0.0004891,0.0004915,0.000252937,2273.576917,-0.862266659,0.224220118,0.454116227
0.0004891,0.0004915,0.000278111,3161.336348,-0.949767997,-0.082929908,0.301767098
0.0004891,0.0004915,0.000303284,3834.729818,-0.950776378,-0.249132027,0.18427564
0.0004891,0.0004915,0.000328458,4296.207137,-0.935422598,-0.33946333,0.098738089
0.0004891,0.0004915,0.000353632,4530.056726,-0.921125839,-0.388355164,0.026598031
0.0004891,0.0004915,0.000378805,4500.482036,-0.909574759,-0.41358831,-0.040230185
0.0004891,0.0004915,0.000403979,4213.606634,-0.899581621,-0.425258215,-0.09954073
0.0004891,0.0004915,0.000429153,3751.945658,-0.89223387,-0.427693375,-0.144903757
0.0004891,0.0004915,0.000454326,3226.328766,-0.889678865,-0.422622895,-0.172804529
0.0004891,0.0004915,0.0004795,2717.987705,-0.686820145,-0.316351473,-0.654369799