x,y,z,stresstr_hat
4.30000000000005e-06,5.10000000000007e-06,1.2000000000000292e-06,1840.8219718765258
4.30000000000005e-06,5.10000000000007e-06,2.6373684210526337e-05,1778.7741708007923
4.30000000000005e-06,5.10000000000007e-06,5.1547368421052644e-05,1737.536126385695
4.30000000000005e-06,5.10000000000007e-06,7.672105263157894e-05,1719.4778900212932
4.30000000000005e-06,5.10000000000007e-06,0.00010189473684210526,1714.8344504039924
4.30000000000005e-06,5.10000000000007e-06,0.00012706842105263157,1707.3876284213438
4.30000000000005e-06,5.10000000000007e-06,0.00015224210526315786,1683.5041596522804
4.30000000000005e-06,5.10000000000007e-06,0.00017741578947368417,1635.4522182007777
4.30000000000005e-06,5.10000000000007e-06,0.0002025894736842105,1560.9248207448143
4.30000000000005e-06,5.10000000000007e-06,0.0002277631578947368,1461.6463249676108
4.30000000000005e-06,5.10000000000007e-06,0.0002529368421052631,1341.9786175157785
4.30000000000005e-06,5.10000000000007e-06,0.00027811052631578943,1207.8759274582787
4.30000000000005e-06,5.10000000000007e-06,0.0003032842105263157,1066.7111351501942
4.30000000000005e-06,5.10000000000007e-06,0.000328457894736842,929.207024430986
4.30000000000005e-06,5.10000000000007e-06,0.0003536315789473683,815.6864295157419
4.30000000000005e-06,5.10000000000007e-06,0.00037880526315789463,756.9838495051971
4.30000000000005e-06,5.10000000000007e-06,0.00040397894736842095,756.4964274964402
4.30000000000005e-06,5.10000000000007e-06,0.00042915263157894726,785.883004645375
4.30000000000005e-06,5.10000000000007e-06,0.0004543263157894736,824.7224929256328
4.30000000000005e-06,5.10000000000007e-06,0.0004794999999999999,863.0155811396235
4.30000000000005e-06,3.0700000000000055e-05,1.2000000000000292e-06,1792.3500709658106
4.30000000000005e-06,3.0700000000000055e-05,2.6373684210526337e-05,1710.5144358559955
4.30000000000005e-06,3.0700000000000055e-05,5.1547368421052644e-05,1654.6282362260229
4.30000000000005e-06,3.0700000000000055e-05,7.672105263157894e-05,1632.2187753866867
4.30000000000005e-06,3.0700000000000055e-05,0.00010189473684210526,1630.003717983424
4.30000000000005e-06,3.0700000000000055e-05,0.00012706842105263157,1625.6622684966073
4.30000000000005e-06,3.0700000000000055e-05,0.00015224210526315786,1603.1192349095056
4.30000000000005e-06,3.0700000000000055e-05,0.00017741578947368417,1554.6914048410085
4.30000000000005e-06,3.0700000000000055e-05,0.0002025894736842105,1478.9106551369496
4.30000000000005e-06,3.0700000000000055e-05,0.0002277631578947368,1378.5545970479207
4.30000000000005e-06,3.0700000000000055e-05,0.0002529368421052631,1259.1339368406202
4.30000000000005e-06,3.0700000000000055e-05,0.00027811052631578943,1127.8007057404882
4.30000000000005e-06,3.0700000000000055e-05,0.0003032842105263157,993.111104029263
4.30000000000005e-06,3.0700000000000055e-05,0.000328457894736842,866.6932633719572
4.30000000000005e-06,3.0700000000000055e-05,0.0003536315789473683,767.5967935862695
4.30000000000005e-06,3.0700000000000055e-05,0.00037880526315789463,719.9430930384425
4.30000000000005e-06,3.0700000000000055e-05,0.00040397894736842095,726.4948667555318
4.30000000000005e-06,3.0700000000000055e-05,0.00042915263157894726,765.3655250075069
4.30000000000005e-06,3.0700000000000055e-05,0.0004543263157894736,815.1741390955552
4.30000000000005e-06,3.0700000000000055e-05,0.0004794999999999999,858.7556072461442
4.30000000000005e-06,5.6300000000000034e-05,1.2000000000000292e-06,1780.42208456495
4.30000000000005e-06,5.6300000000000034e-05,2.6373684210526337e-05,1681.2451578223415
4.30000000000005e-06,5.6300000000000034e-05,5.1547368421052644e-05,1609.9203591042617
4.30000000000005e-06,5.6300000000000034e-05,7.672105263157894e-05,1578.3731909648648
4.30000000000005e-06,5.6300000000000034e-05,0.00010189473684210526,1570.8226425992657
4.30000000000005e-06,5.6300000000000034e-05,0.00012706842105263157,1561.2308073017373
4.30000000000005e-06,5.6300000000000034e-05,0.00015224210526315786,1532.8884340676825
4.30000000000005e-06,5.6300000000000034e-05,0.00017741578947368417,1478.762108150248
4.30000000000005e-06,5.6300000000000034e-05,0.0002025894736842105,1398.2459724352104
4.30000000000005e-06,5.6300000000000034e-05,0.0002277631578947368,1295.1078839050513
4.30000000000005e-06,5.6300000000000034e-05,0.0002529368421052631,1176.0802893971345
4.30000000000005e-06,5.6300000000000034e-05,0.00027811052631578943,1049.753622769393
4.30000000000005e-06,5.6300000000000034e-05,0.0003032842105263157,926.080126755379
4.30000000000005e-06,5.6300000000000034e-05,0.000328457894736842,817.0452495808925
4.30000000000005e-06,5.6300000000000034e-05,0.0003536315789473683,737.7684166790993
4.30000000000005e-06,5.6300000000000034e-05,0.00037880526315789463,702.6667456276163
4.30000000000005e-06,5.6300000000000034e-05,0.00040397894736842095,714.2666418559238
4.30000000000005e-06,5.6300000000000034e-05,0.00042915263157894726,761.6684164429861
4.30000000000005e-06,5.6300000000000034e-05,0.0004543263157894736,827.6871532699861
4.30000000000005e-06,5.6300000000000034e-05,0.0004794999999999999,881.7349306844728
4.30000000000005e-06,8.190000000000001e-05,1.2000000000000292e-06,1818.2934768236769
4.30000000000005e-06,8.190000000000001e-05,2.6373684210526337e-05,1710.3029287031468
4.30000000000005e-06,8.190000000000001e-05,5.1547368421052644e-05,1626.770041936088
4.30000000000005e-06,8.190000000000001e-05,7.672105263157894e-05,1578.1211146007215
4.30000000000005e-06,8.190000000000001e-05,0.00010189473684210526,1551.1706643941407
4.30000000000005e-06,8.190000000000001e-05,0.00012706842105263157,1523.134993655776
4.30000000000005e-06,8.190000000000001e-05,0.00015224210526315786,1478.6597367269324
4.30000000000005e-06,8.190000000000001e-05,0.00017741578947368417,1411.1393440169588
4.30000000000005e-06,8.190000000000001e-05,0.0002025894736842105,1320.2400597491192
4.30000000000005e-06,8.190000000000001e-05,0.0002277631578947368,1210.266741060096
4.30000000000005e-06,8.190000000000001e-05,0.0002529368421052631,1088.9104518115016
4.30000000000005e-06,8.190000000000001e-05,0.00027811052631578943,965.9216327525503
4.30000000000005e-06,8.190000000000001e-05,0.0003032842105263157,851.9592093187052
4.30000000000005e-06,8.190000000000001e-05,0.000328457894736842,758.0007569153094
4.30000000000005e-06,8.190000000000001e-05,0.0003536315789473683,694.8278311165739
4.30000000000005e-06,8.190000000000001e-05,0.00037880526315789463,670.7863274095452
4.30000000000005e-06,8.190000000000001e-05,0.00040397894736842095,688.3023400679576
4.30000000000005e-06,8.190000000000001e-05,0.00042915263157894726,744.1349096113422
4.30000000000005e-06,8.190000000000001e-05,0.0004543263157894736,832.709358492802
4.30000000000005e-06,8.190000000000001e-05,0.0004794999999999999,924.0720666991474
4.30000000000005e-06,0.0001075,1.2000000000000292e-06,1906.502464132227
4.30000000000005e-06,0.0001075,2.6373684210526337e-05,1795.5073822923603
4.30000000000005e-06,0.0001075,5.1547368421052644e-05,1700.9513335029303
4.30000000000005e-06,0.0001075,7.672105263157894e-05,1628.8661693072495
4.30000000000005e-06,0.0001075,0.00010189473684210526,1571.2536192224995
4.30000000000005e-06,0.0001075,0.00012706842105263157,1513.0026816879129
4.30000000000005e-06,0.0001075,0.00015224210526315786,1442.218044017169
4.30000000000005e-06,0.0001075,0.00017741578947368417,1352.9744042904795
4.30000000000005e-06,0.0001075,0.0002025894736842105,1244.7844342460878
4.30000000000005e-06,0.0001075,0.0002277631578947368,1122.0929761161874
4.30000000000005e-06,0.0001075,0.0002529368421052631,993.3339238854342
4.30000000000005e-06,0.0001075,0.00027811052631578943,869.0813230571432
4.30000000000005e-06,0.0001075,0.0003032842105263157,760.0319464131323
4.30000000000005e-06,0.0001075,0.000328457894736842,675.5389171121091
4.30000000000005e-06,0.0001075,0.0003536315789473683,622.823931996043
4.30000000000005e-06,0.0001075,0.00037880526315789463,606.3246267851086
4.30000000000005e-06,0.0001075,0.00040397894736842095,627.0383383952387
4.30000000000005e-06,0.0001075,0.00042915263157894726,682.6351677223621
4.30000000000005e-06,0.0001075,0.0004543263157894736,766.2359721010758
4.30000000000005e-06,0.0001075,0.0004794999999999999,842.0497025287867
4.30000000000005e-06,0.00013309999999999998,1.2000000000000292e-06,2036.8214081450424
4.30000000000005e-06,0.00013309999999999998,2.6373684210526337e-05,1922.5953329912336
4.30000000000005e-06,0.00013309999999999998,5.1547368421052644e-05,1814.442035742853
4.30000000000005e-06,0.00013309999999999998,7.672105263157894e-05,1715.324399719774
4.30000000000005e-06,0.00013309999999999998,0.00010189473684210526,1621.5105344842823
4.30000000000005e-06,0.00013309999999999998,0.00012706842105263157,1525.4176213585476
4.30000000000005e-06,0.00013309999999999998,0.00015224210526315786,1420.2076846299153
4.30000000000005e-06,0.00013309999999999998,0.00017741578947368417,1301.6534885072626
4.30000000000005e-06,0.00013309999999999998,0.0002025894736842105,1169.0340041928548
4.30000000000005e-06,0.00013309999999999998,0.0002277631578947368,1026.8455746283746
4.30000000000005e-06,0.00013309999999999998,0.0002529368421052631,884.5682471089501
4.30000000000005e-06,0.00013309999999999998,0.00027811052631578943,753.5387842831223
4.30000000000005e-06,0.00013309999999999998,0.0003032842105263157,644.0046440549248
4.30000000000005e-06,0.00013309999999999998,0.000328457894736842,563.5042292031827
4.30000000000005e-06,0.00013309999999999998,0.0003536315789473683,516.4075311306211
4.30000000000005e-06,0.00013309999999999998,0.00037880526315789463,504.159672319239
4.30000000000005e-06,0.00013309999999999998,0.00040397894736842095,525.3491230094561
4.30000000000005e-06,0.00013309999999999998,0.00042915263157894726,574.9361594692169
4.30000000000005e-06,0.00013309999999999998,0.0004543263157894736,641.1143593290453
4.30000000000005e-06,0.00013309999999999998,0.0004794999999999999,700.2135234322805
4.30000000000005e-06,0.00015869999999999995,1.2000000000000292e-06,2200.8176977898265
4.30000000000005e-06,0.00015869999999999995,2.6373684210526337e-05,2081.040986043309
4.30000000000005e-06,0.00015869999999999995,5.1547368421052644e-05,1955.831539355268
4.30000000000005e-06,0.00015869999999999995,7.672105263157894e-05,1826.17028135232
4.30000000000005e-06,0.00015869999999999995,0.00010189473684210526,1691.4097657882248
4.30000000000005e-06,0.00015869999999999995,0.00012706842105263157,1550.6987448076593
4.30000000000005e-06,0.00015869999999999995,0.00015224210526315786,1403.6365050668192
4.30000000000005e-06,0.00015869999999999995,0.00017741578947368417,1248.9992701750582
4.30000000000005e-06,0.00015869999999999995,0.0002025894736842105,1085.2451787223206
4.30000000000005e-06,0.00015869999999999995,0.0002277631578947368,916.8289149298863
4.30000000000005e-06,0.00015869999999999995,0.0002529368421052631,755.5547010155489
4.30000000000005e-06,0.00015869999999999995,0.00027811052631578943,613.5683818979653
4.30000000000005e-06,0.00015869999999999995,0.0003032842105263157,499.8921029848925
4.30000000000005e-06,0.00015869999999999995,0.000328457894736842,419.98574503652316
4.30000000000005e-06,0.00015869999999999995,0.0003536315789473683,375.9392797197281
4.30000000000005e-06,0.00015869999999999995,0.00037880526315789463,367.0294166194066
4.30000000000005e-06,0.00015869999999999995,0.00040397894736842095,389.9028029227617
4.30000000000005e-06,0.00015869999999999995,0.00042915263157894726,437.9717102034951
4.30000000000005e-06,0.00015869999999999995,0.0004543263157894736,500.4685165540829
4.30000000000005e-06,0.00015869999999999995,0.0004794999999999999,563.7980838558748
4.30000000000005e-06,0.00018429999999999995,1.2000000000000292e-06,2391.3231275859757
4.30000000000005e-06,0.00018429999999999995,2.6373684210526337e-05,2264.2273697150144
4.30000000000005e-06,0.00018429999999999995,5.1547368421052644e-05,2118.9960855321683
4.30000000000005e-06,0.00018429999999999995,7.672105263157894e-05,1953.9724238214992
4.30000000000005e-06,0.00018429999999999995,0.00010189473684210526,1770.43026522008
4.30000000000005e-06,0.00018429999999999995,0.00012706842105263157,1574.6932653955448
4.30000000000005e-06,0.00018429999999999995,0.00015224210526315786,1375.5036576879606
4.30000000000005e-06,0.00018429999999999995,0.00017741578947368417,1177.2928997490606
4.30000000000005e-06,0.00018429999999999995,0.0002025894736842105,976.5495784784017
4.30000000000005e-06,0.00018429999999999995,0.0002277631578947368,776.9825609464674
4.30000000000005e-06,0.00018429999999999995,0.0002529368421052631,594.5748669115036
4.30000000000005e-06,0.00018429999999999995,0.00027811052631578943,441.28026226108807
4.30000000000005e-06,0.00018429999999999995,0.0003032842105263157,323.53432754285626
4.30000000000005e-06,0.00018429999999999995,0.000328457894736842,244.37679121188037
4.30000000000005e-06,0.00018429999999999995,0.0003536315789473683,204.14778006904922
4.30000000000005e-06,0.00018429999999999995,0.00037880526315789463,200.8508160582916
4.30000000000005e-06,0.00018429999999999995,0.00040397894736842095,230.13353482718944
4.30000000000005e-06,0.00018429999999999995,0.00042915263157894726,284.9712734606712
4.30000000000005e-06,0.00018429999999999995,0.0004543263157894736,355.9049546810066
4.30000000000005e-06,0.00018429999999999995,0.0004794999999999999,432.9868371067292
4.30000000000005e-06,0.00020989999999999992,1.2000000000000292e-06,2599.26860091287
4.30000000000005e-06,0.00020989999999999992,2.6373684210526337e-05,2464.1727119375846
4.30000000000005e-06,0.00020989999999999992,5.1547368421052644e-05,2297.1672651277636
4.30000000000005e-06,0.00020989999999999992,7.672105263157894e-05,2090.6163488301036
4.30000000000005e-06,0.00020989999999999992,0.00010189473684210526,1845.1704223797565
4.30000000000005e-06,0.00020989999999999992,0.00012706842105263157,1576.6214130618591
4.30000000000005e-06,0.00020989999999999992,0.00015224210526315786,1307.947913731643
4.30000000000005e-06,0.00020989999999999992,0.00017741578947368417,1053.5748105827506
4.30000000000005e-06,0.00020989999999999992,0.0002025894736842105,811.2227047491704
4.30000000000005e-06,0.00020989999999999992,0.0002277631578947368,583.1605585853464
4.30000000000005e-06,0.00020989999999999992,0.0002529368421052631,385.287934004935
4.30000000000005e-06,0.00020989999999999992,0.00027811052631578943,226.5393276144229
4.30000000000005e-06,0.00020989999999999992,0.0003032842105263157,109.96386293891307
4.30000000000005e-06,0.00020989999999999992,0.000328457894736842,36.23561876326888
4.30000000000005e-06,0.00020989999999999992,0.0003536315789473683,4.457803462282083
4.30000000000005e-06,0.00020989999999999992,0.00037880526315789463,12.109077472317242
4.30000000000005e-06,0.00020989999999999992,0.00040397894736842095,54.5331655065352
4.30000000000005e-06,0.00020989999999999992,0.00042915263157894726,124.48024334561688
4.30000000000005e-06,0.00020989999999999992,0.0004543263157894736,212.64495874629395
4.30000000000005e-06,0.00020989999999999992,0.0004794999999999999,309.57013919578503
4.30000000000005e-06,0.0002354999999999999,1.2000000000000292e-06,2809.4317854277037
4.30000000000005e-06,0.0002354999999999999,2.6373684210526337e-05,2665.7241918657855
4.30000000000005e-06,0.0002354999999999999,5.1547368421052644e-05,2477.927276958425
4.30000000000005e-06,0.0002354999999999999,7.672105263157894e-05,2224.134157688095
4.30000000000005e-06,0.0002354999999999999,0.00010189473684210526,1896.1880178765439
4.30000000000005e-06,0.0002354999999999999,0.00012706842105263157,1526.8967861133515
4.30000000000005e-06,0.0002354999999999999,0.00015224210526315786,1165.3960529495682
4.30000000000005e-06,0.0002354999999999999,0.00017741578947368417,840.3973172827281
4.30000000000005e-06,0.0002354999999999999,0.0002025894736842105,555.8558534373637
4.30000000000005e-06,0.0002354999999999999,0.0002277631578947368,311.15194323092567
4.30000000000005e-06,0.0002354999999999999,0.0002529368421052631,111.48814026963485
4.30000000000005e-06,0.0002354999999999999,0.00027811052631578943,-40.450448702591075
4.30000000000005e-06,0.0002354999999999999,0.0003032842105263157,-145.14359656519247
4.30000000000005e-06,0.0002354999999999999,0.000328457894736842,-204.0424631645696
4.30000000000005e-06,0.0002354999999999999,0.0003536315789473683,-218.92866457105282
4.30000000000005e-06,0.0002354999999999999,0.00037880526315789463,-192.38384260015172
4.30000000000005e-06,0.0002354999999999999,0.00040397894736842095,-128.98392165693807
4.30000000000005e-06,0.0002354999999999999,0.00042915263157894726,-36.293770081758076
4.30000000000005e-06,0.0002354999999999999,0.0004543263157894736,75.66644419162604
4.30000000000005e-06,0.0002354999999999999,0.0004794999999999999,196.58588602508988
4.30000000000005e-06,0.0002610999999999999,1.2000000000000292e-06,2996.299894079275
4.30000000000005e-06,0.0002610999999999999,2.6373684210526337e-05,2838.1868633835074
4.30000000000005e-06,0.0002610999999999999,5.1547368421052644e-05,2635.210479587754
4.30000000000005e-06,0.0002610999999999999,7.672105263157894e-05,2336.5460856357354
4.30000000000005e-06,0.0002610999999999999,0.00010189473684210526,1891.383681418845
4.30000000000005e-06,0.0002610999999999999,0.00012706842105263157,1378.7935158891023
4.30000000000005e-06,0.0002610999999999999,0.00015224210526315786,903.9161815539452
4.30000000000005e-06,0.0002610999999999999,0.00017741578947368417,507.4022920017524
4.30000000000005e-06,0.0002610999999999999,0.0002025894736842105,190.92860132796315
4.30000000000005e-06,0.0002610999999999999,0.0002277631578947368,-55.009825290595295
4.30000000000005e-06,0.0002610999999999999,0.0002529368421052631,-238.70054161040756
4.30000000000005e-06,0.0002610999999999999,0.00027811052631578943,-366.54430229594226
4.30000000000005e-06,0.0002610999999999999,0.0003032842105263157,-443.75238598615584
4.30000000000005e-06,0.0002610999999999999,0.000328457894736842,-474.1590225035837
4.30000000000005e-06,0.0002610999999999999,0.0003536315789473683,-460.4031554945538
4.30000000000005e-06,0.0002610999999999999,0.00037880526315789463,-404.99202384959784
4.30000000000005e-06,0.0002610999999999999,0.00040397894736842095,-312.2878633758893
4.30000000000005e-06,0.0002610999999999999,0.00042915263157894726,-190.2235220655007
4.30000000000005e-06,0.0002610999999999999,0.0004543263157894736,-49.836173254417794
4.30000000000005e-06,0.0002610999999999999,0.0004794999999999999,97.3977357602434
4.30000000000005e-06,0.00028669999999999987,1.2000000000000292e-06,3123.593473988359
4.30000000000005e-06,0.00028669999999999987,2.6373684210526337e-05,2922.5910604251944
4.30000000000005e-06,0.00028669999999999987,5.1547368421052644e-05,2699.9689282670392
4.30000000000005e-06,0.00028669999999999987,7.672105263157894e-05,2401.0274542623592
4.30000000000005e-06,0.00028669999999999987,0.00010189473684210526,1756.3453916691553
4.30000000000005e-06,0.00028669999999999987,0.00012706842105263157,1046.2462946600347
4.30000000000005e-06,0.00028669999999999987,0.00015224210526315786,459.36799978244926
4.30000000000005e-06,0.00028669999999999987,0.00017741578947368417,13.423429938061476
4.30000000000005e-06,0.00028669999999999987,0.0002025894736842105,-307.9994665554589
4.30000000000005e-06,0.00028669999999999987,0.0002277631578947368,-529.5161408664816
4.30000000000005e-06,0.00028669999999999987,0.0002529368421052631,-673.03342830918
4.30000000000005e-06,0.00028669999999999987,0.00027811052631578943,-754.5528478327271
4.30000000000005e-06,0.00028669999999999987,0.0003032842105263157,-784.6421688150947
4.30000000000005e-06,0.00028669999999999987,0.000328457894736842,-769.6864181477687
4.30000000000005e-06,0.00028669999999999987,0.0003536315789473683,-713.2269448174991
4.30000000000005e-06,0.00028669999999999987,0.00037880526315789463,-617.8066814262552
4.30000000000005e-06,0.00028669999999999987,0.00040397894736842095,-487.66476977042777
4.30000000000005e-06,0.00028669999999999987,0.00042915263157894726,-331.01625710119583
4.30000000000005e-06,0.00028669999999999987,0.0004543263157894736,-159.61720704382898
4.30000000000005e-06,0.00028669999999999987,0.0004794999999999999,14.331433812086004
4.30000000000005e-06,0.00031229999999999984,1.2000000000000292e-06,3157.8585772051447
4.30000000000005e-06,0.00031229999999999984,2.6373684210526337e-05,2839.2716429144702
4.30000000000005e-06,0.00031229999999999984,5.1547368421052644e-05,2482.2428418989784
4.30000000000005e-06,0.00031229999999999984,7.672105263157894e-05,2097.529111717404
4.30000000000005e-06,0.00031229999999999984,0.00010189473684210526,1240.3808647166245
4.30000000000005e-06,0.00031229999999999984,0.00012706842105263157,397.9127358304976
4.30000000000005e-06,0.00031229999999999984,0.00015224210526315786,-242.73654930525615
4.30000000000005e-06,0.00031229999999999984,0.00017741578947368417,-685.3031973061323
4.30000000000005e-06,0.00031229999999999984,0.0002025894736842105,-964.574411998687
4.30000000000005e-06,0.00031229999999999984,0.0002277631578947368,-1122.212394539149
4.30000000000005e-06,0.00031229999999999984,0.0003032842105263157,-1162.9991614339237
4.30000000000005e-06,0.00031229999999999984,0.000328457894736842,-1084.7114047196915
4.30000000000005e-06,0.00031229999999999984,0.0003536315789473683,-971.107685511855
4.30000000000005e-06,0.00031229999999999984,0.00037880526315789463,-824.8495426738624
4.30000000000005e-06,0.00031229999999999984,0.00040397894736842095,-650.2274623709039
4.30000000000005e-06,0.00031229999999999984,0.00042915263157894726,-455.5030848722641
4.30000000000005e-06,0.00031229999999999984,0.0004543263157894736,-252.40434663129307
4.30000000000005e-06,0.00031229999999999984,0.0004794999999999999,-52.94400348489766
4.30000000000005e-06,0.0003378999999999998,1.2000000000000292e-06,3096.877475718469
4.30000000000005e-06,0.0003378999999999998,2.6373684210526337e-05,2568.1632638874753
4.30000000000005e-06,0.0003378999999999998,5.1547368421052644e-05,1902.0081506058377
4.30000000000005e-06,0.0003378999999999998,7.672105263157894e-05,1112.4452657114114
4.30000000000005e-06,0.0003378999999999998,0.00010189473684210526,202.69025966192544
4.30000000000005e-06,0.0003378999999999998,0.00012706842105263157,-637.1236136728372
4.30000000000005e-06,0.0003378999999999998,0.00037880526315789463,-1024.1801622606213
4.30000000000005e-06,0.0003378999999999998,0.00040397894736842095,-800.186805508309
4.30000000000005e-06,0.0003378999999999998,0.00042915263157894726,-565.6415611486602
4.30000000000005e-06,0.0003378999999999998,0.0004543263157894736,-331.4422505263834
4.30000000000005e-06,0.0003378999999999998,0.0004794999999999999,-108.48052578330274
4.30000000000005e-06,0.00036349999999999984,1.2000000000000292e-06,2976.0269597569054
4.30000000000005e-06,0.00036349999999999984,2.6373684210526337e-05,2177.9989969810927
4.30000000000005e-06,0.00036349999999999984,5.1547368421052644e-05,1138.761444620674
4.30000000000005e-06,0.00036349999999999984,7.672105263157894e-05,-24.16052370708559
4.30000000000005e-06,0.00036349999999999984,0.00010189473684210526,-1143.6883596367823
4.30000000000005e-06,0.00036349999999999984,0.00040397894736842095,-942.2163181947931
4.30000000000005e-06,0.00036349999999999984,0.00042915263157894726,-667.9413064299348
4.30000000000005e-06,0.00036349999999999984,0.0004543263157894736,-404.0219259068689
4.30000000000005e-06,0.00036349999999999984,0.0004794999999999999,-159.65115731766087
4.30000000000005e-06,0.0003890999999999998,1.2000000000000292e-06,2830.2939830187534
4.30000000000005e-06,0.0003890999999999998,2.6373684210526337e-05,1737.2021248629073
4.30000000000005e-06,0.0003890999999999998,5.1547368421052644e-05,286.16567436289256
4.30000000000005e-06,0.0003890999999999998,0.00040397894736842095,-1082.1503346769646
4.30000000000005e-06,0.0003890999999999998,0.00042915263157894726,-770.4302684344941
4.30000000000005e-06,0.0003890999999999998,0.0004543263157894736,-479.0128177910639
4.30000000000005e-06,0.0003890999999999998,0.0004794999999999999,-215.24142552271528
4.30000000000005e-06,0.0004146999999999998,1.2000000000000292e-06,2617.867832893523
4.30000000000005e-06,0.0004146999999999998,2.6373684210526337e-05,1249.4558632338994
4.30000000000005e-06,0.0004146999999999998,5.1547368421052644e-05,-591.0175301798979
4.30000000000005e-06,0.0004146999999999998,0.00042915263157894726,-879.3678934490484
4.30000000000005e-06,0.0004146999999999998,0.0004543263157894736,-563.863470122385
4.30000000000005e-06,0.0004146999999999998,0.0004794999999999999,-282.8975247664863
4.30000000000005e-06,0.00044029999999999975,1.2000000000000292e-06,2144.0269845581115
4.30000000000005e-06,0.00044029999999999975,2.6373684210526337e-05,627.2070649506992
4.30000000000005e-06,0.00044029999999999975,0.00042915263157894726,-997.236896405776
4.30000000000005e-06,0.00044029999999999975,0.0004543263157894736,-662.3796734530464
4.30000000000005e-06,0.00044029999999999975,0.0004794999999999999,-366.955903262421
4.30000000000005e-06,0.0004658999999999997,1.2000000000000292e-06,1350.4047258465566
4.30000000000005e-06,0.0004658999999999997,2.6373684210526337e-05,-124.66933624102379
4.30000000000005e-06,0.0004658999999999997,0.00042915263157894726,-1122.2873933796234
4.30000000000005e-06,0.0004658999999999997,0.0004543263157894736,-773.8733575539853
4.30000000000005e-06,0.0004658999999999997,0.0004794999999999999,-467.396130451746
4.30000000000005e-06,0.0004914999999999997,1.2000000000000292e-06,515.6466329423317
4.30000000000005e-06,0.0004914999999999997,2.6373684210526337e-05,-815.6060849778681
4.30000000000005e-06,0.0004914999999999997,0.0004543263157894736,-893.7705780309456
4.30000000000005e-06,0.0004914999999999997,0.0004794999999999999,-580.2153347566184
2.9815789473684253e-05,5.10000000000007e-06,1.2000000000000292e-06,1811.4491195886599
2.9815789473684253e-05,5.10000000000007e-06,2.6373684210526337e-05,1757.368423406226
2.9815789473684253e-05,5.10000000000007e-06,5.1547368421052644e-05,1732.1020766342672
2.9815789473684253e-05,5.10000000000007e-06,7.672105263157894e-05,1741.4330210634776
2.9815789473684253e-05,5.10000000000007e-06,0.00010189473684210526,1769.557626692367
2.9815789473684253e-05,5.10000000000007e-06,0.00012706842105263157,1791.3951577273472
2.9815789473684253e-05,5.10000000000007e-06,0.00015224210526315786,1788.5814714440007
2.9815789473684253e-05,5.10000000000007e-06,0.00017741578947368417,1752.0775827765108
2.9815789473684253e-05,5.10000000000007e-06,0.0002025894736842105,1680.06710633859
2.9815789473684253e-05,5.10000000000007e-06,0.0002277631578947368,1575.5957892090541
2.9815789473684253e-05,5.10000000000007e-06,0.0002529368421052631,1444.3741904102974
2.9815789473684253e-05,5.10000000000007e-06,0.00027811052631578943,1292.920937507424
2.9815789473684253e-05,5.10000000000007e-06,0.0003032842105263157,1127.4231784244719
2.9815789473684253e-05,5.10000000000007e-06,0.000328457894736842,954.1934472689067
2.9815789473684253e-05,5.10000000000007e-06,0.0003536315789473683,788.0799898946585
2.9815789473684253e-05,5.10000000000007e-06,0.00037880526315789463,707.9455963107537
2.9815789473684253e-05,5.10000000000007e-06,0.00040397894736842095,725.3545531954893
2.9815789473684253e-05,5.10000000000007e-06,0.00042915263157894726,757.9439198516122
2.9815789473684253e-05,5.10000000000007e-06,0.0004543263157894736,791.7073654301577
2.9815789473684253e-05,5.10000000000007e-06,0.0004794999999999999,824.263134901216
2.9815789473684253e-05,3.0700000000000055e-05,1.2000000000000292e-06,1739.6132383820325
2.9815789473684253e-05,3.0700000000000055e-05,2.6373684210526337e-05,1654.7703730939536
2.9815789473684253e-05,3.0700000000000055e-05,5.1547368421052644e-05,1606.8386304140176
2.9815789473684253e-05,3.0700000000000055e-05,7.672105263157894e-05,1618.4404707726285
2.9815789473684253e-05,3.0700000000000055e-05,0.00010189473684210526,1660.8086672396355
2.9815789473684253e-05,3.0700000000000055e-05,0.00012706842105263157,1694.037168417755
2.9815789473684253e-05,3.0700000000000055e-05,0.00015224210526315786,1697.742362315366
2.9815789473684253e-05,3.0700000000000055e-05,0.00017741578947368417,1664.3812835775127
2.9815789473684253e-05,3.0700000000000055e-05,0.0002025894736842105,1593.7613333730746
2.9815789473684253e-05,3.0700000000000055e-05,0.0002277631578947368,1490.3965312257626
2.9815789473684253e-05,3.0700000000000055e-05,0.0002529368421052631,1361.480248729293
2.9815789473684253e-05,3.0700000000000055e-05,0.00027811052631578943,1215.1490601183802
2.9815789473684253e-05,3.0700000000000055e-05,0.0003032842105263157,1059.5555588368418
2.9815789473684253e-05,3.0700000000000055e-05,0.000328457894736842,904.3122815680267
2.9815789473684253e-05,3.0700000000000055e-05,0.0003536315789473683,769.9339657716548
2.9815789473684253e-05,3.0700000000000055e-05,0.00037880526315789463,703.6024615399393
2.9815789473684253e-05,3.0700000000000055e-05,0.00040397894736842095,710.7244358714593
2.9815789473684253e-05,3.0700000000000055e-05,0.00042915263157894726,745.4556739479517
2.9815789473684253e-05,3.0700000000000055e-05,0.0004543263157894736,785.8779246358398
2.9815789473684253e-05,3.0700000000000055e-05,0.0004794999999999999,820.9409474141577
2.9815789473684253e-05,5.6300000000000034e-05,1.2000000000000292e-06,1707.885805683455
2.9815789473684253e-05,5.6300000000000034e-05,2.6373684210526337e-05,1594.7078501847345
2.9815789473684253e-05,5.6300000000000034e-05,5.1547368421052644e-05,1520.0604056607053
2.9815789473684253e-05,5.6300000000000034e-05,7.672105263157894e-05,1530.4267922481324
2.9815789473684253e-05,5.6300000000000034e-05,0.00010189473684210526,1578.3738656150226
2.9815789473684253e-05,5.6300000000000034e-05,0.00012706842105263157,1612.3294374432717
2.9815789473684253e-05,5.6300000000000034e-05,0.00015224210526315786,1614.0437037315744
2.9815789473684253e-05,5.6300000000000034e-05,0.00017741578947368417,1578.1202910806437
2.9815789473684253e-05,5.6300000000000034e-05,0.0002025894736842105,1505.6464665036112
2.9815789473684253e-05,5.6300000000000034e-05,0.0002277631578947368,1402.2508711456514
2.9815789473684253e-05,5.6300000000000034e-05,0.0002529368421052631,1276.5906912482158
2.9815789473684253e-05,5.6300000000000034e-05,0.00027811052631578943,1138.8399720528178
2.9815789473684253e-05,5.6300000000000034e-05,0.0003032842105263157,999.7775548974611
2.9815789473684253e-05,5.6300000000000034e-05,0.000328457894736842,871.7536899114958
2.9815789473684253e-05,5.6300000000000034e-05,0.0003536315789473683,772.160697136181
2.9815789473684253e-05,5.6300000000000034e-05,0.00037880526315789463,721.0035311596725
2.9815789473684253e-05,5.6300000000000034e-05,0.00040397894736842095,720.8158354522116
2.9815789473684253e-05,5.6300000000000034e-05,0.00042915263157894726,754.6220550964666
2.9815789473684253e-05,5.6300000000000034e-05,0.0004543263157894736,803.5587363412797
2.9815789473684253e-05,5.6300000000000034e-05,0.0004794999999999999,843.4471876028999
2.9815789473684253e-05,8.190000000000001e-05,1.2000000000000292e-06,1737.709920140877
2.9815789473684253e-05,8.190000000000001e-05,2.6373684210526337e-05,1619.2274953621156
2.9815789473684253e-05,8.190000000000001e-05,5.1547368421052644e-05,1537.0747090973591
2.9815789473684253e-05,8.190000000000001e-05,7.672105263157894e-05,1524.2114255750353
2.9815789473684253e-05,8.190000000000001e-05,0.00010189473684210526,1546.5378095778976
2.9815789473684253e-05,8.190000000000001e-05,0.00012706842105263157,1560.3435787155813
2.9815789473684253e-05,8.190000000000001e-05,0.00015224210526315786,1546.7649367442443
2.9815789473684253e-05,8.190000000000001e-05,0.00017741578947368417,1499.555183999196
2.9815789473684253e-05,8.190000000000001e-05,0.0002025894736842105,1419.304743405802
2.9815789473684253e-05,8.190000000000001e-05,0.0002277631578947368,1311.7495062350085
2.9815789473684253e-05,8.190000000000001e-05,0.0002529368421052631,1186.5137014325255
2.9815789473684253e-05,8.190000000000001e-05,0.00027811052631578943,1055.4565672428726
2.9815789473684253e-05,8.190000000000001e-05,0.0003032842105263157,930.9435662851427
2.9815789473684253e-05,8.190000000000001e-05,0.000328457894736842,824.866284439328
2.9815789473684253e-05,8.190000000000001e-05,0.0003536315789473683,748.5731229433541
2.9815789473684253e-05,8.190000000000001e-05,0.00037880526315789463,710.8868129777507
2.9815789473684253e-05,8.190000000000001e-05,0.00040397894736842095,713.3820845351983
2.9815789473684253e-05,8.190000000000001e-05,0.00042915263157894726,750.4590222561994
2.9815789473684253e-05,8.190000000000001e-05,0.0004543263157894736,811.794478944818
2.9815789473684253e-05,8.190000000000001e-05,0.0004794999999999999,864.0572880585072
2.9815789473684253e-05,0.0001075,1.2000000000000292e-06,1827.8605888410768
2.9815789473684253e-05,0.0001075,2.6373684210526337e-05,1715.653195452551
2.9815789473684253e-05,0.0001075,5.1547368421052644e-05,1630.4365835353244
2.9815789473684253e-05,0.0001075,7.672105263157894e-05,1585.117922972997
2.9815789473684253e-05,0.0001075,0.00010189473684210526,1564.3543377816413
2.9815789473684253e-05,0.0001075,0.00012706842105263157,1542.0859836425104
2.9815789473684253e-05,0.0001075,0.00015224210526315786,1501.1149792857245
2.9815789473684253e-05,0.0001075,0.00017741578947368417,1433.4671180617092
2.9815789473684253e-05,0.0001075,0.0002025894736842105,1337.9985183028493
2.9815789473684253e-05,0.0001075,0.0002277631578947368,1219.722161534836
2.9815789473684253e-05,0.0001075,0.0002529368421052631,1088.857281221809
2.9815789473684253e-05,0.0001075,0.00027811052631578943,958.559504404466
2.9815789473684253e-05,0.0001075,0.0003032842105263157,841.9382894017828
2.9815789473684253e-05,0.0001075,0.000328457894736842,749.3320435141454
2.9815789473684253e-05,0.0001075,0.0003536315789473683,687.4060072061603
2.9815789473684253e-05,0.0001075,0.00037880526315789463,659.5325555144459
2.9815789473684253e-05,0.0001075,0.00040397894736842095,665.7256833703912
2.9815789473684253e-05,0.0001075,0.00042915263157894726,702.7227189771638
2.9815789473684253e-05,0.0001075,0.0004543263157894736,761.6454556889373
2.9815789473684253e-05,0.0001075,0.0004794999999999999,811.9644928498733
2.9815789473684253e-05,0.00013309999999999998,1.2000000000000292e-06,1964.9131566210772
2.9815789473684253e-05,0.00013309999999999998,2.6373684210526337e-05,1854.539919703115
2.9815789473684253e-05,0.00013309999999999998,5.1547368421052644e-05,1758.3963408609725
2.9815789473684253e-05,0.00013309999999999998,7.672105263157894e-05,1681.5291047754652
2.9815789473684253e-05,0.00013309999999999998,0.00010189473684210526,1617.4205387847567
2.9815789473684253e-05,0.00013309999999999998,0.00012706842105263157,1553.0919721372115
2.9815789473684253e-05,0.00013309999999999998,0.00015224210526315786,1477.0072743869418
2.9815789473684253e-05,0.00013309999999999998,0.00017741578947368417,1381.3981108707533
2.9815789473684253e-05,0.00013309999999999998,0.0002025894736842105,1263.0748346630373
2.9815789473684253e-05,0.00013309999999999998,0.0002277631578947368,1126.1265287782685
2.9815789473684253e-05,0.00013309999999999998,0.0002529368421052631,981.9695754338792
2.9815789473684253e-05,0.00013309999999999998,0.00027811052631578943,845.090807951122
2.9815789473684253e-05,0.00013309999999999998,0.0003032842105263157,728.7557082923113
2.9815789473684253e-05,0.00013309999999999998,0.000328457894736842,641.5983711880634
2.9815789473684253e-05,0.00013309999999999998,0.0003536315789473683,586.9548884733288
2.9815789473684253e-05,0.00013309999999999998,0.00037880526315789463,564.8786685282967
2.9815789473684253e-05,0.00013309999999999998,0.00040397894736842095,573.3160225812611
2.9815789473684253e-05,0.00013309999999999998,0.00042915263157894726,607.5135550499889
2.9815789473684253e-05,0.00013309999999999998,0.0004543263157894736,657.2037911837814
2.9815789473684253e-05,0.00013309999999999998,0.0004794999999999999,703.3916653375472
2.9815789473684253e-05,0.00015869999999999995,1.2000000000000292e-06,2140.1043683177318
2.9815789473684253e-05,0.00015869999999999995,2.6373684210526337e-05,2026.138044017511
2.9815789473684253e-05,0.00015869999999999995,5.1547368421052644e-05,1913.3941442151383
2.9815789473684253e-05,0.00015869999999999995,7.672105263157894e-05,1803.9547800959049
2.9815789473684253e-05,0.00015869999999999995,0.00010189473684210526,1696.0027662933496
2.9815789473684253e-05,0.00015869999999999995,0.00012706842105263157,1585.664998631943
2.9815789473684253e-05,0.00015869999999999995,0.00015224210526315786,1468.8249118091255
2.9815789473684253e-05,0.00015869999999999995,0.00017741578947368417,1339.8758136773515
2.9815789473684253e-05,0.00015869999999999995,0.0002025894736842105,1191.6694324877053
2.9815789473684253e-05,0.00015869999999999995,0.0002277631578947368,1027.105386567354
2.9815789473684253e-05,0.00015869999999999995,0.0002529368421052631,862.0751159330658
2.9815789473684253e-05,0.00015869999999999995,0.00027811052631578943,712.5927866722483
2.9815789473684253e-05,0.00015869999999999995,0.0003032842105263157,590.642510787072
2.9815789473684253e-05,0.00015869999999999995,0.000328457894736842,502.85274465585576
2.9815789473684253e-05,0.00015869999999999995,0.0003536315789473683,450.53376951180974
2.9815789473684253e-05,0.00015869999999999995,0.00037880526315789463,431.98398761308437
2.9815789473684253e-05,0.00015869999999999995,0.00040397894736842095,443.6829387479601
2.9815789473684253e-05,0.00015869999999999995,0.00042915263157894726,479.71458020634054
2.9815789473684253e-05,0.00015869999999999995,0.0004543263157894736,530.7716093745241
2.9815789473684253e-05,0.00015869999999999995,0.0004794999999999999,585.3519987163342
2.9815789473684253e-05,0.00018429999999999995,1.2000000000000292e-06,2348.8226085790425
2.9815789473684253e-05,0.00018429999999999995,2.6373684210526337e-05,2228.4750123461095
2.9815789473684253e-05,0.00018429999999999995,5.1547368421052644e-05,2095.7035442791534
2.9815789473684253e-05,0.00018429999999999995,7.672105263157894e-05,1950.0992953367424
2.9815789473684253e-05,0.00018429999999999995,0.00010189473684210526,1792.665108477194
2.9815789473684253e-05,0.00018429999999999995,0.00012706842105263157,1627.8161630018353
2.9815789473684253e-05,0.00018429999999999995,0.00015224210526315786,1461.8152270242754
2.9815789473684253e-05,0.00018429999999999995,0.00017741578947368417,1296.149972761723
2.9815789473684253e-05,0.00018429999999999995,0.0002025894736842105,1112.5637681026635
2.9815789473684253e-05,0.00018429999999999995,0.0002277631578947368,909.5224463568876
2.9815789473684253e-05,0.00018429999999999995,0.0002529368421052631,718.6591763320694
2.9815789473684253e-05,0.00018429999999999995,0.00027811052631578943,554.5170895281735
2.9815789473684253e-05,0.00018429999999999995,0.0003032842105263157,425.0032767526332
2.9815789473684253e-05,0.00018429999999999995,0.000328457894736842,334.2850183752473
2.9815789473684253e-05,0.00018429999999999995,0.0003536315789473683,282.8161290666724
2.9815789473684253e-05,0.00018429999999999995,0.00037880526315789463,268.5828441391829
2.9815789473684253e-05,0.00018429999999999995,0.00040397894736842095,287.59340922906415
2.9815789473684253e-05,0.00018429999999999995,0.00042915263157894726,333.35941326082303
2.9815789473684253e-05,0.00018429999999999995,0.0004543263157894736,396.9580655863962
2.9815789473684253e-05,0.00018429999999999995,0.0004794999999999999,468.94240825131834
2.9815789473684253e-05,0.00020989999999999992,1.2000000000000292e-06,2584.757960997006
2.9815789473684253e-05,0.00020989999999999992,2.6373684210526337e-05,2457.1806313733373
2.9815789473684253e-05,0.00020989999999999992,5.1547368421052644e-05,2302.3371850987337
2.9815789473684253e-05,0.00020989999999999992,7.672105263157894e-05,2114.716408685527
2.9815789473684253e-05,0.00020989999999999992,0.00010189473684210526,1895.6795232962297
2.9815789473684253e-05,0.00020989999999999992,0.00012706842105263157,1659.1773028664134
2.9815789473684253e-05,0.00020989999999999992,0.00015224210526315786,1425.6232730899812
2.9815789473684253e-05,0.00020989999999999992,0.00017741578947368417,1209.2356415141287
2.9815789473684253e-05,0.00020989999999999992,0.0002025894736842105,985.2131053361302
2.9815789473684253e-05,0.00020989999999999992,0.0002277631578947368,744.458528940549
2.9815789473684253e-05,0.00020989999999999992,0.0002529368421052631,533.411928190414
2.9815789473684253e-05,0.00020989999999999992,0.00027811052631578943,359.47282373453885
2.9815789473684253e-05,0.00020989999999999992,0.0003032842105263157,226.1574842481311
2.9815789473684253e-05,0.00020989999999999992,0.000328457894736842,135.5701503391177
2.9815789473684253e-05,0.00020989999999999992,0.0003536315789473683,88.08768985177471
2.9815789473684253e-05,0.00020989999999999992,0.00037880526315789463,82.44133072030503
2.9815789473684253e-05,0.00020989999999999992,0.00040397894736842095,115.03057409312406
2.9815789473684253e-05,0.00020989999999999992,0.00042915263157894726,178.8353721578634
2.9815789473684253e-05,0.00020989999999999992,0.0004543263157894736,263.85803637723785
2.9815789473684253e-05,0.00020989999999999992,0.0004794999999999999,359.6432738754074
2.9815789473684253e-05,0.0002354999999999999,1.2000000000000292e-06,2834.6619510840137
2.9815789473684253e-05,0.0002354999999999999,2.6373684210526337e-05,2698.7096707320084
2.9815789473684253e-05,0.0002354999999999999,5.1547368421052644e-05,2520.844601452115
2.9815789473684253e-05,0.0002354999999999999,7.672105263157894e-05,2283.9533870750456
2.9815789473684253e-05,0.0002354999999999999,0.00010189473684210526,1983.6231621979368
2.9815789473684253e-05,0.0002354999999999999,0.00012706842105263157,1648.6870985959479
2.9815789473684253e-05,0.0002354999999999999,0.00015224210526315786,1321.3008418153374
2.9815789473684253e-05,0.0002354999999999999,0.00017741578947368417,1024.676396186064
2.9815789473684253e-05,0.0002354999999999999,0.0002025894736842105,752.6849358280115
2.9815789473684253e-05,0.0002354999999999999,0.0002277631578947368,501.99201490137636
2.9815789473684253e-05,0.0002354999999999999,0.0002529368421052631,287.48378236870275
2.9815789473684253e-05,0.0002354999999999999,0.00027811052631578943,115.77335871730331
2.9815789473684253e-05,0.0002354999999999999,0.0003032842105263157,-11.342590651428592
2.9815789473684253e-05,0.0002354999999999999,0.000328457894736842,-93.03311371923478
2.9815789473684253e-05,0.0002354999999999999,0.0003536315789473683,-128.6787667199973
2.9815789473684253e-05,0.0002354999999999999,0.00037880526315789463,-118.22414111384056
2.9815789473684253e-05,0.0002354999999999999,0.00040397894736842095,-64.24137209483759
2.9815789473684253e-05,0.0002354999999999999,0.00042915263157894726,25.584601291237146
2.9815789473684253e-05,0.0002354999999999999,0.0004543263157894736,138.979810886845
2.9815789473684253e-05,0.0002354999999999999,0.0004794999999999999,262.9466165221218
2.9815789473684253e-05,0.0002610999999999999,1.2000000000000292e-06,3074.401842900225
2.9815789473684253e-05,0.0002610999999999999,2.6373684210526337e-05,2922.470704257229
2.9815789473684253e-05,0.0002610999999999999,5.1547368421052644e-05,2719.6648351740178
2.9815789473684253e-05,0.0002610999999999999,7.672105263157894e-05,2427.0096921807535
2.9815789473684253e-05,0.0002610999999999999,0.00010189473684210526,2015.2992184856857
2.9815789473684253e-05,0.0002610999999999999,0.00012706842105263157,1546.7125884523577
2.9815789473684253e-05,0.0002610999999999999,0.00015224210526315786,1106.7065377255833
2.9815789473684253e-05,0.0002610999999999999,0.00017741578947368417,731.9918618134175
2.9815789473684253e-05,0.0002610999999999999,0.0002025894736842105,422.534942992528
2.9815789473684253e-05,0.0002610999999999999,0.0002277631578947368,169.21608542642394
2.9815789473684253e-05,0.0002610999999999999,0.0002529368421052631,-32.50585893423558
2.9815789473684253e-05,0.0002610999999999999,0.00027811052631578943,-184.95949807641125
2.9815789473684253e-05,0.0002610999999999999,0.0003032842105263157,-289.9975545263303
2.9815789473684253e-05,0.0002610999999999999,0.000328457894736842,-348.5300083713387
2.9815789473684253e-05,0.0002610999999999999,0.0003536315789473683,-360.0029653802202
2.9815789473684253e-05,0.0002610999999999999,0.00037880526315789463,-323.03865280019255
2.9815789473684253e-05,0.0002610999999999999,0.00040397894736842095,-238.92019326248763
2.9815789473684253e-05,0.0002610999999999999,0.00042915263157894726,-116.08869178004707
2.9815789473684253e-05,0.0002610999999999999,0.0004543263157894736,30.34620810184171
2.9815789473684253e-05,0.0002610999999999999,0.0004794999999999999,184.46076028882499
2.9815789473684253e-05,0.00028669999999999987,2.6373684210526337e-05,3071.922662958135
2.9815789473684253e-05,0.00028669999999999987,5.1547368421052644e-05,2822.659042043532
2.9815789473684253e-05,0.00028669999999999987,7.672105263157894e-05,2465.078134086041
2.9815789473684253e-05,0.00028669999999999987,0.00010189473684210526,1898.2763213168002
2.9815789473684253e-05,0.00028669999999999987,0.00012706842105263157,1265.0502697329123
2.9815789473684253e-05,0.00028669999999999987,0.00015224210526315786,715.6004053761637
2.9815789473684253e-05,0.00028669999999999987,0.00017741578947368417,285.291623988211
2.9815789473684253e-05,0.00028669999999999987,0.0002025894736842105,-36.137777118744054
2.9815789473684253e-05,0.00028669999999999987,0.0002277631578947368,-270.5861439649881
2.9815789473684253e-05,0.00028669999999999987,0.0002529368421052631,-436.86103423105857
2.9815789473684253e-05,0.00028669999999999987,0.00027811052631578943,-547.2726641623206
2.9815789473684253e-05,0.00028669999999999987,0.0003032842105263157,-608.9365893893116
2.9815789473684253e-05,0.00028669999999999987,0.000328457894736842,-625.1910271044891
2.9815789473684253e-05,0.00028669999999999987,0.0003536315789473683,-596.1137453044879
2.9815789473684253e-05,0.00028669999999999987,0.00037880526315789463,-519.7208141259338
2.9815789473684253e-05,0.00028669999999999987,0.00040397894736842095,-396.55860093549654
2.9815789473684253e-05,0.00028669999999999987,0.00042915263157894726,-235.82039795045426
2.9815789473684253e-05,0.00028669999999999987,0.0004543263157894736,-54.8517221461587
2.9815789473684253e-05,0.00028669999999999987,0.0004794999999999999,128.3880801783165
2.9815789473684253e-05,0.00031229999999999984,2.6373684210526337e-05,3076.790847851376
2.9815789473684253e-05,0.00031229999999999984,5.1547368421052644e-05,2682.1524629731985
2.9815789473684253e-05,0.00031229999999999984,7.672105263157894e-05,2170.161066167419
2.9815789473684253e-05,0.00031229999999999984,0.00010189473684210526,1436.922178549707
2.9815789473684253e-05,0.00031229999999999984,0.00012706842105263157,677.3262156824429
2.9815789473684253e-05,0.00031229999999999984,0.00015224210526315786,65.92190645545374
2.9815789473684253e-05,0.00031229999999999984,0.00017741578947368417,-370.23237126580966
2.9815789473684253e-05,0.00031229999999999984,0.0002025894736842105,-657.3236568845878
2.9815789473684253e-05,0.00031229999999999984,0.0002277631578947368,-833.6358335695273
2.9815789473684253e-05,0.00031229999999999984,0.0002529368421052631,-931.2080436289997
2.9815789473684253e-05,0.00031229999999999984,0.00027811052631578943,-970.9205608512957
2.9815789473684253e-05,0.00031229999999999984,0.0003032842105263157,-964.3415189833235
2.9815789473684253e-05,0.00031229999999999984,0.000328457894736842,-916.6996692116666
2.9815789473684253e-05,0.00031229999999999984,0.0003536315789473683,-828.8021740232845
2.9815789473684253e-05,0.00031229999999999984,0.00037880526315789463,-699.1500664664776
2.9815789473684253e-05,0.00031229999999999984,0.00040397894736842095,-528.904531808345
2.9815789473684253e-05,0.00031229999999999984,0.00042915263157894726,-327.8979350277641
2.9815789473684253e-05,0.00031229999999999984,0.0004543263157894736,-113.92644403346709
2.9815789473684253e-05,0.00031229999999999984,0.0004794999999999999,94.91988942655537
2.9815789473684253e-05,0.0003378999999999998,2.6373684210526337e-05,2917.6106667815957
2.9815789473684253e-05,0.0003378999999999998,5.1547368421052644e-05,2234.0740209688975
2.9815789473684253e-05,0.0003378999999999998,7.672105263157894e-05,1416.0295721810849
2.9815789473684253e-05,0.0003378999999999998,0.00010189473684210526,514.5601566634086
2.9815789473684253e-05,0.0003378999999999998,0.00012706842105263157,-305.1692083927175
2.9815789473684253e-05,0.0003378999999999998,0.00015224210526315786,-905.0960112222317
2.9815789473684253e-05,0.0003378999999999998,0.0003536315789473683,-1055.8975183675657
2.9815789473684253e-05,0.0003378999999999998,0.00037880526315789463,-861.7817378954994
2.9815789473684253e-05,0.0003378999999999998,0.00040397894736842095,-638.6120435614125
2.9815789473684253e-05,0.0003378999999999998,0.00042915263157894726,-396.58696162373474
2.9815789473684253e-05,0.0003378999999999998,0.0004543263157894736,-152.21826916112863
2.9815789473684253e-05,0.0003378999999999998,0.0004794999999999999,78.110877846548
2.9815789473684253e-05,0.00036349999999999984,2.6373684210526337e-05,2651.9182908817093
2.9815789473684253e-05,0.00036349999999999984,5.1547368421052644e-05,1576.0039561720848
2.9815789473684253e-05,0.00036349999999999984,7.672105263157894e-05,358.9559581892896
2.9815789473684253e-05,0.00036349999999999984,0.00010189473684210526,-807.541493752995
2.9815789473684253e-05,0.00036349999999999984,0.00037880526315789463,-1016.3718116751241
2.9815789473684253e-05,0.00036349999999999984,0.00040397894736842095,-737.9826728849825
2.9815789473684253e-05,0.00036349999999999984,0.00042915263157894726,-455.1721123633498
2.9815789473684253e-05,0.00036349999999999984,0.0004543263157894736,-182.4801927667251
2.9815789473684253e-05,0.00036349999999999984,0.0004794999999999999,66.29262684364497
2.9815789473684253e-05,0.0003890999999999998,2.6373684210526337e-05,2355.3152293660332
2.9815789473684253e-05,0.0003890999999999998,5.1547368421052644e-05,782.400292606986
2.9815789473684253e-05,0.0003890999999999998,7.672105263157894e-05,-955.0069508205876
2.9815789473684253e-05,0.0003890999999999998,0.00040397894736842095,-840.8267721587307
2.9815789473684253e-05,0.0003890999999999998,0.00042915263157894726,-519.2809077983827
2.9815789473684253e-05,0.0003890999999999998,0.0004543263157894736,-220.20235558062734
2.9815789473684253e-05,0.0003890999999999998,0.0004794999999999999,45.20513403841297
2.9815789473684253e-05,0.0004146999999999998,2.6373684210526337e-05,2040.520407267435
2.9815789473684253e-05,0.0004146999999999998,5.1547368421052644e-05,-90.24392311546299
2.9815789473684253e-05,0.0004146999999999998,0.00040397894736842095,-956.3200092031684
2.9815789473684253e-05,0.0004146999999999998,0.00042915263157894726,-600.8921091344966
2.9815789473684253e-05,0.0004146999999999998,0.0004543263157894736,-278.4054825605101
2.9815789473684253e-05,0.0004146999999999998,0.0004794999999999999,2.213152651234327
2.9815789473684253e-05,0.00044029999999999975,2.6373684210526337e-05,1450.8672801610253
2.9815789473684253e-05,0.00044029999999999975,5.1547368421052644e-05,-963.8399475933086
2.9815789473684253e-05,0.00044029999999999975,0.00040397894736842095,-1086.9946688965622
2.9815789473684253e-05,0.00044029999999999975,0.00042915263157894726,-705.3071806880354
2.9815789473684253e-05,0.00044029999999999975,0.0004543263157894736,-363.97438879538737
2.9815789473684253e-05,0.00044029999999999975,0.0004794999999999999,-69.99578405282391
2.9815789473684253e-05,0.0004658999999999997,1.2000000000000292e-06,2085.9108221406364
2.9815789473684253e-05,0.0004658999999999997,2.6373684210526337e-05,472.12514667253816
2.9815789473684253e-05,0.0004658999999999997,0.00042915263157894726,-830.5163683461453
2.9815789473684253e-05,0.0004658999999999997,0.0004543263157894736,-476.1751138051043
2.9815789473684253e-05,0.0004658999999999997,0.0004794999999999999,-171.5027163000542
2.9815789473684253e-05,0.0004914999999999997,1.2000000000000292e-06,973.2231036153862
2.9815789473684253e-05,0.0004914999999999997,2.6373684210526337e-05,-424.29240041090344
2.9815789473684253e-05,0.0004914999999999997,0.00042915263157894726,-968.721338462049
2.9815789473684253e-05,0.0004914999999999997,0.0004543263157894736,-607.7669359253816
2.9815789473684253e-05,0.0004914999999999997,0.0004794999999999999,-295.87331416145315
5.5331578947368456e-05,5.10000000000007e-06,1.2000000000000292e-06,1795.607562296132
5.5331578947368456e-05,5.10000000000007e-06,2.6373684210526337e-05,1757.977371060588
5.5331578947368456e-05,5.10000000000007e-06,5.1547368421052644e-05,1755.9018353454235
5.5331578947368456e-05,5.10000000000007e-06,7.672105263157894e-05,1797.4236940030125
5.5331578947368456e-05,5.10000000000007e-06,0.00010189473684210526,1860.4368268359908
5.5331578947368456e-05,5.10000000000007e-06,0.00012706842105263157,1911.754493644488
5.5331578947368456e-05,5.10000000000007e-06,0.00015224210526315786,1928.8311328326738
5.5331578947368456e-05,5.10000000000007e-06,0.00017741578947368417,1901.517690992936
5.5331578947368456e-05,5.10000000000007e-06,0.0002025894736842105,1829.0903103199444
5.5331578947368456e-05,5.10000000000007e-06,0.0002277631578947368,1716.9973271079373
5.5331578947368456e-05,5.10000000000007e-06,0.0002529368421052631,1573.527449048743
5.5331578947368456e-05,5.10000000000007e-06,0.00027811052631578943,1407.0158431263271
5.5331578947368456e-05,5.10000000000007e-06,0.0003032842105263157,1224.0938397731582
5.5331578947368456e-05,5.10000000000007e-06,0.000328457894736842,1029.3159217978048
5.5331578947368456e-05,5.10000000000007e-06,0.0003536315789473683,828.973365413531
5.5331578947368456e-05,5.10000000000007e-06,0.00037880526315789463,723.6106391047359
5.5331578947368456e-05,5.10000000000007e-06,0.00040397894736842095,732.2640533992351
5.5331578947368456e-05,5.10000000000007e-06,0.00042915263157894726,743.025605750637
5.5331578947368456e-05,5.10000000000007e-06,0.0004543263157894736,754.749692324691
5.5331578947368456e-05,5.10000000000007e-06,0.0004794999999999999,771.5842621352244
5.5331578947368456e-05,3.0700000000000055e-05,1.2000000000000292e-06,1700.621867395908
5.5331578947368456e-05,3.0700000000000055e-05,2.6373684210526337e-05,1621.274567672993
5.5331578947368456e-05,3.0700000000000055e-05,5.1547368421052644e-05,1585.2901207137174
5.5331578947368456e-05,3.0700000000000055e-05,7.672105263157894e-05,1638.4446958447086
5.5331578947368456e-05,3.0700000000000055e-05,0.00010189473684210526,1728.0668995819801
5.5331578947368456e-05,3.0700000000000055e-05,0.00012706842105263157,1797.6404908784916
5.5331578947368456e-05,3.0700000000000055e-05,0.00015224210526315786,1825.4884547531406
5.5331578947368456e-05,3.0700000000000055e-05,0.00017741578947368417,1804.5285362415837
5.5331578947368456e-05,3.0700000000000055e-05,0.0002025894736842105,1736.1833730205753
5.5331578947368456e-05,3.0700000000000055e-05,0.0002277631578947368,1627.5853108750398
5.5331578947368456e-05,3.0700000000000055e-05,0.0002529368421052631,1488.69887557112
5.5331578947368456e-05,3.0700000000000055e-05,0.00027811052631578943,1329.7141119093717
5.5331578947368456e-05,3.0700000000000055e-05,0.0003032842105263157,1159.4909884108906
5.5331578947368456e-05,3.0700000000000055e-05,0.000328457894736842,986.5612982877727
5.5331578947368456e-05,3.0700000000000055e-05,0.0003536315789473683,829.2714128540375
5.5331578947368456e-05,3.0700000000000055e-05,0.00037880526315789463,740.5016517409208
5.5331578947368456e-05,3.0700000000000055e-05,0.00040397894736842095,726.0331490302281
5.5331578947368456e-05,3.0700000000000055e-05,0.00042915263157894726,733.3293615880526
5.5331578947368456e-05,3.0700000000000055e-05,0.0004543263157894736,745.9079229547016
5.5331578947368456e-05,3.0700000000000055e-05,0.0004794999999999999,761.1632045827772
5.5331578947368456e-05,5.6300000000000034e-05,1.2000000000000292e-06,1644.7352919403625
5.5331578947368456e-05,5.6300000000000034e-05,2.6373684210526337e-05,1520.6259373091714
5.5331578947368456e-05,5.6300000000000034e-05,5.1547368421052644e-05,1404.7125645804886
5.5331578947368456e-05,5.6300000000000034e-05,7.672105263157894e-05,1502.3414807027186
5.5331578947368456e-05,5.6300000000000034e-05,0.00010189473684210526,1615.7551607721423
5.5331578947368456e-05,5.6300000000000034e-05,0.00012706842105263157,1691.5498497548606
5.5331578947368456e-05,5.6300000000000034e-05,0.00015224210526315786,1721.0439095108577
5.5331578947368456e-05,5.6300000000000034e-05,0.00017741578947368417,1701.1653299182256
5.5331578947368456e-05,5.6300000000000034e-05,0.0002025894736842105,1634.7157992241646
5.5331578947368456e-05,5.6300000000000034e-05,0.0002277631578947368,1529.7137943028013
5.5331578947368456e-05,5.6300000000000034e-05,0.0002529368421052631,1397.5144899717538
5.5331578947368456e-05,5.6300000000000034e-05,0.00027811052631578943,1250.6025842600936
5.5331578947368456e-05,5.6300000000000034e-05,0.0003032842105263157,1100.9712420932683
5.5331578947368456e-05,5.6300000000000034e-05,0.000328457894736842,960.5812166684562
5.5331578947368456e-05,5.6300000000000034e-05,0.0003536315789473683,845.3394472597726
5.5331578947368456e-05,5.6300000000000034e-05,0.00037880526315789463,774.0469065379187
5.5331578947368456e-05,5.6300000000000034e-05,0.00040397894736842095,747.5223002742006
5.5331578947368456e-05,5.6300000000000034e-05,0.00042915263157894726,747.7663219607174
5.5331578947368456e-05,5.6300000000000034e-05,0.0004543263157894736,759.8362583131168
5.5331578947368456e-05,5.6300000000000034e-05,0.0004794999999999999,773.1210806873806
5.5331578947368456e-05,8.190000000000001e-05,1.2000000000000292e-06,1656.6687194643528
5.5331578947368456e-05,8.190000000000001e-05,2.6373684210526337e-05,1532.9431013588942
5.5331578947368456e-05,8.190000000000001e-05,5.1547368421052644e-05,1448.1428579160822
5.5331578947368456e-05,8.190000000000001e-05,7.672105263157894e-05,1482.5960101041012
5.5331578947368456e-05,8.190000000000001e-05,0.00010189473684210526,1558.0770583035765
5.5331578947368456e-05,8.190000000000001e-05,0.00012706842105263157,1612.350538436006
5.5331578947368456e-05,8.190000000000001e-05,0.00015224210526315786,1628.502063552241
5.5331578947368456e-05,8.190000000000001e-05,0.00017741578947368417,1600.9634034889318
5.5331578947368456e-05,8.190000000000001e-05,0.0002025894736842105,1531.0472297296772
5.5331578947368456e-05,8.190000000000001e-05,0.0002277631578947368,1426.0661265066196
5.5331578947368456e-05,8.190000000000001e-05,0.0002529368421052631,1297.9550664780302
5.5331578947368456e-05,8.190000000000001e-05,0.00027811052631578943,1161.188545052169
5.5331578947368456e-05,8.190000000000001e-05,0.0003032842105263157,1030.1115683277449
5.5331578947368456e-05,8.190000000000001e-05,0.000328457894736842,916.5370299344057
5.5331578947368456e-05,8.190000000000001e-05,0.0003536315789473683,829.4960279107424
5.5331578947368456e-05,8.190000000000001e-05,0.00037880526315789463,774.6527318958898
5.5331578947368456e-05,8.190000000000001e-05,0.00040397894736842095,750.8570965128921
5.5331578947368456e-05,8.190000000000001e-05,0.00042915263157894726,751.0355330794649
5.5331578947368456e-05,8.190000000000001e-05,0.0004543263157894736,765.5160227309349
5.5331578947368456e-05,8.190000000000001e-05,0.0004794999999999999,779.6632858511256
5.5331578947368456e-05,0.0001075,1.2000000000000292e-06,1733.9681673331293
5.5331578947368456e-05,0.0001075,2.6373684210526337e-05,1625.6264412805097
5.5331578947368456e-05,0.0001075,5.1547368421052644e-05,1553.4903395525348
5.5331578947368456e-05,0.0001075,7.672105263157894e-05,1537.3091250836062
5.5331578947368456e-05,0.0001075,0.00010189473684210526,1554.0704712822471
5.5331578947368456e-05,0.0001075,0.00012706842105263157,1568.0985716732898
5.5331578947368456e-05,0.0001075,0.00015224210526315786,1557.9740038105494
5.5331578947368456e-05,0.0001075,0.00017741578947368417,1513.5861744445153
5.5331578947368456e-05,0.0001075,0.0002025894736842105,1432.868895677443
5.5331578947368456e-05,0.0001075,0.0002277631578947368,1321.1686021211176
5.5331578947368456e-05,0.0001075,0.0002529368421052631,1190.315757400565
5.5331578947368456e-05,0.0001075,0.00027811052631578943,1056.4666483934118
5.5331578947368456e-05,0.0001075,0.0003032842105263157,936.1205824472944
5.5331578947368456e-05,0.0001075,0.000328457894736842,839.9677990835262
5.5331578947368456e-05,0.0001075,0.0003536315789473683,771.292791026596
5.5331578947368456e-05,0.0001075,0.00037880526315789463,729.6030840030272
5.5331578947368456e-05,0.0001075,0.00040397894736842095,712.367183953455
5.5331578947368456e-05,0.0001075,0.00042915263157894726,715.5562823559117
5.5331578947368456e-05,0.0001075,0.0004543263157894736,732.2819077876966
5.5331578947368456e-05,0.0001075,0.0004794999999999999,749.4713849103248
5.5331578947368456e-05,0.00013309999999999998,1.2000000000000292e-06,1860.3908808512626
5.5331578947368456e-05,0.00013309999999999998,2.6373684210526337e-05,1755.4983708382206
5.5331578947368456e-05,0.00013309999999999998,5.1547368421052644e-05,1673.177496446458
5.5331578947368456e-05,0.00013309999999999998,7.672105263157894e-05,1620.2573500707297
5.5331578947368456e-05,0.00013309999999999998,0.00010189473684210526,1587.8279418463383
5.5331578947368456e-05,0.00013309999999999998,0.00012706842105263157,1558.0328584880874
5.5331578947368456e-05,0.00013309999999999998,0.00015224210526315786,1514.6191042809974
5.5331578947368456e-05,0.00013309999999999998,0.00017741578947368417,1446.08137873443
5.5331578947368456e-05,0.00013309999999999998,0.0002025894736842105,1346.8040771839906
5.5331578947368456e-05,0.00013309999999999998,0.0002277631578947368,1219.9231988710555
5.5331578947368456e-05,0.00013309999999999998,0.0002529368421052631,1077.5921512303792
5.5331578947368456e-05,0.00013309999999999998,0.00027811052631578943,937.5673956760189
5.5331578947368456e-05,0.00013309999999999998,0.0003032842105263157,818.432869405201
5.5331578947368456e-05,0.00013309999999999998,0.000328457894736842,729.8841332613372
5.5331578947368456e-05,0.00013309999999999998,0.0003536315789473683,670.7839054522817
5.5331578947368456e-05,0.00013309999999999998,0.00037880526315789463,637.5097748701057
5.5331578947368456e-05,0.00013309999999999998,0.00040397894736842095,626.6869634822493
5.5331578947368456e-05,0.00013309999999999998,0.00042915263157894726,634.5498435704168
5.5331578947368456e-05,0.00013309999999999998,0.0004543263157894736,655.2607204995606
5.5331578947368456e-05,0.00013309999999999998,0.0004794999999999999,680.0787006418627
5.5331578947368456e-05,0.00015869999999999995,1.2000000000000292e-06,2029.2213120984052
5.5331578947368456e-05,0.00015869999999999995,2.6373684210526337e-05,1919.5241821019176
5.5331578947368456e-05,0.00015869999999999995,5.1547368421052644e-05,1819.0501010580977
5.5331578947368456e-05,0.00015869999999999995,7.672105263157894e-05,1731.4331980100724
5.5331578947368456e-05,0.00015869999999999995,0.00010189473684210526,1653.9289764991822
5.5331578947368456e-05,0.00015869999999999995,0.00012706842105263157,1579.163792216056
5.5331578947368456e-05,0.00015869999999999995,0.00015224210526315786,1498.0988129417358
5.5331578947368456e-05,0.00015869999999999995,0.00017741578947368417,1400.2905702073936
5.5331578947368456e-05,0.00015869999999999995,0.0002025894736842105,1275.1171672515218
5.5331578947368456e-05,0.00015869999999999995,0.0002277631578947368,1123.6291921178722
5.5331578947368456e-05,0.00015869999999999995,0.0002529368421052631,961.7831919271066
5.5331578947368456e-05,0.00015869999999999995,0.00027811052631578943,808.8881982212612
5.5331578947368456e-05,0.00015869999999999995,0.0003032842105263157,682.8587967785597
5.5331578947368456e-05,0.00015869999999999995,0.000328457894736842,592.115008681874
5.5331578947368456e-05,0.00015869999999999995,0.0003536315789473683,534.2865623667501
5.5331578947368456e-05,0.00015869999999999995,0.00037880526315789463,505.17277216847265
5.5331578947368456e-05,0.00015869999999999995,0.00040397894736842095,501.1354815622644
5.5331578947368456e-05,0.00015869999999999995,0.00042915263157894726,517.9268530415177
5.5331578947368456e-05,0.00015869999999999995,0.0004543263157894736,549.7880945109881
5.5331578947368456e-05,0.00015869999999999995,0.0004794999999999999,590.1241997562573
5.5331578947368456e-05,0.00018429999999999995,1.2000000000000292e-06,2239.60722714534
5.5331578947368456e-05,0.00018429999999999995,2.6373684210526337e-05,2121.9968479947925
5.5331578947368456e-05,0.00018429999999999995,5.1547368421052644e-05,2000.0375139455982
5.5331578947368456e-05,0.00018429999999999995,7.672105263157894e-05,1875.771154631299
5.5331578947368456e-05,0.00018429999999999995,0.00010189473684210526,1750.2133754864117
5.5331578947368456e-05,0.00018429999999999995,0.00012706842105263157,1624.352247304811
5.5331578947368456e-05,0.00018429999999999995,0.00015224210526315786,1498.5053308522374
5.5331578947368456e-05,0.00018429999999999995,0.00017741578947368417,1367.7561649529919
5.5331578947368456e-05,0.00018429999999999995,0.0002025894736842105,1210.296833884789
5.5331578947368456e-05,0.00018429999999999995,0.0002277631578947368,1022.7680434317163
5.5331578947368456e-05,0.00018429999999999995,0.0002529368421052631,835.5617407392273
5.5331578947368456e-05,0.00018429999999999995,0.00027811052631578943,666.7882786556446
5.5331578947368456e-05,0.00018429999999999995,0.0003032842105263157,529.4436473894718
5.5331578947368456e-05,0.00018429999999999995,0.000328457894736842,430.1513268764078
5.5331578947368456e-05,0.00018429999999999995,0.0003536315789473683,368.52552387124626
5.5331578947368456e-05,0.00018429999999999995,0.00037880526315789463,342.0120694862662
5.5331578947368456e-05,0.00018429999999999995,0.00040397894736842095,347.3668370852368
5.5331578947368456e-05,0.00018429999999999995,0.00042915263157894726,379.47551155761727
5.5331578947368456e-05,0.00018429999999999995,0.0004543263157894736,431.10950938686017
5.5331578947368456e-05,0.00018429999999999995,0.0004794999999999999,494.5919526266502
5.5331578947368456e-05,0.00020989999999999992,1.2000000000000292e-06,2488.613219881682
5.5331578947368456e-05,0.00020989999999999992,2.6373684210526337e-05,2362.5617166889765
5.5331578947368456e-05,0.00020989999999999992,5.1547368421052644e-05,2217.131750888056
5.5331578947368456e-05,0.00020989999999999992,7.672105263157894e-05,2051.322160963792
5.5331578947368456e-05,0.00020989999999999992,0.00010189473684210526,1868.010651342886
5.5331578947368456e-05,0.00020989999999999992,0.00012706842105263157,1676.7121347452503
5.5331578947368456e-05,0.00020989999999999992,0.00015224210526315786,1489.3913667678698
5.5331578947368456e-05,0.00020989999999999992,0.00017741578947368417,1311.432596525196
5.5331578947368456e-05,0.00020989999999999992,0.0002025894736842105,1114.788358797288
5.5331578947368456e-05,0.00020989999999999992,0.0002277631578947368,890.0670123302546
5.5331578947368456e-05,0.00020989999999999992,0.0002529368421052631,680.128616205689
5.5331578947368456e-05,0.00020989999999999992,0.00027811052631578943,497.2005110322481
5.5331578947368456e-05,0.00020989999999999992,0.0003032842105263157,349.51757750002105
5.5331578947368456e-05,0.00020989999999999992,0.000328457894736842,242.37535801011114
5.5331578947368456e-05,0.00020989999999999992,0.0003536315789473683,177.8359160575166
5.5331578947368456e-05,0.00020989999999999992,0.00037880526315789463,156.37171284181602
5.5331578947368456e-05,0.00020989999999999992,0.00040397894736842095,176.28157505151563
5.5331578947368456e-05,0.00020989999999999992,0.00042915263157894726,231.33884722712241
5.5331578947368456e-05,0.00020989999999999992,0.0004543263157894736,310.99299360695187
5.5331578947368456e-05,0.00020989999999999992,0.0004794999999999999,403.9473222257241
5.5331578947368456e-05,0.0002354999999999999,1.2000000000000292e-06,2765.497225957315
5.5331578947368456e-05,0.0002354999999999999,2.6373684210526337e-05,2629.55943543954
5.5331578947368456e-05,0.0002354999999999999,5.1547368421052644e-05,2457.5285640025795
5.5331578947368456e-05,0.0002354999999999999,7.672105263157894e-05,2241.9187415772785
5.5331578947368456e-05,0.0002354999999999999,0.00010189473684210526,1984.628742840795
5.5331578947368456e-05,0.0002354999999999999,0.00012706842105263157,1706.2479620226989
5.5331578947368456e-05,0.0002354999999999999,0.00015224210526315786,1433.96561652832
5.5331578947368456e-05,0.0002354999999999999,0.00017741578947368417,1180.66223511472
5.5331578947368456e-05,0.0002354999999999999,0.0002025894736842105,935.8512511246375
5.5331578947368456e-05,0.0002354999999999999,0.0002277631578947368,695.1542314267828
5.5331578947368456e-05,0.0002354999999999999,0.0002529368421052631,474.8515083092159
5.5331578947368456e-05,0.0002354999999999999,0.00027811052631578943,286.12418024438125
5.5331578947368456e-05,0.0002354999999999999,0.0003032842105263157,135.6602023112383
5.5331578947368456e-05,0.0002354999999999999,0.000328457894736842,27.99551908492054
5.5331578947368456e-05,0.0002354999999999999,0.0003536315789473683,-33.05447592314155
5.5331578947368456e-05,0.0002354999999999999,0.00037880526315789463,-43.34186301267086
5.5331578947368456e-05,0.0002354999999999999,0.00040397894736842095,-1.5096145600586524
5.5331578947368456e-05,0.0002354999999999999,0.00042915263157894726,84.98478469340218
5.5331578947368456e-05,0.0002354999999999999,0.0004543263157894736,200.1880272627978
5.5331578947368456e-05,0.0002354999999999999,0.0004794999999999999,327.30241878398624
5.5331578947368456e-05,0.0002610999999999999,1.2000000000000292e-06,3048.4802271312956
5.5331578947368456e-05,0.0002610999999999999,2.6373684210526337e-05,2894.058453029211
5.5331578947368456e-05,0.0002610999999999999,5.1547368421052644e-05,2685.9470133798086
5.5331578947368456e-05,0.0002610999999999999,7.672105263157894e-05,2406.68109393286
5.5331578947368456e-05,0.0002610999999999999,0.00010189473684210526,2052.984017493492
5.5331578947368456e-05,0.0002610999999999999,0.00012706842105263157,1663.624227868372
5.5331578947368456e-05,0.0002610999999999999,0.00015224210526315786,1290.838074699246
5.5331578947368456e-05,0.0002610999999999999,0.00017741578947368417,961.1249309936774
5.5331578947368456e-05,0.0002610999999999999,0.0002025894736842105,673.7621601529158
5.5331578947368456e-05,0.0002610999999999999,0.0002277631578947368,421.3417523964573
5.5331578947368456e-05,0.0002610999999999999,0.0002529368421052631,203.394429479221
5.5331578947368456e-05,0.0002610999999999999,0.00027811052631578943,23.482096984057506
5.5331578947368456e-05,0.0002610999999999999,0.0003032842105263157,-114.93618854847503
5.5331578947368456e-05,0.0002610999999999999,0.000328457894736842,-209.09526916544297
5.5331578947368456e-05,0.0002610999999999999,0.0003536315789473683,-254.76292557526315
5.5331578947368456e-05,0.0002610999999999999,0.00037880526315789463,-244.21778224123852
5.5331578947368456e-05,0.0002610999999999999,0.00040397894736842095,-171.58447214061786
5.5331578947368456e-05,0.0002610999999999999,0.00042915263157894726,-45.5923091018256
5.5331578947368456e-05,0.0002610999999999999,0.0004543263157894736,110.46321672156088
5.5331578947368456e-05,0.0002610999999999999,0.0004794999999999999,273.47963035628516
5.5331578947368456e-05,0.00028669999999999987,2.6373684210526337e-05,3107.4904211402236
5.5331578947368456e-05,0.00028669999999999987,5.1547368421052644e-05,2833.8553822908398
5.5331578947368456e-05,0.00028669999999999987,7.672105263157894e-05,2462.712705550263
5.5331578947368456e-05,0.00028669999999999987,0.00010189473684210526,1985.8590457474936
5.5331578947368456e-05,0.00028669999999999987,0.00012706842105263157,1469.3915629837327
5.5331578947368456e-05,0.00028669999999999987,0.00015224210526315786,996.7445844035805
5.5331578947368456e-05,0.00028669999999999987,0.00017741578947368417,605.2833023117248
5.5331578947368456e-05,0.00028669999999999987,0.0002025894736842105,293.63997851590466
5.5331578947368456e-05,0.00028669999999999987,0.0002277631578947368,46.366915330400346
5.5331578947368456e-05,0.00028669999999999987,0.0002529368421052631,-148.90490582440268
5.5331578947368456e-05,0.00028669999999999987,0.00027811052631578943,-297.5833868013821
5.5331578947368456e-05,0.00028669999999999987,0.0003032842105263157,-401.427607085232
5.5331578947368456e-05,0.00028669999999999987,0.000328457894736842,-460.6141239827653
5.5331578947368456e-05,0.00028669999999999987,0.0003536315789473683,-471.8939040367615
5.5331578947368456e-05,0.00028669999999999987,0.00037880526315789463,-425.71245324814447
5.5331578947368456e-05,0.00028669999999999987,0.00040397894736842095,-312.65462243982716
5.5331578947368456e-05,0.00028669999999999987,0.00042915263157894726,-142.81585752802658
5.5331578947368456e-05,0.00028669999999999987,0.0004543263157894736,53.901454507538354
5.5331578947368456e-05,0.00028669999999999987,0.0004794999999999999,249.71044897830515
5.5331578947368456e-05,0.00031229999999999984,5.1547368421052644e-05,2808.9703250500816
5.5331578947368456e-05,0.00031229999999999984,7.672105263157894e-05,2285.6504446129743
5.5331578947368456e-05,0.00031229999999999984,0.00010189473684210526,1658.9587197696012
5.5331578947368456e-05,0.00031229999999999984,0.00012706842105263157,1021.2244058783082
5.5331578947368456e-05,0.00031229999999999984,0.00015224210526315786,473.64176504860734
5.5331578947368456e-05,0.00031229999999999984,0.00017741578947368417,55.185030059299876
5.5331578947368456e-05,0.00031229999999999984,0.0002025894736842105,-244.08061172733494
5.5331578947368456e-05,0.00031229999999999984,0.0002277631578947368,-451.85286857702954
5.5331578947368456e-05,0.00031229999999999984,0.0002529368421052631,-592.3269458894947
5.5331578947368456e-05,0.00031229999999999984,0.00027811052631578943,-679.7004391900786
5.5331578947368456e-05,0.00031229999999999984,0.0003032842105263157,-720.879604551393
5.5331578947368456e-05,0.00031229999999999984,0.000328457894736842,-718.5452720220381
5.5331578947368456e-05,0.00031229999999999984,0.0003536315789473683,-670.7257701387849
5.5331578947368456e-05,0.00031229999999999984,0.00037880526315789463,-569.1778535118291
5.5331578947368456e-05,0.00031229999999999984,0.00040397894736842095,-406.38581700840086
5.5331578947368456e-05,0.00031229999999999984,0.00042915263157894726,-194.1287523261401
5.5331578947368456e-05,0.00031229999999999984,0.0004543263157894736,36.69633239981274
5.5331578947368456e-05,0.00031229999999999984,0.0004794999999999999,257.7049674216463
5.5331578947368456e-05,0.0003378999999999998,2.6373684210526337e-05,3196.4623592398602
5.5331578947368456e-05,0.0003378999999999998,5.1547368421052644e-05,2558.6686070092246
5.5331578947368456e-05,0.0003378999999999998,7.672105263157894e-05,1792.9490987809638
5.5331578947368456e-05,0.0003378999999999998,0.00010189473684210526,976.2666367348214
5.5331578947368456e-05,0.0003378999999999998,0.00012706842105263157,229.21411423792236
5.5331578947368456e-05,0.0003378999999999998,0.00015224210526315786,-348.18997712910897
5.5331578947368456e-05,0.0003378999999999998,0.00017741578947368417,-733.6731043501418
5.5331578947368456e-05,0.0003378999999999998,0.0002025894736842105,-961.6310335697987
5.5331578947368456e-05,0.0003378999999999998,0.0002277631578947368,-1079.8889391699454
5.5331578947368456e-05,0.0003378999999999998,0.0002529368421052631,-1125.1399382930792
5.5331578947368456e-05,0.0003378999999999998,0.00027811052631578943,-1118.3144327914429
5.5331578947368456e-05,0.0003378999999999998,0.0003032842105263157,-1069.12644129816
5.5331578947368456e-05,0.0003378999999999998,0.000328457894736842,-980.8753503897055
5.5331578947368456e-05,0.0003378999999999998,0.0003536315789473683,-852.3175817953194
5.5331578947368456e-05,0.0003378999999999998,0.00037880526315789463,-678.8379236037885
5.5331578947368456e-05,0.0003378999999999998,0.00040397894736842095,-459.1584673185276
5.5331578947368456e-05,0.0003378999999999998,0.00042915263157894726,-206.82175247051492
5.5331578947368456e-05,0.0003378999999999998,0.0004543263157894736,51.1761696788675
5.5331578947368456e-05,0.0003378999999999998,0.0004794999999999999,289.6017502774852
5.5331578947368456e-05,0.00036349999999999984,2.6373684210526337e-05,3072.787853832456
5.5331578947368456e-05,0.00036349999999999984,5.1547368421052644e-05,2094.4357130019043
5.5331578947368456e-05,0.00036349999999999984,7.672105263157894e-05,975.576937870792
5.5331578947368456e-05,0.00036349999999999984,0.00010189473684210526,-110.27360893483886
5.5331578947368456e-05,0.00036349999999999984,0.00012706842105263157,-974.8137222116309
5.5331578947368456e-05,0.00036349999999999984,0.0003536315789473683,-1030.1051738181488
5.5331578947368456e-05,0.00036349999999999984,0.00037880526315789463,-778.2324856043147
5.5331578947368456e-05,0.00036349999999999984,0.00040397894736842095,-498.5964767927948
5.5331578947368456e-05,0.00036349999999999984,0.00042915263157894726,-206.0236724802322
5.5331578947368456e-05,0.00036349999999999984,0.0004543263157894736,76.54141363454075
5.5331578947368456e-05,0.00036349999999999984,0.0004794999999999999,328.1408726710224
5.5331578947368456e-05,0.0003890999999999998,2.6373684210526337e-05,2891.931848364337
5.5331578947368456e-05,0.0003890999999999998,5.1547368421052644e-05,1441.2929483297996
5.5331578947368456e-05,0.0003890999999999998,7.672105263157894e-05,-170.4110096947705
5.5331578947368456e-05,0.0003890999999999998,0.00037880526315789463,-888.2948505637446
5.5331578947368456e-05,0.0003890999999999998,0.00040397894736842095,-550.9822598809576
5.5331578947368456e-05,0.0003890999999999998,0.00042915263157894726,-218.88931075708237
5.5331578947368456e-05,0.0003890999999999998,0.0004543263157894736,87.69252366502286
5.5331578947368456e-05,0.0003890999999999998,0.0004794999999999999,351.4181382293872
5.5331578947368456e-05,0.0004146999999999998,2.6373684210526337e-05,2656.8103033488
5.5331578947368456e-05,0.0004146999999999998,5.1547368421052644e-05,631.0128055936781
5.5331578947368456e-05,0.0004146999999999998,0.00037880526315789463,-1019.1528794340041
5.5331578947368456e-05,0.0004146999999999998,0.00040397894736842095,-632.1912243278399
5.5331578947368456e-05,0.0004146999999999998,0.00042915263157894726,-265.2374386066102
5.5331578947368456e-05,0.0004146999999999998,0.0004543263157894736,63.429632914254555
5.5331578947368456e-05,0.0004146999999999998,0.0004794999999999999,339.32494807167296
5.5331578947368456e-05,0.00044029999999999975,2.6373684210526337e-05,2067.3297488936173
5.5331578947368456e-05,0.00044029999999999975,5.1547368421052644e-05,-273.8895228018898
5.5331578947368456e-05,0.00044029999999999975,0.00040397894736842095,-747.2578867760451
5.5331578947368456e-05,0.00044029999999999975,0.00042915263157894726,-354.11476059993777
5.5331578947368456e-05,0.00044029999999999975,0.0004543263157894736,-7.764864985758351
5.5331578947368456e-05,0.00044029999999999975,0.0004794999999999999,279.899403849104
5.5331578947368456e-05,0.0004658999999999997,1.2000000000000292e-06,2521.4951683575646
5.5331578947368456e-05,0.0004658999999999997,2.6373684210526337e-05,977.0170249932244
5.5331578947368456e-05,0.0004658999999999997,5.1547368421052644e-05,-1120.4731686643038
5.5331578947368456e-05,0.0004658999999999997,0.00040397894736842095,-891.1660506822657
5.5331578947368456e-05,0.0004658999999999997,0.00042915263157894726,-482.553785826964
5.5331578947368456e-05,0.0004658999999999997,0.0004543263157894736,-124.59695848659888
5.5331578947368456e-05,0.0004658999999999997,0.0004794999999999999,173.31178543935354
5.5331578947368456e-05,0.0004914999999999997,1.2000000000000292e-06,1304.1578197861982
5.5331578947368456e-05,0.0004914999999999997,2.6373684210526337e-05,-33.69190572418989
5.5331578947368456e-05,0.0004914999999999997,0.00040397894736842095,-1051.5492679108522
5.5331578947368456e-05,0.0004914999999999997,0.00042915263157894726,-637.9707808430371
5.5331578947368456e-05,0.0004914999999999997,0.0004543263157894736,-274.8676678653107
5.5331578947368456e-05,0.0004914999999999997,0.0004794999999999999,30.557056550451314
8.084736842105267e-05,5.10000000000007e-06,1.2000000000000292e-06,1800.1985379163184
8.084736842105267e-05,5.10000000000007e-06,2.6373684210526337e-05,1793.7293713118427
8.084736842105267e-05,5.10000000000007e-06,5.1547368421052644e-05,1827.0191045869337
8.084736842105267e-05,5.10000000000007e-06,7.672105263157894e-05,1903.8605007242202
8.084736842105267e-05,5.10000000000007e-06,0.00010189473684210526,1999.6493028874193
8.084736842105267e-05,5.10000000000007e-06,0.00012706842105263157,2077.8745972484444
8.084736842105267e-05,5.10000000000007e-06,0.00015224210526315786,2111.585827366276
8.084736842105267e-05,5.10000000000007e-06,0.00017741578947368417,2088.6268696149077
8.084736842105267e-05,5.10000000000007e-06,0.0002025894736842105,2010.0927565166394
8.084736842105267e-05,5.10000000000007e-06,0.0002277631578947368,1885.6472599361489
8.084736842105267e-05,5.10000000000007e-06,0.0002529368421052631,1727.9541126471024
8.084736842105267e-05,5.10000000000007e-06,0.00027811052631578943,1548.7160827909843
8.084736842105267e-05,5.10000000000007e-06,0.0003032842105263157,1357.2609831246239
8.084736842105267e-05,5.10000000000007e-06,0.000328457894736842,1162.4919835130074
8.084736842105267e-05,5.10000000000007e-06,0.0003536315789473683,982.5013920420721
8.084736842105267e-05,5.10000000000007e-06,0.00037880526315789463,856.5503484926597
8.084736842105267e-05,5.10000000000007e-06,0.00040397894736842095,789.2483049166375
8.084736842105267e-05,5.10000000000007e-06,0.00042915263157894726,745.8569349945011
8.084736842105267e-05,5.10000000000007e-06,0.0004543263157894736,716.8376020921899
8.084736842105267e-05,5.10000000000007e-06,0.0004794999999999999,707.6344677160753
8.084736842105267e-05,3.0700000000000055e-05,1.2000000000000292e-06,1689.5318810056629
8.084736842105267e-05,3.0700000000000055e-05,2.6373684210526337e-05,1645.3717577998452
8.084736842105267e-05,3.0700000000000055e-05,5.1547368421052644e-05,1650.46602829694
8.084736842105267e-05,3.0700000000000055e-05,7.672105263157894e-05,1734.5334717378462
8.084736842105267e-05,3.0700000000000055e-05,0.00010189473684210526,1852.6355767755028
8.084736842105267e-05,3.0700000000000055e-05,0.00012706842105263157,1948.851592910062
8.084736842105267e-05,3.0700000000000055e-05,0.00015224210526315786,1994.9528183843768
8.084736842105267e-05,3.0700000000000055e-05,0.00017741578947368417,1980.6480160896883
8.084736842105267e-05,3.0700000000000055e-05,0.0002025894736842105,1908.6651603120843
8.084736842105267e-05,3.0700000000000055e-05,0.0002277631578947368,1790.1709691814754
8.084736842105267e-05,3.0700000000000055e-05,0.0002529368421052631,1639.4954265343342
8.084736842105267e-05,3.0700000000000055e-05,0.00027811052631578943,1470.1976547441873
8.084736842105267e-05,3.0700000000000055e-05,0.0003032842105263157,1293.3721710268026
8.084736842105267e-05,3.0700000000000055e-05,0.000328457894736842,1119.057820465406
8.084736842105267e-05,3.0700000000000055e-05,0.0003536315789473683,963.1929911178793
8.084736842105267e-05,3.0700000000000055e-05,0.00037880526315789463,851.0914575558093
8.084736842105267e-05,3.0700000000000055e-05,0.00040397894736842095,783.6826627613406
8.084736842105267e-05,3.0700000000000055e-05,0.00042915263157894726,737.375489542197
8.084736842105267e-05,3.0700000000000055e-05,0.0004543263157894736,704.187389280041
8.084736842105267e-05,3.0700000000000055e-05,0.0004794999999999999,688.9529758482894
8.084736842105267e-05,5.6300000000000034e-05,1.2000000000000292e-06,1611.0807348065812
8.084736842105267e-05,5.6300000000000034e-05,2.6373684210526337e-05,1527.0425552087033
8.084736842105267e-05,5.6300000000000034e-05,5.1547368421052644e-05,1488.8091627662423
8.084736842105267e-05,5.6300000000000034e-05,7.672105263157894e-05,1579.3934407186173
8.084736842105267e-05,5.6300000000000034e-05,0.00010189473684210526,1710.160692235437
8.084736842105267e-05,5.6300000000000034e-05,0.00012706842105263157,1811.5464896379485
8.084736842105267e-05,5.6300000000000034e-05,0.00015224210526315786,1861.5194913548178
8.084736842105267e-05,5.6300000000000034e-05,0.00017741578947368417,1852.3960745514876
8.084736842105267e-05,5.6300000000000034e-05,0.0002025894736842105,1787.279772995257
8.084736842105267e-05,5.6300000000000034e-05,0.0002277631578947368,1677.3130743064428
8.084736842105267e-05,5.6300000000000034e-05,0.0002529368421052631,1537.6644236752509
8.084736842105267e-05,5.6300000000000034e-05,0.00027811052631578943,1383.9967174318024
8.084736842105267e-05,5.6300000000000034e-05,0.0003032842105263157,1230.059643625812
8.084736842105267e-05,5.6300000000000034e-05,0.000328457894736842,1086.9873919055997
8.084736842105267e-05,5.6300000000000034e-05,0.0003536315789473683,965.0689171588991
8.084736842105267e-05,5.6300000000000034e-05,0.00037880526315789463,872.5198180125681
8.084736842105267e-05,5.6300000000000034e-05,0.00040397894736842095,806.2546390956824
8.084736842105267e-05,5.6300000000000034e-05,0.00042915263157894726,755.888059310669
8.084736842105267e-05,5.6300000000000034e-05,0.0004543263157894736,718.220499023662
8.084736842105267e-05,5.6300000000000034e-05,0.0004794999999999999,696.9113606486269
8.084736842105267e-05,8.190000000000001e-05,1.2000000000000292e-06,1591.9379820409579
8.084736842105267e-05,8.190000000000001e-05,2.6373684210526337e-05,1498.3204755729153
8.084736842105267e-05,8.190000000000001e-05,5.1547368421052644e-05,1453.932715893668
8.084736842105267e-05,8.190000000000001e-05,7.672105263157894e-05,1508.481467015114
8.084736842105267e-05,8.190000000000001e-05,0.00010189473684210526,1606.5662063879988
8.084736842105267e-05,8.190000000000001e-05,0.00012706842105263157,1688.2609658077085
8.084736842105267e-05,8.190000000000001e-05,0.00015224210526315786,1728.5922086342975
8.084736842105267e-05,8.190000000000001e-05,0.00017741578947368417,1717.6218630211795
8.084736842105267e-05,8.190000000000001e-05,0.0002025894736842105,1655.9144332983797
8.084736842105267e-05,8.190000000000001e-05,0.0002277631578947368,1552.5118140944721
8.084736842105267e-05,8.190000000000001e-05,0.0002529368421052631,1422.1836395130033
8.084736842105267e-05,8.190000000000001e-05,0.00027811052631578943,1282.5306814701707
8.084736842105267e-05,8.190000000000001e-05,0.0003032842105263157,1150.2629109736354
8.084736842105267e-05,8.190000000000001e-05,0.000328457894736842,1036.3108271470799
8.084736842105267e-05,8.190000000000001e-05,0.0003536315789473683,944.3329264943635
8.084736842105267e-05,8.190000000000001e-05,0.00037880526315789463,872.4248683762208
8.084736842105267e-05,8.190000000000001e-05,0.00040397894736842095,814.6959846623821
8.084736842105267e-05,8.190000000000001e-05,0.00042915263157894726,766.6588120724485
8.084736842105267e-05,8.190000000000001e-05,0.0004543263157894736,729.4294589894723
8.084736842105267e-05,8.190000000000001e-05,0.0004794999999999999,706.5174100776135
8.084736842105267e-05,0.0001075,1.2000000000000292e-06,1633.7415247854883
8.084736842105267e-05,0.0001075,2.6373684210526337e-05,1542.7833592893303
8.084736842105267e-05,0.0001075,5.1547368421052644e-05,1494.1353704241742
8.084736842105267e-05,0.0001075,7.672105263157894e-05,1503.6652189884305
8.084736842105267e-05,0.0001075,0.00010189473684210526,1549.245756833948
8.084736842105267e-05,0.0001075,0.00012706842105263157,1594.476280361885
8.084736842105267e-05,0.0001075,0.00015224210526315786,1613.6758679231334
8.084736842105267e-05,0.0001075,0.00017741578947368417,1592.8656037610995
8.084736842105267e-05,0.0001075,0.0002025894736842105,1528.1931368810617
8.084736842105267e-05,0.0001075,0.0002277631578947368,1425.0648746453112
8.084736842105267e-05,0.0001075,0.0002529368421052631,1296.6060774229638
8.084736842105267e-05,0.0001075,0.00027811052631578943,1162.080736198667
8.084736842105267e-05,0.0001075,0.0003032842105263157,1043.1881843337694
8.084736842105267e-05,0.0001075,0.000328457894736842,950.7174341804057
8.084736842105267e-05,0.0001075,0.0003536315789473683,880.8925865426902
8.084736842105267e-05,0.0001075,0.00037880526315789463,826.2997791104492
8.084736842105267e-05,0.0001075,0.00040397894736842095,780.3596751328092
8.084736842105267e-05,0.0001075,0.00042915263157894726,740.9468746437061
8.084736842105267e-05,0.0001075,0.0004543263157894736,710.9738623991661
8.084736842105267e-05,0.0001075,0.0004794999999999999,694.036453516516
8.084736842105267e-05,0.00013309999999999998,1.2000000000000292e-06,1726.3563003740114
8.084736842105267e-05,0.00013309999999999998,2.6373684210526337e-05,1629.9829783275673
8.084736842105267e-05,0.00013309999999999998,5.1547368421052644e-05,1563.6500591542547
8.084736842105267e-05,0.00013309999999999998,7.672105263157894e-05,1534.4079182712367
8.084736842105267e-05,0.00013309999999999998,0.00010189473684210526,1532.7421596137717
8.084736842105267e-05,0.00013309999999999998,0.00012706842105263157,1538.216248408885
8.084736842105267e-05,0.00013309999999999998,0.00015224210526315786,1530.093637814724
8.084736842105267e-05,0.00013309999999999998,0.00017741578947368417,1492.5507205772487
8.084736842105267e-05,0.00013309999999999998,0.0002025894736842105,1417.3300103059953
8.084736842105267e-05,0.00013309999999999998,0.0002277631578947368,1305.9838180150578
8.084736842105267e-05,0.00013309999999999998,0.0002529368421052631,1169.5527024780358
8.084736842105267e-05,0.00013309999999999998,0.00027811052631578943,1027.6000821546256
8.084736842105267e-05,0.00013309999999999998,0.0003032842105263157,910.5761281975033
8.084736842105267e-05,0.00013309999999999998,0.000328457894736842,830.5020131210013
8.084736842105267e-05,0.00013309999999999998,0.0003536315789473683,773.0088048042799
8.084736842105267e-05,0.00013309999999999998,0.00037880526315789463,729.5064434302507
8.084736842105267e-05,0.00013309999999999998,0.00040397894736842095,695.2669279103823
8.084736842105267e-05,0.00013309999999999998,0.00042915263157894726,669.2206734540924
8.084736842105267e-05,0.00013309999999999998,0.0004543263157894736,653.7402853393812
8.084736842105267e-05,0.00013309999999999998,0.0004794999999999999,651.5871640708486
8.084736842105267e-05,0.00015869999999999995,1.2000000000000292e-06,1867.7634348123224
8.084736842105267e-05,0.00015869999999999995,2.6373684210526337e-05,1760.0039319714485
8.084736842105267e-05,0.00015869999999999995,5.1547368421052644e-05,1670.354870159066
8.084736842105267e-05,0.00015869999999999995,7.672105263157894e-05,1604.5233027227373
8.084736842105267e-05,0.00015869999999999995,0.00010189473684210526,1559.6298763418413
8.084736842105267e-05,0.00015869999999999995,0.00012706842105263157,1524.8841387318043
8.084736842105267e-05,0.00015869999999999995,0.00015224210526315786,1485.2708784005176
8.084736842105267e-05,0.00015869999999999995,0.00017741578947368417,1424.8780318078382
8.084736842105267e-05,0.00015869999999999995,0.0002025894736842105,1331.2306538742828
8.084736842105267e-05,0.00015869999999999995,0.0002277631578947368,1203.0341482892345
8.084736842105267e-05,0.00015869999999999995,0.0002529368421052631,1051.906932363517
8.084736842105267e-05,0.00015869999999999995,0.00027811052631578943,898.034190455012
8.084736842105267e-05,0.00015869999999999995,0.0003032842105263157,772.9861860914602
8.084736842105267e-05,0.00015869999999999995,0.000328457894736842,688.9655388093548
8.084736842105267e-05,0.00015869999999999995,0.0003536315789473683,630.7353556038876
8.084736842105267e-05,0.00015869999999999995,0.00037880526315789463,591.4546016273879
8.084736842105267e-05,0.00015869999999999995,0.00040397894736842095,568.2304253745906
8.084736842105267e-05,0.00015869999999999995,0.00042915263157894726,559.7644508462276
8.084736842105267e-05,0.00015869999999999995,0.0004543263157894736,565.9994919619352
8.084736842105267e-05,0.00015869999999999995,0.0004794999999999999,586.9981435491549
8.084736842105267e-05,0.00018429999999999995,1.2000000000000292e-06,2061.4214505950195
8.084736842105267e-05,0.00018429999999999995,2.6373684210526337e-05,1941.3060100835467
8.084736842105267e-05,0.00018429999999999995,5.1547368421052644e-05,1827.032286225818
8.084736842105267e-05,0.00018429999999999995,7.672105263157894e-05,1724.4087229785096
8.084736842105267e-05,0.00018429999999999995,0.00010189473684210526,1635.0778775487631
8.084736842105267e-05,0.00018429999999999995,0.00012706842105263157,1555.5822284086405
8.084736842105267e-05,0.00018429999999999995,0.00015224210526315786,1477.3525412297654
8.084736842105267e-05,0.00018429999999999995,0.00017741578947368417,1386.401804432248
8.084736842105267e-05,0.00018429999999999995,0.0002025894736842105,1265.8054415901818
8.084736842105267e-05,0.00018429999999999995,0.0002277631578947368,1112.2614928171224
8.084736842105267e-05,0.00018429999999999995,0.0002529368421052631,941.6788283186257
8.084736842105267e-05,0.00018429999999999995,0.00027811052631578943,775.3875754152248
8.084736842105267e-05,0.00018429999999999995,0.0003032842105263157,635.6958656886937
8.084736842105267e-05,0.00018429999999999995,0.000328457894736842,533.0502702426646
8.084736842105267e-05,0.00018429999999999995,0.0003536315789473683,463.83256071323706
8.084736842105267e-05,0.00018429999999999995,0.00037880526315789463,424.5709128705882
8.084736842105267e-05,0.00018429999999999995,0.00040397894736842095,413.36947188632166
8.084736842105267e-05,0.00018429999999999995,0.00042915263157894726,427.4025684531503
8.084736842105267e-05,0.00018429999999999995,0.0004543263157894736,462.3824043433482
8.084736842105267e-05,0.00018429999999999995,0.0004794999999999999,513.5992050379123
8.084736842105267e-05,0.00020989999999999992,1.2000000000000292e-06,2308.405033546258
8.084736842105267e-05,0.00020989999999999992,2.6373684210526337e-05,2177.9460996577595
8.084736842105267e-05,0.00020989999999999992,5.1547368421052644e-05,2039.3059290757467
8.084736842105267e-05,0.00020989999999999992,7.672105263157894e-05,1897.4058026287335
8.084736842105267e-05,0.00020989999999999992,0.00010189473684210526,1756.9132138511661
8.084736842105267e-05,0.00020989999999999992,0.00012706842105263157,1621.4519189155797
8.084736842105267e-05,0.00020989999999999992,0.00015224210526315786,1490.6266673553857
8.084736842105267e-05,0.00020989999999999992,0.00017741578947368417,1355.5233679933742
8.084736842105267e-05,0.00020989999999999992,0.0002025894736842105,1198.3611104496886
8.084736842105267e-05,0.00020989999999999992,0.0002277631578947368,1014.2372540593008
8.084736842105267e-05,0.00020989999999999992,0.0002529368421052631,820.2634073337773
8.084736842105267e-05,0.00020989999999999992,0.00027811052631578943,636.1463456515927
8.084736842105267e-05,0.00020989999999999992,0.0003032842105263157,478.5010313266979
8.084736842105267e-05,0.00020989999999999992,0.000328457894736842,357.212560086559
8.084736842105267e-05,0.00020989999999999992,0.0003536315789473683,275.9685284456041
8.084736842105267e-05,0.00020989999999999992,0.00037880526315789463,237.2259128211097
8.084736842105267e-05,0.00020989999999999992,0.00040397894736842095,241.99277514114058
8.084736842105267e-05,0.00020989999999999992,0.00042915263157894726,285.45646356608535
8.084736842105267e-05,0.00020989999999999992,0.0004543263157894736,356.8018518068017
8.084736842105267e-05,0.00020989999999999992,0.0004794999999999999,444.32772969723305
8.084736842105267e-05,0.0002354999999999999,1.2000000000000292e-06,2601.24780040502
8.084736842105267e-05,0.0002354999999999999,2.6373684210526337e-05,2461.9292945113148
8.084736842105267e-05,0.0002354999999999999,5.1547368421052644e-05,2297.7305017222493
8.084736842105267e-05,0.0002354999999999999,7.672105263157894e-05,2110.6611782319183
8.084736842105267e-05,0.0002354999999999999,0.00010189473684210526,1906.9604353157924
8.084736842105267e-05,0.0002354999999999999,0.00012706842105263157,1698.5818565547086
8.084736842105267e-05,0.0002354999999999999,0.00015224210526315786,1496.3985157338652
8.084736842105267e-05,0.0002354999999999999,0.00017741578947368417,1300.2024848878102
8.084736842105267e-05,0.0002354999999999999,0.0002025894736842105,1097.924780768029
8.084736842105267e-05,0.0002354999999999999,0.0002277631578947368,883.240758379382
8.084736842105267e-05,0.0002354999999999999,0.0002529368421052631,666.7175018746683
8.084736842105267e-05,0.0002354999999999999,0.00027811052631578943,465.1907976425885
8.084736842105267e-05,0.0002354999999999999,0.0003032842105263157,292.872177504269
8.084736842105267e-05,0.0002354999999999999,0.000328457894736842,158.8205445579231
8.084736842105267e-05,0.0002354999999999999,0.0003536315789473683,69.8836141674513
8.084736842105267e-05,0.0002354999999999999,0.00037880526315789463,35.244640782958136
8.084736842105267e-05,0.0002354999999999999,0.00040397894736842095,62.71545578796156
8.084736842105267e-05,0.0002354999999999999,0.00042915263157894726,145.54947604757203
8.084736842105267e-05,0.0002354999999999999,0.0004543263157894736,262.1303056894684
8.084736842105267e-05,0.0002354999999999999,0.0004794999999999999,391.107843431148
8.084736842105267e-05,0.0002610999999999999,1.2000000000000292e-06,2920.826238748696
8.084736842105267e-05,0.0002610999999999999,2.6373684210526337e-05,2768.3755954397116
8.084736842105267e-05,0.0002610999999999999,5.1547368421052644e-05,2571.1727188369296
8.084736842105267e-05,0.0002610999999999999,7.672105263157894e-05,2327.1365252510154
8.084736842105267e-05,0.0002610999999999999,0.00010189473684210526,2043.4194261247599
8.084736842105267e-05,0.0002610999999999999,0.00012706842105263157,1743.110095440503
8.084736842105267e-05,0.0002610999999999999,0.00015224210526315786,1453.1910079194097
8.084736842105267e-05,0.0002610999999999999,0.00017741578947368417,1186.0497135417552
8.084736842105267e-05,0.0002610999999999999,0.0002025894736842105,935.7769799306395
8.084736842105267e-05,0.0002610999999999999,0.0002277631578947368,692.9292483829507
8.084736842105267e-05,0.0002610999999999999,0.0002529368421052631,460.50587917368347
8.084736842105267e-05,0.0002610999999999999,0.00027811052631578943,251.33729006391314
8.084736842105267e-05,0.0002610999999999999,0.0003032842105263157,76.6750700120974
8.084736842105267e-05,0.0002610999999999999,0.000328457894736842,-57.428976849250574
8.084736842105267e-05,0.0002610999999999999,0.0003536315789473683,-144.87476981341047
8.084736842105267e-05,0.0002610999999999999,0.00037880526315789463,-170.04509020185097
8.084736842105267e-05,0.0002610999999999999,0.00040397894736842095,-111.22140272818748
8.084736842105267e-05,0.0002610999999999999,0.00042915263157894726,23.371826131794077
8.084736842105267e-05,0.0002610999999999999,0.0004543263157894736,193.29091552379404
8.084736842105267e-05,0.0002610999999999999,0.0004794999999999999,365.7902966312012
8.084736842105267e-05,0.00028669999999999987,2.6373684210526337e-05,3056.465268179868
8.084736842105267e-05,0.00028669999999999987,5.1547368421052644e-05,2805.526952098427
8.084736842105267e-05,0.00028669999999999987,7.672105263157894e-05,2482.4780666489432
8.084736842105267e-05,0.00028669999999999987,0.00010189473684210526,2097.9213442090854
8.084736842105267e-05,0.00028669999999999987,0.00012706842105263157,1689.0343452536194
8.084736842105267e-05,0.00028669999999999987,0.00015224210526315786,1301.776652819009
8.084736842105267e-05,0.00028669999999999987,0.00017741578947368417,962.3703783141868
8.084736842105267e-05,0.00028669999999999987,0.0002025894736842105,669.6523397309059
8.084736842105267e-05,0.00028669999999999987,0.0002277631578947368,410.1859617475601
8.084736842105267e-05,0.00028669999999999987,0.0002529368421052631,179.52193064118484
8.084736842105267e-05,0.00028669999999999987,0.00027811052631578943,-15.66845446719394
8.084736842105267e-05,0.00028669999999999987,0.0003032842105263157,-169.22122157956056
8.084736842105267e-05,0.00028669999999999987,0.000328457894736842,-279.7328852940831
8.084736842105267e-05,0.00028669999999999987,0.0003536315789473683,-344.8501691656243
8.084736842105267e-05,0.00028669999999999987,0.00037880526315789463,-346.634119728188
8.084736842105267e-05,0.00028669999999999987,0.00040397894736842095,-246.4250318774655
8.084736842105267e-05,0.00028669999999999987,0.00042915263157894726,-53.49265211989661
8.084736842105267e-05,0.00028669999999999987,0.0004543263157894736,168.6192051430562
8.084736842105267e-05,0.00028669999999999987,0.0004794999999999999,379.18842469324903
8.084736842105267e-05,0.00031229999999999984,5.1547368421052644e-05,2935.6757476754515
8.084736842105267e-05,0.00031229999999999984,7.672105263157894e-05,2496.732136419881
8.084736842105267e-05,0.00031229999999999984,0.00010189473684210526,1986.3662166425488
8.084736842105267e-05,0.00031229999999999984,0.00012706842105263157,1457.5897023673642
8.084736842105267e-05,0.00031229999999999984,0.00015224210526315786,973.6210287540254
8.084736842105267e-05,0.00031229999999999984,0.00017741578947368417,572.5398104668069
8.084736842105267e-05,0.00031229999999999984,0.0002025894736842105,255.91886249108487
8.084736842105267e-05,0.00031229999999999984,0.0002277631578947368,5.41654621909668
8.084736842105267e-05,0.00031229999999999984,0.0002529368421052631,-192.94771565306522
8.084736842105267e-05,0.00031229999999999984,0.00027811052631578943,-342.2281980918912
8.084736842105267e-05,0.00031229999999999984,0.0003032842105263157,-442.7632966508299
8.084736842105267e-05,0.00031229999999999984,0.000328457894736842,-496.5080210031177
8.084736842105267e-05,0.00031229999999999984,0.0003536315789473683,-502.8642881749513
8.084736842105267e-05,0.00031229999999999984,0.00037880526315789463,-446.12550953105756
8.084736842105267e-05,0.00031229999999999984,0.00040397894736842095,-292.99276327254404
8.084736842105267e-05,0.00031229999999999984,0.00042915263157894726,-56.16846214204978
8.084736842105267e-05,0.00031229999999999984,0.0004543263157894736,200.75134114138444
8.084736842105267e-05,0.00031229999999999984,0.0004794999999999999,435.57905989474733
8.084736842105267e-05,0.0003378999999999998,5.1547368421052644e-05,2907.7689508498643
8.084736842105267e-05,0.0003378999999999998,7.672105263157894e-05,2299.640376142459
8.084736842105267e-05,0.0003378999999999998,0.00010189473684210526,1630.0506272531845
8.084736842105267e-05,0.0003378999999999998,0.00012706842105263157,972.0730299316933
8.084736842105267e-05,0.0003378999999999998,0.00015224210526315786,405.0615320679769
8.084736842105267e-05,0.0003378999999999998,0.00017741578947368417,-26.862522293261673
8.084736842105267e-05,0.0003378999999999998,0.0002025894736842105,-328.52581651948714
8.084736842105267e-05,0.0003378999999999998,0.0002277631578947368,-529.938572484628
8.084736842105267e-05,0.0003378999999999998,0.0002529368421052631,-657.9921482408473
8.084736842105267e-05,0.0003378999999999998,0.00027811052631578943,-726.8708591804549
8.084736842105267e-05,0.0003378999999999998,0.0003032842105263157,-742.8749316678008
8.084736842105267e-05,0.0003378999999999998,0.000328457894736842,-709.1663316138547
8.084736842105267e-05,0.0003378999999999998,0.0003536315789473683,-624.8378248556893
8.084736842105267e-05,0.0003378999999999998,0.00037880526315789463,-480.51422850717825
8.084736842105267e-05,0.0003378999999999998,0.00040397894736842095,-265.0536891700431
8.084736842105267e-05,0.0003378999999999998,0.00042915263157894726,3.823522276272791
8.084736842105267e-05,0.0003378999999999998,0.0004543263157894736,279.89364459887696
8.084736842105267e-05,0.0003378999999999998,0.0004794999999999999,525.7086751743853
8.084736842105267e-05,0.00036349999999999984,5.1547368421052644e-05,2682.207700572972
8.084736842105267e-05,0.00036349999999999984,7.672105263157894e-05,1831.3718495341293
8.084736842105267e-05,0.00036349999999999984,0.00010189473684210526,952.8401337358855
8.084736842105267e-05,0.00036349999999999984,0.00012706842105263157,155.77745809616752
8.084736842105267e-05,0.00036349999999999984,0.00015224210526315786,-458.4049637154146
8.084736842105267e-05,0.00036349999999999984,0.00017741578947368417,-858.1420599208583
8.084736842105267e-05,0.00036349999999999984,0.0002025894736842105,-1080.520544752072
8.084736842105267e-05,0.00036349999999999984,0.00027811052631578943,-1158.8928097756288
8.084736842105267e-05,0.00036349999999999984,0.0003032842105263157,-1067.9399646292306
8.084736842105267e-05,0.00036349999999999984,0.000328457894736842,-929.5443168052183
8.084736842105267e-05,0.00036349999999999984,0.0003536315789473683,-743.255313746651
8.084736842105267e-05,0.00036349999999999984,0.00037880526315789463,-507.1924585459416
8.084736842105267e-05,0.00036349999999999984,0.00040397894736842095,-225.4334774359439
8.084736842105267e-05,0.00036349999999999984,0.00042915263157894726,80.47719892752774
8.084736842105267e-05,0.00036349999999999984,0.0004543263157894736,374.66395581443476
8.084736842105267e-05,0.00036349999999999984,0.0004794999999999999,626.1493935465578
8.084736842105267e-05,0.0003890999999999998,5.1547368421052644e-05,2218.003219719759
8.084736842105267e-05,0.0003890999999999998,7.672105263157894e-05,1027.3668068372504
8.084736842105267e-05,0.0003890999999999998,0.00010189473684210526,-131.58432629024182
8.084736842105267e-05,0.0003890999999999998,0.00012706842105263157,-1066.2337789775465
8.084736842105267e-05,0.0003890999999999998,0.0003536315789473683,-881.1705439541678
8.084736842105267e-05,0.0003890999999999998,0.00037880526315789463,-560.6602705681942
8.084736842105267e-05,0.0003890999999999998,0.00040397894736842095,-215.02646782074942
8.084736842105267e-05,0.0003890999999999998,0.00042915263157894726,131.86030096638893
8.084736842105267e-05,0.0003890999999999998,0.0004543263157894736,447.563529498542
8.084736842105267e-05,0.0003890999999999998,0.0004794999999999999,705.2440436838052
8.084736842105267e-05,0.0004146999999999998,2.6373684210526337e-05,2941.337385335439
8.084736842105267e-05,0.0004146999999999998,5.1547368421052644e-05,1491.1383129827152
8.084736842105267e-05,0.0004146999999999998,7.672105263157894e-05,-103.18203520252354
8.084736842105267e-05,0.0004146999999999998,0.0003536315789473683,-1045.8563357191233
8.084736842105267e-05,0.0004146999999999998,0.00037880526315789463,-654.8622051074756
8.084736842105267e-05,0.0004146999999999998,0.00040397894736842095,-255.3064719709354
8.084736842105267e-05,0.0004146999999999998,0.00042915263157894726,128.35427149605465
8.084736842105267e-05,0.0004146999999999998,0.0004543263157894736,465.2763686013804
8.084736842105267e-05,0.0004146999999999998,0.0004794999999999999,731.3447820393574
8.084736842105267e-05,0.00044029999999999975,2.6373684210526337e-05,2264.1936694611913
8.084736842105267e-05,0.00044029999999999975,5.1547368421052644e-05,560.1098690901199
8.084736842105267e-05,0.00044029999999999975,0.00037880526315789463,-791.2215679039134
8.084736842105267e-05,0.00044029999999999975,0.00040397894736842095,-353.9828998151221
8.084736842105267e-05,0.00044029999999999975,0.00042915263157894726,55.07309624291606
8.084736842105267e-05,0.00044029999999999975,0.0004543263157894736,408.0241449469086
8.084736842105267e-05,0.00044029999999999975,0.0004794999999999999,684.1129738759355
8.084736842105267e-05,0.0004658999999999997,1.2000000000000292e-06,2506.8045951497593
8.084736842105267e-05,0.0004658999999999997,2.6373684210526337e-05,1270.9141164688513
8.084736842105267e-05,0.0004658999999999997,5.1547368421052644e-05,-393.5572002150169
8.084736842105267e-05,0.0004658999999999997,0.00037880526315789463,-960.4702064847231
8.084736842105267e-05,0.0004658999999999997,0.00040397894736842095,-503.86016370047025
8.084736842105267e-05,0.0004658999999999997,0.00042915263157894726,-83.16679937517233
8.084736842105267e-05,0.0004658999999999997,0.0004543263157894736,278.4355037945604
8.084736842105267e-05,0.0004658999999999997,0.0004794999999999999,564.5841393702003
8.084736842105267e-05,0.0004914999999999997,1.2000000000000292e-06,1446.2471298094827
8.084736842105267e-05,0.0004914999999999997,2.6373684210526337e-05,288.39681910046625
8.084736842105267e-05,0.0004914999999999997,0.00037880526315789463,-1145.740028999175
8.084736842105267e-05,0.0004914999999999997,0.00040397894736842095,-685.845467653527
8.084736842105267e-05,0.0004914999999999997,0.00042915263157894726,-265.16228328770836
8.084736842105267e-05,0.0004914999999999997,0.0004543263157894736,98.3835187024902
8.084736842105267e-05,0.0004914999999999997,0.0004794999999999999,392.7618198121854
0.00010636315789473686,5.10000000000007e-06,1.2000000000000292e-06,1818.2695772877962
0.00010636315789473686,5.10000000000007e-06,2.6373684210526337e-05,1854.215044673074
0.00010636315789473686,5.10000000000007e-06,5.1547368421052644e-05,1933.3015832812866
0.00010636315789473686,5.10000000000007e-06,7.672105263157894e-05,2051.978005401427
0.00010636315789473686,5.10000000000007e-06,0.00010189473684210526,2184.4516180403225
0.00010636315789473686,5.10000000000007e-06,0.00012706842105263157,2291.8296619866906
0.00010636315789473686,5.10000000000007e-06,0.00015224210526315786,2340.4564556838395
0.00010636315789473686,5.10000000000007e-06,0.00017741578947368417,2315.0189015543174
0.00010636315789473686,5.10000000000007e-06,0.0002025894736842105,2220.9774373966443
0.00010636315789473686,5.10000000000007e-06,0.0002277631578947368,2076.011261569205
0.00010636315789473686,5.10000000000007e-06,0.0002529368421052631,1899.4951229716037
0.00010636315789473686,5.10000000000007e-06,0.00027811052631578943,1707.0607716176692
0.00010636315789473686,5.10000000000007e-06,0.0003032842105263157,1509.9250682115714
0.00010636315789473686,5.10000000000007e-06,0.000328457894736842,1317.0769111517109
0.00010636315789473686,5.10000000000007e-06,0.0003536315789473683,1139.0159535183889
0.00010636315789473686,5.10000000000007e-06,0.00037880526315789463,986.6721651075767
0.00010636315789473686,5.10000000000007e-06,0.00040397894736842095,860.354855043354
0.00010636315789473686,5.10000000000007e-06,0.00042915263157894726,753.9277446336481
0.00010636315789473686,5.10000000000007e-06,0.0004543263157894736,672.2676774144841
0.00010636315789473686,5.10000000000007e-06,0.0004794999999999999,629.8466200594249
0.00010636315789473686,3.0700000000000055e-05,1.2000000000000292e-06,1696.7369960284852
0.00010636315789473686,3.0700000000000055e-05,2.6373684210526337e-05,1705.5060550562393
0.00010636315789473686,3.0700000000000055e-05,5.1547368421052644e-05,1766.3771684137278
0.00010636315789473686,3.0700000000000055e-05,7.672105263157894e-05,1884.6903083230272
0.00010636315789473686,3.0700000000000055e-05,0.00010189473684210526,2028.6374139087964
0.00010636315789473686,3.0700000000000055e-05,0.00012706842105263157,2149.698235107014
0.00010636315789473686,3.0700000000000055e-05,0.00015224210526315786,2210.494123289854
0.00010636315789473686,3.0700000000000055e-05,0.00017741578947368417,2195.163637935363
0.00010636315789473686,3.0700000000000055e-05,0.0002025894736842105,2109.745573762123
0.00010636315789473686,3.0700000000000055e-05,0.0002277631578947368,1973.0690579440432
0.00010636315789473686,3.0700000000000055e-05,0.0002529368421052631,1806.075704308431
0.00010636315789473686,3.0700000000000055e-05,0.00027811052631578943,1626.2000579662524
0.00010636315789473686,3.0700000000000055e-05,0.0003032842105263157,1446.098171022341
0.00010636315789473686,3.0700000000000055e-05,0.000328457894736842,1274.6090139996006
0.00010636315789473686,3.0700000000000055e-05,0.0003536315789473683,1118.7216063555973
0.00010636315789473686,3.0700000000000055e-05,0.00037880526315789463,982.3200724106015
0.00010636315789473686,3.0700000000000055e-05,0.00040397894736842095,860.8824423238076
0.00010636315789473686,3.0700000000000055e-05,0.00042915263157894726,749.6265589398536
0.00010636315789473686,3.0700000000000055e-05,0.0004543263157894736,657.8099316756552
0.00010636315789473686,3.0700000000000055e-05,0.0004794999999999999,603.9573661173977
0.00010636315789473686,5.6300000000000034e-05,1.2000000000000292e-06,1595.276703033839
0.00010636315789473686,5.6300000000000034e-05,2.6373684210526337e-05,1572.9786841731366
0.00010636315789473686,5.6300000000000034e-05,5.1547368421052644e-05,1606.8079471258134
0.00010636315789473686,5.6300000000000034e-05,7.672105263157894e-05,1711.493328179263
0.00010636315789473686,5.6300000000000034e-05,0.00010189473684210526,1850.9684364365091
0.00010636315789473686,5.6300000000000034e-05,0.00012706842105263157,1971.967415846635
0.00010636315789473686,5.6300000000000034e-05,0.00015224210526315786,2037.8118008727827
0.00010636315789473686,5.6300000000000034e-05,0.00017741578947368417,2032.8865350869864
0.00010636315789473686,5.6300000000000034e-05,0.0002025894736842105,1961.4308268266868
0.00010636315789473686,5.6300000000000034e-05,0.0002277631578947368,1840.3144846469675
0.00010636315789473686,5.6300000000000034e-05,0.0002529368421052631,1690.2803782541657
0.00010636315789473686,5.6300000000000034e-05,0.00027811052631578943,1530.587471029735
0.00010636315789473686,5.6300000000000034e-05,0.0003032842105263157,1376.3581746293867
0.00010636315789473686,5.6300000000000034e-05,0.000328457894736842,1236.8209402506734
0.00010636315789473686,5.6300000000000034e-05,0.0003536315789473683,1114.2882253739256
0.00010636315789473686,5.6300000000000034e-05,0.00037880526315789463,1003.0919934248674
0.00010636315789473686,5.6300000000000034e-05,0.00040397894736842095,892.3177555490485
0.00010636315789473686,5.6300000000000034e-05,0.00042915263157894726,779.690617771544
0.00010636315789473686,5.6300000000000034e-05,0.0004543263157894736,680.5326222549933
0.00010636315789473686,5.6300000000000034e-05,0.0004794999999999999,616.7301741142743
0.00010636315789473686,8.190000000000001e-05,1.2000000000000292e-06,1534.625108914944
0.00010636315789473686,8.190000000000001e-05,2.6373684210526337e-05,1488.390888371205
0.00010636315789473686,8.190000000000001e-05,5.1547368421052644e-05,1495.8735344204174
0.00010636315789473686,8.190000000000001e-05,7.672105263157894e-05,1570.0999409163749
0.00010636315789473686,8.190000000000001e-05,0.00010189473684210526,1681.9324193907523
0.00010636315789473686,8.190000000000001e-05,0.00012706842105263157,1785.413559064606
0.00010636315789473686,8.190000000000001e-05,0.00015224210526315786,1846.58078459319
0.00010636315789473686,8.190000000000001e-05,0.00017741578947368417,1848.6160629186782
0.00010636315789473686,8.190000000000001e-05,0.0002025894736842105,1791.3844881651803
0.00010636315789473686,8.190000000000001e-05,0.0002277631578947368,1687.112180494029
0.00010636315789473686,8.190000000000001e-05,0.0002529368421052631,1554.52546338467
0.00010636315789473686,8.190000000000001e-05,0.00027811052631578943,1414.5275766761677
0.00010636315789473686,8.190000000000001e-05,0.0003032842105263157,1285.8803421180044
0.00010636315789473686,8.190000000000001e-05,0.000328457894736842,1178.4566962832823
0.00010636315789473686,8.190000000000001e-05,0.0003536315789473683,1089.6591028932376
0.00010636315789473686,8.190000000000001e-05,0.00037880526315789463,1006.1324886629126
0.00010636315789473686,8.190000000000001e-05,0.00040397894736842095,911.5532340423978
0.00010636315789473686,8.190000000000001e-05,0.00042915263157894726,804.9280945397262
0.00010636315789473686,8.190000000000001e-05,0.0004543263157894736,706.4067800975679
0.00010636315789473686,8.190000000000001e-05,0.0004794999999999999,639.7626122251932
0.00010636315789473686,0.0001075,1.2000000000000292e-06,1522.9293778964018
0.00010636315789473686,0.0001075,2.6373684210526337e-05,1457.0640667778841
0.00010636315789473686,0.0001075,5.1547368421052644e-05,1437.4318361177707
0.00010636315789473686,0.0001075,7.672105263157894e-05,1471.8260929098349
0.00010636315789473686,0.0001075,0.00010189473684210526,1542.6474096483269
0.00010636315789473686,0.0001075,0.00012706842105263157,1617.3043376511096
0.00010636315789473686,0.0001075,0.00015224210526315786,1665.8820272480614
0.00010636315789473686,0.0001075,0.00017741578947368417,1669.276232605758
0.00010636315789473686,0.0001075,0.0002025894736842105,1621.6179872950054
0.00010636315789473686,0.0001075,0.0002277631578947368,1529.0607029355679
0.00010636315789473686,0.0001075,0.0002529368421052631,1406.6076774786652
0.00010636315789473686,0.0001075,0.00027811052631578943,1276.202305880044
0.00010636315789473686,0.0001075,0.0003032842105263157,1164.1925371206553
0.00010636315789473686,0.0001075,0.000328457894736842,1081.7212080496136
0.00010636315789473686,0.0001075,0.0003536315789473683,1017.9692260325584
0.00010636315789473686,0.0001075,0.00037880526315789463,955.8336727084387
0.00010636315789473686,0.0001075,0.00040397894736842095,879.1890125758943
0.00010636315789473686,0.0001075,0.00042915263157894726,788.2499535267517
0.00010636315789473686,0.0001075,0.0004543263157894736,703.1142122388158
0.00010636315789473686,0.0001075,0.0004794999999999999,645.8763779117911
0.00010636315789473686,0.00013309999999999998,1.2000000000000292e-06,1561.4855215561379
0.00010636315789473686,0.00013309999999999998,2.6373684210526337e-05,1473.7645096400279
0.00010636315789473686,0.00013309999999999998,5.1547368421052644e-05,1423.1093669422935
0.00010636315789473686,0.00013309999999999998,7.672105263157894e-05,1416.5776333235372
0.00010636315789473686,0.00013309999999999998,0.00010189473684210526,1445.678084865331
0.00010636315789473686,0.00013309999999999998,0.00012706842105263157,1488.8197225376252
0.00010636315789473686,0.00013309999999999998,0.00015224210526315786,1520.4209387914082
0.00010636315789473686,0.00013309999999999998,0.00017741578947368417,1519.2424651855279
0.00010636315789473686,0.00013309999999999998,0.0002025894736842105,1473.7954318276632
0.00010636315789473686,0.00013309999999999998,0.0002277631578947368,1384.279609006827
0.00010636315789473686,0.00013309999999999998,0.0002529368421052631,1260.7994364013518
0.00010636315789473686,0.00013309999999999998,0.00027811052631578943,1121.2655828256059
0.00010636315789473686,0.00013309999999999998,0.0003032842105263157,1011.1192504329964
0.00010636315789473686,0.00013309999999999998,0.000328457894736842,947.7997331953092
0.00010636315789473686,0.00013309999999999998,0.0003536315789473683,896.3063202835505
0.00010636315789473686,0.00013309999999999998,0.00037880526315789463,845.1280318604487
0.00010636315789473686,0.00013309999999999998,0.00040397894736842095,785.0654272163058
0.00010636315789473686,0.00013309999999999998,0.00042915263157894726,717.9153798338657
0.00010636315789473686,0.00013309999999999998,0.0004543263157894736,658.7289472546564
0.00010636315789473686,0.00013309999999999998,0.0004794999999999999,623.9307208617424
0.00010636315789473686,0.00015869999999999995,1.2000000000000292e-06,1655.7073128740328
0.00010636315789473686,0.00015869999999999995,2.6373684210526337e-05,1544.8332551828337
0.00010636315789473686,0.00015869999999999995,5.1547368421052644e-05,1461.7227773137147
0.00010636315789473686,0.00015869999999999995,7.672105263157894e-05,1415.7195326374158
0.00010636315789473686,0.00015869999999999995,0.00010189473684210526,1405.4005523040635
0.00010636315789473686,0.00015869999999999995,0.00012706842105263157,1416.8529215518538
0.00010636315789473686,0.00015869999999999995,0.00015224210526315786,1427.9049668002278
0.00010636315789473686,0.00015869999999999995,0.00017741578947368417,1415.5571817059072
0.00010636315789473686,0.00015869999999999995,0.0002025894736842105,1363.5672158792822
0.00010636315789473686,0.00015869999999999995,0.0002277631578947368,1267.9277160962222
0.00010636315789473686,0.00015869999999999995,0.0002529368421052631,1136.8116524592617
0.00010636315789473686,0.00015869999999999995,0.00027811052631578943,986.7003036295099
0.00010636315789473686,0.00015869999999999995,0.0003032842105263157,867.073762159284
0.00010636315789473686,0.00015869999999999995,0.000328457894736842,798.4880466115491
0.00010636315789473686,0.00015869999999999995,0.0003536315789473683,741.8626965349162
0.00010636315789473686,0.00015869999999999995,0.00037880526315789463,692.4768601247714
0.00010636315789473686,0.00015869999999999995,0.00040397894736842095,647.1859914382683
0.00010636315789473686,0.00015869999999999995,0.00042915263157894726,607.9006149909623
0.00010636315789473686,0.00015869999999999995,0.0004543263157894736,582.5925513585992
0.00010636315789473686,0.00015869999999999995,0.0004794999999999999,579.791343512917
0.00010636315789473686,0.00018429999999999995,1.2000000000000292e-06,1814.8228823550103
0.00010636315789473686,0.00018429999999999995,2.6373684210526337e-05,1683.93792603066
0.00010636315789473686,0.00018429999999999995,5.1547368421052644e-05,1570.6900020322257
0.00010636315789473686,0.00018429999999999995,7.672105263157894e-05,1487.1760470394827
0.00010636315789473686,0.00018429999999999995,0.00010189473684210526,1437.6255785866629
0.00010636315789473686,0.00018429999999999995,0.00012706842105263157,1414.0923830623303
0.00010636315789473686,0.00018429999999999995,0.00015224210526315786,1397.7160094058013
0.00010636315789473686,0.00018429999999999995,0.00017741578947368417,1364.8401059952105
0.00010636315789473686,0.00018429999999999995,0.0002025894736842105,1295.674795457634
0.00010636315789473686,0.00018429999999999995,0.0002277631578947368,1183.7794864927282
0.00010636315789473686,0.00018429999999999995,0.0002529368421052631,1039.0931664314755
0.00010636315789473686,0.00018429999999999995,0.00027811052631578943,883.8574781842323
0.00010636315789473686,0.00018429999999999995,0.0003032842105263157,748.0583795802669
0.00010636315789473686,0.00018429999999999995,0.000328457894736842,645.7842249457746
0.00010636315789473686,0.00018429999999999995,0.0003536315789473683,570.3275309900218
0.00010636315789473686,0.00018429999999999995,0.00037880526315789463,517.7495201027664
0.00010636315789473686,0.00018429999999999995,0.00040397894736842095,487.2367879964209
0.00010636315789473686,0.00018429999999999995,0.00042915263157894726,478.71155574200543
0.00010636315789473686,0.00018429999999999995,0.0004543263157894736,492.2589785149522
0.00010636315789473686,0.00018429999999999995,0.0004794999999999999,527.5156296217523
0.00010636315789473686,0.00020989999999999992,1.2000000000000292e-06,2045.3914989215318
0.00010636315789473686,0.00020989999999999992,2.6373684210526337e-05,1901.7660990446427
0.00010636315789473686,0.00020989999999999992,5.1547368421052644e-05,1763.6319373800184
0.00010636315789473686,0.00020989999999999992,7.672105263157894e-05,1644.2489808022506
0.00010636315789473686,0.00020989999999999992,0.00010189473684210526,1551.8282242018836
0.00010636315789473686,0.00020989999999999992,0.00012706842105263157,1484.1608766254458
0.00010636315789473686,0.00020989999999999992,0.00015224210526315786,1427.5627736888857
0.00010636315789473686,0.00020989999999999992,0.00017741578947368417,1360.5177480496443
0.00010636315789473686,0.00020989999999999992,0.0002025894736842105,1261.4980241724402
0.00010636315789473686,0.00020989999999999992,0.0002277631578947368,1121.567447811588
0.00010636315789473686,0.00020989999999999992,0.0002529368421052631,951.2770014205433
0.00010636315789473686,0.00020989999999999992,0.00027811052631578943,773.6556017589154
0.00010636315789473686,0.00020989999999999992,0.0003032842105263157,612.2274744046343
0.00010636315789473686,0.00020989999999999992,0.000328457894736842,481.11576879162004
0.00010636315789473686,0.00020989999999999992,0.0003536315789473683,385.5254160996007
0.00010636315789473686,0.00020989999999999992,0.00037880526315789463,329.6524262161331
0.00010636315789473686,0.00020989999999999992,0.00040397894736842095,317.12065841170596
0.00010636315789473686,0.00020989999999999992,0.00042915263157894726,345.0633146600913
0.00010636315789473686,0.00020989999999999992,0.0004543263157894736,403.55717909424277
0.00010636315789473686,0.00020989999999999992,0.0004794999999999999,481.7877857086069
0.00010636315789473686,0.0002354999999999999,1.2000000000000292e-06,2344.286782900645
0.00010636315789473686,0.0002354999999999999,2.6373684210526337e-05,2196.404462563197
0.00010636315789473686,0.0002354999999999999,5.1547368421052644e-05,2038.974726216243
0.00010636315789473686,0.0002354999999999999,7.672105263157894e-05,1883.615087191312
0.00010636315789473686,0.0002354999999999999,0.00010189473684210526,1740.4355916762584
0.00010636315789473686,0.0002354999999999999,0.00012706842105263157,1613.8021922441858
0.00010636315789473686,0.0002354999999999999,0.00015224210526315786,1499.140724399416
0.00010636315789473686,0.0002354999999999999,0.00017741578947368417,1381.8030023293459
0.00010636315789473686,0.0002354999999999999,0.0002025894736842105,1240.521713215128
0.00010636315789473686,0.0002354999999999999,0.0002277631578947368,1061.5776780466454
0.00010636315789473686,0.0002354999999999999,0.0002529368421052631,854.5281846642939
0.00010636315789473686,0.0002354999999999999,0.00027811052631578943,645.0763892161125
0.00010636315789473686,0.0002354999999999999,0.0003032842105263157,456.05133539836083
0.00010636315789473686,0.0002354999999999999,0.000328457894736842,300.5128288534899
0.00010636315789473686,0.0002354999999999999,0.0003536315789473683,187.05760089560061
0.00010636315789473686,0.0002354999999999999,0.00037880526315789463,128.78701950454163
0.00010636315789473686,0.0002354999999999999,0.00040397894736842095,140.4544644894642
0.00010636315789473686,0.0002354999999999999,0.00042915263157894726,216.52596353740415
0.00010636315789473686,0.0002354999999999999,0.0004543263157894736,329.87224825130727
0.00010636315789473686,0.0002354999999999999,0.0004794999999999999,456.03453302855945
0.00010636315789473686,0.0002610999999999999,1.2000000000000292e-06,2694.5106925062446
0.00010636315789473686,0.0002610999999999999,2.6373684210526337e-05,2547.3551817262787
0.00010636315789473686,0.0002610999999999999,5.1547368421052644e-05,2372.357539313387
0.00010636315789473686,0.0002610999999999999,7.672105263157894e-05,2176.9505345124335
0.00010636315789473686,0.0002610999999999999,0.00010189473684210526,1971.1419061429426
0.00010636315789473686,0.0002610999999999999,0.00012706842105263157,1766.9717369352638
0.00010636315789473686,0.0002610999999999999,0.00015224210526315786,1573.7694811583942
0.00010636315789473686,0.0002610999999999999,0.00017741578947368417,1389.866725088556
0.00010636315789473686,0.0002610999999999999,0.0002025894736842105,1196.640044966876
0.00010636315789473686,0.0002610999999999999,0.0002277631578947368,971.9827368588542
0.00010636315789473686,0.0002610999999999999,0.0002529368421052631,724.4801005267095
0.00010636315789473686,0.0002610999999999999,0.00027811052631578943,485.7480609143172
0.00010636315789473686,0.0002610999999999999,0.0003032842105263157,277.7620343675024
0.00010636315789473686,0.0002610999999999999,0.000328457894736842,108.22194298296928
0.00010636315789473686,0.0002610999999999999,0.0003536315789473683,-18.799773367282953
0.00010636315789473686,0.0002610999999999999,0.00037880526315789463,-83.6639545483273
0.00010636315789473686,0.0002610999999999999,0.00040397894736842095,-39.93657042369403
0.00010636315789473686,0.0002610999999999999,0.00042915263157894726,106.17820736827916
0.00010636315789473686,0.0002610999999999999,0.0004543263157894736,287.22313620457015
0.00010636315789473686,0.0002610999999999999,0.0004794999999999999,463.8468012914963
0.00010636315789473686,0.00028669999999999987,1.2000000000000292e-06,3066.2980056608803
0.00010636315789473686,0.00028669999999999987,2.6373684210526337e-05,2916.9975986831146
0.00010636315789473686,0.00028669999999999987,5.1547368421052644e-05,2718.591684437376
0.00010636315789473686,0.00028669999999999987,7.672105263157894e-05,2473.6710240692596
0.00010636315789473686,0.00028669999999999987,0.00010189473684210526,2190.423858227883
0.00010636315789473686,0.00028669999999999987,0.00012706842105263157,1888.2916713807858
0.00010636315789473686,0.00028669999999999987,0.00015224210526315786,1593.7737116879446
0.00010636315789473686,0.00028669999999999987,0.00017741578947368417,1323.9036305199054
0.00010636315789473686,0.00028669999999999987,0.0002025894736842105,1068.7057374361534
0.00010636315789473686,0.00028669999999999987,0.0002277631578947368,800.9857709889246
0.00010636315789473686,0.00028669999999999987,0.0002529368421052631,527.076031614971
0.00010636315789473686,0.00028669999999999987,0.00027811052631578943,279.8893308886234
0.00010636315789473686,0.00028669999999999987,0.0003032842105263157,76.91079808070496
0.00010636315789473686,0.00028669999999999987,0.000328457894736842,-81.78892135973427
0.00010636315789473686,0.00028669999999999987,0.0003536315789473683,-203.06329515550186
0.00010636315789473686,0.00028669999999999987,0.00037880526315789463,-279.722613183206
0.00010636315789473686,0.00028669999999999987,0.00040397894736842095,-196.57376180406635
0.00010636315789473686,0.00028669999999999987,0.00042915263157894726,48.64130266098608
0.00010636315789473686,0.00028669999999999987,0.0004543263157894736,298.9563157304247
0.00010636315789473686,0.00028669999999999987,0.0004794999999999999,518.8398208241713
0.00010636315789473686,0.00031229999999999984,5.1547368421052644e-05,3022.66091174191
0.00010636315789473686,0.00031229999999999984,7.672105263157894e-05,2714.8852481368785
0.00010636315789473686,0.00031229999999999984,0.00010189473684210526,2338.8650071645866
0.00010636315789473686,0.00031229999999999984,0.00012706842105263157,1917.9294275237044
0.00010636315789473686,0.00031229999999999984,0.00015224210526315786,1498.3632164126807
0.00010636315789473686,0.00031229999999999984,0.00017741578947368417,1122.103255303024
0.00010636315789473686,0.00031229999999999984,0.0002025894736842105,796.2593024968803
0.00010636315789473686,0.00031229999999999984,0.0002277631578947368,500.9644950324504
0.00010636315789473686,0.00031229999999999984,0.0002529368421052631,234.57659074546595
0.00010636315789473686,0.00031229999999999984,0.00027811052631578943,15.721720552328337
0.00010636315789473686,0.00031229999999999984,0.0003032842105263157,-146.08928187082103
0.00010636315789473686,0.00031229999999999984,0.000328457894736842,-254.281299621184
0.00010636315789473686,0.00031229999999999984,0.0003536315789473683,-317.0030644405071
0.00010636315789473686,0.00031229999999999984,0.00037880526315789463,-326.18212162498537
0.00010636315789473686,0.00031229999999999984,0.00040397894736842095,-185.11639879131343
0.00010636315789473686,0.00031229999999999984,0.00042915263157894726,99.92431693830612
0.00010636315789473686,0.00031229999999999984,0.0004543263157894736,385.2770144527162
0.00010636315789473686,0.00031229999999999984,0.0004794999999999999,628.1894249729168
0.00010636315789473686,0.0003378999999999998,7.672105263157894e-05,2844.484072141313
0.00010636315789473686,0.0003378999999999998,0.00010189473684210526,2364.032320442305
0.00010636315789473686,0.0003378999999999998,0.00012706842105263157,1803.3118625606294
0.00010636315789473686,0.0003378999999999998,0.00015224210526315786,1237.8702905066684
0.00010636315789473686,0.0003378999999999998,0.00017741578947368417,749.3663008582924
0.00010636315789473686,0.0003378999999999998,0.0002025894736842105,365.321626655649
0.00010636315789473686,0.0003378999999999998,0.0002277631578947368,69.93587034410024
0.00010636315789473686,0.0003378999999999998,0.0002529368421052631,-153.2735175079791
0.00010636315789473686,0.0003378999999999998,0.00027811052631578943,-307.3256319736642
0.00010636315789473686,0.0003378999999999998,0.0003032842105263157,-392.9783459574133
0.00010636315789473686,0.0003378999999999998,0.000328457894736842,-414.084812383145
0.00010636315789473686,0.0003378999999999998,0.0003536315789473683,-373.156966396453
0.00010636315789473686,0.0003378999999999998,0.00037880526315789463,-259.2388801223144
0.00010636315789473686,0.0003378999999999998,0.00040397894736842095,-46.41380385231977
0.00010636315789473686,0.0003378999999999998,0.00042915263157894726,243.07982318701323
0.00010636315789473686,0.0003378999999999998,0.0004543263157894736,535.7828655037499
0.00010636315789473686,0.0003378999999999998,0.0004794999999999999,782.8527419534378
0.00010636315789473686,0.00036349999999999984,7.672105263157894e-05,2793.424726551282
0.00010636315789473686,0.00036349999999999984,0.00010189473684210526,2205.5940129485275
0.00010636315789473686,0.00036349999999999984,0.00012706842105263157,1484.2121077666802
0.00010636315789473686,0.00036349999999999984,0.00015224210526315786,760.7762750740726
0.00010636315789473686,0.00036349999999999984,0.00017741578947368417,182.1395746870565
0.00010636315789473686,0.00036349999999999984,0.0002025894736842105,-217.71527846885607
0.00010636315789473686,0.00036349999999999984,0.0002277631578947368,-472.2495298336432
0.00010636315789473686,0.00036349999999999984,0.0002529368421052631,-619.4347285372614
0.00010636315789473686,0.00036349999999999984,0.00027811052631578943,-681.0346128389824
0.00010636315789473686,0.00036349999999999984,0.0003032842105263157,-667.0710616994576
0.00010636315789473686,0.00036349999999999984,0.000328457894736842,-582.6092505701299
0.00010636315789473686,0.00036349999999999984,0.0003536315789473683,-429.533576493354
0.00010636315789473686,0.00036349999999999984,0.00037880526315789463,-206.66535595280433
0.00010636315789473686,0.00036349999999999984,0.00040397894736842095,81.33508444656577
0.00010636315789473686,0.00036349999999999984,0.00042915263157894726,404.40374619491155
0.00010636315789473686,0.00036349999999999984,0.0004543263157894736,710.1392755227391
0.00010636315789473686,0.00036349999999999984,0.0004794999999999999,955.3734025803084
0.00010636315789473686,0.0003890999999999998,5.1547368421052644e-05,3023.29764222947
0.00010636315789473686,0.0003890999999999998,7.672105263157894e-05,2427.8836302522486
0.00010636315789473686,0.0003890999999999998,0.00010189473684210526,1727.4571360315024
0.00010636315789473686,0.0003890999999999998,0.00012706842105263157,842.0952620004648
0.00010636315789473686,0.0003890999999999998,0.00015224210526315786,-4.46103316163806
0.00010636315789473686,0.0003890999999999998,0.00017741578947368417,-598.7643986601448
0.00010636315789473686,0.0003890999999999998,0.0002025894736842105,-940.6198691223516
0.00010636315789473686,0.0003890999999999998,0.0002277631578947368,-1101.749933781991
0.00010636315789473686,0.0003890999999999998,0.0002529368421052631,-1141.17144702999
0.00010636315789473686,0.0003890999999999998,0.00027811052631578943,-1091.6203658190975
0.00010636315789473686,0.0003890999999999998,0.0003032842105263157,-967.7826459814559
0.00010636315789473686,0.0003890999999999998,0.000328457894736842,-775.6609065891045
0.00010636315789473686,0.0003890999999999998,0.0003536315789473683,-518.4777899884617
0.00010636315789473686,0.0003890999999999998,0.00037880526315789463,-201.60807230957147
0.00010636315789473686,0.0003890999999999998,0.00040397894736842095,159.37744828320226
0.00010636315789473686,0.0003890999999999998,0.00042915263157894726,529.7324806169297
0.00010636315789473686,0.0003890999999999998,0.0004543263157894736,858.7464119434853
0.00010636315789473686,0.0003890999999999998,0.0004794999999999999,1104.1083195939016
0.00010636315789473686,0.0004146999999999998,2.6373684210526337e-05,3176.1630676810396
0.00010636315789473686,0.0004146999999999998,5.1547368421052644e-05,2395.597788851671
0.00010636315789473686,0.0004146999999999998,7.672105263157894e-05,1567.7404824251153
0.00010636315789473686,0.0004146999999999998,0.00010189473684210526,691.4104128237319
0.00010636315789473686,0.0004146999999999998,0.00012706842105263157,-279.2622615271278
0.00010636315789473686,0.0004146999999999998,0.00015224210526315786,-1086.6931104935584
0.00010636315789473686,0.0004146999999999998,0.000328457894736842,-996.2058767181513
0.00010636315789473686,0.0004146999999999998,0.0003536315789473683,-650.7916121043936
0.00010636315789473686,0.0004146999999999998,0.00037880526315789463,-258.14872443471086
0.00010636315789473686,0.0004146999999999998,0.00040397894736842095,162.93140789656357
0.00010636315789473686,0.0004146999999999998,0.00042915263157894726,576.0757640867871
0.00010636315789473686,0.0004146999999999998,0.0004543263157894736,929.1903828172757
0.00010636315789473686,0.0004146999999999998,0.0004794999999999999,1178.9057026167814
0.00010636315789473686,0.00044029999999999975,2.6373684210526337e-05,2448.6457016895965
0.00010636315789473686,0.00044029999999999975,5.1547368421052644e-05,1420.0610308703267
0.00010636315789473686,0.00044029999999999975,7.672105263157894e-05,309.8732582953935
0.00010636315789473686,0.00044029999999999975,0.00010189473684210526,-768.5459618019534
0.00010636315789473686,0.00044029999999999975,0.0003536315789473683,-824.5559486692065
0.00010636315789473686,0.00044029999999999975,0.00037880526315789463,-379.77567654477076
0.00010636315789473686,0.00044029999999999975,0.00040397894736842095,78.56869811108426
0.00010636315789473686,0.00044029999999999975,0.00042915263157894726,515.5426158766766
0.00010636315789473686,0.00044029999999999975,0.0004543263157894736,882.7763764145128
0.00010636315789473686,0.00044029999999999975,0.0004794999999999999,1141.187964598892
0.00010636315789473686,0.0004658999999999997,1.2000000000000292e-06,2390.5717261827335
0.00010636315789473686,0.0004658999999999997,2.6373684210526337e-05,1496.2186492499557
0.00010636315789473686,0.0004658999999999997,5.1547368421052644e-05,335.1947378907811
0.00010636315789473686,0.0004658999999999997,7.672105263157894e-05,-916.3963048628436
0.00010636315789473686,0.0004658999999999997,0.0003536315789473683,-1027.3881792210534
0.00010636315789473686,0.0004658999999999997,0.00037880526315789463,-555.4294996055669
0.00010636315789473686,0.0004658999999999997,0.00040397894736842095,-84.1625097358958
0.00010636315789473686,0.0004658999999999997,0.00042915263157894726,355.5438338080188
0.00010636315789473686,0.0004658999999999997,0.0004543263157894736,724.7454392249352
0.00010636315789473686,0.0004658999999999997,0.0004794999999999999,994.1148508653392
0.00010636315789473686,0.0004914999999999997,1.2000000000000292e-06,1476.484937629513
0.00010636315789473686,0.0004914999999999997,2.6373684210526337e-05,545.1156318382469
0.00010636315789473686,0.0004914999999999997,5.1547368421052644e-05,-607.4873584284517
0.00010636315789473686,0.0004914999999999997,0.00037880526315789463,-761.9615910862397
0.00010636315789473686,0.0004914999999999997,0.00040397894736842095,-295.63832924722743
0.00010636315789473686,0.0004914999999999997,0.00042915263157894726,133.77627585025036
0.00010636315789473686,0.0004914999999999997,0.0004543263157894736,497.9914675809935
0.00010636315789473686,0.0004914999999999997,0.0004794999999999999,777.2785707402188
0.00013187894736842106,5.10000000000007e-06,1.2000000000000292e-06,1833.0593208857701
0.00013187894736842106,5.10000000000007e-06,2.6373684210526337e-05,1914.1501780543488
0.00013187894736842106,5.10000000000007e-06,5.1547368421052644e-05,2044.3988415332178
0.00013187894736842106,5.10000000000007e-06,7.672105263157894e-05,2215.787051543306
0.00013187894736842106,5.10000000000007e-06,0.00010189473684210526,2399.814755025083
0.00013187894736842106,5.10000000000007e-06,0.00012706842105263157,2549.3305572625063
0.00013187894736842106,5.10000000000007e-06,0.00015224210526315786,2615.655476876941
0.00013187894736842106,5.10000000000007e-06,0.00017741578947368417,2577.7943940282457
0.00013187894736842106,5.10000000000007e-06,0.0002025894736842105,2453.19203461195
0.00013187894736842106,5.10000000000007e-06,0.0002277631578947368,2275.5461882832933
0.00013187894736842106,5.10000000000007e-06,0.0002529368421052631,2073.3422637938797
0.00013187894736842106,5.10000000000007e-06,0.00027811052631578943,1864.8871958771688
0.00013187894736842106,5.10000000000007e-06,0.0003032842105263157,1660.4720859756562
0.00013187894736842106,5.10000000000007e-06,0.000328457894736842,1464.9327709824386
0.00013187894736842106,5.10000000000007e-06,0.0003536315789473683,1279.0607839096772
0.00013187894736842106,5.10000000000007e-06,0.00037880526315789463,1099.8450924753347
0.00013187894736842106,5.10000000000007e-06,0.00040397894736842095,922.9487508972487
0.00013187894736842106,5.10000000000007e-06,0.00042915263157894726,752.4394968365784
0.00013187894736842106,5.10000000000007e-06,0.0004543263157894736,610.3628482993483
0.00013187894736842106,5.10000000000007e-06,0.0004794999999999999,530.8151355811856
0.00013187894736842106,3.0700000000000055e-05,1.2000000000000292e-06,1699.0820798023162
0.00013187894736842106,3.0700000000000055e-05,2.6373684210526337e-05,1758.9984521822435
0.00013187894736842106,3.0700000000000055e-05,5.1547368421052644e-05,1875.322611412767
0.00013187894736842106,3.0700000000000055e-05,7.672105263157894e-05,2043.6610771476642
0.00013187894736842106,3.0700000000000055e-05,0.00010189473684210526,2234.07957933273
0.00013187894736842106,3.0700000000000055e-05,0.00012706842105263157,2394.9183211241884
0.00013187894736842106,3.0700000000000055e-05,0.00015224210526315786,2473.3920036310797
0.00013187894736842106,3.0700000000000055e-05,0.00017741578947368417,2446.4445779019497
0.00013187894736842106,3.0700000000000055e-05,0.0002025894736842105,2331.7198372024764
0.00013187894736842106,3.0700000000000055e-05,0.0002277631578947368,2164.119552892662
0.00013187894736842106,3.0700000000000055e-05,0.0002529368421052631,1973.6410113694915
0.00013187894736842106,3.0700000000000055e-05,0.00027811052631578943,1780.3581544627964
0.00013187894736842106,3.0700000000000055e-05,0.0003032842105263157,1596.089206932984
0.00013187894736842106,3.0700000000000055e-05,0.000328457894736842,1425.6945901496472
0.00013187894736842106,3.0700000000000055e-05,0.0003536315789473683,1266.609505822722
0.00013187894736842106,3.0700000000000055e-05,0.00037880526315789463,1107.9040602952725
0.00013187894736842106,3.0700000000000055e-05,0.00040397894736842095,936.3991719444234
0.00013187894736842106,3.0700000000000055e-05,0.00042915263157894726,755.1951746539559
0.00013187894736842106,3.0700000000000055e-05,0.0004543263157894736,594.5185877307355
0.00013187894736842106,3.0700000000000055e-05,0.0004794999999999999,496.9260737881775
0.00013187894736842106,5.6300000000000034e-05,1.2000000000000292e-06,1570.5834085738622
0.00013187894736842106,5.6300000000000034e-05,2.6373684210526337e-05,1599.930520709858
0.00013187894736842106,5.6300000000000034e-05,5.1547368421052644e-05,1688.0949448669044
0.00013187894736842106,5.6300000000000034e-05,7.672105263157894e-05,1834.0328826349842
0.00013187894736842106,5.6300000000000034e-05,0.00010189473684210526,2008.8914485115008
0.00013187894736842106,5.6300000000000034e-05,0.00012706842105263157,2162.820944097008
0.00013187894736842106,5.6300000000000034e-05,0.00015224210526315786,2247.0008446714846
0.00013187894736842106,5.6300000000000034e-05,0.00017741578947368417,2238.593871508367
0.00013187894736842106,5.6300000000000034e-05,0.0002025894736842105,2149.033802733705
0.00013187894736842106,5.6300000000000034e-05,0.0002277631578947368,2007.2117878601427
0.00013187894736842106,5.6300000000000034e-05,0.0002529368421052631,1841.6300259898926
0.00013187894736842106,5.6300000000000034e-05,0.00027811052631578943,1674.447677794685
0.00013187894736842106,5.6300000000000034e-05,0.0003032842105263157,1520.8127789207103
0.00013187894736842106,5.6300000000000034e-05,0.000328457894736842,1387.6061952000916
0.00013187894736842106,5.6300000000000034e-05,0.0003536315789473683,1270.2422361471938
0.00013187894736842106,5.6300000000000034e-05,0.00037880526315789463,1148.4415172731985
0.00013187894736842106,5.6300000000000034e-05,0.00040397894736842095,994.4795798115806
0.00013187894736842106,5.6300000000000034e-05,0.00042915263157894726,809.4338125325356
0.00013187894736842106,5.6300000000000034e-05,0.0004543263157894736,636.4527522544516
0.00013187894736842106,5.6300000000000034e-05,0.0004794999999999999,524.354147073189
0.00013187894736842106,8.190000000000001e-05,1.2000000000000292e-06,1463.6437179602492
0.00013187894736842106,8.190000000000001e-05,2.6373684210526337e-05,1457.6711691322598
0.00013187894736842106,8.190000000000001e-05,5.1547368421052644e-05,1508.058189067408
0.00013187894736842106,8.190000000000001e-05,7.672105263157894e-05,1616.0629640863415
0.00013187894736842106,8.190000000000001e-05,0.00010189473684210526,1757.989016749054
0.00013187894736842106,8.190000000000001e-05,0.00012706842105263157,1891.7969198506403
0.00013187894736842106,8.190000000000001e-05,0.00015224210526315786,1976.013213139404
0.00013187894736842106,8.190000000000001e-05,0.00017741578947368417,1987.7943297117902
0.00013187894736842106,8.190000000000001e-05,0.0002025894736842105,1929.4351231088774
0.00013187894736842106,8.190000000000001e-05,0.0002277631578947368,1819.9672363205277
0.00013187894736842106,8.190000000000001e-05,0.0002529368421052631,1683.760686075718
0.00013187894736842106,8.190000000000001e-05,0.00027811052631578943,1544.6131758379108
0.00013187894736842106,8.190000000000001e-05,0.0003032842105263157,1422.1893046207194
0.00013187894736842106,8.190000000000001e-05,0.000328457894736842,1326.4551692987252
0.00013187894736842106,8.190000000000001e-05,0.0003536315789473683,1252.2184295150669
0.00013187894736842106,8.190000000000001e-05,0.00037880526315789463,1172.5137661617944
0.00013187894736842106,8.190000000000001e-05,0.00040397894736842095,1043.5116501127723
0.00013187894736842106,8.190000000000001e-05,0.00042915263157894726,862.6022428309612
0.00013187894736842106,8.190000000000001e-05,0.0004543263157894736,687.6529862740385
0.00013187894736842106,8.190000000000001e-05,0.0004794999999999999,570.7248877877108
0.00013187894736842106,0.0001075,1.2000000000000292e-06,1391.003171656088
0.00013187894736842106,0.0001075,2.6373684210526337e-05,1346.993020485157
0.00013187894736842106,0.0001075,5.1547368421052644e-05,1353.9651720062159
0.00013187894736842106,0.0001075,7.672105263157894e-05,1416.0570925224142
0.00013187894736842106,0.0001075,0.00010189473684210526,1517.7262239143288
0.00013187894736842106,0.0001075,0.00012706842105263157,1626.9317907577174
0.00013187894736842106,0.0001075,0.00015224210526315786,1708.3449494536599
0.00013187894736842106,0.0001075,0.00017741578947368417,1737.3150916822437
0.00013187894736842106,0.0001075,0.0002025894736842105,1706.982297989267
0.00013187894736842106,0.0001075,0.0002277631578947368,1626.2317028459015
0.00013187894736842106,0.0001075,0.0002529368421052631,1513.7397499400922
0.00013187894736842106,0.0001075,0.00027811052631578943,1393.9659399854231
0.00013187894736842106,0.0001075,0.0003032842105263157,1292.7763752701333
0.00013187894736842106,0.0001075,0.000328457894736842,1222.4145433950605
0.00013187894736842106,0.0001075,0.0003536315789473683,1173.8023694531512
0.00013187894736842106,0.0001075,0.00037880526315789463,1118.4736480485572
0.00013187894736842106,0.0001075,0.00040397894736842095,1013.1169238655598
0.00013187894736842106,0.0001075,0.00042915263157894726,855.3517297542919
0.00013187894736842106,0.0001075,0.0004543263157894736,701.0665146520386
0.00013187894736842106,0.0001075,0.0004794999999999999,597.6565421732912
0.00013187894736842106,0.00013309999999999998,1.2000000000000292e-06,1363.7263498566795
0.00013187894736842106,0.00013309999999999998,2.6373684210526337e-05,1279.6638484196665
0.00013187894736842106,0.00013309999999999998,5.1547368421052644e-05,1240.2748497570522
0.00013187894736842106,0.00013309999999999998,7.672105263157894e-05,1254.877258864871
0.00013187894736842106,0.00013309999999999998,0.00010189473684210526,1317.0922890395002
0.00013187894736842106,0.00013309999999999998,0.00012706842105263157,1403.43435767556
0.00013187894736842106,0.00013309999999999998,0.00015224210526315786,1481.6023640200215
0.00013187894736842106,0.00013309999999999998,0.00017741578947368417,1523.2053257013984
0.00013187894736842106,0.00013309999999999998,0.0002025894736842105,1513.092638984228
0.00013187894736842106,0.00013309999999999998,0.0002277631578947368,1451.5393031489934
0.00013187894736842106,0.00013309999999999998,0.0002529368421052631,1351.335525087756
0.00013187894736842106,0.00013309999999999998,0.00027811052631578943,1235.5566642036772
0.00013187894736842106,0.00013309999999999998,0.0003032842105263157,1139.8039801221078
0.00013187894736842106,0.00013309999999999998,0.000328457894736842,1078.5029998536522
0.00013187894736842106,0.00013309999999999998,0.0003536315789473683,1032.403814786443
0.00013187894736842106,0.00013309999999999998,0.00037880526315789463,978.5902149213099
0.00013187894736842106,0.00013309999999999998,0.00040397894736842095,891.9849957700346
0.00013187894736842106,0.00013309999999999998,0.00042915263157894726,774.6739546489622
0.00013187894736842106,0.00013309999999999998,0.0004543263157894736,663.3140539184895
0.00013187894736842106,0.00013309999999999998,0.0004794999999999999,592.3068189966059
0.00013187894736842106,0.00015869999999999995,1.2000000000000292e-06,1395.9768757886125
0.00013187894736842106,0.00015869999999999995,2.6373684210526337e-05,1272.9417332102234
0.00013187894736842106,0.00015869999999999995,5.1547368421052644e-05,1187.7155280860966
0.00013187894736842106,0.00015869999999999995,7.672105263157894e-05,1156.7938899390326
0.00013187894736842106,0.00015869999999999995,0.00010189473684210526,1183.1423664600918
0.00013187894736842106,0.00015869999999999995,0.00012706842105263157,1249.4921598763672
0.00013187894736842106,0.00015869999999999995,0.00015224210526315786,1323.4656099942401
0.00013187894736842106,0.00015869999999999995,0.00017741578947368417,1371.5293477190123
0.00013187894736842106,0.00015869999999999995,0.0002025894736842105,1371.3949064916214
0.00013187894736842106,0.00015869999999999995,0.0002277631578947368,1317.3036350106424
0.00013187894736842106,0.00015869999999999995,0.0002529368421052631,1218.8790155152292
0.00013187894736842106,0.00015869999999999995,0.00027811052631578943,1098.541119689916
0.00013187894736842106,0.00015869999999999995,0.0003032842105263157,993.832282197988
0.00013187894736842106,0.00015869999999999995,0.000328457894736842,920.3885981165145
0.00013187894736842106,0.00015869999999999995,0.0003536315789473683,860.0698208995581
0.00013187894736842106,0.00015869999999999995,0.00037880526315789463,799.6052117820565
0.00013187894736842106,0.00015869999999999995,0.00040397894736842095,729.6742025122624
0.00013187894736842106,0.00015869999999999995,0.00042915263157894726,654.4431940953948
0.00013187894736842106,0.00015869999999999995,0.0004543263157894736,593.0414233566371
0.00013187894736842106,0.00015869999999999995,0.0004794999999999999,564.5784926561945
0.00013187894736842106,0.00018429999999999995,1.2000000000000292e-06,1505.07691541574
0.00013187894736842106,0.00018429999999999995,2.6373684210526337e-05,1350.3297324286364
0.00013187894736842106,0.00018429999999999995,5.1547368421052644e-05,1225.15105479847
0.00013187894736842106,0.00018429999999999995,7.672105263157894e-05,1153.2088870898867
0.00013187894736842106,0.00018429999999999995,0.00010189473684210526,1146.158514228443
0.00013187894736842106,0.00018429999999999995,0.00012706842105263157,1191.4219213419897
0.00013187894736842106,0.00018429999999999995,0.00015224210526315786,1255.3398983893603
0.00013187894736842106,0.00018429999999999995,0.00017741578947368417,1299.4851638148152
0.00013187894736842106,0.00018429999999999995,0.0002025894736842105,1295.8153240629729
0.00013187894736842106,0.00018429999999999995,0.0002277631578947368,1234.6785078877758
0.00013187894736842106,0.00018429999999999995,0.0002529368421052631,1125.8313080412652
0.00013187894736842106,0.00018429999999999995,0.00027811052631578943,993.7125181633043
0.00013187894736842106,0.00018429999999999995,0.0003032842105263157,868.316618431063
0.00013187894736842106,0.00018429999999999995,0.000328457894736842,765.376479894149
0.00013187894736842106,0.00018429999999999995,0.0003536315789473683,682.4187341116227
0.00013187894736842106,0.00018429999999999995,0.00037880526315789463,615.2521431056028
0.00013187894736842106,0.00018429999999999995,0.00040397894736842095,562.6135497250395
0.00013187894736842106,0.00018429999999999995,0.00042915263157894726,527.326241763547
0.00013187894736842106,0.00018429999999999995,0.0004543263157894736,515.5813252893414
0.00013187894736842106,0.00018429999999999995,0.0004794999999999999,532.8282700685959
0.00013187894736842106,0.00020989999999999992,1.2000000000000292e-06,1705.617528917813
0.00013187894736842106,0.00020989999999999992,2.6373684210526337e-05,1533.895551151447
0.00013187894736842106,0.00020989999999999992,5.1547368421052644e-05,1381.4167273736778
0.00013187894736842106,0.00020989999999999992,7.672105263157894e-05,1275.8437281384286
0.00013187894736842106,0.00020989999999999992,0.00010189473684210526,1234.813684138519
0.00013187894736842106,0.00020989999999999992,0.00012706842105263157,1250.2399415341415
0.00013187894736842106,0.00020989999999999992,0.00015224210526315786,1289.885278650124
0.00013187894736842106,0.00020989999999999992,0.00017741578947368417,1313.8526685836753
0.00013187894736842106,0.00020989999999999992,0.0002025894736842105,1289.5638663070083
0.00013187894736842106,0.00020989999999999992,0.0002277631578947368,1202.8181966689756
0.00013187894736842106,0.00020989999999999992,0.0002529368421052631,1064.3870851154954
0.00013187894736842106,0.00020989999999999992,0.00027811052631578943,902.3680931803324
0.00013187894736842106,0.00020989999999999992,0.0003032842105263157,745.2907979879095
0.00013187894736842106,0.00020989999999999992,0.000328457894736842,610.4196438391675
0.00013187894736842106,0.00020989999999999992,0.0003536315789473683,504.8090087290704
0.00013187894736842106,0.00020989999999999992,0.00037880526315789463,433.6194946699906
0.00013187894736842106,0.00020989999999999992,0.00040397894736842095,401.8138891642917
0.00013187894736842106,0.00020989999999999992,0.00042915263157894726,409.07811062630316
0.00013187894736842106,0.00020989999999999992,0.0004543263157894736,448.948156910546
0.00013187894736842106,0.00020989999999999992,0.0004794999999999999,513.7251344741613
0.00013187894736842106,0.0002354999999999999,1.2000000000000292e-06,2000.349887197077
0.00013187894736842106,0.0002354999999999999,2.6373684210526337e-05,1831.0815380583506
0.00013187894736842106,0.0002354999999999999,5.1547368421052644e-05,1668.4473046648786
0.00013187894736842106,0.0002354999999999999,7.672105263157894e-05,1538.1964165317188
0.00013187894736842106,0.0002354999999999999,0.00010189473684210526,1458.9153379272952
0.00013187894736842106,0.0002354999999999999,0.00012706842105263157,1427.8542898242981
0.00013187894736842106,0.0002354999999999999,0.00015224210526315786,1421.2105921345426
0.00013187894736842106,0.0002354999999999999,0.00017741578947368417,1405.304230633024
0.00013187894736842106,0.0002354999999999999,0.0002025894736842105,1343.7278247826916
0.00013187894736842106,0.0002354999999999999,0.0002277631578947368,1210.9846867162041
0.00013187894736842106,0.0002354999999999999,0.0002529368421052631,1020.2104264498354
0.00013187894736842106,0.0002354999999999999,0.00027811052631578943,811.3342980932771
0.00013187894736842106,0.0002354999999999999,0.0003032842105263157,616.099166275128
0.00013187894736842106,0.0002354999999999999,0.000328457894736842,450.63891188137984
0.00013187894736842106,0.0002354999999999999,0.0003536315789473683,324.282098992867
0.00013187894736842106,0.0002354999999999999,0.00037880526315789463,250.68715348845964
0.00013187894736842106,0.0002354999999999999,0.00040397894736842095,246.0281451472358
0.00013187894736842106,0.0002354999999999999,0.00042915263157894726,306.29268829916083
0.00013187894736842106,0.0002354999999999999,0.0004543263157894736,405.57223160194457
0.00013187894736842106,0.0002354999999999999,0.0004794999999999999,520.7740347732133
0.00013187894736842106,0.0002610999999999999,1.2000000000000292e-06,2373.3684444430087
0.00013187894736842106,0.0002610999999999999,2.6373684210526337e-05,2224.1649806200585
0.00013187894736842106,0.0002610999999999999,5.1547368421052644e-05,2066.629410921016
0.00013187894736842106,0.0002610999999999999,7.672105263157894e-05,1918.401342136733
0.00013187894736842106,0.0002610999999999999,0.00010189473684210526,1793.3326232749139
0.00013187894736842106,0.0002610999999999999,0.00012706842105263157,1694.3512781288782
0.00013187894736842106,0.0002610999999999999,0.00015224210526315786,1614.1274329958771
0.00013187894736842106,0.0002610999999999999,0.00017741578947368417,1537.4708781640604
0.00013187894736842106,0.0002610999999999999,0.0002025894736842105,1429.0134306713355
0.00013187894736842106,0.0002610999999999999,0.0002277631578947368,1231.9130226119148
0.00013187894736842106,0.0002610999999999999,0.0002529368421052631,967.1766625621219
0.00013187894736842106,0.0002610999999999999,0.00027811052631578943,704.369739200903
0.00013187894736842106,0.0002610999999999999,0.0003032842105263157,475.35481796803344
0.00013187894736842106,0.0002610999999999999,0.000328457894736842,287.7492798855731
0.00013187894736842106,0.0002610999999999999,0.0003536315789473683,143.95092044675874
0.00013187894736842106,0.0002610999999999999,0.00037880526315789463,62.539978102642266
0.00013187894736842106,0.0002610999999999999,0.00040397894736842095,92.8347904533485
0.00013187894736842106,0.0002610999999999999,0.00042915263157894726,229.0055301961368
0.00013187894736842106,0.0002610999999999999,0.0004543263157894736,400.1540961186895
0.00013187894736842106,0.0002610999999999999,0.0004794999999999999,567.1864524111534
0.00013187894736842106,0.00028669999999999987,1.2000000000000292e-06,2790.594691851366
0.00013187894736842106,0.00028669999999999987,2.6373684210526337e-05,2671.921694027518
0.00013187894736842106,0.00028669999999999987,5.1547368421052644e-05,2528.6466713677387
0.00013187894736842106,0.00028669999999999987,7.672105263157894e-05,2365.713779201862
0.00013187894736842106,0.00028669999999999987,0.00010189473684210526,2186.045924169935
0.00013187894736842106,0.00028669999999999987,0.00012706842105263157,1995.2498624218904
0.00013187894736842106,0.00028669999999999987,0.00015224210526315786,1806.4798345279896
0.00013187894736842106,0.00028669999999999987,0.00017741578947368417,1633.5470928676177
0.00013187894736842106,0.00028669999999999987,0.0002025894736842105,1459.0645992053292
0.00013187894736842106,0.00028669999999999987,0.0002277631578947368,1188.7870852732478
0.00013187894736842106,0.00028669999999999987,0.0002529368421052631,855.7310334645969
0.00013187894736842106,0.00028669999999999987,0.00027811052631578943,558.4542050174558
0.00013187894736842106,0.00028669999999999987,0.0003032842105263157,319.0645150560856
0.00013187894736842106,0.00028669999999999987,0.000328457894736842,133.7780191640309
0.00013187894736842106,0.00028669999999999987,0.0003536315789473683,-8.725131290970376
0.00013187894736842106,0.00028669999999999987,0.00037880526315789463,-109.03288634941954
0.00013187894736842106,0.00028669999999999987,0.00040397894736842095,-37.47638313030851
0.00013187894736842106,0.00028669999999999987,0.00042915263157894726,211.18658268085298
0.00013187894736842106,0.00028669999999999987,0.0004543263157894736,456.18244389347547
0.00013187894736842106,0.00028669999999999987,0.0004794999999999999,666.9760626926303
0.00013187894736842106,0.00031229999999999984,1.2000000000000292e-06,3205.5627896456535
0.00013187894736842106,0.00031229999999999984,2.6373684210526337e-05,3119.9857200857377
0.00013187894736842106,0.00031229999999999984,5.1547368421052644e-05,2996.9116946510067
0.00013187894736842106,0.00031229999999999984,7.672105263157894e-05,2825.607632218719
0.00013187894736842106,0.00031229999999999984,0.00010189473684210526,2586.7288377604928
0.00013187894736842106,0.00031229999999999984,0.00012706842105263157,2278.417766579901
0.00013187894736842106,0.00031229999999999984,0.00015224210526315786,1936.8440750303237
0.00013187894736842106,0.00031229999999999984,0.00017741578947368417,1610.5472212616253
0.00013187894736842106,0.00031229999999999984,0.0002025894736842105,1307.156417904392
0.00013187894736842106,0.00031229999999999984,0.0002277631578947368,977.5501403551953
0.00013187894736842106,0.00031229999999999984,0.0002529368421052631,639.3512615147645
0.00013187894736842106,0.00031229999999999984,0.00027811052631578943,355.3497889678678
0.00013187894736842106,0.00031229999999999984,0.0003032842105263157,144.81302284103776
0.00013187894736842106,0.00031229999999999984,0.000328457894736842,2.771343809400495
0.00013187894736842106,0.00031229999999999984,0.0003536315789473683,-83.17183500557498
0.00013187894736842106,0.00031229999999999984,0.00037880526315789463,-111.8433673593347
0.00013187894736842106,0.00031229999999999984,0.00040397894736842095,22.736111346364726
0.00013187894736842106,0.00031229999999999984,0.00042915263157894726,313.36921964711655
0.00013187894736842106,0.00031229999999999984,0.0004543263157894736,596.0274570615221
0.00013187894736842106,0.00031229999999999984,0.0004794999999999999,829.0507948882977
0.00013187894736842106,0.0003378999999999998,0.00010189473684210526,2969.304942029162
0.00013187894736842106,0.0003378999999999998,0.00012706842105263157,2514.45251262754
0.00013187894736842106,0.0003378999999999998,0.00015224210526315786,1968.7071671929825
0.00013187894736842106,0.0003378999999999998,0.00017741578947368417,1450.5563592274013
0.00013187894736842106,0.0003378999999999998,0.0002025894736842105,1010.2766417075504
0.00013187894736842106,0.0003378999999999998,0.0002277631578947368,636.8824957698538
0.00013187894736842106,0.0003378999999999998,0.0002529368421052631,326.2173943426287
0.00013187894736842106,0.0003378999999999998,0.00027811052631578943,94.15597216708599
0.00013187894736842106,0.0003378999999999998,0.0003032842105263157,-50.95541770045336
0.00013187894736842106,0.0003378999999999998,0.000328457894736842,-112.01262823624097
0.00013187894736842106,0.0003378999999999998,0.0003536315789473683,-94.13470467729286
0.00013187894736842106,0.0003378999999999998,0.00037880526315789463,10.10728647859961
0.00013187894736842106,0.0003378999999999998,0.00040397894736842095,224.2158670711284
0.00013187894736842106,0.0003378999999999998,0.00042915263157894726,519.6078147455761
0.00013187894736842106,0.0003378999999999998,0.0004543263157894736,812.2519887169244
0.00013187894736842106,0.0003378999999999998,0.0004794999999999999,1047.2515361021858
0.00013187894736842106,0.00036349999999999984,0.00012706842105263157,2681.661686096297
0.00013187894736842106,0.00036349999999999984,0.00015224210526315786,1858.205287519933
0.00013187894736842106,0.00036349999999999984,0.00017741578947368417,1135.1648584025584
0.00013187894736842106,0.00036349999999999984,0.0002025894736842105,591.6611755509392
0.00013187894736842106,0.00036349999999999984,0.0002277631578947368,204.10595573434898
0.00013187894736842106,0.00036349999999999984,0.0002529368421052631,-60.39685913291322
0.00013187894736842106,0.00036349999999999984,0.00027811052631578943,-217.73100261804473
0.00013187894736842106,0.00036349999999999984,0.0003032842105263157,-274.4418337435658
0.00013187894736842106,0.00036349999999999984,0.000328457894736842,-235.61148002335293
0.00013187894736842106,0.00036349999999999984,0.0003536315789473683,-105.39904461316142
0.00013187894736842106,0.00036349999999999984,0.00037880526315789463,114.10298345108102
0.00013187894736842106,0.00036349999999999984,0.00040397894736842095,413.6102298459693
0.00013187894736842106,0.00036349999999999984,0.00042915263157894726,753.9138138400284
0.00013187894736842106,0.00036349999999999984,0.0004543263157894736,1067.143509689728
0.00013187894736842106,0.00036349999999999984,0.0004794999999999999,1296.8194254311531
0.00013187894736842106,0.0003890999999999998,0.00012706842105263157,2657.3215135560245
0.00013187894736842106,0.0003890999999999998,0.00015224210526315786,1483.1189164058878
0.00013187894736842106,0.0003890999999999998,0.00017741578947368417,602.6156584348334
0.00013187894736842106,0.0003890999999999998,0.0002025894736842105,28.02282789909568
0.00013187894736842106,0.0003890999999999998,0.0002277631578947368,-320.78984813649686
0.00013187894736842106,0.0003890999999999998,0.0002529368421052631,-509.17340550478366
0.00013187894736842106,0.0003890999999999998,0.00027811052631578943,-573.4310937997138
0.00013187894736842106,0.0003890999999999998,0.0003032842105263157,-530.5443408369295
0.00013187894736842106,0.0003890999999999998,0.000328457894736842,-388.92255081335577
0.00013187894736842106,0.0003890999999999998,0.0003536315789473683,-154.4357160085452
0.00013187894736842106,0.0003890999999999998,0.00037880526315789463,164.99058927040016
0.00013187894736842106,0.0003890999999999998,0.00040397894736842095,550.2481537341012
0.00013187894736842106,0.0003890999999999998,0.00042915263157894726,956.5650889953793
0.00013187894736842106,0.0003890999999999998,0.0004543263157894736,1307.7145227936712
0.00013187894736842106,0.0003890999999999998,0.0004794999999999999,1532.3073059209908
0.00013187894736842106,0.0004146999999999998,5.1547368421052644e-05,3146.585302320428
0.00013187894736842106,0.0004146999999999998,7.672105263157894e-05,3093.230869694053
0.00013187894736842106,0.0004146999999999998,0.00010189473684210526,2998.0199367508308
0.00013187894736842106,0.0004146999999999998,0.00012706842105263157,1892.3422556116516
0.00013187894736842106,0.0004146999999999998,0.00015224210526315786,644.9038695789118
0.00013187894736842106,0.0004146999999999998,0.00017741578947368417,-193.4160485601006
0.00013187894736842106,0.0004146999999999998,0.0002025894736842105,-679.4455442421781
0.00013187894736842106,0.0004146999999999998,0.0002277631578947368,-923.6998828532932
0.00013187894736842106,0.0004146999999999998,0.0002529368421052631,-1003.6786912412232
0.00013187894736842106,0.0004146999999999998,0.00027811052631578943,-961.5594225813759
0.00013187894736842106,0.0004146999999999998,0.0003032842105263157,-817.3169936414413
0.00013187894736842106,0.0004146999999999998,0.000328457894736842,-580.5215137428921
0.00013187894736842106,0.0004146999999999998,0.0003536315789473683,-257.90707531982054
0.00013187894736842106,0.0004146999999999998,0.00037880526315789463,140.9345134423582
0.00013187894736842106,0.0004146999999999998,0.00040397894736842095,595.7298499780561
0.00013187894736842106,0.0004146999999999998,0.00042915263157894726,1061.6497167095613
0.00013187894736842106,0.0004146999999999998,0.0004543263157894736,1452.6640938960657
0.00013187894736842106,0.0004146999999999998,0.0004794999999999999,1676.11276906
0.00013187894736842106,0.00044029999999999975,1.2000000000000292e-06,3035.746943762664
0.00013187894736842106,0.00044029999999999975,2.6373684210526337e-05,2617.0583089597467
0.00013187894736842106,0.00044029999999999975,5.1547368421052644e-05,2122.8826044851025
0.00013187894736842106,0.00044029999999999975,7.672105263157894e-05,1647.6454682722213
0.00013187894736842106,0.00044029999999999975,0.00010189473684210526,1096.3872556846075
0.00013187894736842106,0.00044029999999999975,0.00012706842105263157,250.04366067251715
0.00013187894736842106,0.00044029999999999975,0.00015224210526315786,-600.2368319663518
0.00013187894736842106,0.00044029999999999975,0.0003032842105263157,-1123.0787553974883
0.00013187894736842106,0.00044029999999999975,0.000328457894736842,-806.7244321178466
0.00013187894736842106,0.00044029999999999975,0.0003536315789473683,-418.453685321396
0.00013187894736842106,0.00044029999999999975,0.00037880526315789463,31.166015924970846
0.00013187894736842106,0.00044029999999999975,0.00040397894736842095,521.2048571831126
0.00013187894736842106,0.00044029999999999975,0.00042915263157894726,1008.1082596882015
0.00013187894736842106,0.00044029999999999975,0.0004543263157894736,1410.4807913668753
0.00013187894736842106,0.00044029999999999975,0.0004794999999999999,1642.4887820036545
0.00013187894736842106,0.0004658999999999997,1.2000000000000292e-06,2277.9189681509283
0.00013187894736842106,0.0004658999999999997,2.6373684210526337e-05,1671.1445854387273
0.00013187894736842106,0.0004658999999999997,5.1547368421052644e-05,913.7956865379967
0.00013187894736842106,0.0004658999999999997,7.672105263157894e-05,91.90887551106611
0.00013187894736842106,0.0004658999999999997,0.00010189473684210526,-698.8527365502471
0.00013187894736842106,0.0004658999999999997,0.000328457894736842,-1053.1882382001384
0.00013187894736842106,0.0004658999999999997,0.0003536315789473683,-624.2369096244828
0.00013187894736842106,0.0004658999999999997,0.00037880526315789463,-153.1713996465794
0.00013187894736842106,0.0004658999999999997,0.00040397894736842095,337.55198033487545
0.00013187894736842106,0.0004658999999999997,0.00042915263157894726,807.2351806471902
0.00013187894736842106,0.0004658999999999997,0.0004543263157894736,1193.3534308087571
0.00013187894736842106,0.0004658999999999997,0.0004794999999999999,1440.7563079596127
0.00013187894736842106,0.0004914999999999997,1.2000000000000292e-06,1456.651912258434
0.00013187894736842106,0.0004914999999999997,2.6373684210526337e-05,733.7386714927472
0.00013187894736842106,0.0004914999999999997,5.1547368421052644e-05,-154.7017122949173
0.00013187894736842106,0.0004914999999999997,7.672105263157894e-05,-1116.7941862830246
0.00013187894736842106,0.0004914999999999997,0.0003536315789473683,-852.4584104855223
0.00013187894736842106,0.0004914999999999997,0.00037880526315789463,-381.8821518558691
0.00013187894736842106,0.0004914999999999997,0.00040397894736842095,90.41042935228703
0.00013187894736842106,0.0004914999999999997,0.00042915263157894726,530.6955505757488
0.00013187894736842106,0.0004914999999999997,0.0004543263157894736,897.0787258837152
0.00013187894736842106,0.0004914999999999997,0.0004794999999999999,1158.1929237652853
0.00015739473684210528,5.10000000000007e-06,1.2000000000000292e-06,1827.9560263453832
0.00015739473684210528,5.10000000000007e-06,2.6373684210526337e-05,1950.4449825812267
0.00015739473684210528,5.10000000000007e-06,5.1547368421052644e-05,2132.2988927729484
0.00015739473684210528,5.10000000000007e-06,7.672105263157894e-05,2366.1675657978426
0.00015739473684210528,5.10000000000007e-06,0.00010189473684210526,2623.0928775818466
0.00015739473684210528,5.10000000000007e-06,0.00012706842105263157,2841.299325232934
0.00015739473684210528,5.10000000000007e-06,0.00015224210526315786,2934.459858016803
0.00015739473684210528,5.10000000000007e-06,0.00017741578947368417,2865.633090500166
0.00015739473684210528,5.10000000000007e-06,0.0002025894736842105,2686.924139510186
0.00015739473684210528,5.10000000000007e-06,0.0002277631578947368,2462.5794126728006
0.00015739473684210528,5.10000000000007e-06,0.0002529368421052631,2229.068479124779
0.00015739473684210528,5.10000000000007e-06,0.00027811052631578943,2003.0085762833965
0.00015739473684210528,5.10000000000007e-06,0.0003032842105263157,1790.4282507777414
0.00015739473684210528,5.10000000000007e-06,0.000328457894736842,1590.3181054122342
0.00015739473684210528,5.10000000000007e-06,0.0003536315789473683,1395.262198293447
0.00015739473684210528,5.10000000000007e-06,0.00037880526315789463,1192.6275041048852
0.00015739473684210528,5.10000000000007e-06,0.00040397894736842095,971.516516456342
0.00015739473684210528,5.10000000000007e-06,0.00042915263157894726,737.1098022174957
0.00015739473684210528,5.10000000000007e-06,0.0004543263157894736,524.8620149122196
0.00015739473684210528,5.10000000000007e-06,0.0004794999999999999,403.30144799599566
0.00015739473684210528,3.0700000000000055e-05,1.2000000000000292e-06,1678.7607988639645
0.00015739473684210528,3.0700000000000055e-05,2.6373684210526337e-05,1782.3787159000717
0.00015739473684210528,3.0700000000000055e-05,5.1547368421052644e-05,1951.9565669753697
0.00015739473684210528,3.0700000000000055e-05,7.672105263157894e-05,2182.7866369113567
0.00015739473684210528,3.0700000000000055e-05,0.00010189473684210526,2446.2413783338284
0.00015739473684210528,3.0700000000000055e-05,0.00012706842105263157,2677.742410435739
0.00015739473684210528,3.0700000000000055e-05,0.00015224210526315786,2784.5486410143144
0.00015739473684210528,3.0700000000000055e-05,0.00017741578947368417,2725.6198934880863
0.00015739473684210528,3.0700000000000055e-05,0.0002025894736842105,2555.7912438101966
0.00015739473684210528,3.0700000000000055e-05,0.0002277631578947368,2341.7462821181466
0.00015739473684210528,3.0700000000000055e-05,0.0002529368421052631,2121.103818220781
0.00015739473684210528,3.0700000000000055e-05,0.00027811052631578943,1911.947107679613
0.00015739473684210528,3.0700000000000055e-05,0.0003032842105263157,1721.9798968188231
0.00015739473684210528,3.0700000000000055e-05,0.000328457894736842,1550.84573286557
0.00015739473684210528,3.0700000000000055e-05,0.0003536315789473683,1388.245001634727
0.00015739473684210528,3.0700000000000055e-05,0.00037880526315789463,1211.501018214963
0.00015739473684210528,3.0700000000000055e-05,0.00040397894736842095,995.1649573404093
0.00015739473684210528,3.0700000000000055e-05,0.00042915263157894726,742.1075012446382
0.00015739473684210528,3.0700000000000055e-05,0.0004543263157894736,502.0087891921006
0.00015739473684210528,3.0700000000000055e-05,0.0004794999999999999,356.3890429351538
0.00015739473684210528,5.6300000000000034e-05,1.2000000000000292e-06,1521.1548279546314
0.00015739473684210528,5.6300000000000034e-05,2.6373684210526337e-05,1590.9840882023495
0.00015739473684210528,5.6300000000000034e-05,5.1547368421052644e-05,1727.2347500415672
0.00015739473684210528,5.6300000000000034e-05,7.672105263157894e-05,1926.4036722741869
0.00015739473684210528,5.6300000000000034e-05,0.00010189473684210526,2160.303207882798
0.00015739473684210528,5.6300000000000034e-05,0.00012706842105263157,2369.786488145002
0.00015739473684210528,5.6300000000000034e-05,0.00015224210526315786,2479.893512622741
0.00015739473684210528,5.6300000000000034e-05,0.00017741578947368417,2456.0724853656106
0.00015739473684210528,5.6300000000000034e-05,0.0002025894736842105,2331.4918688195376
0.00015739473684210528,5.6300000000000034e-05,0.0002277631578947368,2157.712811639427
0.00015739473684210528,5.6300000000000034e-05,0.0002529368421052631,1971.238284605999
0.00015739473684210528,5.6300000000000034e-05,0.00027811052631578943,1794.2606466433974
0.00015739473684210528,5.6300000000000034e-05,0.0003032842105263157,1639.7673477038982
0.00015739473684210528,5.6300000000000034e-05,0.000328457894736842,1512.3623128572938
0.00015739473684210528,5.6300000000000034e-05,0.0003536315789473683,1404.2163960199714
0.00015739473684210528,5.6300000000000034e-05,0.00037880526315789463,1283.2855993234662
0.00015739473684210528,5.6300000000000034e-05,0.00040397894736842095,1092.2351264691772
0.00015739473684210528,5.6300000000000034e-05,0.00042915263157894726,827.4025553110046
0.00015739473684210528,5.6300000000000034e-05,0.0004543263157894736,572.9952880497161
0.00015739473684210528,5.6300000000000034e-05,0.0004794999999999999,413.59169133532635
0.00015739473684210528,8.190000000000001e-05,1.2000000000000292e-06,1368.2264406901957
0.00015739473684210528,8.190000000000001e-05,2.6373684210526337e-05,1392.4685732074151
0.00015739473684210528,8.190000000000001e-05,5.1547368421052644e-05,1479.4592515170746
0.00015739473684210528,8.190000000000001e-05,7.672105263157894e-05,1628.0343373255062
0.00015739473684210528,8.190000000000001e-05,0.00010189473684210526,1814.4121607408686
0.00015739473684210528,8.190000000000001e-05,0.00012706842105263157,1991.0444827658484
0.00015739473684210528,8.190000000000001e-05,0.00015224210526315786,2103.035451972258
0.00015739473684210528,8.190000000000001e-05,0.00017741578947368417,2120.5387790265645
0.00015739473684210528,8.190000000000001e-05,0.0002025894736842105,2053.7858638119264
0.00015739473684210528,8.190000000000001e-05,0.0002277631578947368,1933.635876117509
0.00015739473684210528,8.190000000000001e-05,0.0002529368421052631,1791.0500346465683
0.00015739473684210528,8.190000000000001e-05,0.00027811052631578943,1651.4099312211065
0.00015739473684210528,8.190000000000001e-05,0.0003032842105263157,1533.992994519968
0.00015739473684210528,8.190000000000001e-05,0.000328457894736842,1450.3525036363108
0.00015739473684210528,8.190000000000001e-05,0.0003536315789473683,1400.9153242452803
0.00015739473684210528,8.190000000000001e-05,0.00037880526315789463,1357.0969178814432
0.00015739473684210528,8.190000000000001e-05,0.00040397894736842095,1206.660369977136
0.00015739473684210528,8.190000000000001e-05,0.00042915263157894726,921.2573462725134
0.00015739473684210528,8.190000000000001e-05,0.0004543263157894736,657.1705985694703
0.00015739473684210528,8.190000000000001e-05,0.0004794999999999999,492.87308839178195
0.00015739473684210528,0.0001075,1.2000000000000292e-06,1234.8768063188143
0.00015739473684210528,0.0001075,2.6373684210526337e-05,1205.3568441658738
0.00015739473684210528,0.0001075,5.1547368421052644e-05,1233.6281758432206
0.00015739473684210528,0.0001075,7.672105263157894e-05,1324.3997085399715
0.00015739473684210528,0.0001075,0.00010189473684210526,1462.8484067300133
0.00015739473684210528,0.0001075,0.00012706842105263157,1613.2812665618433
0.00015739473684210528,0.0001075,0.00015224210526315786,1731.7753673940713
0.00015739473684210528,0.0001075,0.00017741578947368417,1787.1550164118653
0.00015739473684210528,0.0001075,0.0002025894736842105,1773.0573338045585
0.00015739473684210528,0.0001075,0.0002277631578947368,1703.1757801468118
0.00015739473684210528,0.0001075,0.0002529368421052631,1600.7521963121965
0.00015739473684210528,0.0001075,0.00027811052631578943,1491.8509810694607
0.00015739473684210528,0.0001075,0.0003032842105263157,1400.456674490186
0.00015739473684210528,0.0001075,0.000328457894736842,1341.595587458918
0.00015739473684210528,0.0001075,0.0003536315789473683,1316.8096256379717
0.00015739473684210528,0.0001075,0.00037880526315789463,1299.2199991977088
0.00015739473684210528,0.0001075,0.00040397894736842095,1176.8311246862431
0.00015739473684210528,0.0001075,0.00042915263157894726,920.6280683027707
0.00015739473684210528,0.0001075,0.0004543263157894736,685.4338404869034
0.00015739473684210528,0.0001075,0.0004794999999999999,539.7441783873146
0.00015739473684210528,0.00013309999999999998,1.2000000000000292e-06,1138.2454387846615
0.00015739473684210528,0.00013309999999999998,2.6373684210526337e-05,1050.0630717626193
0.00015739473684210528,0.00013309999999999998,5.1547368421052644e-05,1014.6105880557111
0.00015739473684210528,0.00013309999999999998,7.672105263157894e-05,1046.89081411159
0.00015739473684210528,0.00013309999999999998,0.00010189473684210526,1144.3496989698879
0.00015739473684210528,0.00013309999999999998,0.00012706842105263157,1280.0646409354868
0.00015739473684210528,0.00013309999999999998,0.00015224210526315786,1411.69429925898
0.00015739473684210528,0.00013309999999999998,0.00017741578947368417,1501.272951282204
0.00015739473684210528,0.00013309999999999998,0.0002025894736842105,1529.6881576531787
0.00015739473684210528,0.00013309999999999998,0.0002277631578947368,1498.4865443958345
0.00015739473684210528,0.00013309999999999998,0.0002529368421052631,1424.24744097632
0.00015739473684210528,0.00013309999999999998,0.00027811052631578943,1332.341557805158
0.00015739473684210528,0.00013309999999999998,0.0003032842105263157,1249.6398491192629
0.00015739473684210528,0.00013309999999999998,0.000328457894736842,1190.6812690930005
0.00015739473684210528,0.00013309999999999998,0.0003536315789473683,1150.3817644685669
0.00015739473684210528,0.00013309999999999998,0.00037880526315789463,1100.710579328364
0.00015739473684210528,0.00013309999999999998,0.00040397894736842095,989.0238837398547
0.00015739473684210528,0.00013309999999999998,0.00042915263157894726,813.3657353303506
0.00015739473684210528,0.00013309999999999998,0.0004543263157894736,647.7597578428512
0.00015739473684210528,0.00013309999999999998,0.0004794999999999999,545.8976327148398
0.00015739473684210528,0.00015869999999999995,1.2000000000000292e-06,1100.1795101596508
0.00015739473684210528,0.00015869999999999995,2.6373684210526337e-05,953.3139858869358
0.00015739473684210528,0.00015869999999999995,5.1547368421052644e-05,852.9896921300008
0.00015739473684210528,0.00015869999999999995,7.672105263157894e-05,828.5715541108824
0.00015739473684210528,0.00015869999999999995,0.00010189473684210526,892.9425371809602
0.00015739473684210528,0.00015869999999999995,0.00012706842105263157,1024.5635689957708
0.00015739473684210528,0.00015869999999999995,0.00015224210526315786,1174.582095632959
0.00015739473684210528,0.00015869999999999995,0.00017741578947368417,1293.8321840281737
0.00015739473684210528,0.00015869999999999995,0.0002025894736842105,1352.6139272348744
0.00015739473684210528,0.00015869999999999995,0.0002277631578947368,1344.8517685906213
0.00015739473684210528,0.00015869999999999995,0.0002529368421052631,1283.5909585124573
0.00015739473684210528,0.00015869999999999995,0.00027811052631578943,1194.0020239426135
0.00015739473684210528,0.00015869999999999995,0.0003032842105263157,1103.896225056955
0.00015739473684210528,0.00015869999999999995,0.000328457894736842,1027.6804233643595
0.00015739473684210528,0.00015869999999999995,0.0003536315789473683,960.6023745165085
0.00015739473684210528,0.00015869999999999995,0.00037880526315789463,886.8269780494912
0.00015739473684210528,0.00015869999999999995,0.00040397894736842095,789.973824409054
0.00015739473684210528,0.00015869999999999995,0.00042915263157894726,676.7781598569733
0.00015739473684210528,0.00015869999999999995,0.0004543263157894736,580.4882805741929
0.00015739473684210528,0.00015869999999999995,0.0004794999999999999,531.2714672358513
0.00015739473684210528,0.00018429999999999995,1.2000000000000292e-06,1147.483302754283
0.00015739473684210528,0.00018429999999999995,2.6373684210526337e-05,951.3673700699109
0.00015739473684210528,0.00018429999999999995,5.1547368421052644e-05,792.8811184360268
0.00015739473684210528,0.00018429999999999995,7.672105263157894e-05,716.9617703931605
0.00015739473684210528,0.00018429999999999995,0.00010189473684210526,754.1380260655659
0.00015739473684210528,0.00018429999999999995,0.00012706842105263157,885.8843669489461
0.00015739473684210528,0.00018429999999999995,0.00015224210526315786,1051.6804895206744
0.00015739473684210528,0.00018429999999999995,0.00017741578947368417,1189.736888644392
0.00015739473684210528,0.00018429999999999995,0.0002025894736842105,1262.0126135922894
0.00015739473684210528,0.00018429999999999995,0.0002277631578947368,1258.1029125818304
0.00015739473684210528,0.00018429999999999995,0.0002529368421052631,1190.9315565310403
0.00015739473684210528,0.00018429999999999995,0.00027811052631578943,1087.6824776905403
0.00015739473684210528,0.00018429999999999995,0.0003032842105263157,976.7992752608604
0.00015739473684210528,0.00018429999999999995,0.000328457894736842,874.6508380850966
0.00015739473684210528,0.00018429999999999995,0.0003536315789473683,783.2155153280718
0.00015739473684210528,0.00018429999999999995,0.00037880526315789463,699.09561345027
0.00015739473684210528,0.00018429999999999995,0.00040397894736842095,621.3186304637819
0.00015739473684210528,0.00018429999999999995,0.00042915263157894726,556.7893862066204
0.00015739473684210528,0.00018429999999999995,0.0004543263157894736,519.3637803565267
0.00015739473684210528,0.00018429999999999995,0.0004794999999999999,520.9357511208854
0.00015739473684210528,0.00020989999999999992,1.2000000000000292e-06,1305.6303343458776
0.00015739473684210528,0.00020989999999999992,2.6373684210526337e-05,1083.9425868531594
0.00015739473684210528,0.00020989999999999992,5.1547368421052644e-05,889.13511054298
0.00015739473684210528,0.00020989999999999992,7.672105263157894e-05,775.941832920403
0.00015739473684210528,0.00020989999999999992,0.00010189473684210526,788.0778312117748
0.00015739473684210528,0.00020989999999999992,0.00012706842105263157,909.6083081550585
0.00015739473684210528,0.00020989999999999992,0.00015224210526315786,1072.3324096928948
0.00015739473684210528,0.00020989999999999992,0.00017741578947368417,1207.0943048177435
0.00015739473684210528,0.00020989999999999992,0.0002025894736842105,1269.4430196332917
0.00015739473684210528,0.00020989999999999992,0.0002277631578947368,1244.0099370326507
0.00015739473684210528,0.00020989999999999992,0.0002529368421052631,1145.8025019434638
0.00015739473684210528,0.00020989999999999992,0.00027811052631578943,1008.62262170262
0.00015739473684210528,0.00020989999999999992,0.0003032842105263157,864.7166264072101
0.00015739473684210528,0.00020989999999999992,0.000328457894736842,733.3012970525634
0.00015739473684210528,0.00020989999999999992,0.0003536315789473683,622.4040723710343
0.00015739473684210528,0.00020989999999999992,0.00037880526315789463,537.362477213487
0.00015739473684210528,0.00020989999999999992,0.00040397894736842095,484.08631544631464
0.00015739473684210528,0.00020989999999999992,0.00042915263157894726,466.09356591543394
0.00015739473684210528,0.00020989999999999992,0.0004543263157894736,483.2005131172676
0.00015739473684210528,0.00020989999999999992,0.0004794999999999999,532.8430850295256
0.00015739473684210528,0.0002354999999999999,1.2000000000000292e-06,1585.3481316180878
0.00015739473684210528,0.0002354999999999999,2.6373684210526337e-05,1373.1664417974887
0.00015739473684210528,0.0002354999999999999,5.1547368421052644e-05,1178.1769845947083
0.00015739473684210528,0.0002354999999999999,7.672105263157894e-05,1051.9268796089614
0.00015739473684210528,0.0002354999999999999,0.00010189473684210526,1036.8582977500353
0.00015739473684210528,0.0002354999999999999,0.00012706842105263157,1121.2446236735746
0.00015739473684210528,0.0002354999999999999,0.00015224210526315786,1245.5756400640635
0.00015739473684210528,0.0002354999999999999,0.00017741578947368417,1346.9854038095232
0.00015739473684210528,0.0002354999999999999,0.0002025894736842105,1375.1257944677734
0.00015739473684210528,0.0002354999999999999,0.0002277631578947368,1298.863377417995
0.00015739473684210528,0.0002354999999999999,0.0002529368421052631,1137.9533607217847
0.00015739473684210528,0.0002354999999999999,0.00027811052631578943,944.8584489834038
0.00015739473684210528,0.0002354999999999999,0.0003032842105263157,758.5272103767074
0.00015739473684210528,0.0002354999999999999,0.000328457894736842,597.9048626288326
0.00015739473684210528,0.0002354999999999999,0.0003536315789473683,472.4612529465537
0.00015739473684210528,0.0002354999999999999,0.00037880526315789463,393.1687567204137
0.00015739473684210528,0.0002354999999999999,0.00040397894736842095,371.8291028686917
0.00015739473684210528,0.0002354999999999999,0.00042915263157894726,406.74234532255076
0.00015739473684210528,0.0002354999999999999,0.0004543263157894736,481.2215752397769
0.00015739473684210528,0.0002354999999999999,0.0004794999999999999,578.3721002622358
0.00015739473684210528,0.0002610999999999999,1.2000000000000292e-06,1970.627287610671
0.00015739473684210528,0.0002610999999999999,2.6373684210526337e-05,1801.3024594053738
0.00015739473684210528,0.0002610999999999999,5.1547368421052644e-05,1640.0803412438472
0.00015739473684210528,0.0002610999999999999,7.672105263157894e-05,1522.4020857640776
0.00015739473684210528,0.0002610999999999999,0.00010189473684210526,1475.3201907334096
0.00015739473684210528,0.0002610999999999999,0.00012706842105263157,1491.9474391784186
0.00015739473684210528,0.0002610999999999999,0.00015224210526315786,1537.7927593174097
0.00015739473684210528,0.0002610999999999999,0.00017741578947368417,1576.8820712349002
0.00015739473684210528,0.0002610999999999999,0.0002025894736842105,1563.2646842437957
0.00015739473684210528,0.0002610999999999999,0.0002277631578947368,1405.5996205198514
0.00015739473684210528,0.0002610999999999999,0.0002529368421052631,1141.8200825391932
0.00015739473684210528,0.0002610999999999999,0.00027811052631578943,877.5158756426251
0.00015739473684210528,0.0002610999999999999,0.0003032842105263157,649.475590283549
0.00015739473684210528,0.0002610999999999999,0.000328457894736842,467.3093551807149
0.00015739473684210528,0.0002610999999999999,0.0003536315789473683,334.9590911983531
0.00015739473684210528,0.0002610999999999999,0.00037880526315789463,266.3598876091634
0.00015739473684210528,0.0002610999999999999,0.00040397894736842095,285.8552076025478
0.00015739473684210528,0.0002610999999999999,0.00042915263157894726,386.004797891369
0.00015739473684210528,0.0002610999999999999,0.0004543263157894736,523.9156816246042
0.00015739473684210528,0.0002610999999999999,0.0004794999999999999,667.5300166254582
0.00015739473684210528,0.00028669999999999987,1.2000000000000292e-06,2419.5188826058943
0.00015739473684210528,0.00028669999999999987,2.6373684210526337e-05,2314.0461803570333
0.00015739473684210528,0.00028669999999999987,5.1547368421052644e-05,2206.696601858896
0.00015739473684210528,0.00028669999999999987,7.672105263157894e-05,2109.4621980476268
0.00015739473684210528,0.00028669999999999987,0.00010189473684210526,2026.0797900321377
0.00015739473684210528,0.00028669999999999987,0.00012706842105263157,1949.990715016918
0.00015739473684210528,0.00028669999999999987,0.00015224210526315786,1875.3943716423566
0.00015739473684210528,0.00028669999999999987,0.00017741578947368417,1807.8316629792866
0.00015739473684210528,0.00028669999999999987,0.0002025894736842105,1761.8363370702145
0.00015739473684210528,0.00028669999999999987,0.0002277631578947368,1486.439969022132
0.00015739473684210528,0.00028669999999999987,0.0002529368421052631,1099.7288366771525
0.00015739473684210528,0.00028669999999999987,0.00027811052631578943,779.5810191871932
0.00015739473684210528,0.00028669999999999987,0.0003032842105263157,530.3454796643293
0.00015739473684210528,0.00028669999999999987,0.000328457894736842,348.6900803560572
0.00015739473684210528,0.00028669999999999987,0.0003536315789473683,229.63209039263037
0.00015739473684210528,0.00028669999999999987,0.00037880526315789463,184.62059373333162
0.00015739473684210528,0.00028669999999999987,0.00040397894736842095,255.59224746814914
0.00015739473684210528,0.00028669999999999987,0.00042915263157894726,429.4850406068027
0.00015739473684210528,0.00028669999999999987,0.0004543263157894736,629.1583045728592
0.00015739473684210528,0.00028669999999999987,0.0004794999999999999,811.5508586513288
0.00015739473684210528,0.00031229999999999984,1.2000000000000292e-06,2874.5772388785663
0.00015739473684210528,0.00031229999999999984,2.6373684210526337e-05,2842.1893122881884
0.00015739473684210528,0.00031229999999999984,5.1547368421052644e-05,2802.046526898157
0.00015739473684210528,0.00031229999999999984,7.672105263157894e-05,2738.9461841292236
0.00015739473684210528,0.00031229999999999984,0.00010189473684210526,2621.514695885189
0.00015739473684210528,0.00031229999999999984,0.00012706842105263157,2430.186901302557
0.00015739473684210528,0.00031229999999999984,0.00015224210526315786,2185.823278284011
0.00015739473684210528,0.00031229999999999984,0.00017741578947368417,1932.0178889001156
0.00015739473684210528,0.00031229999999999984,0.0002025894736842105,1677.6280983040886
0.00015739473684210528,0.00031229999999999984,0.0002277631578947368,1336.5947014703181
0.00015739473684210528,0.00031229999999999984,0.0002529368421052631,951.3876592469014
0.00015739473684210528,0.00031229999999999984,0.00027811052631578943,629.7411871921176
0.00015739473684210528,0.00031229999999999984,0.0003032842105263157,396.6768075382267
0.00015739473684210528,0.00031229999999999984,0.000328457894736842,250.53969322543801
0.00015739473684210528,0.00031229999999999984,0.0003536315789473683,184.086565443645
0.00015739473684210528,0.00031229999999999984,0.00037880526315789463,203.79290527691862
0.00015739473684210528,0.00031229999999999984,0.00040397894736842095,340.6595588427485
0.00015739473684210528,0.00031229999999999984,0.00042915263157894726,571.8399995420845
0.00015739473684210528,0.00031229999999999984,0.0004543263157894736,814.4101396834279
0.00015739473684210528,0.00031229999999999984,0.0004794999999999999,1018.9496421067894
0.00015739473684210528,0.0003378999999999998,0.00012706842105263157,2901.951631000829
0.00015739473684210528,0.0003378999999999998,0.00015224210526315786,2430.8748375065934
0.00015739473684210528,0.0003378999999999998,0.00017741578947368417,1943.166392677554
0.00015739473684210528,0.0003378999999999998,0.0002025894736842105,1495.191267984707
0.00015739473684210528,0.0003378999999999998,0.0002277631578947368,1081.1387994233298
0.00015739473684210528,0.0003378999999999998,0.0002529368421052631,712.9750011703222
0.00015739473684210528,0.0003378999999999998,0.00027811052631578943,427.4947896978008
0.00015739473684210528,0.0003378999999999998,0.0003032842105263157,244.9112510329513
0.00015739473684210528,0.0003378999999999998,0.000328457894736842,166.8636089991758
0.00015739473684210528,0.0003378999999999998,0.0003536315789473683,187.98036533429607
0.00015739473684210528,0.0003378999999999998,0.00037880526315789463,307.4690080429474
0.00015739473684210528,0.0003378999999999998,0.00040397894736842095,525.361050778741
0.00015739473684210528,0.0003378999999999998,0.00042915263157894726,805.8876730770377
0.00015739473684210528,0.0003378999999999998,0.0004543263157894736,1078.1651559625311
0.00015739473684210528,0.0003378999999999998,0.0004794999999999999,1288.2987156995243
0.00015739473684210528,0.00036349999999999984,0.00015224210526315786,2562.1457634510084
0.00015739473684210528,0.00036349999999999984,0.00017741578947368417,1821.480584409832
0.00015739473684210528,0.00036349999999999984,0.0002025894736842105,1222.6388556018892
0.00015739473684210528,0.00036349999999999984,0.0002277631578947368,757.272083847937
0.00015739473684210528,0.00036349999999999984,0.0002529368421052631,409.3448837272633
0.00015739473684210528,0.00036349999999999984,0.00027811052631578943,178.47800712992952
0.00015739473684210528,0.00036349999999999984,0.0003032842105263157,68.04319285196176
0.00015739473684210528,0.00036349999999999984,0.000328457894736842,76.35506714903005
0.00015739473684210528,0.00036349999999999984,0.0003536315789473683,197.32244475419046
0.00015739473684210528,0.00036349999999999984,0.00037880526315789463,422.6104886197853
0.00015739473684210528,0.00036349999999999984,0.00040397894736842095,734.2084533448251
0.00015739473684210528,0.00036349999999999984,0.00042915263157894726,1085.6917812558709
0.00015739473684210528,0.00036349999999999984,0.0004543263157894736,1399.1326871240217
0.00015739473684210528,0.00036349999999999984,0.0004794999999999999,1605.4430463697659
0.00015739473684210528,0.0003890999999999998,0.00015224210526315786,2428.8079933127883
0.00015739473684210528,0.0003890999999999998,0.00017741578947368417,1475.6750203048607
0.00015739473684210528,0.0003890999999999998,0.0002025894736842105,800.0032214511212
0.00015739473684210528,0.0003890999999999998,0.0002277631578947368,337.17054300860684
0.00015739473684210528,0.0003890999999999998,0.0002529368421052631,38.84273985091207
0.00015739473684210528,0.0003890999999999998,0.00027811052631578943,-118.20102766692683
0.00015739473684210528,0.0003890999999999998,0.0003032842105263157,-143.5338155282605
0.00015739473684210528,0.0003890999999999998,0.000328457894736842,-43.601598072872875
0.00015739473684210528,0.0003890999999999998,0.0003536315789473683,174.0022371919203
0.00015739473684210528,0.0003890999999999998,0.00037880526315789463,498.4681964076924
0.00015739473684210528,0.0003890999999999998,0.00040397894736842095,909.0486171321585
0.00015739473684210528,0.0003890999999999998,0.00042915263157894726,1358.0645214400433
0.00015739473684210528,0.0003890999999999998,0.0004543263157894736,1743.1226711583552
0.00015739473684210528,0.0003890999999999998,0.0004794999999999999,1938.3086239254735
0.00015739473684210528,0.0004146999999999998,0.00012706842105263157,3105.3241325252475
0.00015739473684210528,0.0004146999999999998,0.00015224210526315786,1758.5561148414727
0.00015739473684210528,0.0004146999999999998,0.00017741578947368417,812.797908318375
0.00015739473684210528,0.0004146999999999998,0.0002025894736842105,193.40964287349027
0.00015739473684210528,0.0004146999999999998,0.0002277631578947368,-190.34924507659096
0.00015739473684210528,0.0004146999999999998,0.0002529368421052631,-398.35396112124556
0.00015739473684210528,0.0004146999999999998,0.00027811052631578943,-461.6771691359142
0.00015739473684210528,0.0004146999999999998,0.0003032842105263157,-395.1257763731092
0.00015739473684210528,0.0004146999999999998,0.000328457894736842,-207.46782382874548
0.00015739473684210528,0.0004146999999999998,0.0003536315789473683,93.30221551593547
0.00015739473684210528,0.0004146999999999998,0.00037880526315789463,497.2999703231452
0.00015739473684210528,0.0004146999999999998,0.00040397894736842095,988.66494741104
0.00015739473684210528,0.0004146999999999998,0.00042915263157894726,1532.5359174181738
0.00015739473684210528,0.0004146999999999998,0.0004543263157894736,2017.2621537495158
0.00015739473684210528,0.0004146999999999998,0.0004794999999999999,2192.38713944299
0.00015739473684210528,0.00044029999999999975,1.2000000000000292e-06,2829.7547405834503
0.00015739473684210528,0.00044029999999999975,2.6373684210526337e-05,2643.2662465005396
0.00015739473684210528,0.00044029999999999975,5.1547368421052644e-05,2469.2899907578176
0.00015739473684210528,0.00044029999999999975,7.672105263157894e-05,2349.9618298661353
0.00015739473684210528,0.00044029999999999975,0.00010189473684210526,2109.195693543612
0.00015739473684210528,0.00044029999999999975,0.00012706842105263157,1402.1651640499952
0.00015739473684210528,0.00044029999999999975,0.00015224210526315786,542.1190443222838
0.00015739473684210528,0.00044029999999999975,0.00017741578947368417,-124.57640675115066
0.00015739473684210528,0.00044029999999999975,0.0002025894736842105,-556.0662280415021
0.00015739473684210528,0.00044029999999999975,0.0002277631578947368,-794.5491572085405
0.00015739473684210528,0.00044029999999999975,0.0002529368421052631,-880.4926679446144
0.00015739473684210528,0.00044029999999999975,0.00027811052631578943,-838.2745211800169
0.00015739473684210528,0.00044029999999999975,0.0003032842105263157,-680.966096083768
0.00015739473684210528,0.00044029999999999975,0.000328457894736842,-416.96780958621474
0.00015739473684210528,0.00044029999999999975,0.0003536315789473683,-54.30356295618846
0.00015739473684210528,0.00044029999999999975,0.00037880526315789463,396.702077251817
0.00015739473684210528,0.00044029999999999975,0.00040397894736842095,919.5743324344711
0.00015739473684210528,0.00044029999999999975,0.00042915263157894726,1478.8884204928042
0.00015739473684210528,0.00044029999999999975,0.0004543263157894736,1965.2586679990895
0.00015739473684210528,0.00044029999999999975,0.0004794999999999999,2152.5833450557334
0.00015739473684210528,0.0004658999999999997,1.2000000000000292e-06,2139.284594137542
0.00015739473684210528,0.0004658999999999997,2.6373684210526337e-05,1739.046871510558
0.00015739473684210528,0.0004658999999999997,5.1547368421052644e-05,1244.653855932076
0.00015739473684210528,0.0004658999999999997,7.672105263157894e-05,670.6936355864601
0.00015739473684210528,0.0004658999999999997,0.00010189473684210526,75.501770936095
0.00015739473684210528,0.0004658999999999997,0.00012706842105263157,-391.5834840970056
0.00015739473684210528,0.0004658999999999997,0.00015224210526315786,-799.2089625624415
0.00015739473684210528,0.0004658999999999997,0.00017741578947368417,-1128.4935164858505
0.00015739473684210528,0.0004658999999999997,0.0003032842105263157,-982.8680757243364
0.00015739473684210528,0.0004658999999999997,0.000328457894736842,-659.8410291896969
0.00015739473684210528,0.0004658999999999997,0.0003536315789473683,-259.2825155042523
0.00015739473684210528,0.0004658999999999997,0.00037880526315789463,205.77040404301312
0.00015739473684210528,0.0004658999999999997,0.00040397894736842095,712.7202977796984
0.00015739473684210528,0.0004658999999999997,0.00042915263157894726,1216.9589788045964
0.00015739473684210528,0.0004658999999999997,0.0004543263157894736,1630.1556266770187
0.00015739473684210528,0.0004658999999999997,0.0004794999999999999,1851.1835962178625
0.00015739473684210528,0.0004914999999999997,1.2000000000000292e-06,1398.4018408048762
0.00015739473684210528,0.0004914999999999997,2.6373684210526337e-05,843.0527243493733
0.00015739473684210528,0.0004914999999999997,5.1547368421052644e-05,146.52034959792428
0.00015739473684210528,0.0004914999999999997,7.672105263157894e-05,-686.506687079291
0.00015739473684210528,0.0004914999999999997,0.000328457894736842,-913.9118891895646
0.00015739473684210528,0.0004914999999999997,0.0003536315789473683,-496.8048086259822
0.00015739473684210528,0.0004914999999999997,0.00037880526315789463,-39.37409264522921
0.00015739473684210528,0.0004914999999999997,0.00040397894736842095,433.3954395844357
0.00015739473684210528,0.0004914999999999997,0.00042915263157894726,881.2735222201486
0.00015739473684210528,0.0004914999999999997,0.0004543263157894736,1248.7761612631182
0.00015739473684210528,0.0004914999999999997,0.0004794999999999999,1490.6064098136223
0.00018291052631578948,5.10000000000007e-06,1.2000000000000292e-06,1790.6551897493694
0.00018291052631578948,5.10000000000007e-06,2.6373684210526337e-05,1945.026455162084
0.00018291052631578948,5.10000000000007e-06,5.1547368421052644e-05,2170.8536635666674
0.00018291052631578948,5.10000000000007e-06,7.672105263157894e-05,2466.2108668905694
0.00018291052631578948,5.10000000000007e-06,0.00010189473684210526,2811.171153264074
0.00018291052631578948,5.10000000000007e-06,0.00012706842105263157,3140.116104468408
0.00018291052631578948,5.10000000000007e-06,0.00017741578947368417,3141.539025832691
0.00018291052631578948,5.10000000000007e-06,0.0002025894736842105,2881.046993246923
0.00018291052631578948,5.10000000000007e-06,0.0002277631578947368,2604.8564409699934
0.00018291052631578948,5.10000000000007e-06,0.0002529368421052631,2343.1361217764174
0.00018291052631578948,5.10000000000007e-06,0.00027811052631578943,2103.8432472492805
0.00018291052631578948,5.10000000000007e-06,0.0003032842105263157,1886.5051515487562
0.00018291052631578948,5.10000000000007e-06,0.000328457894736842,1684.3869037004636
0.00018291052631578948,5.10000000000007e-06,0.0003536315789473683,1484.1216052275595
0.00018291052631578948,5.10000000000007e-06,0.00037880526315789463,1266.824907687068
0.00018291052631578948,5.10000000000007e-06,0.00040397894736842095,1015.4787271573788
0.00018291052631578948,5.10000000000007e-06,0.00042915263157894726,728.8095570139793
0.00018291052631578948,5.10000000000007e-06,0.0004543263157894736,436.94012997548225
0.00018291052631578948,5.10000000000007e-06,0.0004794999999999999,253.28839326011112
0.00018291052631578948,3.0700000000000055e-05,1.2000000000000292e-06,1625.8368104524127
0.00018291052631578948,3.0700000000000055e-05,2.6373684210526337e-05,1762.1199375387696
0.00018291052631578948,3.0700000000000055e-05,5.1547368421052644e-05,1976.533816129628
0.00018291052631578948,3.0700000000000055e-05,7.672105263157894e-05,2270.1598805600493
0.00018291052631578948,3.0700000000000055e-05,0.00010189473684210526,2625.6442569639025
0.00018291052631578948,3.0700000000000055e-05,0.00012706842105263157,2978.6772680415934
0.00018291052631578948,3.0700000000000055e-05,0.00015224210526315786,3141.3866137368796
0.00018291052631578948,3.0700000000000055e-05,0.00017741578947368417,2999.6425891123076
0.00018291052631578948,3.0700000000000055e-05,0.0002025894736842105,2741.4258507648333
0.00018291052631578948,3.0700000000000055e-05,0.0002277631578947368,2473.3913966297464
0.00018291052631578948,3.0700000000000055e-05,0.0002529368421052631,2223.872905954057
0.00018291052631578948,3.0700000000000055e-05,0.00027811052631578943,2001.2752271538207
0.00018291052631578948,3.0700000000000055e-05,0.0003032842105263157,1806.5473687501294
0.00018291052631578948,3.0700000000000055e-05,0.000328457894736842,1633.7278070056896
0.00018291052631578948,3.0700000000000055e-05,0.0003536315789473683,1466.8452841383028
0.00018291052631578948,3.0700000000000055e-05,0.00037880526315789463,1276.2178045244277
0.00018291052631578948,3.0700000000000055e-05,0.00040397894736842095,1027.6029240501796
0.00018291052631578948,3.0700000000000055e-05,0.00042915263157894726,717.1998030820797
0.00018291052631578948,3.0700000000000055e-05,0.0004543263157894736,393.0884801242014
0.00018291052631578948,3.0700000000000055e-05,0.0004794999999999999,183.83946064118285
0.00018291052631578948,5.6300000000000034e-05,1.2000000000000292e-06,1441.871308458651
0.00018291052631578948,5.6300000000000034e-05,2.6373684210526337e-05,1540.7807505102357
0.00018291052631578948,5.6300000000000034e-05,5.1547368421052644e-05,1716.349357212321
0.00018291052631578948,5.6300000000000034e-05,7.672105263157894e-05,1968.0974927116392
0.00018291052631578948,5.6300000000000034e-05,0.00010189473684210526,2271.934229511808
0.00018291052631578948,5.6300000000000034e-05,0.00012706842105263157,2558.978248452339
0.00018291052631578948,5.6300000000000034e-05,0.00015224210526315786,2704.7465079259587
0.00018291052631578948,5.6300000000000034e-05,0.00017741578947368417,2647.851180438982
0.00018291052631578948,5.6300000000000034e-05,0.0002025894736842105,2472.954529462417
0.00018291052631578948,5.6300000000000034e-05,0.0002277631578947368,2262.737029526153
0.00018291052631578948,5.6300000000000034e-05,0.0002529368421052631,2055.428529948241
0.00018291052631578948,5.6300000000000034e-05,0.00027811052631578943,1868.7848197035746
0.00018291052631578948,5.6300000000000034e-05,0.0003032842105263157,1711.2959645556243
0.00018291052631578948,5.6300000000000034e-05,0.000328457894736842,1583.90185898665
0.00018291052631578948,5.6300000000000034e-05,0.0003536315789473683,1476.3703034792807
0.00018291052631578948,5.6300000000000034e-05,0.00037880526315789463,1352.049023138514
0.00018291052631578948,5.6300000000000034e-05,0.00040397894736842095,1133.5619356508066
0.00018291052631578948,5.6300000000000034e-05,0.00042915263157894726,810.5900967828686
0.00018291052631578948,5.6300000000000034e-05,0.0004543263157894736,495.2317060589197
0.00018291052631578948,5.6300000000000034e-05,0.0004794999999999999,304.42587246290225
0.00018291052631578948,8.190000000000001e-05,1.2000000000000292e-06,1249.2309382886497
0.00018291052631578948,8.190000000000001e-05,2.6373684210526337e-05,1294.121955258036
0.00018291052631578948,8.190000000000001e-05,5.1547368421052644e-05,1410.0073408488029
0.00018291052631578948,8.190000000000001e-05,7.672105263157894e-05,1597.0007962638535
0.00018291052631578948,8.190000000000001e-05,0.00010189473684210526,1831.2429228674841
0.00018291052631578948,8.190000000000001e-05,0.00012706842105263157,2056.5592499109684
0.00018291052631578948,8.190000000000001e-05,0.00015224210526315786,2198.544866104822
0.00018291052631578948,8.190000000000001e-05,0.00017741578947368417,2217.9418998820797
0.00018291052631578948,8.190000000000001e-05,0.0002025894736842105,2138.376050761354
0.00018291052631578948,8.190000000000001e-05,0.0002277631578947368,2005.3310089467368
0.00018291052631578948,8.190000000000001e-05,0.0002529368421052631,1855.0120360938247
0.00018291052631578948,8.190000000000001e-05,0.00027811052631578943,1712.5264453172929
0.00018291052631578948,8.190000000000001e-05,0.0003032842105263157,1594.9765787039892
0.00018291052631578948,8.190000000000001e-05,0.000328457894736842,1512.997666744285
0.00018291052631578948,8.190000000000001e-05,0.0003536315789473683,1471.9175855250419
0.00018291052631578948,8.190000000000001e-05,0.00037880526315789463,1462.9701250858816
0.00018291052631578948,8.190000000000001e-05,0.00040397894736842095,1310.0728288115702
0.00018291052631578948,8.190000000000001e-05,0.00042915263157894726,920.7876320570798
0.00018291052631578948,8.190000000000001e-05,0.0004543263157894736,599.3195045217534
0.00018291052631578948,8.190000000000001e-05,0.0004794999999999999,414.5403642176491
0.00018291052631578948,0.0001075,1.2000000000000292e-06,1062.732728478122
0.00018291052631578948,0.0001075,2.6373684210526337e-05,1040.8315663970754
0.00018291052631578948,0.0001075,5.1547368421052644e-05,1084.1633539137472
0.00018291052631578948,0.0001075,7.672105263157894e-05,1200.353367269706
0.00018291052631578948,0.0001075,0.00010189473684210526,1375.5129502028765
0.00018291052631578948,0.0001075,0.00012706842105263157,1568.5337874654642
0.00018291052631578948,0.0001075,0.00015224210526315786,1724.722828857449
0.00018291052631578948,0.0001075,0.00017741578947368417,1805.4996118161064
0.00018291052631578948,0.0001075,0.0002025894736842105,1805.7245757164874
0.00018291052631578948,0.0001075,0.0002277631578947368,1744.4051140438855
0.00018291052631578948,0.0001075,0.0002529368421052631,1648.7708184628661
0.00018291052631578948,0.0001075,0.00027811052631578943,1545.6040701039337
0.00018291052631578948,0.0001075,0.0003032842105263157,1457.0553368450078
0.00018291052631578948,0.0001075,0.000328457894736842,1398.4685885509691
0.00018291052631578948,0.0001075,0.0003536315789473683,1379.107983503305
0.00018291052631578948,0.0001075,0.00037880526315789463,1395.839592656532
0.00018291052631578948,0.0001075,0.00040397894736842095,1272.9961347386966
0.00018291052631578948,0.0001075,0.00042915263157894726,912.880263296568
0.00018291052631578948,0.0001075,0.0004543263157894736,627.5796848049815
0.00018291052631578948,0.0001075,0.0004794999999999999,467.237345936311
0.00018291052631578948,0.00013309999999999998,1.2000000000000292e-06,901.974531804293
0.00018291052631578948,0.00013309999999999998,2.6373684210526337e-05,803.7332921201646
0.00018291052631578948,0.00013309999999999998,5.1547368421052644e-05,765.2535808787894
0.00018291052631578948,0.00013309999999999998,7.672105263157894e-05,810.0601662179722
0.00018291052631578948,0.00013309999999999998,0.00010189473684210526,941.806232806478
0.00018291052631578948,0.00013309999999999998,0.00012706842105263157,1129.2113098795937
0.00018291052631578948,0.00013309999999999998,0.00015224210526315786,1316.7405688726176
0.00018291052631578948,0.00013309999999999998,0.00017741578947368417,1454.8656054729172
0.00018291052631578948,0.00013309999999999998,0.0002025894736842105,1520.4208524642884
0.00018291052631578948,0.00013309999999999998,0.0002277631578947368,1516.602179133153
0.00018291052631578948,0.00013309999999999998,0.0002529368421052631,1463.1129974156843
0.00018291052631578948,0.00013309999999999998,0.00027811052631578943,1386.0602402356965
0.00018291052631578948,0.00013309999999999998,0.0003032842105263157,1309.2737216214969
0.00018291052631578948,0.00013309999999999998,0.000328457894736842,1247.0132871320384
0.00018291052631578948,0.00013309999999999998,0.0003536315789473683,1199.2962851350908
0.00018291052631578948,0.00013309999999999998,0.00037880526315789463,1140.0811698867242
0.00018291052631578948,0.00013309999999999998,0.00040397894736842095,1001.5941802150012
0.00018291052631578948,0.00013309999999999998,0.00042915263157894726,781.265779902281
0.00018291052631578948,0.00013309999999999998,0.0004543263157894736,584.0913664522384
0.00018291052631578948,0.00013309999999999998,0.0004794999999999999,473.7821504883659
0.00018291052631578948,0.00015869999999999995,1.2000000000000292e-06,793.8185493586157
0.00018291052631578948,0.00015869999999999995,2.6373684210526337e-05,614.3224521432531
0.00018291052631578948,0.00015869999999999995,5.1547368421052644e-05,485.6379399098482
0.00018291052631578948,0.00015869999999999995,7.672105263157894e-05,456.38287643109555
0.00018291052631578948,0.00015869999999999995,0.00010189473684210526,558.4637230783188
0.00018291052631578948,0.00015869999999999995,0.00012706842105263157,764.7012416301417
0.00018291052631578948,0.00015869999999999995,0.00015224210526315786,1000.097003098304
0.00018291052631578948,0.00015869999999999995,0.00017741578947368417,1194.8250242301888
0.00018291052631578948,0.00015869999999999995,0.0002025894736842105,1312.3625468915232
0.00018291052631578948,0.00015869999999999995,0.0002277631578947368,1348.1537718028464
0.00018291052631578948,0.00015869999999999995,0.0002529368421052631,1319.0195154361759
0.00018291052631578948,0.00015869999999999995,0.00027811052631578943,1251.682911900168
0.00018291052631578948,0.00015869999999999995,0.0003032842105263157,1171.3602048988569
0.00018291052631578948,0.00015869999999999995,0.000328457894736842,1091.6799505965143
0.00018291052631578948,0.00015869999999999995,0.0003536315789473683,1010.8842944640189
0.00018291052631578948,0.00015869999999999995,0.00037880526315789463,914.7077111373477
0.00018291052631578948,0.00015869999999999995,0.00040397894736842095,787.3788218280014
0.00018291052631578948,0.00015869999999999995,0.00042915263157894726,641.7172961269109
0.00018291052631578948,0.00015869999999999995,0.0004543263157894736,522.8694684702328
0.00018291052631578948,0.00015869999999999995,0.0004794999999999999,468.1957187696632
0.00018291052631578948,0.00018429999999999995,1.2000000000000292e-06,773.9646913708463
0.00018291052631578948,0.00018429999999999995,2.6373684210526337e-05,520.682804301592
0.00018291052631578948,0.00018429999999999995,5.1547368421052644e-05,301.0481100539874
0.00018291052631578948,0.00018429999999999995,7.672105263157894e-05,194.41365031568523
0.00018291052631578948,0.00018429999999999995,0.00010189473684210526,277.30215259423267
0.00018291052631578948,0.00018429999999999995,0.00012706842105263157,521.2782522436652
0.00018291052631578948,0.00018429999999999995,0.00015224210526315786,811.572716676425
0.00018291052631578948,0.00018429999999999995,0.00017741578947368417,1053.7213528119573
0.00018291052631578948,0.00018429999999999995,0.0002025894736842105,1203.7193435116822
0.00018291052631578948,0.00018429999999999995,0.0002277631578947368,1255.6108111059402
0.00018291052631578948,0.00018429999999999995,0.0002529368421052631,1228.1138595141817
0.00018291052631578948,0.00018429999999999995,0.00027811052631578943,1151.8546360345258
0.00018291052631578948,0.00018429999999999995,0.0003032842105263157,1055.6210572027524
0.00018291052631578948,0.00018429999999999995,0.000328457894736842,955.2984556880432
0.00018291052631578948,0.00018429999999999995,0.0003536315789473683,852.450234097977
0.00018291052631578948,0.00018429999999999995,0.00037880526315789463,745.6231828696921
0.00018291052631578948,0.00018429999999999995,0.00040397894736842095,638.6026872784603
0.00018291052631578948,0.00018429999999999995,0.00042915263157894726,544.9960307456103
0.00018291052631578948,0.00018429999999999995,0.0004543263157894736,486.85196130741514
0.00018291052631578948,0.00018429999999999995,0.0004794999999999999,481.4685720512907
0.00018291052631578948,0.00020989999999999992,1.2000000000000292e-06,880.5852550265416
0.00018291052631578948,0.00020989999999999992,2.6373684210526337e-05,586.1979859746219
0.00018291052631578948,0.00020989999999999992,5.1547368421052644e-05,305.56127418388667
0.00018291052631578948,0.00020989999999999992,7.672105263157894e-05,138.82485705663765
0.00018291052631578948,0.00020989999999999992,0.00010189473684210526,207.28160031523018
0.00018291052631578948,0.00020989999999999992,0.00012706842105263157,479.0088373886132
0.00018291052631578948,0.00020989999999999992,0.00015224210526315786,799.1747666613179
0.00018291052631578948,0.00020989999999999992,0.00017741578947368417,1058.0517674709256
0.00018291052631578948,0.00020989999999999992,0.0002025894736842105,1209.098022508644
0.00018291052631578948,0.00020989999999999992,0.0002277631578947368,1245.6998576422623
0.00018291052631578948,0.00020989999999999992,0.0002529368421052631,1190.949244729723
0.00018291052631578948,0.00020989999999999992,0.00027811052631578943,1083.705926013446
0.00018291052631578948,0.00020989999999999992,0.0003032842105263157,959.1538456026527
0.00018291052631578948,0.00020989999999999992,0.000328457894736842,836.9489322819393
0.00018291052631578948,0.00020989999999999992,0.0003536315789473683,722.5656068632196
0.00018291052631578948,0.00020989999999999992,0.00037880526315789463,621.5072984807116
0.00018291052631578948,0.00020989999999999992,0.00040397894736842095,543.4493724311337
0.00018291052631578948,0.00020989999999999992,0.00042915263157894726,497.7436304175542
0.00018291052631578948,0.00020989999999999992,0.0004543263157894736,492.0948660770341
0.00018291052631578948,0.00020989999999999992,0.0004794999999999999,529.7521148967411
0.00018291052631578948,0.0002354999999999999,1.2000000000000292e-06,1134.5386232519259
0.00018291052631578948,0.0002354999999999999,2.6373684210526337e-05,856.2281188428447
0.00018291052631578948,0.0002354999999999999,5.1547368421052644e-05,586.4469839309169
0.00018291052631578948,0.0002354999999999999,7.672105263157894e-05,420.08571042336035
0.00018291052631578948,0.0002354999999999999,0.00010189473684210526,470.01177832461775
0.00018291052631578948,0.0002354999999999999,0.00012706842105263157,707.8536361590532
0.00018291052631578948,0.0002354999999999999,0.00015224210526315786,991.1338295250152
0.00018291052631578948,0.0002354999999999999,0.00017741578947368417,1215.4029528808599
0.00018291052631578948,0.0002354999999999999,0.0002025894736842105,1328.5035971170207
0.00018291052631578948,0.0002354999999999999,0.0002277631578947368,1312.9315427767099
0.00018291052631578948,0.0002354999999999999,0.0002529368421052631,1196.7488971599923
0.00018291052631578948,0.0002354999999999999,0.00027811052631578943,1035.0397544744624
0.00018291052631578948,0.0002354999999999999,0.0003032842105263157,871.3090430019699
0.00018291052631578948,0.0002354999999999999,0.000328457894736842,727.1585740056257
0.00018291052631578948,0.0002354999999999999,0.0003536315789473683,610.2972455445231
0.00018291052631578948,0.0002354999999999999,0.00037880526315789463,527.8151057519872
0.00018291052631578948,0.0002354999999999999,0.00040397894736842095,488.4256237334237
0.00018291052631578948,0.0002354999999999999,0.00042915263157894726,494.57529563288136
0.00018291052631578948,0.0002354999999999999,0.0004543263157894736,540.7774394755925
0.00018291052631578948,0.0002354999999999999,0.0004794999999999999,618.4990404579612
0.00018291052631578948,0.0002610999999999999,1.2000000000000292e-06,1518.6823962411404
0.00018291052631578948,0.0002610999999999999,2.6373684210526337e-05,1309.6125448957189
0.00018291052631578948,0.0002610999999999999,5.1547368421052644e-05,1114.8251847280555
0.00018291052631578948,0.0002610999999999999,7.672105263157894e-05,999.3320748116683
0.00018291052631578948,0.0002610999999999999,0.00010189473684210526,1025.179582623449
0.00018291052631578948,0.0002610999999999999,0.00012706842105263157,1171.921511059629
0.00018291052631578948,0.0002610999999999999,0.00015224210526315786,1352.0407254487748
0.00018291052631578948,0.0002610999999999999,0.00017741578947368417,1491.0029806609725
0.00018291052631578948,0.0002610999999999999,0.0002025894736842105,1534.1531675378164
0.00018291052631578948,0.0002610999999999999,0.0002277631578947368,1431.07982142666
0.00018291052631578948,0.0002610999999999999,0.0002529368421052631,1219.1716011565536
0.00018291052631578948,0.0002610999999999999,0.00027811052631578943,986.7411108965907
0.00018291052631578948,0.0002610999999999999,0.0003032842105263157,782.2821835842374
0.00018291052631578948,0.0002610999999999999,0.000328457894736842,623.4289207328195
0.00018291052631578948,0.0002610999999999999,0.0003536315789473683,514.786372684614
0.00018291052631578948,0.0002610999999999999,0.00037880526315789463,461.5773449658337
0.00018291052631578948,0.0002610999999999999,0.00040397894736842095,470.43625558943853
0.00018291052631578948,0.0002610999999999999,0.00042915263157894726,535.2147166400816
0.00018291052631578948,0.0002610999999999999,0.0004543263157894736,635.3615076064493
0.00018291052631578948,0.0002610999999999999,0.0004794999999999999,751.0793480479425
0.00018291052631578948,0.00028669999999999987,1.2000000000000292e-06,1980.1849249755217
0.00018291052631578948,0.00028669999999999987,2.6373684210526337e-05,1866.9540809424298
0.00018291052631578948,0.00028669999999999987,5.1547368421052644e-05,1769.114486154578
0.00018291052631578948,0.00028669999999999987,7.672105263157894e-05,1713.2348955592402
0.00018291052631578948,0.00028669999999999987,0.00010189473684210526,1714.1214395061327
0.00018291052631578948,0.00028669999999999987,0.00012706842105263157,1752.9852438088315
0.00018291052631578948,0.00028669999999999987,0.00015224210526315786,1790.7319133812985
0.00018291052631578948,0.00028669999999999987,0.00017741578947368417,1796.9208583591796
0.00018291052631578948,0.00028669999999999987,0.0002025894736842105,1736.2929367956358
0.00018291052631578948,0.00028669999999999987,0.0002277631578947368,1523.133412771037
0.00018291052631578948,0.00028669999999999987,0.0002529368421052631,1209.0964980365816
0.00018291052631578948,0.00028669999999999987,0.00027811052631578943,915.1200099705119
0.00018291052631578948,0.00028669999999999987,0.0003032842105263157,684.9582181588439
0.00018291052631578948,0.00028669999999999987,0.000328457894736842,529.199340930025
0.00018291052631578948,0.00028669999999999987,0.0003536315789473683,446.25734946923734
0.00018291052631578948,0.00028669999999999987,0.00037880526315789463,436.72397169854156
0.00018291052631578948,0.00028669999999999987,0.00040397894736842095,503.87730719963236
0.00018291052631578948,0.00028669999999999987,0.00042915263157894726,631.9036702027662
0.00018291052631578948,0.00028669999999999987,0.0004543263157894736,784.8858567769001
0.00018291052631578948,0.00028669999999999987,0.0004794999999999999,933.2286864670385
0.00018291052631578948,0.00031229999999999984,1.2000000000000292e-06,2450.386899234661
0.00018291052631578948,0.00031229999999999984,2.6373684210526337e-05,2438.368823279595
0.00018291052631578948,0.00031229999999999984,5.1547368421052644e-05,2440.389208068932
0.00018291052631578948,0.00031229999999999984,7.672105263157894e-05,2446.1095739571097
0.00018291052631578948,0.00031229999999999984,0.00010189473684210526,2426.8156809692146
0.00018291052631578948,0.00031229999999999984,0.00012706842105263157,2352.7515159573645
0.00018291052631578948,0.00031229999999999984,0.00015224210526315786,2218.2991528616294
0.00018291052631578948,0.00031229999999999984,0.00017741578947368417,2037.2310775675453
0.00018291052631578948,0.00031229999999999984,0.0002025894736842105,1805.463230298686
0.00018291052631578948,0.00031229999999999984,0.0002277631578947368,1486.1366408066704
0.00018291052631578948,0.00031229999999999984,0.0002529368421052631,1121.926362388458
0.00018291052631578948,0.00031229999999999984,0.00027811052631578943,804.2700703426142
0.00018291052631578948,0.00031229999999999984,0.0003032842105263157,577.0647578191231
0.00018291052631578948,0.00031229999999999984,0.000328457894736842,449.93038101713125
0.00018291052631578948,0.00031229999999999984,0.0003536315789473683,417.1028971759905
0.00018291052631578948,0.00031229999999999984,0.00037880526315789463,472.2851422861225
0.00018291052631578948,0.00031229999999999984,0.00040397894736842095,609.1277552894585
0.00018291052631578948,0.00031229999999999984,0.00042915263157894726,800.6870265781831
0.00018291052631578948,0.00031229999999999984,0.0004543263157894736,1000.2861335058
0.00018291052631578948,0.00031229999999999984,0.0004794999999999999,1171.0646503598523
0.00018291052631578948,0.0003378999999999998,1.2000000000000292e-06,2857.2268231845037
0.00018291052631578948,0.0003378999999999998,2.6373684210526337e-05,2940.2294538512024
0.00018291052631578948,0.0003378999999999998,5.1547368421052644e-05,3046.632021459617
0.00018291052631578948,0.0003378999999999998,7.672105263157894e-05,3132.6887596340644
0.00018291052631578948,0.0003378999999999998,0.00010189473684210526,3110.6654990180523
0.00018291052631578948,0.0003378999999999998,0.00012706842105263157,2915.2245583189597
0.00018291052631578948,0.0003378999999999998,0.00015224210526315786,2578.1752611375887
0.00018291052631578948,0.0003378999999999998,0.00017741578947368417,2180.333435283534
0.00018291052631578948,0.0003378999999999998,0.0002025894736842105,1767.8329616211477
0.00018291052631578948,0.0003378999999999998,0.0002277631578947368,1352.277205917839
0.00018291052631578948,0.0003378999999999998,0.0002529368421052631,964.3345609841291
0.00018291052631578948,0.0003378999999999998,0.00027811052631578943,654.9995299875712
0.00018291052631578948,0.0003378999999999998,0.0003032842105263157,458.6362371975298
0.00018291052631578948,0.0003378999999999998,0.000328457894736842,383.89244256967515
0.00018291052631578948,0.0003378999999999998,0.0003536315789473683,422.7588306275772
0.00018291052631578948,0.0003378999999999998,0.00037880526315789463,561.6458233646437
0.00018291052631578948,0.0003378999999999998,0.00040397894736842095,780.7781071823232
0.00018291052631578948,0.0003378999999999998,0.00042915263157894726,1040.71237982967
0.00018291052631578948,0.0003378999999999998,0.0004543263157894736,1284.4615264708257
0.00018291052631578948,0.0003378999999999998,0.0004794999999999999,1466.237150514293
0.00018291052631578948,0.00036349999999999984,1.2000000000000292e-06,3126.221969946759
0.00018291052631578948,0.00036349999999999984,0.00015224210526315786,2801.6629600336796
0.00018291052631578948,0.00036349999999999984,0.00017741578947368417,2187.6800333244605
0.00018291052631578948,0.00036349999999999984,0.0002025894736842105,1627.9520883800951
0.00018291052631578948,0.00036349999999999984,0.0002277631578947368,1143.0139662147628
0.00018291052631578948,0.00036349999999999984,0.0002529368421052631,748.2871262515349
0.00018291052631578948,0.00036349999999999984,0.00027811052631578943,468.6279766387125
0.00018291052631578948,0.00036349999999999984,0.0003032842105263157,323.4286161940489
0.00018291052631578948,0.00036349999999999984,0.000328457894736842,316.4116810894732
0.00018291052631578948,0.00036349999999999984,0.0003536315789473683,437.6702992653313
0.00018291052631578948,0.00036349999999999984,0.00037880526315789463,669.3648392642704
0.00018291052631578948,0.00036349999999999984,0.00040397894736842095,983.6326235057448
0.00018291052631578948,0.00036349999999999984,0.00042915263157894726,1330.2955927687963
0.00018291052631578948,0.00036349999999999984,0.0004543263157894736,1630.822091728389
0.00018291052631578948,0.00036349999999999984,0.0004794999999999999,1813.5490711181576
0.00018291052631578948,0.0003890999999999998,1.2000000000000292e-06,3185.2697244413143
0.00018291052631578948,0.0003890999999999998,0.00015224210526315786,2738.3388345547164
0.00018291052631578948,0.0003890999999999998,0.00017741578947368417,1964.256332773431
0.00018291052631578948,0.0003890999999999998,0.0002025894736842105,1327.995739554247
0.00018291052631578948,0.0003890999999999998,0.0002277631578947368,827.8842943790509
0.00018291052631578948,0.0003890999999999998,0.0002529368421052631,460.91015910111287
0.00018291052631578948,0.0003890999999999998,0.00027811052631578943,234.78319333790412
0.00018291052631578948,0.0003890999999999998,0.0003032842105263157,156.5992468554899
0.00018291052631578948,0.0003890999999999998,0.000328457894736842,224.70250631103048
0.00018291052631578948,0.0003890999999999998,0.0003536315789473683,428.4190551008607
0.00018291052631578948,0.0003890999999999998,0.00037880526315789463,750.8630703926552
0.00018291052631578948,0.0003890999999999998,0.00040397894736842095,1167.1720681667175
0.00018291052631578948,0.0003890999999999998,0.00042915263157894726,1630.121394877156
0.00018291052631578948,0.0003890999999999998,0.0004543263157894736,2028.7929039818941
0.00018291052631578948,0.0003890999999999998,0.0004794999999999999,2197.7763766502003
0.00018291052631578948,0.0004146999999999998,1.2000000000000292e-06,2988.1493930030915
0.00018291052631578948,0.0004146999999999998,2.6373684210526337e-05,3085.226212533209
0.00018291052631578948,0.0004146999999999998,0.00012706842105263157,3042.880257407131
0.00018291052631578948,0.0004146999999999998,0.00015224210526315786,2181.0171395177667
0.00018291052631578948,0.0004146999999999998,0.00017741578947368417,1414.5514565141018
0.00018291052631578948,0.0004146999999999998,0.0002025894736842105,818.8025194579491
0.00018291052631578948,0.0004146999999999998,0.0002277631578947368,380.0113776968985
0.00018291052631578948,0.0004146999999999998,0.0002529368421052631,87.87329331745968
0.00018291052631578948,0.0004146999999999998,0.00027811052631578943,-57.570034581443274
0.00018291052631578948,0.0004146999999999998,0.0003032842105263157,-55.83729528675065
0.00018291052631578948,0.0004146999999999998,0.000328457894736842,88.42901419930939
0.00018291052631578948,0.0004146999999999998,0.0003536315789473683,365.1653108412609
0.00018291052631578948,0.0004146999999999998,0.00037880526315789463,761.0419771181381
0.00018291052631578948,0.0004146999999999998,0.00040397894736842095,1260.832841006979
0.00018291052631578948,0.0004146999999999998,0.00042915263157894726,1844.7635925759932
0.00018291052631578948,0.0004146999999999998,0.0004543263157894736,2447.7950934459964
0.00018291052631578948,0.0004146999999999998,0.0004794999999999999,2548.9350818699595
0.00018291052631578948,0.00044029999999999975,1.2000000000000292e-06,2548.5500228027336
0.00018291052631578948,0.00044029999999999975,2.6373684210526337e-05,2479.4109055517874
0.00018291052631578948,0.00044029999999999975,5.1547368421052644e-05,2429.863212524497
0.00018291052631578948,0.00044029999999999975,7.672105263157894e-05,2384.7737703065695
0.00018291052631578948,0.00044029999999999975,0.00010189473684210526,2209.0970204244036
0.00018291052631578948,0.00044029999999999975,0.00012706842105263157,1745.5287428538322
0.00018291052631578948,0.00044029999999999975,0.00015224210526315786,1127.1165085737018
0.00018291052631578948,0.00044029999999999975,0.00017741578947368417,561.720147241086
0.00018291052631578948,0.00044029999999999975,0.0002025894736842105,122.19978116353236
0.00018291052631578948,0.00044029999999999975,0.0002277631578947368,-184.61941141232487
0.00018291052631578948,0.00044029999999999975,0.0002529368421052631,-360.07406218292516
0.00018291052631578948,0.00044029999999999975,0.00027811052631578943,-403.30784285639
0.00018291052631578948,0.00044029999999999975,0.0003032842105263157,-315.01070409893885
0.00018291052631578948,0.00044029999999999975,0.000328457894736842,-100.09596297151876
0.00018291052631578948,0.00044029999999999975,0.0003536315789473683,232.17173663832327
0.00018291052631578948,0.00044029999999999975,0.00037880526315789463,669.338346745601
0.00018291052631578948,0.00044029999999999975,0.00040397894736842095,1196.2280150792365
0.00018291052631578948,0.00044029999999999975,0.00042915263157894726,1790.1661459514025
0.00018291052631578948,0.00044029999999999975,0.0004543263157894736,2366.6909363203004
0.00018291052631578948,0.00044029999999999975,0.0004794999999999999,2496.8973860963333
0.00018291052631578948,0.0004658999999999997,1.2000000000000292e-06,1948.3447706989587
0.00018291052631578948,0.0004658999999999997,2.6373684210526337e-05,1682.9844530570763
0.00018291052631578948,0.0004658999999999997,5.1547368421052644e-05,1353.5083490602092
0.00018291052631578948,0.0004658999999999997,7.672105263157894e-05,949.9324944031363
0.00018291052631578948,0.0004658999999999997,0.00010189473684210526,521.2302859306061
0.00018291052631578948,0.0004658999999999997,0.00012706842105263157,195.63392499958772
0.00018291052631578948,0.0004658999999999997,0.00015224210526315786,-112.52531713680769
0.00018291052631578948,0.0004658999999999997,0.00017741578947368417,-413.0352060902891
0.00018291052631578948,0.0004658999999999997,0.0002025894736842105,-650.6771533441212
0.00018291052631578948,0.0004658999999999997,0.0002277631578947368,-796.246368630535
0.00018291052631578948,0.0004658999999999997,0.0002529368421052631,-839.210561668414
0.00018291052631578948,0.0004658999999999997,0.00027811052631578943,-775.5295671305004
0.00018291052631578948,0.0004658999999999997,0.0003032842105263157,-604.8940902717702
0.00018291052631578948,0.0004658999999999997,0.000328457894736842,-331.44646637141017
0.00018291052631578948,0.0004658999999999997,0.0003536315789473683,35.62021873770097
0.00018291052631578948,0.0004658999999999997,0.00037880526315789463,481.4776140735872
0.00018291052631578948,0.0004658999999999997,0.00040397894736842095,982.4739005942237
0.00018291052631578948,0.0004658999999999997,0.00042915263157894726,1493.482034066611
0.00018291052631578948,0.0004658999999999997,0.0004543263157894736,1915.0715023176383
0.00018291052631578948,0.0004658999999999997,0.0004794999999999999,2114.345455547363
0.00018291052631578948,0.0004914999999999997,1.2000000000000292e-06,1302.0424766668086
0.00018291052631578948,0.0004914999999999997,2.6373684210526337e-05,882.0174815702965
0.00018291052631578948,0.0004914999999999997,5.1547368421052644e-05,354.1604641422729
0.00018291052631578948,0.0004914999999999997,7.672105263157894e-05,-289.77449372370904
0.00018291052631578948,0.0004914999999999997,0.00010189473684210526,-923.3545746229022
0.00018291052631578948,0.0004914999999999997,0.00012706842105263157,-1098.7244540994257
0.00018291052631578948,0.0004914999999999997,0.00027811052631578943,-1134.9588987696475
0.00018291052631578948,0.0004914999999999997,0.0003032842105263157,-898.0300370028136
0.00018291052631578948,0.0004914999999999997,0.000328457894736842,-583.0942339084824
0.00018291052631578948,0.0004914999999999997,0.0003536315789473683,-199.91777882966127
0.00018291052631578948,0.0004914999999999997,0.00037880526315789463,234.66918109104603
0.00018291052631578948,0.0004914999999999997,0.00040397894736842095,693.5219475174181
0.00018291052631578948,0.0004914999999999997,0.00042915263157894726,1133.115232997204
0.00018291052631578948,0.0004914999999999997,0.0004543263157894736,1491.5754135527036
0.00018291052631578948,0.0004914999999999997,0.0004794999999999999,1716.5346739255415
0.00020842631578947367,5.10000000000007e-06,1.2000000000000292e-06,1714.1684153010267
0.00020842631578947367,5.10000000000007e-06,2.6373684210526337e-05,1885.272717742964
0.00020842631578947367,5.10000000000007e-06,5.1547368421052644e-05,2136.5359342714587
0.00020842631578947367,5.10000000000007e-06,7.672105263157894e-05,2469.9881607730044
0.00020842631578947367,5.10000000000007e-06,0.00010189473684210526,2876.550990834613
0.00020842631578947367,5.10000000000007e-06,0.0002025894736842105,2967.605554487884
0.00020842631578947367,5.10000000000007e-06,0.0002277631578947368,2665.978296599507
0.00020842631578947367,5.10000000000007e-06,0.0002529368421052631,2395.386654911905
0.00020842631578947367,5.10000000000007e-06,0.00027811052631578943,2156.072518614367
0.00020842631578947367,5.10000000000007e-06,0.0003032842105263157,1943.3726838334678
0.00020842631578947367,5.10000000000007e-06,0.000328457894736842,1747.1346572282885
0.00020842631578947367,5.10000000000007e-06,0.0003536315789473683,1551.244246224994
0.00020842631578947367,5.10000000000007e-06,0.00037880526315789463,1335.3951216731298
0.00020842631578947367,5.10000000000007e-06,0.00040397894736842095,1081.8556999199827
0.00020842631578947367,5.10000000000007e-06,0.00042915263157894726,785.7805551233615
0.00020842631578947367,5.10000000000007e-06,0.0004543263157894736,462.9287096870573
0.00020842631578947367,5.10000000000007e-06,0.0004794999999999999,223.320100119692
0.00020842631578947367,3.0700000000000055e-05,1.2000000000000292e-06,1536.5594428984928
0.00020842631578947367,3.0700000000000055e-05,2.6373684210526337e-05,1690.1538664005425
0.00020842631578947367,3.0700000000000055e-05,5.1547368421052644e-05,1930.7045703129431
0.00020842631578947367,3.0700000000000055e-05,7.672105263157894e-05,2263.6657838130523
0.00020842631578947367,3.0700000000000055e-05,0.00010189473684210526,2684.9050573290465
0.00020842631578947367,3.0700000000000055e-05,0.00012706842105263157,3172.10599803847
0.00020842631578947367,3.0700000000000055e-05,0.00017741578947368417,3149.1549722530253
0.00020842631578947367,3.0700000000000055e-05,0.0002025894736842105,2819.078968518012
0.00020842631578947367,3.0700000000000055e-05,0.0002277631578947368,2522.046796670359
0.00020842631578947367,3.0700000000000055e-05,0.0002529368421052631,2260.9919819483275
0.00020842631578947367,3.0700000000000055e-05,0.00027811052631578943,2035.7337553377304
0.00020842631578947367,3.0700000000000055e-05,0.0003032842105263157,1842.4477441285853
0.00020842631578947367,3.0700000000000055e-05,0.000328457894736842,1670.7722486510277
0.00020842631578947367,3.0700000000000055e-05,0.0003536315789473683,1501.3496332459308
0.00020842631578947367,3.0700000000000055e-05,0.00037880526315789463,1304.5334860481375
0.00020842631578947367,3.0700000000000055e-05,0.00040397894736842095,1049.7233008173619
0.00020842631578947367,3.0700000000000055e-05,0.00042915263157894726,731.4662856112301
0.00020842631578947367,3.0700000000000055e-05,0.0004543263157894736,380.72849425665356
0.00020842631578947367,3.0700000000000055e-05,0.0004794999999999999,120.7638798988225
0.00020842631578947367,5.6300000000000034e-05,1.2000000000000292e-06,1334.3885909471958
0.00020842631578947367,5.6300000000000034e-05,2.6373684210526337e-05,1449.0640435094679
0.00020842631578947367,5.6300000000000034e-05,5.1547368421052644e-05,1648.0580248425224
0.00020842631578947367,5.6300000000000034e-05,7.672105263157894e-05,1933.2983612667913
0.00020842631578947367,5.6300000000000034e-05,0.00010189473684210526,2285.1308819655023
0.00020842631578947367,5.6300000000000034e-05,0.00012706842105263157,2634.3748948288785
0.00020842631578947367,5.6300000000000034e-05,0.00015224210526315786,2813.5038978881926
0.00020842631578947367,5.6300000000000034e-05,0.00017741578947368417,2728.2407364295323
0.00020842631578947367,5.6300000000000034e-05,0.0002025894736842105,2520.995537832216
0.00020842631578947367,5.6300000000000034e-05,0.0002277631578947368,2291.750292432436
0.00020842631578947367,5.6300000000000034e-05,0.0002529368421052631,2074.9021264677904
0.00020842631578947367,5.6300000000000034e-05,0.00027811052631578943,1884.580650521096
0.00020842631578947367,5.6300000000000034e-05,0.0003032842105263157,1725.2481265416222
0.00020842631578947367,5.6300000000000034e-05,0.000328457894736842,1592.1586563691426
0.00020842631578947367,5.6300000000000034e-05,0.0003536315789473683,1469.2425867267107
0.00020842631578947367,5.6300000000000034e-05,0.00037880526315789463,1319.939988257722
0.00020842631578947367,5.6300000000000034e-05,0.00040397894736842095,1088.035021480032
0.00020842631578947367,5.6300000000000034e-05,0.00042915263157894726,772.5081284105888
0.00020842631578947367,5.6300000000000034e-05,0.0004543263157894736,463.59942497079726
0.00020842631578947367,5.6300000000000034e-05,0.0004794999999999999,283.55237705200653
0.00020842631578947367,8.190000000000001e-05,1.2000000000000292e-06,1115.107594399817
0.00020842631578947367,8.190000000000001e-05,2.6373684210526337e-05,1171.5277470986641
0.00020842631578947367,8.190000000000001e-05,5.1547368421052644e-05,1305.3789302975742
0.00020842631578947367,8.190000000000001e-05,7.672105263157894e-05,1518.0195693958474
0.00020842631578947367,8.190000000000001e-05,0.00010189473684210526,1785.667721626411
0.00020842631578947367,8.190000000000001e-05,0.00012706842105263157,2046.7347315870663
0.00020842631578947367,8.190000000000001e-05,0.00015224210526315786,2212.954148679601
0.00020842631578947367,8.190000000000001e-05,0.00017741578947368417,2237.5875048296975
0.00020842631578947367,8.190000000000001e-05,0.0002025894736842105,2153.4352838089976
0.00020842631578947367,8.190000000000001e-05,0.0002277631578947368,2014.58322746532
0.00020842631578947367,8.190000000000001e-05,0.0002529368421052631,1860.0102406708866
0.00020842631578947367,8.190000000000001e-05,0.00027811052631578943,1714.7652349658704
0.00020842631578947367,8.190000000000001e-05,0.0003032842105263157,1592.7007572097339
0.00020842631578947367,8.190000000000001e-05,0.000328457894736842,1497.4683996822964
0.00020842631578947367,8.190000000000001e-05,0.0003536315789473683,1422.9811218852728
0.00020842631578947367,8.190000000000001e-05,0.00037880526315789463,1338.117092513911
0.00020842631578947367,8.190000000000001e-05,0.00040397894736842095,1141.2076126616685
0.00020842631578947367,8.190000000000001e-05,0.00042915263157894726,817.6941652329987
0.00020842631578947367,8.190000000000001e-05,0.0004543263157894736,528.8952841150108
0.00020842631578947367,8.190000000000001e-05,0.0004794999999999999,371.02161380239795
0.00020842631578947367,0.0001075,1.2000000000000292e-06,891.39500777618
0.00020842631578947367,0.0001075,2.6373684210526337e-05,873.3878044633245
0.00020842631578947367,0.0001075,5.1547368421052644e-05,926.4745400087518
0.00020842631578947367,0.0001075,7.672105263157894e-05,1061.0411018739937
0.00020842631578947367,0.0001075,0.00010189473684210526,1264.2429682437426
0.00020842631578947367,0.0001075,0.00012706842105263157,1490.9334506788477
0.00020842631578947367,0.0001075,0.00015224210526315786,1678.1394858374852
0.00020842631578947367,0.0001075,0.00017741578947368417,1781.1067836639247
0.00020842631578947367,0.0001075,0.0002025894736842105,1794.4297981998627
0.00020842631578947367,0.0001075,0.0002277631578947368,1739.9175265645858
0.00020842631578947367,0.0001075,0.0002529368421052631,1647.462104044642
0.00020842631578947367,0.0001075,0.00027811052631578943,1544.5891154095482
0.00020842631578947367,0.0001075,0.0003032842105263157,1450.584866029856
0.00020842631578947367,0.0001075,0.000328457894736842,1374.2983821752482
0.00020842631578947367,0.0001075,0.0003536315789473683,1314.2206221802733
0.00020842631578947367,0.0001075,0.00037880526315789463,1244.214318486665
0.00020842631578947367,0.0001075,0.00040397894736842095,1066.6973965542618
0.00020842631578947367,0.0001075,0.00042915263157894726,771.1932710530554
0.00020842631578947367,0.0001075,0.0004543263157894736,519.1521140295998
0.00020842631578947367,0.0001075,0.0004794999999999999,389.9584788120164
0.00020842631578947367,0.00013309999999999998,1.2000000000000292e-06,682.2719864456557
0.00020842631578947367,0.00013309999999999998,2.6373684210526337e-05,575.3867277673864
0.00020842631578947367,0.00013309999999999998,5.1547368421052644e-05,533.0764772909662
0.00020842631578947367,0.00013309999999999998,7.672105263157894e-05,587.0533514015867
0.00020842631578947367,0.00013309999999999998,0.00010189473684210526,747.884068814064
0.00020842631578947367,0.00013309999999999998,0.00012706842105263157,980.3622113117568
0.00020842631578947367,0.00013309999999999998,0.00015224210526315786,1216.0860869512248
0.00020842631578947367,0.00013309999999999998,0.00017741578947368417,1394.8801112504004
0.00020842631578947367,0.00013309999999999998,0.0002025894736842105,1489.9557642937866
0.00020842631578947367,0.00013309999999999998,0.0002277631578947368,1505.671245819651
0.00020842631578947367,0.00013309999999999998,0.0002529368421052631,1464.1889632369557
0.00020842631578947367,0.00013309999999999998,0.00027811052631578943,1392.488033204848
0.00020842631578947367,0.00013309999999999998,0.0003032842105263157,1312.0725325830995
0.00020842631578947367,0.00013309999999999998,0.000328457894736842,1232.84103542245
0.00020842631578947367,0.00013309999999999998,0.0003536315789473683,1150.847023293845
0.00020842631578947367,0.00013309999999999998,0.00037880526315789463,1042.7704411605243
0.00020842631578947367,0.00013309999999999998,0.00040397894736842095,868.1817402568767
0.00020842631578947367,0.00013309999999999998,0.00042915263157894726,642.9621815145422
0.00020842631578947367,0.00013309999999999998,0.0004543263157894736,457.45065006572315
0.00020842631578947367,0.00013309999999999998,0.0004794999999999999,373.7391918837236
0.00020842631578947367,0.00015869999999999995,1.2000000000000292e-06,516.3825660440096
0.00020842631578947367,0.00015869999999999995,2.6373684210526337e-05,308.57963829193096
0.00020842631578947367,0.00015869999999999995,5.1547368421052644e-05,150.36873856658974
0.00020842631578947367,0.00015869999999999995,7.672105263157894e-05,110.57827242443176
0.00020842631578947367,0.00015869999999999995,0.00010189473684210526,247.72319354919506
0.00020842631578947367,0.00015869999999999995,0.00012706842105263157,527.9400187695637
0.00020842631578947367,0.00015869999999999995,0.00015224210526315786,843.1347346888008
0.00020842631578947367,0.00015869999999999995,0.00017741578947368417,1103.2256118884031
0.00020842631578947367,0.00015869999999999995,0.0002025894736842105,1268.0055910552858
0.00020842631578947367,0.00015869999999999995,0.0002277631578947368,1335.9679087406878
0.00020842631578947367,0.00015869999999999995,0.0002529368421052631,1327.8299420852238
0.00020842631578947367,0.00015869999999999995,0.00027811052631578943,1272.2138019964448
0.00020842631578947367,0.00015869999999999995,0.0003032842105263157,1193.362654731953
0.00020842631578947367,0.00015869999999999995,0.000328457894736842,1102.2119538894221
0.00020842631578947367,0.00015869999999999995,0.0003536315789473683,994.777024668841
0.00020842631578947367,0.00015869999999999995,0.00037880526315789463,860.9030734274213
0.00020842631578947367,0.00015869999999999995,0.00040397894736842095,696.978819366654
0.00020842631578947367,0.00015869999999999995,0.00042915263157894726,527.8752382729731
0.00020842631578947367,0.00015869999999999995,0.0004543263157894736,405.5108259440958
0.00020842631578947367,0.00015869999999999995,0.0004794999999999999,368.7926259103251
0.00020842631578947367,0.00018429999999999995,1.2000000000000292e-06,435.42259877300575
0.00020842631578947367,0.00018429999999999995,2.6373684210526337e-05,127.62578793763922
0.00020842631578947367,0.00018429999999999995,5.1547368421052644e-05,-168.26105511654018
0.00020842631578947367,0.00018429999999999995,7.672105263157894e-05,-336.7685284244939
0.00020842631578947367,0.00018429999999999995,0.00010189473684210526,-205.96970130103537
0.00020842631578947367,0.00018429999999999995,0.00012706842105263157,176.72034254808867
0.00020842631578947367,0.00018429999999999995,0.00015224210526315786,598.079884673976
0.00020842631578947367,0.00018429999999999995,0.00017741578947368417,935.2152337507955
0.00020842631578947367,0.00018429999999999995,0.0002025894736842105,1149.5109498852191
0.00020842631578947367,0.00018429999999999995,0.0002277631578947368,1244.477891273109
0.00020842631578947367,0.00018429999999999995,0.0002529368421052631,1245.9327436823987
0.00020842631578947367,0.00018429999999999995,0.00027811052631578943,1188.3447466016019
0.00020842631578947367,0.00018429999999999995,0.0003032842105263157,1101.8566698898353
0.00020842631578947367,0.00018429999999999995,0.000328457894736842,1001.2047776441557
0.00020842631578947367,0.00018429999999999995,0.0003536315789473683,880.2532400556765
0.00020842631578947367,0.00018429999999999995,0.00037880526315789463,741.1444273588626
0.00020842631578947367,0.00018429999999999995,0.00040397894736842095,599.0034768335868
0.00020842631578947367,0.00018429999999999995,0.00042915263157894726,476.82617250544723
0.00020842631578947367,0.00018429999999999995,0.0004543263157894736,405.99900347137725
0.00020842631578947367,0.00018429999999999995,0.0004794999999999999,407.86707916939713
0.00020842631578947367,0.00020989999999999992,1.2000000000000292e-06,488.6973951016061
0.00020842631578947367,0.00020989999999999992,2.6373684210526337e-05,119.51926187397946
0.00020842631578947367,0.00020989999999999992,5.1547368421052644e-05,-288.2235876729159
0.00020842631578947367,0.00020989999999999992,7.672105263157894e-05,-608.2955821476886
0.00020842631578947367,0.00020989999999999992,0.00010189473684210526,-468.922101796262
0.00020842631578947367,0.00020989999999999992,0.00012706842105263157,43.01501605896256
0.00020842631578947367,0.00020989999999999992,0.00015224210526315786,546.6455897832094
0.00020842631578947367,0.00020989999999999992,0.00017741578947368417,922.6622235207755
0.00020842631578947367,0.00020989999999999992,0.0002025894736842105,1148.144056080713
0.00020842631578947367,0.00020989999999999992,0.0002277631578947368,1234.509317202799
0.00020842631578947367,0.00020989999999999992,0.0002529368421052631,1215.1032391174951
0.00020842631578947367,0.00020989999999999992,0.00027811052631578943,1133.5040253458815
0.00020842631578947367,0.00020989999999999992,0.0003032842105263157,1027.7964519171899
0.00020842631578947367,0.00020989999999999992,0.000328457894736842,918.1569911329823
0.00020842631578947367,0.00020989999999999992,0.0003536315789473683,797.4260385549812
0.00020842631578947367,0.00020989999999999992,0.00037880526315789463,673.3960567521619
0.00020842631578947367,0.00020989999999999992,0.00040397894736842095,565.8750859705574
0.00020842631578947367,0.00020989999999999992,0.00042915263157894726,490.8796368144292
0.00020842631578947367,0.00020989999999999992,0.0004543263157894736,465.4451281781854
0.00020842631578947367,0.00020989999999999992,0.0004794999999999999,498.6814411096697
0.00020842631578947367,0.0002354999999999999,1.2000000000000292e-06,707.1203143087171
0.00020842631578947367,0.0002354999999999999,2.6373684210526337e-05,359.76959494122275
0.00020842631578947367,0.0002354999999999999,5.1547368421052644e-05,-22.1906275593165
0.00020842631578947367,0.0002354999999999999,7.672105263157894e-05,-312.2595323787937
0.00020842631578947367,0.0002354999999999999,0.00010189473684210526,-187.3688973494531
0.00020842631578947367,0.0002354999999999999,0.00012706842105263157,277.110647533467
0.00020842631578947367,0.0002354999999999999,0.00015224210526315786,739.8055186897452
0.00020842631578947367,0.0002354999999999999,0.00017741578947368417,1077.4064047339675
0.00020842631578947367,0.0002354999999999999,0.0002025894736842105,1260.222358610465
0.00020842631578947367,0.0002354999999999999,0.0002277631578947368,1295.120514713721
0.00020842631578947367,0.0002354999999999999,0.0002529368421052631,1220.4408290248919
0.00020842631578947367,0.0002354999999999999,0.00027811052631578943,1091.4646824927438
0.00020842631578947367,0.0002354999999999999,0.0003032842105263157,954.3141670566893
0.00020842631578947367,0.0002354999999999999,0.000328457894736842,831.4453863439957
0.00020842631578947367,0.0002354999999999999,0.0003536315789473683,724.4482472891768
0.00020842631578947367,0.0002354999999999999,0.00037880526315789463,636.135496650302
0.00020842631578947367,0.0002354999999999999,0.00040397894736842095,576.1129041338124
0.00020842631578947367,0.0002354999999999999,0.00042915263157894726,552.9987526391091
0.00020842631578947367,0.0002354999999999999,0.0004543263157894736,572.4572407555811
0.00020842631578947367,0.0002354999999999999,0.0004794999999999999,634.4369131660588
0.00020842631578947367,0.0002610999999999999,1.2000000000000292e-06,1072.1379059781386
0.00020842631578947367,0.0002610999999999999,2.6373684210526337e-05,821.1596029631854
0.00020842631578947367,0.0002610999999999999,5.1547368421052644e-05,577.2879819264244
0.00020842631578947367,0.0002610999999999999,7.672105263157894e-05,438.32462597762157
0.00020842631578947367,0.0002610999999999999,0.00010189473684210526,534.1125792835896
0.00020842631578947367,0.0002610999999999999,0.00012706842105263157,824.6658068992602
0.00020842631578947367,0.0002610999999999999,0.00015224210526315786,1138.3141060773892
0.00020842631578947367,0.0002610999999999999,0.00017741578947368417,1363.2132517767998
0.00020842631578947367,0.0002610999999999999,0.0002025894736842105,1451.6978667317198
0.00020842631578947367,0.0002610999999999999,0.0002277631578947368,1395.327551191116
0.00020842631578947367,0.0002610999999999999,0.0002529368421052631,1235.6018414538871
0.00020842631578947367,0.0002610999999999999,0.00027811052631578943,1042.8038663625903
0.00020842631578947367,0.0002610999999999999,0.0003032842105263157,871.1111926233918
0.00020842631578947367,0.0002610999999999999,0.000328457894736842,743.6518563500431
0.00020842631578947367,0.0002610999999999999,0.0003536315789473683,661.1132749798629
0.00020842631578947367,0.0002610999999999999,0.00037880526315789463,619.0509770979444
0.00020842631578947367,0.0002610999999999999,0.00040397894736842095,616.2110111159599
0.00020842631578947367,0.0002610999999999999,0.00042915263157894726,650.860807333501
0.00020842631578947367,0.0002610999999999999,0.0004543263157894736,717.4770410083007
0.00020842631578947367,0.0002610999999999999,0.0004794999999999999,808.0592936921305
0.00020842631578947367,0.00028669999999999987,1.2000000000000292e-06,1520.4309561891114
0.00020842631578947367,0.00028669999999999987,2.6373684210526337e-05,1391.691605335849
0.00020842631578947367,0.00028669999999999987,5.1547368421052644e-05,1290.815708409692
0.00020842631578947367,0.00028669999999999987,7.672105263157894e-05,1261.749564330486
0.00020842631578947367,0.00028669999999999987,0.00010189473684210526,1337.2901375812564
0.00020842631578947367,0.00028669999999999987,0.00012706842105263157,1486.3189882899994
0.00020842631578947367,0.00028669999999999987,0.00015224210526315786,1629.5263836369957
0.00020842631578947367,0.00028669999999999987,0.00017741578947368417,1699.6765049179135
0.00020842631578947367,0.00028669999999999987,0.0002025894736842105,1655.5364851507634
0.00020842631578947367,0.00028669999999999987,0.0002277631578947368,1482.9578862490566
0.00020842631578947367,0.00028669999999999987,0.0002529368421052631,1227.5356408320476
0.00020842631578947367,0.00028669999999999987,0.00027811052631578943,971.3086117535088
0.00020842631578947367,0.00028669999999999987,0.0003032842105263157,773.6122616527637
0.00020842631578947367,0.00028669999999999987,0.000328457894736842,655.2755656866923
0.00020842631578947367,0.00028669999999999987,0.0003536315789473683,610.1559088250923
0.00020842631578947367,0.00028669999999999987,0.00037880526315789463,624.6587345986819
0.00020842631578947367,0.00028669999999999987,0.00040397894736842095,687.2628571905119
0.00020842631578947367,0.00028669999999999987,0.00042915263157894726,784.8100814919527
0.00020842631578947367,0.00028669999999999987,0.0004543263157894736,900.278892921062
0.00020842631578947367,0.00028669999999999987,0.0004794999999999999,1018.2511170412896
0.00020842631578947367,0.00031229999999999984,1.2000000000000292e-06,1975.4555732846113
0.00020842631578947367,0.00031229999999999984,2.6373684210526337e-05,1962.9765508613857
0.00020842631578947367,0.00031229999999999984,5.1547368421052644e-05,1981.771043615986
0.00020842631578947367,0.00031229999999999984,7.672105263157894e-05,2031.652106317208
0.00020842631578947367,0.00031229999999999984,0.00010189473684210526,2093.8575722123664
0.00020842631578947367,0.00031229999999999984,0.00012706842105263157,2131.925817513263
0.00020842631578947367,0.00031229999999999984,0.00015224210526315786,2109.9616907663685
0.00020842631578947367,0.00031229999999999984,0.00017741578947368417,2005.6882016095556
0.00020842631578947367,0.00031229999999999984,0.0002025894736842105,1805.734280635154
0.00020842631578947367,0.00031229999999999984,0.0002277631578947368,1512.6866111537588
0.00020842631578947367,0.00031229999999999984,0.0002529368421052631,1175.7157306931106
0.00020842631578947367,0.00031229999999999984,0.00027811052631578943,874.502722505775
0.00020842631578947367,0.00031229999999999984,0.0003032842105263157,668.3095838253796
0.00020842631578947367,0.00031229999999999984,0.000328457894736842,574.8348604699825
0.00020842631578947367,0.00031229999999999984,0.0003536315789473683,580.482508438693
0.00020842631578947367,0.00031229999999999984,0.00037880526315789463,662.3000530546867
0.00020842631578947367,0.00031229999999999984,0.00040397894736842095,798.0555343626654
0.00020842631578947367,0.00031229999999999984,0.00042915263157894726,962.4410357177613
0.00020842631578947367,0.00031229999999999984,0.0004543263157894736,1126.5966420708291
0.00020842631578947367,0.00031229999999999984,0.0004794999999999999,1267.6507052479592
0.00020842631578947367,0.0003378999999999998,1.2000000000000292e-06,2365.3490601278017
0.00020842631578947367,0.0003378999999999998,2.6373684210526337e-05,2450.564420863074
0.00020842631578947367,0.0003378999999999998,5.1547368421052644e-05,2570.0641085101624
0.00020842631578947367,0.0003378999999999998,7.672105263157894e-05,2689.903573996615
0.00020842631578947367,0.0003378999999999998,0.00010189473684210526,2747.652794294916
0.00020842631578947367,0.0003378999999999998,0.00012706842105263157,2689.378631579762
0.00020842631578947367,0.0003378999999999998,0.00015224210526315786,2508.4261131341145
0.00020842631578947367,0.0003378999999999998,0.00017741578947368417,2230.138046818462
0.00020842631578947367,0.0003378999999999998,0.0002025894736842105,1878.2179843547522
0.00020842631578947367,0.0003378999999999998,0.0002277631578947368,1478.8945430377203
0.00020842631578947367,0.0003378999999999998,0.0002529368421052631,1083.8967099316508
0.00020842631578947367,0.0003378999999999998,0.00027811052631578943,762.5172915867904
0.00020842631578947367,0.0003378999999999998,0.0003032842105263157,567.2040320541894
0.00020842631578947367,0.0003378999999999998,0.000328457894736842,511.47743897021826
0.00020842631578947367,0.0003378999999999998,0.0003536315789473683,576.9260050929403
0.00020842631578947367,0.0003378999999999998,0.00037880526315789463,733.7214286446736
0.00020842631578947367,0.0003378999999999998,0.00040397894736842095,949.6482501319105
0.00020842631578947367,0.0003378999999999998,0.00042915263157894726,1186.347816146286
0.00020842631578947367,0.0003378999999999998,0.0004543263157894736,1400.0916733241138
0.00020842631578947367,0.0003378999999999998,0.0004794999999999999,1557.4218242641514
0.00020842631578947367,0.00036349999999999984,1.2000000000000292e-06,2624.1747360943195
0.00020842631578947367,0.00036349999999999984,2.6373684210526337e-05,2776.164140066248
0.00020842631578947367,0.00036349999999999984,5.1547368421052644e-05,2973.4688109030694
0.00020842631578947367,0.00036349999999999984,7.672105263157894e-05,3159.106065060507
0.00020842631578947367,0.00036349999999999984,0.00012706842105263157,3076.208095562697
0.00020842631578947367,0.00036349999999999984,0.00015224210526315786,2747.9551270635193
0.00020842631578947367,0.00036349999999999984,0.00017741578947368417,2320.5719188649396
0.00020842631578947367,0.00036349999999999984,0.0002025894736842105,1849.8400169074855
0.00020842631578947367,0.00036349999999999984,0.0002277631578947368,1375.5823234556185
0.00020842631578947367,0.00036349999999999984,0.0002529368421052631,950.8935871334753
0.00020842631578947367,0.00036349999999999984,0.00027811052631578943,634.816263284049
0.00020842631578947367,0.00036349999999999984,0.0003032842105263157,468.2954187144996
0.00020842631578947367,0.00036349999999999984,0.000328457894736842,459.2108781648626
0.00020842631578947367,0.00036349999999999984,0.0003536315789473683,587.8415010050749
0.00020842631578947367,0.00036349999999999984,0.00037880526315789463,822.3176634517612
0.00020842631578947367,0.00036349999999999984,0.00040397894736842095,1124.7518665457746
0.00020842631578947367,0.00036349999999999984,0.00042915263157894726,1444.7879575484505
0.00020842631578947367,0.00036349999999999984,0.0004543263157894736,1715.6866501530455
0.00020842631578947367,0.00036349999999999984,0.0004794999999999999,1881.1530858975511
0.00020842631578947367,0.0003890999999999998,1.2000000000000292e-06,2695.073409616783
0.00020842631578947367,0.0003890999999999998,2.6373684210526337e-05,2861.092460753991
0.00020842631578947367,0.0003890999999999998,5.1547368421052644e-05,3084.174802658814
0.00020842631578947367,0.0003890999999999998,0.00012706842105263157,3142.4031789789324
0.00020842631578947367,0.0003890999999999998,0.00015224210526315786,2706.2329198177617
0.00020842631578947367,0.0003890999999999998,0.00017741578947368417,2190.8799649595285
0.00020842631578947367,0.0003890999999999998,0.0002025894736842105,1663.7896741926254
0.00020842631578947367,0.0003890999999999998,0.0002277631578947368,1165.0413432012222
0.00020842631578947367,0.0003890999999999998,0.0002529368421052631,749.3119398535866
0.00020842631578947367,0.0003890999999999998,0.00027811052631578943,467.5204649073882
0.00020842631578947367,0.0003890999999999998,0.0003032842105263157,348.31066774649213
0.00020842631578947367,0.0003890999999999998,0.000328457894736842,393.6953016036947
0.00020842631578947367,0.0003890999999999998,0.0003536315789473683,585.0957907491475
0.00020842631578947367,0.0003890999999999998,0.00037880526315789463,893.684816581299
0.00020842631578947367,0.0003890999999999998,0.00040397894736842095,1283.822546007117
0.00020842631578947367,0.0003890999999999998,0.00042915263157894726,1701.835320508683
0.00020842631578947367,0.0003890999999999998,0.0004543263157894736,2049.6982804154495
0.00020842631578947367,0.0003890999999999998,0.0004794999999999999,2212.9122694246034
0.00020842631578947367,0.0004146999999999998,1.2000000000000292e-06,2546.709884567542
0.00020842631578947367,0.0004146999999999998,2.6373684210526337e-05,2652.902285673038
0.00020842631578947367,0.0004146999999999998,5.1547368421052644e-05,2807.1358690321777
0.00020842631578947367,0.0004146999999999998,7.672105263157894e-05,2957.5157631720904
0.00020842631578947367,0.0004146999999999998,0.00010189473684210526,2963.1985680956955
0.00020842631578947367,0.0004146999999999998,0.00012706842105263157,2702.98624595938
0.00020842631578947367,0.0004146999999999998,0.00015224210526315786,2251.822059045684
0.00020842631578947367,0.0004146999999999998,0.00017741578947368417,1749.2902801129737
0.00020842631578947367,0.0004146999999999998,0.0002025894736842105,1253.4870416576443
0.00020842631578947367,0.0004146999999999998,0.0002277631578947368,800.629241339728
0.00020842631578947367,0.0004146999999999998,0.0002529368421052631,445.82624361654973
0.00020842631578947367,0.0004146999999999998,0.00027811052631578943,232.73900160256838
0.00020842631578947367,0.0004146999999999998,0.0003032842105263157,180.42235347717062
0.00020842631578947367,0.0004146999999999998,0.000328457894736842,287.03849496503443
0.00020842631578947367,0.0004146999999999998,0.0003536315789473683,536.3745892768119
0.00020842631578947367,0.0004146999999999998,0.00037880526315789463,904.8144840614789
0.00020842631578947367,0.0004146999999999998,0.00040397894736842095,1364.049464643421
0.00020842631578947367,0.0004146999999999998,0.00042915263157894726,1870.7307917408511
0.00020842631578947367,0.0004146999999999998,0.0004543263157894736,2311.608950757747
0.00020842631578947367,0.0004146999999999998,0.0004794999999999999,2462.0236360097556
0.00020842631578947367,0.00044029999999999975,1.2000000000000292e-06,2195.052188217251
0.00020842631578947367,0.00044029999999999975,2.6373684210526337e-05,2173.281570673159
0.00020842631578947367,0.00044029999999999975,5.1547368421052644e-05,2162.1160595343777
0.00020842631578947367,0.00044029999999999975,7.672105263157894e-05,2132.0873888216356
0.00020842631578947367,0.00044029999999999975,0.00010189473684210526,2013.9887495225557
0.00020842631578947367,0.00044029999999999975,0.00012706842105263157,1754.1545427364322
0.00020842631578947367,0.00044029999999999975,0.00015224210526315786,1389.1277195743596
0.00020842631578947367,0.00044029999999999975,0.00017741578947368417,994.1429586943397
0.00020842631578947367,0.00044029999999999975,0.0002025894736842105,611.9473258019734
0.00020842631578947367,0.00044029999999999975,0.0002277631578947368,277.81024306833575
0.00020842631578947367,0.00044029999999999975,0.0002529368421052631,37.55490310107422
0.00020842631578947367,0.00044029999999999975,0.00027811052631578943,-74.66379033018778
0.00020842631578947367,0.00044029999999999975,0.0003032842105263157,-44.74176721901048
0.00020842631578947367,0.00044029999999999975,0.000328457894736842,125.17374281026065
0.00020842631578947367,0.00044029999999999975,0.0003536315789473683,421.63812758459926
0.00020842631578947367,0.00044029999999999975,0.00037880526315789463,824.2651599440056
0.00020842631578947367,0.00044029999999999975,0.00040397894736842095,1306.636050491026
0.00020842631578947367,0.00044029999999999975,0.00042915263157894726,1825.4753739975251
0.00020842631578947367,0.00044029999999999975,0.0004543263157894736,2269.260846659599
0.00020842631578947367,0.00044029999999999975,0.0004794999999999999,2432.1734704088085
0.00020842631578947367,0.0004658999999999997,1.2000000000000292e-06,1706.5818445638563
0.00020842631578947367,0.0004658999999999997,2.6373684210526337e-05,1529.815370184922
0.00020842631578947367,0.0004658999999999997,5.1547368421052644e-05,1318.4540929172488
0.00020842631578947367,0.0004658999999999997,7.672105263157894e-05,1069.7512316260604
0.00020842631578947367,0.0004658999999999997,0.00010189473684210526,808.6019096120957
0.00020842631578947367,0.0004658999999999997,0.00012706842105263157,570.1571444955955
0.00020842631578947367,0.0004658999999999997,0.00015224210526315786,330.98423126096554
0.00020842631578947367,0.0004658999999999997,0.00017741578947368417,81.39894332961106
0.00020842631578947367,0.0004658999999999997,0.0002025894736842105,-150.12409736710276
0.00020842631578947367,0.0004658999999999997,0.0002277631578947368,-329.96724233312057
0.00020842631578947367,0.0004658999999999997,0.0002529368421052631,-429.80316113016715
0.00020842631578947367,0.0004658999999999997,0.00027811052631578943,-427.8637486415379
0.00020842631578947367,0.0004658999999999997,0.0003032842105263157,-312.8206390797831
0.00020842631578947367,0.0004658999999999997,0.000328457894736842,-85.35092991678796
0.00020842631578947367,0.0004658999999999997,0.0003536315789473683,243.4062764725172
0.00020842631578947367,0.0004658999999999997,0.00037880526315789463,653.7404895428906
0.00020842631578947367,0.0004658999999999997,0.00040397894736842095,1115.979041259828
0.00020842631578947367,0.0004658999999999997,0.00042915263157894726,1580.3984107049328
0.00020842631578947367,0.0004658999999999997,0.0004543263157894736,1957.9053402680843
0.00020842631578947367,0.0004658999999999997,0.0004794999999999999,2151.2596766863953
0.00020842631578947367,0.0004914999999999997,1.2000000000000292e-06,1172.1740394512863
0.00020842631578947367,0.0004914999999999997,2.6373684210526337e-05,864.8280695924462
0.00020842631578947367,0.0004914999999999997,5.1547368421052644e-05,497.4565427495488
0.00020842631578947367,0.0004914999999999997,7.672105263157894e-05,88.9069672176358
0.00020842631578947367,0.0004914999999999997,0.00010189473684210526,-273.9638109928424
0.00020842631578947367,0.0004914999999999997,0.00012706842105263157,-494.23590968602207
0.00020842631578947367,0.0004914999999999997,0.00015224210526315786,-637.2031986872408
0.00020842631578947367,0.0004914999999999997,0.00017741578947368417,-765.623566017411
0.00020842631578947367,0.0004914999999999997,0.0002025894736842105,-864.5071107457029
0.00020842631578947367,0.0004914999999999997,0.0002277631578947368,-907.946214750131
0.00020842631578947367,0.0004914999999999997,0.0002529368421052631,-883.5051906729739
0.00020842631578947367,0.0004914999999999997,0.00027811052631578943,-781.2578056044315
0.00020842631578947367,0.0004914999999999997,0.0003032842105263157,-593.992722980614
0.00020842631578947367,0.0004914999999999997,0.000328457894736842,-322.3675096159515
0.00020842631578947367,0.0004914999999999997,0.0003536315789473683,23.6061453310075
0.00020842631578947367,0.0004914999999999997,0.00037880526315789463,424.72759923835235
0.00020842631578947367,0.0004914999999999997,0.00040397894736842095,851.3528331559828
0.00020842631578947367,0.0004914999999999997,0.00042915263157894726,1259.753127222694
0.00020842631578947367,0.0004914999999999997,0.0004543263157894736,1593.0356702854444
0.00020842631578947367,0.0004914999999999997,0.0004794999999999999,1805.891052405608
0.00023394210526315787,5.10000000000007e-06,1.2000000000000292e-06,1597.8882058726251
0.00023394210526315787,5.10000000000007e-06,2.6373684210526337e-05,1767.4954341745472
0.00023394210526315787,5.10000000000007e-06,5.1547368421052644e-05,2019.4213154961524
0.00023394210526315787,5.10000000000007e-06,7.672105263157894e-05,2351.1273529641844
0.00023394210526315787,5.10000000000007e-06,0.00010189473684210526,2742.457843960634
0.00023394210526315787,5.10000000000007e-06,0.00012706842105263157,3129.6114567282216
0.00023394210526315787,5.10000000000007e-06,0.00017741578947368417,3163.2157467234
0.00023394210526315787,5.10000000000007e-06,0.0002025894736842105,2898.294392766528
0.00023394210526315787,5.10000000000007e-06,0.0002277631578947368,2628.0092191498807
0.00023394210526315787,5.10000000000007e-06,0.0002529368421052631,2379.428321877925
0.00023394210526315787,5.10000000000007e-06,0.00027811052631578943,2159.417891735523
0.00023394210526315787,5.10000000000007e-06,0.0003032842105263157,1965.743505463542
0.00023394210526315787,5.10000000000007e-06,0.000328457894736842,1788.6335654326842
0.00023394210526315787,5.10000000000007e-06,0.0003536315789473683,1612.6952186806004
0.00023394210526315787,5.10000000000007e-06,0.00037880526315789463,1420.7189939602633
0.00023394210526315787,5.10000000000007e-06,0.00040397894736842095,1200.564218868889
0.00023394210526315787,5.10000000000007e-06,0.00042915263157894726,954.9919247387777
0.00023394210526315787,5.10000000000007e-06,0.0004543263157894736,716.0814278718392
0.00023394210526315787,5.10000000000007e-06,0.0004794999999999999,582.5575734221075
0.00023394210526315787,3.0700000000000055e-05,1.2000000000000292e-06,1413.1685054203265
0.00023394210526315787,3.0700000000000055e-05,2.6373684210526337e-05,1566.413747457064
0.00023394210526315787,3.0700000000000055e-05,5.1547368421052644e-05,1808.435521730637
0.00023394210526315787,3.0700000000000055e-05,7.672105263157894e-05,2139.6833902340104
0.00023394210526315787,3.0700000000000055e-05,0.00010189473684210526,2543.348511644513
0.00023394210526315787,3.0700000000000055e-05,0.00012706842105263157,2959.998567189818
0.00023394210526315787,3.0700000000000055e-05,0.00015224210526315786,3167.939633517331
0.00023394210526315787,3.0700000000000055e-05,0.00017741578947368417,3007.6237494749353
0.00023394210526315787,3.0700000000000055e-05,0.0002025894736842105,2738.4462483321954
0.00023394210526315787,3.0700000000000055e-05,0.0002277631578947368,2469.8598704366727
0.00023394210526315787,3.0700000000000055e-05,0.0002529368421052631,2226.2209700714343
0.00023394210526315787,3.0700000000000055e-05,0.00027811052631578943,2015.4964361702598
0.00023394210526315787,3.0700000000000055e-05,0.0003032842105263157,1836.0619153758735
0.00023394210526315787,3.0700000000000055e-05,0.000328457894736842,1676.133332097283
0.00023394210526315787,3.0700000000000055e-05,0.0003536315789473683,1516.0393366036938
0.00023394210526315787,3.0700000000000055e-05,0.00037880526315789463,1332.0834285232065
0.00023394210526315787,3.0700000000000055e-05,0.00040397894736842095,1106.1663135568565
0.00023394210526315787,3.0700000000000055e-05,0.00042915263157894726,843.1121967021612
0.00023394210526315787,3.0700000000000055e-05,0.0004543263157894736,585.5464427983496
0.00023394210526315787,3.0700000000000055e-05,0.0004794999999999999,441.43753074344005
0.00023394210526315787,5.6300000000000034e-05,1.2000000000000292e-06,1205.5821089445026
0.00023394210526315787,5.6300000000000034e-05,2.6373684210526337e-05,1322.0442351584381
0.00023394210526315787,5.6300000000000034e-05,5.1547368421052644e-05,1524.7213980576214
0.00023394210526315787,5.6300000000000034e-05,7.672105263157894e-05,1812.1364088728762
0.00023394210526315787,5.6300000000000034e-05,0.00010189473684210526,2158.65661541246
0.00023394210526315787,5.6300000000000034e-05,0.00012706842105263157,2491.5960708572893
0.00023394210526315787,5.6300000000000034e-05,0.00015224210526315786,2669.7012336976795
0.00023394210526315787,5.6300000000000034e-05,0.00017741578947368417,2620.031904417586
0.00023394210526315787,5.6300000000000034e-05,0.0002025894736842105,2443.9945057769623
0.00023394210526315787,5.6300000000000034e-05,0.0002277631578947368,2231.8513065353777
0.00023394210526315787,5.6300000000000034e-05,0.0002529368421052631,2024.278939002891
0.00023394210526315787,5.6300000000000034e-05,0.00027811052631578943,1841.686049140143
0.00023394210526315787,5.6300000000000034e-05,0.0003032842105263157,1689.1661052492414
0.00023394210526315787,5.6300000000000034e-05,0.000328457894736842,1556.2965907117666
0.00023394210526315787,5.6300000000000034e-05,0.0003536315789473683,1422.3972487520628
0.00023394210526315787,5.6300000000000034e-05,0.00037880526315789463,1259.075999550748
0.00023394210526315787,5.6300000000000034e-05,0.00040397894736842095,1041.4217770646337
0.00023394210526315787,5.6300000000000034e-05,0.00042915263157894726,782.581913130683
0.00023394210526315787,5.6300000000000034e-05,0.0004543263157894736,548.248820436174
0.00023394210526315787,5.6300000000000034e-05,0.0004794999999999999,429.5034046917753
0.00023394210526315787,8.190000000000001e-05,1.2000000000000292e-06,978.6089911963999
0.00023394210526315787,8.190000000000001e-05,2.6373684210526337e-05,1038.9421926561886
0.00023394210526315787,8.190000000000001e-05,5.1547368421052644e-05,1179.084693915451
0.00023394210526315787,8.190000000000001e-05,7.672105263157894e-05,1398.836832237189
0.00023394210526315787,8.190000000000001e-05,0.00010189473684210526,1672.5227369876607
0.00023394210526315787,8.190000000000001e-05,0.00012706842105263157,1939.0754956186356
0.00023394210526315787,8.190000000000001e-05,0.00015224210526315786,2115.559714431832
0.00023394210526315787,8.190000000000001e-05,0.00017741578947368417,2156.693765288345
0.00023394210526315787,8.190000000000001e-05,0.0002025894736842105,2087.1185784374275
0.00023394210526315787,8.190000000000001e-05,0.0002277631578947368,1955.5390794763143
0.00023394210526315787,8.190000000000001e-05,0.0002529368421052631,1802.68982347673
0.00023394210526315787,8.190000000000001e-05,0.00027811052631578943,1658.4810272937543
0.00023394210526315787,8.190000000000001e-05,0.0003032842105263157,1535.6279773957795
0.00023394210526315787,8.190000000000001e-05,0.000328457894736842,1427.438756378302
0.00023394210526315787,8.190000000000001e-05,0.0003536315789473683,1315.8974645619737
0.00023394210526315787,8.190000000000001e-05,0.00037880526315789463,1171.748264918209
0.00023394210526315787,8.190000000000001e-05,0.00040397894736842095,962.981567813094
0.00023394210526315787,8.190000000000001e-05,0.00042915263157894726,709.8516600038698
0.00023394210526315787,8.190000000000001e-05,0.0004543263157894736,497.75119499294
0.00023394210526315787,8.190000000000001e-05,0.0004794999999999999,403.2171980214919
0.00023394210526315787,0.0001075,1.2000000000000292e-06,740.9840925641317
0.00023394210526315787,0.0001075,2.6373684210526337e-05,727.8033036502868
0.00023394210526315787,0.0001075,5.1547368421052644e-05,788.7819284170993
0.00023394210526315787,0.0001075,7.672105263157894e-05,934.3802148561435
0.00023394210526315787,0.0001075,0.00010189473684210526,1151.5008554440794
0.00023394210526315787,0.0001075,0.00012706842105263157,1394.2634639877656
0.00023394210526315787,0.0001075,0.00015224210526315786,1598.572170478213
0.00023394210526315787,0.0001075,0.00017741578947368417,1717.3753468734385
0.00023394210526315787,0.0001075,0.0002025894736842105,1741.7948750811029
0.00023394210526315787,0.0001075,0.0002277631578947368,1691.580283922659
0.00023394210526315787,0.0001075,0.0002529368421052631,1598.0950324421274
0.00023394210526315787,0.0001075,0.00027811052631578943,1492.1720284854007
0.00023394210526315787,0.0001075,0.0003032842105263157,1390.870053681539
0.00023394210526315787,0.0001075,0.000328457894736842,1292.4345843558938
0.00023394210526315787,0.0001075,0.0003536315789473683,1182.6895802743688
0.00023394210526315787,0.0001075,0.00037880526315789463,1036.136191211043
0.00023394210526315787,0.0001075,0.00040397894736842095,826.4566240407106
0.00023394210526315787,0.0001075,0.00042915263157894726,582.5472773571954
0.00023394210526315787,0.0001075,0.0004543263157894736,395.4564778774942
0.00023394210526315787,0.0001075,0.0004794999999999999,332.2142098221743
0.00023394210526315787,0.00013309999999999998,1.2000000000000292e-06,509.1614562454724
0.00023394210526315787,0.00013309999999999998,2.6373684210526337e-05,405.5132768654569
0.00023394210526315787,0.00013309999999999998,5.1547368421052644e-05,369.7629519159901
0.00023394210526315787,0.00013309999999999998,7.672105263157894e-05,436.28881944133497
0.00023394210526315787,0.00013309999999999998,0.00010189473684210526,618.0802848113628
0.00023394210526315787,0.00013309999999999998,0.00012706842105263157,877.7852291193788
0.00023394210526315787,0.00013309999999999998,0.00015224210526315786,1141.0486782051648
0.00023394210526315787,0.00013309999999999998,0.00017741578947368417,1342.5163617752187
0.00023394210526315787,0.00013309999999999998,0.0002025894736842105,1452.696684302792
0.00023394210526315787,0.00013309999999999998,0.0002277631578947368,1475.5841925920417
0.00023394210526315787,0.00013309999999999998,0.0002529368421052631,1435.0015229733367
0.00023394210526315787,0.00013309999999999998,0.00027811052631578943,1359.7143331422642
0.00023394210526315787,0.00013309999999999998,0.0003032842105263157,1269.054696468215
0.00023394210526315787,0.00013309999999999998,0.000328457894736842,1165.8677023891228
0.00023394210526315787,0.00013309999999999998,0.0003536315789473683,1039.5775156423404
0.00023394210526315787,0.00013309999999999998,0.00037880526315789463,872.7603832940426
0.00023394210526315787,0.00013309999999999998,0.00040397894736842095,657.87047617405
0.00023394210526315787,0.00013309999999999998,0.00042915263157894726,433.4515604078222
0.00023394210526315787,0.00013309999999999998,0.0004543263157894736,281.0124981822719
0.00023394210526315787,0.00013309999999999998,0.0004794999999999999,256.1437488094561
0.00023394210526315787,0.00015869999999999995,1.2000000000000292e-06,310.98545072590116
0.00023394210526315787,0.00015869999999999995,2.6373684210526337e-05,100.7453122960793
0.00023394210526315787,0.00015869999999999995,5.1547368421052644e-05,-59.39784184819634
0.00023394210526315787,0.00015869999999999995,7.672105263157894e-05,-92.43264660233275
0.00023394210526315787,0.00015869999999999995,0.00010189473684210526,73.94534967179338
0.00023394210526315787,0.00015869999999999995,0.00012706842105263157,401.1243833004218
0.00023394210526315787,0.00015869999999999995,0.00015224210526315786,762.2629076832113
0.00023394210526315787,0.00015869999999999995,0.00017741578947368417,1057.599960140693
0.00023394210526315787,0.00015869999999999995,0.0002025894736842105,1245.5988412143547
0.00023394210526315787,0.00015869999999999995,0.0002277631578947368,1326.4754969342707
0.00023394210526315787,0.00015869999999999995,0.0002529368421052631,1323.47870038399
0.00023394210526315787,0.00015869999999999995,0.00027811052631578943,1266.8586587989962
0.00023394210526315787,0.00015869999999999995,0.0003032842105263157,1179.7428224905905
0.00023394210526315787,0.00015869999999999995,0.000328457894736842,1069.1021913489599
0.00023394210526315787,0.00015869999999999995,0.0003536315789473683,927.1655072577754
0.00023394210526315787,0.00015869999999999995,0.00037880526315789463,746.8769953106369
0.00023394210526315787,0.00015869999999999995,0.00040397894736842095,538.1320491949318
0.00023394210526315787,0.00015869999999999995,0.00042915263157894726,343.0860465753811
0.00023394210526315787,0.00015869999999999995,0.0004543263157894736,228.43759514303107
0.00023394210526315787,0.00015869999999999995,0.0004794999999999999,235.74733373354707
0.00023394210526315787,0.00018429999999999995,1.2000000000000292e-06,189.63451855998957
0.00023394210526315787,0.00018429999999999995,2.6373684210526337e-05,-131.05179395383544
0.00023394210526315787,0.00018429999999999995,5.1547368421052644e-05,-453.4990247810173
0.00023394210526315787,0.00018429999999999995,7.672105263157894e-05,-652.1535825451256
0.00023394210526315787,0.00018429999999999995,0.00010189473684210526,-478.112942870384
0.00023394210526315787,0.00018429999999999995,0.00012706842105263157,2.8029651049226563
0.00023394210526315787,0.00018429999999999995,0.00015224210526315786,502.61718026704705
0.00023394210526315787,0.00018429999999999995,0.00017741578947368417,891.759194089159
0.00023394210526315787,0.00018429999999999995,0.0002025894736842105,1138.573296788316
0.00023394210526315787,0.00018429999999999995,0.0002277631578947368,1252.6254550528188
0.00023394210526315787,0.00018429999999999995,0.0002529368421052631,1264.254796758326
0.00023394210526315787,0.00018429999999999995,0.00027811052631578943,1210.6382566338225
0.00023394210526315787,0.00018429999999999995,0.0003032842105263157,1122.4286536666154
0.00023394210526315787,0.00018429999999999995,0.000328457894736842,1012.6088377648824
0.00023394210526315787,0.00018429999999999995,0.0003536315789473683,868.4172649868983
0.00023394210526315787,0.00018429999999999995,0.00037880526315789463,692.7417348770429
0.00023394210526315787,0.00018429999999999995,0.00040397894736842095,509.03846914858593
0.00023394210526315787,0.00018429999999999995,0.00042915263157894726,353.98940508480297
0.00023394210526315787,0.00018429999999999995,0.0004543263157894736,276.0084515196598
0.00023394210526315787,0.00018429999999999995,0.0004794999999999999,302.526504156625
0.00023394210526315787,0.00020989999999999992,1.2000000000000292e-06,198.63879106380475
0.00023394210526315787,0.00020989999999999992,2.6373684210526337e-05,-193.00693235588892
0.00023394210526315787,0.00020989999999999992,5.1547368421052644e-05,-665.3538289121205
0.00023394210526315787,0.00020989999999999992,0.00010189473684210526,-947.2715301885071
0.00023394210526315787,0.00020989999999999992,0.00012706842105263157,-187.17432997794103
0.00023394210526315787,0.00020989999999999992,0.00015224210526315786,435.10815826514397
0.00023394210526315787,0.00020989999999999992,0.00017741578947368417,877.3899813078114
0.00023394210526315787,0.00020989999999999992,0.0002025894736842105,1141.911910003198
0.00023394210526315787,0.00020989999999999992,0.0002277631578947368,1251.9124844570447
0.00023394210526315787,0.00020989999999999992,0.0002529368421052631,1247.6193121992824
0.00023394210526315787,0.00020989999999999992,0.00027811052631578943,1176.4600784740474
0.00023394210526315787,0.00020989999999999992,0.0003032842105263157,1078.4786733751228
0.00023394210526315787,0.00020989999999999992,0.000328457894736842,974.1730714191631
0.00023394210526315787,0.00020989999999999992,0.0003536315789473683,844.1927860488835
0.00023394210526315787,0.00020989999999999992,0.00037880526315789463,695.9992453861894
0.00023394210526315787,0.00020989999999999992,0.00040397894736842095,555.145370338945
0.00023394210526315787,0.00020989999999999992,0.00042915263157894726,447.5842573387634
0.00023394210526315787,0.00020989999999999992,0.0004543263157894736,404.88860021867583
0.00023394210526315787,0.00020989999999999992,0.0004794999999999999,443.4098160702245
0.00023394210526315787,0.0002354999999999999,1.2000000000000292e-06,373.27682061480425
0.00023394210526315787,0.0002354999999999999,2.6373684210526337e-05,6.459368594590047
0.00023394210526315787,0.0002354999999999999,5.1547368421052644e-05,-427.2496764747857
0.00023394210526315787,0.0002354999999999999,7.672105263157894e-05,-846.8313325869301
0.00023394210526315787,0.0002354999999999999,0.00010189473684210526,-635.8748949259088
0.00023394210526315787,0.0002354999999999999,0.00012706842105263157,40.25856038635127
0.00023394210526315787,0.0002354999999999999,0.00015224210526315786,621.6880578095219
0.00023394210526315787,0.0002354999999999999,0.00017741578947368417,1026.7766053652304
0.00023394210526315787,0.0002354999999999999,0.0002025894736842105,1248.256243661996
0.00023394210526315787,0.0002354999999999999,0.0002277631578947368,1307.9790063316823
0.00023394210526315787,0.0002354999999999999,0.0002529368421052631,1252.4469870301027
0.00023394210526315787,0.0002354999999999999,0.00027811052631578943,1140.448401363243
0.00023394210526315787,0.0002354999999999999,0.0003032842105263157,1021.0964000153759
0.00023394210526315787,0.0002354999999999999,0.000328457894736842,915.8538726833367
0.00023394210526315787,0.0002354999999999999,0.0003536315789473683,818.1295749899427
0.00023394210526315787,0.0002354999999999999,0.00037880526315789463,722.7377861211033
0.00023394210526315787,0.0002354999999999999,0.00040397894736842095,638.8103283493213
0.00023394210526315787,0.0002354999999999999,0.00042915263157894726,584.0614022521013
0.00023394210526315787,0.0002354999999999999,0.0004543263157894736,577.9514462407171
0.00023394210526315787,0.0002354999999999999,0.0004794999999999999,629.3101254788995
0.00023394210526315787,0.0002610999999999999,1.2000000000000292e-06,694.6549911060653
0.00023394210526315787,0.0002610999999999999,2.6373684210526337e-05,436.395536859622
0.00023394210526315787,0.0002610999999999999,5.1547368421052644e-05,185.48601077865976
0.00023394210526315787,0.0002610999999999999,7.672105263157894e-05,52.27596019505194
0.00023394210526315787,0.0002610999999999999,0.00010189473684210526,214.27886804256548
0.00023394210526315787,0.0002610999999999999,0.00012706842105263157,614.2906596588577
0.00023394210526315787,0.0002610999999999999,0.00015224210526315786,1020.6602097349585
0.00023394210526315787,0.0002610999999999999,0.00017741578947368417,1304.3585178206029
0.00023394210526315787,0.0002610999999999999,0.0002025894736842105,1424.4126264410627
0.00023394210526315787,0.0002610999999999999,0.0002277631578947368,1389.9933631229003
0.00023394210526315787,0.0002610999999999999,0.0002529368421052631,1250.6775553542946
0.00023394210526315787,0.0002610999999999999,0.00027811052631578943,1078.1481756708129
0.00023394210526315787,0.0002610999999999999,0.0003032842105263157,932.5821597629567
0.00023394210526315787,0.0002610999999999999,0.000328457894736842,837.2459777050302
0.00023394210526315787,0.0002610999999999999,0.0003536315789473683,781.9191897815276
0.00023394210526315787,0.0002610999999999999,0.00037880526315789463,748.5934538978196
0.00023394210526315787,0.0002610999999999999,0.00040397894736842095,730.898728733727
0.00023394210526315787,0.0002610999999999999,0.00042915263157894726,735.0722497451818
0.00023394210526315787,0.0002610999999999999,0.0004543263157894736,770.2939239308312
0.00023394210526315787,0.0002610999999999999,0.0004794999999999999,839.5446193257775
0.00023394210526315787,0.00028669999999999987,1.2000000000000292e-06,1096.2088576874623
0.00023394210526315787,0.00028669999999999987,2.6373684210526337e-05,968.2616167507874
0.00023394210526315787,0.00028669999999999987,5.1547368421052644e-05,882.9780952367414
0.00023394210526315787,0.00028669999999999987,7.672105263157894e-05,892.898967339353
0.00023394210526315787,0.00028669999999999987,0.00010189473684210526,1039.243476521528
0.00023394210526315787,0.00028669999999999987,0.00012706842105263157,1280.3418389828246
0.00023394210526315787,0.00028669999999999987,0.00015224210526315786,1509.4493056627448
0.00023394210526315787,0.00028669999999999987,0.00017741578947368417,1636.9514861342677
0.00023394210526315787,0.00028669999999999987,0.0002025894736842105,1619.8802140923224
0.00023394210526315787,0.00028669999999999987,0.0002277631578947368,1462.9062175355145
0.00023394210526315787,0.00028669999999999987,0.0002529368421052631,1220.1336245889706
0.00023394210526315787,0.00028669999999999987,0.00027811052631578943,977.4185026809163
0.00023394210526315787,0.00028669999999999987,0.0003032842105263157,807.9972342137833
0.00023394210526315787,0.00028669999999999987,0.000328457894736842,733.4559356809921
0.00023394210526315787,0.00028669999999999987,0.0003536315789473683,730.3560020877193
0.00023394210526315787,0.00028669999999999987,0.00037880526315789463,766.3326736841
0.00023394210526315787,0.00028669999999999987,0.00040397894736842095,822.140719206703
0.00023394210526315787,0.00028669999999999987,0.00042915263157894726,891.9196103285063
0.00023394210526315787,0.00028669999999999987,0.0004543263157894736,974.2611066979009
0.00023394210526315787,0.00028669999999999987,0.0004794999999999999,1066.3211030591867
0.00023394210526315787,0.00031229999999999984,1.2000000000000292e-06,1501.7201696583863
0.00023394210526315787,0.00031229999999999984,2.6373684210526337e-05,1489.0031905613766
0.00023394210526315787,0.00031229999999999984,5.1547368421052644e-05,1525.9077311194287
0.00023394210526315787,0.00031229999999999984,7.672105263157894e-05,1620.0231531915733
0.00023394210526315787,0.00031229999999999984,0.00010189473684210526,1758.9032691164155
0.00023394210526315787,0.00031229999999999984,0.00012706842105263157,1899.4302617933454
0.00023394210526315787,0.00031229999999999984,0.00015224210526315786,1981.4054493523568
0.00023394210526315787,0.00031229999999999984,0.00017741578947368417,1953.8161471011745
0.00023394210526315787,0.00031229999999999984,0.0002025894736842105,1791.4016989678823
0.00023394210526315787,0.00031229999999999984,0.0002277631578947368,1507.1802823066148
0.00023394210526315787,0.00031229999999999984,0.0002529368421052631,1162.6543061051084
0.00023394210526315787,0.00031229999999999984,0.00027811052631578943,855.4139907103447
0.00023394210526315787,0.00031229999999999984,0.0003032842105263157,670.3925376037307
0.00023394210526315787,0.00031229999999999984,0.000328457894736842,624.5874149828613
0.00023394210526315787,0.00031229999999999984,0.0003536315789473683,678.5658742427163
0.00023394210526315787,0.00031229999999999984,0.00037880526315789463,787.1939962138554
0.00023394210526315787,0.00031229999999999984,0.00040397894736842095,920.5342463493193
0.00023394210526315787,0.00031229999999999984,0.00042915263157894726,1060.3954665056945
0.00023394210526315787,0.00031229999999999984,0.0004543263157894736,1193.4087664996155
0.00023394210526315787,0.00031229999999999984,0.0004794999999999999,1309.8136266882332
0.00023394210526315787,0.0003378999999999998,1.2000000000000292e-06,1846.1793079597144
0.00023394210526315787,0.0003378999999999998,2.6373684210526337e-05,1921.7336005507213
0.00023394210526315787,0.0003378999999999998,5.1547368421052644e-05,2046.227137779761
0.00023394210526315787,0.0003378999999999998,7.672105263157894e-05,2197.6985263804013
0.00023394210526315787,0.0003378999999999998,0.00010189473684210526,2332.6068818775448
0.00023394210526315787,0.0003378999999999998,0.00012706842105263157,2401.203884799061
0.00023394210526315787,0.0003378999999999998,0.00015224210526315786,2366.13639891977
0.00023394210526315787,0.0003378999999999998,0.00017741578947368417,2205.818038349121
0.00023394210526315787,0.0003378999999999998,0.0002025894736842105,1915.4627389846783
0.00023394210526315787,0.0003378999999999998,0.0002277631578947368,1523.0945617419702
0.00023394210526315787,0.0003378999999999998,0.0002529368421052631,1101.2140906610855
0.00023394210526315787,0.0003378999999999998,0.00027811052631578943,752.5536684848463
0.00023394210526315787,0.0003378999999999998,0.0003032842105263157,562.831551581728
0.00023394210526315787,0.0003378999999999998,0.000328457894736842,544.1744923663097
0.00023394210526315787,0.0003378999999999998,0.0003536315789473683,649.5276620446361
0.00023394210526315787,0.0003378999999999998,0.00037880526315789463,826.7615203437441
0.00023394210526315787,0.0003378999999999998,0.00040397894736842095,1036.7675445608957
0.00023394210526315787,0.0003378999999999998,0.00042915263157894726,1248.0060037073242
0.00023394210526315787,0.0003378999999999998,0.0004543263157894736,1432.2868338602216
0.00023394210526315787,0.0003378999999999998,0.0004794999999999999,1570.2281358002517
0.00023394210526315787,0.00036349999999999984,1.2000000000000292e-06,2076.833959973655
0.00023394210526315787,0.00036349999999999984,2.6373684210526337e-05,2206.021465902258
0.00023394210526315787,0.00036349999999999984,5.1547368421052644e-05,2383.856736566929
0.00023394210526315787,0.00036349999999999984,7.672105263157894e-05,2570.352925557969
0.00023394210526315787,0.00036349999999999984,0.00010189473684210526,2699.8919827084146
0.00023394210526315787,0.00036349999999999984,0.00012706842105263157,2715.7737065275596
0.00023394210526315787,0.00036349999999999984,0.00015224210526315786,2598.702816526407
0.00023394210526315787,0.00036349999999999984,0.00017741578947368417,2348.460798307715
0.00023394210526315787,0.00036349999999999984,0.0002025894736842105,1968.335393300937
0.00023394210526315787,0.00036349999999999984,0.0002277631578947368,1500.3572993676967
0.00023394210526315787,0.00036349999999999984,0.0002529368421052631,1036.069984763039
0.00023394210526315787,0.00036349999999999984,0.00027811052631578943,677.7937278146803
0.00023394210526315787,0.00036349999999999984,0.0003032842105263157,496.80739529450085
0.00023394210526315787,0.00036349999999999984,0.000328457894736842,500.60025019384807
0.00023394210526315787,0.00036349999999999984,0.0003536315789473683,646.9738606138015
0.00023394210526315787,0.00036349999999999984,0.00037880526315789463,884.3127131728119
0.00023394210526315787,0.00036349999999999984,0.00040397894736842095,1166.8159148130837
0.00023394210526315787,0.00036349999999999984,0.00042915263157894726,1449.4209567819685
0.00023394210526315787,0.00036349999999999984,0.0004543263157894736,1684.779142970249
0.00023394210526315787,0.00036349999999999984,0.0004794999999999999,1838.3374203823694
0.00023394210526315787,0.0003890999999999998,1.2000000000000292e-06,2153.3640842470477
0.00023394210526315787,0.0003890999999999998,2.6373684210526337e-05,2290.4630550588813
0.00023394210526315787,0.0003890999999999998,5.1547368421052644e-05,2474.249922332319
0.00023394210526315787,0.0003890999999999998,7.672105263157894e-05,2658.705049279743
0.00023394210526315787,0.0003890999999999998,0.00010189473684210526,2768.1984589739473
0.00023394210526315787,0.0003890999999999998,0.00012706842105263157,2745.556179259376
0.00023394210526315787,0.0003890999999999998,0.00015224210526315786,2590.855294901622
0.00023394210526315787,0.0003890999999999998,0.00017741578947368417,2314.9313088744093
0.00023394210526315787,0.0003890999999999998,0.0002025894736842105,1898.0752739638315
0.00023394210526315787,0.0003890999999999998,0.0002277631578947368,1390.1907322785366
0.00023394210526315787,0.0003890999999999998,0.0002529368421052631,918.4902848201324
0.00023394210526315787,0.0003890999999999998,0.00027811052631578943,581.9015920084418
0.00023394210526315787,0.0003890999999999998,0.0003032842105263157,429.5546401992011
0.00023394210526315787,0.0003890999999999998,0.000328457894736842,462.2749533205053
0.00023394210526315787,0.0003890999999999998,0.0003536315789473683,646.0621708592407
0.00023394210526315787,0.0003890999999999998,0.00037880526315789463,935.2671158083822
0.00023394210526315787,0.0003890999999999998,0.00040397894736842095,1282.8351523161666
0.00023394210526315787,0.0003890999999999998,0.00042915263157894726,1634.2826222248987
0.00023394210526315787,0.0003890999999999998,0.0004543263157894736,1920.3838744443058
0.00023394210526315787,0.0003890999999999998,0.0004794999999999999,2082.9002404031457
0.00023394210526315787,0.0004146999999999998,1.2000000000000292e-06,2056.5000665599086
0.00023394210526315787,0.0004146999999999998,2.6373684210526337e-05,2147.4422404703673
0.00023394210526315787,0.0004146999999999998,5.1547368421052644e-05,2274.5431050014686
0.00023394210526315787,0.0004146999999999998,7.672105263157894e-05,2398.537578606274
0.00023394210526315787,0.0004146999999999998,0.00010189473684210526,2454.3404270817678
0.00023394210526315787,0.0004146999999999998,0.00012706842105263157,2397.1193886724973
0.00023394210526315787,0.0004146999999999998,0.00015224210526315786,2239.9122723248274
0.00023394210526315787,0.0004146999999999998,0.00017741578947368417,1994.4105385323137
0.00023394210526315787,0.0004146999999999998,0.0002025894736842105,1601.5721653799803
0.00023394210526315787,0.0004146999999999998,0.0002277631578947368,1112.0866327272895
0.00023394210526315787,0.0004146999999999998,0.0002529368421052631,686.0172922086347
0.00023394210526315787,0.0004146999999999998,0.00027811052631578943,409.7730489791078
0.00023394210526315787,0.0004146999999999998,0.0003032842105263157,312.2246831487787
0.00023394210526315787,0.0004146999999999998,0.000328457894736842,388.5011435858012
0.00023394210526315787,0.0004146999999999998,0.0003536315789473683,611.1423030335238
0.00023394210526315787,0.0004146999999999998,0.00037880526315789463,942.0312992447338
0.00023394210526315787,0.0004146999999999998,0.00040397894736842095,1337.6496987748712
0.00023394210526315787,0.0004146999999999998,0.00042915263157894726,1741.3303318233573
0.00023394210526315787,0.0004146999999999998,0.0004543263157894736,2068.4551447321232
0.00023394210526315787,0.0004146999999999998,0.0004794999999999999,2236.6125399782973
0.00023394210526315787,0.00044029999999999975,1.2000000000000292e-06,1799.9722422592097
0.00023394210526315787,0.00044029999999999975,2.6373684210526337e-05,1797.8021595114853
0.00023394210526315787,0.00044029999999999975,5.1547368421052644e-05,1810.8383062954908
0.00023394210526315787,0.00044029999999999975,7.672105263157894e-05,1816.6785606679045
0.00023394210526315787,0.00044029999999999975,0.00010189473684210526,1781.1231083788564
0.00023394210526315787,0.00044029999999999975,0.00012706842105263157,1681.5540253353033
0.00023394210526315787,0.00044029999999999975,0.00015224210526315786,1522.6111118807364
0.00023394210526315787,0.00044029999999999975,0.00017741578947368417,1303.663863275525
0.00023394210526315787,0.00044029999999999975,0.0002025894736842105,988.4526678266789
0.00023394210526315787,0.00044029999999999975,0.0002277631578947368,620.8254273571995
0.00023394210526315787,0.00044029999999999975,0.0002529368421052631,317.59613193676057
0.00023394210526315787,0.00044029999999999975,0.00027811052631578943,145.6260665171794
0.00023394210526315787,0.00044029999999999975,0.0003032842105263157,127.21284533230019
0.00023394210526315787,0.00044029999999999975,0.000328457894736842,258.59570715120554
0.00023394210526315787,0.00044029999999999975,0.0003536315789473683,518.5931887314094
0.00023394210526315787,0.00044029999999999975,0.00037880526315789463,875.6206739834045
0.00023394210526315787,0.00044029999999999975,0.00040397894736842095,1290.1009154545523
0.00023394210526315787,0.00044029999999999975,0.00042915263157894726,1707.1944232653718
0.00023394210526315787,0.00044029999999999975,0.0004543263157894736,2044.3371668462667
0.00023394210526315787,0.00044029999999999975,0.0004794999999999999,2222.18579147198
0.00023394210526315787,0.0004658999999999997,1.2000000000000292e-06,1431.727719737994
0.00023394210526315787,0.0004658999999999997,2.6373684210526337e-05,1315.7547620034654
0.00023394210526315787,0.0004658999999999997,5.1547368421052644e-05,1191.567270017409
0.00023394210526315787,0.0004658999999999997,7.672105263157894e-05,1057.2104134800527
0.00023394210526315787,0.0004658999999999997,0.00010189473684210526,916.4483166627804
0.00023394210526315787,0.0004658999999999997,0.00012706842105263157,770.9519509835847
0.00023394210526315787,0.0004658999999999997,0.00015224210526315786,606.5587996921008
0.00023394210526315787,0.0004658999999999997,0.00017741578947368417,409.8574668222134
0.00023394210526315787,0.0004658999999999997,0.0002025894736842105,197.55892218932877
0.00023394210526315787,0.0004658999999999997,0.0002277631578947368,4.199954173274349
0.00023394210526315787,0.0004658999999999997,0.0002529368421052631,-134.82742675382443
0.00023394210526315787,0.0004658999999999997,0.00027811052631578943,-180.54440759472274
0.00023394210526315787,0.0004658999999999997,0.0003032842105263157,-110.34139687293785
0.00023394210526315787,0.0004658999999999997,0.000328457894736842,77.31798331189046
0.00023394210526315787,0.0004658999999999997,0.0003536315789473683,367.3826266785434
0.00023394210526315787,0.0004658999999999997,0.00037880526315789463,733.369429833808
0.00023394210526315787,0.0004658999999999997,0.00040397894736842095,1139.0421182802918
0.00023394210526315787,0.0004658999999999997,0.00042915263157894726,1534.6432706939088
0.00023394210526315787,0.0004658999999999997,0.0004543263157894736,1855.037365941879
0.00023394210526315787,0.0004658999999999997,0.0004794999999999999,2046.6067568977578
0.00023394210526315787,0.0004914999999999997,1.2000000000000292e-06,1017.5542010667897
0.00023394210526315787,0.0004914999999999997,2.6373684210526337e-05,799.8838900274314
0.00023394210526315787,0.0004914999999999997,5.1547368421052644e-05,559.5010308994376
0.00023394210526315787,0.0004914999999999997,7.672105263157894e-05,311.3691586397891
0.00023394210526315787,0.0004914999999999997,0.00010189473684210526,86.84616849293572
0.00023394210526315787,0.0004914999999999997,0.00012706842105263157,-94.1538332883986
0.00023394210526315787,0.0004914999999999997,0.00015224210526315786,-254.01319571828893
0.00023394210526315787,0.0004914999999999997,0.00017741578947368417,-412.448809911527
0.00023394210526315787,0.0004914999999999997,0.0002025894736842105,-529.0069872866587
0.00023394210526315787,0.0004914999999999997,0.0002277631578947368,-579.3853880637184
0.00023394210526315787,0.0004914999999999997,0.0002529368421052631,-579.4821784532262
0.00023394210526315787,0.0004914999999999997,0.00027811052631578943,-514.7667291779796
0.00023394210526315787,0.0004914999999999997,0.0003032842105263157,-367.32696261263084
0.00023394210526315787,0.0004914999999999997,0.000328457894736842,-133.59273270885785
0.00023394210526315787,0.0004914999999999997,0.0003536315789473683,175.39374837623356
0.00023394210526315787,0.0004914999999999997,0.00037880526315789463,537.3363763374567
0.00023394210526315787,0.0004914999999999997,0.00040397894736842095,920.6545209071564
0.00023394210526315787,0.0004914999999999997,0.00042915263157894726,1284.8184477054938
0.00023394210526315787,0.0004914999999999997,0.0004543263157894736,1584.7780154375305
0.00023394210526315787,0.0004914999999999997,0.0004794999999999999,1788.334114428616
0.00025945789473684206,5.10000000000007e-06,1.2000000000000292e-06,1448.0627758220985
0.00025945789473684206,5.10000000000007e-06,2.6373684210526337e-05,1599.0551968032564
0.00025945789473684206,5.10000000000007e-06,5.1547368421052644e-05,1832.1157242948202
0.00025945789473684206,5.10000000000007e-06,7.672105263157894e-05,2135.2454495406873
0.00025945789473684206,5.10000000000007e-06,0.00010189473684210526,2470.441854740991
0.00025945789473684206,5.10000000000007e-06,0.00012706842105263157,2765.2226213122804
0.00025945789473684206,5.10000000000007e-06,0.00015224210526315786,2914.5939751670485
0.00025945789473684206,5.10000000000007e-06,0.00017741578947368417,2873.5609553248723
0.00025945789473684206,5.10000000000007e-06,0.0002025894736842105,2712.9361666468253
0.00025945789473684206,5.10000000000007e-06,0.0002277631578947368,2510.7576590971307
0.00025945789473684206,5.10000000000007e-06,0.0002529368421052631,2308.762221230943
0.00025945789473684206,5.10000000000007e-06,0.00027811052631578943,2125.965871804278
0.00025945789473684206,5.10000000000007e-06,0.0003032842105263157,1966.8456839615724
0.00025945789473684206,5.10000000000007e-06,0.000328457894736842,1824.9053983931306
0.00025945789473684206,5.10000000000007e-06,0.0003536315789473683,1687.7412206393847
0.00025945789473684206,5.10000000000007e-06,0.00037880526315789463,1542.903196024289
0.00025945789473684206,5.10000000000007e-06,0.00040397894736842095,1384.4253119114387
0.00025945789473684206,5.10000000000007e-06,0.00042915263157894726,1220.623397692207
0.00025945789473684206,5.10000000000007e-06,0.0004543263157894736,1082.045658883066
0.00025945789473684206,5.10000000000007e-06,0.0004794999999999999,1020.659769861431
0.00025945789473684206,3.0700000000000055e-05,1.2000000000000292e-06,1263.7945429523122
0.00025945789473684206,3.0700000000000055e-05,2.6373684210526337e-05,1400.6611084479573
0.00025945789473684206,3.0700000000000055e-05,5.1547368421052644e-05,1625.0916092836917
0.00025945789473684206,3.0700000000000055e-05,7.672105263157894e-05,1927.184172783636
0.00025945789473684206,3.0700000000000055e-05,0.00010189473684210526,2270.0387051627895
0.00025945789473684206,3.0700000000000055e-05,0.00012706842105263157,2579.087066776195
0.00025945789473684206,3.0700000000000055e-05,0.00015224210526315786,2740.9871999992465
0.00025945789473684206,3.0700000000000055e-05,0.00017741578947368417,2704.2903748850563
0.00025945789473684206,3.0700000000000055e-05,0.0002025894736842105,2543.3905879471213
0.00025945789473684206,3.0700000000000055e-05,0.0002277631578947368,2338.8870466664075
0.00025945789473684206,3.0700000000000055e-05,0.0002529368421052631,2135.0378898203317
0.00025945789473684206,3.0700000000000055e-05,0.00027811052631578943,1955.3186937980772
0.00025945789473684206,3.0700000000000055e-05,0.0003032842105263157,1805.3688899821477
0.00025945789473684206,3.0700000000000055e-05,0.000328457894736842,1674.2626482770388
0.00025945789473684206,3.0700000000000055e-05,0.0003536315789473683,1544.3046698867986
0.00025945789473684206,3.0700000000000055e-05,0.00037880526315789463,1399.2814016636014
0.00025945789473684206,3.0700000000000055e-05,0.00040397894736842095,1232.2383283277372
0.00025945789473684206,3.0700000000000055e-05,0.00042915263157894726,1055.561655885307
0.00025945789473684206,3.0700000000000055e-05,0.0004543263157894736,907.5962436108802
0.00025945789473684206,3.0700000000000055e-05,0.0004794999999999999,846.0963097131421
0.00025945789473684206,5.6300000000000034e-05,1.2000000000000292e-06,1066.5982818039392
0.00025945789473684206,5.6300000000000034e-05,2.6373684210526337e-05,1173.1725089108731
0.00025945789473684206,5.6300000000000034e-05,5.1547368421052644e-05,1364.5560505697874
0.00025945789473684206,5.6300000000000034e-05,7.672105263157894e-05,1632.1868876521758
0.00025945789473684206,5.6300000000000034e-05,0.00010189473684210526,1940.7360207560957
0.00025945789473684206,5.6300000000000034e-05,0.00012706842105263157,2221.828397891883
0.00025945789473684206,5.6300000000000034e-05,0.00015224210526315786,2385.914568807366
0.00025945789473684206,5.6300000000000034e-05,0.00017741578947368417,2390.3680548312223
0.00025945789473684206,5.6300000000000034e-05,0.0002025894736842105,2276.027624926974
0.00025945789473684206,5.6300000000000034e-05,0.0002277631578947368,2103.262857101279
0.00025945789473684206,5.6300000000000034e-05,0.0002529368421052631,1917.6731094691088
0.00025945789473684206,5.6300000000000034e-05,0.00027811052631578943,1754.3990222721006
0.00025945789473684206,5.6300000000000034e-05,0.0003032842105263157,1624.6091580274663
0.00025945789473684206,5.6300000000000034e-05,0.000328457894736842,1510.6741285391379
0.00025945789473684206,5.6300000000000034e-05,0.0003536315789473683,1390.2449503824441
0.00025945789473684206,5.6300000000000034e-05,0.00037880526315789463,1245.6107028054225
0.00025945789473684206,5.6300000000000034e-05,0.00040397894736842095,1071.3970896490691
0.00025945789473684206,5.6300000000000034e-05,0.00042915263157894726,888.8874642863628
0.00025945789473684206,5.6300000000000034e-05,0.0004543263157894736,747.544205895975
0.00025945789473684206,5.6300000000000034e-05,0.0004794999999999999,701.4572433029266
0.00025945789473684206,8.190000000000001e-05,1.2000000000000292e-06,853.8815801205988
0.00025945789473684206,8.190000000000001e-05,2.6373684210526337e-05,913.3725047487549
0.00025945789473684206,8.190000000000001e-05,5.1547368421052644e-05,1051.9780721083184
0.00025945789473684206,8.190000000000001e-05,7.672105263157894e-05,1265.4812880305167
0.00025945789473684206,8.190000000000001e-05,0.00010189473684210526,1525.1434234740316
0.00025945789473684206,8.190000000000001e-05,0.00012706842105263157,1775.3773120603034
0.00025945789473684206,8.190000000000001e-05,0.00015224210526315786,1949.8846204653744
0.00025945789473684206,8.190000000000001e-05,0.00017741578947368417,2009.946029547085
0.00025945789473684206,8.190000000000001e-05,0.0002025894736842105,1963.9140062167703
0.00025945789473684206,8.190000000000001e-05,0.0002277631578947368,1845.1664346104633
0.00025945789473684206,8.190000000000001e-05,0.0002529368421052631,1693.4878800950144
0.00025945789473684206,8.190000000000001e-05,0.00027811052631578943,1554.6646895742676
0.00025945789473684206,8.190000000000001e-05,0.0003032842105263157,1446.79715135871
0.00025945789473684206,8.190000000000001e-05,0.000328457894736842,1345.0848427295746
0.00025945789473684206,8.190000000000001e-05,0.0003536315789473683,1225.5241991849832
0.00025945789473684206,8.190000000000001e-05,0.00037880526315789463,1071.015190330717
0.00025945789473684206,8.190000000000001e-05,0.00040397894736842095,879.2886174569022
0.00025945789473684206,8.190000000000001e-05,0.00042915263157894726,683.9702204105786
0.00025945789473684206,8.190000000000001e-05,0.0004543263157894736,550.9053170381449
0.00025945789473684206,8.190000000000001e-05,0.0004794999999999999,532.3274415367873
0.00025945789473684206,0.0001075,1.2000000000000292e-06,628.6141435912477
0.00025945789473684206,0.0001075,2.6373684210526337e-05,624.9412213947924
0.00025945789473684206,0.0001075,5.1547368421052644e-05,696.0356790126868
0.00025945789473684206,0.0001075,7.672105263157894e-05,848.9155158716233
0.00025945789473684206,0.0001075,0.00010189473684210526,1068.1006731653042
0.00025945789473684206,0.0001075,0.00012706842105263157,1309.7131310955847
0.00025945789473684206,0.0001075,0.00015224210526315786,1515.0843663073958
0.00025945789473684206,0.0001075,0.00017741578947368417,1639.121591069474
0.00025945789473684206,0.0001075,0.0002025894736842105,1668.053661975693
0.00025945789473684206,0.0001075,0.0002277631578947368,1615.4081079747843
0.00025945789473684206,0.0001075,0.0002529368421052631,1512.6163242401335
0.00025945789473684206,0.0001075,0.00027811052631578943,1401.6759367923091
0.00025945789473684206,0.0001075,0.0003032842105263157,1301.8914548330395
0.00025945789473684206,0.0001075,0.000328457894736842,1195.4650838429995
0.00025945789473684206,0.0001075,0.0003536315789473683,1060.3717611532259
0.00025945789473684206,0.0001075,0.00037880526315789463,879.7863900134441
0.00025945789473684206,0.0001075,0.00040397894736842095,654.9971440531865
0.00025945789473684206,0.0001075,0.00042915263157894726,433.2536696953522
0.00025945789473684206,0.0001075,0.0004543263157894736,304.2315137979008
0.00025945789473684206,0.0001075,0.0004794999999999999,325.77440444980687
0.00025945789473684206,0.00013309999999999998,1.2000000000000292e-06,403.74755679903
0.00025945789473684206,0.00013309999999999998,2.6373684210526337e-05,321.42366362216245
0.00025945789473684206,0.00013309999999999998,5.1547368421052644e-05,309.9558390849281
0.00025945789473684206,0.00013309999999999998,7.672105263157894e-05,398.09725705771353
0.00025945789473684206,0.00013309999999999998,0.00010189473684210526,593.1879715832376
0.00025945789473684206,0.00013309999999999998,0.00012706842105263157,857.7288304114705
0.00025945789473684206,0.00013309999999999998,0.00015224210526315786,1121.7011113461378
0.00025945789473684206,0.00013309999999999998,0.00017741578947368417,1322.3172455738884
0.00025945789473684206,0.00013309999999999998,0.0002025894736842105,1428.9507856588143
0.00025945789473684206,0.00013309999999999998,0.0002277631578947368,1443.6177481200048
0.00025945789473684206,0.00013309999999999998,0.0002529368421052631,1391.1181681391338
0.00025945789473684206,0.00013309999999999998,0.00027811052631578943,1304.6204485795695
0.00025945789473684206,0.00013309999999999998,0.0003032842105263157,1203.0787493197986
0.00025945789473684206,0.00013309999999999998,0.000328457894736842,1081.1998416112601
0.00025945789473684206,0.00013309999999999998,0.0003536315789473683,922.1085441700515
0.00025945789473684206,0.00013309999999999998,0.00037880526315789463,710.6017413369257
0.00025945789473684206,0.00013309999999999998,0.00040397894736842095,451.8241593808926
0.00025945789473684206,0.00013309999999999998,0.00042915263157894726,202.57789496347854
0.00025945789473684206,0.00013309999999999998,0.0004543263157894736,76.56980756332155
0.00025945789473684206,0.00013309999999999998,0.0004794999999999999,142.0371114962731
0.00025945789473684206,0.00015869999999999995,1.2000000000000292e-06,204.80719516785948
0.00025945789473684206,0.00015869999999999995,2.6373684210526337e-05,30.47413051265401
0.00025945789473684206,0.00015869999999999995,5.1547368421052644e-05,-84.56276669653504
0.00025945789473684206,0.00015869999999999995,7.672105263157894e-05,-74.77751334955713
0.00025945789473684206,0.00015869999999999995,0.00010189473684210526,113.62954144506814
0.00025945789473684206,0.00015869999999999995,0.00012706842105263157,442.0754506560587
0.00025945789473684206,0.00015869999999999995,0.00015224210526315786,798.2371700655508
0.00025945789473684206,0.00015869999999999995,0.00017741578947368417,1088.1905396710845
0.00025945789473684206,0.00015869999999999995,0.0002025894736842105,1269.2115220963062
0.00025945789473684206,0.00015869999999999995,0.0002277631578947368,1339.884604048528
0.00025945789473684206,0.00015869999999999995,0.0002529368421052631,1323.8824885518757
0.00025945789473684206,0.00015869999999999995,0.00027811052631578943,1253.0147228938665
0.00025945789473684206,0.00015869999999999995,0.0003032842105263157,1149.731963558801
0.00025945789473684206,0.00015869999999999995,0.000328457894736842,1017.1948554049818
0.00025945789473684206,0.00015869999999999995,0.0003536315789473683,843.7626112921596
0.00025945789473684206,0.00015869999999999995,0.00037880526315789463,619.1155504393035
0.00025945789473684206,0.00015869999999999995,0.00040397894736842095,354.71336170687357
0.00025945789473684206,0.00015869999999999995,0.00042915263157894726,110.02763730618952
0.00025945789473684206,0.00015869999999999995,0.0004543263157894736,-2.117164064675103
0.00025945789473684206,0.00015869999999999995,0.0004794999999999999,82.69839293183921
0.00025945789473684206,0.00018429999999999995,1.2000000000000292e-06,71.75459665945255
0.00025945789473684206,0.00018429999999999995,2.6373684210526337e-05,-195.15890263090137
0.00025945789473684206,0.00018429999999999995,5.1547368421052644e-05,-435.81726496208825
0.00025945789473684206,0.00018429999999999995,7.672105263157894e-05,-538.5041948128817
0.00025945789473684206,0.00018429999999999995,0.00010189473684210526,-338.9847589937541
0.00025945789473684206,0.00018429999999999995,0.00012706842105263157,108.65054860239972
0.00025945789473684206,0.00018429999999999995,0.00015224210526315786,585.8802083336675
0.00025945789473684206,0.00018429999999999995,0.00017741578947368417,964.3205090574054
0.00025945789473684206,0.00018429999999999995,0.0002025894736842105,1202.8260419545934
0.00025945789473684206,0.00018429999999999995,0.0002277631578947368,1306.4059347428615
0.00025945789473684206,0.00018429999999999995,0.0002529368421052631,1305.072036037821
0.00025945789473684206,0.00018429999999999995,0.00027811052631578943,1237.3092779665667
0.00025945789473684206,0.00018429999999999995,0.0003032842105263157,1133.4811971228125
0.00025945789473684206,0.00018429999999999995,0.000328457894736842,1003.415495511229
0.00025945789473684206,0.00018429999999999995,0.0003536315789473683,837.1265058222946
0.00025945789473684206,0.00018429999999999995,0.00037880526315789463,628.9186008742129
0.00025945789473684206,0.00018429999999999995,0.00040397894736842095,397.12986495413577
0.00025945789473684206,0.00018429999999999995,0.00042915263157894726,196.37860934116281
0.00025945789473684206,0.00018429999999999995,0.0004543263157894736,110.45012960958636
0.00025945789473684206,0.00018429999999999995,0.0004794999999999999,182.74755436543057
0.00025945789473684206,0.00020989999999999992,1.2000000000000292e-06,52.640188588348046
0.00025945789473684206,0.00020989999999999992,2.6373684210526337e-05,-270.4248376727999
0.00025945789473684206,0.00020989999999999992,5.1547368421052644e-05,-611.7387935073758
0.00025945789473684206,0.00020989999999999992,7.672105263157894e-05,-847.8840335531338
0.00025945789473684206,0.00020989999999999992,0.00010189473684210526,-621.8025229550053
0.00025945789473684206,0.00020989999999999992,0.00012706842105263157,-28.20236022082546
0.00025945789473684206,0.00020989999999999992,0.00015224210526315786,547.5191064448718
0.00025945789473684206,0.00020989999999999992,0.00017741578947368417,976.9493072461376
0.00025945789473684206,0.00020989999999999992,0.0002025894736842105,1234.3399719508081
0.00025945789473684206,0.00020989999999999992,0.0002277631578947368,1334.9163150880318
0.00025945789473684206,0.00020989999999999992,0.0002529368421052631,1318.8304530595249
0.00025945789473684206,0.00020989999999999992,0.00027811052631578943,1236.3832831527266
0.00025945789473684206,0.00020989999999999992,0.0003032842105263157,1129.0662501703068
0.00025945789473684206,0.00020989999999999992,0.000328457894736842,1012.92768707942
0.00025945789473684206,0.00020989999999999992,0.0003536315789473683,876.7063440902401
0.00025945789473684206,0.00020989999999999992,0.00037880526315789463,711.9349113666149
0.00025945789473684206,0.00020989999999999992,0.00040397894736842095,534.7404155460531
0.00025945789473684206,0.00020989999999999992,0.00042915263157894726,388.58787927832736
0.00025945789473684206,0.00020989999999999992,0.0004543263157894736,328.93489926589797
0.00025945789473684206,0.00020989999999999992,0.0004794999999999999,382.60355159014154
0.00025945789473684206,0.0002354999999999999,1.2000000000000292e-06,177.7230806964796
0.00025945789473684206,0.0002354999999999999,2.6373684210526337e-05,-121.86665417802968
0.00025945789473684206,0.0002354999999999999,5.1547368421052644e-05,-429.82180415018956
0.00025945789473684206,0.0002354999999999999,7.672105263157894e-05,-622.6376121294215
0.00025945789473684206,0.0002354999999999999,0.00010189473684210526,-391.57957508749354
0.00025945789473684206,0.0002354999999999999,0.00012706842105263157,176.36075031140157
0.00025945789473684206,0.0002354999999999999,0.00015224210526315786,729.3197827957907
0.00025945789473684206,0.0002354999999999999,0.00017741578947368417,1131.2327868818145
0.00025945789473684206,0.0002354999999999999,0.0002025894736842105,1350.2388430500614
0.00025945789473684206,0.0002354999999999999,0.0002277631578947368,1401.9962070201043
0.00025945789473684206,0.0002354999999999999,0.0002529368421052631,1335.2947103680224
0.00025945789473684206,0.0002354999999999999,0.00027811052631578943,1215.3894572149622
0.00025945789473684206,0.0002354999999999999,0.0003032842105263157,1097.443835423453
0.00025945789473684206,0.0002354999999999999,0.000328457894736842,1002.3250375017434
0.00025945789473684206,0.0002354999999999999,0.0003536315789473683,915.0150058964056
0.00025945789473684206,0.0002354999999999999,0.00037880526315789463,813.4985124359964
0.00025945789473684206,0.0002354999999999999,0.00040397894736842095,700.097892160072
0.00025945789473684206,0.0002354999999999999,0.00042915263157894726,607.0488048956234
0.00025945789473684206,0.0002354999999999999,0.0004543263157894736,573.6186607518077
0.00025945789473684206,0.0002354999999999999,0.0004794999999999999,618.2154673488934
0.00025945789473684206,0.0002610999999999999,1.2000000000000292e-06,429.5058905000444
0.00025945789473684206,0.0002610999999999999,2.6373684210526337e-05,222.80379502995106
0.00025945789473684206,0.0002610999999999999,5.1547368421052644e-05,55.40028102704389
0.00025945789473684206,0.0002610999999999999,7.672105263157894e-05,22.69221713828678
0.00025945789473684206,0.0002610999999999999,0.00010189473684210526,244.46594206163547
0.00025945789473684206,0.0002610999999999999,0.00012706842105263157,664.5231068519663
0.00025945789473684206,0.0002610999999999999,0.00015224210526315786,1090.2894990294947
0.00025945789473684206,0.0002610999999999999,0.00017741578947368417,1390.6629702366179
0.00025945789473684206,0.0002610999999999999,0.0002025894736842105,1515.429074972943
0.00025945789473684206,0.0002610999999999999,0.0002277631578947368,1472.662717162801
0.00025945789473684206,0.0002610999999999999,0.0002529368421052631,1317.8885338686914
0.00025945789473684206,0.0002610999999999999,0.00027811052631578943,1135.7524641978396
0.00025945789473684206,0.0002610999999999999,0.0003032842105263157,1000.5457050523345
0.00025945789473684206,0.0002610999999999999,0.000328457894736842,934.7804451234749
0.00025945789473684206,0.0002610999999999999,0.0003536315789473683,909.3239944900291
0.00025945789473684206,0.0002610999999999999,0.00037880526315789463,882.7689585327208
0.00025945789473684206,0.0002610999999999999,0.00040397894736842095,841.4214682152597
0.00025945789473684206,0.0002610999999999999,0.00042915263157894726,806.5499597868356
0.00025945789473684206,0.0002610999999999999,0.0004543263157894736,807.1686475641404
0.00025945789473684206,0.0002610999999999999,0.0004794999999999999,856.7679780763864
0.00025945789473684206,0.00028669999999999987,1.2000000000000292e-06,749.3060833771583
0.00025945789473684206,0.00028669999999999987,2.6373684210526337e-05,654.46561190322
0.00025945789473684206,0.00028669999999999987,5.1547368421052644e-05,625.6774087831715
0.00025945789473684206,0.00028669999999999987,7.672105263157894e-05,708.0389624367727
0.00025945789473684206,0.00028669999999999987,0.00010189473684210526,927.8827433956272
0.00025945789473684206,0.00028669999999999987,0.00012706842105263157,1235.9051299627893
0.00025945789473684206,0.00028669999999999987,0.00015224210526315786,1522.6950928090446
0.00025945789473684206,0.00028669999999999987,0.00017741578947368417,1689.9771652457782
0.00025945789473684206,0.00028669999999999987,0.0002025894736842105,1686.7409710807867
0.00025945789473684206,0.00028669999999999987,0.0002277631578947368,1517.1965016318134
0.00025945789473684206,0.00028669999999999987,0.0002529368421052631,1243.400534307497
0.00025945789473684206,0.00028669999999999987,0.00027811052631578943,975.9804239067361
0.00025945789473684206,0.00028669999999999987,0.0003032842105263157,821.1852044282816
0.00025945789473684206,0.00028669999999999987,0.000328457894736842,796.2813794437226
0.00025945789473684206,0.00028669999999999987,0.0003536315789473683,841.8413668856527
0.00025945789473684206,0.00028669999999999987,0.00037880526315789463,897.3825019512598
0.00025945789473684206,0.00028669999999999987,0.00040397894736842095,937.9682231164431
0.00025945789473684206,0.00028669999999999987,0.00042915263157894726,972.7196505587135
0.00025945789473684206,0.00028669999999999987,0.0004543263157894736,1019.7122446054486
0.00025945789473684206,0.00028669999999999987,0.0004794999999999999,1087.7619957867325
0.00025945789473684206,0.00031229999999999984,1.2000000000000292e-06,1071.450352415568
0.00025945789473684206,0.00031229999999999984,2.6373684210526337e-05,1073.7843611009182
0.00025945789473684206,0.00031229999999999984,5.1547368421052644e-05,1148.8791488677432
0.00025945789473684206,0.00031229999999999984,7.672105263157894e-05,1304.6493563077368
0.00025945789473684206,0.00031229999999999984,0.00010189473684210526,1525.249345362599
0.00025945789473684206,0.00031229999999999984,0.00012706842105263157,1759.419845788249
0.00025945789473684206,0.00031229999999999984,0.00015224210526315786,1931.6433004219396
0.00025945789473684206,0.00031229999999999984,0.00017741578947368417,1970.7901104006232
0.00025945789473684206,0.00031229999999999984,0.0002025894736842105,1835.7998791731234
0.00025945789473684206,0.00031229999999999984,0.0002277631578947368,1533.9085553290824
0.00025945789473684206,0.00031229999999999984,0.0002529368421052631,1132.841467736227
0.00025945789473684206,0.00031229999999999984,0.00027811052631578943,769.6004674624644
0.00025945789473684206,0.00031229999999999984,0.0003032842105263157,599.5152580982442
0.00025945789473684206,0.00031229999999999984,0.000328457894736842,625.5498582204895
0.00025945789473684206,0.00031229999999999984,0.0003536315789473683,742.8224142899513
0.00025945789473684206,0.00031229999999999984,0.00037880526315789463,879.0567889196245
0.00025945789473684206,0.00031229999999999984,0.00040397894736842095,1004.5642436683893
0.00025945789473684206,0.00031229999999999984,0.00042915263157894726,1115.7624469204507
0.00025945789473684206,0.00031229999999999984,0.0004543263157894736,1217.3830858273063
0.00025945789473684206,0.00031229999999999984,0.0004794999999999999,1312.0026203305383
0.00025945789473684206,0.0003378999999999998,1.2000000000000292e-06,1344.0279272592022
0.00025945789473684206,0.0003378999999999998,2.6373684210526337e-05,1416.733329762094
0.00025945789473684206,0.0003378999999999998,5.1547368421052644e-05,1561.1729244483092
0.00025945789473684206,0.0003378999999999998,7.672105263157894e-05,1762.2500733048169
0.00025945789473684206,0.0003378999999999998,0.00010189473684210526,1982.349526709506
0.00025945789473684206,0.0003378999999999998,0.00012706842105263157,2167.5114290566753
0.00025945789473684206,0.0003378999999999998,0.00015224210526315786,2257.919451277574
0.00025945789473684206,0.0003378999999999998,0.00017741578947368417,2198.173139062894
0.00025945789473684206,0.0003378999999999998,0.0002025894736842105,1955.5377661815298
0.00025945789473684206,0.0003378999999999998,0.0002277631578947368,1547.8519775071259
0.00025945789473684206,0.0003378999999999998,0.0002529368421052631,1057.0075216092064
0.00025945789473684206,0.0003378999999999998,0.00027811052631578943,633.7055907899154
0.00025945789473684206,0.0003378999999999998,0.0003032842105263157,451.16071111481466
0.00025945789473684206,0.0003378999999999998,0.000328457894736842,503.32046734758484
0.00025945789473684206,0.0003378999999999998,0.0003536315789473683,667.615283416853
0.00025945789473684206,0.0003378999999999998,0.00037880526315789463,868.39498495367
0.00025945789473684206,0.0003378999999999998,0.00040397894736842095,1069.8229849260258
0.00025945789473684206,0.0003378999999999998,0.00042915263157894726,1253.9254366358427
0.00025945789473684206,0.0003378999999999998,0.0004543263157894736,1409.9152526714886
0.00025945789473684206,0.0003378999999999998,0.0004794999999999999,1531.7093541321194
0.00025945789473684206,0.00036349999999999984,1.2000000000000292e-06,1530.459005714998
0.00025945789473684206,0.00036349999999999984,2.6373684210526337e-05,1641.656180471829
0.00025945789473684206,0.00036349999999999984,5.1547368421052644e-05,1820.7745172688867
0.00025945789473684206,0.00036349999999999984,7.672105263157894e-05,2040.5285899627002
0.00025945789473684206,0.00036349999999999984,0.00010189473684210526,2253.4532424253844
0.00025945789473684206,0.00036349999999999984,0.00012706842105263157,2407.9976185608366
0.00025945789473684206,0.00036349999999999984,0.00015224210526315786,2457.5917887408027
0.00025945789473684206,0.00036349999999999984,0.00017741578947368417,2350.4878900063914
0.00025945789473684206,0.00036349999999999984,0.0002025894736842105,2041.2739635016235
0.00025945789473684206,0.00036349999999999984,0.0002277631578947368,1563.503054996477
0.00025945789473684206,0.00036349999999999984,0.0002529368421052631,1038.7182020610137
0.00025945789473684206,0.00036349999999999984,0.00027811052631578943,618.0333120286639
0.00025945789473684206,0.00036349999999999984,0.0003032842105263157,426.7060164305669
0.00025945789473684206,0.00036349999999999984,0.000328457894736842,463.9462553076768
0.00025945789473684206,0.00036349999999999984,0.0003536315789473683,640.9737143691389
0.00025945789473684206,0.00036349999999999984,0.00037880526315789463,883.9682098632998
0.00025945789473684206,0.00036349999999999984,0.00040397894736842095,1145.942253287354
0.00025945789473684206,0.00036349999999999984,0.00042915263157894726,1392.7376188882172
0.00025945789473684206,0.00036349999999999984,0.0004543263157894736,1596.583553259146
0.00025945789473684206,0.00036349999999999984,0.0004794999999999999,1740.4899488652081
0.00025945789473684206,0.0003890999999999998,1.2000000000000292e-06,1606.0226639247342
0.00025945789473684206,0.0003890999999999998,2.6373684210526337e-05,1719.359053986331
0.00025945789473684206,0.0003890999999999998,5.1547368421052644e-05,1893.4030563591311
0.00025945789473684206,0.0003890999999999998,7.672105263157894e-05,2097.9509049576536
0.00025945789473684206,0.0003890999999999998,0.00010189473684210526,2286.654814916184
0.00025945789473684206,0.0003890999999999998,0.00012706842105263157,2419.8558774663
0.00025945789473684206,0.0003890999999999998,0.00015224210526315786,2474.7078070855214
0.00025945789473684206,0.0003890999999999998,0.00017741578947368417,2401.8598067641087
0.00025945789473684206,0.0003890999999999998,0.0002025894736842105,2069.8253920238967
0.00025945789473684206,0.0003890999999999998,0.0002277631578947368,1526.5744607453792
0.00025945789473684206,0.0003890999999999998,0.0002529368421052631,991.6761081273748
0.00025945789473684206,0.0003890999999999998,0.00027811052631578943,600.9262412412611
0.00025945789473684206,0.0003890999999999998,0.0003032842105263157,423.1255906633048
0.00025945789473684206,0.0003890999999999998,0.000328457894736842,454.3263467927906
0.00025945789473684206,0.0003890999999999998,0.0003536315789473683,637.6902357109971
0.00025945789473684206,0.0003890999999999998,0.00037880526315789463,909.7382107273937
0.00025945789473684206,0.0003890999999999998,0.00040397894736842095,1217.430401852044
0.00025945789473684206,0.0003890999999999998,0.00042915263157894726,1514.02065811283
0.00025945789473684206,0.0003890999999999998,0.0004543263157894736,1756.2213211522023
0.00025945789473684206,0.0003890999999999998,0.0004794999999999999,1915.420364338274
0.00025945789473684206,0.0004146999999999998,1.2000000000000292e-06,1558.9319177140985
0.00025945789473684206,0.0004146999999999998,2.6373684210526337e-05,1636.3248909117528
0.00025945789473684206,0.0004146999999999998,5.1547368421052644e-05,1761.8628379879797
0.00025945789473684206,0.0004146999999999998,7.672105263157894e-05,1910.0920983420397
0.00025945789473684206,0.0004146999999999998,0.00010189473684210526,2044.8979789166874
0.00025945789473684206,0.0004146999999999998,0.00012706842105263157,2143.175917404865
0.00025945789473684206,0.0004146999999999998,0.00015224210526315786,2211.4988005253385
0.00025945789473684206,0.0004146999999999998,0.00017741578947368417,2251.8527933162645
0.00025945789473684206,0.0004146999999999998,0.0002025894736842105,1934.077678466435
0.00025945789473684206,0.0004146999999999998,0.0002277631578947368,1323.536168298454
0.00025945789473684206,0.0004146999999999998,0.0002529368421052631,818.8989247495606
0.00025945789473684206,0.0004146999999999998,0.00027811052631578943,488.99992633327713
0.00025945789473684206,0.0004146999999999998,0.0003032842105263157,357.713160811116
0.00025945789473684206,0.0004146999999999998,0.000328457894736842,413.5735865952024
0.00025945789473684206,0.0004146999999999998,0.0003536315789473683,615.5224535822174
0.00025945789473684206,0.0004146999999999998,0.00037880526315789463,911.655468264053
0.00025945789473684206,0.0004146999999999998,0.00040397894736842095,1250.4290509978623
0.00025945789473684206,0.0004146999999999998,0.00042915263157894726,1580.0687172711205
0.00025945789473684206,0.0004146999999999998,0.0004543263157894736,1848.0660744444174
0.00025945789473684206,0.0004146999999999998,0.0004794999999999999,2017.592969865545
0.00025945789473684206,0.00044029999999999975,1.2000000000000292e-06,1396.2278257682638
0.00025945789473684206,0.00044029999999999975,2.6373684210526337e-05,1406.191348470233
0.00025945789473684206,0.00044029999999999975,5.1547368421052644e-05,1447.0720050913526
0.00025945789473684206,0.00044029999999999975,7.672105263157894e-05,1502.9763593321159
0.00025945789473684206,0.00044029999999999975,0.00010189473684210526,1552.1968858791347
0.00025945789473684206,0.00044029999999999975,0.00012706842105263157,1580.5858969097771
0.00025945789473684206,0.00044029999999999975,0.00015224210526315786,1587.9064044356674
0.00025945789473684206,0.00044029999999999975,0.00017741578947368417,1550.0184067366279
0.00025945789473684206,0.00044029999999999975,0.0002025894736842105,1287.898916426331
0.00025945789473684206,0.00044029999999999975,0.0002277631578947368,851.562540761779
0.00025945789473684206,0.00044029999999999975,0.0002529368421052631,486.5941188961319
0.00025945789473684206,0.00044029999999999975,0.00027811052631578943,267.1950841984514
0.00025945789473684206,0.00044029999999999975,0.0003032842105263157,213.52576273765698
0.00025945789473684206,0.00044029999999999975,0.000328457894736842,316.9677269635727
0.00025945789473684206,0.00044029999999999975,0.0003536315789473683,546.9544519049969
0.00025945789473684206,0.00044029999999999975,0.00037880526315789463,861.5481212949777
0.00025945789473684206,0.00044029999999999975,0.00040397894736842095,1214.5801393370002
0.00025945789473684206,0.00044029999999999975,0.00042915263157894726,1556.185146728816
0.00025945789473684206,0.00044029999999999975,0.0004543263157894736,1834.4126217039388
0.00025945789473684206,0.00044029999999999975,0.0004794999999999999,2012.5788430460782
0.00025945789473684206,0.0004658999999999997,1.2000000000000292e-06,1146.3687575901931
0.00025945789473684206,0.0004658999999999997,2.6373684210526337e-05,1073.8735072064248
0.00025945789473684206,0.0004658999999999997,5.1547368421052644e-05,1014.8246205384379
0.00025945789473684206,0.0004658999999999997,7.672105263157894e-05,964.3511784067653
0.00025945789473684206,0.0004658999999999997,0.00010189473684210526,915.1232835550933
0.00025945789473684206,0.0004658999999999997,0.00012706842105263157,855.7721876933499
0.00025945789473684206,0.0004658999999999997,0.00015224210526315786,764.4007135827762
0.00025945789473684206,0.0004658999999999997,0.00017741578947368417,608.9939289520574
0.00025945789473684206,0.0004658999999999997,0.0002025894736842105,415.1615555638821
0.00025945789473684206,0.0004658999999999997,0.0002277631578947368,224.02029194884213
0.00025945789473684206,0.0004658999999999997,0.0002529368421052631,56.70580762562741
0.00025945789473684206,0.0004658999999999997,0.00027811052631578943,-25.1859518110082
0.00025945789473684206,0.0004658999999999997,0.0003032842105263157,12.064155306861728
0.00025945789473684206,0.0004658999999999997,0.000328457894736842,169.94269919571553
0.00025945789473684206,0.0004658999999999997,0.0003536315789473683,427.6046163420295
0.00025945789473684206,0.0004658999999999997,0.00037880526315789463,751.8586756795213
0.00025945789473684206,0.0004658999999999997,0.00040397894736842095,1103.3635233081336
0.00025945789473684206,0.0004658999999999997,0.00042915263157894726,1438.7392374770175
0.00025945789473684206,0.0004658999999999997,0.0004543263157894736,1714.464898256475
0.00025945789473684206,0.0004658999999999997,0.0004794999999999999,1901.0583073445378
0.00025945789473684206,0.0004914999999999997,1.2000000000000292e-06,851.6346492271114
0.00025945789473684206,0.0004914999999999997,2.6373684210526337e-05,701.7977942451885
0.00025945789473684206,0.0004914999999999997,5.1547368421052644e-05,553.0869424258216
0.00025945789473684206,0.0004914999999999997,7.672105263157894e-05,410.2895712240997
0.00025945789473684206,0.0004914999999999997,0.00010189473684210526,277.9605171000669
0.00025945789473684206,0.0004914999999999997,0.00012706842105263157,149.92888785104347
0.00025945789473684206,0.0004914999999999997,0.00015224210526315786,-0.6886264126570361
0.00025945789473684206,0.0004914999999999997,0.00017741578947368417,-207.4588405386792
0.00025945789473684206,0.0004914999999999997,0.0002025894736842105,-339.2862964471227
0.00025945789473684206,0.0004914999999999997,0.0002277631578947368,-350.04133913550976
0.00025945789473684206,0.0004914999999999997,0.0002529368421052631,-362.05362603287807
0.00025945789473684206,0.0004914999999999997,0.00027811052631578943,-326.5332446765794
0.00025945789473684206,0.0004914999999999997,0.0003032842105263157,-209.9949678102884
0.00025945789473684206,0.0004914999999999997,0.000328457894736842,-6.184504400304944
0.00025945789473684206,0.0004914999999999997,0.0003536315789473683,270.9057228426538
0.00025945789473684206,0.0004914999999999997,0.00037880526315789463,595.3734000019157
0.00025945789473684206,0.0004914999999999997,0.00040397894736842095,935.1032344713259
0.00025945789473684206,0.0004914999999999997,0.00042915263157894726,1255.2064006728344
0.00025945789473684206,0.0004914999999999997,0.0004543263157894736,1522.880514502839
0.00025945789473684206,0.0004914999999999997,0.0004794999999999999,1716.9770375241878
0.0002849736842105263,5.10000000000007e-06,1.2000000000000292e-06,1277.179879566381
0.0002849736842105263,5.10000000000007e-06,2.6373684210526337e-05,1394.9282603272725
0.0002849736842105263,5.10000000000007e-06,5.1547368421052644e-05,1602.426132247691
0.0002849736842105263,5.10000000000007e-06,7.672105263157894e-05,1877.793803077911
0.0002849736842105263,5.10000000000007e-06,0.00010189473684210526,2168.6340049214596
0.0002849736842105263,5.10000000000007e-06,0.00012706842105263157,2413.0853732599094
0.0002849736842105263,5.10000000000007e-06,0.00015224210526315786,2554.298642658916
0.0002849736842105263,5.10000000000007e-06,0.00017741578947368417,2570.952582801964
0.0002849736842105263,5.10000000000007e-06,0.0002025894736842105,2489.9371886345416
0.0002849736842105263,5.10000000000007e-06,0.0002277631578947368,2356.8631442257433
0.0002849736842105263,5.10000000000007e-06,0.0002529368421052631,2210.2984503428033
0.0002849736842105263,5.10000000000007e-06,0.00027811052631578943,2075.4948768290483
0.0002849736842105263,5.10000000000007e-06,0.0003032842105263157,1963.0835665165791
0.0002849736842105263,5.10000000000007e-06,0.000328457894736842,1870.8581417424996
0.0002849736842105263,5.10000000000007e-06,0.0003536315789473683,1790.1229353922424
0.0002849736842105263,5.10000000000007e-06,0.00037880526315789463,1712.0651030150752
0.0002849736842105263,5.10000000000007e-06,0.00040397894736842095,1632.7514508610823
0.0002849736842105263,5.10000000000007e-06,0.00042915263157894726,1557.5764698274768
0.0002849736842105263,5.10000000000007e-06,0.0004543263157894736,1503.301382281738
0.0002849736842105263,5.10000000000007e-06,0.0004794999999999999,1492.3087165666948
0.0002849736842105263,3.0700000000000055e-05,1.2000000000000292e-06,1101.712722199971
0.0002849736842105263,3.0700000000000055e-05,2.6373684210526337e-05,1209.1889061259299
0.0002849736842105263,3.0700000000000055e-05,5.1547368421052644e-05,1409.914093290398
0.0002849736842105263,3.0700000000000055e-05,7.672105263157894e-05,1683.7069150512984
0.0002849736842105263,3.0700000000000055e-05,0.00010189473684210526,1979.1378101654334
0.0002849736842105263,3.0700000000000055e-05,0.00012706842105263157,2232.154885929475
0.0002849736842105263,3.0700000000000055e-05,0.00015224210526315786,2381.3468124544956
0.0002849736842105263,3.0700000000000055e-05,0.00017741578947368417,2401.3478119604115
0.0002849736842105263,3.0700000000000055e-05,0.0002025894736842105,2317.5303325682576
0.0002849736842105263,3.0700000000000055e-05,0.0002277631578947368,2176.0830176814293
0.0002849736842105263,3.0700000000000055e-05,0.0002529368421052631,2019.60048560541
0.0002849736842105263,3.0700000000000055e-05,0.00027811052631578943,1881.108517858075
0.0002849736842105263,3.0700000000000055e-05,0.0003032842105263157,1773.53869753823
0.0002849736842105263,3.0700000000000055e-05,0.000328457894736842,1688.028233761194
0.0002849736842105263,3.0700000000000055e-05,0.0003536315789473683,1610.0948607506436
0.0002849736842105263,3.0700000000000055e-05,0.00037880526315789463,1529.0941662224118
0.0002849736842105263,3.0700000000000055e-05,0.00040397894736842095,1442.50676695609
0.0002849736842105263,3.0700000000000055e-05,0.00042915263157894726,1360.376011472781
0.0002849736842105263,3.0700000000000055e-05,0.0004543263157894736,1305.4164773671862
0.0002849736842105263,3.0700000000000055e-05,0.0004794999999999999,1303.1314162094807
0.0002849736842105263,5.6300000000000034e-05,1.2000000000000292e-06,932.1288408347921
0.0002849736842105263,5.6300000000000034e-05,2.6373684210526337e-05,1021.0074306036306
0.0002849736842105263,5.6300000000000034e-05,5.1547368421052644e-05,1195.9393997793818
0.0002849736842105263,5.6300000000000034e-05,7.672105263157894e-05,1441.4649931455035
0.0002849736842105263,5.6300000000000034e-05,0.00010189473684210526,1714.7331194991764
0.0002849736842105263,5.6300000000000034e-05,0.00012706842105263157,1957.2049959668766
0.0002849736842105263,5.6300000000000034e-05,0.00015224210526315786,2111.483418462337
0.0002849736842105263,5.6300000000000034e-05,0.00017741578947368417,2149.365207720176
0.0002849736842105263,5.6300000000000034e-05,0.0002025894736842105,2083.9897679770493
0.0002849736842105263,5.6300000000000034e-05,0.0002277631578947368,1950.196621930732
0.0002849736842105263,5.6300000000000034e-05,0.0002529368421052631,1789.145629306497
0.0002849736842105263,5.6300000000000034e-05,0.00027811052631578943,1652.4531901775802
0.0002849736842105263,5.6300000000000034e-05,0.0003032842105263157,1561.3082234141432
0.0002849736842105263,5.6300000000000034e-05,0.000328457894736842,1486.4314575264466
0.0002849736842105263,5.6300000000000034e-05,0.0003536315789473683,1407.1299811214797
0.0002849736842105263,5.6300000000000034e-05,0.00037880526315789463,1314.1672355151575
0.0002849736842105263,5.6300000000000034e-05,0.00040397894736842095,1209.762007584761
0.0002849736842105263,5.6300000000000034e-05,0.00042915263157894726,1114.0429651752047
0.0002849736842105263,5.6300000000000034e-05,0.0004543263157894736,1061.3564174488558
0.0002849736842105263,5.6300000000000034e-05,0.0004794999999999999,1079.4203513405027
0.0002849736842105263,8.190000000000001e-05,1.2000000000000292e-06,754.6135152151724
0.0002849736842105263,8.190000000000001e-05,2.6373684210526337e-05,811.5512450853362
0.0002849736842105263,8.190000000000001e-05,5.1547368421052644e-05,946.5625557144762
0.0002849736842105263,8.190000000000001e-05,7.672105263157894e-05,1150.7735765684226
0.0002849736842105263,8.190000000000001e-05,0.00010189473684210526,1392.2967389374812
0.0002849736842105263,8.190000000000001e-05,0.00012706842105263157,1621.8451740308108
0.0002849736842105263,8.190000000000001e-05,0.00015224210526315786,1787.823921012733
0.0002849736842105263,8.190000000000001e-05,0.00017741578947368417,1857.8681404046981
0.0002849736842105263,8.190000000000001e-05,0.0002025894736842105,1829.336225544864
0.0002849736842105263,8.190000000000001e-05,0.0002277631578947368,1720.0969646515648
0.0002849736842105263,8.190000000000001e-05,0.0002529368421052631,1557.96217421451
0.0002849736842105263,8.190000000000001e-05,0.00027811052631578943,1421.33163127871
0.0002849736842105263,8.190000000000001e-05,0.0003032842105263157,1358.2568503805885
0.0002849736842105263,8.190000000000001e-05,0.000328457894736842,1286.792674802832
0.0002849736842105263,8.190000000000001e-05,0.0003536315789473683,1191.9127115672752
0.0002849736842105263,8.190000000000001e-05,0.00037880526315789463,1067.7572019906027
0.0002849736842105263,8.190000000000001e-05,0.00040397894736842095,921.5367246476864
0.0002849736842105263,8.190000000000001e-05,0.00042915263157894726,789.6037706471081
0.0002849736842105263,8.190000000000001e-05,0.0004543263157894736,732.7411354273604
0.0002849736842105263,8.190000000000001e-05,0.0004794999999999999,787.543393741618
0.0002849736842105263,0.0001075,1.2000000000000292e-06,564.4695618534425
0.0002849736842105263,0.0001075,2.6373684210526337e-05,575.7131293340404
0.0002849736842105263,0.0001075,5.1547368421052644e-05,660.8047828949632
0.0002849736842105263,0.0001075,7.672105263157894e-05,821.0685063416338
0.0002849736842105263,0.0001075,0.00010189473684210526,1037.049468212634
0.0002849736842105263,0.0001075,0.00012706842105263157,1267.4791231983445
0.0002849736842105263,0.0001075,0.00015224210526315786,1461.396729517025
0.0002849736842105263,0.0001075,0.00017741578947368417,1578.454475644813
0.0002849736842105263,0.0001075,0.0002025894736842105,1602.1253941968391
0.0002849736842105263,0.0001075,0.0002277631578947368,1539.0485520586853
0.0002849736842105263,0.0001075,0.0002529368421052631,1415.8941562083414
0.0002849736842105263,0.0001075,0.00027811052631578943,1296.741728282246
0.0002849736842105263,0.0001075,0.0003032842105263157,1214.3347585352858
0.0002849736842105263,0.0001075,0.000328457894736842,1119.6576191479655
0.0002849736842105263,0.0001075,0.0003536315789473683,990.1766440759284
0.0002849736842105263,0.0001075,0.00037880526315789463,814.0665451081834
0.0002849736842105263,0.0001075,0.00040397894736842095,595.9825284487022
0.0002849736842105263,0.0001075,0.00042915263157894726,388.0173041185629
0.0002849736842105263,0.0001075,0.0004543263157894736,308.0424398367005
0.0002849736842105263,0.0001075,0.0004794999999999999,426.12241062249086
0.0002849736842105263,0.00013309999999999998,1.2000000000000292e-06,371.1802910840331
0.0002849736842105263,0.00013309999999999998,2.6373684210526337e-05,325.03516747927966
0.0002849736842105263,0.00013309999999999998,5.1547368421052644e-05,351.4927772888519
0.0002849736842105263,0.00013309999999999998,7.672105263157894e-05,468.216868418064
0.0002849736842105263,0.00013309999999999998,0.00010189473684210526,672.1303190771799
0.0002849736842105263,0.00013309999999999998,0.00012706842105263157,926.3015318842587
0.0002849736842105263,0.00013309999999999998,0.00015224210526315786,1170.613752760427
0.0002849736842105263,0.00013309999999999998,0.00017741578947368417,1350.2824107239744
0.0002849736842105263,0.00013309999999999998,0.0002025894736842105,1436.2183146253103
0.0002849736842105263,0.00013309999999999998,0.0002277631578947368,1428.7182179906322
0.0002849736842105263,0.00013309999999999998,0.0002529368421052631,1353.1109045605194
0.0002849736842105263,0.00013309999999999998,0.00027811052631578943,1249.3195106122055
0.0002849736842105263,0.00013309999999999998,0.0003032842105263157,1139.0288459128133
0.0002849736842105263,0.00013309999999999998,0.000328457894736842,1010.0969771496486
0.0002849736842105263,0.00013309999999999998,0.0003536315789473683,840.8062699080667
0.0002849736842105263,0.00013309999999999998,0.00037880526315789463,611.1269122653933
0.0002849736842105263,0.00013309999999999998,0.00040397894736842095,315.01056067851823
0.0002849736842105263,0.00013309999999999998,0.00042915263157894726,0.7054095395023977
0.0002849736842105263,0.00013309999999999998,0.0004543263157894736,-130.95732116487022
0.0002849736842105263,0.00013309999999999998,0.0004794999999999999,81.69464958626511
0.0002849736842105263,0.00015869999999999995,1.2000000000000292e-06,196.98765872590224
0.0002849736842105263,0.00015869999999999995,2.6373684210526337e-05,86.29072446664708
0.0002849736842105263,0.00015869999999999995,5.1547368421052644e-05,45.653001272778376
0.0002849736842105263,0.00015869999999999995,7.672105263157894e-05,117.31747700332993
0.0002849736842105263,0.00015869999999999995,0.00010189473684210526,324.1251352159744
0.0002849736842105263,0.00015869999999999995,0.00012706842105263157,628.9404861858592
0.0002849736842105263,0.00015869999999999995,0.00015224210526315786,947.2660893048165
0.0002849736842105263,0.00015869999999999995,0.00017741578947368417,1201.2833551897816
0.0002849736842105263,0.00015869999999999995,0.0002025894736842105,1349.8905509361634
0.0002849736842105263,0.00015869999999999995,0.0002277631578947368,1389.4544373826873
0.0002849736842105263,0.00015869999999999995,0.0002529368421052631,1343.4668175953943
0.0002849736842105263,0.00015869999999999995,0.00027811052631578943,1246.2108188122886
0.0002849736842105263,0.00015869999999999995,0.0003032842105263157,1121.7909532763306
0.0002849736842105263,0.00015869999999999995,0.000328457894736842,971.9511029110744
0.0002849736842105263,0.00015869999999999995,0.0003536315789473683,780.8045597291368
0.0002849736842105263,0.00015869999999999995,0.00037880526315789463,527.985917397413
0.0002849736842105263,0.00015869999999999995,0.00040397894736842095,207.255991657621
0.0002849736842105263,0.00015869999999999995,0.00042915263157894726,-133.0974034844414
0.0002849736842105263,0.00015869999999999995,0.0004543263157894736,-278.42008355917886
0.0002849736842105263,0.00015869999999999995,0.0004794999999999999,-46.300555097323496
0.0002849736842105263,0.00018429999999999995,1.2000000000000292e-06,74.94043826126492
0.0002849736842105263,0.00018429999999999995,2.6373684210526337e-05,-95.33162333974481
0.0002849736842105263,0.00018429999999999995,5.1547368421052644e-05,-204.073581334891
0.0002849736842105263,0.00018429999999999995,7.672105263157894e-05,-179.0664492390784
0.0002849736842105263,0.00018429999999999995,0.00010189473684210526,44.023775025834176
0.0002849736842105263,0.00018429999999999995,0.00012706842105263157,422.659835157889
0.0002849736842105263,0.00018429999999999995,0.00015224210526315786,828.2360134539947
0.0002849736842105263,0.00018429999999999995,0.00017741578947368417,1154.6715050698413
0.0002849736842105263,0.00018429999999999995,0.0002025894736842105,1352.6048041148563
0.0002849736842105263,0.00018429999999999995,0.0002277631578947368,1419.0214236914442
0.0002849736842105263,0.00018429999999999995,0.0002529368421052631,1381.825727829579
0.0002849736842105263,0.00018429999999999995,0.00027811052631578943,1281.7250920380109
0.0002849736842105263,0.00018429999999999995,0.0003032842105263157,1151.7747581936603
0.0002849736842105263,0.00018429999999999995,0.000328457894736842,1002.3290601778833
0.0002849736842105263,0.00018429999999999995,0.0003536315789473683,820.6777094109694
0.0002849736842105263,0.00018429999999999995,0.00037880526315789463,588.7769671611192
0.0002849736842105263,0.00018429999999999995,0.00040397894736842095,312.007518917077
0.0002849736842105263,0.00018429999999999995,0.00042915263157894726,53.63834774266946
0.0002849736842105263,0.00018429999999999995,0.0004543263157894736,-44.96658039047501
0.0002849736842105263,0.00018429999999999995,0.0004794999999999999,98.42635796768643
0.0002849736842105263,0.00020989999999999992,1.2000000000000292e-06,41.03854054412139
0.0002849736842105263,0.00020989999999999992,2.6373684210526337e-05,-159.72183413222686
0.0002849736842105263,0.00020989999999999992,5.1547368421052644e-05,-307.99064403743563
0.0002849736842105263,0.00020989999999999992,7.672105263157894e-05,-311.1630407252005
0.0002849736842105263,0.00020989999999999992,0.00010189473684210526,-63.84047226309956
0.0002849736842105263,0.00020989999999999992,0.00012706842105263157,383.05686427262566
0.0002849736842105263,0.00020989999999999992,0.00015224210526315786,855.2134749035189
0.0002849736842105263,0.00020989999999999992,0.00017741578947368417,1225.7419165400436
0.0002849736842105263,0.00020989999999999992,0.0002025894736842105,1441.6822191785304
0.0002849736842105263,0.00020989999999999992,0.0002277631578947368,1503.2988140603818
0.0002849736842105263,0.00020989999999999992,0.0002529368421052631,1447.9487255795466
0.0002849736842105263,0.00020989999999999992,0.00027811052631578943,1330.6464607103303
0.0002849736842105263,0.00020989999999999992,0.0003032842105263157,1198.8667317219304
0.0002849736842105263,0.00020989999999999992,0.000328457894736842,1070.856926318794
0.0002849736842105263,0.00020989999999999992,0.0003536315789473683,930.8998626166823
0.0002849736842105263,0.00020989999999999992,0.00037880526315789463,752.2109345677084
0.0002849736842105263,0.00020989999999999992,0.00040397894736842095,539.8118792238008
0.0002849736842105263,0.00020989999999999992,0.00042915263157894726,353.62493206241743
0.0002849736842105263,0.00020989999999999992,0.0004543263157894736,279.12782839758296
0.0002849736842105263,0.00020989999999999992,0.0004794999999999999,355.50884794532016
0.0002849736842105263,0.0002354999999999999,1.2000000000000292e-06,114.82810943897704
0.0002849736842105263,0.0002354999999999999,2.6373684210526337e-05,-64.99864584168394
0.0002849736842105263,0.0002354999999999999,5.1547368421052644e-05,-184.988225039321
0.0002849736842105263,0.0002354999999999999,7.672105263157894e-05,-157.30867477089927
0.0002849736842105263,0.0002354999999999999,0.00010189473684210526,112.70842590619222
0.0002849736842105263,0.0002354999999999999,0.00012706842105263157,571.2005294152286
0.0002849736842105263,0.0002354999999999999,0.00015224210526315786,1046.0835137148304
0.0002849736842105263,0.0002354999999999999,0.00017741578947368417,1406.436665351129
0.0002849736842105263,0.0002354999999999999,0.0002025894736842105,1593.8716861081905
0.0002849736842105263,0.0002354999999999999,0.0002277631578947368,1609.1498968558096
0.0002849736842105263,0.0002354999999999999,0.0002529368421052631,1500.964861697105
0.0002849736842105263,0.0002354999999999999,0.00027811052631578943,1345.0904791045477
0.0002849736842105263,0.0002354999999999999,0.0003032842105263157,1209.2415254645823
0.0002849736842105263,0.0002354999999999999,0.000328457894736842,1119.1067493672738
0.0002849736842105263,0.0002354999999999999,0.0003536315789473683,1047.6185808695661
0.0002849736842105263,0.0002354999999999999,0.00037880526315789463,941.2358755215464
0.0002849736842105263,0.0002354999999999999,0.00040397894736842095,788.5571536593574
0.0002849736842105263,0.0002354999999999999,0.00042915263157894726,647.8391062175322
0.0002849736842105263,0.0002354999999999999,0.0004543263157894736,585.0021263183128
0.0002849736842105263,0.0002354999999999999,0.0004794999999999999,625.3211907745347
0.0002849736842105263,0.0002610999999999999,1.2000000000000292e-06,280.745415016222
0.0002849736842105263,0.0002610999999999999,2.6373684210526337e-05,166.32889084943585
0.0002849736842105263,0.0002610999999999999,5.1547368421052644e-05,131.40011913231294
0.0002849736842105263,0.0002610999999999999,7.672105263157894e-05,236.186333946969
0.0002849736842105263,0.0002610999999999999,0.00010189473684210526,524.34732200752
0.0002849736842105263,0.0002610999999999999,0.00012706842105263157,942.627581364838
0.0002849736842105263,0.0002610999999999999,0.00015224210526315786,1358.7207126916483
0.0002849736842105263,0.0002610999999999999,0.00017741578947368417,1654.1581442734
0.0002849736842105263,0.0002610999999999999,0.0002025894736842105,1765.1966743835567
0.0002849736842105263,0.0002610999999999999,0.0002277631578947368,1689.9181757688532
0.0002849736842105263,0.0002610999999999999,0.0002529368421052631,1488.3521948038278
0.0002849736842105263,0.0002610999999999999,0.00027811052631578943,1265.0090813469299
0.0002849736842105263,0.0002610999999999999,0.0003032842105263157,1117.7927166551867
0.0002849736842105263,0.0002610999999999999,0.000328457894736842,1074.9725780720285
0.0002849736842105263,0.0002610999999999999,0.0003536315789473683,1085.530163602036
0.0002849736842105263,0.0002610999999999999,0.00037880526315789463,1063.0977159435072
0.0002849736842105263,0.0002610999999999999,0.00040397894736842095,976.6848372000786
0.0002849736842105263,0.0002610999999999999,0.00042915263157894726,884.0895507976049
0.0002849736842105263,0.0002610999999999999,0.0004543263157894736,843.627194742491
0.0002849736842105263,0.0002610999999999999,0.0004794999999999999,874.3991543554434
0.0002849736842105263,0.00028669999999999987,1.2000000000000292e-06,494.0828018503046
0.0002849736842105263,0.00028669999999999987,2.6373684210526337e-05,459.3296751171112
0.0002849736842105263,0.00028669999999999987,5.1547368421052644e-05,519.002490591432
0.0002849736842105263,0.00028669999999999987,7.672105263157894e-05,700.4767957545155
0.0002849736842105263,0.00028669999999999987,0.00010189473684210526,1003.9816787846281
0.0002849736842105263,0.00028669999999999987,0.00012706842105263157,1373.367455923615
0.0002849736842105263,0.00028669999999999987,0.00015224210526315786,1707.7934356846754
0.0002849736842105263,0.00028669999999999987,0.00017741578947368417,1907.467741570531
0.0002849736842105263,0.00028669999999999987,0.0002025894736842105,1909.483066952307
0.0002849736842105263,0.00028669999999999987,0.0002277631578947368,1708.706103253793
0.0002849736842105263,0.00028669999999999987,0.0002529368421052631,1371.5537754196198
0.0002849736842105263,0.00028669999999999987,0.00027811052631578943,1041.15331673932
0.0002849736842105263,0.00028669999999999987,0.0003032842105263157,878.4789666362885
0.0002849736842105263,0.00028669999999999987,0.000328457894736842,897.7278928209785
0.0002849736842105263,0.00028669999999999987,0.0003536315789473683,991.3943853398598
0.0002849736842105263,0.00028669999999999987,0.00037880526315789463,1057.6266923616085
0.0002849736842105263,0.00028669999999999987,0.00040397894736842095,1061.5424721738295
0.0002849736842105263,0.00028669999999999987,0.00042915263157894726,1043.8613831137375
0.0002849736842105263,0.00028669999999999987,0.0004543263157894736,1049.485050683245
0.0002849736842105263,0.00028669999999999987,0.0004794999999999999,1094.6291778565437
0.0002849736842105263,0.00031229999999999984,1.2000000000000292e-06,706.4245149205533
0.0002849736842105263,0.00031229999999999984,2.6373684210526337e-05,740.7033378443696
0.0002849736842105263,0.00031229999999999984,5.1547368421052644e-05,876.7569058928075
0.0002849736842105263,0.00031229999999999984,7.672105263157894e-05,1116.1233557634664
0.0002849736842105263,0.00031229999999999984,0.00010189473684210526,1431.0347848963934
0.0002849736842105263,0.00031229999999999984,0.00012706842105263157,1759.8459917504715
0.0002849736842105263,0.00031229999999999984,0.00015224210526315786,2017.4323528734612
0.0002849736842105263,0.00031229999999999984,0.00017741578947368417,2118.7911896305905
0.0002849736842105263,0.00031229999999999984,0.0002025894736842105,2006.126636529311
0.0002849736842105263,0.00031229999999999984,0.0002277631578947368,1672.28013959626
0.0002849736842105263,0.00031229999999999984,0.0002529368421052631,1174.9846535164972
0.0002849736842105263,0.00031229999999999984,0.00027811052631578943,678.1714307796175
0.0002849736842105263,0.00031229999999999984,0.0003032842105263157,517.5705494118612
0.0002849736842105263,0.00031229999999999984,0.000328457894736842,641.9776595997629
0.0002849736842105263,0.00031229999999999984,0.0003536315789473683,820.2158705889742
0.0002849736842105263,0.00031229999999999984,0.00037880526315789463,971.5614331007798
0.0002849736842105263,0.00031229999999999984,0.00040397894736842095,1074.3212938265651
0.0002849736842105263,0.00031229999999999984,0.00042915263157894726,1146.9690347468625
0.0002849736842105263,0.00031229999999999984,0.0004543263157894736,1214.8002637656398
0.0002849736842105263,0.00031229999999999984,0.0004794999999999999,1289.7659490579865
0.0002849736842105263,0.0003378999999999998,1.2000000000000292e-06,884.4169483947719
0.0002849736842105263,0.0003378999999999998,2.6373684210526337e-05,965.8015301283884
0.0002849736842105263,0.0003378999999999998,5.1547368421052644e-05,1151.4409522876997
0.0002849736842105263,0.0003378999999999998,7.672105263157894e-05,1426.0093065816875
0.0002849736842105263,0.0003378999999999998,0.00010189473684210526,1745.1143428068215
0.0002849736842105263,0.0003378999999999998,0.00012706842105263157,2043.381660754061
0.0002849736842105263,0.0003378999999999998,0.00015224210526315786,2243.8661210272094
0.0002849736842105263,0.0003378999999999998,0.00017741578947368417,2269.346355919246
0.0002849736842105263,0.0003378999999999998,0.0002025894736842105,2065.9338189331156
0.0002849736842105263,0.0003378999999999998,0.0002277631578947368,1634.5136336889873
0.0002849736842105263,0.0003378999999999998,0.0002529368421052631,1039.0546493354113
0.0002849736842105263,0.0003378999999999998,0.00027811052631578943,433.9237853746501
0.0002849736842105263,0.0003378999999999998,0.0003032842105263157,277.2053053289504
0.0002849736842105263,0.0003378999999999998,0.000328457894736842,455.25982390715484
0.0002849736842105263,0.0003378999999999998,0.0003536315789473683,678.1317205582853
0.0002849736842105263,0.0003378999999999998,0.00037880526315789463,891.1798151257282
0.0002849736842105263,0.0003378999999999998,0.00040397894736842095,1075.381586132493
0.0002849736842105263,0.0003378999999999998,0.00042915263157894726,1229.3108662187392
0.0002849736842105263,0.0003378999999999998,0.0004543263157894736,1358.2992226017952
0.0002849736842105263,0.0003378999999999998,0.0004794999999999999,1466.395379597394
0.0002849736842105263,0.00036349999999999984,1.2000000000000292e-06,1011.9301585819989
0.0002849736842105263,0.00036349999999999984,2.6373684210526337e-05,1115.1914925662084
0.0002849736842105263,0.00036349999999999984,5.1547368421052644e-05,1319.9975182119308
0.0002849736842105263,0.00036349999999999984,7.672105263157894e-05,1602.4926791976004
0.0002849736842105263,0.00036349999999999984,0.00010189473684210526,1912.3237841668079
0.0002849736842105263,0.00036349999999999984,0.00012706842105263157,2187.8651639271748
0.0002849736842105263,0.00036349999999999984,0.00015224210526315786,2362.0851673439806
0.0002849736842105263,0.00036349999999999984,0.00017741578947368417,2356.3674689821146
0.0002849736842105263,0.00036349999999999984,0.0002025894736842105,2102.4197539143597
0.0002849736842105263,0.00036349999999999984,0.0002277631578947368,1621.2951717904045
0.0002849736842105263,0.00036349999999999984,0.0002529368421052631,1035.126391404504
0.0002849736842105263,0.00036349999999999984,0.00027811052631578943,531.340579250196
0.0002849736842105263,0.00036349999999999984,0.0003032842105263157,330.05034098474744
0.0002849736842105263,0.00036349999999999984,0.000328457894736842,410.82868293092383
0.0002849736842105263,0.00036349999999999984,0.0003536315789473683,614.2619142415007
0.0002849736842105263,0.00036349999999999984,0.00037880526315789463,856.1111320416854
0.0002849736842105263,0.00036349999999999984,0.00040397894736842095,1095.7352754528508
0.0002849736842105263,0.00036349999999999984,0.00042915263157894726,1310.8356332755523
0.0002849736842105263,0.00036349999999999984,0.0004543263157894736,1488.8353265989026
0.0002849736842105263,0.00036349999999999984,0.0004794999999999999,1624.3845287865947
0.0002849736842105263,0.0003890999999999998,1.2000000000000292e-06,1080.7715315847047
0.0002849736842105263,0.0003890999999999998,2.6373684210526337e-05,1180.1435968512628
0.0002849736842105263,0.0003890999999999998,5.1547368421052644e-05,1370.851632432543
0.0002849736842105263,0.0003890999999999998,7.672105263157894e-05,1627.8361005865033
0.0002849736842105263,0.0003890999999999998,0.00010189473684210526,1905.4916158559495
0.0002849736842105263,0.0003890999999999998,0.00012706842105263157,2156.9748484916113
0.0002849736842105263,0.0003890999999999998,0.00015224210526315786,2338.458599558595
0.0002849736842105263,0.0003890999999999998,0.00017741578947368417,2371.2305387367987
0.0002849736842105263,0.0003890999999999998,0.0002025894736842105,2103.189034129683
0.0002849736842105263,0.0003890999999999998,0.0002277631578947368,1574.391084176672
0.0002849736842105263,0.0003890999999999998,0.0002529368421052631,1012.5632179852139
0.0002849736842105263,0.0003890999999999998,0.00027811052631578943,582.846349349802
0.0002849736842105263,0.0003890999999999998,0.0003032842105263157,386.1471466785136
0.0002849736842105263,0.0003890999999999998,0.000328457894736842,418.1952682033772
0.0002849736842105263,0.0003890999999999998,0.0003536315789473683,600.0688799587153
0.0002849736842105263,0.0003890999999999998,0.00037880526315789463,855.1752302369135
0.0002849736842105263,0.0003890999999999998,0.00040397894736842095,1129.444658489164
0.0002849736842105263,0.0003890999999999998,0.00042915263157894726,1385.4234315890892
0.0002849736842105263,0.0003890999999999998,0.0004543263157894736,1597.2411213345522
0.0002849736842105263,0.0003890999999999998,0.0004794999999999999,1751.4187703996372
0.0002849736842105263,0.0004146999999999998,1.2000000000000292e-06,1082.288202789161
0.0002849736842105263,0.0004146999999999998,2.6373684210526337e-05,1152.7844771988152
0.0002849736842105263,0.0004146999999999998,5.1547368421052644e-05,1296.9613501535107
0.0002849736842105263,0.0004146999999999998,7.672105263157894e-05,1493.560795696103
0.0002849736842105263,0.0004146999999999998,0.00010189473684210526,1708.048021190905
0.0002849736842105263,0.0004146999999999998,0.00012706842105263157,1912.1860531745392
0.0002849736842105263,0.0004146999999999998,0.00015224210526315786,2094.0560233734163
0.0002849736842105263,0.0004146999999999998,0.00017741578947368417,2224.3408111295503
0.0002849736842105263,0.0004146999999999998,0.0002025894736842105,1966.2602961252537
0.0002849736842105263,0.0004146999999999998,0.0002277631578947368,1378.2877412435832
0.0002849736842105263,0.0004146999999999998,0.0002529368421052631,858.7695365693015
0.0002849736842105263,0.0004146999999999998,0.00027811052631578943,503.4233679304768
0.0002849736842105263,0.0004146999999999998,0.0003032842105263157,353.5660139501088
0.0002849736842105263,0.0004146999999999998,0.000328457894736842,398.26112585472373
0.0002849736842105263,0.0004146999999999998,0.0003536315789473683,585.7806442707836
0.0002849736842105263,0.0004146999999999998,0.00037880526315789463,854.1645827030225
0.0002849736842105263,0.0004146999999999998,0.00040397894736842095,1149.480973353541
0.0002849736842105263,0.0004146999999999998,0.00042915263157894726,1429.0383782188737
0.0002849736842105263,0.0004146999999999998,0.0004543263157894736,1660.5974260427495
0.0002849736842105263,0.0004146999999999998,0.0004794999999999999,1825.9673480754125
0.0002849736842105263,0.00044029999999999975,1.2000000000000292e-06,1011.03816907108
0.0002849736842105263,0.00044029999999999975,2.6373684210526337e-05,1032.0622091388302
0.0002849736842105263,0.00044029999999999975,5.1547368421052644e-05,1105.400630003439
0.0002849736842105263,0.00044029999999999975,7.672105263157894e-05,1215.6695801290916
0.0002849736842105263,0.00044029999999999975,0.00010189473684210526,1338.9805111612072
0.0002849736842105263,0.00044029999999999975,0.00012706842105263157,1455.457878953753
0.0002849736842105263,0.00044029999999999975,0.00015224210526315786,1552.4470643523132
0.0002849736842105263,0.00044029999999999975,0.00017741578947368417,1585.9875691063032
0.0002849736842105263,0.00044029999999999975,0.0002025894736842105,1365.1417607893486
0.0002849736842105263,0.00044029999999999975,0.0002277631578947368,936.1121992817982
0.0002849736842105263,0.00044029999999999975,0.0002529368421052631,552.9292074993942
0.0002849736842105263,0.00044029999999999975,0.00027811052631578943,309.99265311336165
0.0002849736842105263,0.00044029999999999975,0.0003032842105263157,238.6786685814709
0.0002849736842105263,0.00044029999999999975,0.000328457894736842,328.40846740739033
0.0002849736842105263,0.00044029999999999975,0.0003536315789473683,539.60022453913
0.0002849736842105263,0.00044029999999999975,0.00037880526315789463,822.0481506615707
0.0002849736842105263,0.00044029999999999975,0.00040397894736842095,1127.9978812603804
0.0002849736842105263,0.00044029999999999975,0.00042915263157894726,1416.9775463628885
0.0002849736842105263,0.00044029999999999975,0.0004543263157894736,1657.0260621800912
0.0002849736842105263,0.00044029999999999975,0.0004794999999999999,1829.4192364832907
0.0002849736842105263,0.0004658999999999997,1.2000000000000292e-06,874.2643711566953
0.0002849736842105263,0.0004658999999999997,2.6373684210526337e-05,834.9647443364404
0.0002849736842105263,0.0004658999999999997,5.1547368421052644e-05,827.9880414335588
0.0002849736842105263,0.0004658999999999997,7.672105263157894e-05,844.1395004704942
0.0002849736842105263,0.0004658999999999997,0.00010189473684210526,867.5807381633499
0.0002849736842105263,0.0004658999999999997,0.00012706842105263157,878.6402240066985
0.0002849736842105263,0.0004658999999999997,0.00015224210526315786,850.0598310762985
0.0002849736842105263,0.0004658999999999997,0.00017741578947368417,744.0273967077928
0.0002849736842105263,0.0004658999999999997,0.0002025894736842105,567.6907096080001
0.0002849736842105263,0.0004658999999999997,0.0002277631578947368,359.6517679111593
0.0002849736842105263,0.0004658999999999997,0.0002529368421052631,163.83839961426378
0.0002849736842105263,0.0004658999999999997,0.00027811052631578943,55.179866332507174
0.0002849736842105263,0.0004658999999999997,0.0003032842105263157,73.39179157073318
0.0002849736842105263,0.0004658999999999997,0.000328457894736842,215.70380876479078
0.0002849736842105263,0.0004658999999999997,0.0003536315789473683,452.7668576425331
0.0002849736842105263,0.0004658999999999997,0.00037880526315789463,744.8328528080268
0.0002849736842105263,0.0004658999999999997,0.00040397894736842095,1052.2545546556005
0.0002849736842105263,0.0004658999999999997,0.00042915263157894726,1340.33385713291
0.0002849736842105263,0.0004658999999999997,0.0004543263157894736,1581.448563340601
0.0002849736842105263,0.0004658999999999997,0.0004794999999999999,1759.32961489575
0.0002849736842105263,0.0004914999999999997,1.2000000000000292e-06,693.0727430574408
0.0002849736842105263,0.0004914999999999997,2.6373684210526337e-05,594.9231686578527
0.0002849736842105263,0.0004914999999999997,5.1547368421052644e-05,514.3065480429078
0.0002849736842105263,0.0004914999999999997,7.672105263157894e-05,447.8952827410033
0.0002849736842105263,0.0004914999999999997,0.00010189473684210526,386.9890103557415
0.0002849736842105263,0.0004914999999999997,0.00012706842105263157,314.9864555233859
0.0002849736842105263,0.0004914999999999997,0.00015224210526315786,204.29352556087468
0.0002849736842105263,0.0004914999999999997,0.00017741578947368417,30.950101862344574
0.0002849736842105263,0.0004914999999999997,0.0002025894736842105,-101.87329005378591
0.0002849736842105263,0.0004914999999999997,0.0002277631578947368,-154.73883563049506
0.0002849736842105263,0.0004914999999999997,0.0002529368421052631,-203.6454523970169
0.0002849736842105263,0.0004914999999999997,0.00027811052631578943,-199.09909240589877
0.0002849736842105263,0.0004914999999999997,0.0003032842105263157,-105.30454460412248
0.0002849736842105263,0.0004914999999999997,0.000328457894736842,79.2883230100513
0.0002849736842105263,0.0004914999999999997,0.0003536315789473683,333.6912885357162
0.0002849736842105263,0.0004914999999999997,0.00037880526315789463,627.4006469821209
0.0002849736842105263,0.0004914999999999997,0.00040397894736842095,928.815781069594
0.0002849736842105263,0.0004914999999999997,0.00042915263157894726,1209.7638399312366
0.0002849736842105263,0.0004914999999999997,0.0004543263157894736,1448.0635386217243
0.0002849736842105263,0.0004914999999999997,0.0004794999999999999,1630.773078842326
0.0003104894736842105,5.10000000000007e-06,1.2000000000000292e-06,1106.1297477885805
0.0003104894736842105,5.10000000000007e-06,2.6373684210526337e-05,1172.254601811289
0.0003104894736842105,5.10000000000007e-06,5.1547368421052644e-05,1361.796399001752
0.0003104894736842105,5.10000000000007e-06,7.672105263157894e-05,1630.796034457889
0.0003104894736842105,5.10000000000007e-06,0.00010189473684210526,1900.062701758966
0.0003104894736842105,5.10000000000007e-06,0.00012706842105263157,2120.6247499734313
0.0003104894736842105,5.10000000000007e-06,0.00015224210526315786,2260.5174021538787
0.0003104894736842105,5.10000000000007e-06,0.00017741578947368417,2309.1052190870514
0.0003104894736842105,5.10000000000007e-06,0.0002025894736842105,2280.294105612291
0.0003104894736842105,5.10000000000007e-06,0.0002277631578947368,2203.165104364116
0.0003104894736842105,5.10000000000007e-06,0.0002529368421052631,2109.6053243472356
0.0003104894736842105,5.10000000000007e-06,0.00027811052631578943,2025.8007966469338
0.0003104894736842105,5.10000000000007e-06,0.0003032842105263157,1966.4006261734326
0.0003104894736842105,5.10000000000007e-06,0.000328457894736842,1933.8078743931867
0.0003104894736842105,5.10000000000007e-06,0.0003536315789473683,1923.1465477006427
0.0003104894736842105,5.10000000000007e-06,0.00037880526315789463,1927.1891445761987
0.0003104894736842105,5.10000000000007e-06,0.00040397894736842095,1939.2877309896567
0.0003104894736842105,5.10000000000007e-06,0.00042915263157894726,1955.5925490788522
0.0003104894736842105,5.10000000000007e-06,0.0004543263157894736,1976.5192642994796
0.0003104894736842105,5.10000000000007e-06,0.0004794999999999999,2005.8808570842773
0.0003104894736842105,3.0700000000000055e-05,1.2000000000000292e-06,947.7155282559978
0.0003104894736842105,3.0700000000000055e-05,2.6373684210526337e-05,1011.3043223052038
0.0003104894736842105,3.0700000000000055e-05,5.1547368421052644e-05,1195.087670634499
0.0003104894736842105,3.0700000000000055e-05,7.672105263157894e-05,1460.2596459661052
0.0003104894736842105,3.0700000000000055e-05,0.00010189473684210526,1731.8444454080718
0.0003104894736842105,3.0700000000000055e-05,0.00012706842105263157,1957.7137594250296
0.0003104894736842105,3.0700000000000055e-05,0.00015224210526315786,2101.7047975109613
0.0003104894736842105,3.0700000000000055e-05,0.00017741578947368417,2149.588616519833
0.0003104894736842105,3.0700000000000055e-05,0.0002025894736842105,2113.21276865859
0.0003104894736842105,3.0700000000000055e-05,0.0002277631578947368,2021.946303673039
0.0003104894736842105,3.0700000000000055e-05,0.0002529368421052631,1912.1141625227729
0.0003104894736842105,3.0700000000000055e-05,0.00027811052631578943,1818.360180814577
0.0003104894736842105,3.0700000000000055e-05,0.0003032842105263157,1758.47988581511
0.0003104894736842105,3.0700000000000055e-05,0.000328457894736842,1729.2808676355119
0.0003104894736842105,3.0700000000000055e-05,0.0003536315789473683,1721.2864987872358
0.0003104894736842105,3.0700000000000055e-05,0.00037880526315789463,1726.504460863203
0.0003104894736842105,3.0700000000000055e-05,0.00040397894736842095,1739.8485058298706
0.0003104894736842105,3.0700000000000055e-05,0.00042915263157894726,1760.3410392534493
0.0003104894736842105,3.0700000000000055e-05,0.0004543263157894736,1790.8478580066762
0.0003104894736842105,3.0700000000000055e-05,0.0004794999999999999,1835.0440608386873
0.0003104894736842105,5.6300000000000034e-05,1.2000000000000292e-06,822.175496634013
0.0003104894736842105,5.6300000000000034e-05,2.6373684210526337e-05,889.2301841780006
0.0003104894736842105,5.6300000000000034e-05,5.1547368421052644e-05,1050.18709820275
0.0003104894736842105,5.6300000000000034e-05,7.672105263157894e-05,1282.2587822740938
0.0003104894736842105,5.6300000000000034e-05,0.00010189473684210526,1533.0466989203246
0.0003104894736842105,5.6300000000000034e-05,0.00012706842105263157,1751.3193631363572
0.0003104894736842105,5.6300000000000034e-05,0.00015224210526315786,1896.984855268627
0.0003104894736842105,5.6300000000000034e-05,0.00017741578947368417,1950.1358216903013
0.0003104894736842105,5.6300000000000034e-05,0.0002025894736842105,1915.290335896351
0.0003104894736842105,5.6300000000000034e-05,0.0002277631578947368,1815.3333321711534
0.0003104894736842105,5.6300000000000034e-05,0.0002529368421052631,1686.6578247204598
0.0003104894736842105,5.6300000000000034e-05,0.00027811052631578943,1582.2042048793319
0.0003104894736842105,5.6300000000000034e-05,0.0003032842105263157,1527.7774529744406
0.0003104894736842105,5.6300000000000034e-05,0.000328457894736842,1500.3554531701118
0.0003104894736842105,5.6300000000000034e-05,0.0003536315789473683,1484.7115491942393
0.0003104894736842105,5.6300000000000034e-05,0.00037880526315789463,1474.8027216765709
0.0003104894736842105,5.6300000000000034e-05,0.00040397894736842095,1470.3900745794401
0.0003104894736842105,5.6300000000000034e-05,0.00042915263157894726,1479.7001365078577
0.0003104894736842105,5.6300000000000034e-05,0.0004543263157894736,1516.2115047803677
0.0003104894736842105,5.6300000000000034e-05,0.0004794999999999999,1585.8198834325638
0.0003104894736842105,8.190000000000001e-05,1.2000000000000292e-06,694.2931882282958
0.0003104894736842105,8.190000000000001e-05,2.6373684210526337e-05,749.3997870359754
0.0003104894736842105,8.190000000000001e-05,5.1547368421052644e-05,882.3407366096914
0.0003104894736842105,8.190000000000001e-05,7.672105263157894e-05,1079.9234099012149
0.0003104894736842105,8.190000000000001e-05,0.00010189473684210526,1306.6587843751208
0.0003104894736842105,8.190000000000001e-05,0.00012706842105263157,1517.4776571267412
0.0003104894736842105,8.190000000000001e-05,0.00015224210526315786,1670.6361666878302
0.0003104894736842105,8.190000000000001e-05,0.00017741578947368417,1739.6896173137245
0.0003104894736842105,8.190000000000001e-05,0.0002025894736842105,1719.304425292321
0.0003104894736842105,8.190000000000001e-05,0.0002277631578947368,1621.7951686678784
0.0003104894736842105,8.190000000000001e-05,0.0002529368421052631,1473.0159874654892
0.0003104894736842105,8.190000000000001e-05,0.00027811052631578943,1352.107879123281
0.0003104894736842105,8.190000000000001e-05,0.0003032842105263157,1309.6672874897238
0.0003104894736842105,8.190000000000001e-05,0.000328457894736842,1272.2089465627253
0.0003104894736842105,8.190000000000001e-05,0.0003536315789473683,1228.9169683167386
0.0003104894736842105,8.190000000000001e-05,0.00037880526315789463,1176.3195985337593
0.0003104894736842105,8.190000000000001e-05,0.00040397894736842095,1118.3589646446067
0.0003104894736842105,8.190000000000001e-05,0.00042915263157894726,1080.4006771094969
0.0003104894736842105,8.190000000000001e-05,0.0004543263157894736,1108.2957459521901
0.0003104894736842105,8.190000000000001e-05,0.0004794999999999999,1221.7353323952095
0.0003104894736842105,0.0001075,1.2000000000000292e-06,552.2845234323454
0.0003104894736842105,0.0001075,2.6373684210526337e-05,582.086368707794
0.0003104894736842105,0.0001075,5.1547368421052644e-05,683.6905107451764
0.0003104894736842105,0.0001075,7.672105263157894e-05,852.425505856089
0.0003104894736842105,0.0001075,0.00010189473684210526,1064.413025763905
0.0003104894736842105,0.0001075,0.00012706842105263157,1279.960427518275
0.0003104894736842105,0.0001075,0.00015224210526315786,1454.752903798434
0.0003104894736842105,0.0001075,0.00017741578947368417,1554.4940741042378
0.0003104894736842105,0.0001075,0.0002025894736842105,1564.451328308714
0.0003104894736842105,0.0001075,0.0002277631578947368,1490.468428890717
0.0003104894736842105,0.0001075,0.0002529368421052631,1359.2834296553897
0.0003104894736842105,0.0001075,0.00027811052631578943,1236.5378174056868
0.0003104894736842105,0.0001075,0.0003032842105263157,1158.5837605376214
0.0003104894736842105,0.0001075,0.000328457894736842,1082.3594511499439
0.0003104894736842105,0.0001075,0.0003536315789473683,988.7491920169946
0.0003104894736842105,0.0001075,0.00037880526315789463,865.5100858611112
0.0003104894736842105,0.0001075,0.00040397894736842095,709.2081755425713
0.0003104894736842105,0.0001075,0.00042915263157894726,558.7268650682163
0.0003104894736842105,0.0001075,0.0004543263157894736,542.4112692687225
0.0003104894736842105,0.0001075,0.0004794999999999999,740.2978164248536
0.0003104894736842105,0.00013309999999999998,1.2000000000000292e-06,403.68001636682834
0.0003104894736842105,0.00013309999999999998,2.6373684210526337e-05,399.86210086444436
0.0003104894736842105,0.00013309999999999998,5.1547368421052644e-05,468.0042625388472
0.0003104894736842105,0.00013309999999999998,7.672105263157894e-05,614.2204206261199
0.0003104894736842105,0.00013309999999999998,0.00010189473684210526,825.3348326005033
0.0003104894736842105,0.00013309999999999998,0.00012706842105263157,1064.2214155740744
0.0003104894736842105,0.00013309999999999998,0.00015224210526315786,1279.6357336330914
0.0003104894736842105,0.00013309999999999998,0.00017741578947368417,1426.0957333238237
0.0003104894736842105,0.00013309999999999998,0.0002025894736842105,1479.265810466296
0.0003104894736842105,0.00013309999999999998,0.0002277631578947368,1440.8480425861483
0.0003104894736842105,0.00013309999999999998,0.0002529368421052631,1337.3849489756335
0.0003104894736842105,0.00013309999999999998,0.00027811052631578943,1211.5868485119688
0.0003104894736842105,0.00013309999999999998,0.0003032842105263157,1089.5493898251477
0.0003104894736842105,0.00013309999999999998,0.000328457894736842,963.68627626258
0.0003104894736842105,0.00013309999999999998,0.0003536315789473683,814.0938453259491
0.0003104894736842105,0.00013309999999999998,0.00037880526315789463,615.9869062258801
0.0003104894736842105,0.00013309999999999998,0.00040397894736842095,344.4779640277958
0.0003104894736842105,0.00013309999999999998,0.00042915263157894726,0.19613380666990024
0.0003104894736842105,0.00013309999999999998,0.0004543263157894736,-168.6076874825001
0.0003104894736842105,0.00013309999999999998,0.0004794999999999999,236.76325659331178
0.0003104894736842105,0.00015869999999999995,1.2000000000000292e-06,266.82280970993423
0.0003104894736842105,0.00015869999999999995,2.6373684210526337e-05,226.99927846647023
0.0003104894736842105,0.00015869999999999995,5.1547368421052644e-05,262.1826655109155
0.0003104894736842105,0.00015869999999999995,7.672105263157894e-05,392.4655413677606
0.0003104894736842105,0.00015869999999999995,0.00010189473684210526,617.2673302391272
0.0003104894736842105,0.00015869999999999995,0.00012706842105263157,899.1835997035846
0.0003104894736842105,0.00015869999999999995,0.00015224210526315786,1173.644627164519
0.0003104894736842105,0.00015869999999999995,0.00017741578947368417,1379.0639110933628
0.0003104894736842105,0.00015869999999999995,0.0002025894736842105,1479.7992432767687
0.0003104894736842105,0.00015869999999999995,0.0002277631578947368,1472.7398975719873
0.0003104894736842105,0.00015869999999999995,0.0002529368421052631,1382.5610670183635
0.0003104894736842105,0.00015869999999999995,0.00027811052631578943,1247.337412879922
0.0003104894736842105,0.00015869999999999995,0.0003032842105263157,1096.6165034912235
0.0003104894736842105,0.00015869999999999995,0.000328457894736842,936.7281583657413
0.0003104894736842105,0.00015869999999999995,0.0003536315789473683,752.0645976529383
0.0003104894736842105,0.00015869999999999995,0.00037880526315789463,514.3209518964164
0.0003104894736842105,0.00015869999999999995,0.00040397894736842095,195.2833936561958
0.0003104894736842105,0.00015869999999999995,0.00042915263157894726,-213.64864067199105
0.0003104894736842105,0.00015869999999999995,0.0004543263157894736,-463.82659507577307
0.0003104894736842105,0.00015869999999999995,0.0004794999999999999,12.70514603506969
0.0003104894736842105,0.00018429999999999995,1.2000000000000292e-06,166.04387179222203
0.0003104894736842105,0.00018429999999999995,2.6373684210526337e-05,97.24860090715403
0.0003104894736842105,0.00018429999999999995,5.1547368421052644e-05,107.23785108396577
0.0003104894736842105,0.00018429999999999995,7.672105263157894e-05,231.15686299367178
0.0003104894736842105,0.00018429999999999995,0.00010189473684210526,482.8183164506957
0.0003104894736842105,0.00018429999999999995,0.00012706842105263157,822.070304796877
0.0003104894736842105,0.00018429999999999995,0.00015224210526315786,1165.3911844188858
0.0003104894736842105,0.00018429999999999995,0.00017741578947368417,1431.6545116417856
0.0003104894736842105,0.00018429999999999995,0.0002025894736842105,1573.060487920062
0.0003104894736842105,0.00018429999999999995,0.0002277631578947368,1582.7615296775004
0.0003104894736842105,0.00018429999999999995,0.0002529368421052631,1488.9720777512487
0.0003104894736842105,0.00018429999999999995,0.00027811052631578943,1338.0255947756173
0.0003104894736842105,0.00018429999999999995,0.0003032842105263157,1170.7249730006374
0.0003104894736842105,0.00018429999999999995,0.000328457894736842,1002.9658729986866
0.0003104894736842105,0.00018429999999999995,0.0003536315789473683,820.6309471435652
0.0003104894736842105,0.00018429999999999995,0.00037880526315789463,594.7599084491485
0.0003104894736842105,0.00018429999999999995,0.00040397894736842095,316.2939158851999
0.0003104894736842105,0.00018429999999999995,0.00042915263157894726,41.85750809043798
0.0003104894736842105,0.00018429999999999995,0.0004543263157894736,-50.21678092982417
0.0003104894736842105,0.00018429999999999995,0.0004794999999999999,160.45713111530333
0.0003104894736842105,0.00020989999999999992,1.2000000000000292e-06,124.07764249102065
0.0003104894736842105,0.00020989999999999992,2.6373684210526337e-05,46.36190009888518
0.0003104894736842105,0.00020989999999999992,5.1547368421052644e-05,52.88993580465767
0.0003104894736842105,0.00020989999999999992,7.672105263157894e-05,188.4612740127418
0.0003104894736842105,0.00020989999999999992,0.00010189473684210526,476.57928412987184
0.0003104894736842105,0.00020989999999999992,0.00012706842105263157,872.8428435294209
0.0003104894736842105,0.00020989999999999992,0.00015224210526315786,1276.4502049639627
0.0003104894736842105,0.00020989999999999992,0.00017741578947368417,1588.9054965333548
0.0003104894736842105,0.00020989999999999992,0.0002025894736842105,1750.7027981644178
0.0003104894736842105,0.00020989999999999992,0.0002277631578947368,1752.4239256605676
0.0003104894736842105,0.00020989999999999992,0.0002529368421052631,1631.8091539913935
0.0003104894736842105,0.00020989999999999992,0.00027811052631578943,1453.7777001021855
0.0003104894736842105,0.00020989999999999992,0.0003032842105263157,1278.427678100889
0.0003104894736842105,0.00020989999999999992,0.000328457894736842,1132.3638864430754
0.0003104894736842105,0.00020989999999999992,0.0003536315789473683,995.2757039953946
0.0003104894736842105,0.00020989999999999992,0.00037880526315789463,818.1023326532255
0.0003104894736842105,0.00020989999999999992,0.00040397894736842095,591.809546296205
0.0003104894736842105,0.00020989999999999992,0.00042915263157894726,389.83489202481326
0.0003104894736842105,0.00020989999999999992,0.0004543263157894736,316.8197516426637
0.0003104894736842105,0.00020989999999999992,0.0004794999999999999,416.01646024622124
0.0003104894736842105,0.0002354999999999999,1.2000000000000292e-06,149.54952401352855
0.0003104894736842105,0.0002354999999999999,2.6373684210526337e-05,91.87353365421453
0.0003104894736842105,0.0002354999999999999,5.1547368421052644e-05,128.5232457490689
0.0003104894736842105,0.0002354999999999999,7.672105263157894e-05,301.8015304740735
0.0003104894736842105,0.0002354999999999999,0.00010189473684210526,630.4249294529696
0.0003104894736842105,0.0002354999999999999,0.00012706842105263157,1065.4225908964795
0.0003104894736842105,0.0002354999999999999,0.00015224210526315786,1500.6529082096547
0.0003104894736842105,0.0002354999999999999,0.00017741578947368417,1828.4168553942934
0.0003104894736842105,0.0002354999999999999,0.0002025894736842105,1978.2893469662743
0.0003104894736842105,0.0002354999999999999,0.0002277631578947368,1937.763506118259
0.0003104894736842105,0.0002354999999999999,0.0002529368421052631,1758.6895337061462
0.0003104894736842105,0.0002354999999999999,0.00027811052631578943,1534.3055291080273
0.0003104894736842105,0.0002354999999999999,0.0003032842105263157,1352.8251579073094
0.0003104894736842105,0.0002354999999999999,0.000328457894736842,1255.2096682300723
0.0003104894736842105,0.0002354999999999999,0.0003536315789473683,1209.8249242081333
0.0003104894736842105,0.0002354999999999999,0.00037880526315789463,1107.3556126368624
0.0003104894736842105,0.0002354999999999999,0.00040397894736842095,904.4888307900377
0.0003104894736842105,0.0002354999999999999,0.00042915263157894726,715.6391295687544
0.0003104894736842105,0.0002354999999999999,0.0004543263157894736,631.5725692172216
0.0003104894736842105,0.0002354999999999999,0.0004794999999999999,672.4372522165658
0.0003104894736842105,0.0002610999999999999,1.2000000000000292e-06,227.6574209647486
0.0003104894736842105,0.0002610999999999999,2.6373684210526337e-05,213.53786127234028
0.0003104894736842105,0.0002610999999999999,5.1547368421052644e-05,307.70049388520926
0.0003104894736842105,0.0002610999999999999,7.672105263157894e-05,538.46255667062
0.0003104894736842105,0.0002610999999999999,0.00010189473684210526,906.242429816919
0.0003104894736842105,0.0002610999999999999,0.00012706842105263157,1356.4399963262892
0.0003104894736842105,0.0002610999999999999,0.00015224210526315786,1788.1501325544555
0.0003104894736842105,0.0002610999999999999,0.00017741578947368417,2093.452235502623
0.0003104894736842105,0.0002610999999999999,0.0002025894736842105,2193.7113432213373
0.0003104894736842105,0.0002610999999999999,0.0002277631578947368,2072.61356026884
0.0003104894736842105,0.0002610999999999999,0.0002529368421052631,1797.7414013247
0.0003104894736842105,0.0002610999999999999,0.00027811052631578943,1499.6495810637653
0.0003104894736842105,0.0002610999999999999,0.0003032842105263157,1304.632498227771
0.0003104894736842105,0.0002610999999999999,0.000328457894736842,1263.269846601417
0.0003104894736842105,0.0002610999999999999,0.0003536315789473683,1328.6135715829403
0.0003104894736842105,0.0002610999999999999,0.00037880526315789463,1319.321854690678
0.0003104894736842105,0.0002610999999999999,0.00040397894736842095,1135.7675521602525
0.0003104894736842105,0.0002610999999999999,0.00042915263157894726,962.4090128179649
0.0003104894736842105,0.0002610999999999999,0.0004543263157894736,882.3557692129643
0.0003104894736842105,0.0002610999999999999,0.0004794999999999999,900.5536810198532
0.0003104894736842105,0.00028669999999999987,1.2000000000000292e-06,325.9138383774069
0.0003104894736842105,0.00028669999999999987,2.6373684210526337e-05,361.64093682671717
0.0003104894736842105,0.00028669999999999987,5.1547368421052644e-05,520.3674174459063
0.0003104894736842105,0.00028669999999999987,7.672105263157894e-05,811.7581474314237
0.0003104894736842105,0.00028669999999999987,0.00010189473684210526,1213.3510964662669
0.0003104894736842105,0.00028669999999999987,0.00012706842105263157,1662.0244472312534
0.0003104894736842105,0.00028669999999999987,0.00015224210526315786,2062.7520073960573
0.0003104894736842105,0.00028669999999999987,0.00017741578947368417,2312.5411479569084
0.0003104894736842105,0.00028669999999999987,0.0002025894736842105,2330.648753054599
0.0003104894736842105,0.00028669999999999987,0.0002277631578947368,2097.6055224921874
0.0003104894736842105,0.00028669999999999987,0.0002529368421052631,1689.4199333670404
0.0003104894736842105,0.00028669999999999987,0.00027811052631578943,1279.8588503064782
0.0003104894736842105,0.00028669999999999987,0.0003032842105263157,1064.9030330739713
0.0003104894736842105,0.00028669999999999987,0.000328457894736842,1076.2376348355144
0.0003104894736842105,0.00028669999999999987,0.0003536315789473683,1198.272589232551
0.0003104894736842105,0.00028669999999999987,0.00037880526315789463,1260.4534724699872
0.0003104894736842105,0.00028669999999999987,0.00040397894736842095,1187.8178252635091
0.0003104894736842105,0.00028669999999999987,0.00042915263157894726,1098.3339504777907
0.0003104894736842105,0.00028669999999999987,0.0004543263157894736,1063.3112697714732
0.0003104894736842105,0.00028669999999999987,0.0004794999999999999,1092.0727934438196
0.0003104894736842105,0.00031229999999999984,1.2000000000000292e-06,413.07334561969344
0.0003104894736842105,0.00031229999999999984,2.6373684210526337e-05,488.2930184545612
0.0003104894736842105,0.00031229999999999984,5.1547368421052644e-05,701.1875692151557
0.0003104894736842105,0.00031229999999999984,7.672105263157894e-05,1043.6046660761674
0.0003104894736842105,0.00031229999999999984,0.00010189473684210526,1470.4833643575064
0.0003104894736842105,0.00031229999999999984,0.00012706842105263157,1907.7672430003909
0.0003104894736842105,0.00031229999999999984,0.00015224210526315786,2263.018886890957
0.0003104894736842105,0.00031229999999999984,0.00017741578947368417,2439.9256097126436
0.0003104894736842105,0.00031229999999999984,0.0002025894736842105,2362.812823985672
0.0003104894736842105,0.00031229999999999984,0.0002277631578947368,2011.851367736488
0.0003104894736842105,0.00031229999999999984,0.0002529368421052631,1450.0358909269078
0.0003104894736842105,0.00031229999999999984,0.00027811052631578943,861.1695032332832
0.0003104894736842105,0.00031229999999999984,0.0003032842105263157,652.2144369145044
0.0003104894736842105,0.00031229999999999984,0.000328457894736842,764.6230144039517
0.0003104894736842105,0.00031229999999999984,0.0003536315789473683,936.8739728380065
0.0003104894736842105,0.00031229999999999984,0.00037880526315789463,1068.1665019459588
0.0003104894736842105,0.00031229999999999984,0.00040397894736842095,1126.438041725449
0.0003104894736842105,0.00031229999999999984,0.00042915263157894726,1152.8814162847718
0.0003104894736842105,0.00031229999999999984,0.0004543263157894736,1189.782857990188
0.0003104894736842105,0.00031229999999999984,0.0004794999999999999,1251.2092597305032
0.0003104894736842105,0.0003378999999999998,1.2000000000000292e-06,477.5154059221873
0.0003104894736842105,0.0003378999999999998,2.6373684210526337e-05,573.4506731963211
0.0003104894736842105,0.0003378999999999998,5.1547368421052644e-05,820.212386067345
0.0003104894736842105,0.0003378999999999998,7.672105263157894e-05,1195.1923698405678
0.0003104894736842105,0.0003378999999999998,0.00010189473684210526,1633.8585356245796
0.0003104894736842105,0.0003378999999999998,0.00012706842105263157,2053.183394919952
0.0003104894736842105,0.0003378999999999998,0.00015224210526315786,2363.023462817058
0.0003104894736842105,0.0003378999999999998,0.00017741578947368417,2473.3380259092523
0.0003104894736842105,0.0003378999999999998,0.0002025894736842105,2317.07258446535
0.0003104894736842105,0.0003378999999999998,0.0002277631578947368,1885.42352364316
0.0003104894736842105,0.0003378999999999998,0.0002529368421052631,1241.2387257459018
0.0003104894736842105,0.0003378999999999998,0.00027811052631578943,531.7949160052118
0.0003104894736842105,0.0003378999999999998,0.0003032842105263157,345.05504929879305
0.0003104894736842105,0.0003378999999999998,0.000328457894736842,516.6754656857422
0.0003104894736842105,0.0003378999999999998,0.0003536315789473683,719.7704776130615
0.0003104894736842105,0.0003378999999999998,0.00037880526315789463,907.6666519532388
0.0003104894736842105,0.0003378999999999998,0.00040397894736842095,1059.9631731142856
0.0003104894736842105,0.0003378999999999998,0.00042915263157894726,1182.0752478404472
0.0003104894736842105,0.0003378999999999998,0.0004543263157894736,1288.3915347327518
0.0003104894736842105,0.0003378999999999998,0.0004794999999999999,1387.553916017519
0.0003104894736842105,0.00036349999999999984,1.2000000000000292e-06,531.636798844044
0.0003104894736842105,0.00036349999999999984,2.6373684210526337e-05,630.4326973754095
0.0003104894736842105,0.00036349999999999984,5.1547368421052644e-05,884.2221039103823
0.0003104894736842105,0.00036349999999999984,7.672105263157894e-05,1261.6756547171838
0.0003104894736842105,0.00036349999999999984,0.00010189473684210526,1688.1785873347694
0.0003104894736842105,0.00036349999999999984,0.00012706842105263157,2080.6440946915695
0.0003104894736842105,0.00036349999999999984,0.00015224210526315786,2355.8879282767084
0.0003104894736842105,0.00036349999999999984,0.00017741578947368417,2426.287663132215
0.0003104894736842105,0.00036349999999999984,0.0002025894736842105,2224.960455683027
0.0003104894736842105,0.00036349999999999984,0.0002277631578947368,1765.8737653349915
0.0003104894736842105,0.00036349999999999984,0.0002529368421052631,1161.4018260737218
0.0003104894736842105,0.00036349999999999984,0.00027811052631578943,611.9958970889064
0.0003104894736842105,0.00036349999999999984,0.0003032842105263157,372.54916724280054
0.0003104894736842105,0.00036349999999999984,0.000328457894736842,427.32269629247924
0.0003104894736842105,0.00036349999999999984,0.0003536315789473683,606.0424550021381
0.0003104894736842105,0.00036349999999999984,0.00037880526315789463,821.5625830405653
0.0003104894736842105,0.00036349999999999984,0.00040397894736842095,1031.9151880007878
0.0003104894736842105,0.00036349999999999984,0.00042915263157894726,1218.5684892337376
0.0003104894736842105,0.00036349999999999984,0.0004543263157894736,1376.5050425524325
0.0003104894736842105,0.00036349999999999984,0.0004794999999999999,1506.2676461056894
0.0003104894736842105,0.0003890999999999998,1.2000000000000292e-06,591.2924286788519
0.0003104894736842105,0.0003890999999999998,2.6373684210526337e-05,680.3264257217405
0.0003104894736842105,0.0003890999999999998,5.1547368421052644e-05,910.357084237193
0.0003104894736842105,0.0003890999999999998,7.672105263157894e-05,1249.1652667098288
0.0003104894736842105,0.0003890999999999998,0.00010189473684210526,1627.3650917739294
0.0003104894736842105,0.0003890999999999998,0.00012706842105263157,1974.7566657156394
0.0003104894736842105,0.0003890999999999998,0.00015224210526315786,2224.5569099786894
0.0003104894736842105,0.0003890999999999998,0.00017741578947368417,2288.297340479653
0.0003104894736842105,0.0003890999999999998,0.0002025894736842105,2072.9690275564844
0.0003104894736842105,0.0003890999999999998,0.0002277631578947368,1609.7769063292787
0.0003104894736842105,0.0003890999999999998,0.0002529368421052631,1063.810028616714
0.0003104894736842105,0.0003890999999999998,0.00027811052631578943,616.7546379488176
0.0003104894736842105,0.0003890999999999998,0.0003032842105263157,396.4156236299253
0.0003104894736842105,0.0003890999999999998,0.000328457894736842,407.4168067511729
0.0003104894736842105,0.0003890999999999998,0.0003536315789473683,568.1238220211859
0.0003104894736842105,0.0003890999999999998,0.00037880526315789463,797.5746186568631
0.0003104894736842105,0.0003890999999999998,0.00040397894736842095,1040.393829182148
0.0003104894736842105,0.0003890999999999998,0.00042915263157894726,1264.3917646860862
0.0003104894736842105,0.0003890999999999998,0.0004543263157894736,1453.659633032552
0.0003104894736842105,0.0003890999999999998,0.0004794999999999999,1602.6181007457947
0.0003104894736842105,0.0004146999999999998,1.2000000000000292e-06,646.7815019990047
0.0003104894736842105,0.0004146999999999998,2.6373684210526337e-05,714.2655894375157
0.0003104894736842105,0.0004146999999999998,5.1547368421052644e-05,893.1226648593009
0.0003104894736842105,0.0004146999999999998,7.672105263157894e-05,1155.7954710890444
0.0003104894736842105,0.0004146999999999998,0.00010189473684210526,1448.5149608343972
0.0003104894736842105,0.0004146999999999998,0.00012706842105263157,1721.0524956355964
0.0003104894736842105,0.0004146999999999998,0.00015224210526315786,1929.6441437636665
0.0003104894736842105,0.0004146999999999998,0.00017741578947368417,1993.33456427945
0.0003104894736842105,0.0004146999999999998,0.0002025894736842105,1784.5411917689228
0.0003104894736842105,0.0004146999999999998,0.0002277631578947368,1339.5282918562286
0.0003104894736842105,0.0004146999999999998,0.0002529368421052631,858.8610033964933
0.0003104894736842105,0.0004146999999999998,0.00027811052631578943,500.9861416502655
0.0003104894736842105,0.0004146999999999998,0.0003032842105263157,343.32461340415585
0.0003104894736842105,0.0004146999999999998,0.000328457894736842,380.48529138589544
0.0003104894736842105,0.0004146999999999998,0.0003536315789473683,555.2852538927374
0.0003104894736842105,0.0004146999999999998,0.00037880526315789463,799.9096982568484
0.0003104894736842105,0.0004146999999999998,0.00040397894736842095,1059.9893785897596
0.0003104894736842105,0.0004146999999999998,0.00042915263157894726,1301.4492339848275
0.0003104894736842105,0.0004146999999999998,0.0004543263157894736,1505.5672715778535
0.0003104894736842105,0.0004146999999999998,0.0004794999999999999,1663.9375352965035
0.0003104894736842105,0.00044029999999999975,1.2000000000000292e-06,669.3913898724132
0.0003104894736842105,0.00044029999999999975,2.6373684210526337e-05,702.3172974196339
0.0003104894736842105,0.00044029999999999975,5.1547368421052644e-05,813.4114746336152
0.0003104894736842105,0.00044029999999999975,7.672105263157894e-05,981.1917755251409
0.0003104894736842105,0.00044029999999999975,0.00010189473684210526,1167.4962947637332
0.0003104894736842105,0.00044029999999999975,0.00012706842105263157,1337.322270395026
0.0003104894736842105,0.00044029999999999975,0.00015224210526315786,1460.34200472482
0.0003104894736842105,0.00044029999999999975,0.00017741578947368417,1473.670817500482
0.0003104894736842105,0.00044029999999999975,0.0002025894736842105,1283.9034217341327
0.0003104894736842105,0.00044029999999999975,0.0002277631578947368,923.828624480537
0.0003104894736842105,0.00044029999999999975,0.0002529368421052631,553.2071321681314
0.0003104894736842105,0.00044029999999999975,0.00027811052631578943,304.15550388172403
0.0003104894736842105,0.00044029999999999975,0.0003032842105263157,232.77542966336026
0.0003104894736842105,0.00044029999999999975,0.000328457894736842,324.74729435619605
0.0003104894736842105,0.00044029999999999975,0.0003536315789473683,529.8957965207769
0.0003104894736842105,0.00044029999999999975,0.00037880526315789463,790.3994470157304
0.0003104894736842105,0.00044029999999999975,0.00040397894736842095,1058.8261135142293
0.0003104894736842105,0.00044029999999999975,0.00042915263157894726,1305.8425195072432
0.0003104894736842105,0.00044029999999999975,0.0004543263157894736,1514.8378674180117
0.0003104894736842105,0.00044029999999999975,0.0004794999999999999,1677.2683005675492
0.0003104894736842105,0.0004658999999999997,1.2000000000000292e-06,641.0162240502276
0.0003104894736842105,0.0004658999999999997,2.6373684210526337e-05,630.3374300844246
0.0003104894736842105,0.0004658999999999997,5.1547368421052644e-05,669.9628933233067
0.0003104894736842105,0.0004658999999999997,7.672105263157894e-05,744.3966311514089
0.0003104894736842105,0.0004658999999999997,0.00010189473684210526,827.3161045736197
0.0003104894736842105,0.0004658999999999997,0.00012706842105263157,891.7316603097015
0.0003104894736842105,0.0004658999999999997,0.00015224210526315786,910.9695420626376
0.0003104894736842105,0.0004658999999999997,0.00017741578947368417,849.4132129703418
0.0003104894736842105,0.0004658999999999997,0.0002025894736842105,684.8374408723319
0.0003104894736842105,0.0004658999999999997,0.0002277631578947368,446.0481429442527
0.0003104894736842105,0.0004658999999999997,0.0002529368421052631,213.95580059022794
0.0003104894736842105,0.0004658999999999997,0.00027811052631578943,83.39476594197733
0.0003104894736842105,0.0004658999999999997,0.0003032842105263157,98.59730913313541
0.0003104894736842105,0.0004658999999999997,0.000328457894736842,243.14344819033124
0.0003104894736842105,0.0004658999999999997,0.0003536315789473683,474.211201781526
0.0003104894736842105,0.0004658999999999997,0.00037880526315789463,744.4921314691505
0.0003104894736842105,0.0004658999999999997,0.00040397894736842095,1015.2355809295907
0.0003104894736842105,0.0004658999999999997,0.00042915263157894726,1262.4555707419731
0.0003104894736842105,0.0004658999999999997,0.0004543263157894736,1472.3806716680224
0.0003104894736842105,0.0004658999999999997,0.0004794999999999999,1637.5975205248533
0.0003104894736842105,0.0004914999999999997,1.2000000000000292e-06,564.6061475387519
0.0003104894736842105,0.0004914999999999997,2.6373684210526337e-05,509.0672672401605
0.0003104894736842105,0.0004914999999999997,5.1547368421052644e-05,484.21694128719224
0.0003104894736842105,0.0004914999999999997,7.672105263157894e-05,480.21109892503733
0.0003104894736842105,0.0004914999999999997,0.00010189473684210526,479.8352947341776
0.0003104894736842105,0.0004914999999999997,0.00012706842105263157,462.5375868579139
0.0003104894736842105,0.0004914999999999997,0.00015224210526315786,407.147787284685
0.0003104894736842105,0.0004914999999999997,0.00017741578947368417,301.84093650911456
0.0003104894736842105,0.0004914999999999997,0.0002025894736842105,168.07031506152623
0.0003104894736842105,0.0004914999999999997,0.0002277631578947368,31.40663809875055
0.0003104894736842105,0.0004914999999999997,0.0002529368421052631,-80.85907560471775
0.0003104894736842105,0.0004914999999999997,0.00027811052631578943,-111.65474665264588
0.0003104894736842105,0.0004914999999999997,0.0003032842105263157,-30.466533256715433
0.0003104894736842105,0.0004914999999999997,0.000328457894736842,148.00599871271788
0.0003104894736842105,0.0004914999999999997,0.0003536315789473683,390.5014006595888
0.0003104894736842105,0.0004914999999999997,0.00037880526315789463,660.7380949809079
0.0003104894736842105,0.0004914999999999997,0.00040397894736842095,928.2472087203282
0.0003104894736842105,0.0004914999999999997,0.00042915263157894726,1172.839026280762
0.0003104894736842105,0.0004914999999999997,0.0004543263157894736,1382.4652894373971
0.0003104894736842105,0.0004914999999999997,0.0004794999999999999,1550.815090316926
0.0003360052631578947,5.10000000000007e-06,1.2000000000000292e-06,981.2048121232667
0.0003360052631578947,5.10000000000007e-06,2.6373684210526337e-05,965.461456235752
0.0003360052631578947,5.10000000000007e-06,5.1547368421052644e-05,1164.3131370959043
0.0003360052631578947,5.10000000000007e-06,7.672105263157894e-05,1444.051319239153
0.0003360052631578947,5.10000000000007e-06,0.00010189473684210526,1697.8022268703533
0.0003360052631578947,5.10000000000007e-06,0.00012706842105263157,1900.6767041171447
0.0003360052631578947,5.10000000000007e-06,0.00015224210526315786,2036.4243506405053
0.0003360052631578947,5.10000000000007e-06,0.00017741578947368417,2100.7828492490607
0.0003360052631578947,5.10000000000007e-06,0.0002025894736842105,2104.036118825676
0.0003360052631578947,5.10000000000007e-06,0.0002277631578947368,2067.925472025138
0.0003360052631578947,5.10000000000007e-06,0.0002529368421052631,2019.3685623992476
0.0003360052631578947,5.10000000000007e-06,0.00027811052631578943,1983.5672901430128
0.0003360052631578947,5.10000000000007e-06,0.0003032842105263157,1977.881110441429
0.0003360052631578947,5.10000000000007e-06,0.000328457894736842,2009.5377809159174
0.0003360052631578947,5.10000000000007e-06,0.0003536315789473683,2077.5681404495376
0.0003360052631578947,5.10000000000007e-06,0.00037880526315789463,2174.888851814446
0.0003360052631578947,5.10000000000007e-06,0.00040397894736842095,2288.8357437183404
0.0003360052631578947,5.10000000000007e-06,0.00042915263157894726,2401.9703272542192
0.0003360052631578947,5.10000000000007e-06,0.0004543263157894736,2495.9190753604184
0.0003360052631578947,5.10000000000007e-06,0.0004794999999999999,2558.823985180092
0.0003360052631578947,3.0700000000000055e-05,1.2000000000000292e-06,844.8784521749919
0.0003360052631578947,3.0700000000000055e-05,2.6373684210526337e-05,851.926068593776
0.0003360052631578947,3.0700000000000055e-05,5.1547368421052644e-05,1033.2798500840122
0.0003360052631578947,3.0700000000000055e-05,7.672105263157894e-05,1302.1267308399151
0.0003360052631578947,3.0700000000000055e-05,0.00010189473684210526,1556.6407615640662
0.0003360052631578947,3.0700000000000055e-05,0.00012706842105263157,1762.4711237453762
0.0003360052631578947,3.0700000000000055e-05,0.00015224210526315786,1898.5321181140782
0.0003360052631578947,3.0700000000000055e-05,0.00017741578947368417,1957.3647918039908
0.0003360052631578947,3.0700000000000055e-05,0.0002025894736842105,1947.8516679476738
0.0003360052631578947,3.0700000000000055e-05,0.0002277631578947368,1892.771108778641
0.0003360052631578947,3.0700000000000055e-05,0.0002529368421052631,1823.4815008471314
0.0003360052631578947,3.0700000000000055e-05,0.00027811052631578943,1772.075679186604
0.0003360052631578947,3.0700000000000055e-05,0.0003032842105263157,1759.710057353797
0.0003360052631578947,3.0700000000000055e-05,0.000328457894736842,1792.325145595467
0.0003360052631578947,3.0700000000000055e-05,0.0003536315789473683,1867.4660287937825
0.0003360052631578947,3.0700000000000055e-05,0.00037880526315789463,1978.2733439327396
0.0003360052631578947,3.0700000000000055e-05,0.00040397894736842095,2112.439245716979
0.0003360052631578947,3.0700000000000055e-05,0.00042915263157894726,2250.7094688896277
0.0003360052631578947,3.0700000000000055e-05,0.0004543263157894736,2369.3093564920378
0.0003360052631578947,3.0700000000000055e-05,0.0004794999999999999,2450.058471997825
0.0003360052631578947,5.6300000000000034e-05,1.2000000000000292e-06,765.9634478654274
0.0003360052631578947,5.6300000000000034e-05,2.6373684210526337e-05,814.9896597565049
0.0003360052631578947,5.6300000000000034e-05,5.1547368421052644e-05,964.8861617950665
0.0003360052631578947,5.6300000000000034e-05,7.672105263157894e-05,1186.181271110904
0.0003360052631578947,5.6300000000000034e-05,0.00010189473684210526,1418.498604376822
0.0003360052631578947,5.6300000000000034e-05,0.00012706842105263157,1616.342584140875
0.0003360052631578947,5.6300000000000034e-05,0.00015224210526315786,1749.5568279177962
0.0003360052631578947,5.6300000000000034e-05,0.00017741578947368417,1804.2363826111362
0.0003360052631578947,5.6300000000000034e-05,0.0002025894736842105,1784.5045575004192
0.0003360052631578947,5.6300000000000034e-05,0.0002277631578947368,1710.6749551680969
0.0003360052631578947,5.6300000000000034e-05,0.0002529368421052631,1616.7530299874204
0.0003360052631578947,5.6300000000000034e-05,0.00027811052631578943,1544.682179563239
0.0003360052631578947,5.6300000000000034e-05,0.0003032842105263157,1520.4391200049813
0.0003360052631578947,5.6300000000000034e-05,0.000328457894736842,1544.1441752715834
0.0003360052631578947,5.6300000000000034e-05,0.0003536315789473683,1610.5329669468015
0.0003360052631578947,5.6300000000000034e-05,0.00037880526315789463,1714.2083420724553
0.0003360052631578947,5.6300000000000034e-05,0.00040397894736842095,1846.3102144064367
0.0003360052631578947,5.6300000000000034e-05,0.00042915263157894726,1992.0714047302451
0.0003360052631578947,5.6300000000000034e-05,0.0004543263157894736,2129.7857788038996
0.0003360052631578947,5.6300000000000034e-05,0.0004794999999999999,2237.1098891882507
0.0003360052631578947,8.190000000000001e-05,1.2000000000000292e-06,686.0206035390626
0.0003360052631578947,8.190000000000001e-05,2.6373684210526337e-05,742.5021335511003
0.0003360052631578947,8.190000000000001e-05,5.1547368421052644e-05,874.7073705631468
0.0003360052631578947,8.190000000000001e-05,7.672105263157894e-05,1066.395486916181
0.0003360052631578947,8.190000000000001e-05,0.00010189473684210526,1279.6114378269958
0.0003360052631578947,8.190000000000001e-05,0.00012706842105263157,1471.7481005369011
0.0003360052631578947,8.190000000000001e-05,0.00015224210526315786,1607.0308823700798
0.0003360052631578947,8.190000000000001e-05,0.00017741578947368417,1664.5873588214567
0.0003360052631578947,8.190000000000001e-05,0.0002025894736842105,1642.189249888816
0.0003360052631578947,8.190000000000001e-05,0.0002277631578947368,1555.3451583898266
0.0003360052631578947,8.190000000000001e-05,0.0002529368421052631,1437.4602620161297
0.0003360052631578947,8.190000000000001e-05,0.00027811052631578943,1339.5674363867622
0.0003360052631578947,8.190000000000001e-05,0.0003032842105263157,1292.756029810991
0.0003360052631578947,8.190000000000001e-05,0.000328457894736842,1289.4082742069318
0.0003360052631578947,8.190000000000001e-05,0.0003536315789473683,1321.7023394457917
0.0003360052631578947,8.190000000000001e-05,0.00037880526315789463,1384.3752843757968
0.0003360052631578947,8.190000000000001e-05,0.00040397894736842095,1471.951052987956
0.0003360052631578947,8.190000000000001e-05,0.00042915263157894726,1583.3382594623752
0.0003360052631578947,8.190000000000001e-05,0.0004543263157894736,1720.597013031207
0.0003360052631578947,8.190000000000001e-05,0.0004794999999999999,1869.6583573116427
0.0003360052631578947,0.0001075,1.2000000000000292e-06,591.3479570170196
0.0003360052631578947,0.0001075,2.6373684210526337e-05,641.0146316141582
0.0003360052631578947,0.0001075,5.1547368421052644e-05,758.8420713556889
0.0003360052631578947,0.0001075,7.672105263157894e-05,935.3767352342926
0.0003360052631578947,0.0001075,0.00010189473684210526,1143.116011695742
0.0003360052631578947,0.0001075,0.00012706842105263157,1342.3639435302728
0.0003360052631578947,0.0001075,0.00015224210526315786,1492.67816455507
0.0003360052631578947,0.0001075,0.00017741578947368417,1565.9260850403136
0.0003360052631578947,0.0001075,0.0002025894736842105,1553.317907838553
0.0003360052631578947,0.0001075,0.0002277631578947368,1465.9494610428546
0.0003360052631578947,0.0001075,0.0002529368421052631,1335.245126938177
0.0003360052631578947,0.0001075,0.00027811052631578943,1209.652161798594
0.0003360052631578947,0.0001075,0.0003032842105263157,1121.1049246768778
0.0003360052631578947,0.0001075,0.000328457894736842,1067.4746057258787
0.0003360052631578947,0.0001075,0.0003536315789473683,1039.786718436015
0.0003360052631578947,0.0001075,0.00037880526315789463,1026.848868818185
0.0003360052631578947,0.0001075,0.00040397894736842095,1018.8567410077834
0.0003360052631578947,0.0001075,0.00042915263157894726,1031.2068009597535
0.0003360052631578947,0.0001075,0.0004543263157894736,1131.793248967551
0.0003360052631578947,0.0001075,0.0004794999999999999,1349.4276933003364
0.0003360052631578947,0.00013309999999999998,1.2000000000000292e-06,488.10378494542573
0.0003360052631578947,0.00013309999999999998,2.6373684210526337e-05,525.1255050523104
0.0003360052631578947,0.00013309999999999998,5.1547368421052644e-05,631.1654925724082
0.0003360052631578947,0.00013309999999999998,7.672105263157894e-05,803.3726745060346
0.0003360052631578947,0.00013309999999999998,0.00010189473684210526,1020.9245014931207
0.0003360052631578947,0.00013309999999999998,0.00012706842105263157,1244.7719692105297
0.0003360052631578947,0.00013309999999999998,0.00015224210526315786,1428.0886420434945
0.0003360052631578947,0.00013309999999999998,0.00017741578947368417,1533.4513168018627
0.0003360052631578947,0.00013309999999999998,0.0002025894736842105,1544.0479365120243
0.0003360052631578947,0.00013309999999999998,0.0002277631578947368,1466.3373354194594
0.0003360052631578947,0.00013309999999999998,0.0002529368421052631,1329.0160204782323
0.0003360052631578947,0.00013309999999999998,0.00027811052631578943,1174.209369819125
0.0003360052631578947,0.00013309999999999998,0.0003032842105263157,1034.9156813185234
0.0003360052631578947,0.00013309999999999998,0.000328457894736842,920.760609045241
0.0003360052631578947,0.00013309999999999998,0.0003536315789473683,823.8480848181398
0.0003360052631578947,0.00013309999999999998,0.00037880526315789463,724.1497973980788
0.0003360052631578947,0.00013309999999999998,0.00040397894736842095,598.6161543347074
0.0003360052631578947,0.00013309999999999998,0.00042915263157894726,459.11505514057643
0.0003360052631578947,0.00013309999999999998,0.0004543263157894736,475.1210663300456
0.0003360052631578947,0.00013309999999999998,0.0004794999999999999,796.4691060139799
0.0003360052631578947,0.00015869999999999995,1.2000000000000292e-06,389.7092344647056
0.0003360052631578947,0.00015869999999999995,2.6373684210526337e-05,414.1050300781683
0.0003360052631578947,0.00015869999999999995,5.1547368421052644e-05,513.0906995971061
0.0003360052631578947,0.00015869999999999995,7.672105263157894e-05,691.1802618745908
0.0003360052631578947,0.00015869999999999995,0.00010189473684210526,933.428604679954
0.0003360052631578947,0.00015869999999999995,0.00012706842105263157,1199.9043226645717
0.0003360052631578947,0.00015869999999999995,0.00015224210526315786,1435.0591938275393
0.0003360052631578947,0.00015869999999999995,0.00017741578947368417,1588.5987056244217
0.0003360052631578947,0.00015869999999999995,0.0002025894736842105,1632.1476812723515
0.0003360052631578947,0.00015869999999999995,0.0002277631578947368,1565.996160684161
0.0003360052631578947,0.00015869999999999995,0.0002529368421052631,1417.907145740065
0.0003360052631578947,0.00015869999999999995,0.00027811052631578943,1231.658507009927
0.0003360052631578947,0.00015869999999999995,0.0003032842105263157,1046.9291644500581
0.0003360052631578947,0.00015869999999999995,0.000328457894736842,882.7137107979224
0.0003360052631578947,0.00015869999999999995,0.0003536315789473683,732.9264056248704
0.0003360052631578947,0.00015869999999999995,0.00037880526315789463,573.0806944681273
0.0003360052631578947,0.00015869999999999995,0.00040397894736842095,378.2407491148749
0.0003360052631578947,0.00015869999999999995,0.00042915263157894726,165.68448783327733
0.0003360052631578947,0.00015869999999999995,0.0004543263157894736,132.79478914081173
0.0003360052631578947,0.00015869999999999995,0.0004794999999999999,467.35884002177426
0.0003360052631578947,0.00018429999999999995,1.2000000000000292e-06,311.5897928323076
0.0003360052631578947,0.00018429999999999995,2.6373684210526337e-05,329.69659238954006
0.0003360052631578947,0.00018429999999999995,5.1547368421052644e-05,431.0322330006086
0.0003360052631578947,0.00018429999999999995,7.672105263157894e-05,627.2708322135314
0.0003360052631578947,0.00018429999999999995,0.00010189473684210526,908.7401048659262
0.0003360052631578947,0.00018429999999999995,0.00012706842105263157,1233.5317209602015
0.0003360052631578947,0.00018429999999999995,0.00015224210526315786,1535.4217075701804
0.0003360052631578947,0.00018429999999999995,0.00017741578947368417,1747.894943603021
0.0003360052631578947,0.00018429999999999995,0.0002025894736842105,1827.0700712065977
0.0003360052631578947,0.00018429999999999995,0.0002277631578947368,1765.8509952766647
0.0003360052631578947,0.00018429999999999995,0.0002529368421052631,1596.1860290922687
0.0003360052631578947,0.00018429999999999995,0.00027811052631578943,1374.299798896882
0.0003360052631578947,0.00018429999999999995,0.0003032842105263157,1154.250682604689
0.0003360052631578947,0.00018429999999999995,0.000328457894736842,964.2533776489465
0.0003360052631578947,0.00018429999999999995,0.0003536315789473683,796.7929721518344
0.0003360052631578947,0.00018429999999999995,0.00037880526315789463,621.5675963120268
0.0003360052631578947,0.00018429999999999995,0.00040397894736842095,424.36221496531977
0.0003360052631578947,0.00018429999999999995,0.00042915263157894726,252.40592704573592
0.0003360052631578947,0.00018429999999999995,0.0004543263157894736,237.32591649230704
0.0003360052631578947,0.00018429999999999995,0.0004794999999999999,452.0947688331247
0.0003360052631578947,0.00020989999999999992,1.2000000000000292e-06,265.0795975182828
0.0003360052631578947,0.00020989999999999992,2.6373684210526337e-05,289.4329113411998
0.0003360052631578947,0.00020989999999999992,5.1547368421052644e-05,408.4539495806155
0.0003360052631578947,0.00020989999999999992,7.672105263157894e-05,638.2878826416403
0.0003360052631578947,0.00020989999999999992,0.00010189473684210526,971.8958390695034
0.0003360052631578947,0.00020989999999999992,0.00012706842105263157,1364.452919135773
0.0003360052631578947,0.00020989999999999992,0.00015224210526315786,1739.3497267651917
0.0003360052631578947,0.00020989999999999992,0.00017741578947368417,2012.7643092331757
0.0003360052631578947,0.00020989999999999992,0.0002025894736842105,2121.3284613684973
0.0003360052631578947,0.00020989999999999992,0.0002277631578947368,2048.4556817699513
0.0003360052631578947,0.00020989999999999992,0.0002529368421052631,1837.066152425239
0.0003360052631578947,0.00020989999999999992,0.00027811052631578943,1568.906956450151
0.0003360052631578947,0.00020989999999999992,0.0003032842105263157,1322.676812569642
0.0003360052631578947,0.00020989999999999992,0.000328457894736842,1139.0357344214403
0.0003360052631578947,0.00020989999999999992,0.0003536315789473683,1001.3870439181383
0.0003360052631578947,0.00020989999999999992,0.00037880526315789463,848.0943116781599
0.0003360052631578947,0.00020989999999999992,0.00040397894736842095,657.2960979584708
0.0003360052631578947,0.00020989999999999992,0.00042915263157894726,499.63694636347356
0.0003360052631578947,0.00020989999999999992,0.0004543263157894736,465.77951242299565
0.0003360052631578947,0.00020989999999999992,0.0004794999999999999,585.0882719782783
0.0003360052631578947,0.0002354999999999999,1.2000000000000292e-06,249.93009534062838
0.0003360052631578947,0.0002354999999999999,2.6373684210526337e-05,295.3174654596194
0.0003360052631578947,0.0002354999999999999,5.1547368421052644e-05,450.0036560067857
0.0003360052631578947,0.0002354999999999999,7.672105263157894e-05,729.2926807102316
0.0003360052631578947,0.0002354999999999999,0.00010189473684210526,1123.2097301940253
0.0003360052631578947,0.0002354999999999999,0.00012706842105263157,1582.991023026181
0.0003360052631578947,0.0002354999999999999,0.00015224210526315786,2025.2440373838506
0.0003360052631578947,0.0002354999999999999,0.00017741578947368417,2351.3451009514292
0.0003360052631578947,0.0002354999999999999,0.0002025894736842105,2474.364571102911
0.0003360052631578947,0.0002354999999999999,0.0002277631578947368,2363.3716054714378
0.0003360052631578947,0.0002354999999999999,0.0002529368421052631,2079.7724822765913
0.0003360052631578947,0.0002354999999999999,0.00027811052631578943,1746.152571905432
0.0003360052631578947,0.0002354999999999999,0.0003032842105263157,1476.8086102591578
0.0003360052631578947,0.0002354999999999999,0.000328457894736842,1332.4343339431655
0.0003360052631578947,0.0002354999999999999,0.0003536315789473683,1292.761713682331
0.0003360052631578947,0.0002354999999999999,0.00037880526315789463,1201.3020839208618
0.0003360052631578947,0.0002354999999999999,0.00040397894736842095,970.7421636562634
0.0003360052631578947,0.0002354999999999999,0.00042915263157894726,775.5167687499732
0.0003360052631578947,0.0002354999999999999,0.0004543263157894736,703.5646239175237
0.0003360052631578947,0.0002354999999999999,0.0004794999999999999,759.1826946068708
0.0003360052631578947,0.0002610999999999999,1.2000000000000292e-06,250.31369505996636
0.0003360052631578947,0.0002610999999999999,2.6373684210526337e-05,326.10596349105845
0.0003360052631578947,0.0002610999999999999,5.1547368421052644e-05,529.399520217382
0.0003360052631578947,0.0002610999999999999,7.672105263157894e-05,868.662099445598
0.0003360052631578947,0.0002610999999999999,0.00010189473684210526,1323.715961344178
0.0003360052631578947,0.0002610999999999999,0.00012706842105263157,1839.2159779290057
0.0003360052631578947,0.0002610999999999999,0.00015224210526315786,2328.6587654132863
0.0003360052631578947,0.0002610999999999999,0.00017741578947368417,2684.5670638285856
0.0003360052631578947,0.0002610999999999999,0.0002025894736842105,2797.3746490582344
0.0003360052631578947,0.0002610999999999999,0.0002277631578947368,2618.034292560564
0.0003360052631578947,0.0002610999999999999,0.0002529368421052631,2231.308556980686
0.0003360052631578947,0.0002610999999999999,0.00027811052631578943,1811.2254627490925
0.0003360052631578947,0.0002610999999999999,0.0003032842105263157,1512.436630081699
0.0003360052631578947,0.0002610999999999999,0.000328457894736842,1412.6610614251213
0.0003360052631578947,0.0002610999999999999,0.0003536315789473683,1521.7033313378934
0.0003360052631578947,0.0002610999999999999,0.00037880526315789463,1590.8894843956232
0.0003360052631578947,0.0002610999999999999,0.00040397894736842095,1218.8099910943106
0.0003360052631578947,0.0002610999999999999,0.00042915263157894726,992.5310227389893
0.0003360052631578947,0.0002610999999999999,0.0004543263157894736,904.3166480532782
0.0003360052631578947,0.0002610999999999999,0.0004794999999999999,929.3036760414234
0.0003360052631578947,0.00028669999999999987,1.2000000000000292e-06,240.22049587040166
0.0003360052631578947,0.00028669999999999987,2.6373684210526337e-05,343.86096235392273
0.0003360052631578947,0.00028669999999999987,5.1547368421052644e-05,598.0416097462667
0.0003360052631578947,0.00028669999999999987,7.672105263157894e-05,999.4493569145492
0.0003360052631578947,0.00028669999999999987,0.00010189473684210526,1509.4940343602857
0.0003360052631578947,0.00028669999999999987,0.00012706842105263157,2060.5015509080636
0.0003360052631578947,0.00028669999999999987,0.00015224210526315786,2562.26061508797
0.0003360052631578947,0.00028669999999999987,0.00017741578947368417,2904.8449840047815
0.0003360052631578947,0.00028669999999999987,0.0002025894736842105,2970.337647488362
0.0003360052631578947,0.00028669999999999987,0.0002277631578947368,2702.569517586406
0.0003360052631578947,0.00028669999999999987,0.0002529368421052631,2202.5399298824873
0.0003360052631578947,0.00028669999999999987,0.00027811052631578943,1687.2297309491155
0.0003360052631578947,0.00028669999999999987,0.0003032842105263157,1354.0720068479877
0.0003360052631578947,0.00028669999999999987,0.000328457894736842,1265.8531085450377
0.0003360052631578947,0.00028669999999999987,0.0003536315789473683,1356.2746858974335
0.0003360052631578947,0.00028669999999999987,0.00037880526315789463,1395.8266475194096
0.0003360052631578947,0.00028669999999999987,0.00040397894736842095,1233.1763219693719
0.0003360052631578947,0.00028669999999999987,0.00042915263157894726,1094.7083735148258
0.0003360052631578947,0.00028669999999999987,0.0004543263157894736,1044.9770715678524
0.0003360052631578947,0.00028669999999999987,0.0004794999999999999,1075.756610365403
0.0003360052631578947,0.00031229999999999984,1.2000000000000292e-06,198.96524372539616
0.0003360052631578947,0.00031229999999999984,2.6373684210526337e-05,314.75939470541766
0.0003360052631578947,0.00031229999999999984,5.1547368421052644e-05,612.1216382876131
0.0003360052631578947,0.00031229999999999984,7.672105263157894e-05,1071.6182336427548
0.0003360052631578947,0.00031229999999999984,0.00010189473684210526,1626.3686434722063
0.0003360052631578947,0.00031229999999999984,0.00012706842105263157,2190.2007749077225
0.0003360052631578947,0.00031229999999999984,0.00015224210526315786,2667.3009510424877
0.0003360052631578947,0.00031229999999999984,0.00017741578947368417,2950.808849010798
0.0003360052631578947,0.00031229999999999984,0.0002025894736842105,2936.1308326031617
0.0003360052631578947,0.00031229999999999984,0.0002277631578947368,2582.9024910273956
0.0003360052631578947,0.00031229999999999984,0.0002529368421052631,1990.948688246127
0.0003360052631578947,0.00031229999999999984,0.00027811052631578943,1391.4049235260372
0.0003360052631578947,0.00031229999999999984,0.0003032842105263157,1040.0141392706337
0.0003360052631578947,0.00031229999999999984,0.000328457894736842,967.7237715265188
0.0003360052631578947,0.00031229999999999984,0.0003536315789473683,1035.8700403232212
0.0003360052631578947,0.00031229999999999984,0.00037880526315789463,1105.8645782975723
0.0003360052631578947,0.00031229999999999984,0.00040397894736842095,1115.4095860189145
0.0003360052631578947,0.00031229999999999984,0.00042915263157894726,1110.3952977830465
0.0003360052631578947,0.00031229999999999984,0.0004543263157894736,1134.4347302833055
0.0003360052631578947,0.00031229999999999984,0.0004794999999999999,1196.529504125666
0.0003360052631578947,0.0003378999999999998,1.2000000000000292e-06,133.4547207202911
0.0003360052631578947,0.0003378999999999998,2.6373684210526337e-05,238.02937348171625
0.0003360052631578947,0.0003378999999999998,5.1547368421052644e-05,563.8585923992341
0.0003360052631578947,0.0003378999999999998,7.672105263157894e-05,1070.5417414109322
0.0003360052631578947,0.0003378999999999998,0.00010189473684210526,1653.6593935818296
0.0003360052631578947,0.0003378999999999998,0.00012706842105263157,2209.458097655504
0.0003360052631578947,0.0003378999999999998,0.00015224210526315786,2640.8376566472175
0.0003360052631578947,0.0003378999999999998,0.00017741578947368417,2849.7278151037763
0.0003360052631578947,0.0003378999999999998,0.0002025894736842105,2755.2479782258215
0.0003360052631578947,0.0003378999999999998,0.0002277631578947368,2344.7842100917474
0.0003360052631578947,0.0003378999999999998,0.0002529368421052631,1718.8507291911978
0.0003360052631578947,0.0003378999999999998,0.00027811052631578943,1096.8511955275665
0.0003360052631578947,0.0003378999999999998,0.0003032842105263157,748.8662201736213
0.0003360052631578947,0.0003378999999999998,0.000328457894736842,690.4592812726239
0.0003360052631578947,0.0003378999999999998,0.0003536315789473683,771.5686636547234
0.0003360052631578947,0.0003378999999999998,0.00037880526315789463,893.3409909851176
0.0003360052631578947,0.0003378999999999998,0.00040397894736842095,1006.1755320792594
0.0003360052631578947,0.0003378999999999998,0.00042915263157894726,1104.4713886374004
0.0003360052631578947,0.0003378999999999998,0.0004543263157894736,1199.8330541320556
0.0003360052631578947,0.0003378999999999998,0.0004794999999999999,1299.4498509958626
0.0003360052631578947,0.00036349999999999984,1.2000000000000292e-06,96.14916206473607
0.0003360052631578947,0.00036349999999999984,2.6373684210526337e-05,175.78278917474924
0.0003360052631578947,0.00036349999999999984,5.1547368421052644e-05,505.6607253101988
0.0003360052631578947,0.00036349999999999984,7.672105263157894e-05,1025.632531420722
0.0003360052631578947,0.00036349999999999984,0.00010189473684210526,1600.9269733454644
0.0003360052631578947,0.00036349999999999984,0.00012706842105263157,2122.752386427787
0.0003360052631578947,0.00036349999999999984,0.00015224210526315786,2501.805520469947
0.0003360052631578947,0.00036349999999999984,0.00017741578947368417,2649.734020278943
0.0003360052631578947,0.00036349999999999984,0.0002025894736842105,2501.5723480030165
0.0003360052631578947,0.00036349999999999984,0.0002277631578947368,2070.7580653897926
0.0003360052631578947,0.00036349999999999984,0.0002529368421052631,1476.5973227629204
0.0003360052631578947,0.00036349999999999984,0.00027811052631578943,919.9031291362816
0.0003360052631578947,0.00036349999999999984,0.0003032842105263157,593.7336258953957
0.0003360052631578947,0.00036349999999999984,0.000328457894736842,523.3321386322851
0.0003360052631578947,0.00036349999999999984,0.0003536315789473683,612.6537621660616
0.0003360052631578947,0.00036349999999999984,0.00037880526315789463,774.5930106329973
0.0003360052631578947,0.00036349999999999984,0.00040397894736842095,951.5414999402474
0.0003360052631578947,0.00036349999999999984,0.00042915263157894726,1116.0718631714878
0.0003360052631578947,0.00036349999999999984,0.0004543263157894736,1262.1132421065895
0.0003360052631578947,0.00036349999999999984,0.0004794999999999999,1391.2536822021002
0.0003360052631578947,0.0003890999999999998,1.2000000000000292e-06,150.04915966892273
0.0003360052631578947,0.0003890999999999998,2.6373684210526337e-05,217.43610968338734
0.0003360052631578947,0.0003890999999999998,5.1547368421052644e-05,513.3687710783304
0.0003360052631578947,0.0003890999999999998,7.672105263157894e-05,978.1219829393128
0.0003360052631578947,0.0003890999999999998,0.00010189473684210526,1483.7560089492426
0.0003360052631578947,0.0003890999999999998,0.00012706842105263157,1932.362450653697
0.0003360052631578947,0.0003890999999999998,0.00015224210526315786,2251.4905194885173
0.0003360052631578947,0.0003890999999999998,0.00017741578947368417,2359.109536684564
0.0003360052631578947,0.0003890999999999998,0.0002025894736842105,2185.6572226243115
0.0003360052631578947,0.0003890999999999998,0.0002277631578947368,1757.2713719015167
0.0003360052631578947,0.0003890999999999998,0.0002529368421052631,1215.4563829371207
0.0003360052631578947,0.0003890999999999998,0.00027811052631578943,746.8252120411748
0.0003360052631578947,0.0003890999999999998,0.0003032842105263157,482.37910909367173
0.0003360052631578947,0.0003890999999999998,0.000328457894736842,437.3665222989632
0.0003360052631578947,0.0003890999999999998,0.0003536315789473683,549.7633005229349
0.0003360052631578947,0.0003890999999999998,0.00037880526315789463,742.7149925683605
0.0003360052631578947,0.0003890999999999998,0.00040397894736842095,954.8341426550105
0.0003360052631578947,0.0003890999999999998,0.00042915263157894726,1152.9266800537894
0.0003360052631578947,0.0003890999999999998,0.0004543263157894736,1325.558078310939
0.0003360052631578947,0.0003890999999999998,0.0004794999999999999,1470.85896480395
0.0003360052631578947,0.0004146999999999998,1.2000000000000292e-06,277.2821206285787
0.0003360052631578947,0.0004146999999999998,2.6373684210526337e-05,341.01844992309367
0.0003360052631578947,0.0004146999999999998,5.1547368421052644e-05,572.4940645990175
0.0003360052631578947,0.0004146999999999998,7.672105263157894e-05,926.343853655439
0.0003360052631578947,0.0004146999999999998,0.00010189473684210526,1307.8392464276671
0.0003360052631578947,0.0004146999999999998,0.00012706842105263157,1640.772782792335
0.0003360052631578947,0.0004146999999999998,0.00015224210526315786,1882.3499345099704
0.0003360052631578947,0.0004146999999999998,0.00017741578947368417,1960.537636139853
0.0003360052631578947,0.0004146999999999998,0.0002025894736842105,1783.5997389324523
0.0003360052631578947,0.0004146999999999998,0.0002277631578947368,1375.5880692992455
0.0003360052631578947,0.0004146999999999998,0.0002529368421052631,892.3478307818621
0.0003360052631578947,0.0004146999999999998,0.00027811052631578943,520.3779478462798
0.0003360052631578947,0.0004146999999999998,0.0003032842105263157,355.6712986191288
0.0003360052631578947,0.0004146999999999998,0.000328457894736842,383.6233904908167
0.0003360052631578947,0.0004146999999999998,0.0003536315789473683,544.0925522028225
0.0003360052631578947,0.0004146999999999998,0.00037880526315789463,766.0807059314343
0.0003360052631578947,0.0004146999999999998,0.00040397894736842095,992.7794646482776
0.0003360052631578947,0.0004146999999999998,0.00042915263157894726,1199.6160844371018
0.0003360052631578947,0.0004146999999999998,0.0004543263157894736,1379.4482363333414
0.0003360052631578947,0.0004146999999999998,0.0004794999999999999,1529.3566654054246
0.0003360052631578947,0.00044029999999999975,1.2000000000000292e-06,401.84582293211224
0.0003360052631578947,0.00044029999999999975,2.6373684210526337e-05,449.7897057564852
0.0003360052631578947,0.00044029999999999975,5.1547368421052644e-05,607.5620056473566
0.0003360052631578947,0.00044029999999999975,7.672105263157894e-05,841.7683052823446
0.0003360052631578947,0.00044029999999999975,0.00010189473684210526,1088.0275103968697
0.0003360052631578947,0.00044029999999999975,0.00012706842105263157,1292.508449222375
0.0003360052631578947,0.00044029999999999975,0.00015224210526315786,1439.7310751149337
0.0003360052631578947,0.00044029999999999975,0.00017741578947368417,1476.1197475415959
0.0003360052631578947,0.00044029999999999975,0.0002025894736842105,1305.770927283281
0.0003360052631578947,0.00044029999999999975,0.0002277631578947368,947.2880375139842
0.0003360052631578947,0.00044029999999999975,0.0002529368421052631,546.1292390947536
0.0003360052631578947,0.00044029999999999975,0.00027811052631578943,281.58323786492787
0.0003360052631578947,0.00044029999999999975,0.0003032842105263157,225.65808465190855
0.0003360052631578947,0.00044029999999999975,0.000328457894736842,336.0293053467035
0.0003360052631578947,0.00044029999999999975,0.0003536315789473683,547.8648871980452
0.0003360052631578947,0.00044029999999999975,0.00037880526315789463,793.7630487323705
0.0003360052631578947,0.00044029999999999975,0.00040397894736842095,1024.0773316818527
0.0003360052631578947,0.00044029999999999975,0.00042915263157894726,1228.1236554842985
0.0003360052631578947,0.00044029999999999975,0.0004543263157894736,1406.0427612521542
0.0003360052631578947,0.00044029999999999975,0.0004794999999999999,1555.0984858107176
0.0003360052631578947,0.0004658999999999997,1.2000000000000292e-06,475.8741587962358
0.0003360052631578947,0.0004658999999999997,2.6373684210526337e-05,494.8952127159484
0.0003360052631578947,0.0004658999999999997,5.1547368421052644e-05,582.6691258885907
0.0003360052631578947,0.0004658999999999997,7.672105263157894e-05,715.3382399143586
0.0003360052631578947,0.0004658999999999997,0.00010189473684210526,851.7490768655092
0.0003360052631578947,0.0004658999999999997,0.00012706842105263157,956.6816621350933
0.0003360052631578947,0.0004658999999999997,0.00015224210526315786,1014.8833866093033
0.0003360052631578947,0.0004658999999999997,0.00017741578947368417,989.5243299947981
0.0003360052631578947,0.0004658999999999997,0.0002025894736842105,826.8425722771312
0.0003360052631578947,0.0004658999999999997,0.0002277631578947368,543.4095182622215
0.0003360052631578947,0.0004658999999999997,0.0002529368421052631,247.018186977261
0.0003360052631578947,0.0004658999999999997,0.00027811052631578943,89.16458420385285
0.0003360052631578947,0.0004658999999999997,0.0003032842105263157,119.91827925146976
0.0003360052631578947,0.0004658999999999997,0.000328457894736842,284.56822166126506
0.0003360052631578947,0.0004658999999999997,0.0003536315789473683,523.2368726972844
0.0003360052631578947,0.0004658999999999997,0.00037880526315789463,778.6936939713445
0.0003360052631578947,0.0004658999999999997,0.00040397894736842095,1011.3013023244133
0.0003360052631578947,0.0004658999999999997,0.00042915263157894726,1214.9061944737334
0.0003360052631578947,0.0004658999999999997,0.0004543263157894736,1391.8588201124792
0.0003360052631578947,0.0004658999999999997,0.0004794999999999999,1540.567504784223
0.0003360052631578947,0.0004914999999999997,1.2000000000000292e-06,491.0076689031544
0.0003360052631578947,0.0004914999999999997,2.6373684210526337e-05,475.6884197482374
0.0003360052631578947,0.0004914999999999997,5.1547368421052644e-05,503.03682604100214
0.0003360052631578947,0.0004914999999999997,7.672105263157894e-05,557.2197514098085
0.0003360052631578947,0.0004914999999999997,0.00010189473684210526,612.9461685154656
0.0003360052631578947,0.0004914999999999997,0.00012706842105263157,646.0608128018646
0.0003360052631578947,0.0004914999999999997,0.00015224210526315786,638.4288451174826
0.0003360052631578947,0.0004914999999999997,0.00017741578947368417,569.5999718838592
0.0003360052631578947,0.0004914999999999997,0.0002025894736842105,425.3711622188248
0.0003360052631578947,0.0004914999999999997,0.0002277631578947368,224.02274122447912
0.0003360052631578947,0.0004914999999999997,0.0002529368421052631,32.35746742118639
0.0003360052631578947,0.0004914999999999997,0.00027811052631578943,-36.64798215079674
0.0003360052631578947,0.0004914999999999997,0.0003032842105263157,46.729591827364395
0.0003360052631578947,0.0004914999999999997,0.000328457894736842,229.89802975679277
0.0003360052631578947,0.0004914999999999997,0.0003536315789473683,467.5619031186613
0.0003360052631578947,0.0004914999999999997,0.00037880526315789463,717.565473178966
0.0003360052631578947,0.0004914999999999997,0.00040397894736842095,950.3784289761132
0.0003360052631578947,0.0004914999999999997,0.00042915263157894726,1156.7252074803073
0.0003360052631578947,0.0004914999999999997,0.0004543263157894736,1335.8064235504364
0.0003360052631578947,0.0004914999999999997,0.0004794999999999999,1486.6021358889927
0.0003615210526315789,5.10000000000007e-06,1.2000000000000292e-06,969.6064959834304
0.0003615210526315789,5.10000000000007e-06,2.6373684210526337e-05,975.1215135375351
0.0003615210526315789,5.10000000000007e-06,5.1547368421052644e-05,1126.6830097373424
0.0003615210526315789,5.10000000000007e-06,7.672105263157894e-05,1356.4760854927347
0.0003615210526315789,5.10000000000007e-06,0.00010189473684210526,1574.7424426930243
0.0003615210526315789,5.10000000000007e-06,0.00012706842105263157,1752.314636329159
0.0003615210526315789,5.10000000000007e-06,0.00015224210526315786,1875.8982391017487
0.0003615210526315789,5.10000000000007e-06,0.00017741578947368417,1943.135362114102
0.0003615210526315789,5.10000000000007e-06,0.0002025894736842105,1962.898495654444
0.0003615210526315789,5.10000000000007e-06,0.0002277631578947368,1953.5753510545921
0.0003615210526315789,5.10000000000007e-06,0.0002529368421052631,1939.1636726756003
0.0003615210526315789,5.10000000000007e-06,0.00027811052631578943,1944.1103924777342
0.0003615210526315789,5.10000000000007e-06,0.0003032842105263157,1988.1790296601187
0.0003615210526315789,5.10000000000007e-06,0.000328457894736842,2083.252024789823
0.0003615210526315789,5.10000000000007e-06,0.0003536315789473683,2232.241975862922
0.0003615210526315789,5.10000000000007e-06,0.00037880526315789463,2427.910117716645
0.0003615210526315789,5.10000000000007e-06,0.00040397894736842095,2650.444223231092
0.0003615210526315789,5.10000000000007e-06,0.00042915263157894726,2866.173667523591
0.0003615210526315789,5.10000000000007e-06,0.0004543263157894736,3034.116770045119
0.0003615210526315789,5.10000000000007e-06,0.0004794999999999999,3125.0643503410656
0.0003615210526315789,3.0700000000000055e-05,1.2000000000000292e-06,849.4372073563595
0.0003615210526315789,3.0700000000000055e-05,2.6373684210526337e-05,865.9260283881878
0.0003615210526315789,3.0700000000000055e-05,5.1547368421052644e-05,1014.9136030733873
0.0003615210526315789,3.0700000000000055e-05,7.672105263157894e-05,1241.3214630754183
0.0003615210526315789,3.0700000000000055e-05,0.00010189473684210526,1461.4339503947922
0.0003615210526315789,3.0700000000000055e-05,0.00012706842105263157,1640.368209732042
0.0003615210526315789,3.0700000000000055e-05,0.00015224210526315786,1760.5147058460173
0.0003615210526315789,3.0700000000000055e-05,0.00017741578947368417,1816.9667180014542
0.0003615210526315789,3.0700000000000055e-05,0.0002025894736842105,1818.1562916149207
0.0003615210526315789,3.0700000000000055e-05,0.0002277631578947368,1784.3759378796974
0.0003615210526315789,3.0700000000000055e-05,0.0002529368421052631,1744.0208186703471
0.0003615210526315789,3.0700000000000055e-05,0.00027811052631578943,1727.5144095878604
0.0003615210526315789,3.0700000000000055e-05,0.0003032842105263157,1759.7302404031273
0.0003615210526315789,3.0700000000000055e-05,0.000328457894736842,1855.7264487159994
0.0003615210526315789,3.0700000000000055e-05,0.0003536315789473683,2020.9982847993879
0.0003615210526315789,3.0700000000000055e-05,0.00037880526315789463,2250.6631359756666
0.0003615210526315789,3.0700000000000055e-05,0.00040397894736842095,2524.574316338349
0.0003615210526315789,3.0700000000000055e-05,0.00042915263157894726,2800.5447528607065
0.0003615210526315789,3.0700000000000055e-05,0.0004543263157894736,3017.2638451732073
0.0003615210526315789,3.0700000000000055e-05,0.0004794999999999999,3125.7040693415215
0.0003615210526315789,5.6300000000000034e-05,1.2000000000000292e-06,787.45887717531
0.0003615210526315789,5.6300000000000034e-05,2.6373684210526337e-05,835.0552711832618
0.0003615210526315789,5.6300000000000034e-05,5.1547368421052644e-05,970.5146498159639
0.0003615210526315789,5.6300000000000034e-05,7.672105263157894e-05,1167.6059825518555
0.0003615210526315789,5.6300000000000034e-05,0.00010189473684210526,1372.9864801894892
0.0003615210526315789,5.6300000000000034e-05,0.00012706842105263157,1545.3796155356326
0.0003615210526315789,5.6300000000000034e-05,0.00015224210526315786,1658.7407506992863
0.0003615210526315789,5.6300000000000034e-05,0.00017741578947368417,1702.7265635267552
0.0003615210526315789,5.6300000000000034e-05,0.0002025894736842105,1683.3190660275975
0.0003615210526315789,5.6300000000000034e-05,0.0002277631578947368,1620.9645878580104
0.0003615210526315789,5.6300000000000034e-05,0.0002529368421052631,1547.4020544697423
0.0003615210526315789,5.6300000000000034e-05,0.00027811052631578943,1499.2519268317574
0.0003615210526315789,5.6300000000000034e-05,0.0003032842105263157,1506.6718841362956
0.0003615210526315789,5.6300000000000034e-05,0.000328457894736842,1587.2625948411458
0.0003615210526315789,5.6300000000000034e-05,0.0003536315789473683,1749.0474261088016
0.0003615210526315789,5.6300000000000034e-05,0.00037880526315789463,1990.840740330036
0.0003615210526315789,5.6300000000000034e-05,0.00040397894736842095,2296.023079435532
0.0003615210526315789,5.6300000000000034e-05,0.00042915263157894726,2620.2581767519346
0.0003615210526315789,5.6300000000000034e-05,0.0004543263157894736,2884.671524033038
0.0003615210526315789,5.6300000000000034e-05,0.0004794999999999999,3015.9655746870008
0.0003615210526315789,8.190000000000001e-05,1.2000000000000292e-06,735.225989846863
0.0003615210526315789,8.190000000000001e-05,2.6373684210526337e-05,797.6471493770891
0.0003615210526315789,8.190000000000001e-05,5.1547368421052644e-05,928.012234315212
0.0003615210526315789,8.190000000000001e-05,7.672105263157894e-05,1109.5043304011442
0.0003615210526315789,8.190000000000001e-05,0.00010189473684210526,1305.6725616565125
0.0003615210526315789,8.190000000000001e-05,0.00012706842105263157,1475.7306329488374
0.0003615210526315789,8.190000000000001e-05,0.00015224210526315786,1586.4277786589284
0.0003615210526315789,8.190000000000001e-05,0.00017741578947368417,1621.460612633889
0.0003615210526315789,8.190000000000001e-05,0.0002025894736842105,1583.8286204686751
0.0003615210526315789,8.190000000000001e-05,0.0002277631578947368,1492.7438962119982
0.0003615210526315789,8.190000000000001e-05,0.0002529368421052631,1381.326816246459
0.0003615210526315789,8.190000000000001e-05,0.00027811052631578943,1290.9302783786902
0.0003615210526315789,8.190000000000001e-05,0.0003032842105263157,1256.5684880461317
0.0003615210526315789,8.190000000000001e-05,0.000328457894736842,1298.392006758832
0.0003615210526315789,8.190000000000001e-05,0.0003536315789473683,1426.1780890312687
0.0003615210526315789,8.190000000000001e-05,0.00037880526315789463,1640.493723687794
0.0003615210526315789,8.190000000000001e-05,0.00040397894736842095,1928.3514934673144
0.0003615210526315789,8.190000000000001e-05,0.00042915263157894726,2252.711461455811
0.0003615210526315789,8.190000000000001e-05,0.0004543263157894736,2538.6989215958884
0.0003615210526315789,8.190000000000001e-05,0.0004794999999999999,2704.328235075668
0.0003615210526315789,0.0001075,1.2000000000000292e-06,675.8963533534295
0.0003615210526315789,0.0001075,2.6373684210526337e-05,744.4069390433019
0.0003615210526315789,0.0001075,5.1547368421052644e-05,875.2227855697041
0.0003615210526315789,0.0001075,7.672105263157894e-05,1056.2023637143245
0.0003615210526315789,0.0001075,0.00010189473684210526,1258.2248138991536
0.0003615210526315789,0.0001075,0.00012706842105263157,1439.8532404437967
0.0003615210526315789,0.0001075,0.00015224210526315786,1559.8853494883201
0.0003615210526315789,0.0001075,0.00017741578947368417,1595.9035164800878
0.0003615210526315789,0.0001075,0.0002025894736842105,1548.1637755297381
0.0003615210526315789,0.0001075,0.0002277631578947368,1433.4882844888105
0.0003615210526315789,0.0001075,0.0002529368421052631,1284.1149259348929
0.0003615210526315789,0.0001075,0.00027811052631578943,1143.0987234019303
0.0003615210526315789,0.0001075,0.0003032842105263157,1049.741285967202
0.0003615210526315789,0.0001075,0.000328457894736842,1028.8742181993139
0.0003615210526315789,0.0001075,0.0003536315789473683,1091.390231397247
0.0003615210526315789,0.0001075,0.00037880526315789463,1234.7673213562748
0.0003615210526315789,0.0001075,0.00040397894736842095,1444.4001091378402
0.0003615210526315789,0.0001075,0.00042915263157894726,1697.2031047188807
0.0003615210526315789,0.0001075,0.0004543263157894736,1957.9609859017482
0.0003615210526315789,0.0001075,0.0004794999999999999,2172.1544272485085
0.0003615210526315789,0.00013309999999999998,1.2000000000000292e-06,610.3116946806745
0.0003615210526315789,0.00013309999999999998,2.6373684210526337e-05,682.0064952099666
0.0003615210526315789,0.00013309999999999998,5.1547368421052644e-05,818.0751339142432
0.0003615210526315789,0.00013309999999999998,7.672105263157894e-05,1010.2677004775786
0.0003615210526315789,0.00013309999999999998,0.00010189473684210526,1233.2531683887642
0.0003615210526315789,0.00013309999999999998,0.00012706842105263157,1443.5889695297096
0.0003615210526315789,0.00013309999999999998,0.00015224210526315786,1591.273496693975
0.0003615210526315789,0.00013309999999999998,0.00017741578947368417,1645.8131950091638
0.0003615210526315789,0.00013309999999999998,0.0002025894736842105,1601.925329664347
0.0003615210526315789,0.00013309999999999998,0.0002277631578947368,1471.9586300535939
0.0003615210526315789,0.00013309999999999998,0.0002529368421052631,1286.5377049095844
0.0003615210526315789,0.00013309999999999998,0.00027811052631578943,1090.3006387087596
0.0003615210526315789,0.00013309999999999998,0.0003032842105263157,928.0697840846074
0.0003615210526315789,0.00013309999999999998,0.000328457894736842,831.3939677498602
0.0003615210526315789,0.00013309999999999998,0.0003536315789473683,812.1507005143276
0.0003615210526315789,0.00013309999999999998,0.00037880526315789463,861.8581205125604
0.0003615210526315789,0.00013309999999999998,0.00040397894736842095,960.560581790481
0.0003615210526315789,0.00013309999999999998,0.00042915263157894726,1100.0217762801894
0.0003615210526315789,0.00013309999999999998,0.0004543263157894736,1303.2672268594201
0.0003615210526315789,0.00013309999999999998,0.0004794999999999999,1563.0485473115355
0.0003615210526315789,0.00015869999999999995,1.2000000000000292e-06,545.2482623104611
0.0003615210526315789,0.00015869999999999995,2.6373684210526337e-05,621.3284051937522
0.0003615210526315789,0.00015869999999999995,5.1547368421052644e-05,768.5671833171192
0.0003615210526315789,0.00015869999999999995,7.672105263157894e-05,982.26372554106
0.0003615210526315789,0.00015869999999999995,0.00010189473684210526,1239.3487866414189
0.0003615210526315789,0.00015869999999999995,0.00012706842105263157,1494.9635378327566
0.0003615210526315789,0.00015869999999999995,0.00015224210526315786,1692.7495745461554
0.0003615210526315789,0.00015869999999999995,0.00017741578947368417,1789.6654655817879
0.0003615210526315789,0.00015869999999999995,0.0002025894736842105,1766.7669559457659
0.0003615210526315789,0.00015869999999999995,0.0002277631578947368,1629.001498815928
0.0003615210526315789,0.00015869999999999995,0.0002529368421052631,1407.804704764434
0.0003615210526315789,0.00015869999999999995,0.00027811052631578943,1154.7495300013054
0.0003615210526315789,0.00015869999999999995,0.0003032842105263157,924.3966410282176
0.0003615210526315789,0.00015869999999999995,0.000328457894736842,755.9238654510957
0.0003615210526315789,0.00015869999999999995,0.0003536315789473683,661.5951804127241
0.0003615210526315789,0.00015869999999999995,0.00037880526315789463,627.6980176718922
0.0003615210526315789,0.00015869999999999995,0.00040397894736842095,632.8477732378681
0.0003615210526315789,0.00015869999999999995,0.00042915263157894726,682.0325464070936
0.0003615210526315789,0.00015869999999999995,0.0004543263157894736,829.2993160452908
0.0003615210526315789,0.00015869999999999995,0.0004794999999999999,1092.7273406743923
0.0003615210526315789,0.00018429999999999995,1.2000000000000292e-06,487.8885038325487
0.0003615210526315789,0.00018429999999999995,2.6373684210526337e-05,573.2920760678272
0.0003615210526315789,0.00018429999999999995,5.1547368421052644e-05,740.4371330187693
0.0003615210526315789,0.00018429999999999995,7.672105263157894e-05,987.8583181533835
0.0003615210526315789,0.00018429999999999995,0.00010189473684210526,1294.2736837363577
0.0003615210526315789,0.00018429999999999995,0.00012706842105263157,1614.1340134504812
0.0003615210526315789,0.00018429999999999995,0.00015224210526315786,1885.2392855776786
0.0003615210526315789,0.00018429999999999995,0.00017741578947368417,2047.4533345684451
0.0003615210526315789,0.00018429999999999995,0.0002025894736842105,2059.874465161624
0.0003615210526315789,0.00018429999999999995,0.0002277631578947368,1915.9653981137537
0.0003615210526315789,0.00018429999999999995,0.0002529368421052631,1652.987646339367
0.0003615210526315789,0.00018429999999999995,0.00027811052631578943,1339.9233144321493
0.0003615210526315789,0.00018429999999999995,0.0003032842105263157,1048.6195153240853
0.0003615210526315789,0.00018429999999999995,0.000328457894736842,826.7141934342422
0.0003615210526315789,0.00018429999999999995,0.0003536315789473683,683.0047707745977
0.0003615210526315789,0.00018429999999999995,0.00037880526315789463,594.8517734134309
0.0003615210526315789,0.00018429999999999995,0.00040397894736842095,542.0676714902713
0.0003615210526315789,0.00018429999999999995,0.00042915263157894726,541.3813785106057
0.0003615210526315789,0.00018429999999999995,0.0004543263157894736,642.2567767357837
0.0003615210526315789,0.00018429999999999995,0.0004794999999999999,858.6039164835961
0.0003615210526315789,0.00020989999999999992,1.2000000000000292e-06,440.8491152459825
0.0003615210526315789,0.00020989999999999992,2.6373684210526337e-05,543.0605474707139
0.0003615210526315789,0.00020989999999999992,5.1547368421052644e-05,741.5420181405202
0.0003615210526315789,0.00020989999999999992,7.672105263157894e-05,1037.2853835199355
0.0003615210526315789,0.00020989999999999992,0.00010189473684210526,1410.184179358489
0.0003615210526315789,0.00020989999999999992,0.00012706842105263157,1813.9379525824454
0.0003615210526315789,0.00020989999999999992,0.00015224210526315786,2179.7197818725426
0.0003615210526315789,0.00020989999999999992,0.00017741578947368417,2427.404819330439
0.0003615210526315789,0.00020989999999999992,0.0002025894736842105,2484.8838473636442
0.0003615210526315789,0.00020989999999999992,0.0002277631578947368,2325.682790136263
0.0003615210526315789,0.00020989999999999992,0.0002529368421052631,2001.0904281337496
0.0003615210526315789,0.00020989999999999992,0.00027811052631578943,1615.5186118116974
0.0003615210526315789,0.00020989999999999992,0.0003032842105263157,1269.456867615182
0.0003615210526315789,0.00020989999999999992,0.000328457894736842,1020.5451984143604
0.0003615210526315789,0.00020989999999999992,0.0003536315789473683,865.8935234352605
0.0003615210526315789,0.00020989999999999992,0.00037880526315789463,754.3120698496069
0.0003615210526315789,0.00020989999999999992,0.00040397894736842095,656.293763155254
0.0003615210526315789,0.00020989999999999992,0.00042915263157894726,607.2374784094907
0.0003615210526315789,0.00020989999999999992,0.0004543263157894736,654.9629626991108
0.0003615210526315789,0.00020989999999999992,0.0004794999999999999,807.1191888129019
0.0003615210526315789,0.0002354999999999999,1.2000000000000292e-06,397.47108413985586
0.0003615210526315789,0.0002354999999999999,2.6373684210526337e-05,523.1124018303308
0.0003615210526315789,0.0002354999999999999,5.1547368421052644e-05,763.932345595307
0.0003615210526315789,0.0002354999999999999,7.672105263157894e-05,1121.2553163026118
0.0003615210526315789,0.0002354999999999999,0.00010189473684210526,1573.6398956402775
0.0003615210526315789,0.0002354999999999999,0.00012706842105263157,2073.5919129082004
0.0003615210526315789,0.0002354999999999999,0.00015224210526315786,2548.599839248738
0.0003615210526315789,0.0002354999999999999,0.00017741578947368417,2900.7342001626184
0.0003615210526315789,0.0002354999999999999,0.0002025894736842105,3012.5023920516533
0.0003615210526315789,0.0002354999999999999,0.0002277631578947368,2815.5166019644257
0.0003615210526315789,0.0002354999999999999,0.0002529368421052631,2390.2939402570414
0.0003615210526315789,0.0002354999999999999,0.00027811052631578943,1907.0990015879333
0.0003615210526315789,0.0002354999999999999,0.0003032842105263157,1505.9094672487615
0.0003615210526315789,0.0002354999999999999,0.000328457894736842,1255.8310164044121
0.0003615210526315789,0.0002354999999999999,0.0003536315789473683,1139.7447845703844
0.0003615210526315789,0.0002354999999999999,0.00037880526315789463,1037.5431236596057
0.0003615210526315789,0.0002354999999999999,0.00040397894736842095,881.4139969682118
0.0003615210526315789,0.0002354999999999999,0.00042915263157894726,768.5538013432958
0.0003615210526315789,0.0002354999999999999,0.0004543263157894736,760.4523857204609
0.0003615210526315789,0.0002354999999999999,0.0004794999999999999,855.495892034577
0.0003615210526315789,0.0002610999999999999,1.2000000000000292e-06,340.1064568064234
0.0003615210526315789,0.0002610999999999999,2.6373684210526337e-05,489.859316362141
0.0003615210526315789,0.0002610999999999999,5.1547368421052644e-05,779.2407007803994
0.0003615210526315789,0.0002610999999999999,7.672105263157894e-05,1206.091542747812
0.0003615210526315789,0.0002610999999999999,0.00010189473684210526,1741.5278388508514
0.0003615210526315789,0.0002610999999999999,0.00012706842105263157,2333.591705456727
0.0003615210526315789,0.0002610999999999999,0.00015224210526315786,2910.346295321481
0.0003615210526315789,0.0002610999999999999,0.0002529368421052631,2705.9247350272535
0.0003615210526315789,0.0002610999999999999,0.00027811052631578943,2104.9316184619165
0.0003615210526315789,0.0002610999999999999,0.0003032842105263157,1644.77914347836
0.0003615210526315789,0.0002610999999999999,0.000328457894736842,1398.0052182328377
0.0003615210526315789,0.0002610999999999999,0.0003536315789473683,1342.3811878621195
0.0003615210526315789,0.0002610999999999999,0.00037880526315789463,1280.251104067522
0.0003615210526315789,0.0002610999999999999,0.00040397894736842095,1072.942962752344
0.0003615210526315789,0.0002610999999999999,0.00042915263157894726,920.8172089581465
0.0003615210526315789,0.0002610999999999999,0.0004543263157894736,882.8083061854281
0.0003615210526315789,0.0002610999999999999,0.0004794999999999999,944.1112913000527
0.0003615210526315789,0.00028669999999999987,1.2000000000000292e-06,244.3835736313556
0.0003615210526315789,0.00028669999999999987,2.6373684210526337e-05,408.07592630173446
0.0003615210526315789,0.00028669999999999987,5.1547368421052644e-05,745.3774099858675
0.0003615210526315789,0.00028669999999999987,7.672105263157894e-05,1244.721366848651
0.0003615210526315789,0.00028669999999999987,0.00010189473684210526,1857.4811325728974
0.0003615210526315789,0.00028669999999999987,0.00012706842105263157,2517.1484219376975
0.0003615210526315789,0.00028669999999999987,0.00015224210526315786,3147.324042708513
0.0003615210526315789,0.00028669999999999987,0.0002529368421052631,2801.7813655331065
0.0003615210526315789,0.00028669999999999987,0.00027811052631578943,2109.7380627480156
0.0003615210526315789,0.00028669999999999987,0.0003032842105263157,1600.5537294782396
0.0003615210526315789,0.00028669999999999987,0.000328457894736842,1336.5242165173227
0.0003615210526315789,0.00028669999999999987,0.0003536315789473683,1267.8293705597198
0.0003615210526315789,0.00028669999999999987,0.00037880526315789463,1222.2479256501183
0.0003615210526315789,0.00028669999999999987,0.00040397894736842095,1094.1868667832653
0.0003615210526315789,0.00028669999999999987,0.00042915263157894726,995.2056831363999
0.0003615210526315789,0.00028669999999999987,0.0004543263157894736,978.6880490625309
0.0003615210526315789,0.00028669999999999987,0.0004794999999999999,1038.1479956549836
0.0003615210526315789,0.00031229999999999984,1.2000000000000292e-06,91.19747668386002
0.0003615210526315789,0.00031229999999999984,2.6373684210526337e-05,243.53110863436942
0.0003615210526315789,0.00031229999999999984,5.1547368421052644e-05,623.7759996091421
0.0003615210526315789,0.00031229999999999984,7.672105263157894e-05,1200.0923575967115
0.0003615210526315789,0.00031229999999999984,0.00010189473684210526,1881.5926989288419
0.0003615210526315789,0.00031229999999999984,0.00012706842105263157,2574.859676932474
0.0003615210526315789,0.00031229999999999984,0.00015224210526315786,3189.842809417092
0.0003615210526315789,0.00031229999999999984,0.0002529368421052631,2625.090484889106
0.0003615210526315789,0.00031229999999999984,0.00027811052631578943,1911.6661916147075
0.0003615210526315789,0.00031229999999999984,0.0003032842105263157,1386.2663192044015
0.0003615210526315789,0.00031229999999999984,0.000328457894736842,1109.6324346138172
0.0003615210526315789,0.00031229999999999984,0.0003536315789473683,1022.1644687946701
0.0003615210526315789,0.00031229999999999984,0.00037880526315789463,1009.7541053984189
0.0003615210526315789,0.00031229999999999984,0.00040397894736842095,998.6772177406023
0.0003615210526315789,0.00031229999999999984,0.00042915263157894726,1001.4207285020985
0.0003615210526315789,0.00031229999999999984,0.0004543263157894736,1042.472177366687
0.0003615210526315789,0.00031229999999999984,0.0004794999999999999,1124.554507914771
0.0003615210526315789,0.0003378999999999998,1.2000000000000292e-06,-108.21911231924757
0.0003615210526315789,0.0003378999999999998,2.6373684210526337e-05,-12.273597403504766
0.0003615210526315789,0.0003378999999999998,5.1547368421052644e-05,408.4640065859821
0.0003615210526315789,0.0003378999999999998,7.672105263157894e-05,1073.5344518021118
0.0003615210526315789,0.0003378999999999998,0.00010189473684210526,1812.564004505972
0.0003615210526315789,0.0003378999999999998,0.00012706842105263157,2509.134230821422
0.0003615210526315789,0.0003378999999999998,0.00015224210526315786,3068.7428079024758
0.0003615210526315789,0.0003378999999999998,0.0002277631578947368,2949.9877314849728
0.0003615210526315789,0.0003378999999999998,0.0002529368421052631,2289.6685514252645
0.0003615210526315789,0.0003378999999999998,0.00027811052631578943,1608.8900344798333
0.0003615210526315789,0.0003378999999999998,0.0003032842105263157,1103.7037386412285
0.0003615210526315789,0.0003378999999999998,0.000328457894736842,838.4662153492543
0.0003615210526315789,0.0003378999999999998,0.0003536315789473683,769.4750423167637
0.0003615210526315789,0.0003378999999999998,0.00037880526315789463,813.4754899462749
0.0003615210526315789,0.0003378999999999998,0.00040397894736842095,897.1370635588527
0.0003615210526315789,0.0003378999999999998,0.00042915263157894726,990.4816478980279
0.0003615210526315789,0.0003378999999999998,0.0004543263157894736,1092.1517541580668
0.0003615210526315789,0.0003378999999999998,0.0004794999999999999,1204.3132373981593
0.0003615210526315789,0.00036349999999999984,1.2000000000000292e-06,-259.9447690505585
0.0003615210526315789,0.00036349999999999984,2.6373684210526337e-05,-260.998123159023
0.0003615210526315789,0.00036349999999999984,5.1547368421052644e-05,195.14085199845823
0.0003615210526315789,0.00036349999999999984,7.672105263157894e-05,930.8552996869856
0.0003615210526315789,0.00036349999999999984,0.00010189473684210526,1684.1703823151631
0.0003615210526315789,0.00036349999999999984,0.00012706842105263157,2346.821006048356
0.0003615210526315789,0.00036349999999999984,0.00015224210526315786,2838.129491005561
0.0003615210526315789,0.00036349999999999984,0.00017741578947368417,3067.518221160187
0.0003615210526315789,0.00036349999999999984,0.0002025894736842105,2961.4451489747626
0.0003615210526315789,0.00036349999999999984,0.0002277631578947368,2531.084827726296
0.0003615210526315789,0.00036349999999999984,0.0002529368421052631,1907.6590224380984
0.0003615210526315789,0.00036349999999999984,0.00027811052631578943,1290.6672704576529
0.0003615210526315789,0.00036349999999999984,0.0003032842105263157,841.5403387774181
0.0003615210526315789,0.00036349999999999984,0.000328457894736842,616.0864309698737
0.0003615210526315789,0.00036349999999999984,0.0003536315789473683,589.9639332656674
0.0003615210526315789,0.00036349999999999984,0.00037880526315789463,693.915732405664
0.0003615210526315789,0.00036349999999999984,0.00040397894736842095,846.6519137858835
0.0003615210526315789,0.00036349999999999984,0.00042915263157894726,1001.48119530515
0.0003615210526315789,0.00036349999999999984,0.0004543263157894736,1146.3092662403394
0.0003615210526315789,0.00036349999999999984,0.0004794999999999999,1281.6205869658515
0.0003615210526315789,0.0003890999999999998,1.2000000000000292e-06,-201.06274088712738
0.0003615210526315789,0.0003890999999999998,2.6373684210526337e-05,-199.42104588967237
0.0003615210526315789,0.0003890999999999998,5.1547368421052644e-05,207.26529926436254
0.0003615210526315789,0.0003890999999999998,7.672105263157894e-05,865.2344766965246
0.0003615210526315789,0.0003890999999999998,0.00010189473684210526,1530.9688335648461
0.0003615210526315789,0.0003890999999999998,0.00012706842105263157,2099.133541973079
0.0003615210526315789,0.0003890999999999998,0.00015224210526315786,2508.207764004067
0.0003615210526315789,0.0003890999999999998,0.00017741578947368417,2676.7906836459083
0.0003615210526315789,0.0003890999999999998,0.0002025894736842105,2526.0060538640387
0.0003615210526315789,0.0003890999999999998,0.0002277631578947368,2079.066309478915
0.0003615210526315789,0.0003890999999999998,0.0002529368421052631,1486.9429087893352
0.0003615210526315789,0.0003890999999999998,0.00027811052631578943,955.6973974550284
0.0003615210526315789,0.0003890999999999998,0.0003032842105263157,614.0017381173893
0.0003615210526315789,0.0003890999999999998,0.000328457894736842,479.96282683225974
0.0003615210526315789,0.0003890999999999998,0.0003536315789473683,523.6878699609629
0.0003615210526315789,0.0003890999999999998,0.00037880526315789463,679.2474861936498
0.0003615210526315789,0.0003890999999999998,0.00040397894736842095,867.999084363581
0.0003615210526315789,0.0003890999999999998,0.00042915263157894726,1048.482681729455
0.0003615210526315789,0.0003890999999999998,0.0004543263157894736,1211.1205679868642
0.0003615210526315789,0.0003890999999999998,0.0004794999999999999,1355.8822102322215
0.0003615210526315789,0.0004146999999999998,1.2000000000000292e-06,24.928846151717963
0.0003615210526315789,0.0004146999999999998,2.6373684210526337e-05,83.53269944192863
0.0003615210526315789,0.0004146999999999998,5.1547368421052644e-05,389.1210692387694
0.0003615210526315789,0.0004146999999999998,7.672105263157894e-05,865.5743041735493
0.0003615210526315789,0.0004146999999999998,0.00010189473684210526,1357.5125550968214
0.0003615210526315789,0.0004146999999999998,0.00012706842105263157,1760.5548860215843
0.0003615210526315789,0.0004146999999999998,0.00015224210526315786,2062.9636424886844
0.0003615210526315789,0.0004146999999999998,0.00017741578947368417,2205.1614599876416
0.0003615210526315789,0.0004146999999999998,0.0002025894736842105,2040.278807997173
0.0003615210526315789,0.0004146999999999998,0.0002277631578947368,1584.6572105929265
0.0003615210526315789,0.0004146999999999998,0.0002529368421052631,1011.6275629714922
0.0003615210526315789,0.0004146999999999998,0.00027811052631578943,586.21181703221
0.0003615210526315789,0.0004146999999999998,0.0003032842105263157,409.58201702689604
0.0003615210526315789,0.0004146999999999998,0.000328457894736842,416.4938034309136
0.0003615210526315789,0.0004146999999999998,0.0003536315789473683,555.3489561268636
0.0003615210526315789,0.0004146999999999998,0.00037880526315789463,755.3762830972795
0.0003615210526315789,0.0004146999999999998,0.00040397894736842095,946.5700217000227
0.0003615210526315789,0.0004146999999999998,0.00042915263157894726,1119.243554295575
0.0003615210526315789,0.0004146999999999998,0.0004543263157894736,1277.3766515631241
0.0003615210526315789,0.0004146999999999998,0.0004794999999999999,1419.2729471024104
0.0003615210526315789,0.00044029999999999975,1.2000000000000292e-06,251.85194546273107
0.0003615210526315789,0.00044029999999999975,2.6373684210526337e-05,323.5801461807887
0.0003615210526315789,0.00044029999999999975,5.1547368421052644e-05,540.9007019302347
0.0003615210526315789,0.00044029999999999975,7.672105263157894e-05,857.2569264741761
0.0003615210526315789,0.00044029999999999975,0.00010189473684210526,1174.8009983767683
0.0003615210526315789,0.00044029999999999975,0.00012706842105263157,1397.8692084420095
0.0003615210526315789,0.00044029999999999975,0.00015224210526315786,1576.260926159782
0.0003615210526315789,0.00044029999999999975,0.00017741578947368417,1707.369033351377
0.0003615210526315789,0.00044029999999999975,0.0002025894736842105,1543.8190653836575
0.0003615210526315789,0.00044029999999999975,0.0002277631578947368,1111.2647554731996
0.0003615210526315789,0.00044029999999999975,0.0002529368421052631,580.8143395957802
0.0003615210526315789,0.00044029999999999975,0.00027811052631578943,271.19391756559173
0.0003615210526315789,0.00044029999999999975,0.0003032842105263157,256.3077503856159
0.0003615210526315789,0.00044029999999999975,0.000328457894736842,391.00354188885024
0.0003615210526315789,0.00044029999999999975,0.0003536315789473683,617.3383078420086
0.0003615210526315789,0.00044029999999999975,0.00037880526315789463,855.7156097919352
0.0003615210526315789,0.00044029999999999975,0.00040397894736842095,1028.6591509273212
0.0003615210526315789,0.00044029999999999975,0.00042915263157894726,1179.7879134804957
0.0003615210526315789,0.00044029999999999975,0.0004543263157894736,1325.3929038671665
0.0003615210526315789,0.00044029999999999975,0.0004794999999999999,1459.7817139099159
0.0003615210526315789,0.0004658999999999997,1.2000000000000292e-06,410.85467333080805
0.0003615210526315789,0.0004658999999999997,2.6373684210526337e-05,466.6260810801447
0.0003615210526315789,0.0004658999999999997,5.1547368421052644e-05,610.0917347228917
0.0003615210526315789,0.0004658999999999997,7.672105263157894e-05,809.7881656668138
0.0003615210526315789,0.0004658999999999997,0.00010189473684210526,1007.648853843874
0.0003615210526315789,0.0004658999999999997,0.00012706842105263157,1153.1897450034876
0.0003615210526315789,0.0004658999999999997,0.00015224210526315786,1255.3617159605724
0.0003615210526315789,0.0004658999999999997,0.00017741578947368417,1278.442977625128
0.0003615210526315789,0.0004658999999999997,0.0002025894736842105,1108.0615905113066
0.0003615210526315789,0.0004658999999999997,0.0002277631578947368,749.45310291067
0.0003615210526315789,0.0004658999999999997,0.0002529368421052631,340.3093088328472
0.0003615210526315789,0.0004658999999999997,0.00027811052631578943,136.3460367278782
0.0003615210526315789,0.0004658999999999997,0.0003032842105263157,190.35276637975608
0.0003615210526315789,0.0004658999999999997,0.000328457894736842,374.9206983712056
0.0003615210526315789,0.0004658999999999997,0.0003536315789473683,624.8317357494406
0.0003615210526315789,0.0004658999999999997,0.00037880526315789463,867.4498086763991
0.0003615210526315789,0.0004658999999999997,0.00040397894736842095,1045.6408670639835
0.0003615210526315789,0.0004658999999999997,0.00042915263157894726,1195.841299065322
0.0003615210526315789,0.0004658999999999997,0.0004543263157894736,1337.4318121679034
0.0003615210526315789,0.0004658999999999997,0.0004794999999999999,1467.7057835089536
0.0003615210526315789,0.0004914999999999997,1.2000000000000292e-06,495.2374310033873
0.0003615210526315789,0.0004914999999999997,2.6373684210526337e-05,523.2008708497985
0.0003615210526315789,0.0004914999999999997,5.1547368421052644e-05,605.5574379592724
0.0003615210526315789,0.0004914999999999997,7.672105263157894e-05,721.6772957829181
0.0003615210526315789,0.0004914999999999997,0.00010189473684210526,838.2873745008234
0.0003615210526315789,0.0004914999999999997,0.00012706842105263157,925.1790899967331
0.0003615210526315789,0.0004914999999999997,0.00015224210526315786,963.5568031564227
0.0003615210526315789,0.0004914999999999997,0.00017741578947368417,922.0558494536449
0.0003615210526315789,0.0004914999999999997,0.0002025894736842105,763.1483390151782
0.0003615210526315789,0.0004914999999999997,0.0002277631578947368,499.1529418166861
0.0003615210526315789,0.0004914999999999997,0.0002529368421052631,210.10755894440433
0.0003615210526315789,0.0004914999999999997,0.00027811052631578943,95.99101752498304
0.0003615210526315789,0.0004914999999999997,0.0003032842105263157,179.3554746823599
0.0003615210526315789,0.0004914999999999997,0.000328457894736842,357.05566767790566
0.0003615210526315789,0.0004914999999999997,0.0003536315789473683,583.0213808167106
0.0003615210526315789,0.0004914999999999997,0.00037880526315789463,807.5970201122209
0.0003615210526315789,0.0004914999999999997,0.00040397894736842095,998.9114989534336
0.0003615210526315789,0.0004914999999999997,0.00042915263157894726,1162.6686845092274
0.0003615210526315789,0.0004914999999999997,0.0004543263157894736,1309.5019396846048
0.0003615210526315789,0.0004914999999999997,0.0004794999999999999,1440.9275130429753
0.00038703684210526307,5.10000000000007e-06,1.2000000000000292e-06,1040.1917323341859
0.00038703684210526307,5.10000000000007e-06,2.6373684210526337e-05,1074.433469763159
0.00038703684210526307,5.10000000000007e-06,5.1547368421052644e-05,1185.6754228134025
0.00038703684210526307,5.10000000000007e-06,7.672105263157894e-05,1349.8175602964923
0.00038703684210526307,5.10000000000007e-06,0.00010189473684210526,1519.4589854013057
0.00038703684210526307,5.10000000000007e-06,0.00012706842105263157,1663.5314318036392
0.00038703684210526307,5.10000000000007e-06,0.00015224210526315786,1766.946986429188
0.00038703684210526307,5.10000000000007e-06,0.00017741578947368417,1826.7521811072331
0.00038703684210526307,5.10000000000007e-06,0.0002025894736842105,1850.688085560277
0.00038703684210526307,5.10000000000007e-06,0.0002277631578947368,1855.3708252750914
0.00038703684210526307,5.10000000000007e-06,0.0002529368421052631,1863.3039758715988
0.00038703684210526307,5.10000000000007e-06,0.00027811052631578943,1898.93541151242
0.00038703684210526307,5.10000000000007e-06,0.0003032842105263157,1984.3667524586554
0.00038703684210526307,5.10000000000007e-06,0.000328457894736842,2135.5262328095664
0.00038703684210526307,5.10000000000007e-06,0.0003536315789473683,2358.835871190617
0.00038703684210526307,5.10000000000007e-06,0.00037880526315789463,2647.264965604303
0.00038703684210526307,5.10000000000007e-06,0.00040397894736842095,2974.860780937973
0.00038703684210526307,3.0700000000000055e-05,1.2000000000000292e-06,933.4799373524766
0.00038703684210526307,3.0700000000000055e-05,2.6373684210526337e-05,973.2494617004055
0.00038703684210526307,3.0700000000000055e-05,5.1547368421052644e-05,1089.3131914312407
0.00038703684210526307,3.0700000000000055e-05,7.672105263157894e-05,1257.7073766377641
0.00038703684210526307,3.0700000000000055e-05,0.00010189473684210526,1431.0071521451682
0.00038703684210526307,3.0700000000000055e-05,0.00012706842105263157,1575.0218598619658
0.00038703684210526307,3.0700000000000055e-05,0.00015224210526315786,1671.1625156994235
0.00038703684210526307,3.0700000000000055e-05,0.00017741578947368417,1714.5809813922576
0.00038703684210526307,3.0700000000000055e-05,0.0002025894736842105,1713.4081093215973
0.00038703684210526307,3.0700000000000055e-05,0.0002277631578947368,1686.8439233092333
0.00038703684210526307,3.0700000000000055e-05,0.0002529368421052631,1662.0275612265898
0.00038703684210526307,3.0700000000000055e-05,0.00027811052631578943,1669.6916626408292
0.00038703684210526307,3.0700000000000055e-05,0.0003032842105263157,1738.9349571245862
0.00038703684210526307,3.0700000000000055e-05,0.000328457894736842,1892.634873408479
0.00038703684210526307,3.0700000000000055e-05,0.0003536315789473683,2143.9050925740444
0.00038703684210526307,3.0700000000000055e-05,0.00037880526315789463,2491.4985201241566
0.00038703684210526307,3.0700000000000055e-05,0.00040397894736842095,2910.9027382508666
0.00038703684210526307,5.6300000000000034e-05,1.2000000000000292e-06,871.9313111678249
0.00038703684210526307,5.6300000000000034e-05,2.6373684210526337e-05,926.6890516055279
0.00038703684210526307,5.6300000000000034e-05,5.1547368421052644e-05,1045.5243275380762
0.00038703684210526307,5.6300000000000034e-05,7.672105263157894e-05,1209.2832022103992
0.00038703684210526307,5.6300000000000034e-05,0.00010189473684210526,1379.446185578203
0.00038703684210526307,5.6300000000000034e-05,0.00012706842105263157,1519.8073305996793
0.00038703684210526307,5.6300000000000034e-05,0.00015224210526315786,1605.8025974502123
0.00038703684210526307,5.6300000000000034e-05,0.00017741578947368417,1628.8688231979474
0.00038703684210526307,5.6300000000000034e-05,0.0002025894736842105,1596.7567238741617
0.00038703684210526307,5.6300000000000034e-05,0.0002277631578947368,1530.4214265724797
0.00038703684210526307,5.6300000000000034e-05,0.0002529368421052631,1460.8274197905046
0.00038703684210526307,5.6300000000000034e-05,0.00027811052631578943,1424.831878443763
0.00038703684210526307,5.6300000000000034e-05,0.0003032842105263157,1459.0675777022534
0.00038703684210526307,5.6300000000000034e-05,0.000328457894736842,1594.2810497579708
0.00038703684210526307,5.6300000000000034e-05,0.0003536315789473683,1851.5259683844267
0.00038703684210526307,5.6300000000000034e-05,0.00037880526315789463,2237.9181834744977
0.00038703684210526307,5.6300000000000034e-05,0.00040397894736842095,2737.4722173304945
0.00038703684210526307,8.190000000000001e-05,1.2000000000000292e-06,830.7103285663285
0.00038703684210526307,8.190000000000001e-05,2.6373684210526337e-05,900.4810915749467
0.00038703684210526307,8.190000000000001e-05,5.1547368421052644e-05,1025.9855206871136
0.00038703684210526307,8.190000000000001e-05,7.672105263157894e-05,1191.591807380985
0.00038703684210526307,8.190000000000001e-05,0.00010189473684210526,1365.454235293263
0.00038703684210526307,8.190000000000001e-05,0.00012706842105263157,1508.7190890624279
0.00038703684210526307,8.190000000000001e-05,0.00015224210526315786,1587.9838240721685
0.00038703684210526307,8.190000000000001e-05,0.00017741578947368417,1590.4929345333085
0.00038703684210526307,8.190000000000001e-05,0.0002025894736842105,1524.8811245417564
0.00038703684210526307,8.190000000000001e-05,0.0002277631578947368,1413.036756487052
0.00038703684210526307,8.190000000000001e-05,0.0002529368421052631,1287.9044412026346
0.00038703684210526307,8.190000000000001e-05,0.00027811052631578943,1191.2960300296304
0.00038703684210526307,8.190000000000001e-05,0.0003032842105263157,1167.378506910047
0.00038703684210526307,8.190000000000001e-05,0.000328457894736842,1255.1787367047532
0.00038703684210526307,8.190000000000001e-05,0.0003536315789473683,1482.7239914673933
0.00038703684210526307,8.190000000000001e-05,0.00037880526315789463,1862.1289431869109
0.00038703684210526307,8.190000000000001e-05,0.00040397894736842095,2383.16933345761
0.00038703684210526307,8.190000000000001e-05,0.00042915263157894726,2988.4693686294704
0.00038703684210526307,0.0001075,1.2000000000000292e-06,793.7142747667247
0.00038703684210526307,0.0001075,2.6373684210526337e-05,877.1628390283403
0.00038703684210526307,0.0001075,5.1547368421052644e-05,1014.9436549018405
0.00038703684210526307,0.0001075,7.672105263157894e-05,1194.3333506075794
0.00038703684210526307,0.0001075,0.00010189473684210526,1387.5692026964891
0.00038703684210526307,0.0001075,0.00012706842105263157,1550.7755398395968
0.00038703684210526307,0.0001075,0.00015224210526315786,1633.684211050291
0.00038703684210526307,0.0001075,0.00017741578947368417,1620.3329621101336
0.00038703684210526307,0.0001075,0.0002025894736842105,1524.656466079328
0.00038703684210526307,0.0001075,0.0002277631578947368,1367.187828859172
0.00038703684210526307,0.0001075,0.0002529368421052631,1179.9848803834457
0.00038703684210526307,0.0001075,0.00027811052631578943,1008.325225335589
0.00038703684210526307,0.0001075,0.0003032842105263157,903.9910882873442
0.00038703684210526307,0.0001075,0.000328457894736842,914.890807001562
0.00038703684210526307,0.0001075,0.0003536315789473683,1073.9672989498931
0.00038703684210526307,0.0001075,0.00037880526315789463,1390.448486920906
0.00038703684210526307,0.0001075,0.00040397894736842095,1846.13223354684
0.00038703684210526307,0.0001075,0.00042915263157894726,2381.3197155157623
0.00038703684210526307,0.0001075,0.0004543263157894736,2848.8792236206104
0.00038703684210526307,0.0001075,0.0004794999999999999,3061.4903985558453
0.00038703684210526307,0.00013309999999999998,1.2000000000000292e-06,755.9677571861239
0.00038703684210526307,0.00013309999999999998,2.6373684210526337e-05,853.2511766833593
0.00038703684210526307,0.00013309999999999998,5.1547368421052644e-05,1008.6843590762509
0.00038703684210526307,0.00013309999999999998,7.672105263157894e-05,1212.0332045149066
0.00038703684210526307,0.00013309999999999998,0.00010189473684210526,1438.475545538044
0.00038703684210526307,0.00013309999999999998,0.00012706842105263157,1640.5755500029547
0.00038703684210526307,0.00013309999999999998,0.00015224210526315786,1745.0374999589903
0.00038703684210526307,0.00013309999999999998,0.00017741578947368417,1732.7483785888555
0.00038703684210526307,0.00013309999999999998,0.0002025894736842105,1621.7301138317152
0.00038703684210526307,0.00013309999999999998,0.0002277631578947368,1426.2520059311007
0.00038703684210526307,0.00013309999999999998,0.0002529368421052631,1176.4318148055083
0.00038703684210526307,0.00013309999999999998,0.00027811052631578943,921.786076994338
0.00038703684210526307,0.00013309999999999998,0.0003032842105263157,723.0067788564497
0.00038703684210526307,0.00013309999999999998,0.000328457894736842,637.7653057314678
0.00038703684210526307,0.00013309999999999998,0.0003536315789473683,702.6962449756476
0.00038703684210526307,0.00013309999999999998,0.00037880526315789463,919.5913841584891
0.00038703684210526307,0.00013309999999999998,0.00040397894736842095,1257.1442683715811
0.00038703684210526307,0.00013309999999999998,0.00042915263157894726,1658.4101573798887
0.00038703684210526307,0.00013309999999999998,0.0004543263157894736,2036.4379023100887
0.00038703684210526307,0.00013309999999999998,0.0004794999999999999,2299.019516737098
0.00038703684210526307,0.00015869999999999995,1.2000000000000292e-06,717.6368643871544
0.00038703684210526307,0.00015869999999999995,2.6373684210526337e-05,830.7618485828914
0.00038703684210526307,0.00015869999999999995,5.1547368421052644e-05,1009.4618311486979
0.00038703684210526307,0.00015869999999999995,7.672105263157894e-05,1244.5635285591766
0.00038703684210526307,0.00015869999999999995,0.00010189473684210526,1510.326231391958
0.00038703684210526307,0.00015869999999999995,0.00012706842105263157,1756.4010830222635
0.00038703684210526307,0.00015869999999999995,0.00015224210526315786,1911.4960595047899
0.00038703684210526307,0.00015869999999999995,0.00017741578947368417,1940.5458305922116
0.00038703684210526307,0.00015869999999999995,0.0002025894736842105,1841.2352580398529
0.00038703684210526307,0.00015869999999999995,0.0002277631578947368,1620.8849539943776
0.00038703684210526307,0.00015869999999999995,0.0002529368421052631,1312.0246669617052
0.00038703684210526307,0.00015869999999999995,0.00027811052631578943,973.8886704981562
0.00038703684210526307,0.00015869999999999995,0.0003032842105263157,679.538905901356
0.00038703684210526307,0.00015869999999999995,0.000328457894736842,496.4530167398362
0.00038703684210526307,0.00015869999999999995,0.0003536315789473683,463.32678911569315
0.00038703684210526307,0.00015869999999999995,0.00037880526315789463,574.8638498031828
0.00038703684210526307,0.00015869999999999995,0.00040397894736842095,792.6735433739894
0.00038703684210526307,0.00015869999999999995,0.00042915263157894726,1071.5919668613446
0.00038703684210526307,0.00015869999999999995,0.0004543263157894736,1370.8841697390135
0.00038703684210526307,0.00015869999999999995,0.0004794999999999999,1648.2802787290316
0.00038703684210526307,0.00018429999999999995,1.2000000000000292e-06,679.2223506779413
0.00038703684210526307,0.00018429999999999995,2.6373684210526337e-05,812.0722603478996
0.00038703684210526307,0.00018429999999999995,5.1547368421052644e-05,1021.6479144960336
0.00038703684210526307,0.00018429999999999995,7.672105263157894e-05,1299.4032180957036
0.00038703684210526307,0.00018429999999999995,0.00010189473684210526,1618.2856251717685
0.00038703684210526307,0.00018429999999999995,0.00012706842105263157,1928.5001917243692
0.00038703684210526307,0.00018429999999999995,0.00015224210526315786,2164.956004561345
0.00038703684210526307,0.00018429999999999995,0.00017741578947368417,2270.8566916641184
0.00038703684210526307,0.00018429999999999995,0.0002025894736842105,2209.4141925326817
0.00038703684210526307,0.00018429999999999995,0.0002277631578947368,1974.2240158977909
0.00038703684210526307,0.00018429999999999995,0.0002529368421052631,1605.9828175946548
0.00038703684210526307,0.00018429999999999995,0.00027811052631578943,1185.0413202755376
0.00038703684210526307,0.00018429999999999995,0.0003032842105263157,803.4357653330364
0.00038703684210526307,0.00018429999999999995,0.000328457894736842,536.6704835253582
0.00038703684210526307,0.00018429999999999995,0.0003536315789473683,419.88920356984084
0.00038703684210526307,0.00018429999999999995,0.00037880526315789463,439.2268643890018
0.00038703684210526307,0.00018429999999999995,0.00040397894736842095,555.0426521357887
0.00038703684210526307,0.00018429999999999995,0.00042915263157894726,735.7557740005284
0.00038703684210526307,0.00018429999999999995,0.0004543263157894736,964.3069780685503
0.00038703684210526307,0.00018429999999999995,0.0004794999999999999,1219.0546589548228
0.00038703684210526307,0.00020989999999999992,1.2000000000000292e-06,637.4303293779163
0.00038703684210526307,0.00020989999999999992,2.6373684210526337e-05,794.6254361875474
0.00038703684210526307,0.00020989999999999992,5.1547368421052644e-05,1044.4853965143761
0.00038703684210526307,0.00020989999999999992,7.672105263157894e-05,1379.785254187595
0.00038703684210526307,0.00020989999999999992,0.00010189473684210526,1774.1078222611313
0.00038703684210526307,0.00020989999999999992,0.00012706842105263157,2179.6435256295954
0.00038703684210526307,0.00020989999999999992,0.00015224210526315786,2529.936714967322
0.00038703684210526307,0.00020989999999999992,0.00017741578947368417,2745.447697939666
0.00038703684210526307,0.00020989999999999992,0.0002025894736842105,2745.500382909261
0.00038703684210526307,0.00020989999999999992,0.0002277631578947368,2493.1794669207998
0.00038703684210526307,0.00020989999999999992,0.0002529368421052631,2046.9449356500113
0.00038703684210526307,0.00020989999999999992,0.00027811052631578943,1531.7784661978903
0.00038703684210526307,0.00020989999999999992,0.0003032842105263157,1069.3345394600456
0.00038703684210526307,0.00020989999999999992,0.000328457894736842,739.554305265498
0.00038703684210526307,0.00020989999999999992,0.0003536315789473683,564.0612906738545
0.00038703684210526307,0.00020989999999999992,0.00037880526315789463,511.08350047876337
0.00038703684210526307,0.00020989999999999992,0.00040397894736842095,538.7415067439782
0.00038703684210526307,0.00020989999999999992,0.00042915263157894726,631.9074497548362
0.00038703684210526307,0.00020989999999999992,0.0004543263157894736,789.2232893184619
0.00038703684210526307,0.00020989999999999992,0.0004794999999999999,997.820106033331
0.00038703684210526307,0.0002354999999999999,1.2000000000000292e-06,581.9214984409792
0.00038703684210526307,0.0002354999999999999,2.6373684210526337e-05,765.9061794096579
0.00038703684210526307,0.0002354999999999999,5.1547368421052644e-05,1064.143579967391
0.00038703684210526307,0.0002354999999999999,7.672105263157894e-05,1470.4255691329972
0.00038703684210526307,0.0002354999999999999,0.00010189473684210526,1958.3654866100226
0.00038703684210526307,0.0002354999999999999,0.00012706842105263157,2482.33381146354
0.00038703684210526307,0.0002354999999999999,0.00015224210526315786,2977.8532625295484
0.00038703684210526307,0.0002354999999999999,0.0002277631578947368,3156.851535878835
0.00038703684210526307,0.0002354999999999999,0.0002529368421052631,2577.3540312251744
0.00038703684210526307,0.0002354999999999999,0.00027811052631578943,1935.277561535764
0.00038703684210526307,0.0002354999999999999,0.0003032842105263157,1388.6764277101802
0.00038703684210526307,0.0002354999999999999,0.000328457894736842,1012.9471570938334
0.00038703684210526307,0.0002354999999999999,0.0003536315789473683,806.7037616385685
0.00038703684210526307,0.0002354999999999999,0.00037880526315789463,705.8872706524114
0.00038703684210526307,0.0002354999999999999,0.00040397894736842095,658.7107870944072
0.00038703684210526307,0.0002354999999999999,0.00042915263157894726,673.1920293665398
0.00038703684210526307,0.0002354999999999999,0.0004543263157894736,764.3553588155105
0.00038703684210526307,0.0002354999999999999,0.0004794999999999999,922.6723469329054
0.00038703684210526307,0.0002610999999999999,1.2000000000000292e-06,494.5573638150616
0.00038703684210526307,0.0002610999999999999,2.6373684210526337e-05,701.6182337626141
0.00038703684210526307,0.0002610999999999999,5.1547368421052644e-05,1051.6526942769312
0.00038703684210526307,0.0002610999999999999,7.672105263157894e-05,1536.7366583313922
0.00038703684210526307,0.0002610999999999999,0.00010189473684210526,2124.8059346845803
0.00038703684210526307,0.0002610999999999999,0.00012706842105263157,2769.164197640244
0.00038703684210526307,0.0002610999999999999,0.0002529368421052631,3069.0972736201184
0.00038703684210526307,0.0002610999999999999,0.00027811052631578943,2269.9743624555053
0.00038703684210526307,0.0002610999999999999,0.0003032842105263157,1637.5293898207838
0.00038703684210526307,0.0002610999999999999,0.000328457894736842,1223.7524101624865
0.00038703684210526307,0.0002610999999999999,0.0003536315789473683,1003.0396154430558
0.00038703684210526307,0.0002610999999999999,0.00037880526315789463,880.8045291471814
0.00038703684210526307,0.0002610999999999999,0.00040397894736842095,791.4872250606608
0.00038703684210526307,0.0002610999999999999,0.00042915263157894726,759.4649431460265
0.00038703684210526307,0.0002610999999999999,0.0004543263157894736,808.9983747079549
0.00038703684210526307,0.0002610999999999999,0.0004794999999999999,930.9475289655347
0.00038703684210526307,0.00028669999999999987,1.2000000000000292e-06,352.670177505015
0.00038703684210526307,0.00028669999999999987,2.6373684210526337e-05,568.5735183818224
0.00038703684210526307,0.00028669999999999987,5.1547368421052644e-05,968.5511008877747
0.00038703684210526307,0.00028669999999999987,7.672105263157894e-05,1536.5044296082124
0.00038703684210526307,0.00028669999999999987,0.00010189473684210526,2219.848638359721
0.00038703684210526307,0.00028669999999999987,0.00012706842105263157,2957.1113977930486
0.00038703684210526307,0.00028669999999999987,0.00027811052631578943,2405.994221468687
0.00038703684210526307,0.00028669999999999987,0.0003032842105263157,1714.489505054073
0.00038703684210526307,0.00028669999999999987,0.000328457894736842,1268.581517845088
0.00038703684210526307,0.00028669999999999987,0.0003536315789473683,1033.174959334534
0.00038703684210526307,0.00028669999999999987,0.00037880526315789463,914.0688829993384
0.00038703684210526307,0.00028669999999999987,0.00040397894736842095,841.3401617699709
0.00038703684210526307,0.00028669999999999987,0.00042915263157894726,820.9980317344341
0.00038703684210526307,0.00028669999999999987,0.0004543263157894736,869.0122707553443
0.00038703684210526307,0.00028669999999999987,0.0004794999999999999,978.0936879865505
0.00038703684210526307,0.00031229999999999984,1.2000000000000292e-06,137.79049524242853
0.00038703684210526307,0.00031229999999999984,2.6373684210526337e-05,330.9746015667657
0.00038703684210526307,0.00031229999999999984,5.1547368421052644e-05,778.2050791241903
0.00038703684210526307,0.00031229999999999984,7.672105263157894e-05,1439.875361731327
0.00038703684210526307,0.00031229999999999984,0.00010189473684210526,2211.961787021484
0.00038703684210526307,0.00031229999999999984,0.00012706842105263157,3000.4216346060093
0.00038703684210526307,0.00031229999999999984,0.0002529368421052631,3173.1347958683727
0.00038703684210526307,0.00031229999999999984,0.00027811052631578943,2297.250619701768
0.00038703684210526307,0.00031229999999999984,0.0003032842105263157,1597.878453031121
0.00038703684210526307,0.00031229999999999984,0.000328457894736842,1138.4297003759034
0.00038703684210526307,0.00031229999999999984,0.0003536315789473683,902.950225132802
0.00038703684210526307,0.00031229999999999984,0.00037880526315789463,817.977033524733
0.00038703684210526307,0.00031229999999999984,0.00040397894736842095,808.0559040378993
0.00038703684210526307,0.00031229999999999984,0.00042915263157894726,844.1823842512433
0.00038703684210526307,0.00031229999999999984,0.0004543263157894736,923.366584021922
0.00038703684210526307,0.00031229999999999984,0.0004794999999999999,1040.1414855598152
0.00038703684210526307,0.0003378999999999998,1.2000000000000292e-06,-142.61864438276115
0.00038703684210526307,0.0003378999999999998,2.6373684210526337e-05,-42.10822182501836
0.00038703684210526307,0.0003378999999999998,5.1547368421052644e-05,464.88853137826834
0.00038703684210526307,0.0003378999999999998,7.672105263157894e-05,1255.8396499751711
0.00038703684210526307,0.0003378999999999998,0.00010189473684210526,2112.451187491757
0.00038703684210526307,0.0003378999999999998,0.00012706842105263157,2918.943202956636
0.00038703684210526307,0.0003378999999999998,0.0002529368421052631,2816.9615837256392
0.00038703684210526307,0.0003378999999999998,0.00027811052631578943,2016.1053576376653
0.00038703684210526307,0.0003378999999999998,0.0003032842105263157,1347.2022445407067
0.00038703684210526307,0.0003378999999999998,0.000328457894736842,897.9266311873843
0.00038703684210526307,0.0003378999999999998,0.0003536315789473683,692.1640577503769
0.00038703684210526307,0.0003378999999999998,0.00037880526315789463,676.1279135076855
0.00038703684210526307,0.0003378999999999998,0.00040397894736842095,749.4740271622145
0.00038703684210526307,0.0003378999999999998,0.00042915263157894726,854.2336462356725
0.00038703684210526307,0.0003378999999999998,0.0004543263157894736,975.0404305070823
0.00038703684210526307,0.0003378999999999998,0.0004794999999999999,1108.5496246126136
0.00038703684210526307,0.00036349999999999984,1.2000000000000292e-06,-381.36100905747116
0.00038703684210526307,0.00036349999999999984,2.6373684210526337e-05,-555.7838945719109
0.00038703684210526307,0.00036349999999999984,5.1547368421052644e-05,116.17510030532199
0.00038703684210526307,0.00036349999999999984,7.672105263157894e-05,1068.9021090568508
0.00038703684210526307,0.00036349999999999984,0.00010189473684210526,1968.7848455786263
0.00038703684210526307,0.00036349999999999984,0.00012706842105263157,2755.506840474566
0.00038703684210526307,0.00036349999999999984,0.0002277631578947368,3087.435965495814
0.00038703684210526307,0.00036349999999999984,0.0002529368421052631,2385.530081377408
0.00038703684210526307,0.00036349999999999984,0.00027811052631578943,1657.4429199210156
0.00038703684210526307,0.00036349999999999984,0.0003032842105263157,1053.0996975551323
0.00038703684210526307,0.00036349999999999984,0.000328457894736842,647.3699384301862
0.00038703684210526307,0.00036349999999999984,0.0003536315789473683,501.681838414869
0.00038703684210526307,0.00036349999999999984,0.00037880526315789463,575.4793841309277
0.00038703684210526307,0.00036349999999999984,0.00040397894736842095,726.0997270275466
0.00038703684210526307,0.00036349999999999984,0.00042915263157894726,884.1622246113708
0.00038703684210526307,0.00036349999999999984,0.0004543263157894736,1036.0181657438998
0.00038703684210526307,0.00036349999999999984,0.0004794999999999999,1182.322733493946
0.00038703684210526307,0.0003890999999999998,1.2000000000000292e-06,-313.4605011413462
0.00038703684210526307,0.0003890999999999998,2.6373684210526337e-05,-401.4292333456332
0.00038703684210526307,0.0003890999999999998,5.1547368421052644e-05,156.87486591059405
0.00038703684210526307,0.0003890999999999998,7.672105263157894e-05,1008.163035348382
0.00038703684210526307,0.0003890999999999998,0.00010189473684210526,1822.661562816921
0.00038703684210526307,0.0003890999999999998,0.00012706842105263157,2521.5287651364442
0.00038703684210526307,0.0003890999999999998,0.00015224210526315786,3038.1456342981596
0.00038703684210526307,0.0003890999999999998,0.0002025894736842105,3106.405228413339
0.00038703684210526307,0.0003890999999999998,0.0002277631578947368,2591.198356546558
0.00038703684210526307,0.0003890999999999998,0.0002529368421052631,1897.3970655551777
0.00038703684210526307,0.0003890999999999998,0.00027811052631578943,1254.8987496098405
0.00038703684210526307,0.0003890999999999998,0.0003032842105263157,786.4320675816298
0.00038703684210526307,0.0003890999999999998,0.000328457894736842,510.27527666109444
0.00038703684210526307,0.0003890999999999998,0.0003536315789473683,462.2709825312587
0.00038703684210526307,0.0003890999999999998,0.00037880526315789463,597.1275823589833
0.00038703684210526307,0.0003890999999999998,0.00040397894736842095,779.7526027221772
0.00038703684210526307,0.0003890999999999998,0.00042915263157894726,953.3596608363002
0.00038703684210526307,0.0003890999999999998,0.0004543263157894736,1112.4334244505462
0.00038703684210526307,0.0003890999999999998,0.0004794999999999999,1259.5114493684946
0.00038703684210526307,0.0004146999999999998,1.2000000000000292e-06,-15.38505269285567
0.00038703684210526307,0.0004146999999999998,2.6373684210526337e-05,63.531767270252615
0.00038703684210526307,0.0004146999999999998,5.1547368421052644e-05,450.92939558196446
0.00038703684210526307,0.0004146999999999998,7.672105263157894e-05,1049.3963121295894
0.00038703684210526307,0.0004146999999999998,0.00010189473684210526,1669.7833615274476
0.00038703684210526307,0.0004146999999999998,0.00012706842105263157,2197.5537049175136
0.00038703684210526307,0.0004146999999999998,0.00015224210526315786,2603.2677442978706
0.00038703684210526307,0.0004146999999999998,0.00017741578947368417,2795.2479975516194
0.00038703684210526307,0.0004146999999999998,0.0002025894736842105,2602.8144265460915
0.00038703684210526307,0.0004146999999999998,0.0002277631578947368,2044.9692559056969
0.00038703684210526307,0.0004146999999999998,0.0002529368421052631,1315.2135860304654
0.00038703684210526307,0.0004146999999999998,0.00027811052631578943,789.2456288940514
0.00038703684210526307,0.0004146999999999998,0.0003032842105263157,560.8312781112669
0.00038703684210526307,0.0004146999999999998,0.000328457894736842,492.5923643550014
0.00038703684210526307,0.0004146999999999998,0.0003536315789473683,574.9836216332234
0.00038703684210526307,0.0004146999999999998,0.00037880526315789463,746.2615624388891
0.00038703684210526307,0.0004146999999999998,0.00040397894736842095,906.263261793279
0.00038703684210526307,0.0004146999999999998,0.00042915263157894726,1053.2835763618907
0.00038703684210526307,0.0004146999999999998,0.0004543263157894736,1196.0927109218428
0.00038703684210526307,0.0004146999999999998,0.0004794999999999999,1332.345747256763
0.00038703684210526307,0.00044029999999999975,1.2000000000000292e-06,268.8258743085903
0.00038703684210526307,0.00044029999999999975,2.6373684210526337e-05,383.00988221812463
0.00038703684210526307,0.00044029999999999975,5.1547368421052644e-05,670.3055373579512
0.00038703684210526307,0.00044029999999999975,7.672105263157894e-05,1081.0457683672346
0.00038703684210526307,0.00044029999999999975,0.00010189473684210526,1506.3541558712493
0.00038703684210526307,0.00044029999999999975,0.00012706842105263157,1838.2748096731932
0.00038703684210526307,0.00044029999999999975,0.00015224210526315786,2105.663073759978
0.00038703684210526307,0.00044029999999999975,0.00017741578947368417,2275.1595493780183
0.00038703684210526307,0.00044029999999999975,0.0002025894736842105,2077.8524989333987
0.00038703684210526307,0.00044029999999999975,0.0002277631578947368,1529.41231093972
0.00038703684210526307,0.00044029999999999975,0.0002529368421052631,747.8201778202155
0.00038703684210526307,0.00044029999999999975,0.00027811052631578943,368.02371552266857
0.00038703684210526307,0.00044029999999999975,0.0003032842105263157,410.37201544669153
0.00038703684210526307,0.00044029999999999975,0.000328457894736842,516.3500211282718
0.00038703684210526307,0.00044029999999999975,0.0003536315789473683,722.9053455017571
0.00038703684210526307,0.00044029999999999975,0.00037880526315789463,964.5507869226859
0.00038703684210526307,0.00044029999999999975,0.00040397894736842095,1043.371294887225
0.00038703684210526307,0.00044029999999999975,0.00042915263157894726,1146.4201927489655
0.00038703684210526307,0.00044029999999999975,0.0004543263157894736,1266.3086373169851
0.00038703684210526307,0.00044029999999999975,0.0004794999999999999,1388.4213689036837
0.00038703684210526307,0.0004658999999999997,1.2000000000000292e-06,471.43398318778554
0.00038703684210526307,0.0004658999999999997,2.6373684210526337e-05,575.3226208689592
0.00038703684210526307,0.0004658999999999997,5.1547368421052644e-05,783.6219290348298
0.00038703684210526307,0.0004658999999999997,7.672105263157894e-05,1063.589448952157
0.00038703684210526307,0.0004658999999999997,0.00010189473684210526,1351.3461225320602
0.00038703684210526307,0.0004658999999999997,0.00012706842105263157,1585.9651616054207
0.00038703684210526307,0.0004658999999999997,0.00015224210526315786,1758.9481399321742
0.00038703684210526307,0.0004658999999999997,0.00017741578947368417,1812.3082591892112
0.00038703684210526307,0.0004658999999999997,0.0002025894736842105,1616.3413038206613
0.00038703684210526307,0.0004658999999999997,0.0002277631578947368,1176.0396949732028
0.00038703684210526307,0.0004658999999999997,0.0002529368421052631,648.1489283718031
0.00038703684210526307,0.0004658999999999997,0.00027811052631578943,367.28931493864474
0.00038703684210526307,0.0004658999999999997,0.0003032842105263157,390.6562154720976
0.00038703684210526307,0.0004658999999999997,0.000328457894736842,540.0605901423831
0.00038703684210526307,0.0004658999999999997,0.0003536315789473683,764.2980524013831
0.00038703684210526307,0.0004658999999999997,0.00037880526315789463,981.8118581877327
0.00038703684210526307,0.0004658999999999997,0.00040397894736842095,1090.5544635344563
0.00038703684210526307,0.0004658999999999997,0.00042915263157894726,1191.3280283588867
0.00038703684210526307,0.0004658999999999997,0.0004543263157894736,1302.9526974158248
0.00038703684210526307,0.0004658999999999997,0.0004794999999999999,1416.749123454344
0.00038703684210526307,0.0004914999999999997,1.2000000000000292e-06,591.3577203189839
0.00038703684210526307,0.0004914999999999997,2.6373684210526337e-05,668.3193209671725
0.00038703684210526307,0.0004914999999999997,5.1547368421052644e-05,810.8250762410295
0.00038703684210526307,0.0004914999999999997,7.672105263157894e-05,996.6014440666016
0.00038703684210526307,0.0004914999999999997,0.00010189473684210526,1187.7882378568659
0.00038703684210526307,0.0004914999999999997,0.00012706842105263157,1345.8997335716535
0.00038703684210526307,0.0004914999999999997,0.00015224210526315786,1439.5410336152154
0.00038703684210526307,0.0004914999999999997,0.00017741578947368417,1422.7760514459244
0.00038703684210526307,0.0004914999999999997,0.0002025894736842105,1249.3747830291993
0.00038703684210526307,0.0004914999999999997,0.0002277631578947368,938.5302753828861
0.00038703684210526307,0.0004914999999999997,0.0002529368421052631,603.1214701150008
0.00038703684210526307,0.0004914999999999997,0.00027811052631578943,416.7791633341106
0.00038703684210526307,0.0004914999999999997,0.0003032842105263157,425.0230006013998
0.00038703684210526307,0.0004914999999999997,0.000328457894736842,550.847785963704
0.00038703684210526307,0.0004914999999999997,0.0003536315789473683,733.3253874078171
0.00038703684210526307,0.0004914999999999997,0.00037880526315789463,915.0140705802163
0.00038703684210526307,0.0004914999999999997,0.00040397894736842095,1059.7578993468594
0.00038703684210526307,0.0004914999999999997,0.00042915263157894726,1182.9799612015179
0.00038703684210526307,0.0004914999999999997,0.0004543263157894736,1300.4663413352152
0.00038703684210526307,0.0004914999999999997,0.0004794999999999999,1413.4957159881358
0.0004125526315789473,5.10000000000007e-06,1.2000000000000292e-06,1135.557909573082
0.0004125526315789473,5.10000000000007e-06,2.6373684210526337e-05,1176.043505757079
0.0004125526315789473,5.10000000000007e-06,5.1547368421052644e-05,1262.6855006604312
0.0004125526315789473,5.10000000000007e-06,7.672105263157894e-05,1381.8390669583985
0.0004125526315789473,5.10000000000007e-06,0.00010189473684210526,1507.5434458101668
0.0004125526315789473,5.10000000000007e-06,0.00012706842105263157,1616.6446778825373
0.0004125526315789473,5.10000000000007e-06,0.00015224210526315786,1695.489527746618
0.0004125526315789473,5.10000000000007e-06,0.00017741578947368417,1741.0016326620762
0.0004125526315789473,5.10000000000007e-06,0.0002025894736842105,1760.1605438752274
0.0004125526315789473,5.10000000000007e-06,0.0002277631578947368,1768.503637579686
0.0004125526315789473,5.10000000000007e-06,0.0002529368421052631,1787.756076171951
0.0004125526315789473,5.10000000000007e-06,0.00027811052631578943,1842.6885103594373
0.0004125526315789473,5.10000000000007e-06,0.0003032842105263157,1957.2831485744673
0.0004125526315789473,5.10000000000007e-06,0.000328457894736842,2150.373988945187
0.0004125526315789473,5.10000000000007e-06,0.0003536315789473683,2430.789682377616
0.0004125526315789473,5.10000000000007e-06,0.00037880526315789463,2791.5605132904925
0.0004125526315789473,5.10000000000007e-06,0.00040397894736842095,3202.408811597912
0.0004125526315789473,3.0700000000000055e-05,1.2000000000000292e-06,1043.1601332347198
0.0004125526315789473,3.0700000000000055e-05,2.6373684210526337e-05,1089.7063977444782
0.0004125526315789473,3.0700000000000055e-05,5.1547368421052644e-05,1183.2801787780754
0.0004125526315789473,3.0700000000000055e-05,7.672105263157894e-05,1308.885192575692
0.0004125526315789473,3.0700000000000055e-05,0.00010189473684210526,1438.4429539984642
0.0004125526315789473,3.0700000000000055e-05,0.00012706842105263157,1545.4866827301475
0.0004125526315789473,3.0700000000000055e-05,0.00015224210526315786,1613.1047357486786
0.0004125526315789473,3.0700000000000055e-05,0.00017741578947368417,1636.7050959248488
0.0004125526315789473,3.0700000000000055e-05,0.0002025894736842105,1624.120273430021
0.0004125526315789473,3.0700000000000055e-05,0.0002277631578947368,1593.8676332533512
0.0004125526315789473,3.0700000000000055e-05,0.0002529368421052631,1572.6892806622593
0.0004125526315789473,3.0700000000000055e-05,0.00027811052631578943,1592.4846528527082
0.0004125526315789473,3.0700000000000055e-05,0.0003032842105263157,1686.1852031090548
0.0004125526315789473,3.0700000000000055e-05,0.000328457894736842,1882.6017117178533
0.0004125526315789473,3.0700000000000055e-05,0.0003536315789473683,2200.5480849904097
0.0004125526315789473,3.0700000000000055e-05,0.00037880526315789463,2641.9618293282956
0.0004125526315789473,3.0700000000000055e-05,0.00040397894736842095,3181.1501653253426
0.0004125526315789473,5.6300000000000034e-05,1.2000000000000292e-06,985.5885585629818
0.0004125526315789473,5.6300000000000034e-05,2.6373684210526337e-05,1043.855128566201
0.0004125526315789473,5.6300000000000034e-05,5.1547368421052644e-05,1146.4443259957925
0.0004125526315789473,5.6300000000000034e-05,7.672105263157894e-05,1278.2671046798707
0.0004125526315789473,5.6300000000000034e-05,0.00010189473684210526,1411.5794400670002
0.0004125526315789473,5.6300000000000034e-05,0.00012706842105263157,1516.4408484070789
0.0004125526315789473,5.6300000000000034e-05,0.00015224210526315786,1570.5853888656318
0.0004125526315789473,5.6300000000000034e-05,0.00017741578947368417,1566.7729105904473
0.0004125526315789473,5.6300000000000034e-05,0.0002025894736842105,1513.6728268934241
0.0004125526315789473,5.6300000000000034e-05,0.0002277631578947368,1432.3647094087755
0.0004125526315789473,5.6300000000000034e-05,0.0002529368421052631,1353.9193722436357
0.0004125526315789473,5.6300000000000034e-05,0.00027811052631578943,1317.409739476977
0.0004125526315789473,5.6300000000000034e-05,0.0003032842105263157,1366.0454578945203
0.0004125526315789473,5.6300000000000034e-05,0.000328457894736842,1540.9517274460577
0.0004125526315789473,5.6300000000000034e-05,0.0003536315789473683,1873.5618516944064
0.0004125526315789473,5.6300000000000034e-05,0.00037880526315789463,2378.6996570465417
0.0004125526315789473,5.6300000000000034e-05,0.00040397894736842095,3047.5765010879927
0.0004125526315789473,8.190000000000001e-05,1.2000000000000292e-06,951.3718260169986
0.0004125526315789473,8.190000000000001e-05,2.6373684210526337e-05,1025.0480268711124
0.0004125526315789473,8.190000000000001e-05,5.1547368421052644e-05,1141.400692290004
0.0004125526315789473,8.190000000000001e-05,7.672105263157894e-05,1286.0309023578673
0.0004125526315789473,8.190000000000001e-05,0.00010189473684210526,1431.85227292836
0.0004125526315789473,8.190000000000001e-05,0.00012706842105263157,1543.0536742887778
0.0004125526315789473,8.190000000000001e-05,0.00015224210526315786,1586.5756284868364
0.0004125526315789473,8.190000000000001e-05,0.00017741578947368417,1552.2279416531237
0.0004125526315789473,8.190000000000001e-05,0.0002025894736842105,1452.2193108774436
0.0004125526315789473,8.190000000000001e-05,0.0002277631578947368,1309.4383746144465
0.0004125526315789473,8.190000000000001e-05,0.0002529368421052631,1157.125363681488
0.0004125526315789473,8.190000000000001e-05,0.00027811052631578943,1040.427382841262
0.0004125526315789473,8.190000000000001e-05,0.0003032842105263157,1013.6413120190676
0.0004125526315789473,8.190000000000001e-05,0.000328457894736842,1132.170262874546
0.0004125526315789473,8.190000000000001e-05,0.0003536315789473683,1440.0886651068602
0.0004125526315789473,8.190000000000001e-05,0.00037880526315789463,1959.886088037999
0.0004125526315789473,8.190000000000001e-05,0.00040397894736842095,2691.830701877837
0.0004125526315789473,0.0001075,1.2000000000000292e-06,929.0071281011708
0.0004125526315789473,0.0001075,2.6373684210526337e-05,1020.6194444930748
0.0004125526315789473,0.0001075,5.1547368421052644e-05,1156.7806446539223
0.0004125526315789473,0.0001075,7.672105263157894e-05,1324.8261394954175
0.0004125526315789473,0.0001075,0.00010189473684210526,1499.997992140101
0.0004125526315789473,0.0001075,0.00012706842105263157,1639.3529217301525
0.0004125526315789473,0.0001075,0.00015224210526315786,1680.235021882208
0.0004125526315789473,0.0001075,0.00017741578947368417,1613.7117317731781
0.0004125526315789473,0.0001075,0.0002025894736842105,1466.2457128824512
0.0004125526315789473,0.0001075,0.0002277631578947368,1257.8858794716305
0.0004125526315789473,0.0001075,0.0002529368421052631,1019.7556641161779
0.0004125526315789473,0.0001075,0.00027811052631578943,801.2090831575657
0.0004125526315789473,0.0001075,0.0003032842105263157,668.1652342108977
0.0004125526315789473,0.0001075,0.000328457894736842,692.7220128166567
0.0004125526315789473,0.0001075,0.0003536315789473683,931.0051645998055
0.0004125526315789473,0.0001075,0.00037880526315789463,1400.740226062444
0.0004125526315789473,0.0001075,0.00040397894736842095,2078.6355677967213
0.0004125526315789473,0.0001075,0.00042915263157894726,2894.743257057158
0.0004125526315789473,0.00013309999999999998,1.2000000000000292e-06,911.3541946770064
0.0004125526315789473,0.00013309999999999998,2.6373684210526337e-05,1023.2263218452963
0.0004125526315789473,0.00013309999999999998,5.1547368421052644e-05,1184.7518524687944
0.0004125526315789473,0.00013309999999999998,7.672105263157894e-05,1384.927373700088
0.0004125526315789473,0.00013309999999999998,0.00010189473684210526,1603.0619300113865
0.0004125526315789473,0.00013309999999999998,0.00012706842105263157,1807.8038986483668
0.0004125526315789473,0.00013309999999999998,0.00015224210526315786,1853.4799008441953
0.0004125526315789473,0.00013309999999999998,0.00017741578947368417,1762.2713806607837
0.0004125526315789473,0.00013309999999999998,0.0002025894736842105,1581.9639699625995
0.0004125526315789473,0.00013309999999999998,0.0002277631578947368,1315.3075978842116
0.0004125526315789473,0.00013309999999999998,0.0002529368421052631,988.9928516335202
0.0004125526315789473,0.00013309999999999998,0.00027811052631578943,656.4781819026333
0.0004125526315789473,0.00013309999999999998,0.0003032842105263157,395.9549873398756
0.0004125526315789473,0.00013309999999999998,0.000328457894736842,298.6205250091264
0.0004125526315789473,0.00013309999999999998,0.0003536315789473683,434.2345857094139
0.0004125526315789473,0.00013309999999999998,0.00037880526315789463,808.9886554955596
0.0004125526315789473,0.00013309999999999998,0.00040397894736842095,1364.0680418901716
0.0004125526315789473,0.00013309999999999998,0.00042915263157894726,1995.4061577289442
0.0004125526315789473,0.00013309999999999998,0.0004543263157894736,2541.22176466514
0.0004125526315789473,0.00013309999999999998,0.0004794999999999999,2837.8674901838103
0.0004125526315789473,0.00015869999999999995,1.2000000000000292e-06,894.3330875809281
0.0004125526315789473,0.00015869999999999995,2.6373684210526337e-05,1029.1756024472131
0.0004125526315789473,0.00015869999999999995,5.1547368421052644e-05,1221.2478748691665
0.0004125526315789473,0.00015869999999999995,7.672105263157894e-05,1458.909710570842
0.0004125526315789473,0.00015869999999999995,0.00010189473684210526,1717.0976579486962
0.0004125526315789473,0.00015869999999999995,0.00012706842105263157,1946.5739632442132
0.0004125526315789473,0.00015869999999999995,0.00015224210526315786,2049.6746067144595
0.0004125526315789473,0.00015869999999999995,0.00017741578947368417,2004.1583465634747
0.0004125526315789473,0.00015869999999999995,0.0002025894736842105,1826.548765607936
0.0004125526315789473,0.00015869999999999995,0.0002277631578947368,1519.9369864084479
0.0004125526315789473,0.00015869999999999995,0.0002529368421052631,1113.659614895971
0.0004125526315789473,0.00015869999999999995,0.00027811052631578943,670.3943162427238
0.0004125526315789473,0.00015869999999999995,0.0003032842105263157,282.21410591105763
0.0004125526315789473,0.00015869999999999995,0.000328457894736842,57.62903937505197
0.0004125526315789473,0.00015869999999999995,0.0003536315789473683,78.47948237467493
0.0004125526315789473,0.00015869999999999995,0.00037880526315789463,341.18243847056664
0.0004125526315789473,0.00015869999999999995,0.00040397894736842095,764.4512434410706
0.0004125526315789473,0.00015869999999999995,0.00042915263157894726,1245.7989794595785
0.0004125526315789473,0.00015869999999999995,0.0004543263157894736,1687.740630613221
0.0004125526315789473,0.00015869999999999995,0.0004794999999999999,2018.1222430625628
0.0004125526315789473,0.00018429999999999995,1.2000000000000292e-06,874.1297066171335
0.0004125526315789473,0.00018429999999999995,2.6373684210526337e-05,1035.389268354775
0.0004125526315789473,0.00018429999999999995,5.1547368421052644e-05,1264.812601941882
0.0004125526315789473,0.00018429999999999995,7.672105263157894e-05,1549.543819402496
0.0004125526315789473,0.00018429999999999995,0.00010189473684210526,1859.6779921483837
0.0004125526315789473,0.00018429999999999995,0.00012706842105263157,2143.0027062067643
0.0004125526315789473,0.00018429999999999995,0.00015224210526315786,2331.2372516628957
0.0004125526315789473,0.00018429999999999995,0.00017741578947368417,2370.9250851511492
0.0004125526315789473,0.00018429999999999995,0.0002025894736842105,2230.315201479322
0.0004125526315789473,0.00018429999999999995,0.0002277631578947368,1902.5091802346512
0.0004125526315789473,0.00018429999999999995,0.0002529368421052631,1426.3883198130213
0.0004125526315789473,0.00018429999999999995,0.00027811052631578943,885.7357108910189
0.0004125526315789473,0.00018429999999999995,0.0003032842105263157,391.1010456007559
0.0004125526315789473,0.00018429999999999995,0.000328457894736842,59.29266199067425
0.0004125526315789473,0.00018429999999999995,0.0003536315789473683,-29.446728480802033
0.0004125526315789473,0.00018429999999999995,0.00037880526315789463,114.50983389546752
0.0004125526315789473,0.00018429999999999995,0.00040397894736842095,408.1712429708055
0.0004125526315789473,0.00018429999999999995,0.00042915263157894726,764.7826600786674
0.0004125526315789473,0.00018429999999999995,0.0004543263157894736,1123.3589392582717
0.0004125526315789473,0.00018429999999999995,0.0004794999999999999,1444.5787785210468
0.0004125526315789473,0.00020989999999999992,1.2000000000000292e-06,844.2570039212545
0.0004125526315789473,0.00020989999999999992,2.6373684210526337e-05,1035.2858130821812
0.0004125526315789473,0.00020989999999999992,5.1547368421052644e-05,1310.4672304029996
0.0004125526315789473,0.00020989999999999992,7.672105263157894e-05,1657.3368991030488
0.0004125526315789473,0.00020989999999999992,0.00010189473684210526,2045.7142995590702
0.0004125526315789473,0.00020989999999999992,0.00012706842105263157,2426.331959886447
0.0004125526315789473,0.00020989999999999992,0.00015224210526315786,2733.5105411988047
0.0004125526315789473,0.00020989999999999992,0.00017741578947368417,2890.0151460533916
0.0004125526315789473,0.00020989999999999992,0.0002025894736842105,2816.3320980810486
0.0004125526315789473,0.00020989999999999992,0.0002277631578947368,2474.188590990675
0.0004125526315789473,0.00020989999999999992,0.0002529368421052631,1921.0592220932965
0.0004125526315789473,0.00020989999999999992,0.00027811052631578943,1285.7349497840476
0.0004125526315789473,0.00020989999999999992,0.0003032842105263157,705.5162155817649
0.0004125526315789473,0.00020989999999999992,0.000328457894736842,293.6656461615306
0.0004125526315789473,0.00020989999999999992,0.0003536315789473683,110.65850369403799
0.0004125526315789473,0.00020989999999999992,0.00037880526315789463,137.64017262667542
0.0004125526315789473,0.00020989999999999992,0.00040397894736842095,304.0294928466494
0.0004125526315789473,0.00020989999999999992,0.00042915263157894726,544.9028465477793
0.0004125526315789473,0.00020989999999999992,0.0004543263157894736,820.4125976272393
0.0004125526315789473,0.00020989999999999992,0.0004794999999999999,1103.3260718350607
0.0004125526315789473,0.0002354999999999999,1.2000000000000292e-06,793.4447279728071
0.0004125526315789473,0.0002354999999999999,2.6373684210526337e-05,1015.1064375691158
0.0004125526315789473,0.0002354999999999999,5.1547368421052644e-05,1342.9916889004996
0.0004125526315789473,0.0002354999999999999,7.672105263157894e-05,1765.739942677525
0.0004125526315789473,0.0002354999999999999,0.00010189473684210526,2253.5284752627763
0.0004125526315789473,0.0002354999999999999,0.00012706842105263157,2760.0509589992307
0.0004125526315789473,0.0002354999999999999,0.0002529368421052631,2536.4004621063054
0.0004125526315789473,0.0002354999999999999,0.00027811052631578943,1781.1631334289584
0.0004125526315789473,0.0002354999999999999,0.0003032842105263157,1117.2012688731588
0.0004125526315789473,0.0002354999999999999,0.000328457894736842,641.2254231954701
0.0004125526315789473,0.0002354999999999999,0.0003536315789473683,384.2640544720455
0.0004125526315789473,0.0002354999999999999,0.00037880526315789463,313.55922492341597
0.0004125526315789473,0.0002354999999999999,0.00040397894736842095,369.28706125450026
0.0004125526315789473,0.0002354999999999999,0.00042915263157894726,507.6916122013677
0.0004125526315789473,0.0002354999999999999,0.0004543263157894736,705.0455175381916
0.0004125526315789473,0.0002354999999999999,0.0004794999999999999,938.9998316261566
0.0004125526315789473,0.0002610999999999999,1.2000000000000292e-06,705.7515137141228
0.0004125526315789473,0.0002610999999999999,2.6373684210526337e-05,953.3086586679353
0.0004125526315789473,0.0002610999999999999,5.1547368421052644e-05,1336.3693223360506
0.0004125526315789473,0.0002610999999999999,7.672105263157894e-05,1842.8306375253794
0.0004125526315789473,0.0002610999999999999,0.00010189473684210526,2438.4240389098964
0.0004125526315789473,0.0002610999999999999,0.00012706842105263157,3076.51783858757
0.0004125526315789473,0.0002610999999999999,0.0002529368421052631,3135.8818644689422
0.0004125526315789473,0.0002610999999999999,0.00027811052631578943,2231.646439343515
0.0004125526315789473,0.0002610999999999999,0.0003032842105263157,1482.6775169214504
0.0004125526315789473,0.0002610999999999999,0.000328457894736842,951.8559121727709
0.0004125526315789473,0.0002610999999999999,0.0003536315789473683,642.3946332749817
0.0004125526315789473,0.0002610999999999999,0.00037880526315789463,507.47692373185754
0.0004125526315789473,0.0002610999999999999,0.00040397894736842095,489.74437842783243
0.0004125526315789473,0.0002610999999999999,0.00042915263157894726,556.5874851673548
0.0004125526315789473,0.0002610999999999999,0.0004543263157894736,696.1930175448578
0.0004125526315789473,0.0002610999999999999,0.0004794999999999999,888.8818115854307
0.0004125526315789473,0.00028669999999999987,1.2000000000000292e-06,564.1263768984563
0.0004125526315789473,0.00028669999999999987,2.6373684210526337e-05,824.0937140380349
0.0004125526315789473,0.00028669999999999987,5.1547368421052644e-05,1259.9666900695574
0.0004125526315789473,0.00028669999999999987,7.672105263157894e-05,1853.5533942607105
0.0004125526315789473,0.00028669999999999987,0.00010189473684210526,2552.9671281781457
0.0004125526315789473,0.00028669999999999987,0.00027811052631578943,2492.582755344112
0.0004125526315789473,0.00028669999999999987,0.0003032842105263157,1686.657904391146
0.0004125526315789473,0.00028669999999999987,0.000328457894736842,1116.7515141532735
0.0004125526315789473,0.00028669999999999987,0.0003536315789473683,777.811820512959
0.0004125526315789473,0.00028669999999999987,0.00037880526315789463,619.4263073196297
0.0004125526315789473,0.00028669999999999987,0.00040397894736842095,580.6478723504246
0.0004125526315789473,0.00028669999999999987,0.00042915263157894726,624.8855445922677
0.0004125526315789473,0.00028669999999999987,0.0004543263157894736,739.0282147177938
0.0004125526315789473,0.00028669999999999987,0.0004794999999999999,905.1278466442966
0.0004125526315789473,0.00031229999999999984,1.2000000000000292e-06,359.28670796714465
0.0004125526315789473,0.00031229999999999984,2.6373684210526337e-05,605.3152108437796
0.0004125526315789473,0.00031229999999999984,5.1547368421052644e-05,1090.0862077649842
0.0004125526315789473,0.00031229999999999984,7.672105263157894e-05,1777.7696142442003
0.0004125526315789473,0.00031229999999999984,0.00010189473684210526,2573.844600326968
0.0004125526315789473,0.00031229999999999984,0.00027811052631578943,2499.7929657045133
0.0004125526315789473,0.00031229999999999984,0.0003032842105263157,1685.305316273152
0.0004125526315789473,0.00031229999999999984,0.000328457894736842,1097.874357505384
0.0004125526315789473,0.00031229999999999984,0.0003536315789473683,757.394256174693
0.0004125526315789473,0.00031229999999999984,0.00037880526315789463,621.7761711522264
0.0004125526315789473,0.00031229999999999984,0.00040397894736842095,614.7255064158779
0.0004125526315789473,0.00031229999999999984,0.00042915263157894726,682.394322045863
0.0004125526315789473,0.00031229999999999984,0.0004543263157894736,801.3852204360205
0.0004125526315789473,0.00031229999999999984,0.0004794999999999999,956.2410606119298
0.0004125526315789473,0.0003378999999999998,1.2000000000000292e-06,111.43541841183438
0.0004125526315789473,0.0003378999999999998,2.6373684210526337e-05,297.24374610899343
0.0004125526315789473,0.0003378999999999998,5.1547368421052644e-05,832.479542985456
0.0004125526315789473,0.0003378999999999998,7.672105263157894e-05,1631.999346279435
0.0004125526315789473,0.0003378999999999998,0.00010189473684210526,2517.994687049919
0.0004125526315789473,0.0003378999999999998,0.0002529368421052631,3204.051393320071
0.0004125526315789473,0.0003378999999999998,0.00027811052631578943,2308.9861850937673
0.0004125526315789473,0.0003378999999999998,0.0003032842105263157,1512.3989935438333
0.0004125526315789473,0.0003378999999999998,0.000328457894736842,915.6675891031443
0.0004125526315789473,0.0003378999999999998,0.0003536315789473683,602.1168531938824
0.0004125526315789473,0.0003378999999999998,0.00037880526315789463,546.1334341414058
0.0004125526315789473,0.0003378999999999998,0.00040397894736842095,613.553509482455
0.0004125526315789473,0.0003378999999999998,0.00042915263157894726,729.0292338838174
0.0004125526315789473,0.0003378999999999998,0.0004543263157894736,868.869937693188
0.0004125526315789473,0.0003378999999999998,0.0004794999999999999,1024.187529522192
0.0004125526315789473,0.00036349999999999984,1.2000000000000292e-06,-76.22267353724958
0.0004125526315789473,0.00036349999999999984,2.6373684210526337e-05,3.301052720746023
0.0004125526315789473,0.00036349999999999984,5.1547368421052644e-05,591.4207099900848
0.0004125526315789473,0.00036349999999999984,7.672105263157894e-05,1491.614923064598
0.0004125526315789473,0.00036349999999999984,0.00010189473684210526,2429.458984298667
0.0004125526315789473,0.00036349999999999984,0.0002529368421052631,2856.5451720245865
0.0004125526315789473,0.00036349999999999984,0.00027811052631578943,2015.132081885437
0.0004125526315789473,0.00036349999999999984,0.0003032842105263157,1258.940266875806
0.0004125526315789473,0.00036349999999999984,0.000328457894736842,645.1962588600617
0.0004125526315789473,0.00036349999999999984,0.0003536315789473683,375.648320584738
0.0004125526315789473,0.00036349999999999984,0.00037880526315789463,474.70462071256617
0.0004125526315789473,0.00036349999999999984,0.00040397894736842095,629.9407882412203
0.0004125526315789473,0.00036349999999999984,0.00042915263157894726,788.9903566020267
0.0004125526315789473,0.00036349999999999984,0.0004543263157894736,946.2625578353241
0.0004125526315789473,0.00036349999999999984,0.0004794999999999999,1102.4354917721391
0.0004125526315789473,0.0003890999999999998,1.2000000000000292e-06,-25.693183215088265
0.0004125526315789473,0.0003890999999999998,2.6373684210526337e-05,64.67805255058745
0.0004125526315789473,0.0003890999999999998,5.1547368421052644e-05,610.894342366459
0.0004125526315789473,0.0003890999999999998,7.672105263157894e-05,1451.140827302173
0.0004125526315789473,0.0003890999999999998,0.00010189473684210526,2336.079111617272
0.0004125526315789473,0.0003890999999999998,0.00012706842105263157,3154.5696809806386
0.0004125526315789473,0.0003890999999999998,0.0002529368421052631,2447.4959717333677
0.0004125526315789473,0.0003890999999999998,0.00027811052631578943,1672.851878864382
0.0004125526315789473,0.0003890999999999998,0.0003032842105263157,1040.594632991578
0.0004125526315789473,0.0003890999999999998,0.000328457894736842,561.1669715544934
0.0004125526315789473,0.0003890999999999998,0.0003536315789473683,391.50841568835637
0.0004125526315789473,0.0003890999999999998,0.00037880526315789463,536.4423626211271
0.0004125526315789473,0.0003890999999999998,0.00040397894736842095,716.4397378766457
0.0004125526315789473,0.0003890999999999998,0.00042915263157894726,883.1083821848162
0.0004125526315789473,0.0003890999999999998,0.0004543263157894736,1038.5936730326887
0.0004125526315789473,0.0003890999999999998,0.0004794999999999999,1187.183329346581
0.0004125526315789473,0.0004146999999999998,1.2000000000000292e-06,215.4801267617596
0.0004125526315789473,0.0004146999999999998,2.6373684210526337e-05,376.2071037982333
0.0004125526315789473,0.0004146999999999998,5.1547368421052644e-05,822.3797367391402
0.0004125526315789473,0.0004146999999999998,7.672105263157894e-05,1485.5701302900138
0.0004125526315789473,0.0004146999999999998,0.00010189473684210526,2218.1676874322193
0.0004125526315789473,0.0004146999999999998,0.00012706842105263157,2914.304319588452
0.0004125526315789473,0.0004146999999999998,0.0002277631578947368,2786.562755831542
0.0004125526315789473,0.0004146999999999998,0.0002529368421052631,1956.987117922354
0.0004125526315789473,0.0004146999999999998,0.00027811052631578943,1291.8232535158968
0.0004125526315789473,0.0004146999999999998,0.0003032842105263157,882.000820608473
0.0004125526315789473,0.0004146999999999998,0.000328457894736842,652.4308704106463
0.0004125526315789473,0.0004146999999999998,0.0003536315789473683,618.1967297305046
0.0004125526315789473,0.0004146999999999998,0.00037880526315789463,731.4522582699338
0.0004125526315789473,0.0004146999999999998,0.00040397894736842095,870.8564381849288
0.0004125526315789473,0.0004146999999999998,0.00042915263157894726,1005.3628469061837
0.0004125526315789473,0.0004146999999999998,0.0004543263157894736,1138.7421560651144
0.0004125526315789473,0.0004146999999999998,0.0004794999999999999,1270.6530633351001
0.0004125526315789473,0.00044029999999999975,1.2000000000000292e-06,468.1887491566597
0.0004125526315789473,0.00044029999999999975,2.6373684210526337e-05,646.3498040494004
0.0004125526315789473,0.00044029999999999975,5.1547368421052644e-05,1003.1399650893836
0.0004125526315789473,0.00044029999999999975,7.672105263157894e-05,1501.0937739338324
0.0004125526315789473,0.00044029999999999975,0.00010189473684210526,2054.151395310619
0.0004125526315789473,0.00044029999999999975,0.00012706842105263157,2578.2051739385142
0.0004125526315789473,0.00044029999999999975,0.00015224210526315786,2999.5761390527787
0.0004125526315789473,0.00044029999999999975,0.00017741578947368417,3165.556106806181
0.0004125526315789473,0.00044029999999999975,0.0002025894736842105,2907.61351089289
0.0004125526315789473,0.00044029999999999975,0.0002277631578947368,2275.1296639655393
0.0004125526315789473,0.00044029999999999975,0.0002529368421052631,1495.6828345607298
0.0004125526315789473,0.00044029999999999975,0.00027811052631578943,973.6030916532211
0.0004125526315789473,0.00044029999999999975,0.0003032842105263157,779.8748757254253
0.0004125526315789473,0.00044029999999999975,0.000328457894736842,732.4173148796209
0.0004125526315789473,0.00044029999999999975,0.0003536315789473683,806.8780687672119
0.0004125526315789473,0.00044029999999999975,0.00037880526315789463,935.4866988579381
0.0004125526315789473,0.00044029999999999975,0.00040397894736842095,1027.8209331683995
0.0004125526315789473,0.00044029999999999975,0.00042915263157894726,1120.81220246996
0.0004125526315789473,0.00044029999999999975,0.0004543263157894736,1227.5091221432697
0.0004125526315789473,0.00044029999999999975,0.0004794999999999999,1340.8965507904325
0.0004125526315789473,0.0004658999999999997,1.2000000000000292e-06,658.6535299033262
0.0004125526315789473,0.0004658999999999997,2.6373684210526337e-05,820.1437910675531
0.0004125526315789473,0.0004658999999999997,5.1547368421052644e-05,1096.2169421284414
0.0004125526315789473,0.0004658999999999997,7.672105263157894e-05,1460.2797609689928
0.0004125526315789473,0.0004658999999999997,0.00010189473684210526,1857.1474506078803
0.0004125526315789473,0.0004658999999999997,0.00012706842105263157,2224.244561517607
0.0004125526315789473,0.0004658999999999997,0.00015224210526315786,2497.2085068240453
0.0004125526315789473,0.0004658999999999997,0.00017741578947368417,2570.724843000485
0.0004125526315789473,0.0004658999999999997,0.0002025894736842105,2344.5225650440216
0.0004125526315789473,0.0004658999999999997,0.0002277631578947368,1853.8730074042667
0.0004125526315789473,0.0004658999999999997,0.0002529368421052631,1281.039606274025
0.0004125526315789473,0.0004658999999999997,0.00027811052631578943,895.4526933942595
0.0004125526315789473,0.0004658999999999997,0.0003032842105263157,766.0270323781906
0.0004125526315789473,0.0004658999999999997,0.000328457894736842,784.8451515023005
0.0004125526315789473,0.0004658999999999997,0.0003536315789473683,893.8592631018591
0.0004125526315789473,0.0004658999999999997,0.00037880526315789463,1022.6387335900383
0.0004125526315789473,0.0004658999999999997,0.00040397894736842095,1110.2558261123365
0.0004125526315789473,0.0004658999999999997,0.00042915263157894726,1192.0394041038464
0.0004125526315789473,0.0004658999999999997,0.0004543263157894736,1285.6944951604823
0.0004125526315789473,0.0004658999999999997,0.0004794999999999999,1386.938132936192
0.0004125526315789473,0.0004914999999999997,1.2000000000000292e-06,776.3427466878129
0.0004125526315789473,0.0004914999999999997,2.6373684210526337e-05,906.0097177482368
0.0004125526315789473,0.0004914999999999997,5.1547368421052644e-05,1109.9797000115784
0.0004125526315789473,0.0004914999999999997,7.672105263157894e-05,1367.7617992491575
0.0004125526315789473,0.0004914999999999997,0.00010189473684210526,1641.6148592916204
0.0004125526315789473,0.0004914999999999997,0.00012706842105263157,1884.8211238851584
0.0004125526315789473,0.0004914999999999997,0.00015224210526315786,2043.7986209495364
0.0004125526315789473,0.0004914999999999997,0.00017741578947368417,2054.1448138888154
0.0004125526315789473,0.0004914999999999997,0.0002025894736842105,1872.306028148796
0.0004125526315789473,0.0004914999999999997,0.0002277631578947368,1532.29330102317
0.0004125526315789473,0.0004914999999999997,0.0002529368421052631,1155.279670238103
0.0004125526315789473,0.0004914999999999997,0.00027811052631578943,888.2615757748047
0.0004125526315789473,0.0004914999999999997,0.0003032842105263157,786.4170494240608
0.0004125526315789473,0.0004914999999999997,0.000328457894736842,809.7155788821915
0.0004125526315789473,0.0004914999999999997,0.0003536315789473683,904.6269959494163
0.0004125526315789473,0.0004914999999999997,0.00037880526315789463,1018.9819335256574
0.0004125526315789473,0.0004914999999999997,0.00040397894736842095,1119.7442987107722
0.0004125526315789473,0.0004914999999999997,0.00042915263157894726,1212.2893847342657
0.0004125526315789473,0.0004914999999999997,0.0004543263157894736,1306.872097076154
0.0004125526315789473,0.0004914999999999997,0.0004794999999999999,1404.0765419817237
0.0004380684210526315,5.10000000000007e-06,1.2000000000000292e-06,1235.6197868605254
0.0004380684210526315,5.10000000000007e-06,2.6373684210526337e-05,1273.9030476701128
0.0004380684210526315,5.10000000000007e-06,5.1547368421052644e-05,1341.514291592462
0.0004380684210526315,5.10000000000007e-06,7.672105263157894e-05,1428.5690240796762
0.0004380684210526315,5.10000000000007e-06,0.00010189473684210526,1518.7453280869504
0.0004380684210526315,5.10000000000007e-06,0.00012706842105263157,1595.9354833268471
0.0004380684210526315,5.10000000000007e-06,0.00015224210526315786,1649.6539612235604
0.0004380684210526315,5.10000000000007e-06,0.00017741578947368417,1677.7055660691092
0.0004380684210526315,5.10000000000007e-06,0.0002025894736842105,1686.7742802974988
0.0004380684210526315,5.10000000000007e-06,0.0002277631578947368,1691.608334050827
0.0004380684210526315,5.10000000000007e-06,0.0002529368421052631,1713.2687050012441
0.0004380684210526315,5.10000000000007e-06,0.00027811052631578943,1776.5330787843611
0.0004380684210526315,5.10000000000007e-06,0.0003032842105263157,1906.2443655187053
0.0004380684210526315,5.10000000000007e-06,0.000328457894736842,2122.454436751034
0.0004380684210526315,5.10000000000007e-06,0.0003536315789473683,2434.499374662938
0.0004380684210526315,5.10000000000007e-06,0.00037880526315789463,2834.1966683793603
0.0004380684210526315,3.0700000000000055e-05,1.2000000000000292e-06,1156.7153277267319
0.0004380684210526315,3.0700000000000055e-05,2.6373684210526337e-05,1201.6248713436576
0.0004380684210526315,3.0700000000000055e-05,5.1547368421052644e-05,1276.4982175563937
0.0004380684210526315,3.0700000000000055e-05,7.672105263157894e-05,1369.7068626286007
0.0004380684210526315,3.0700000000000055e-05,0.00010189473684210526,1462.2698143494704
0.0004380684210526315,3.0700000000000055e-05,0.00012706842105263157,1534.6638371311412
0.0004380684210526315,3.0700000000000055e-05,0.00015224210526315786,1573.308649888238
0.0004380684210526315,3.0700000000000055e-05,0.00017741578947368417,1574.6260968175695
0.0004380684210526315,3.0700000000000055e-05,0.0002025894736842105,1546.184913108496
0.0004380684210526315,3.0700000000000055e-05,0.0002277631578947368,1505.75314737923
0.0004380684210526315,3.0700000000000055e-05,0.0002529368421052631,1479.6574739105124
0.0004380684210526315,3.0700000000000055e-05,0.00027811052631578943,1500.5692452274877
0.0004380684210526315,3.0700000000000055e-05,0.0003032842105263157,1603.792594668272
0.0004380684210526315,3.0700000000000055e-05,0.000328457894736842,1821.3213203474568
0.0004380684210526315,3.0700000000000055e-05,0.0003536315789473683,2173.973826310987
0.0004380684210526315,3.0700000000000055e-05,0.00037880526315789463,2662.6496311132496
0.0004380684210526315,5.6300000000000034e-05,1.2000000000000292e-06,1106.4383795338094
0.0004380684210526315,5.6300000000000034e-05,2.6373684210526337e-05,1162.5780671420287
0.0004380684210526315,5.6300000000000034e-05,5.1547368421052644e-05,1248.3940017593836
0.0004380684210526315,5.6300000000000034e-05,7.672105263157894e-05,1350.8342861826134
0.0004380684210526315,5.6300000000000034e-05,0.00010189473684210526,1448.5804862843866
0.0004380684210526315,5.6300000000000034e-05,0.00012706842105263157,1517.6542821490912
0.0004380684210526315,5.6300000000000034e-05,0.00015224210526315786,1539.4241060869108
0.0004380684210526315,5.6300000000000034e-05,0.00017741578947368417,1507.922839789382
0.0004380684210526315,5.6300000000000034e-05,0.0002025894736842105,1431.4926678255733
0.0004380684210526315,5.6300000000000034e-05,0.0002277631578947368,1330.432325402962
0.0004380684210526315,5.6300000000000034e-05,0.0002529368421052631,1235.6731305109117
0.0004380684210526315,5.6300000000000034e-05,0.00027811052631578943,1188.1364850956854
0.0004380684210526315,5.6300000000000034e-05,0.0003032842105263157,1235.8955829633999
0.0004380684210526315,5.6300000000000034e-05,0.000328457894736842,1426.8912126114315
0.0004380684210526315,5.6300000000000034e-05,0.0003536315789473683,1797.4938429641222
0.0004380684210526315,5.6300000000000034e-05,0.00037880526315789463,2361.75275024241
0.0004380684210526315,5.6300000000000034e-05,0.00040397894736842095,3104.673423499898
0.0004380684210526315,8.190000000000001e-05,1.2000000000000292e-06,1079.3496234591864
0.0004380684210526315,8.190000000000001e-05,2.6373684210526337e-05,1151.231100860381
0.0004380684210526315,8.190000000000001e-05,5.1547368421052644e-05,1253.4667833267497
0.0004380684210526315,8.190000000000001e-05,7.672105263157894e-05,1372.205817618785
0.0004380684210526315,8.190000000000001e-05,0.00010189473684210526,1483.9280233700915
0.0004380684210526315,8.190000000000001e-05,0.00012706842105263157,1557.7495300622552
0.0004380684210526315,8.190000000000001e-05,0.00015224210526315786,1565.3120205909581
0.0004380684210526315,8.190000000000001e-05,0.00017741578947368417,1497.517879093754
0.0004380684210526315,8.190000000000001e-05,0.0002025894736842105,1365.0612323348162
0.0004380684210526315,8.190000000000001e-05,0.0002277631578947368,1189.659169474664
0.0004380684210526315,8.190000000000001e-05,0.0002529368421052631,1004.4672250086252
0.0004380684210526315,8.190000000000001e-05,0.00027811052631578943,857.5144921748636
0.0004380684210526315,8.190000000000001e-05,0.0003032842105263157,811.5834014310972
0.0004380684210526315,8.190000000000001e-05,0.000328457894736842,935.609819805746
0.0004380684210526315,8.190000000000001e-05,0.0003536315789473683,1284.7070162814236
0.0004380684210526315,8.190000000000001e-05,0.00037880526315789463,1880.4192056327474
0.0004380684210526315,8.190000000000001e-05,0.00040397894736842095,2711.173357289017
0.0004380684210526315,0.0001075,1.2000000000000292e-06,1067.9102847987288
0.0004380684210526315,0.0001075,2.6373684210526337e-05,1159.603394728338
0.0004380684210526315,0.0001075,5.1547368421052644e-05,1284.6025534785958
0.0004380684210526315,0.0001075,7.672105263157894e-05,1429.2390470284142
0.0004380684210526315,0.0001075,0.00010189473684210526,1569.230316863458
0.0004380684210526315,0.0001075,0.00012706842105263157,1664.9320473895223
0.0004380684210526315,0.0001075,0.00015224210526315786,1666.490693228353
0.0004380684210526315,0.0001075,0.00017741578947368417,1562.9580017704375
0.0004380684210526315,0.0001075,0.0002025894736842105,1373.191020331851
0.0004380684210526315,0.0001075,0.0002277631578947368,1116.5592066310167
0.0004380684210526315,0.0001075,0.0002529368421052631,823.7765329387322
0.0004380684210526315,0.0001075,0.00027811052631578943,546.8828722671179
0.0004380684210526315,0.0001075,0.0003032842105263157,364.1287675204123
0.0004380684210526315,0.0001075,0.000328457894736842,373.17348984165557
0.0004380684210526315,0.0001075,0.0003536315789473683,655.0437634129966
0.0004380684210526315,0.0001075,0.00037880526315789463,1225.1119016308883
0.0004380684210526315,0.0001075,0.00040397894736842095,2032.2205753951148
0.0004380684210526315,0.0001075,0.00042915263157894726,2979.7426341165183
0.0004380684210526315,0.00013309999999999998,1.2000000000000292e-06,1065.3019331849653
0.0004380684210526315,0.00013309999999999998,2.6373684210526337e-05,1180.4101086245812
0.0004380684210526315,0.00013309999999999998,5.1547368421052644e-05,1334.032475759442
0.0004380684210526315,0.00013309999999999998,7.672105263157894e-05,1512.7305570898495
0.0004380684210526315,0.00013309999999999998,0.00010189473684210526,1692.6476864839283
0.0004380684210526315,0.00013309999999999998,0.00012706842105263157,1829.994108510487
0.0004380684210526315,0.00013309999999999998,0.00015224210526315786,1841.1247452374707
0.0004380684210526315,0.00013309999999999998,0.00017741578947368417,1716.3439971525452
0.0004380684210526315,0.00013309999999999998,0.0002025894736842105,1483.489394365651
0.0004380684210526315,0.00013309999999999998,0.0002277631578947368,1152.1324152503573
0.0004380684210526315,0.00013309999999999998,0.0002529368421052631,747.2296523408073
0.0004380684210526315,0.00013309999999999998,0.00027811052631578943,321.59196377629024
0.0004380684210526315,0.00013309999999999998,0.0003032842105263157,-33.51352306093737
0.0004380684210526315,0.00013309999999999998,0.000328457894736842,-183.51213339610044
0.0004380684210526315,0.00013309999999999998,0.0003536315789473683,-3.6143684873941404
0.0004380684210526315,0.00013309999999999998,0.00037880526315789463,506.5943591304333
0.0004380684210526315,0.00013309999999999998,0.00040397894736842095,1228.133098526046
0.0004380684210526315,0.00013309999999999998,0.00042915263157894726,2009.5384005247206
0.0004380684210526315,0.00013309999999999998,0.0004543263157894736,2664.9549630118954
0.0004380684210526315,0.00013309999999999998,0.0004794999999999999,3020.8649112224066
0.0004380684210526315,0.00015869999999999995,1.2000000000000292e-06,1065.7953153521698
0.0004380684210526315,0.00015869999999999995,2.6373684210526337e-05,1207.7432466455143
0.0004380684210526315,0.00015869999999999995,5.1547368421052644e-05,1395.4430226568982
0.0004380684210526315,0.00015869999999999995,7.672105263157894e-05,1614.1031156293177
0.0004380684210526315,0.00015869999999999995,0.00010189473684210526,1835.8644082363835
0.0004380684210526315,0.00015869999999999995,0.00012706842105263157,2010.8561902680083
0.0004380684210526315,0.00015869999999999995,0.00015224210526315786,2063.9014950555816
0.0004380684210526315,0.00015869999999999995,0.00017741578947368417,1966.846813649349
0.0004380684210526315,0.00015869999999999995,0.0002025894736842105,1724.502013224386
0.0004380684210526315,0.00015869999999999995,0.0002277631578947368,1339.8628515160226
0.0004380684210526315,0.00015869999999999995,0.0002529368421052631,836.7534232788142
0.0004380684210526315,0.00015869999999999995,0.00027811052631578943,271.2124158536795
0.0004380684210526315,0.00015869999999999995,0.0003032842105263157,-256.25421186325184
0.0004380684210526315,0.00015869999999999995,0.000328457894736842,-578.562912890481
0.0004380684210526315,0.00015869999999999995,0.0003536315789473683,-516.4735217050725
0.0004380684210526315,0.00015869999999999995,0.00037880526315789463,-83.9573607041345
0.0004380684210526315,0.00015869999999999995,0.00040397894736842095,536.2208791267354
0.0004380684210526315,0.00015869999999999995,0.00042915263157894726,1182.2308436900407
0.0004380684210526315,0.00015869999999999995,0.0004543263157894736,1740.7619602353082
0.0004380684210526315,0.00015869999999999995,0.0004794999999999999,2142.7516175739574
0.0004380684210526315,0.00018429999999999995,1.2000000000000292e-06,1063.6183541209355
0.0004380684210526315,0.00018429999999999995,2.6373684210526337e-05,1235.9625223134037
0.0004380684210526315,0.00018429999999999995,5.1547368421052644e-05,1464.3950465771402
0.0004380684210526315,0.00018429999999999995,7.672105263157894e-05,1732.5198631865208
0.0004380684210526315,0.00018429999999999995,0.00010189473684210526,2008.4571919253124
0.0004380684210526315,0.00018429999999999995,0.00012706842105263157,2241.403155772823
0.0004380684210526315,0.00018429999999999995,0.00015224210526315786,2368.5428225003525
0.0004380684210526315,0.00018429999999999995,0.00017741578947368417,2339.5109512926183
0.0004380684210526315,0.00018429999999999995,0.0002025894736842105,2123.5321753372527
0.0004380684210526315,0.00018429999999999995,0.0002277631578947368,1712.5882443834594
0.0004380684210526315,0.00018429999999999995,0.0002529368421052631,1137.2489028320492
0.0004380684210526315,0.00018429999999999995,0.00027811052631578943,470.1769385777334
0.0004380684210526315,0.00018429999999999995,0.0003032842105263157,-172.90072747109943
0.0004380684210526315,0.00018429999999999995,0.000328457894736842,-615.7567263427434
0.0004380684210526315,0.00018429999999999995,0.0003536315789473683,-674.7921307384851
0.0004380684210526315,0.00018429999999999995,0.00037880526315789463,-368.6616232912217
0.0004380684210526315,0.00018429999999999995,0.00040397894736842095,115.71829869969311
0.0004380684210526315,0.00018429999999999995,0.00042915263157894726,631.9997454590786
0.0004380684210526315,0.00018429999999999995,0.0004543263157894736,1106.5958578408213
0.0004380684210526315,0.00018429999999999995,0.0004794999999999999,1507.0090045219094
0.0004380684210526315,0.00020989999999999992,1.2000000000000292e-06,1051.3057833869566
0.0004380684210526315,0.00020989999999999992,2.6373684210526337e-05,1257.1233741246476
0.0004380684210526315,0.00020989999999999992,5.1547368421052644e-05,1534.082472085535
0.0004380684210526315,0.00020989999999999992,7.672105263157894e-05,1865.6618232740493
0.0004380684210526315,0.00020989999999999992,0.00010189473684210526,2219.094535226733
0.0004380684210526315,0.00020989999999999992,0.00012706842105263157,2544.695859505353
0.0004380684210526315,0.00020989999999999992,0.00015224210526315786,2778.9356378009197
0.0004380684210526315,0.00020989999999999992,0.00017741578947368417,2850.5708927439837
0.0004380684210526315,0.00020989999999999992,0.0002025894736842105,2691.9886139109026
0.0004380684210526315,0.00020989999999999992,0.0002277631578947368,2273.522330095673
0.0004380684210526315,0.00020989999999999992,0.0002529368421052631,1641.7797140357482
0.0004380684210526315,0.00020989999999999992,0.00027811052631578943,907.4093449391901
0.0004380684210526315,0.00020989999999999992,0.0003032842105263157,211.174067320132
0.0004380684210526315,0.00020989999999999992,0.000328457894736842,-287.58566307074096
0.0004380684210526315,0.00020989999999999992,0.0003536315789473683,-460.9244892159995
0.0004380684210526315,0.00020989999999999992,0.00037880526315789463,-324.7600742002004
0.0004380684210526315,0.00020989999999999992,0.00040397894736842095,-10.503410507163899
0.0004380684210526315,0.00020989999999999992,0.00042915263157894726,367.52799716634803
0.0004380684210526315,0.00020989999999999992,0.0004543263157894736,751.1354499673414
0.0004380684210526315,0.00020989999999999992,0.0004794999999999999,1112.8951505138243
0.0004380684210526315,0.0002354999999999999,1.2000000000000292e-06,1018.6849892904547
0.0004380684210526315,0.0002354999999999999,2.6373684210526337e-05,1258.75443122033
0.0004380684210526315,0.0002354999999999999,5.1547368421052644e-05,1590.5767008527703
0.0004380684210526315,0.0002354999999999999,7.672105263157894e-05,1998.3432392656057
0.0004380684210526315,0.0002354999999999999,0.00010189473684210526,2448.836855288435
0.0004380684210526315,0.0002354999999999999,0.00012706842105263157,2892.707769957092
0.0004380684210526315,0.0002354999999999999,0.0002277631578947368,2978.4044634322063
0.0004380684210526315,0.0002354999999999999,0.0002529368421052631,2275.0944802177987
0.0004380684210526315,0.0002354999999999999,0.00027811052631578943,1471.799871708078
0.0004380684210526315,0.0002354999999999999,0.0003032842105263157,734.9243900399526
0.0004380684210526315,0.0002354999999999999,0.000328457894736842,194.81375017629807
0.0004380684210526315,0.0002354999999999999,0.0003536315789473683,-74.68914233052064
0.0004380684210526315,0.0002354999999999999,0.00037880526315789463,-90.56579241629888
0.0004380684210526315,0.0002354999999999999,0.00040397894736842095,64.51472330796551
0.0004380684210526315,0.0002354999999999999,0.00042915263157894726,310.8192279605688
0.0004380684210526315,0.0002354999999999999,0.0004543263157894736,602.424616186069
0.0004380684210526315,0.0002354999999999999,0.0004794999999999999,909.3445605939569
0.0004380684210526315,0.0002610999999999999,1.2000000000000292e-06,953.8384987917317
0.0004380684210526315,0.0002610999999999999,2.6373684210526337e-05,1224.449307874669
0.0004380684210526315,0.0002610999999999999,5.1547368421052644e-05,1613.4491840370733
0.0004380684210526315,0.0002610999999999999,7.672105263157894e-05,2104.648281952742
0.0004380684210526315,0.0002610999999999999,0.00010189473684210526,2660.83517898315
0.0004380684210526315,0.0002610999999999999,0.0002529368421052631,2896.9840048824685
0.0004380684210526315,0.0002610999999999999,0.00027811052631578943,2009.5701701259784
0.0004380684210526315,0.0002610999999999999,0.0003032842105263157,1222.9974145293916
0.0004380684210526315,0.0002610999999999999,0.000328457894736842,638.9996913925669
0.0004380684210526315,0.0002610999999999999,0.0003536315789473683,297.8266576996602
0.0004380684210526315,0.0002610999999999999,0.00037880526315789463,177.86978560888795
0.0004380684210526315,0.0002610999999999999,0.00040397894736842095,218.80554183245195
0.0004380684210526315,0.0002610999999999999,0.00042915263157894726,360.3854777451162
0.0004380684210526315,0.0002610999999999999,0.0004543263157894736,575.176490613427
0.0004380684210526315,0.0002610999999999999,0.0004794999999999999,833.4548797929534
0.0004380684210526315,0.00028669999999999987,1.2000000000000292e-06,847.1983527662697
0.0004380684210526315,0.00028669999999999987,2.6373684210526337e-05,1138.5019238200177
0.0004380684210526315,0.00028669999999999987,5.1547368421052644e-05,1582.392711980604
0.0004380684210526315,0.00028669999999999987,7.672105263157894e-05,2159.0340126034585
0.0004380684210526315,0.00028669999999999987,0.00010189473684210526,2818.5061065120085
0.0004380684210526315,0.00028669999999999987,0.00027811052631578943,2384.295326075823
0.0004380684210526315,0.00028669999999999987,0.0003032842105263157,1558.181602735303
0.0004380684210526315,0.00028669999999999987,0.000328457894736842,938.2843335409984
0.0004380684210526315,0.00028669999999999987,0.0003536315789473683,554.2468240663835
0.0004380684210526315,0.00028669999999999987,0.00037880526315789463,382.6196247480615
0.0004380684210526315,0.00028669999999999987,0.00040397894736842095,367.98549543157554
0.0004380684210526315,0.00028669999999999987,0.00042915263157894726,455.7952172341074
0.0004380684210526315,0.00028669999999999987,0.0004543263157894736,621.9818535692178
0.0004380684210526315,0.00028669999999999987,0.0004794999999999999,838.6253027283066
0.0004380684210526315,0.00031229999999999984,1.2000000000000292e-06,700.2416756164578
0.0004380684210526315,0.00031229999999999984,2.6373684210526337e-05,995.6918742798963
0.0004380684210526315,0.00031229999999999984,5.1547368421052644e-05,1488.8594589112622
0.0004380684210526315,0.00031229999999999984,7.672105263157894e-05,2151.111716339758
0.0004380684210526315,0.00031229999999999984,0.00010189473684210526,2906.8615744766253
0.0004380684210526315,0.00031229999999999984,0.00027811052631578943,2535.1323704935858
0.0004380684210526315,0.00031229999999999984,0.0003032842105263157,1694.776994409834
0.0004380684210526315,0.00031229999999999984,0.000328457894736842,1053.8194048569646
0.0004380684210526315,0.00031229999999999984,0.0003536315789473683,657.8224028031447
0.0004380684210526315,0.00031229999999999984,0.00037880526315789463,487.05005912242797
0.0004380684210526315,0.00031229999999999984,0.00040397894736842095,474.40725403679687
0.0004380684210526315,0.00031229999999999984,0.00042915263157894726,558.8956148356857
0.0004380684210526315,0.00031229999999999984,0.0004543263157894736,705.8362433528935
0.0004380684210526315,0.00031229999999999984,0.0004794999999999999,890.6483546381637
0.0004380684210526315,0.0003378999999999998,1.2000000000000292e-06,541.1432936077496
0.0004380684210526315,0.0003378999999999998,2.6373684210526337e-05,820.3632212823339
0.0004380684210526315,0.0003378999999999998,5.1547368421052644e-05,1354.1821908612035
0.0004380684210526315,0.0003378999999999998,7.672105263157894e-05,2098.747282749333
0.0004380684210526315,0.0003378999999999998,0.00010189473684210526,2941.502399495649
0.0004380684210526315,0.0003378999999999998,0.00027811052631578943,2497.7982262416003
0.0004380684210526315,0.0003378999999999998,0.0003032842105263157,1655.8534213842033
0.0004380684210526315,0.0003378999999999998,0.000328457894736842,997.8433963338175
0.0004380684210526315,0.0003378999999999998,0.0003536315789473683,617.677923250943
0.0004380684210526315,0.0003378999999999998,0.00037880526315789463,504.89351833081327
0.0004380684210526315,0.0003378999999999998,0.00040397894736842095,541.3018886737884
0.0004380684210526315,0.0003378999999999998,0.00042915263157894726,649.2889593834427
0.0004380684210526315,0.0003378999999999998,0.0004543263157894736,796.2243839773871
0.0004380684210526315,0.0003378999999999998,0.0004794999999999999,965.3648162145523
0.0004380684210526315,0.00036349999999999984,1.2000000000000292e-06,440.65723656261423
0.0004380684210526315,0.00036349999999999984,2.6373684210526337e-05,694.8872271859724
0.0004380684210526315,0.00036349999999999984,5.1547368421052644e-05,1250.538670788058
0.0004380684210526315,0.00036349999999999984,7.672105263157894e-05,2048.989345452589
0.0004380684210526315,0.00036349999999999984,0.00010189473684210526,2950.2178145201324
0.0004380684210526315,0.00036349999999999984,0.00027811052631578943,2349.7392319492674
0.0004380684210526315,0.00036349999999999984,0.0003032842105263157,1522.4856152115826
0.0004380684210526315,0.00036349999999999984,0.000328457894736842,845.4655968842791
0.0004380684210526315,0.00036349999999999984,0.0003536315789473683,500.5584323978333
0.0004380684210526315,0.00036349999999999984,0.00037880526315789463,505.4512447051346
0.0004380684210526315,0.00036349999999999984,0.00040397894736842095,609.1745250244708
0.0004380684210526315,0.00036349999999999984,0.00042915263157894726,744.0441063005059
0.0004380684210526315,0.00036349999999999984,0.0004543263157894736,893.9495372711497
0.0004380684210526315,0.00036349999999999984,0.0004794999999999999,1052.3188064513977
0.0004380684210526315,0.0003890999999999998,1.2000000000000292e-06,474.83595182849695
0.0004380684210526315,0.0003890999999999998,2.6373684210526337e-05,724.2312693099764
0.0004380684210526315,0.0003890999999999998,5.1547368421052644e-05,1263.1770239462423
0.0004380684210526315,0.0003890999999999998,7.672105263157894e-05,2040.8731602055684
0.0004380684210526315,0.0003890999999999998,0.00010189473684210526,2933.8276474223726
0.0004380684210526315,0.0003890999999999998,0.0002529368421052631,3023.4050644214826
0.0004380684210526315,0.0003890999999999998,0.00027811052631578943,2147.670876158156
0.0004380684210526315,0.0003890999999999998,0.0003032842105263157,1404.6797776507392
0.0004380684210526315,0.0003890999999999998,0.000328457894736842,828.1894758306106
0.0004380684210526315,0.0003890999999999998,0.0003536315789473683,560.6413332651719
0.0004380684210526315,0.0003890999999999998,0.00037880526315789463,603.0349542474372
0.0004380684210526315,0.0003890999999999998,0.00040397894736842095,724.5131592400868
0.0004380684210526315,0.0003890999999999998,0.00042915263157894726,860.9154190739958
0.0004380684210526315,0.0003890999999999998,0.0004543263157894736,1002.128709265042
0.0004380684210526315,0.0003890999999999998,0.0004794999999999999,1146.0104155852039
0.0004380684210526315,0.0004146999999999998,1.2000000000000292e-06,623.7660784213583
0.0004380684210526315,0.0004146999999999998,2.6373684210526337e-05,879.9176033417344
0.0004380684210526315,0.0004146999999999998,5.1547368421052644e-05,1365.4911600781081
0.0004380684210526315,0.0004146999999999998,7.672105263157894e-05,2049.631444866169
0.0004380684210526315,0.0004146999999999998,0.00010189473684210526,2850.7014349597334
0.0004380684210526315,0.0004146999999999998,0.0002529368421052631,2703.8167432695914
0.0004380684210526315,0.0004146999999999998,0.00027811052631578943,1913.9539419230555
0.0004380684210526315,0.0004146999999999998,0.0003032842105263157,1329.266091478388
0.0004380684210526315,0.0004146999999999998,0.000328457894736842,945.2680510221448
0.0004380684210526315,0.0004146999999999998,0.0003536315789473683,780.5738614476256
0.0004380684210526315,0.0004146999999999998,0.00037880526315789463,796.3354498074187
0.0004380684210526315,0.0004146999999999998,0.00040397894736842095,885.7931148775216
0.0004380684210526315,0.0004146999999999998,0.00042915263157894726,995.7962788157665
0.0004380684210526315,0.0004146999999999998,0.0004543263157894736,1114.7277537541847
0.0004380684210526315,0.0004146999999999998,0.0004794999999999999,1238.8384704819618
0.0004380684210526315,0.00044029999999999975,1.2000000000000292e-06,798.8523083624082
0.0004380684210526315,0.00044029999999999975,2.6373684210526337e-05,1045.7858869111378
0.0004380684210526315,0.00044029999999999975,5.1547368421052644e-05,1459.2768061128206
0.0004380684210526315,0.00044029999999999975,7.672105263157894e-05,2018.6001213739062
0.0004380684210526315,0.00044029999999999975,0.00010189473684210526,2669.2102289477994
0.0004380684210526315,0.00044029999999999975,0.0002277631578947368,3142.187936185671
0.0004380684210526315,0.00044029999999999975,0.0002529368421052631,2338.7868878085033
0.0004380684210526315,0.00044029999999999975,0.00027811052631578943,1691.992617126961
0.0004380684210526315,0.00044029999999999975,0.0003032842105263157,1272.0512734052627
0.0004380684210526315,0.00044029999999999975,0.000328457894736842,1040.12723156847
0.0004380684210526315,0.00044029999999999975,0.0003536315789473683,960.4511112743243
0.0004380684210526315,0.00044029999999999975,0.00037880526315789463,981.1650528233666
0.0004380684210526315,0.00044029999999999975,0.00040397894736842095,1042.2825694487678
0.0004380684210526315,0.00044029999999999975,0.00042915263157894726,1121.9021384979856
0.0004380684210526315,0.00044029999999999975,0.0004543263157894736,1216.1287555204017
0.0004380684210526315,0.00044029999999999975,0.0004794999999999999,1320.1667020921288
0.0004380684210526315,0.0004658999999999997,1.2000000000000292e-06,939.9332602120903
0.0004380684210526315,0.0004658999999999997,2.6373684210526337e-05,1158.6989061282818
0.0004380684210526315,0.0004658999999999997,5.1547368421052644e-05,1493.4358500886242
0.0004380684210526315,0.0004658999999999997,7.672105263157894e-05,1925.8338099512484
0.0004380684210526315,0.0004658999999999997,0.00010189473684210526,2413.1108330029224
0.0004380684210526315,0.0004658999999999997,0.00012706842105263157,2893.007931931468
0.0004380684210526315,0.0004658999999999997,0.0002025894736842105,3145.662869946526
0.0004380684210526315,0.0004658999999999997,0.0002277631578947368,2620.823832730002
0.0004380684210526315,0.0004658999999999997,0.0002529368421052631,2020.9933656313335
0.0004380684210526315,0.0004658999999999997,0.00027811052631578943,1535.8215089606024
0.0004380684210526315,0.0004658999999999997,0.0003032842105263157,1236.6221025958102
0.0004380684210526315,0.0004658999999999997,0.000328457894736842,1094.511382452143
0.0004380684210526315,0.0004658999999999997,0.0003536315789473683,1064.0624532883323
0.0004380684210526315,0.0004658999999999997,0.00037880526315789463,1094.9381144837923
0.0004380684210526315,0.0004658999999999997,0.00040397894736842095,1146.8629054824
0.0004380684210526315,0.0004658999999999997,0.00042915263157894726,1211.669134006742
0.0004380684210526315,0.0004658999999999997,0.0004543263157894736,1290.5390305758083
0.0004380684210526315,0.0004658999999999997,0.0004794999999999999,1380.1425200815345
0.0004380684210526315,0.0004914999999999997,1.2000000000000292e-06,1027.7425401437947
0.0004380684210526315,0.0004914999999999997,2.6373684210526337e-05,1207.3387296571113
0.0004380684210526315,0.0004914999999999997,5.1547368421052644e-05,1465.2695006205106
0.0004380684210526315,0.0004914999999999997,7.672105263157894e-05,1784.1005498235195
0.0004380684210526315,0.0004914999999999997,0.00010189473684210526,2128.602844910819
0.0004380684210526315,0.0004914999999999997,0.00012706842105263157,2446.8317813270787
0.0004380684210526315,0.0004914999999999997,0.00015224210526315786,2667.879546226565
0.0004380684210526315,0.0004914999999999997,0.00017741578947368417,2710.2604189238896
0.0004380684210526315,0.0004914999999999997,0.0002025894736842105,2530.103652018451
0.0004380684210526315,0.0004914999999999997,0.0002277631578947368,2174.344031170616
0.0004380684210526315,0.0004914999999999997,0.0002529368421052631,1763.8901596977491
0.0004380684210526315,0.0004914999999999997,0.00027811052631578943,1422.1804009818131
0.0004380684210526315,0.0004914999999999997,0.0003032842105263157,1207.991665276917
0.0004380684210526315,0.0004914999999999997,0.000328457894736842,1113.0529107914695
0.0004380684210526315,0.0004914999999999997,0.0003536315789473683,1102.8623419643372
0.0004380684210526315,0.0004914999999999997,0.00037880526315789463,1138.7333532769405
0.0004380684210526315,0.0004914999999999997,0.00040397894736842095,1192.841071282645
0.0004380684210526315,0.0004914999999999997,0.00042915263157894726,1257.1217367157492
0.0004380684210526315,0.0004914999999999997,0.0004543263157894736,1331.4394369116853
0.0004380684210526315,0.0004914999999999997,0.0004794999999999999,1413.879963187809
0.0004635842105263157,5.10000000000007e-06,1.2000000000000292e-06,1334.2551066092265
0.0004635842105263157,5.10000000000007e-06,2.6373684210526337e-05,1366.7682630826891
0.0004635842105263157,5.10000000000007e-06,5.1547368421052644e-05,1418.056798489953
0.0004635842105263157,5.10000000000007e-06,7.672105263157894e-05,1480.1947158884343
0.0004635842105263157,5.10000000000007e-06,0.00010189473684210526,1541.8056207179145
0.0004635842105263157,5.10000000000007e-06,0.00012706842105263157,1591.6270166351592
0.0004635842105263157,5.10000000000007e-06,0.00015224210526315786,1622.2596422354618
0.0004635842105263157,5.10000000000007e-06,0.00017741578947368417,1632.7746538792887
0.0004635842105263157,5.10000000000007e-06,0.0002025894736842105,1629.8072031747777
0.0004635842105263157,5.10000000000007e-06,0.0002277631578947368,1627.3399551843343
0.0004635842105263157,5.10000000000007e-06,0.0002529368421052631,1645.4915158362408
0.0004635842105263157,5.10000000000007e-06,0.00027811052631578943,1708.2934147221135
0.0004635842105263157,5.10000000000007e-06,0.0003032842105263157,1840.0939904206314
0.0004635842105263157,5.10000000000007e-06,0.000328457894736842,2060.3205221250405
0.0004635842105263157,5.10000000000007e-06,0.0003536315789473683,2376.9135313608954
0.0004635842105263157,5.10000000000007e-06,0.00037880526315789463,2779.3044587796917
0.0004635842105263157,3.0700000000000055e-05,1.2000000000000292e-06,1266.9296189890906
0.0004635842105263157,3.0700000000000055e-05,2.6373684210526337e-05,1305.9105966493312
0.0004635842105263157,3.0700000000000055e-05,5.1547368421052644e-05,1363.6272178032189
0.0004635842105263157,3.0700000000000055e-05,7.672105263157894e-05,1430.2756572256253
0.0004635842105263157,3.0700000000000055e-05,0.00010189473684210526,1491.8001243154813
0.0004635842105263157,3.0700000000000055e-05,0.00012706842105263157,1533.7570556476435
0.0004635842105263157,3.0700000000000055e-05,0.00015224210526315786,1545.9532718822684
0.0004635842105263157,3.0700000000000055e-05,0.00017741578947368417,1526.1175504902324
0.0004635842105263157,3.0700000000000055e-05,0.0002025894736842105,1481.537062580351
0.0004635842105263157,3.0700000000000055e-05,0.0002277631578947368,1428.9729101486105
0.0004635842105263157,3.0700000000000055e-05,0.0002529368421052631,1393.7868419275533
0.0004635842105263157,3.0700000000000055e-05,0.00027811052631578943,1408.2425257206487
0.0004635842105263157,3.0700000000000055e-05,0.0003032842105263157,1507.8529044061252
0.0004635842105263157,3.0700000000000055e-05,0.000328457894736842,1724.6213702258613
0.0004635842105263157,3.0700000000000055e-05,0.0003536315789473683,2077.458850991779
0.0004635842105263157,3.0700000000000055e-05,0.00037880526315789463,2561.8659924903313
0.0004635842105263157,3.0700000000000055e-05,0.00040397894736842095,3139.646328921714
0.0004635842105263157,5.6300000000000034e-05,1.2000000000000292e-06,1224.5034986024193
0.0004635842105263157,5.6300000000000034e-05,2.6373684210526337e-05,1274.1000001903537
0.0004635842105263157,5.6300000000000034e-05,5.1547368421052644e-05,1342.302580535445
0.0004635842105263157,5.6300000000000034e-05,7.672105263157894e-05,1417.3599531403531
0.0004635842105263157,5.6300000000000034e-05,0.00010189473684210526,1482.1710940595492
0.0004635842105263157,5.6300000000000034e-05,0.00012706842105263157,1517.954120924794
0.0004635842105263157,5.6300000000000034e-05,0.00015224210526315786,1510.119403379837
0.0004635842105263157,5.6300000000000034e-05,0.00017741578947368417,1453.941569689958
0.0004635842105263157,5.6300000000000034e-05,0.0002025894736842105,1356.70491260274
0.0004635842105263157,5.6300000000000034e-05,0.0002277631578947368,1237.1260108404515
0.0004635842105263157,5.6300000000000034e-05,0.0002529368421052631,1125.1075969637118
0.0004635842105263157,5.6300000000000034e-05,0.00027811052631578943,1061.7642583844445
0.0004635842105263157,5.6300000000000034e-05,0.0003032842105263157,1096.9556926626922
0.0004635842105263157,5.6300000000000034e-05,0.000328457894736842,1280.820593449735
0.0004635842105263157,5.6300000000000034e-05,0.0003536315789473683,1648.485588290815
0.0004635842105263157,5.6300000000000034e-05,0.00037880526315789463,2204.225610942827
0.0004635842105263157,5.6300000000000034e-05,0.00040397894736842095,2911.2368111092164
0.0004635842105263157,8.190000000000001e-05,1.2000000000000292e-06,1204.3563009153038
0.0004635842105263157,8.190000000000001e-05,2.6373684210526337e-05,1269.1588230058628
0.0004635842105263157,8.190000000000001e-05,5.1547368421052644e-05,1353.3416061139478
0.0004635842105263157,8.190000000000001e-05,7.672105263157894e-05,1443.3912049058956
0.0004635842105263157,8.190000000000001e-05,0.00010189473684210526,1518.8271047309515
0.0004635842105263157,8.190000000000001e-05,0.00012706842105263157,1554.7413359881637
0.0004635842105263157,8.190000000000001e-05,0.00015224210526315786,1529.402945797685
0.0004635842105263157,8.190000000000001e-05,0.00017741578947368417,1434.3162159651522
0.0004635842105263157,8.190000000000001e-05,0.0002025894736842105,1276.283320847485
0.0004635842105263157,8.190000000000001e-05,0.0002277631578947368,1074.219935247975
0.0004635842105263157,8.190000000000001e-05,0.0002529368421052631,860.0136548583868
0.0004635842105263157,8.190000000000001e-05,0.00027811052631578943,682.3425676058916
0.0004635842105263157,8.190000000000001e-05,0.0003032842105263157,608.4091803209363
0.0004635842105263157,8.190000000000001e-05,0.000328457894736842,715.2806941683134
0.0004635842105263157,8.190000000000001e-05,0.0003536315789473683,1062.256973807998
0.0004635842105263157,8.190000000000001e-05,0.00037880526315789463,1658.1583271203883
0.0004635842105263157,8.190000000000001e-05,0.00040397894736842095,2454.6061037329423
0.0004635842105263157,0.0001075,1.2000000000000292e-06,1201.6195159566369
0.0004635842105263157,0.0001075,2.6373684210526337e-05,1286.2276234939084
0.0004635842105263157,0.0001075,5.1547368421052644e-05,1392.668027995344
0.0004635842105263157,0.0001075,7.672105263157894e-05,1506.0839719789358
0.0004635842105263157,0.0001075,0.00010189473684210526,1602.7982905909203
0.0004635842105263157,0.0001075,0.00012706842105263157,1650.2341601005708
0.0004635842105263157,0.0001075,0.00015224210526315786,1615.7242912622596
0.0004635842105263157,0.0001075,0.00017741578947368417,1485.7075070739047
0.0004635842105263157,0.0001075,0.0002025894736842105,1266.1748432814602
0.0004635842105263157,0.0001075,0.0002277631578947368,973.0440404370338
0.0004635842105263157,0.0001075,0.0002529368421052631,635.2967008676977
0.0004635842105263157,0.0001075,0.00027811052631578943,304.16271749936755
0.0004635842105263157,0.0001075,0.0003032842105263157,64.15110658793861
0.0004635842105263157,0.0001075,0.000328457894736842,34.44751671702012
0.0004635842105263157,0.0001075,0.0003536315789473683,320.5761997853453
0.0004635842105263157,0.0001075,0.00037880526315789463,925.0337507274465
0.0004635842105263157,0.0001075,0.00040397894736842095,1746.7878554059928
0.0004635842105263157,0.0001075,0.00042915263157894726,2637.9668258285487
0.0004635842105263157,0.00013309999999999998,1.2000000000000292e-06,1210.685602316668
0.0004635842105263157,0.00013309999999999998,2.6373684210526337e-05,1319.4352461099952
0.0004635842105263157,0.00013309999999999998,5.1547368421052644e-05,1454.3540150590482
0.0004635842105263157,0.00013309999999999998,7.672105263157894e-05,1599.3528423208736
0.0004635842105263157,0.00013309999999999998,0.00010189473684210526,1727.9069610878037
0.0004635842105263157,0.00013309999999999998,0.00012706842105263157,1800.4518188896886
0.0004635842105263157,0.00013309999999999998,0.00015224210526315786,1772.5739532216642
0.0004635842105263157,0.00013309999999999998,0.00017741578947368417,1623.6154293571776
0.0004635842105263157,0.00013309999999999998,0.0002025894736842105,1355.3096335288237
0.0004635842105263157,0.00013309999999999998,0.0002277631578947368,976.4192941737781
0.0004635842105263157,0.00013309999999999998,0.0002529368421052631,508.23834081506527
0.0004635842105263157,0.00013309999999999998,0.00027811052631578943,-4.203121602190616
0.0004635842105263157,0.00013309999999999998,0.0003032842105263157,-470.84760821639765
0.0004635842105263157,0.00013309999999999998,0.000328457894736842,-715.2226731156784
0.0004635842105263157,0.00013309999999999998,0.0003536315789473683,-518.7001854791393
0.0004635842105263157,0.00013309999999999998,0.00037880526315789463,101.20181424039394
0.0004635842105263157,0.00013309999999999998,0.00040397894736842095,920.7966850713856
0.0004635842105263157,0.00013309999999999998,0.00042915263157894726,1750.5065351991668
0.0004635842105263157,0.00013309999999999998,0.0004543263157894736,2434.4529268795773
0.0004635842105263157,0.00013309999999999998,0.0004794999999999999,2858.9398616184653
0.0004635842105263157,0.00015869999999999995,1.2000000000000292e-06,1225.8479472802994
0.0004635842105263157,0.00015869999999999995,2.6373684210526337e-05,1362.842897616828
0.0004635842105263157,0.00015869999999999995,5.1547368421052644e-05,1532.4142623965595
0.0004635842105263157,0.00015869999999999995,7.672105263157894e-05,1716.8740293468204
0.0004635842105263157,0.00015869999999999995,0.00010189473684210526,1886.52360126244
0.0004635842105263157,0.00015869999999999995,0.00012706842105263157,1997.5092521009253
0.0004635842105263157,0.00015869999999999995,0.00015224210526315786,2000.0200852924706
0.0004635842105263157,0.00015869999999999995,0.00017741578947368417,1862.2834195966489
0.0004635842105263157,0.00015869999999999995,0.0002025894736842105,1572.6767216122591
0.0004635842105263157,0.00015869999999999995,0.0002277631578947368,1130.5828490243427
0.0004635842105263157,0.00015869999999999995,0.0002529368421052631,550.8997534558799
0.0004635842105263157,0.00015869999999999995,0.00027811052631578943,-130.0842219131578
0.0004635842105263157,0.00015869999999999995,0.0003032842105263157,-838.1030570321286
0.0004635842105263157,0.00015869999999999995,0.00037880526315789463,-601.5610795810833
0.0004635842105263157,0.00015869999999999995,0.00040397894736842095,200.1424405066617
0.0004635842105263157,0.00015869999999999995,0.00042915263157894726,952.3390282475134
0.0004635842105263157,0.00015869999999999995,0.0004543263157894736,1578.8455406796138
0.0004635842105263157,0.00015869999999999995,0.0004794999999999999,2052.3214354942065
0.0004635842105263157,0.00018429999999999995,1.2000000000000292e-06,1241.0529161833022
0.0004635842105263157,0.00018429999999999995,2.6373684210526337e-05,1410.248960157256
0.0004635842105263157,0.00018429999999999995,5.1547368421052644e-05,1621.3741432850325
0.0004635842105263157,0.00018429999999999995,7.672105263157894e-05,1855.3637268726848
0.0004635842105263157,0.00018429999999999995,0.00010189473684210526,2079.9153112378535
0.0004635842105263157,0.00018429999999999995,0.00012706842105263157,2249.103756207329
0.0004635842105263157,0.00018429999999999995,0.00015224210526315786,2310.133507520013
0.0004635842105263157,0.00018429999999999995,0.00017741578947368417,2217.2364133954793
0.0004635842105263157,0.00018429999999999995,0.0002025894736842105,1939.7605807166726
0.0004635842105263157,0.00018429999999999995,0.0002277631578947368,1467.652791082119
0.0004635842105263157,0.00018429999999999995,0.0002529368421052631,818.8721160430646
0.0004635842105263157,0.00018429999999999995,0.00027811052631578943,39.99961884099469
0.0004635842105263157,0.00018429999999999995,0.0003032842105263157,-786.102918272953
0.0004635842105263157,0.00018429999999999995,0.00037880526315789463,-907.2266237600519
0.0004635842105263157,0.00018429999999999995,0.00040397894736842095,-225.97037034621383
0.0004635842105263157,0.00018429999999999995,0.00042915263157894726,408.9440429592143
0.0004635842105263157,0.00018429999999999995,0.0004543263157894736,955.9391104223479
0.0004635842105263157,0.00018429999999999995,0.0004794999999999999,1435.6789089726085
0.0004635842105263157,0.00020989999999999992,1.2000000000000292e-06,1249.2404809228833
0.0004635842105263157,0.00020989999999999992,2.6373684210526337e-05,1453.9261361657414
0.0004635842105263157,0.00020989999999999992,5.1547368421052644e-05,1713.9321801271112
0.0004635842105263157,0.00020989999999999992,7.672105263157894e-05,2009.7359889623826
0.0004635842105263157,0.00020989999999999992,0.00010189473684210526,2307.5149701690834
0.0004635842105263157,0.00020989999999999992,0.00012706842105263157,2559.453092382148
0.0004635842105263157,0.00020989999999999992,0.00015224210526315786,2707.393655748909
0.0004635842105263157,0.00020989999999999992,0.00017741578947368417,2689.9638127267012
0.0004635842105263157,0.00020989999999999992,0.0002025894736842105,2454.94138535849
0.0004635842105263157,0.00020989999999999992,0.0002277631578947368,1982.1024406299969
0.0004635842105263157,0.00020989999999999992,0.0002529368421052631,1303.7444897963298
0.0004635842105263157,0.00020989999999999992,0.00027811052631578943,501.1660246443135
0.0004635842105263157,0.00020989999999999992,0.0003032842105263157,-300.7782360684947
0.0004635842105263157,0.00020989999999999992,0.000328457894736842,-899.3802666979512
0.0004635842105263157,0.00020989999999999992,0.0003536315789473683,-1048.8109259326209
0.0004635842105263157,0.00020989999999999992,0.00037880526315789463,-774.5414849328548
0.0004635842105263157,0.00020989999999999992,0.00040397894736842095,-318.6734668186203
0.0004635842105263157,0.00020989999999999992,0.00042915263157894726,165.20419434758145
0.0004635842105263157,0.00020989999999999992,0.0004543263157894736,625.511438019309
0.0004635842105263157,0.00020989999999999992,0.0004794999999999999,1055.6330861093109
0.0004635842105263157,0.0002354999999999999,1.2000000000000292e-06,1242.1839135091052
0.0004635842105263157,0.0002354999999999999,2.6373684210526337e-05,1483.6964599801856
0.0004635842105263157,0.0002354999999999999,5.1547368421052644e-05,1798.4482705644784
0.0004635842105263157,0.0002354999999999999,7.672105263157894e-05,2166.9866866154834
0.0004635842105263157,0.0002354999999999999,0.00010189473684210526,2553.8038405744664
0.0004635842105263157,0.0002354999999999999,0.00012706842105263157,2908.15182885206
0.0004635842105263157,0.0002354999999999999,0.00015224210526315786,3165.229512621974
0.0004635842105263157,0.0002354999999999999,0.0002025894736842105,3076.247861569271
0.0004635842105263157,0.0002354999999999999,0.0002277631578947368,2615.9698525319745
0.0004635842105263157,0.0002354999999999999,0.0002529368421052631,1919.9254748731798
0.0004635842105263157,0.0002354999999999999,0.00027811052631578943,1112.6186304798905
0.0004635842105263157,0.0002354999999999999,0.0003032842105263157,344.51417528185266
0.0004635842105263157,0.0002354999999999999,0.000328457894736842,-226.76845913265942
0.0004635842105263157,0.0002354999999999999,0.0003536315789473683,-482.7684842032546
0.0004635842105263157,0.0002354999999999999,0.00037880526315789463,-432.9541229523919
0.0004635842105263157,0.0002354999999999999,0.00040397894736842095,-190.6123350345677
0.0004635842105263157,0.0002354999999999999,0.00042915263157894726,138.68881968563576
0.0004635842105263157,0.0002354999999999999,0.0004543263157894736,499.09149729550336
0.0004635842105263157,0.0002354999999999999,0.0004794999999999999,861.2194446656277
0.0004635842105263157,0.0002610999999999999,1.2000000000000292e-06,1211.8761755201563
0.0004635842105263157,0.0002610999999999999,2.6373684210526337e-05,1488.2024312790431
0.0004635842105263157,0.0002610999999999999,5.1547368421052644e-05,1860.188504217716
0.0004635842105263157,0.0002610999999999999,7.672105263157894e-05,2307.899939224861
0.0004635842105263157,0.0002610999999999999,0.00010189473684210526,2791.8351499573837
0.0004635842105263157,0.0002610999999999999,0.0002529368421052631,2536.731006815767
0.0004635842105263157,0.0002610999999999999,0.00027811052631578943,1711.512313886199
0.0004635842105263157,0.0002610999999999999,0.0003032842105263157,943.6342453746632
0.0004635842105263157,0.0002610999999999999,0.000328457894736842,357.51711941159897
0.0004635842105263157,0.0002610999999999999,0.0003536315789473683,22.147987606434867
0.0004635842105263157,0.0002610999999999999,0.00037880526315789463,-68.45043258367626
0.0004635842105263157,0.0002610999999999999,0.00040397894736842095,22.780592853062018
0.0004635842105263157,0.0002610999999999999,0.00042915263157894726,224.97048760946444
0.0004635842105263157,0.0002610999999999999,0.0004543263157894736,492.58774304448957
0.0004635842105263157,0.0002610999999999999,0.0004794999999999999,790.2136617132486
0.0004635842105263157,0.00028669999999999987,1.2000000000000292e-06,1154.1793445430505
0.0004635842105263157,0.00028669999999999987,2.6373684210526337e-05,1459.2353155187805
0.0004635842105263157,0.00028669999999999987,5.1547368421052644e-05,1886.8966210125802
0.0004635842105263157,0.00028669999999999987,7.672105263157894e-05,2415.272101736427
0.0004635842105263157,0.00028669999999999987,0.00010189473684210526,2996.297190510174
0.0004635842105263157,0.00028669999999999987,0.0002529368421052631,3026.303554171758
0.0004635842105263157,0.00028669999999999987,0.00027811052631578943,2180.4639940494735
0.0004635842105263157,0.00028669999999999987,0.0003032842105263157,1396.843960101043
0.0004635842105263157,0.00028669999999999987,0.000328457894736842,785.2522379204904
0.0004635842105263157,0.00028669999999999987,0.0003536315789473683,398.4446099607711
0.0004635842105263157,0.00028669999999999987,0.00037880526315789463,231.15559046792592
0.0004635842105263157,0.00028669999999999987,0.00040397894736842095,236.49612084075667
0.0004635842105263157,0.00028669999999999987,0.00042915263157894726,358.5416151354588
0.0004635842105263157,0.00028669999999999987,0.0004543263157894736,557.9303014801113
0.0004635842105263157,0.00028669999999999987,0.0004794999999999999,800.1618791806555
0.0004635842105263157,0.00031229999999999984,1.2000000000000292e-06,1074.8720898017432
0.0004635842105263157,0.00031229999999999984,2.6373684210526337e-05,1399.0181158609892
0.0004635842105263157,0.00031229999999999984,5.1547368421052644e-05,1877.012756075461
0.0004635842105263157,0.00031229999999999984,7.672105263157894e-05,2483.679987794404
0.0004635842105263157,0.00031229999999999984,0.00010189473684210526,3157.672346681991
0.0004635842105263157,0.00031229999999999984,0.00027811052631578943,2470.273433645184
0.0004635842105263157,0.00031229999999999984,0.0003032842105263157,1671.748299603517
0.0004635842105263157,0.00031229999999999984,0.000328457894736842,1039.9866184630398
0.0004635842105263157,0.00031229999999999984,0.0003536315789473683,629.9411122751187
0.0004635842105263157,0.00031229999999999984,0.00037880526315789463,437.2423287715205
0.0004635842105263157,0.00031229999999999984,0.00040397894736842095,412.7017584560523
0.0004635842105263157,0.00031229999999999984,0.00042915263157894726,500.4382586560283
0.0004635842105263157,0.00031229999999999984,0.0004543263157894736,659.4525435255953
0.0004635842105263157,0.00031229999999999984,0.0004794999999999999,858.8671680920788
0.0004635842105263157,0.0003378999999999998,1.2000000000000292e-06,996.3881097696989
0.0004635842105263157,0.0003378999999999998,2.6373684210526337e-05,1328.8609453877516
0.0004635842105263157,0.0003378999999999998,5.1547368421052644e-05,1847.4269080269637
0.0004635842105263157,0.0003378999999999998,7.672105263157894e-05,2524.189391164488
0.0004635842105263157,0.0003378999999999998,0.00027811052631578943,2599.143528907926
0.0004635842105263157,0.0003378999999999998,0.0003032842105263157,1788.832491358835
0.0004635842105263157,0.0003378999999999998,0.000328457894736842,1145.5566682740707
0.0004635842105263157,0.0003378999999999998,0.0003536315789473683,738.2084379659467
0.0004635842105263157,0.0003378999999999998,0.00037880526315789463,562.6599969338927
0.0004635842105263157,0.0003378999999999998,0.00040397894736842095,549.143474756178
0.0004635842105263157,0.0003378999999999998,0.00042915263157894726,632.0967578574493
0.0004635842105263157,0.0003378999999999998,0.0004543263157894736,771.5465239181907
0.0004635842105263157,0.0003378999999999998,0.0004794999999999999,942.6427293061861
0.0004635842105263157,0.00036349999999999984,1.2000000000000292e-06,956.795488513054
0.0004635842105263157,0.00036349999999999984,2.6373684210526337e-05,1290.124020815228
0.0004635842105263157,0.00036349999999999984,5.1547368421052644e-05,1832.0598543746567
0.0004635842105263157,0.00036349999999999984,7.672105263157894e-05,2556.120542294823
0.0004635842105263157,0.00036349999999999984,0.00027811052631578943,2616.8629342120903
0.0004635842105263157,0.00036349999999999984,0.0003032842105263157,1808.297197307282
0.0004635842105263157,0.00036349999999999984,0.000328457894736842,1172.955659671106
0.0004635842105263157,0.00036349999999999984,0.0003536315789473683,791.9182104448764
0.0004635842105263157,0.00036349999999999984,0.00037880526315789463,658.6803705998678
0.0004635842105263157,0.00036349999999999984,0.00040397894736842095,672.4129741353571
0.0004635842105263157,0.00036349999999999984,0.00042915263157894726,760.436355297494
0.0004635842105263157,0.00036349999999999984,0.0004543263157894736,888.5590087700772
0.0004635842105263157,0.00036349999999999984,0.0004794999999999999,1038.9419699104617
0.0004635842105263157,0.0003890999999999998,1.2000000000000292e-06,986.0615597753279
0.0004635842105263157,0.0003890999999999998,2.6373684210526337e-05,1317.0378693571533
0.0004635842105263157,0.0003890999999999998,5.1547368421052644e-05,1855.8256297922737
0.0004635842105263157,0.0003890999999999998,7.672105263157894e-05,2583.206372401056
0.0004635842105263157,0.0003890999999999998,0.00027811052631578943,2561.046737823721
0.0004635842105263157,0.0003890999999999998,0.0003032842105263157,1798.2095571070324
0.0004635842105263157,0.0003890999999999998,0.000328457894736842,1223.516350601952
0.0004635842105263157,0.0003890999999999998,0.0003536315789473683,893.0192467214126
0.0004635842105263157,0.0003890999999999998,0.00037880526315789463,789.3151719373769
0.0004635842105263157,0.0003890999999999998,0.00040397894736842095,813.1715922441809
0.0004635842105263157,0.0003890999999999998,0.00042915263157894726,896.4656541309905
0.0004635842105263157,0.0003890999999999998,0.0004543263157894736,1010.0963573047469
0.0004635842105263157,0.0003890999999999998,0.0004794999999999999,1140.6372763750646
0.0004635842105263157,0.0004146999999999998,1.2000000000000292e-06,1073.9637283742925
0.0004635842105263157,0.0004146999999999998,2.6373684210526337e-05,1396.0157101800355
0.0004635842105263157,0.0004146999999999998,5.1547368421052644e-05,1901.2875145723071
0.0004635842105263157,0.0004146999999999998,7.672105263157894e-05,2578.0321979556597
0.0004635842105263157,0.0004146999999999998,0.00027811052631578943,2443.028930292213
0.0004635842105263157,0.0004146999999999998,0.0003032842105263157,1780.5620625912736
0.0004635842105263157,0.0004146999999999998,0.000328457894736842,1313.5898017941736
0.0004635842105263157,0.0004146999999999998,0.0003536315789473683,1050.1698427517751
0.0004635842105263157,0.0004146999999999998,0.00037880526315789463,959.2396625051213
0.0004635842105263157,0.0004146999999999998,0.00040397894736842095,972.2385649981873
0.0004635842105263157,0.0004146999999999998,0.00042915263157894726,1037.5443915690034
0.0004635842105263157,0.0004146999999999998,0.0004543263157894736,1130.790150209601
0.0004635842105263157,0.0004146999999999998,0.0004794999999999999,1240.316827768986
0.0004635842105263157,0.00044029999999999975,1.2000000000000292e-06,1178.8830537363674
0.0004635842105263157,0.00044029999999999975,2.6373684210526337e-05,1478.62123613066
0.0004635842105263157,0.00044029999999999975,5.1547368421052644e-05,1924.9439044378523
0.0004635842105263157,0.00044029999999999975,7.672105263157894e-05,2507.624389839267
0.0004635842105263157,0.00044029999999999975,0.00010189473684210526,3194.094558978027
0.0004635842105263157,0.00044029999999999975,0.0002529368421052631,2986.2711143574243
0.0004635842105263157,0.00044029999999999975,0.00027811052631578943,2276.9421005106487
0.0004635842105263157,0.00044029999999999975,0.0003032842105263157,1744.2667015008822
0.0004635842105263157,0.00044029999999999975,0.000328457894736842,1389.2634628778078
0.0004635842105263157,0.00044029999999999975,0.0003536315789473683,1192.8621418723733
0.0004635842105263157,0.00044029999999999975,0.00037880526315789463,1118.5108968052998
0.0004635842105263157,0.00044029999999999975,0.00040397894736842095,1120.551801910802
0.0004635842105263157,0.00044029999999999975,0.00042915263157894726,1166.3822643841997
0.0004635842105263157,0.00044029999999999975,0.0004543263157894736,1239.1071330345678
0.0004635842105263157,0.00044029999999999975,0.0004794999999999999,1328.9926680032504
0.0004635842105263157,0.0004658999999999997,1.2000000000000292e-06,1263.7054422441317
0.0004635842105263157,0.0004658999999999997,2.6373684210526337e-05,1527.305572181922
0.0004635842105263157,0.0004658999999999997,5.1547368421052644e-05,1899.739934989937
0.0004635842105263157,0.0004658999999999997,7.672105263157894e-05,2368.0488194843565
0.0004635842105263157,0.0004658999999999997,0.00010189473684210526,2898.604428649027
0.0004635842105263157,0.0004658999999999997,0.0002529368421052631,2636.37691027574
0.0004635842105263157,0.0004658999999999997,0.00027811052631578943,2093.5355639720833
0.0004635842105263157,0.0004658999999999997,0.0003032842105263157,1688.7037944024107
0.0004635842105263157,0.0004658999999999997,0.000328457894736842,1426.7882102642063
0.0004635842105263157,0.0004658999999999997,0.0003536315789473683,1285.087413993053
0.0004635842105263157,0.0004658999999999997,0.00037880526315789463,1230.245344093495
0.0004635842105263157,0.0004658999999999997,0.00040397894736842095,1230.2240292387824
0.0004635842105263157,0.0004658999999999997,0.00042915263157894726,1264.8097688443486
0.0004635842105263157,0.0004658999999999997,0.0004543263157894736,1323.336934448192
0.0004635842105263157,0.0004658999999999997,0.0004794999999999999,1398.470011049168
0.0004635842105263157,0.0004914999999999997,1.2000000000000292e-06,1311.3498507311995
0.0004635842105263157,0.0004914999999999997,2.6373684210526337e-05,1530.2997096086842
0.0004635842105263157,0.0004914999999999997,5.1547368421052644e-05,1825.4846998962141
0.0004635842105263157,0.0004914999999999997,7.672105263157894e-05,2181.585211774968
0.0004635842105263157,0.0004914999999999997,0.00010189473684210526,2566.0199108304982
0.0004635842105263157,0.0004914999999999997,0.00012706842105263157,2925.8935007002938
0.0004635842105263157,0.0004914999999999997,0.00015224210526315786,3183.954920978309
0.0004635842105263157,0.0004914999999999997,0.0002025894736842105,3082.571472461653
0.0004635842105263157,0.0004914999999999997,0.0002277631578947368,2728.483045004648
0.0004635842105263157,0.0004914999999999997,0.0002529368421052631,2303.2592485719906
0.0004635842105263157,0.0004914999999999997,0.00027811052631578943,1913.4044057512072
0.0004635842105263157,0.0004914999999999997,0.0003032842105263157,1617.517312376413
0.0004635842105263157,0.0004914999999999997,0.000328457894736842,1426.7746696220333
0.0004635842105263157,0.0004914999999999997,0.0003536315789473683,1325.512495151158
0.0004635842105263157,0.0004914999999999997,0.00037880526315789463,1288.6089439267398
0.0004635842105263157,0.0004914999999999997,0.00040397894736842095,1293.3398255785505
0.0004635842105263157,0.0004914999999999997,0.00042915263157894726,1325.6019699134079
0.0004635842105263157,0.0004914999999999997,0.0004543263157894736,1377.7352431054271
0.0004635842105263157,0.0004914999999999997,0.0004794999999999999,1444.2213726250843
0.0004890999999999999,5.10000000000007e-06,1.2000000000000292e-06,1429.6558636345665
0.0004890999999999999,5.10000000000007e-06,2.6373684210526337e-05,1454.878348163972
0.0004890999999999999,5.10000000000007e-06,5.1547368421052644e-05,1491.7445443046952
0.0004890999999999999,5.10000000000007e-06,7.672105263157894e-05,1533.670200108857
0.0004890999999999999,5.10000000000007e-06,0.00010189473684210526,1572.2556286177607
0.0004890999999999999,5.10000000000007e-06,0.00012706842105263157,1599.5349405705413
0.0004890999999999999,5.10000000000007e-06,0.00015224210526315786,1610.5872506285887
0.0004890999999999999,5.10000000000007e-06,0.00017741578947368417,1605.6719201471865
0.0004890999999999999,5.10000000000007e-06,0.0002025894736842105,1591.4017011918756
0.0004890999999999999,5.10000000000007e-06,0.0002277631578947368,1580.877617958852
0.0004890999999999999,5.10000000000007e-06,0.0002529368421052631,1592.8479703818482
0.0004890999999999999,5.10000000000007e-06,0.00027811052631578943,1649.7311322509015
0.0004890999999999999,5.10000000000007e-06,0.0003032842105263157,1774.084744625196
0.0004890999999999999,5.10000000000007e-06,0.000328457894736842,1983.275400927899
0.0004890999999999999,5.10000000000007e-06,0.0003536315789473683,2282.888560678859
0.0004890999999999999,5.10000000000007e-06,0.00037880526315789463,2660.36426022293
0.0004890999999999999,5.10000000000007e-06,0.00040397894736842095,3080.8179828615416
0.0004890999999999999,3.0700000000000055e-05,1.2000000000000292e-06,1371.718979193352
0.0004890999999999999,3.0700000000000055e-05,2.6373684210526337e-05,1402.631591879034
0.0004890999999999999,3.0700000000000055e-05,5.1547368421052644e-05,1444.4261686256782
0.0004890999999999999,3.0700000000000055e-05,7.672105263157894e-05,1488.6564270245667
0.0004890999999999999,3.0700000000000055e-05,0.00010189473684210526,1524.4502585929322
0.0004890999999999999,3.0700000000000055e-05,0.00012706842105263157,1541.0694458555574
0.0004890999999999999,3.0700000000000055e-05,0.00015224210526315786,1531.188350539493
0.0004890999999999999,3.0700000000000055e-05,0.00017741578947368417,1493.8027406012113
0.0004890999999999999,3.0700000000000055e-05,0.0002025894736842105,1435.9370792928135
0.0004890999999999999,3.0700000000000055e-05,0.0002277631578947368,1373.139709090041
0.0004890999999999999,3.0700000000000055e-05,0.0002529368421052631,1329.1368832560383
0.0004890999999999999,3.0700000000000055e-05,0.00027811052631578943,1334.3855909437955
0.0004890999999999999,3.0700000000000055e-05,0.0003032842105263157,1422.3650964851693
0.0004890999999999999,3.0700000000000055e-05,0.000328457894736842,1622.3729005156404
0.0004890999999999999,3.0700000000000055e-05,0.0003536315789473683,1949.2327839504112
0.0004890999999999999,3.0700000000000055e-05,0.00037880526315789463,2392.914298073196
0.0004890999999999999,3.0700000000000055e-05,0.00040397894736842095,2911.263495430463
0.0004890999999999999,5.6300000000000034e-05,1.2000000000000292e-06,1336.2604942966018
0.0004890999999999999,5.6300000000000034e-05,2.6373684210526337e-05,1376.6296148976244
0.0004890999999999999,5.6300000000000034e-05,5.1547368421052644e-05,1427.225715855947
0.0004890999999999999,5.6300000000000034e-05,7.672105263157894e-05,1477.4945766422554
0.0004890999999999999,5.6300000000000034e-05,0.00010189473684210526,1513.5548655253372
0.0004890999999999999,5.6300000000000034e-05,0.00012706842105263157,1520.9043379157947
0.0004890999999999999,5.6300000000000034e-05,0.00015224210526315786,1488.549243470071
0.0004890999999999999,5.6300000000000034e-05,0.00017741578947368417,1413.0568576155651
0.0004890999999999999,5.6300000000000034e-05,0.0002025894736842105,1300.8175928134879
0.0004890999999999999,5.6300000000000034e-05,0.0002277631578947368,1168.7575577598611
0.0004890999999999999,5.6300000000000034e-05,0.0002529368421052631,1044.87889120588
0.0004890999999999999,5.6300000000000034e-05,0.00027811052631578943,968.4779005195504
0.0004890999999999999,5.6300000000000034e-05,0.0003032842105263157,987.5861737406751
0.0004890999999999999,5.6300000000000034e-05,0.000328457894736842,1149.7221808783065
0.0004890999999999999,5.6300000000000034e-05,0.0003536315789473683,1484.6191311035077
0.0004890999999999999,5.6300000000000034e-05,0.00037880526315789463,1986.1756077251214
0.0004890999999999999,5.6300000000000034e-05,0.00040397894736842095,2603.468074131565
0.0004890999999999999,8.190000000000001e-05,1.2000000000000292e-06,1322.1343543092362
0.0004890999999999999,8.190000000000001e-05,2.6373684210526337e-05,1376.3467115806304
0.0004890999999999999,8.190000000000001e-05,5.1547368421052644e-05,1440.8692830140587
0.0004890999999999999,8.190000000000001e-05,7.672105263157894e-05,1502.9446254496738
0.0004890999999999999,8.190000000000001e-05,0.00010189473684210526,1545.1906986510419
0.0004890999999999999,8.190000000000001e-05,0.00012706842105263157,1548.151906798967
0.0004890999999999999,8.190000000000001e-05,0.00015224210526315786,1495.5082497751314
0.0004890999999999999,8.190000000000001e-05,0.00017741578947368417,1379.9034171046126
0.0004890999999999999,8.190000000000001e-05,0.0002025894736842105,1205.5762825332647
0.0004890999999999999,8.190000000000001e-05,0.0002277631578947368,988.647977350909
0.0004890999999999999,8.190000000000001e-05,0.0002529368421052631,758.8101438361855
0.0004890999999999999,8.190000000000001e-05,0.00027811052631578943,562.9419355632676
0.0004890999999999999,8.190000000000001e-05,0.0003032842105263157,467.2346082284264
0.0004890999999999999,8.190000000000001e-05,0.000328457894736842,548.3488147421733
0.0004890999999999999,8.190000000000001e-05,0.0003536315789473683,861.9985188905428
0.0004890999999999999,8.190000000000001e-05,0.00037880526315789463,1403.7347150475603
0.0004890999999999999,8.190000000000001e-05,0.00040397894736842095,2101.7165191070103
0.0004890999999999999,8.190000000000001e-05,0.00042915263157894726,2832.8805547711254
0.0004890999999999999,0.0001075,1.2000000000000292e-06,1326.2586239736709
0.0004890999999999999,0.0001075,2.6373684210526337e-05,1398.994382601213
0.0004890999999999999,0.0001075,5.1547368421052644e-05,1483.4361175484696
0.0004890999999999999,0.0001075,7.672105263157894e-05,1564.7011828930072
0.0004890999999999999,0.0001075,0.00010189473684210526,1621.6884115358257
0.0004890999999999999,0.0001075,0.00012706842105263157,1629.0751726691678
0.0004890999999999999,0.0001075,0.00015224210526315786,1563.597227785287
0.0004890999999999999,0.0001075,0.00017741578947368417,1412.3099314318815
0.0004890999999999999,0.0001075,0.0002025894736842105,1175.2737965438532
0.0004890999999999999,0.0001075,0.0002277631578947368,864.4545391027688
0.0004890999999999999,0.0001075,0.0002529368421052631,506.1629957794946
0.0004890999999999999,0.0001075,0.00027811052631578943,148.82822235228875
0.0004890999999999999,0.0001075,0.0003032842105263157,-123.93458344119948
0.0004890999999999999,0.0001075,0.000328457894736842,-186.9341923017178
0.0004890999999999999,0.0001075,0.0003536315789473683,73.81039557614764
0.0004890999999999999,0.0001075,0.00037880526315789463,648.3626046407333
0.0004890999999999999,0.0001075,0.00040397894736842095,1406.187997590565
0.0004890999999999999,0.0001075,0.00042915263157894726,2188.4742667465925
0.0004890999999999999,0.0001075,0.0004543263157894736,2837.853706451386
0.0004890999999999999,0.00013309999999999998,1.2000000000000292e-06,1344.3784601673703
0.0004890999999999999,0.00013309999999999998,2.6373684210526337e-05,1440.3360620694148
0.0004890999999999999,0.00013309999999999998,5.1547368421052644e-05,1551.0911273911902
0.0004890999999999999,0.00013309999999999998,7.672105263157894e-05,1659.7690781952383
0.0004890999999999999,0.00013309999999999998,0.00010189473684210526,1741.6848659338932
0.0004890999999999999,0.00013309999999999998,0.00012706842105263157,1765.7311381445693
0.0004890999999999999,0.00013309999999999998,0.00015224210526315786,1701.176934156022
0.0004890999999999999,0.00013309999999999998,0.00017741578947368417,1527.7986362864456
0.0004890999999999999,0.00013309999999999998,0.0002025894736842105,1238.7790988735267
0.0004890999999999999,0.00013309999999999998,0.0002277631578947368,838.4943778014801
0.0004890999999999999,0.00013309999999999998,0.0002529368421052631,344.20247642250445
0.0004890999999999999,0.00013309999999999998,0.00027811052631578943,-206.3987028147326
0.0004890999999999999,0.00013309999999999998,0.0003032842105263157,-732.0889849561022
0.0004890999999999999,0.00013309999999999998,0.000328457894736842,-1043.7395037462427
0.0004890999999999999,0.00013309999999999998,0.0003536315789473683,-855.5867732701349
0.0004890999999999999,0.00013309999999999998,0.00037880526315789463,-201.82355857280098
0.0004890999999999999,0.00013309999999999998,0.00040397894736842095,621.2041712012785
0.0004890999999999999,0.00013309999999999998,0.00042915263157894726,1420.7823928981356
0.0004890999999999999,0.00013309999999999998,0.0004543263157894736,2085.289714894416
0.0004890999999999999,0.00013309999999999998,0.0004794999999999999,2553.704955274937
0.0004890999999999999,0.00015869999999999995,1.2000000000000292e-06,1371.5840384277524
0.0004890999999999999,0.00015869999999999995,2.6373684210526337e-05,1495.3538693188764
0.0004890999999999999,0.00015869999999999995,5.1547368421052644e-05,1639.1024261392536
0.0004890999999999999,0.00015869999999999995,7.672105263157894e-05,1784.1265991349514
0.0004890999999999999,0.00015869999999999995,0.00010189473684210526,1902.5300394419767
0.0004890999999999999,0.00015869999999999995,0.00012706842105263157,1958.4655069101082
0.0004890999999999999,0.00015869999999999995,0.00015224210526315786,1914.585002134872
0.0004890999999999999,0.00015869999999999995,0.00017741578947368417,1741.8636646744415
0.0004890999999999999,0.00015869999999999995,0.0002025894736842105,1423.8931213695353
0.0004890999999999999,0.00015869999999999995,0.0002277631578947368,956.458246933374
0.0004890999999999999,0.00015869999999999995,0.0002529368421052631,347.84148891395864
0.0004890999999999999,0.00015869999999999995,0.00027811052631578943,-381.3531306459878
0.0004890999999999999,0.00015869999999999995,0.00037880526315789463,-943.1295359997947
0.0004890999999999999,0.00015869999999999995,0.00040397894736842095,-61.834533170846626
0.0004890999999999999,0.00015869999999999995,0.00042915263157894726,714.3530872538338
0.0004890999999999999,0.00015869999999999995,0.0004543263157894736,1354.537395393978
0.0004890999999999999,0.00015869999999999995,0.0004794999999999999,1871.124008642214
0.0004890999999999999,0.00018429999999999995,1.2000000000000292e-06,1402.4228956078343
0.0004890999999999999,0.00018429999999999995,2.6373684210526337e-05,1558.352283871034
0.0004890999999999999,0.00018429999999999995,5.1547368421052644e-05,1742.1534950943358
0.0004890999999999999,0.00018429999999999995,7.672105263157894e-05,1933.686729931288
0.0004890999999999999,0.00018429999999999995,0.00010189473684210526,2102.386180784379
0.0004890999999999999,0.00018429999999999995,0.00012706842105263157,2208.5596094821403
0.0004890999999999999,0.00018429999999999995,0.00015224210526315786,2208.7454904149004
0.0004890999999999999,0.00018429999999999995,0.00017741578947368417,2064.0573919208964
0.0004890999999999999,0.00018429999999999995,0.0002025894736842105,1747.3265741515518
0.0004890999999999999,0.00018429999999999995,0.0002277631578947368,1248.3750252044347
0.0004890999999999999,0.00018429999999999995,0.0002529368421052631,576.7183453938486
0.0004890999999999999,0.00018429999999999995,0.00027811052631578943,-241.5819399229944
0.0004890999999999999,0.00018429999999999995,0.00040397894736842095,-450.11628774272805
0.0004890999999999999,0.00018429999999999995,0.00042915263157894726,229.2215901862571
0.0004890999999999999,0.00018429999999999995,0.0004543263157894736,775.9675592804916
0.0004890999999999999,0.00018429999999999995,0.0004794999999999999,1324.7328903784994
0.0004890999999999999,0.00020989999999999992,1.2000000000000292e-06,1430.8234006743269
0.0004890999999999999,0.00020989999999999992,2.6373684210526337e-05,1622.5287052263457
0.0004890999999999999,0.00020989999999999992,5.1547368421052644e-05,1853.3106581946536
0.0004890999999999999,0.00020989999999999992,7.672105263157894e-05,2102.1393791466153
0.0004890999999999999,0.00020989999999999992,0.00010189473684210526,2336.1514160251754
0.0004890999999999999,0.00020989999999999992,0.00012706842105263157,2511.830930450417
0.0004890999999999999,0.00020989999999999992,0.00015224210526315786,2579.05842545254
0.0004890999999999999,0.00020989999999999992,0.00017741578947368417,2488.284798550923
0.0004890999999999999,0.00020989999999999992,0.0002025894736842105,2201.319862546912
0.0004890999999999999,0.00020989999999999992,0.0002277631578947368,1705.342711088237
0.0004890999999999999,0.00020989999999999992,0.0002529368421052631,1023.0829725101732
0.0004890999999999999,0.00020989999999999992,0.00027811052631578943,213.1804290954064
0.0004890999999999999,0.00020989999999999992,0.0003032842105263157,-621.4463934657094
0.0004890999999999999,0.00020989999999999992,0.00037880526315789463,-1026.5721932921044
0.0004890999999999999,0.00020989999999999992,0.00040397894736842095,-497.1539616968036
0.0004890999999999999,0.00020989999999999992,0.00042915263157894726,34.80476814949032
0.0004890999999999999,0.00020989999999999992,0.0004543263157894736,528.3132796176667
0.0004890999999999999,0.00020989999999999992,0.0004794999999999999,995.9436512352008
0.0004890999999999999,0.0002354999999999999,1.2000000000000292e-06,1450.4026134597584
0.0004890999999999999,0.0002354999999999999,2.6373684210526337e-05,1679.879840152979
0.0004890999999999999,0.0002354999999999999,5.1547368421052644e-05,1963.1331107115745
0.0004890999999999999,0.0002354999999999999,7.672105263157894e-05,2278.5378484059797
0.0004890999999999999,0.0002354999999999999,0.00010189473684210526,2590.615388051347
0.0004890999999999999,0.0002354999999999999,0.00012706842105263157,2851.1914659247077
0.0004890999999999999,0.0002354999999999999,0.00015224210526315786,3002.5570176252277
0.0004890999999999999,0.0002354999999999999,0.00017741578947368417,2983.8260544411205
0.0004890999999999999,0.0002354999999999999,0.0002025894736842105,2745.0735584687577
0.0004890999999999999,0.0002354999999999999,0.0002277631578947368,2271.538229400673
0.0004890999999999999,0.0002354999999999999,0.0002529368421052631,1602.9903803649831
0.0004890999999999999,0.0002354999999999999,0.00027811052631578943,830.154888017256
0.0004890999999999999,0.0002354999999999999,0.0003032842105263157,82.74620557694838
0.0004890999999999999,0.0002354999999999999,0.000328457894736842,-476.18878930366697
0.0004890999999999999,0.0002354999999999999,0.0003536315789473683,-706.1551702006622
0.0004890999999999999,0.0002354999999999999,0.00037880526315789463,-612.4111057876072
0.0004890999999999999,0.0002354999999999999,0.00040397894736842095,-322.65964960911003
0.0004890999999999999,0.0002354999999999999,0.00042915263157894726,48.483330533791296
0.0004890999999999999,0.0002354999999999999,0.0004543263157894736,442.57533321335114
0.0004890999999999999,0.0002354999999999999,0.0004794999999999999,832.1944349897136
0.0004890999999999999,0.0002610999999999999,1.2000000000000292e-06,1455.7834144512271
0.0004890999999999999,0.0002610999999999999,2.6373684210526337e-05,1722.5300458060033
0.0004890999999999999,0.0002610999999999999,5.1547368421052644e-05,2060.9985111471838
0.0004890999999999999,0.0002610999999999999,7.672105263157894e-05,2448.774398914433
0.0004890999999999999,0.0002610999999999999,0.00010189473684210526,2846.439094275814
0.0004890999999999999,0.0002610999999999999,0.00012706842105263157,3199.234166150009
0.0004890999999999999,0.0002610999999999999,0.0002277631578947368,2859.48283326345
0.0004890999999999999,0.0002610999999999999,0.0002529368421052631,2202.756679012019
0.0004890999999999999,0.0002610999999999999,0.00027811052631578943,1451.299110964342
0.0004890999999999999,0.0002610999999999999,0.0003032842105263157,738.0868374880025
0.0004890999999999999,0.0002610999999999999,0.000328457894736842,186.98942246112742
0.0004890999999999999,0.0002610999999999999,0.0003536315789473683,-121.8106332941358
0.0004890999999999999,0.0002610999999999999,0.00037880526315789463,-185.1770781088028
0.0004890999999999999,0.0002610999999999999,0.00040397894736842095,-63.4298247917127
0.0004890999999999999,0.0002610999999999999,0.00042915263157894726,170.73713324341992
0.0004890999999999999,0.0002610999999999999,0.0004543263157894736,463.8674050495257
0.0004890999999999999,0.0002610999999999999,0.0004794999999999999,779.0035026271387
0.0004890999999999999,0.00028669999999999987,1.2000000000000292e-06,1445.1342636726652
0.0004890999999999999,0.00028669999999999987,2.6373684210526337e-05,1745.7725742300338
0.0004890999999999999,0.00028669999999999987,5.1547368421052644e-05,2138.836648410761
0.0004890999999999999,0.00028669999999999987,7.672105263157894e-05,2600.7112142768437
0.0004890999999999999,0.00028669999999999987,0.00010189473684210526,3086.0162852414796
0.0004890999999999999,0.00028669999999999987,0.0002529368421052631,2727.167212377688
0.0004890999999999999,0.00028669999999999987,0.00027811052631578943,1977.5337612899284
0.0004890999999999999,0.00028669999999999987,0.0003032842105263157,1266.2171422387914
0.0004890999999999999,0.00028669999999999987,0.000328457894736842,698.6831904762143
0.0004890999999999999,0.00028669999999999987,0.0003536315789473683,335.0388094542272
0.0004890999999999999,0.00028669999999999987,0.00037880526315789463,180.86044701060968
0.0004890999999999999,0.00028669999999999987,0.00040397894736842095,198.8707006168171
0.0004890999999999999,0.00028669999999999987,0.00042915263157894726,336.9683039798621
0.0004890999999999999,0.00028669999999999987,0.0004543263157894736,549.5997045545598
0.0004890999999999999,0.00028669999999999987,0.0004794999999999999,800.2694810617281
0.0004890999999999999,0.00031229999999999984,1.2000000000000292e-06,1423.3157031199412
0.0004890999999999999,0.00031229999999999984,2.6373684210526337e-05,1751.9252495148135
0.0004890999999999999,0.00031229999999999984,5.1547368421052644e-05,2195.443022886405
0.0004890999999999999,0.00031229999999999984,7.672105263157894e-05,2729.293868165238
0.0004890999999999999,0.00031229999999999984,0.0002529368421052631,3129.615960662465
0.0004890999999999999,0.00031229999999999984,0.00027811052631578943,2367.7473668524367
0.0004890999999999999,0.00031229999999999984,0.0003032842105263157,1644.9708671006229
0.0004890999999999999,0.00031229999999999984,0.000328457894736842,1058.8692316083436
0.0004890999999999999,0.00031229999999999984,0.0003536315789473683,663.5476862422007
0.0004890999999999999,0.00031229999999999984,0.00037880526315789463,464.3557061327795
0.0004890999999999999,0.00031229999999999984,0.00040397894736842095,428.5992585468391
0.0004890999999999999,0.00031229999999999984,0.00042915263157894726,510.11035094074066
0.0004890999999999999,0.00031229999999999984,0.0004543263157894736,667.4216888919221
0.0004890999999999999,0.00031229999999999984,0.0004794999999999999,867.4309308752169
0.0004890999999999999,0.0003378999999999998,1.2000000000000292e-06,1403.5312304697486
0.0004890999999999999,0.0003378999999999998,2.6373684210526337e-05,1752.530562460263
0.0004890999999999999,0.0003378999999999998,5.1547368421052644e-05,2238.0982240980584
0.0004890999999999999,0.0003378999999999998,7.672105263157894e-05,2836.594385602895
0.0004890999999999999,0.0003378999999999998,0.00027811052631578943,2625.8171664541146
0.0004890999999999999,0.0003378999999999998,0.0003032842105263157,1888.2797765323069
0.0004890999999999999,0.0003378999999999998,0.000328457894736842,1291.072339583336
0.0004890999999999999,0.0003378999999999998,0.0003536315789473683,885.8779289952017
0.0004890999999999999,0.0003378999999999998,0.00037880526315789463,675.0649891460878
0.0004890999999999999,0.0003378999999999998,0.00040397894736842095,620.5157452053245
0.0004890999999999999,0.0003378999999999998,0.00042915263157894726,674.1450348714052
0.0004890999999999999,0.0003378999999999998,0.0004543263157894736,796.7040070236247
0.0004890999999999999,0.0003378999999999998,0.0004794999999999999,959.453145369222
0.0004890999999999999,0.00036349999999999984,1.2000000000000292e-06,1403.4563005193288
0.0004890999999999999,0.00036349999999999984,2.6373684210526337e-05,1764.355605006357
0.0004890999999999999,0.00036349999999999984,5.1547368421052644e-05,2277.427402607955
0.0004890999999999999,0.00036349999999999984,7.672105263157894e-05,2923.3889933219757
0.0004890999999999999,0.00036349999999999984,0.00027811052631578943,2775.4256106619114
0.0004890999999999999,0.00036349999999999984,0.0003032842105263157,2031.9182089618569
0.0004890999999999999,0.00036349999999999984,0.000328457894736842,1440.5976575743696
0.0004890999999999999,0.00036349999999999984,0.0003536315789473683,1045.9752453425588
0.0004890999999999999,0.00036349999999999984,0.00037880526315789463,844.1392523211491
0.0004890999999999999,0.00036349999999999984,0.00040397894736842095,788.7712198012174
0.0004890999999999999,0.00036349999999999984,0.00042915263157894726,829.1122718336466
0.0004890999999999999,0.00036349999999999984,0.0004543263157894736,928.6630136222917
0.0004890999999999999,0.00036349999999999984,0.0004794999999999999,1063.269291321872
0.0004890999999999999,0.0003890999999999998,1.2000000000000292e-06,1433.7096624813964
0.0004890999999999999,0.0003890999999999998,2.6373684210526337e-05,1796.5787779963518
0.0004890999999999999,0.0003890999999999998,5.1547368421052644e-05,2315.099366724112
0.0004890999999999999,0.0003890999999999998,7.672105263157894e-05,2976.6725605254137
0.0004890999999999999,0.0003890999999999998,0.00027811052631578943,2832.55642509076
0.0004890999999999999,0.0003890999999999998,0.0003032842105263157,2111.2674992627735
0.0004890999999999999,0.0003890999999999998,0.000328457894736842,1554.736247107014
0.0004890999999999999,0.0003890999999999998,0.0003536315789473683,1189.9444380965788
0.0004890999999999999,0.0003890999999999998,0.00037880526315789463,1004.3099472400924
0.0004890999999999999,0.0003890999999999998,0.00040397894736842095,950.1886211424044
0.0004890999999999999,0.0003890999999999998,0.00042915263157894726,979.4834363652437
0.0004890999999999999,0.0003890999999999998,0.0004543263157894736,1059.6972722310443
0.0004890999999999999,0.0003890999999999998,0.0004794999999999999,1170.6042585199084
0.0004890999999999999,0.0004146999999999998,1.2000000000000292e-06,1487.3361962531822
0.0004890999999999999,0.0004146999999999998,2.6373684210526337e-05,1839.4332189172828
0.0004890999999999999,0.0004146999999999998,5.1547368421052644e-05,2336.0947308045065
0.0004890999999999999,0.0004146999999999998,7.672105263157894e-05,2969.3061885869292
0.0004890999999999999,0.0004146999999999998,0.00027811052631578943,2798.204467893662
0.0004890999999999999,0.0004146999999999998,0.0003032842105263157,2140.8247131905537
0.0004890999999999999,0.0004146999999999998,0.000328457894736842,1649.168991752368
0.0004890999999999999,0.0004146999999999998,0.0003536315789473683,1329.6997669121333
0.0004890999999999999,0.0004146999999999998,0.00037880526315789463,1162.5135729128367
0.0004890999999999999,0.0004146999999999998,0.00040397894736842095,1106.8428842828862
0.0004890999999999999,0.0004146999999999998,0.00042915263157894726,1123.2364641441684
0.0004890999999999999,0.0004146999999999998,0.0004543263157894736,1184.6780399367392
0.0004890999999999999,0.0004146999999999998,0.0004794999999999999,1274.2224370680465
0.0004890999999999999,0.00044029999999999975,1.2000000000000292e-06,1543.716418023965
0.0004890999999999999,0.00044029999999999975,2.6373684210526337e-05,1870.371842907769
0.0004890999999999999,0.00044029999999999975,5.1547368421052644e-05,2319.089269945679
0.0004890999999999999,0.00044029999999999975,7.672105263157894e-05,2881.2753800636237
0.0004890999999999999,0.00044029999999999975,0.00027811052631578943,2678.8711372699654
0.0004890999999999999,0.00044029999999999975,0.0003032842105263157,2121.2130211618696
0.0004890999999999999,0.00044029999999999975,0.000328457894736842,1711.6779441059516
0.0004890999999999999,0.00044029999999999975,0.0003536315789473683,1445.5460838789638
0.0004890999999999999,0.00044029999999999975,0.00037880526315789463,1300.6743151629269
0.0004890999999999999,0.00044029999999999975,0.00040397894736842095,1245.3099458186443
0.0004890999999999999,0.00044029999999999975,0.00042915263157894726,1250.4155565362453
0.0004890999999999999,0.00044029999999999975,0.0004543263157894736,1295.4276545196806
0.0004890999999999999,0.00044029999999999975,0.0004794999999999999,1366.6515120874017
0.0004890999999999999,0.0004658999999999997,1.2000000000000292e-06,1582.649452024626
0.0004890999999999999,0.0004658999999999997,2.6373684210526337e-05,1871.0209645446482
0.0004890999999999999,0.0004658999999999997,5.1547368421052644e-05,2253.9613027214605
0.0004890999999999999,0.0004658999999999997,7.672105263157894e-05,2719.2650485134554
0.0004890999999999999,0.0004658999999999997,0.0002529368421052631,3042.4060507241797
0.0004890999999999999,0.0004658999999999997,0.00027811052631578943,2501.6134008546483
0.0004890999999999999,0.0004658999999999997,0.0003032842105263157,2058.348978060196
0.0004890999999999999,0.0004658999999999997,0.000328457894736842,1733.0570804716224
0.0004890999999999999,0.0004658999999999997,0.0003536315789473683,1520.2533842651455
0.0004890999999999999,0.0004658999999999997,0.00037880526315789463,1400.708283421689
0.0004890999999999999,0.0004658999999999997,0.00040397894736842095,1350.8105388363847
0.0004890999999999999,0.0004658999999999997,0.00042915263157894726,1350.1239842539096
0.0004890999999999999,0.0004658999999999997,0.0004543263157894736,1383.8335837571026
0.0004890999999999999,0.0004658999999999997,0.0004794999999999999,1441.3639538062048
0.0004890999999999999,0.0004914999999999997,1.2000000000000292e-06,1593.4685416186237
0.0004890999999999999,0.0004914999999999997,2.6373684210526337e-05,1835.8545390299275
0.0004890999999999999,0.0004914999999999997,5.1547368421052644e-05,2146.464711862853
0.0004890999999999999,0.0004914999999999997,7.672105263157894e-05,2510.329178797178
0.0004890999999999999,0.0004914999999999997,0.00010189473684210526,2896.4930590173044
0.0004890999999999999,0.0004914999999999997,0.0002277631578947368,3108.2196285302493
0.0004890999999999999,0.0004914999999999997,0.0002529368421052631,2699.7814643536217
0.0004890999999999999,0.0004914999999999997,0.00027811052631578943,2299.954642805632
0.0004890999999999999,0.0004914999999999997,0.0003032842105263157,1964.8240433884296
0.0004890999999999999,0.0004914999999999997,0.000328457894736842,1715.9294407531152
0.0004890999999999999,0.0004914999999999997,0.0003536315789473683,1551.422358533376
0.0004890999999999999,0.0004914999999999997,0.00037880526315789463,1457.571760947078
0.0004890999999999999,0.0004914999999999997,0.00040397894736842095,1417.6076243322832
0.0004890999999999999,0.0004914999999999997,0.00042915263157894726,1417.1388180219399
0.0004890999999999999,0.0004914999999999997,0.0004543263157894736,1445.4555118492315
0.0004890999999999999,0.0004914999999999997,0.0004794999999999999,1494.509631671717
