X,Y,Z,Trace,GradX,GradY,GradZ
4.30E-06,5.10E-06,1.20E-06,1840.821972,0.23557641,0.78516805,0.57272584
4.30E-06,5.10E-06,2.64E-05,1778.774171,0.119180838,0.992015406,-0.041247568
4.30E-06,5.10E-06,5.15E-05,1737.536126,0.129884921,0.990997013,-0.032478105
4.30E-06,5.10E-06,7.67E-05,1719.47789,0.113606303,0.993446172,-0.012582147
4.30E-06,5.10E-06,0.000101895,1714.83445,0.101563249,0.994809084,-0.006308165
4.30E-06,5.10E-06,0.000127068,1707.387628,0.094477167,0.995404205,-0.015637545
4.30E-06,5.10E-06,0.000152242,1683.50416,0.085503145,0.995722072,-0.035025242
4.30E-06,5.10E-06,0.000177416,1635.452218,0.069861516,0.995793361,-0.059287022
4.30E-06,5.10E-06,0.000202589,1560.924821,0.042681141,0.995483229,-0.084802479
4.30E-06,5.10E-06,0.000227763,1461.646325,-0.00259148,0.994051111,-0.108883762
4.30E-06,5.10E-06,0.000252937,1341.978618,-0.074578598,0.98880989,-0.129201525
4.30E-06,5.10E-06,0.000278111,1207.875927,-0.182716928,0.972728652,-0.142875799
4.30E-06,5.10E-06,0.000303284,1066.711135,-0.330970696,0.932501663,-0.144565024
4.30E-06,5.10E-06,0.000328458,929.2070244,-0.5044623,0.854377657,-0.124726131
4.30E-06,5.10E-06,0.000353632,815.6864295,-0.662042754,0.745467667,-0.077313312
4.30E-06,5.10E-06,0.000378805,756.9838495,-0.762147383,0.646979827,-0.023419445
4.30E-06,5.10E-06,0.000403979,756.4964275,-0.81334817,0.581689307,0.010114572
4.30E-06,5.10E-06,0.000429153,785.8830046,-0.809886039,0.586042203,0.025281229
4.30E-06,5.10E-06,0.000454326,824.7224929,-0.785791668,0.617840808,0.028358261
4.30E-06,5.10E-06,0.0004795,863.0155811,-0.770424805,0.517847404,0.371859767
4.30E-06,3.07E-05,1.20E-06,1792.350071,0.391218382,-0.064017899,0.918068563
4.30E-06,3.07E-05,2.64E-05,1710.514436,0.828983615,-0.319601767,-0.458956291
4.30E-06,3.07E-05,5.15E-05,1654.628236,0.734795841,-0.575467394,-0.35904366
4.30E-06,3.07E-05,7.67E-05,1632.218775,0.672477679,-0.728730748,-0.129326209
4.30E-06,3.07E-05,0.000101895,1630.003718,0.688354418,-0.724598327,-0.033547869
4.30E-06,3.07E-05,0.000127068,1625.662268,0.718204334,-0.683968899,-0.127941707
4.30E-06,3.07E-05,0.000152242,1603.119235,0.707294509,-0.637506404,-0.305483325
4.30E-06,3.07E-05,0.000177416,1554.691405,0.647799002,-0.593098061,-0.478112062
4.30E-06,3.07E-05,0.000202589,1478.910655,0.547577837,-0.562564406,-0.619418922
4.30E-06,3.07E-05,0.000227763,1378.554597,0.388861582,-0.550478623,-0.73875568
4.30E-06,3.07E-05,0.000252937,1259.133937,0.106066234,-0.542254286,-0.833492797
4.30E-06,3.07E-05,0.000278111,1127.800706,-0.3566689,-0.47143095,-0.806560695
4.30E-06,3.07E-05,0.000303284,993.111104,-0.771201243,-0.297947099,-0.562562147
4.30E-06,3.07E-05,0.000328458,866.6932634,-0.942569706,-0.146746005,-0.300046596
4.30E-06,3.07E-05,0.000353632,767.5967936,-0.990028436,-0.065197466,-0.12487188
4.30E-06,3.07E-05,0.000378805,719.943093,-0.999183388,-0.032021453,-0.024641083
4.30E-06,3.07E-05,0.000403979,726.4948668,-0.999598445,-0.019119847,0.020913615
4.30E-06,3.07E-05,0.000429153,765.365525,-0.999088153,-0.011071886,0.041234412
4.30E-06,3.07E-05,0.000454326,815.1741391,-0.999028956,0.00137467,0.044036984
4.30E-06,3.07E-05,0.0004795,858.7556072,-0.905845858,0.007978318,0.423532323
4.30E-06,5.63E-05,1.20E-06,1780.422085,0.416667879,0.028992173,0.908596353
4.30E-06,5.63E-05,2.64E-05,1681.245158,0.783741987,-0.000757626,-0.621086084
4.30E-06,5.63E-05,5.15E-05,1609.920359,0.652190713,-0.195068133,-0.732526926
4.30E-06,5.63E-05,7.67E-05,1578.373191,0.620391511,-0.631965406,-0.464471849
4.30E-06,5.63E-05,0.000101895,1570.822643,0.627296527,-0.760410229,-0.168152759
4.30E-06,5.63E-05,0.000127068,1561.230807,0.64199902,-0.71759166,-0.269999016
4.30E-06,5.63E-05,0.000152242,1532.888434,0.642721166,-0.635323818,-0.428104134
4.30E-06,5.63E-05,0.000177416,1478.762108,0.640848136,-0.555498291,-0.529844614
4.30E-06,5.63E-05,0.000202589,1398.245972,0.642549348,-0.496113228,-0.583953765
4.30E-06,5.63E-05,0.000227763,1295.107884,0.639378707,-0.459309622,-0.616627554
4.30E-06,5.63E-05,0.000252937,1176.080289,0.609932475,-0.446603507,-0.654620259
4.30E-06,5.63E-05,0.000278111,1049.753623,0.493303313,-0.467197891,-0.733742443
4.30E-06,5.63E-05,0.000303284,926.0801268,0.044346466,-0.511754733,-0.857986296
4.30E-06,5.63E-05,0.000328458,817.0452496,-0.784850358,-0.305886239,-0.538928125
4.30E-06,5.63E-05,0.000353632,737.7684167,-0.98207278,-0.099976832,-0.159805155
4.30E-06,5.63E-05,0.000378805,702.6667456,-0.999074181,-0.038690156,-0.018810963
4.30E-06,5.63E-05,0.000403979,714.2666419,-0.999291807,-0.020205503,0.031743058
4.30E-06,5.63E-05,0.000429153,761.6684164,-0.998342206,-0.0104194,0.056606321
4.30E-06,5.63E-05,0.000454326,827.6871533,-0.998210094,0.008501562,0.059197397
4.30E-06,5.63E-05,0.0004795,881.7349307,-0.903609878,0.028812301,0.427386289
4.30E-06,8.19E-05,1.20E-06,1818.293477,0.457930867,0.138473435,0.878136908
4.30E-06,8.19E-05,2.64E-05,1710.302929,0.733493792,0.343933918,-0.586256187
4.30E-06,8.19E-05,5.15E-05,1626.770042,0.511053032,0.481975141,-0.71170553
4.30E-06,8.19E-05,7.67E-05,1578.121115,0.225977604,0.534765379,-0.814223625
4.30E-06,8.19E-05,0.000101895,1551.170664,0.02416286,0.007704913,-0.999678344
4.30E-06,8.19E-05,0.000127068,1523.134994,0.137506658,-0.542163014,-0.828945828
4.30E-06,8.19E-05,0.000152242,1478.659737,0.333084127,-0.58727016,-0.737677927
4.30E-06,8.19E-05,0.000177416,1411.139344,0.506441389,-0.530661169,-0.679643909
4.30E-06,8.19E-05,0.000202589,1320.24006,0.642869961,-0.460075776,-0.612412029
4.30E-06,8.19E-05,0.000227763,1210.266741,0.742988163,-0.396547715,-0.539183178
4.30E-06,8.19E-05,0.000252937,1088.910452,0.811996214,-0.345803142,-0.470193933
4.30E-06,8.19E-05,0.000278111,965.9216328,0.85389628,-0.312209851,-0.416396629
4.30E-06,8.19E-05,0.000303284,851.9592093,0.86582966,-0.309022527,-0.393502322
4.30E-06,8.19E-05,0.000328458,758.0007569,0.792576162,-0.404262402,-0.456502943
4.30E-06,8.19E-05,0.000353632,694.8278311,-0.616904688,-0.623110327,-0.480793227
4.30E-06,8.19E-05,0.000378805,670.7863274,-0.990487627,-0.13727656,-0.009455545
4.30E-06,8.19E-05,0.000403979,688.3023401,-0.996622577,-0.062411281,0.053369186
4.30E-06,8.19E-05,0.000429153,744.1349096,-0.996829465,-0.037707792,0.070065262
4.30E-06,8.19E-05,0.000454326,832.7093585,-0.99501928,-0.031734462,0.094496332
4.30E-06,8.19E-05,0.0004795,924.0720667,-0.887368096,-0.018241512,0.460700672
4.30E-06,0.0001075,1.20E-06,1906.502464,0.451728114,0.19615252,0.870325169
4.30E-06,0.0001075,2.64E-05,1795.507382,0.729442158,0.487419367,-0.479933849
4.30E-06,0.0001075,5.15E-05,1700.951334,0.503828938,0.641110529,-0.578907325
4.30E-06,0.0001075,7.67E-05,1628.866169,0.107013168,0.716777517,-0.689041488
4.30E-06,0.0001075,0.000101895,1571.253619,-0.386598163,0.47273482,-0.791873506
4.30E-06,0.0001075,0.000127068,1513.002682,-0.553744552,0.014482659,-0.832560643
4.30E-06,0.0001075,0.000152242,1442.218044,-0.340827757,-0.31779504,-0.884784015
4.30E-06,0.0001075,0.000177416,1352.974404,0.092423186,-0.476705407,-0.874191003
4.30E-06,0.0001075,0.000202589,1244.784434,0.504691419,-0.467423575,-0.725811114
4.30E-06,0.0001075,0.000227763,1122.092976,0.749644954,-0.385761151,-0.537792504
4.30E-06,0.0001075,0.000252937,993.3339239,0.871753186,-0.304705227,-0.383667965
4.30E-06,0.0001075,0.000278111,869.0813231,0.931036745,-0.243396534,-0.271898339
4.30E-06,0.0001075,0.000303284,760.0319464,0.959014,-0.205798631,-0.194779544
4.30E-06,0.0001075,0.000328458,675.5389171,0.969032752,-0.200641142,-0.14393977
4.30E-06,0.0001075,0.000353632,622.823932,0.95473542,-0.276703148,-0.109158809
4.30E-06,0.0001075,0.000378805,606.3246268,0.067083348,-0.997417503,0.025654414
4.30E-06,0.0001075,0.000403979,627.0383384,-0.971733287,-0.213145468,0.101505806
4.30E-06,0.0001075,0.000429153,682.6351677,-0.989225964,-0.112283389,0.093938452
4.30E-06,0.0001075,0.000454326,766.2359721,-0.99281977,-0.091317228,0.077266217
4.30E-06,0.0001075,0.0004795,842.0497025,-0.841380118,-0.102442213,0.530645917
4.30E-06,0.0001331,1.20E-06,2036.821408,0.438103429,0.207105851,0.87474142
4.30E-06,0.0001331,2.64E-05,1922.595333,0.752023981,0.516706378,-0.409236424
4.30E-06,0.0001331,5.15E-05,1814.442036,0.532340736,0.652355954,-0.539485914
4.30E-06,0.0001331,7.67E-05,1715.3244,0.078220938,0.706917576,-0.702957343
4.30E-06,0.0001331,0.000101895,1621.510534,-0.480664473,0.463244838,-0.744557509
4.30E-06,0.0001331,0.000127068,1525.417621,-0.715754809,0.126469574,-0.686804557
4.30E-06,0.0001331,0.000152242,1420.207685,-0.697906648,-0.119720658,-0.706111375
4.30E-06,0.0001331,0.000177416,1301.653489,-0.470094008,-0.332767278,-0.817482454
4.30E-06,0.0001331,0.000202589,1169.034004,0.075533574,-0.494363713,-0.865967204
4.30E-06,0.0001331,0.000227763,1026.845575,0.631094122,-0.448888695,-0.63262876
4.30E-06,0.0001331,0.000252937,884.5682471,0.868168391,-0.322615186,-0.377098245
4.30E-06,0.0001331,0.000278111,753.5387843,0.948118254,-0.229635755,-0.219861767
4.30E-06,0.0001331,0.000303284,644.0046441,0.976417395,-0.173303518,-0.128743784
4.30E-06,0.0001331,0.000328458,563.5042292,0.98593707,-0.149009012,-0.075659818
4.30E-06,0.0001331,0.000353632,516.4075311,0.984929101,-0.168011784,-0.041069529
4.30E-06,0.0001331,0.000378805,504.1596723,0.95480356,-0.297023188,0.011286632
4.30E-06,0.0001331,0.000403979,525.349123,-0.190332925,-0.939402169,0.285126188
4.30E-06,0.0001331,0.000429153,574.9361595,-0.948847431,-0.284511882,0.136899748
4.30E-06,0.0001331,0.000454326,641.1143593,-0.979492544,-0.1816844,0.087092676
4.30E-06,0.0001331,0.0004795,700.2135234,-0.788841542,-0.118236414,0.603116218
4.30E-06,0.0001587,1.20E-06,2200.817698,0.437870352,0.201315665,0.876208627
4.30E-06,0.0001587,2.64E-05,2081.040986,0.783162071,0.502413517,-0.366384809
4.30E-06,0.0001587,5.15E-05,1955.831539,0.566887199,0.627360801,-0.533907603
4.30E-06,0.0001587,7.67E-05,1826.170281,0.055248183,0.662768741,-0.746783258
4.30E-06,0.0001587,0.000101895,1691.409766,-0.546823994,0.392998994,-0.739280265
4.30E-06,0.0001587,0.000127068,1550.698745,-0.783374257,0.103203435,-0.612922364
4.30E-06,0.0001587,0.000152242,1403.636505,-0.821824938,-0.0821474,-0.563786818
4.30E-06,0.0001587,0.000177416,1248.99927,-0.7581907,-0.233785375,-0.608679932
4.30E-06,0.0001587,0.000202589,1085.245179,-0.514037017,-0.424670913,-0.74526543
4.30E-06,0.0001587,0.000227763,916.8289149,0.167129593,-0.589155303,-0.790546475
4.30E-06,0.0001587,0.000252937,755.554701,0.773075133,-0.434528594,-0.462103603
4.30E-06,0.0001587,0.000278111,613.5683819,0.937797641,-0.266806637,-0.222148156
4.30E-06,0.0001587,0.000303284,499.892103,0.942693047,-0.28430448,-0.174644728
4.30E-06,0.0001587,0.000328458,419.985745,0.959214216,-0.262913765,-0.103848156
4.30E-06,0.0001587,0.000353632,375.9392797,0.958000109,-0.282595953,-0.048737246
4.30E-06,0.0001587,0.000378805,367.0294166,0.976626985,-0.21470606,0.010051883
4.30E-06,0.0001587,0.000403979,389.9028029,0.85779768,-0.499294782,0.122015823
4.30E-06,0.0001587,0.000429153,437.9717102,-0.603541062,-0.74339903,0.288263888
4.30E-06,0.0001587,0.000454326,500.4685166,-0.935333424,-0.322771805,0.144809353
4.30E-06,0.0001587,0.0004795,563.7980839,-0.593432674,-0.122929569,0.795440747
4.30E-06,0.0001843,1.20E-06,2391.323128,0.44620656,0.187242836,0.875122749
4.30E-06,0.0001843,2.64E-05,2264.22737,0.818025161,0.466154064,-0.336949885
4.30E-06,0.0001843,5.15E-05,2118.996086,0.606659385,0.583774082,-0.539603754
4.30E-06,0.0001843,7.67E-05,1953.972424,0.037208704,0.597549971,-0.80096788
4.30E-06,0.0001843,0.000101895,1770.430265,-0.599169702,0.296478606,-0.743704312
4.30E-06,0.0001843,0.000127068,1574.693265,-0.822806106,0.036606814,-0.567142004
4.30E-06,0.0001843,0.000152242,1375.503658,-0.874665422,-0.111684038,-0.471685357
4.30E-06,0.0001843,0.000177416,1177.2929,-0.863339859,-0.21898829,-0.454629977
4.30E-06,0.0001843,0.000202589,976.5495785,-0.792122625,-0.340828713,-0.506337373
4.30E-06,0.0001843,0.000227763,776.9825609,-0.553106794,-0.542853028,-0.63196793
4.30E-06,0.0001843,0.000252937,594.5748669,0.272097063,-0.707457393,-0.652278488
4.30E-06,0.0001843,0.000278111,441.2802623,0.859428295,-0.416442617,-0.296578071
4.30E-06,0.0001843,0.000303284,323.5343275,0.877558379,-0.426518475,-0.219028039
4.30E-06,0.0001843,0.000328458,244.3767912,0.922267215,-0.368548338,-0.116598914
4.30E-06,0.0001843,0.000353632,204.1477801,0.938315448,-0.343351689,-0.040911341
4.30E-06,0.0001843,0.000378805,200.8508161,0.920363037,-0.389985581,0.029036628
4.30E-06,0.0001843,0.000403979,230.1335348,0.905851139,-0.410453656,0.104697232
4.30E-06,0.0001843,0.000429153,284.9712735,0.294867941,-0.88473627,0.360963473
4.30E-06,0.0001843,0.000454326,355.9049547,-0.760372794,-0.575535164,0.300985861
4.30E-06,0.0001843,0.0004795,432.9868371,-0.380713221,-0.112725673,0.917796473
4.30E-06,0.0002099,1.20E-06,2599.268601,0.46066895,0.166366533,0.871840751
4.30E-06,0.0002099,2.64E-05,2464.172712,0.856088209,0.410453792,-0.314071111
4.30E-06,0.0002099,5.15E-05,2297.167265,0.652910669,0.520190016,-0.550554271
4.30E-06,0.0002099,7.67E-05,2090.616349,0.023660526,0.506569676,-0.86187432
4.30E-06,0.0002099,0.000101895,1845.170422,-0.63500829,0.180702852,-0.751073199
4.30E-06,0.0002099,0.000127068,1576.621413,-0.841865513,-0.047036503,-0.537633728
4.30E-06,0.0002099,0.000152242,1307.947914,-0.896500713,-0.162767717,-0.412059634
4.30E-06,0.0002099,0.000177416,1053.574811,-0.903925596,-0.237306596,-0.355814695
4.30E-06,0.0002099,0.000202589,811.2227047,-0.886446439,-0.305644002,-0.347554967
4.30E-06,0.0002099,0.000227763,583.1605586,-0.834682151,-0.403317584,-0.375020844
4.30E-06,0.0002099,0.000252937,385.287934,-0.63096671,-0.620434833,-0.465769931
4.30E-06,0.0002099,0.000278111,226.5393276,0.2547321,-0.83605588,-0.485923989
4.30E-06,0.0002099,0.000303284,109.9638629,0.858906253,-0.473365249,-0.195461988
4.30E-06,0.0002099,0.000328458,36.23561876,0.809779868,-0.570627037,-0.13653333
4.30E-06,0.0002099,0.000353632,4.457803462,0.869481827,-0.493136395,-0.028598053
4.30E-06,0.0002099,0.000378805,12.10907747,0.9419737,-0.332906878,0.043111017
4.30E-06,0.0002099,0.000403979,54.53316551,0.85234615,-0.498355448,0.158580859
4.30E-06,0.0002099,0.000429153,124.4802433,0.373179404,-0.829650926,0.415230627
4.30E-06,0.0002099,0.000454326,212.6449587,-0.61794326,-0.65266944,0.438370539
4.30E-06,0.0002099,0.0004795,309.5701392,-0.25326233,-0.093783553,0.962841024
4.30E-06,0.0002355,1.20E-06,2809.431785,0.479437703,0.137059299,0.86680692
4.30E-06,0.0002355,2.64E-05,2665.724192,0.897069822,0.328232571,-0.295853195
4.30E-06,0.0002355,5.15E-05,2477.927277,0.70551041,0.426221253,-0.566207122
4.30E-06,0.0002355,7.67E-05,2224.134158,0.008480488,0.383848011,-0.923357345
4.30E-06,0.0002355,0.000101895,1896.188018,-0.65076247,0.049382721,-0.757673778
4.30E-06,0.0002355,0.000127068,1526.896786,-0.843252169,-0.138269816,-0.519429724
4.30E-06,0.0002355,0.000152242,1165.396053,-0.902159659,-0.216089682,-0.37338077
4.30E-06,0.0002355,0.000177416,840.3973173,-0.921881976,-0.25615722,-0.290718249
4.30E-06,0.0002355,0.000202589,555.8558534,-0.92498153,-0.287028952,-0.249045276
4.30E-06,0.0002355,0.000227763,311.1519432,-0.915163954,-0.328959693,-0.232938741
4.30E-06,0.0002355,0.000252937,111.4881403,-0.878103891,-0.415143732,-0.237884926
4.30E-06,0.0002355,0.000278111,-40.4504487,-0.741800458,-0.613821169,-0.270103041
4.30E-06,0.0002355,0.000303284,-145.1435966,-0.161139477,-0.94519268,-0.2839804
4.30E-06,0.0002355,0.000328458,-204.0424632,0.597519828,-0.793326953,-0.116629327
4.30E-06,0.0002355,0.000353632,-218.9286646,0.779878769,-0.625727113,0.015958874
4.30E-06,0.0002355,0.000378805,-192.3838426,0.757724817,-0.637427223,0.13978425
4.30E-06,0.0002355,0.000403979,-128.9839217,0.544207709,-0.769953915,0.333180039
4.30E-06,0.0002355,0.000429153,-36.29377008,-0.060779728,-0.832565388,0.550582145
4.30E-06,0.0002355,0.000454326,75.66644419,-0.652733553,-0.562480811,0.507498026
4.30E-06,0.0002355,0.0004795,196.585886,-0.200674085,-0.074550036,0.976817385
4.30E-06,0.0002611,1.20E-06,2996.299894,0.501058825,0.09693185,0.859967598
4.30E-06,0.0002611,2.64E-05,2838.186863,0.937179608,0.199958651,-0.285851219
4.30E-06,0.0002611,5.15E-05,2635.21048,0.764986829,0.257034839,-0.59053217
4.30E-06,0.0002611,7.67E-05,2336.546086,-0.028098636,0.227621267,-0.973344248
4.30E-06,0.0002611,0.000101895,1891.383681,-0.646529986,-0.108423437,-0.755144579
4.30E-06,0.0002611,0.000127068,1378.793516,-0.83020221,-0.240677328,-0.502830702
4.30E-06,0.0002611,0.000152242,903.9161816,-0.849335622,-0.328925504,-0.41284018
4.30E-06,0.0002611,0.000177416,507.402292,-0.892197998,-0.339599842,-0.297749358
4.30E-06,0.0002611,0.000202589,190.9286013,-0.915690862,-0.335095708,-0.221858314
4.30E-06,0.0002611,0.000227763,-55.00982529,-0.943561364,-0.293878903,-0.152732257
4.30E-06,0.0002611,0.000252937,-238.7005416,-0.935629848,-0.327302605,-0.132173343
4.30E-06,0.0002611,0.000278111,-366.5443023,-0.910843124,-0.396206117,-0.115695788
4.30E-06,0.0002611,0.000303284,-443.752386,-0.846474656,-0.524799989,-0.089808844
4.30E-06,0.0002611,0.000328458,-474.1590225,-0.688536811,-0.724876675,-0.021699437
4.30E-06,0.0002611,0.000353632,-460.4031555,-0.431739882,-0.893002216,0.127073664
4.30E-06,0.0002611,0.000378805,-404.9920238,-0.293030717,-0.901280052,0.319103849
4.30E-06,0.0002611,0.000403979,-312.2878634,-0.386659439,-0.787684978,0.479631997
4.30E-06,0.0002611,0.000429153,-190.2235221,-0.586305044,-0.600464998,0.543772178
4.30E-06,0.0002611,0.000454326,-49.83617325,-0.757047231,-0.409518413,0.509091504
4.30E-06,0.0002611,0.0004795,97.39773576,-0.188773826,-0.057677428,0.980325332
4.30E-06,0.0002867,1.20E-06,3123.593474,0.467325269,0.048222661,0.882769318
4.30E-06,0.0002867,2.64E-05,2922.59106,0.951374251,0.000775656,-0.308036415
4.30E-06,0.0002867,5.15E-05,2699.968928,0.779120531,-0.173712046,-0.602324931
4.30E-06,0.0002867,7.67E-05,2401.027454,-0.136320406,-0.239437978,-0.961294025
4.30E-06,0.0002867,0.000101895,1756.345392,-0.616029424,-0.336536365,-0.712215574
4.30E-06,0.0002867,0.000127068,1046.246295,-0.713912913,-0.417867326,-0.561885442
4.30E-06,0.0002867,0.000152242,459.3679998,-0.814803629,-0.427501251,-0.391583613
4.30E-06,0.0002867,0.000177416,13.42342994,-0.874196125,-0.406329164,-0.265852865
4.30E-06,0.0002867,0.000202589,-307.9994666,-0.912141858,-0.369823922,-0.17671304
4.30E-06,0.0002867,0.000227763,-529.5161409,-0.937007487,-0.329920061,-0.114759413
4.30E-06,0.0002867,0.000252937,-673.0334283,-0.986787832,-0.14556518,-0.07113757
4.30E-06,0.0002867,0.000278111,-754.5528478,-0.986190587,-0.159610925,-0.044186866
4.30E-06,0.0002867,0.000303284,-784.6421688,-0.934039476,-0.357088054,-0.007640679
4.30E-06,0.0002867,0.000328458,-769.6864181,-0.907485398,-0.417142939,0.049618765
4.30E-06,0.0002867,0.000353632,-713.2269448,-0.868360951,-0.474698874,0.143562665
4.30E-06,0.0002867,0.000378805,-617.8066814,-0.826672812,-0.493794351,0.269776205
4.30E-06,0.0002867,0.000403979,-487.6647698,-0.801066485,-0.4531547,0.391079666
4.30E-06,0.0002867,0.000429153,-331.0162571,-0.803200969,-0.37076832,0.466260716
4.30E-06,0.0002867,0.000454326,-159.617207,-0.8313338,-0.277686194,0.481429632
4.30E-06,0.0002867,0.0004795,14.33143381,-0.197712053,-0.044094979,0.979267878
4.30E-06,0.0003123,1.20E-06,3157.858577,0.475293289,-0.007991478,0.879791126
4.30E-06,0.0003123,2.64E-05,2839.271643,0.864429112,-0.230491217,-0.446806567
4.30E-06,0.0003123,5.15E-05,2482.242842,0.406342132,-0.664007026,-0.627678853
4.30E-06,0.0003123,7.67E-05,2097.529112,-0.296899489,-0.681986295,-0.668390146
4.30E-06,0.0003123,0.000101895,1240.380865,-0.504281878,-0.577286179,-0.642215271
4.30E-06,0.0003123,0.000127068,397.9127358,-0.701480708,-0.530801826,-0.475577794
4.30E-06,0.0003123,0.000152242,-242.7365493,-0.907472202,-0.221168284,-0.357181735
4.30E-06,0.0003123,0.000177416,-685.3031973,-0.963282199,-0.153432806,-0.220331066
4.30E-06,0.0003123,0.000202589,-964.574412,-0.984686832,-0.120504952,-0.125977773
4.30E-06,0.0003123,0.000227763,-1122.212395,-0.993640661,-0.087163572,0.071279376
4.30E-06,0.0003123,0.000252937,-706.9799092,-0.994969009,-0.051636363,0.085850781
4.30E-06,0.0003123,0.000278111,-776.5225388,-0.989454129,-0.047075298,-0.136983371
4.30E-06,0.0003123,0.000303284,-1162.999161,-0.990465129,-0.070134528,-0.11857477
4.30E-06,0.0003123,0.000328458,-1084.711405,-0.988918385,-0.112076817,0.09736126
4.30E-06,0.0003123,0.000353632,-971.1076855,-0.974526671,-0.143923062,0.171999766
4.30E-06,0.0003123,0.000378805,-824.8495427,-0.913127488,-0.317875662,0.255251355
4.30E-06,0.0003123,0.000403979,-650.2274624,-0.891331274,-0.289966838,0.348493604
4.30E-06,0.0003123,0.000429153,-455.5030849,-0.873902849,-0.243870201,0.420501053
4.30E-06,0.0003123,0.000454326,-252.4043466,-0.870141774,-0.190722068,0.454398929
4.30E-06,0.0003123,0.0004795,-52.94400348,-0.217977522,-0.034539554,0.975342411
4.30E-06,0.0003379,1.20E-06,3096.877476,0.48089894,-0.05843963,0.87482628
4.30E-06,0.0003379,2.64E-05,2568.163264,0.645416585,-0.365118584,-0.67091419
4.30E-06,0.0003379,5.15E-05,1902.008151,-0.002019637,-0.672038517,-0.740513439
4.30E-06,0.0003379,7.67E-05,1112.445266,-0.461945916,-0.687671424,-0.560101761
4.30E-06,0.0003379,0.000101895,202.6902597,-0.605287277,-0.63794111,-0.476086601
4.30E-06,0.0003379,0.000127068,-637.1236137,-0.959817384,-0.247594882,-0.13208847
4.30E-06,0.0003379,0.000152242,-222.7222326,-0.997001695,-0.067577402,0.037695035
4.30E-06,0.0003379,0.000177416,-497.7583155,-0.987166983,0.03432893,-0.155957921
4.30E-06,0.0003379,0.000202589,-733.0057402,-0.991069334,0.085916142,-0.101980353
4.30E-06,0.0003379,0.000227763,-849.84857,-0.994661527,0.093978488,-0.042620317
4.30E-06,0.0003379,0.000252937,-884.4754072,-0.998944222,-0.042167931,-0.018229291
4.30E-06,0.0003379,0.000278111,-913.92102,-0.999025465,-0.036683048,-0.024545368
4.30E-06,0.0003379,0.000303284,-970.0165534,-0.996672647,0.076265248,-0.028761898
4.30E-06,0.0003379,0.000328458,-994.3219607,-0.998781624,0.046623036,0.016172848
4.30E-06,0.0003379,0.000353632,-934.3521576,-0.999865655,-0.005081604,-0.015583626
4.30E-06,0.0003379,0.000378805,-1024.180162,-0.994617306,-0.054688165,0.088009197
4.30E-06,0.0003379,0.000403979,-800.1868055,-0.916824326,-0.211910092,0.338418776
4.30E-06,0.0003379,0.000429153,-565.6415611,-0.899478028,-0.177873594,0.399124369
4.30E-06,0.0003379,0.000454326,-331.4422505,-0.889525569,-0.141659726,0.434369409
4.30E-06,0.0003379,0.0004795,-108.4805258,-0.245737935,-0.029654471,0.968882593
4.30E-06,0.0003635,1.20E-06,2976.02696,0.4835446,-0.097546925,0.869867356
4.30E-06,0.0003635,2.64E-05,2177.998997,0.399266958,-0.372575329,-0.837719237
4.30E-06,0.0003635,5.15E-05,1138.761445,-0.246943311,-0.567002603,-0.785828893
4.30E-06,0.0003635,7.67E-05,-24.16052371,-0.709785463,-0.293582802,-0.640323149
4.30E-06,0.0003635,0.000101895,-1143.68836,-0.979275207,-0.170929602,-0.10864226
4.30E-06,0.0003635,0.000127068,-413.0113129,-0.978410941,-0.005960151,0.206582929
4.30E-06,0.0003635,0.000152242,-496.813449,-0.994450253,-0.093495345,-0.048242255
4.30E-06,0.0003635,0.000177416,-571.0791497,-0.998572263,-0.020075889,-0.049501467
4.30E-06,0.0003635,0.000202589,-662.9229438,-0.997822276,0.024808066,-0.061116816
4.30E-06,0.0003635,0.000227763,-782.5631653,-0.99797884,0.031409815,-0.055241813
4.30E-06,0.0003635,0.000252937,-857.7020406,-0.999234335,0.017594264,-0.034945458
4.30E-06,0.0003635,0.000278111,-906.5287553,-0.99967382,0.008332906,-0.024141608
4.30E-06,0.0003635,0.000303284,-946.1970724,-0.999595667,0.013677389,-0.024928541
4.30E-06,0.0003635,0.000328458,-980.1570525,-0.999786737,0.0145709,-0.014634557
4.30E-06,0.0003635,0.000353632,-981.0089144,-0.999197497,-0.017524583,0.036017359
4.30E-06,0.0003635,0.000378805,-909.6306041,-0.998696249,0.046479314,0.021106306
4.30E-06,0.0003635,0.000403979,-942.2163182,-0.97145597,-0.178819991,0.15587402
4.30E-06,0.0003635,0.000429153,-667.9413064,-0.910718904,-0.14474321,0.386833919
4.30E-06,0.0003635,0.000454326,-404.0219259,-0.900752006,-0.119235065,0.417646769
4.30E-06,0.0003635,0.0004795,-159.6511573,-0.279289876,-0.029809279,0.959744014
4.30E-06,0.0003891,1.20E-06,2830.293983,0.454545205,-0.158122634,0.876576231
4.30E-06,0.0003891,2.64E-05,1737.202125,0.199823905,-0.330987478,-0.922235163
4.30E-06,0.0003891,5.15E-05,286.1656744,-0.5335428,-0.600166883,-0.595929353
4.30E-06,0.0003891,7.67E-05,48.23895861,-0.982459573,-0.053220535,-0.178719785
4.30E-06,0.0003891,0.000101895,-419.4591034,-0.951560161,0.214842732,-0.21994513
4.30E-06,0.0003891,0.000127068,-656.1027437,-0.998920439,-0.030299652,-0.035212031
4.30E-06,0.0003891,0.000152242,-534.2516638,-0.999408621,-0.021046411,0.027192965
4.30E-06,0.0003891,0.000177416,-566.2668016,-0.999437113,-0.002173173,-0.033477378
4.30E-06,0.0003891,0.000202589,-645.7080151,-0.998691601,0.008980852,-0.050343118
4.30E-06,0.0003891,0.000227763,-737.2240412,-0.998473069,0.021081476,-0.051059786
4.30E-06,0.0003891,0.000252937,-821.0045006,-0.998920682,0.019892627,-0.041973266
4.30E-06,0.0003891,0.000278111,-882.8580922,-0.999472504,0.0137845,-0.029405804
4.30E-06,0.0003891,0.000303284,-928.9352431,-0.999592359,0.013018462,-0.025409368
4.30E-06,0.0003891,0.000328458,-959.0745706,-0.999746531,0.015563583,-0.016268011
4.30E-06,0.0003891,0.000353632,-969.2485907,-0.999853728,0.013657736,0.010295087
4.30E-06,0.0003891,0.000378805,-937.3062253,-0.997578782,-0.034380471,-0.060452937
4.30E-06,0.0003891,0.000403979,-1082.150335,-0.994602661,0.044075181,0.093930427
4.30E-06,0.0003891,0.000429153,-770.4302684,-0.918186866,-0.129100037,0.374521106
4.30E-06,0.0003891,0.000454326,-479.0128178,-0.909540539,-0.113215232,0.399897886
4.30E-06,0.0003891,0.0004795,-215.2414255,-0.317894076,-0.034699166,0.947491068
4.30E-06,0.0004147,1.20E-06,2617.867833,0.333069177,-0.380027739,0.862927483
4.30E-06,0.0004147,2.64E-05,1249.455863,0.058432014,-0.321481913,-0.945111147
4.30E-06,0.0004147,5.15E-05,-591.0175302,-0.848916229,0.033857765,-0.527441833
4.30E-06,0.0004147,7.67E-05,-237.8453162,-0.991570107,-0.120237618,0.04828705
4.30E-06,0.0004147,0.000101895,-444.0350311,-0.996055039,0.012424737,-0.08786345
4.30E-06,0.0004147,0.000127068,-513.4621355,-0.997776539,0.05464985,-0.038149327
4.30E-06,0.0004147,0.000152242,-567.5208362,-0.99980424,0.000103031,-0.019785642
4.30E-06,0.0004147,0.000177416,-578.4368292,-0.999805666,-0.003460935,-0.01940754
4.30E-06,0.0004147,0.000202589,-631.9089218,-0.999227596,0.006253419,-0.038795694
4.30E-06,0.0004147,0.000227763,-708.9613697,-0.99886229,0.014119363,-0.045549625
4.30E-06,0.0004147,0.000252937,-787.5120009,-0.998933399,0.017553565,-0.04270756
4.30E-06,0.0004147,0.000278111,-855.0774592,-0.999339765,0.015172503,-0.033012565
4.30E-06,0.0004147,0.000303284,-906.4863413,-0.999475429,0.015222856,-0.028585508
4.30E-06,0.0004147,0.000328458,-940.9361864,-0.999731712,0.014926557,-0.017711617
4.30E-06,0.0004147,0.000353632,-951.6413933,-0.999837918,0.00975349,-0.015132991
4.30E-06,0.0004147,0.000378805,-974.9268563,-0.998970445,-0.012489015,0.043612778
4.30E-06,0.0004147,0.000403979,-862.5866769,-0.995360618,0.084105293,0.046728366
4.30E-06,0.0004147,0.000429153,-879.3678934,-0.976815927,-0.128076034,0.171543504
4.30E-06,0.0004147,0.000454326,-563.8634701,-0.91810548,-0.114686776,0.379380115
4.30E-06,0.0004147,0.0004795,-282.8975248,-0.366567075,-0.043577192,0.929370544
4.30E-06,0.0004403,1.20E-06,2144.026985,0.043995169,-0.781005079,0.622973107
4.30E-06,0.0004403,2.64E-05,627.207065,-0.183314698,-0.598488691,-0.779876277
4.30E-06,0.0004403,5.15E-05,383.2559709,-0.944098053,0.17835678,-0.277250293
4.30E-06,0.0004403,7.67E-05,-323.9542962,-0.971333157,-0.003914722,-0.237690079
4.30E-06,0.0004403,0.000101895,-379.8241948,-0.998395872,0.027584786,-0.049444537
4.30E-06,0.0004403,0.000127068,-476.2105494,-0.998580802,0.023380906,-0.047850972
4.30E-06,0.0004403,0.000152242,-533.9075876,-0.999339003,0.018527025,-0.031277877
4.30E-06,0.0004403,0.000177416,-577.9435437,-0.999611428,0.005308764,-0.027364404
4.30E-06,0.0004403,0.000202589,-624.3126661,-0.999440957,0.005630297,-0.03295561
4.30E-06,0.0004403,0.000227763,-688.1737396,-0.999150162,0.010859843,-0.039762001
4.30E-06,0.0004403,0.000252937,-759.9311424,-0.99903519,0.014858262,-0.041327
4.30E-06,0.0004403,0.000278111,-827.251736,-0.999256801,0.015211791,-0.035418184
4.30E-06,0.0004403,0.000303284,-882.4379307,-0.99937483,0.016136285,-0.031457436
4.30E-06,0.0004403,0.000328458,-920.3754629,-0.999580811,0.014794517,-0.024886222
4.30E-06,0.0004403,0.000353632,-946.9699747,-0.999805005,0.007719833,-0.018175723
4.30E-06,0.0004403,0.000378805,-963.2399299,-0.999830337,0.003323939,0.018117625
4.30E-06,0.0004403,0.000403979,-907.2432711,-0.99919575,-0.037281544,-0.014762765
4.30E-06,0.0004403,0.000429153,-997.2368964,-0.984645236,-0.121900061,0.12495653
4.30E-06,0.0004403,0.000454326,-662.3796735,-0.926829931,-0.116911496,0.356816452
4.30E-06,0.0004403,0.0004795,-366.9559033,-0.450069859,-0.057609208,0.891133155
4.30E-06,0.0004659,1.20E-06,1350.404726,0.290164008,-0.935782339,0.200290447
4.30E-06,0.0004659,2.64E-05,-124.6693362,-0.580220921,-0.596468,-0.554589584
4.30E-06,0.0004659,5.15E-05,31.23259969,-0.966867547,-0.249036935,-0.056104822
4.30E-06,0.0004659,7.67E-05,-250.6259736,-0.990652433,0.043590032,-0.129258141
4.30E-06,0.0004659,0.000101895,-357.6537535,-0.99783834,0.023031012,-0.061548517
4.30E-06,0.0004659,0.000127068,-436.8990213,-0.998683461,0.022506465,-0.046095588
4.30E-06,0.0004659,0.000152242,-506.2401755,-0.999138603,0.017217527,-0.037757241
4.30E-06,0.0004659,0.000177416,-560.6009932,-0.999428019,0.011431868,-0.031826821
4.30E-06,0.0004659,0.000202589,-612.7577356,-0.999430181,0.008254541,-0.032728836
4.30E-06,0.0004659,0.000227763,-671.2938209,-0.999292462,0.0098022,-0.036311036
4.30E-06,0.0004659,0.000252937,-736.6626097,-0.999323028,0.011597997,-0.034913794
4.30E-06,0.0004659,0.000278111,-801.5708547,-0.999197514,0.014853816,-0.03719801
4.30E-06,0.0004659,0.000303284,-857.9089961,-0.999258373,0.016272087,-0.034898755
4.30E-06,0.0004659,0.000328458,-901.9230911,-0.999474595,0.014548355,-0.028963418
4.30E-06,0.0004659,0.000353632,-933.1271147,-0.999576078,0.010517265,-0.027148674
4.30E-06,0.0004659,0.000378805,-967.5149919,-0.999936287,0.008647306,-0.007255776
4.30E-06,0.0004659,0.000403979,-949.8957821,-0.997197291,-0.025237795,-0.070431644
4.30E-06,0.0004659,0.000429153,-1122.287393,-0.994217297,0.070107486,0.08134437
4.30E-06,0.0004659,0.000454326,-773.8733576,-0.935464563,-0.115991909,0.333844167
4.30E-06,0.0004659,0.0004795,-467.3961305,-0.597663084,-0.078765359,0.797868947
4.30E-06,0.0004915,1.20E-06,515.6466329,-0.75184921,0.592518546,-0.289213654
4.30E-06,0.0004915,2.64E-05,-815.606085,-0.744648983,0.625063245,-0.234080821
4.30E-06,0.0004915,5.15E-05,-185.3060081,-0.78419824,0.581478004,0.216602056
4.30E-06,0.0004915,7.67E-05,-190.5882839,-0.817652401,0.574543393,-0.036666627
4.30E-06,0.0004915,0.000101895,-308.9417581,-0.840946331,0.538218518,-0.055947254
4.30E-06,0.0004915,0.000127068,-402.4336771,-0.833993121,0.550040008,-0.043720293
4.30E-06,0.0004915,0.000152242,-476.5434668,-0.835971757,0.547671519,-0.034743752
4.30E-06,0.0004915,0.000177416,-539.0355928,-0.841507486,0.539421846,-0.029819834
4.30E-06,0.0004915,0.000202589,-595.9220356,-0.84609365,0.53226283,-0.028667316
4.30E-06,0.0004915,0.000227763,-654.1590505,-0.870683931,0.491039946,-0.02809383
4.30E-06,0.0004915,0.000252937,-715.921584,-0.855059135,0.517581164,-0.031362634
4.30E-06,0.0004915,0.000278111,-778.0160111,-0.838197193,0.544382086,-0.032766001
4.30E-06,0.0004915,0.000303284,-834.8547382,-0.824941308,0.564367954,-0.030994359
4.30E-06,0.0004915,0.000328458,-881.953485,-0.818258206,0.574192145,-0.0275116
4.30E-06,0.0004915,0.000353632,-921.1296707,-0.817032992,0.576228955,-0.020427441
4.30E-06,0.0004915,0.000378805,-942.9168898,-0.812644219,0.582577093,-0.014604944
4.30E-06,0.0004915,0.000403979,-963.6421273,-0.804920149,0.592333125,0.035284888
4.30E-06,0.0004915,0.000429153,-842.9609994,-0.781743362,0.623168391,0.023205013
4.30E-06,0.0004915,0.000454326,-893.770578,-0.785910127,0.609880303,0.101937662
4.30E-06,0.0004915,0.0004795,-580.2153348,-0.676476222,0.501027666,0.539769579
2.98E-05,5.10E-06,1.20E-06,1811.44912,-0.037165369,0.627885615,0.777417771
2.98E-05,5.10E-06,2.64E-05,1757.368423,-0.010027927,0.999197455,-0.038779986
2.98E-05,5.10E-06,5.15E-05,1732.102077,0.010504436,0.999902151,-0.009238262
2.98E-05,5.10E-06,7.67E-05,1741.433021,0.041060128,0.998956511,0.019998894
2.98E-05,5.10E-06,0.000101895,1769.557627,0.073120245,0.99699883,0.025431525
2.98E-05,5.10E-06,0.000127068,1791.395158,0.096999382,0.995242362,0.009152063
2.98E-05,5.10E-06,0.000152242,1788.581471,0.11219249,0.993519348,-0.018224996
2.98E-05,5.10E-06,0.000177416,1752.077583,0.119826331,0.99155833,-0.049535119
2.98E-05,5.10E-06,0.000202589,1680.067106,0.121202291,0.989329865,-0.080848149
2.98E-05,5.10E-06,0.000227763,1575.595789,0.117511612,0.986967288,-0.109939049
2.98E-05,5.10E-06,0.000252937,1444.37419,0.109742426,0.984640301,-0.135794245
2.98E-05,5.10E-06,0.000278111,1292.920938,0.098196886,0.98247766,-0.158414076
2.98E-05,5.10E-06,0.000303284,1127.423178,0.081554545,0.980661196,-0.177911425
2.98E-05,5.10E-06,0.000328458,954.1934473,0.055034944,0.980416416,-0.189089414
2.98E-05,5.10E-06,0.000353632,788.0799899,0.007802645,0.989169196,-0.146572237
2.98E-05,5.10E-06,0.000378805,707.9455963,-0.020351884,0.999040826,-0.038771496
2.98E-05,5.10E-06,0.000403979,725.3545532,-0.015145132,0.99938352,0.031673407
2.98E-05,5.10E-06,0.000429153,757.9439199,-0.025056967,0.998912413,0.039320974
2.98E-05,5.10E-06,0.000454326,791.7073654,-0.050251742,0.997569183,0.048275132
2.98E-05,5.10E-06,0.0004795,824.2631349,-0.060082398,0.731479687,0.679210993
2.98E-05,3.07E-05,1.20E-06,1739.613238,-0.107113072,-0.120535388,0.986913375
2.98E-05,3.07E-05,2.64E-05,1654.770373,-0.389995288,-0.70851946,-0.588135911
2.98E-05,3.07E-05,5.15E-05,1606.83863,-0.307547012,-0.937410342,-0.163329991
2.98E-05,3.07E-05,7.67E-05,1618.440471,0.02863819,-0.967400534,0.25162683
2.98E-05,3.07E-05,0.000101895,1660.808667,0.430869921,-0.837259808,0.336670646
2.98E-05,3.07E-05,0.000127068,1694.037168,0.68609379,-0.712018916,0.149346491
2.98E-05,3.07E-05,0.000152242,1697.742362,0.783189528,-0.612703924,-0.105868148
2.98E-05,3.07E-05,0.000177416,1664.381284,0.776247819,-0.538710066,-0.327461125
2.98E-05,3.07E-05,0.000202589,1593.761333,0.720476587,-0.486847627,-0.493855116
2.98E-05,3.07E-05,0.000227763,1490.396531,0.648864497,-0.45017488,-0.61344718
2.98E-05,3.07E-05,0.000252937,1361.480249,0.576620202,-0.420051546,-0.700760901
2.98E-05,3.07E-05,0.000278111,1215.14906,0.507956986,-0.386349023,-0.769879298
2.98E-05,3.07E-05,0.000303284,1059.555559,0.439776813,-0.336284216,-0.832772046
2.98E-05,3.07E-05,0.000328458,904.3122816,0.365941426,-0.250849905,-0.896192612
2.98E-05,3.07E-05,0.000353632,769.9339658,0.289318567,-0.074432506,-0.954334621
2.98E-05,3.07E-05,0.000378805,703.6024615,0.31746192,0.200975221,-0.926729135
2.98E-05,3.07E-05,0.000403979,710.7244359,-0.01082193,-0.106030395,0.994303998
2.98E-05,3.07E-05,0.000429153,745.4556739,-0.387361336,-0.040033795,0.921058354
2.98E-05,3.07E-05,0.000454326,785.8779246,-0.666783402,0.1137106,0.736525487
2.98E-05,3.07E-05,0.0004795,820.9409474,-0.100424554,0.019675841,0.994750104
2.98E-05,5.63E-05,1.20E-06,1707.885806,-0.175426726,-0.002452667,0.984489435
2.98E-05,5.63E-05,2.64E-05,1594.70785,-0.638417799,-0.140808576,-0.756700508
2.98E-05,5.63E-05,5.15E-05,1520.060406,-0.906983913,-0.307330498,-0.287972474
2.98E-05,5.63E-05,7.67E-05,1530.426792,-0.565215365,-0.698189053,0.439390073
2.98E-05,5.63E-05,0.000101895,1578.373866,0.30374652,-0.769936811,0.561191017
2.98E-05,5.63E-05,0.000127068,1612.329437,0.6863958,-0.701853332,0.190427693
2.98E-05,5.63E-05,0.000152242,1614.043704,0.772992836,-0.618215185,-0.142450204
2.98E-05,5.63E-05,0.000177416,1578.120291,0.747499385,-0.552159809,-0.369275257
2.98E-05,5.63E-05,0.000202589,1505.646467,0.688595692,-0.506343212,-0.519088167
2.98E-05,5.63E-05,0.000227763,1402.250871,0.625566096,-0.474787293,-0.619067109
2.98E-05,5.63E-05,0.000252937,1276.590691,0.570355782,-0.44918497,-0.687696986
2.98E-05,5.63E-05,0.000278111,1138.839972,0.528555731,-0.418865644,-0.738363333
2.98E-05,5.63E-05,0.000303284,999.7775549,0.504223809,-0.369578002,-0.780493723
2.98E-05,5.63E-05,0.000328458,871.7536899,0.507159573,-0.279785339,-0.815174418
2.98E-05,5.63E-05,0.000353632,772.1606971,0.571957431,-0.113202445,-0.812434553
2.98E-05,5.63E-05,0.000378805,721.0035312,0.805321258,0.081912763,-0.587152425
2.98E-05,5.63E-05,0.000403979,720.8158355,0.697367855,0.055547304,0.714557605
2.98E-05,5.63E-05,0.000429153,754.6220551,-0.163250751,0.058560494,0.984845095
2.98E-05,5.63E-05,0.000454326,803.5587363,-0.586650397,0.223341842,0.778434155
2.98E-05,5.63E-05,0.0004795,843.4471876,-0.117543744,0.046507742,0.991978073
2.98E-05,8.19E-05,1.20E-06,1737.70992,-0.204227129,0.151100035,0.967191842
2.98E-05,8.19E-05,2.64E-05,1619.227495,-0.600120062,0.407888153,-0.688101131
2.98E-05,8.19E-05,5.15E-05,1537.074709,-0.77382438,0.476583775,-0.417209462
2.98E-05,8.19E-05,7.67E-05,1524.211426,-0.865250847,0.493753809,0.086880076
2.98E-05,8.19E-05,0.000101895,1546.53781,0.173518068,-0.351071675,0.920130512
2.98E-05,8.19E-05,0.000127068,1560.343579,0.786683002,-0.617353816,0.002029974
2.98E-05,8.19E-05,0.000152242,1546.764937,0.759553059,-0.570554423,-0.312324831
2.98E-05,8.19E-05,0.000177416,1499.555184,0.700124476,-0.531766548,-0.476497698
2.98E-05,8.19E-05,0.000202589,1419.304743,0.639700073,-0.507058783,-0.577646266
2.98E-05,8.19E-05,0.000227763,1311.749506,0.586589293,-0.494520337,-0.641375583
2.98E-05,8.19E-05,0.000252937,1186.513701,0.546728799,-0.48937703,-0.679409849
2.98E-05,8.19E-05,0.000278111,1055.456567,0.526557093,-0.48454546,-0.69853656
2.98E-05,8.19E-05,0.000303284,930.9435663,0.534448321,-0.47195244,-0.701160386
2.98E-05,8.19E-05,0.000328458,824.8662844,0.582038467,-0.447971417,-0.678640429
2.98E-05,8.19E-05,0.000353632,748.5731229,0.68527872,-0.42986787,-0.587883228
2.98E-05,8.19E-05,0.000378805,710.886813,0.825940733,-0.487206348,-0.283640407
2.98E-05,8.19E-05,0.000403979,713.3820845,0.677033638,-0.594282478,0.434112646
2.98E-05,8.19E-05,0.000429153,750.4590223,0.061297139,-0.459497047,0.886061581
2.98E-05,8.19E-05,0.000454326,811.7944789,-0.480961769,-0.299023317,0.824172817
2.98E-05,8.19E-05,0.0004795,864.0572881,-0.151999317,-0.03302851,0.987828591
2.98E-05,0.0001075,1.20E-06,1827.860589,-0.179874479,0.236090042,0.954938042
2.98E-05,0.0001075,2.64E-05,1715.653195,-0.482603504,0.666284508,-0.56847059
2.98E-05,0.0001075,5.15E-05,1630.436584,-0.49733961,0.743992917,-0.446237438
2.98E-05,0.0001075,7.67E-05,1585.117923,-0.473080266,0.810195161,-0.34609083
2.98E-05,0.0001075,0.000101895,1564.354338,-0.202659635,0.833247468,-0.5144198
2.98E-05,0.0001075,0.000127068,1542.085984,0.64947144,-0.085200891,-0.75559755
2.98E-05,0.0001075,0.000152242,1501.114979,0.664403187,-0.39907021,-0.63191089
2.98E-05,0.0001075,0.000177416,1433.467118,0.620494637,-0.45497699,-0.638734956
2.98E-05,0.0001075,0.000202589,1337.998518,0.576175964,-0.477018742,-0.663682438
2.98E-05,0.0001075,0.000227763,1219.722162,0.5366123,-0.49870453,-0.680691583
2.98E-05,0.0001075,0.000252937,1088.857281,0.507864502,-0.52562709,-0.682487956
2.98E-05,0.0001075,0.000278111,958.5595044,0.497771061,-0.556978157,-0.664830282
2.98E-05,0.0001075,0.000303284,841.9382894,0.515698316,-0.590185453,-0.621076789
2.98E-05,0.0001075,0.000328458,749.3320435,0.564195296,-0.626768031,-0.537443489
2.98E-05,0.0001075,0.000353632,687.4060072,0.625852239,-0.679040757,-0.383682976
2.98E-05,0.0001075,0.000378805,659.5325555,0.6421203,-0.758010699,-0.114460913
2.98E-05,0.0001075,0.000403979,665.7256834,0.503793554,-0.824249514,0.258466234
2.98E-05,0.0001075,0.000429153,702.722719,0.18747785,-0.81136238,0.553663385
2.98E-05,0.0001075,0.000454326,761.6454557,-0.176151344,-0.799367649,0.574440654
2.98E-05,0.0001075,0.0004795,811.9644928,-0.084436888,-0.146054499,0.985666523
2.98E-05,0.0001331,1.20E-06,1964.913157,-0.144567241,0.255011051,0.956069912
2.98E-05,0.0001331,2.64E-05,1854.53992,-0.408276374,0.756127704,-0.51145019
2.98E-05,0.0001331,5.15E-05,1758.396341,-0.391426255,0.781460702,-0.485906018
2.98E-05,0.0001331,7.67E-05,1681.529105,-0.342529393,0.785882001,-0.514842787
2.98E-05,0.0001331,0.000101895,1617.420539,-0.179275641,0.698393991,-0.692896874
2.98E-05,0.0001331,0.000127068,1553.091972,0.214102732,0.28513342,-0.934269208
2.98E-05,0.0001331,0.000152242,1477.007274,0.470677892,-0.160449094,-0.867593459
2.98E-05,0.0001331,0.000177416,1381.398111,0.521904975,-0.337089259,-0.783572605
2.98E-05,0.0001331,0.000202589,1263.074835,0.513562249,-0.421341412,-0.747479251
2.98E-05,0.0001331,0.000227763,1126.126529,0.489913775,-0.487136707,-0.722967718
2.98E-05,0.0001331,0.000252937,981.9695754,0.468851512,-0.549037702,-0.691907408
2.98E-05,0.0001331,0.000278111,845.090808,0.460300913,-0.613199622,-0.641957392
2.98E-05,0.0001331,0.000303284,728.7557083,0.473503455,-0.679924402,-0.559908283
2.98E-05,0.0001331,0.000328458,641.5983712,0.504661418,-0.745158618,-0.435953537
2.98E-05,0.0001331,0.000353632,586.9548885,0.527589125,-0.806860037,-0.265756649
2.98E-05,0.0001331,0.000378805,564.8786685,0.506147685,-0.860849145,-0.05247161
2.98E-05,0.0001331,0.000403979,573.3160226,0.409915404,-0.895216803,0.174803424
2.98E-05,0.0001331,0.000429153,607.513555,0.242988439,-0.906002521,0.346577625
2.98E-05,0.0001331,0.000454326,657.2037912,0.056541624,-0.919744754,0.388423263
2.98E-05,0.0001331,0.0004795,703.3916653,-0.014973043,-0.16796359,0.985679482
2.98E-05,0.0001587,1.20E-06,2140.104368,-0.112938008,0.251842972,0.961155619
2.98E-05,0.0001587,2.64E-05,2026.138044,-0.346089217,0.798611619,-0.492383728
2.98E-05,0.0001587,5.15E-05,1913.394144,-0.320221254,0.787077775,-0.527225687
2.98E-05,0.0001587,7.67E-05,1803.95478,-0.263582424,0.744771912,-0.613057179
2.98E-05,0.0001587,0.000101895,1696.002766,-0.131801421,0.614221451,-0.778049095
2.98E-05,0.0001587,0.000127068,1585.664999,0.116813829,0.305641707,-0.944953796
2.98E-05,0.0001587,0.000152242,1468.824912,0.353968041,-0.056740199,-0.933534775
2.98E-05,0.0001587,0.000177416,1339.875814,0.458194076,-0.257329433,-0.850787724
2.98E-05,0.0001587,0.000202589,1191.669432,0.47608288,-0.376148335,-0.79489466
2.98E-05,0.0001587,0.000227763,1027.105387,0.461290025,-0.481569119,-0.74518635
2.98E-05,0.0001587,0.000252937,862.0751159,0.446813273,-0.568609954,-0.690681273
2.98E-05,0.0001587,0.000278111,712.5927867,0.439259242,-0.651328342,-0.618726683
2.98E-05,0.0001587,0.000303284,590.6425108,0.443328028,-0.733570666,-0.515106143
2.98E-05,0.0001587,0.000328458,502.8527447,0.45420438,-0.808252549,-0.374734837
2.98E-05,0.0001587,0.000353632,450.5337695,0.453112086,-0.867432814,-0.205547443
2.98E-05,0.0001587,0.000378805,431.9839876,0.423612348,-0.90559327,-0.021293354
2.98E-05,0.0001587,0.000403979,443.6829387,0.359349341,-0.920021794,0.156294434
2.98E-05,0.0001587,0.000429153,479.7145802,0.268233919,-0.916708265,0.296135984
2.98E-05,0.0001587,0.000454326,530.7716094,0.173099062,-0.910391118,0.375798785
2.98E-05,0.0001587,0.0004795,585.3519987,0.015973942,-0.141789223,0.989767978
2.98E-05,0.0001843,1.20E-06,2348.822609,-0.082278175,0.240350152,0.9671929
2.98E-05,0.0001843,2.64E-05,2228.475012,-0.273404304,0.825851136,-0.493173385
2.98E-05,0.0001843,5.15E-05,2095.703544,-0.240801,0.784725193,-0.571157816
2.98E-05,0.0001843,7.67E-05,1950.099295,-0.176459078,0.698918665,-0.693090827
2.98E-05,0.0001843,0.000101895,1792.665108,-0.052778903,0.519568216,-0.852797312
2.98E-05,0.0001843,0.000127068,1627.816163,0.143179298,0.21125719,-0.966886802
2.98E-05,0.0001843,0.000152242,1461.815227,0.341150334,-0.119427419,-0.932391303
2.98E-05,0.0001843,0.000177416,1296.149973,0.450751207,-0.308156592,-0.837772561
2.98E-05,0.0001843,0.000202589,1112.563768,0.466978027,-0.411099707,-0.782897537
2.98E-05,0.0001843,0.000227763,909.5224464,0.449354093,-0.515045599,-0.729937621
2.98E-05,0.0001843,0.000252937,718.6591763,0.443796487,-0.603268404,-0.662655197
2.98E-05,0.0001843,0.000278111,554.5170895,0.439458981,-0.685879267,-0.580039167
2.98E-05,0.0001843,0.000303284,425.0032768,0.434864092,-0.767231244,-0.471433388
2.98E-05,0.0001843,0.000328458,334.2850184,0.426991095,-0.841399065,-0.33124948
2.98E-05,0.0001843,0.000353632,282.8161291,0.40845114,-0.897655195,-0.165477545
2.98E-05,0.0001843,0.000378805,268.5828441,0.375493251,-0.926735622,0.012880407
2.98E-05,0.0001843,0.000403979,287.5934092,0.331112818,-0.925189727,0.185440747
2.98E-05,0.0001843,0.000429153,333.3594133,0.283459709,-0.899500219,0.332490525
2.98E-05,0.0001843,0.000454326,396.9580656,0.243590455,-0.861699469,0.445126628
2.98E-05,0.0001843,0.0004795,468.9424083,0.030924829,-0.112929635,0.99312162
2.98E-05,0.0002099,1.20E-06,2584.757961,-0.050682671,0.221793433,0.973775611
2.98E-05,0.0002099,2.64E-05,2457.180631,-0.181931176,0.839170295,-0.512537085
2.98E-05,0.0002099,5.15E-05,2302.337185,-0.144577171,0.765453965,-0.62703881
2.98E-05,0.0002099,7.67E-05,2114.716409,-0.07397344,0.626431006,-0.775958843
2.98E-05,0.0002099,0.000101895,1895.679523,0.045685799,0.380704314,-0.923567557
2.98E-05,0.0002099,0.000127068,1659.177303,0.205403458,0.042689876,-0.977745874
2.98E-05,0.0002099,0.000152242,1425.623273,0.355482081,-0.274388714,-0.893500601
2.98E-05,0.0002099,0.000177416,1209.235642,0.442891724,-0.464744143,-0.76672016
2.98E-05,0.0002099,0.000202589,985.2131053,0.456222504,-0.539075281,-0.707996376
2.98E-05,0.0002099,0.000227763,744.4585289,0.448197781,-0.593188565,-0.668764589
2.98E-05,0.0002099,0.000252937,533.4119282,0.452855702,-0.660078287,-0.599348286
2.98E-05,0.0002099,0.000278111,359.4728237,0.450178911,-0.727342791,-0.51798785
2.98E-05,0.0002099,0.000303284,226.1574842,0.438800927,-0.796644458,-0.41570585
2.98E-05,0.0002099,0.000328458,135.5701503,0.417763138,-0.863154941,-0.28361507
2.98E-05,0.0002099,0.000353632,88.08768985,0.386550681,-0.9144199,-0.120061722
2.98E-05,0.0002099,0.000378805,82.44133072,0.349688387,-0.934524522,0.066196292
2.98E-05,0.0002099,0.000403979,115.0305741,0.317174262,-0.913571319,0.254534737
2.98E-05,0.0002099,0.000429153,178.8353722,0.298355466,-0.856498531,0.421182007
2.98E-05,0.0002099,0.000454326,263.8580364,0.297377776,-0.777490279,0.554143775
2.98E-05,0.0002099,0.0004795,359.6432739,0.039935021,-0.086878896,0.995418129
2.98E-05,0.0002355,1.20E-06,2834.661951,-0.017454977,0.193893117,0.980867363
2.98E-05,0.0002355,2.64E-05,2698.709671,-0.064176306,0.822966209,-0.564453736
2.98E-05,0.0002355,5.15E-05,2520.844601,-0.034472013,0.702926765,-0.710426381
2.98E-05,0.0002355,7.67E-05,2283.953387,0.028343731,0.496072332,-0.867818457
2.98E-05,0.0002355,0.000101895,1983.623162,0.133840941,0.180429865,-0.974439155
2.98E-05,0.0002355,0.000127068,1648.687099,0.254813965,-0.159259126,-0.953785287
2.98E-05,0.0002355,0.000152242,1321.300842,0.354730337,-0.419843943,-0.835402569
2.98E-05,0.0002355,0.000177416,1024.676396,0.414397551,-0.579307735,-0.701909694
2.98E-05,0.0002355,0.000202589,752.6849358,0.441855544,-0.652125342,-0.616032642
2.98E-05,0.0002355,0.000227763,501.9920149,0.459455739,-0.686009035,-0.564173758
2.98E-05,0.0002355,0.000252937,287.4837824,0.467761484,-0.726115496,-0.503939957
2.98E-05,0.0002355,0.000278111,115.7733587,0.465183625,-0.772956265,-0.431442705
2.98E-05,0.0002355,0.000303284,-11.34259065,0.450623249,-0.825581271,-0.339638413
2.98E-05,0.0002355,0.000328458,-93.03311372,0.423077833,-0.879762529,-0.216847965
2.98E-05,0.0002355,0.000353632,-128.6787667,0.383700621,-0.921952079,-0.052708606
2.98E-05,0.0002355,0.000378805,-118.2241411,0.342093746,-0.927630437,0.149912114
2.98E-05,0.0002355,0.000403979,-64.24137209,0.3167566,-0.876627148,0.362201739
2.98E-05,0.0002355,0.000429153,25.58460129,0.32010166,-0.775859652,0.543669686
2.98E-05,0.0002355,0.000454326,138.9798109,0.3486513,-0.651665282,0.673627962
2.98E-05,0.0002355,0.0004795,262.9466165,0.047689221,-0.063701478,0.996828902
2.98E-05,0.0002611,1.20E-06,3074.401843,0.018763584,0.061282608,0.997944071
2.98E-05,0.0002611,2.64E-05,2922.470704,0.107370634,0.714858834,-0.690976406
2.98E-05,0.0002611,5.15E-05,2719.664835,0.086346219,0.51195477,-0.854661713
2.98E-05,0.0002611,7.67E-05,2427.009692,0.094810217,0.244043432,-0.965118555
2.98E-05,0.0002611,0.000101895,2015.299218,0.177435099,-0.093401482,-0.979690231
2.98E-05,0.0002611,0.000127068,1546.712588,0.274655091,-0.368714465,-0.88803954
2.98E-05,0.0002611,0.000152242,1106.706538,0.353784326,-0.552003988,-0.755068373
2.98E-05,0.0002611,0.000177416,731.9918618,0.409130698,-0.664524755,-0.625315058
2.98E-05,0.0002611,0.000202589,422.534943,0.445113609,-0.724806162,-0.525861106
2.98E-05,0.0002611,0.000227763,169.2160854,0.468772849,-0.757785538,-0.453886653
2.98E-05,0.0002611,0.000252937,-32.50585893,0.480779436,-0.785135674,-0.390401212
2.98E-05,0.0002611,0.000278111,-184.9594981,0.481191717,-0.815336451,-0.321995347
2.98E-05,0.0002611,0.000303284,-289.9975545,0.469555134,-0.850567262,-0.236755801
2.98E-05,0.0002611,0.000328458,-348.5300084,0.443857997,-0.888184675,-0.118819452
2.98E-05,0.0002611,0.000353632,-360.0029654,0.40328138,-0.913672057,0.050670507
2.98E-05,0.0002611,0.000378805,-323.0386528,0.358560907,-0.892477886,0.273710245
2.98E-05,0.0002611,0.000403979,-238.9201933,0.337789352,-0.795176054,0.503580576
2.98E-05,0.0002611,0.000429153,-116.0886918,0.357916519,-0.644766772,0.67540475
2.98E-05,0.0002611,0.000454326,30.3462081,0.406086052,-0.489417708,0.771728207
2.98E-05,0.0002611,0.0004795,184.4607603,0.056922668,-0.043356163,0.997436741
2.98E-05,0.0002867,1.20E-06,3005.647436,-0.042661607,-0.022482964,0.998836575
2.98E-05,0.0002867,2.64E-05,3071.922663,0.608778136,0.506425191,-0.610673977
2.98E-05,0.0002867,5.15E-05,2822.659042,0.212314743,-0.059290769,-0.975400971
2.98E-05,0.0002867,7.67E-05,2465.078134,0.063380914,-0.263041001,-0.96270052
2.98E-05,0.0002867,0.000101895,1898.276321,0.168085606,-0.422184306,-0.890790459
2.98E-05,0.0002867,0.000127068,1265.05027,0.275041309,-0.563235877,-0.779177531
2.98E-05,0.0002867,0.000152242,715.6004054,0.350464851,-0.676543373,-0.647659982
2.98E-05,0.0002867,0.000177416,285.291624,0.404796068,-0.75137439,-0.521130184
2.98E-05,0.0002867,0.000202589,-36.13777712,0.443792487,-0.793925186,-0.415609225
2.98E-05,0.0002867,0.000227763,-270.586144,0.470878674,-0.817298264,-0.332109654
2.98E-05,0.0002867,0.000252937,-436.8610342,0.487541,-0.833217133,-0.260869665
2.98E-05,0.0002867,0.000278111,-547.2726642,0.494804158,-0.8482351,-0.188854602
2.98E-05,0.0002867,0.000303284,-608.9365894,0.492742913,-0.864229134,-0.101550118
2.98E-05,0.0002867,0.000328458,-625.1910271,0.478971169,-0.877599528,0.020141689
2.98E-05,0.0002867,0.000353632,-596.1137453,0.449698191,-0.870683412,0.199203245
2.98E-05,0.0002867,0.000378805,-519.7208141,0.411097517,-0.802261766,0.432868214
2.98E-05,0.0002867,0.000403979,-396.5586009,0.394330917,-0.651240178,0.648374397
2.98E-05,0.0002867,0.000429153,-235.820398,0.420885056,-0.472124914,0.774566869
2.98E-05,0.0002867,0.000454326,-54.85172215,0.474432346,-0.319515192,0.82025849
2.98E-05,0.0002867,0.0004795,128.3880802,0.075628937,-0.028675475,0.996723623
2.98E-05,0.0003123,1.20E-06,3007.023324,-0.041232829,-0.036466652,0.998483869
2.98E-05,0.0003123,2.64E-05,3076.790848,0.158579771,-0.417841485,-0.894573054
2.98E-05,0.0003123,5.15E-05,2682.152463,0.287069719,-0.515442195,-0.807409636
2.98E-05,0.0003123,7.67E-05,2170.161066,0.114029815,-0.633789456,-0.765054329
2.98E-05,0.0003123,0.000101895,1436.922179,0.20030536,-0.659982442,-0.724086279
2.98E-05,0.0003123,0.000127068,677.3262157,0.285425054,-0.716665072,-0.636336163
2.98E-05,0.0003123,0.000152242,65.92190646,0.347494094,-0.783566236,-0.515045443
2.98E-05,0.0003123,0.000177416,-370.2323713,0.579177574,-0.579474034,-0.573378742
2.98E-05,0.0003123,0.000202589,-657.3236569,0.677605988,-0.587974754,-0.441741795
2.98E-05,0.0003123,0.000227763,-833.6358336,0.749654448,-0.584502285,-0.310443694
2.98E-05,0.0003123,0.000252937,-931.2080436,0.248953636,-0.920179084,-0.302146554
2.98E-05,0.0003123,0.000278111,-970.9205609,0.262256497,-0.960701122,-0.090966394
2.98E-05,0.0003123,0.000303284,-964.341519,0.801144398,-0.590127279,0.099586383
2.98E-05,0.0003123,0.000328458,-916.6996692,0.729034725,-0.627448985,0.273525395
2.98E-05,0.0003123,0.000353632,-828.802174,0.508563504,-0.775879171,0.373329177
2.98E-05,0.0003123,0.000378805,-699.1500665,0.488431305,-0.651318419,0.580705758
2.98E-05,0.0003123,0.000403979,-528.9045318,0.478891564,-0.473815884,0.739027319
2.98E-05,0.0003123,0.000429153,-327.897935,0.502167933,-0.307858262,0.808115497
2.98E-05,0.0003123,0.000454326,-113.926444,0.549632845,-0.184502553,0.814777604
2.98E-05,0.0003123,0.0004795,94.91988943,0.097719871,-0.015763517,0.995089111
2.98E-05,0.0003379,1.20E-06,2894.899188,-0.051794282,-0.098582539,0.993780074
2.98E-05,0.0003379,2.64E-05,2917.610667,0.621277826,-0.418742599,-0.662320541
2.98E-05,0.0003379,5.15E-05,2234.074021,0.329852039,-0.553809996,-0.764520844
2.98E-05,0.0003379,7.67E-05,1416.029572,0.261739222,-0.694344356,-0.670356991
2.98E-05,0.0003379,0.000101895,514.5601567,0.263076442,-0.760782275,-0.593296819
2.98E-05,0.0003379,0.000127068,-305.1692084,0.442009314,-0.515402412,-0.734158103
2.98E-05,0.0003379,0.000152242,-905.0960112,-0.211145006,-0.942040798,-0.260723842
2.98E-05,0.0003379,0.000177416,-458.0207397,-0.580424037,-0.547537928,0.60275215
2.98E-05,0.0003379,0.000202589,-663.3906325,-0.552073242,-0.122492275,-0.824748918
2.98E-05,0.0003379,0.000227763,-794.9875309,-0.752033401,0.034299514,-0.658231955
2.98E-05,0.0003379,0.000252937,-862.038386,-0.902340927,0.130002588,-0.410950336
2.98E-05,0.0003379,0.000278111,-903.1230932,-0.929346625,0.145374282,-0.339383514
2.98E-05,0.0003379,0.000303284,-935.6790475,-0.930701035,0.035168202,-0.364086229
2.98E-05,0.0003379,0.000328458,-941.3746231,0.1006552,-0.397350041,-0.912130186
2.98E-05,0.0003379,0.000353632,-1055.897518,0.519834242,-0.684419884,0.511215985
2.98E-05,0.0003379,0.000378805,-861.7817379,0.547320383,-0.501099439,0.670328092
2.98E-05,0.0003379,0.000403979,-638.6120436,0.551731279,-0.337143516,0.762841298
2.98E-05,0.0003379,0.000429153,-396.5869616,0.576127192,-0.203681369,0.791575239
2.98E-05,0.0003379,0.000454326,-152.2182692,0.618600833,-0.110470134,0.77790061
2.98E-05,0.0003379,0.0004795,78.11087785,0.127827825,-0.009162235,0.991754052
2.98E-05,0.0003635,1.20E-06,2720.576019,-0.062069545,-0.1629025,0.984687842
2.98E-05,0.0003635,2.64E-05,2651.918291,0.570422317,-0.357280691,-0.739573451
2.98E-05,0.0003635,5.15E-05,1576.003956,0.329574648,-0.498978653,-0.80149913
2.98E-05,0.0003635,7.67E-05,358.9559582,0.283664918,-0.67054349,-0.685496639
2.98E-05,0.0003635,0.000101895,-807.5414938,0.682273324,-0.564008959,-0.465184915
2.98E-05,0.0003635,0.000127068,-336.1958518,-0.81493765,-0.354500357,0.458482413
2.98E-05,0.0003635,0.000152242,-495.7102225,0.272415303,0.766251173,-0.5819356
2.98E-05,0.0003635,0.000177416,-593.515002,0.09501325,-0.50609559,-0.857227937
2.98E-05,0.0003635,0.000202589,-708.2177328,-0.059538101,0.009391612,-0.998181853
2.98E-05,0.0003635,0.000227763,-823.1092886,-0.036172434,0.238105543,-0.970565456
2.98E-05,0.0003635,0.000252937,-896.4204501,-0.13543522,0.285643049,-0.94871774
2.98E-05,0.0003635,0.000278111,-938.8425296,-0.285528776,0.246577093,-0.926106395
2.98E-05,0.0003635,0.000303284,-960.5841149,0.20307584,0.236629183,-0.950140428
2.98E-05,0.0003635,0.000328458,-969.9571745,0.919168239,-0.209951747,0.333241672
2.98E-05,0.0003635,0.000353632,-937.1663235,-0.398760896,0.833658467,-0.382103793
2.98E-05,0.0003635,0.000378805,-1016.371812,0.543174367,-0.09189144,0.834576282
2.98E-05,0.0003635,0.000403979,-737.9826729,0.592291737,-0.269095566,0.759459067
2.98E-05,0.0003635,0.000429153,-455.1721124,0.625499388,-0.165597786,0.762448614
2.98E-05,0.0003635,0.000454326,-182.4801928,0.669714284,-0.094431141,0.736590482
2.98E-05,0.0003635,0.0004795,66.29262684,0.163532415,-0.010995371,0.986476686
2.98E-05,0.0003891,1.20E-06,2459.900439,-0.091249263,-0.259371669,0.96145718
2.98E-05,0.0003891,2.64E-05,2355.315229,0.538643642,-0.284258964,-0.793132945
2.98E-05,0.0003891,5.15E-05,782.4002926,0.294827298,-0.423883497,-0.856387556
2.98E-05,0.0003891,7.67E-05,-955.0069508,-0.175728323,-0.359624434,-0.916400471
2.98E-05,0.0003891,0.000101895,-342.5432535,0.5245976,0.603745879,0.600240178
2.98E-05,0.0003891,0.000127068,-550.3615192,0.732596199,-0.38824354,-0.559079388
2.98E-05,0.0003891,0.000152242,-560.53866,-0.137691125,-0.840237286,-0.524444904
2.98E-05,0.0003891,0.000177416,-585.6069406,-0.467224998,0.062936536,-0.881895568
2.98E-05,0.0003891,0.000202589,-661.1938616,-0.335504169,0.352640955,-0.873545253
2.98E-05,0.0003891,0.000227763,-748.0344871,-0.215114273,0.531423101,-0.819338354
2.98E-05,0.0003891,0.000252937,-826.602937,-0.201900529,0.599981397,-0.774117885
2.98E-05,0.0003891,0.000278111,-885.7501183,-0.268302951,0.62014441,-0.737180058
2.98E-05,0.0003891,0.000303284,-927.7988239,-0.212892534,0.617755526,-0.757003883
2.98E-05,0.0003891,0.000328458,-956.3783554,0.329224376,0.768021795,-0.549321247
2.98E-05,0.0003891,0.000353632,-952.9170264,0.763903869,-0.082014093,0.640097311
2.98E-05,0.0003891,0.000378805,-884.0843582,0.294895382,0.667629876,0.683598612
2.98E-05,0.0003891,0.000403979,-840.8267722,0.777922121,-0.31871405,0.541533496
2.98E-05,0.0003891,0.000429153,-519.2809078,0.649543196,-0.171048184,0.740834769
2.98E-05,0.0003891,0.000454326,-220.2023556,0.698805875,-0.117896634,0.70552869
2.98E-05,0.0003891,0.0004795,45.20513404,0.204147775,-0.023009671,0.978669628
2.98E-05,0.0004147,1.20E-06,2086.825316,-0.146912145,-0.373406237,0.915961028
2.98E-05,0.0004147,2.64E-05,2040.520407,0.508410665,-0.325659527,-0.797160253
2.98E-05,0.0004147,5.15E-05,-90.24392312,0.403199701,-0.574263549,-0.71249658
2.98E-05,0.0004147,7.67E-05,-89.98352383,0.506391927,0.784367001,-0.358239619
2.98E-05,0.0004147,0.000101895,-393.6400478,0.393137046,-0.038323701,-0.918680879
2.98E-05,0.0004147,0.000127068,-490.1428712,0.347971632,0.446632972,-0.824278309
2.98E-05,0.0004147,0.000152242,-553.1348217,0.007936959,0.32988226,-0.943988718
2.98E-05,0.0004147,0.000177416,-586.2100884,-0.20109784,0.093431381,-0.975105243
2.98E-05,0.0004147,0.000202589,-641.5370235,-0.184969941,0.238353187,-0.953401216
2.98E-05,0.0004147,0.000227763,-714.0080544,-0.119497933,0.350847941,-0.928776596
2.98E-05,0.0004147,0.000252937,-787.8761291,-0.06940152,0.426087794,-0.902015865
2.98E-05,0.0004147,0.000278111,-852.2709581,-0.031300662,0.46723052,-0.883581298
2.98E-05,0.0004147,0.000303284,-901.9716368,0.028733211,0.516787357,-0.85563148
2.98E-05,0.0004147,0.000328458,-934.2439643,0.163636258,0.659969608,-0.73325527
2.98E-05,0.0004147,0.000353632,-946.5860416,0.886823047,0.127782573,0.44409064
2.98E-05,0.0004147,0.000378805,-905.0460615,-0.75395339,-0.635030701,-0.16819719
2.98E-05,0.0004147,0.000403979,-956.3200092,0.504782739,-0.537565084,0.67543924
2.98E-05,0.0004147,0.000429153,-600.8921091,0.653301234,-0.197240536,0.730953945
2.98E-05,0.0004147,0.000454326,-278.4054826,0.706780261,-0.161457178,0.688762109
2.98E-05,0.0004147,0.0004795,2.213152651,0.250950308,-0.046309173,0.966891619
2.98E-05,0.0004403,1.20E-06,1614.879624,-0.125154376,-0.000586637,0.992137107
2.98E-05,0.0004403,2.64E-05,1450.86728,0.427476872,-0.464021067,-0.775853062
2.98E-05,0.0004403,5.15E-05,-963.8399476,-0.349839689,0.076443292,-0.933685501
2.98E-05,0.0004403,7.67E-05,-279.4703033,0.308023958,-0.309904128,0.899489118
2.98E-05,0.0004403,0.000101895,-359.5190014,0.471053188,0.207988701,-0.857233687
2.98E-05,0.0004403,0.000127068,-462.4761559,0.235870047,0.32993221,-0.914062393
2.98E-05,0.0004403,0.000152242,-526.398893,0.129501266,0.409345195,-0.903142255
2.98E-05,0.0004403,0.000177416,-576.9930858,-0.007368823,0.257896361,-0.966144486
2.98E-05,0.0004403,0.000202589,-628.7029132,-0.08305884,0.229851802,-0.969674883
2.98E-05,0.0004403,0.000227763,-691.8183175,-0.066061181,0.290215658,-0.954678371
2.98E-05,0.0004403,0.000252937,-760.1852456,-0.023765226,0.352142044,-0.935644802
2.98E-05,0.0004403,0.000278111,-824.3956185,0.020633991,0.40447455,-0.914316454
2.98E-05,0.0004403,0.000303284,-877.4500182,0.070888534,0.457783767,-0.886232948
2.98E-05,0.0004403,0.000328458,-915.5429348,0.034879886,0.471211365,-0.881330382
2.98E-05,0.0004403,0.000353632,-944.3733488,0.852646753,0.498168217,-0.157549806
2.98E-05,0.0004403,0.000378805,-921.4574534,0.678401572,-0.179680085,-0.712380779
2.98E-05,0.0004403,0.000403979,-1086.994669,0.562316723,0.301369363,0.770049616
2.98E-05,0.0004403,0.000429153,-705.3071807,0.642143519,-0.228520654,0.731730833
2.98E-05,0.0004403,0.000454326,-363.9743888,0.697013571,-0.209886283,0.685652849
2.98E-05,0.0004403,0.0004795,-69.99578405,0.30590352,-0.081881514,0.948534899
2.98E-05,0.0004659,1.20E-06,2085.910822,0.788463059,-0.430588642,0.43922594
2.98E-05,0.0004659,2.64E-05,472.1251467,0.36826914,-0.624762072,-0.688513031
2.98E-05,0.0004659,5.15E-05,53.82250551,-0.713671781,0.504417828,-0.486040373
2.98E-05,0.0004659,7.67E-05,-301.7183424,-0.133192837,-0.011385172,-0.991024745
2.98E-05,0.0004659,0.000101895,-348.4857931,0.179958067,0.211549768,-0.960656957
2.98E-05,0.0004659,0.000127068,-428.8872329,0.126491907,0.320513875,-0.938760168
2.98E-05,0.0004659,0.000152242,-500.3515365,0.081111734,0.318832846,-0.944333894
2.98E-05,0.0004659,0.000177416,-558.4392481,0.018627795,0.270406002,-0.962566153
2.98E-05,0.0004659,0.000202589,-613.8579033,-0.035040195,0.219441517,-0.974996208
2.98E-05,0.0004659,0.000227763,-673.3614434,-0.045924077,0.235937618,-0.970682451
2.98E-05,0.0004659,0.000252937,-737.1339364,-0.023340258,0.2790163,-0.960002675
2.98E-05,0.0004659,0.000278111,-799.5169555,0.011670496,0.322585331,-0.946468438
2.98E-05,0.0004659,0.000303284,-854.092141,0.042177494,0.35728878,-0.933041149
2.98E-05,0.0004659,0.000328458,-897.856839,0.098246887,0.376999427,-0.920988046
2.98E-05,0.0004659,0.000353632,-927.5677836,0.225646723,0.467041504,-0.854959525
2.98E-05,0.0004659,0.000378805,-941.6278883,0.851635153,-0.159318536,0.499334727
2.98E-05,0.0004659,0.000403979,-870.2940815,0.254392975,0.835048622,0.487829902
2.98E-05,0.0004659,0.000429153,-830.5163683,0.801063446,-0.32875768,0.500215696
2.98E-05,0.0004659,0.000454326,-476.1751138,0.674434103,-0.252405826,0.693851526
2.98E-05,0.0004659,0.0004795,-171.5027163,0.238693163,-0.083872959,0.967466227
2.98E-05,0.0004915,1.20E-06,973.2231036,0.933474863,-0.323851242,-0.1540943
2.98E-05,0.0004915,2.64E-05,-424.2924004,0.415468642,0.6806652,-0.603390996
2.98E-05,0.0004915,5.15E-05,-147.136479,0.112045265,0.990140589,0.084068259
2.98E-05,0.0004915,7.67E-05,-284.170405,-0.062614407,0.993882844,-0.090974334
2.98E-05,0.0004915,0.000101895,-331.0404241,-0.018371754,0.998018828,-0.060173896
2.98E-05,0.0004915,0.000127068,-409.7476839,-0.003089065,0.99761601,-0.068940223
2.98E-05,0.0004915,0.000152242,-481.9178628,-0.001630083,0.998209611,-0.059790593
2.98E-05,0.0004915,0.000177416,-544.566655,-0.002676555,0.9985934,-0.052953347
2.98E-05,0.0004915,0.000202589,-602.3994478,-0.004039531,0.99865444,-0.051700983
2.98E-05,0.0004915,0.000227763,-661.3469567,-0.004833101,0.998507204,-0.054405923
2.98E-05,0.0004915,0.000252937,-722.8983223,-0.004637236,0.998362482,-0.057016227
2.98E-05,0.0004915,0.000278111,-783.8576149,-0.003628651,0.998401038,-0.056411002
2.98E-05,0.0004915,0.000303284,-839.1550727,-0.00222358,0.998654204,-0.05181541
2.98E-05,0.0004915,0.000328458,-884.9568932,-0.000660417,0.999014566,-0.0443786
2.98E-05,0.0004915,0.000353632,-920.0574647,-0.006421227,0.999446794,-0.03263241
2.98E-05,0.0004915,0.000378805,-940.0407594,0.027960049,0.999475873,0.016316072
2.98E-05,0.0004915,0.000403979,-893.5772337,-0.05518018,0.998309655,-0.018247741
2.98E-05,0.0004915,0.000429153,-968.7213385,0.126340497,0.9757866,0.178545762
2.98E-05,0.0004915,0.000454326,-607.7669359,0.395796838,0.808160911,0.436143101
2.98E-05,0.0004915,0.0004795,-295.8733142,0.308250542,0.500899646,0.808752835
5.53E-05,5.10E-06,1.20E-06,1795.607562,-0.01046453,0.367551009,0.929944487
5.53E-05,5.10E-06,2.64E-05,1757.977371,0.022031411,0.999459849,-0.024384985
5.53E-05,5.10E-06,5.15E-05,1755.901835,0.060094414,0.99787167,0.025313881
5.53E-05,5.10E-06,7.67E-05,1797.423694,0.082849842,0.99509549,0.054045072
5.53E-05,5.10E-06,0.000101895,1860.436827,0.110354726,0.99233701,0.055579611
5.53E-05,5.10E-06,0.000127068,1911.754494,0.129083945,0.991141575,0.031236398
5.53E-05,5.10E-06,0.000152242,1928.831133,0.139178995,0.990257148,-0.004470868
5.53E-05,5.10E-06,0.000177416,1901.517691,0.142110422,0.98892988,-0.042688651
5.53E-05,5.10E-06,0.000202589,1829.09031,0.139588128,0.987044809,-0.079105617
5.53E-05,5.10E-06,0.000227763,1716.997327,0.133614357,0.984726378,-0.111629583
5.53E-05,5.10E-06,0.000252937,1573.527449,0.126167638,0.982110477,-0.139788188
5.53E-05,5.10E-06,0.000278111,1407.015843,0.118800834,0.979197418,-0.164495529
5.53E-05,5.10E-06,0.000303284,1224.09384,0.11257742,0.975788898,-0.187516268
5.53E-05,5.10E-06,0.000328458,1029.315922,0.108631418,0.971892775,-0.208862752
5.53E-05,5.10E-06,0.000353632,828.9733654,0.1084155,0.978974227,-0.172787564
5.53E-05,5.10E-06,0.000378805,723.6106391,0.090517811,0.99410336,-0.05970791
5.53E-05,5.10E-06,0.000403979,732.2640534,0.036037166,0.999288812,0.011099186
5.53E-05,5.10E-06,0.000429153,743.0256058,-0.008841767,0.999821917,0.016672033
5.53E-05,5.10E-06,0.000454326,754.7496923,-0.073360057,0.996902121,0.028363068
5.53E-05,5.10E-06,0.0004795,771.5842621,-0.090605694,0.565721317,0.819603562
5.53E-05,3.07E-05,1.20E-06,1700.621867,-0.056519457,-0.169707235,0.983872454
5.53E-05,3.07E-05,2.64E-05,1621.274568,-0.035594837,-0.89595056,-0.442725198
5.53E-05,3.07E-05,5.15E-05,1585.290121,0.12353037,-0.991116521,0.049277674
5.53E-05,3.07E-05,7.67E-05,1638.444696,0.333851227,-0.845783126,0.416166147
5.53E-05,3.07E-05,0.000101895,1728.0669,0.548501846,-0.697331105,0.461383847
5.53E-05,3.07E-05,0.000127068,1797.640491,0.726995508,-0.626185832,0.281724753
5.53E-05,3.07E-05,0.000152242,1825.488455,0.82030147,-0.571606673,0.019269375
5.53E-05,3.07E-05,0.000177416,1804.528536,0.821830557,-0.51891029,-0.235216171
5.53E-05,3.07E-05,0.000202589,1736.183373,0.766320097,-0.471455423,-0.436443918
5.53E-05,3.07E-05,0.000227763,1627.585311,0.692052056,-0.430936027,-0.579101108
5.53E-05,3.07E-05,0.000252937,1488.698876,0.622869246,-0.393044815,-0.676424183
5.53E-05,3.07E-05,0.000278111,1329.714112,0.56931381,-0.347993709,-0.744837005
5.53E-05,3.07E-05,0.000303284,1159.490988,0.535418384,-0.281011912,-0.79646686
5.53E-05,3.07E-05,0.000328458,986.5612983,0.532164987,-0.169772469,-0.829444233
5.53E-05,3.07E-05,0.000353632,829.2714129,0.611697833,0.051631046,-0.789404837
5.53E-05,3.07E-05,0.000378805,740.5016517,0.785785278,0.267828169,-0.557502977
5.53E-05,3.07E-05,0.000403979,726.033149,0.974333312,0.203098615,-0.097085274
5.53E-05,3.07E-05,0.000429153,733.3293616,-0.363753915,0.212715632,0.906882103
5.53E-05,3.07E-05,0.000454326,745.907923,-0.943597567,0.058561042,0.325874572
5.53E-05,3.07E-05,0.0004795,761.1632046,-0.135143672,0.001568386,0.990824772
5.53E-05,5.63E-05,1.20E-06,1644.735292,-0.126529704,-0.057260273,0.990308788
5.53E-05,5.63E-05,2.64E-05,1520.625937,-0.253023454,-0.32921475,-0.909723464
5.53E-05,5.63E-05,5.15E-05,1404.712565,-0.220946853,-0.966444047,-0.131028212
5.53E-05,5.63E-05,7.67E-05,1502.341481,0.182128112,-0.57776176,0.79562598
5.53E-05,5.63E-05,0.000101895,1615.755161,0.45784172,-0.588620492,0.666263369
5.53E-05,5.63E-05,0.000127068,1691.54985,0.682572976,-0.632766524,0.365651008
5.53E-05,5.63E-05,0.000152242,1721.04391,0.783025678,-0.621224475,0.030837311
5.53E-05,5.63E-05,0.000177416,1701.16533,0.778733052,-0.576067775,-0.248436618
5.53E-05,5.63E-05,0.000202589,1634.715799,0.723991201,-0.525606231,-0.446737988
5.53E-05,5.63E-05,0.000227763,1529.713794,0.659778002,-0.481783981,-0.576695053
5.53E-05,5.63E-05,0.000252937,1397.51449,0.608072118,-0.44280387,-0.658918077
5.53E-05,5.63E-05,0.000278111,1250.602584,0.580002256,-0.397393425,-0.711108887
5.53E-05,5.63E-05,0.000303284,1100.971242,0.582902975,-0.326415187,-0.744094918
5.53E-05,5.63E-05,0.000328458,960.5812167,0.625688505,-0.202892281,-0.753225476
5.53E-05,5.63E-05,0.000353632,845.3394473,0.714177026,0.000828825,-0.699964634
5.53E-05,5.63E-05,0.000378805,774.0469065,0.822367665,0.184748192,-0.538125942
5.53E-05,5.63E-05,0.000403979,747.5223003,0.920158757,0.266469492,-0.286883028
5.53E-05,5.63E-05,0.000429153,747.766322,0.058468928,0.815048946,0.576434385
5.53E-05,5.63E-05,0.000454326,759.8362583,-0.935300066,0.214196243,0.281662487
5.53E-05,5.63E-05,0.0004795,773.1210807,-0.161204989,0.020285109,0.986712454
5.53E-05,8.19E-05,1.20E-06,1656.668719,-0.186318741,0.113678032,0.975890686
5.53E-05,8.19E-05,2.64E-05,1532.943101,-0.45619082,0.394871195,-0.797475188
5.53E-05,8.19E-05,5.15E-05,1448.142858,-0.468405771,0.835427774,-0.287500378
5.53E-05,8.19E-05,7.67E-05,1482.59601,-0.133523664,0.29584626,0.945857506
5.53E-05,8.19E-05,0.000101895,1558.077058,0.382103434,-0.391354763,0.837160926
5.53E-05,8.19E-05,0.000127068,1612.350538,0.66864973,-0.643181774,0.37312832
5.53E-05,8.19E-05,0.000152242,1628.502064,0.744721633,-0.665698858,-0.047272835
5.53E-05,8.19E-05,0.000177416,1600.963403,0.717910389,-0.615509202,-0.32519701
5.53E-05,8.19E-05,0.000202589,1531.04723,0.661641935,-0.56257656,-0.49571924
5.53E-05,8.19E-05,0.000227763,1426.066127,0.607647359,-0.524604901,-0.596283812
5.53E-05,8.19E-05,0.000252937,1297.955066,0.571130745,-0.500480881,-0.650637042
5.53E-05,8.19E-05,0.000278111,1161.188545,0.562942893,-0.479702178,-0.673038721
5.53E-05,8.19E-05,0.000303284,1030.111568,0.593426261,-0.444579626,-0.670965147
5.53E-05,8.19E-05,0.000328458,916.5370299,0.666951931,-0.379195105,-0.641393946
5.53E-05,8.19E-05,0.000353632,829.4960279,0.771097479,-0.290710193,-0.566477062
5.53E-05,8.19E-05,0.000378805,774.6527319,0.870826647,-0.238801642,-0.429691431
5.53E-05,8.19E-05,0.000403979,750.8570965,0.922358723,-0.31899833,-0.217932219
5.53E-05,8.19E-05,0.000429153,751.0355331,0.416356283,-0.825117971,0.381874036
5.53E-05,8.19E-05,0.000454326,765.5160227,-0.899735651,-0.30000697,0.316972518
5.53E-05,8.19E-05,0.0004795,779.6632859,-0.171761428,-0.0256998,0.984803296
5.53E-05,0.0001075,1.20E-06,1733.968167,-0.208409202,0.217999764,0.953436787
5.53E-05,0.0001075,2.64E-05,1625.626441,-0.515276761,0.661193023,-0.545264748
5.53E-05,0.0001075,5.15E-05,1553.49034,-0.491516715,0.808829509,-0.322809765
5.53E-05,0.0001075,7.67E-05,1537.309125,-0.510466493,0.859889749,0.003685111
5.53E-05,0.0001075,0.000101895,1554.070471,-0.33115802,0.649950848,0.684030891
5.53E-05,0.0001075,0.000127068,1568.098572,0.694448719,-0.717628338,0.052445636
5.53E-05,0.0001075,0.000152242,1557.974004,0.665504875,-0.67110661,-0.326679016
5.53E-05,0.0001075,0.000177416,1513.586174,0.623686928,-0.60402166,-0.496157686
5.53E-05,0.0001075,0.000202589,1432.868896,0.578920056,-0.558960054,-0.593645708
5.53E-05,0.0001075,0.000227763,1321.168602,0.539585174,-0.539906054,-0.646025768
5.53E-05,0.0001075,0.000252937,1190.315757,0.513963846,-0.543377447,-0.663763599
5.53E-05,0.0001075,0.000278111,1056.466648,0.512854288,-0.56165055,-0.649252755
5.53E-05,0.0001075,0.000303284,936.1205824,0.551484559,-0.578154482,-0.601333664
5.53E-05,0.0001075,0.000328458,839.9677991,0.627255634,-0.579455899,-0.520366439
5.53E-05,0.0001075,0.000353632,771.292791,0.706631707,-0.577725342,-0.408540156
5.53E-05,0.0001075,0.000378805,729.603084,0.745334756,-0.610918433,-0.266935891
5.53E-05,0.0001075,0.000403979,712.367184,0.677127804,-0.731043841,-0.084100177
5.53E-05,0.0001075,0.000429153,715.5562824,0.308537076,-0.937154249,0.162931846
5.53E-05,0.0001075,0.000454326,732.2819078,-0.402793995,-0.873548368,0.273258571
5.53E-05,0.0001075,0.0004795,749.4713849,-0.114835206,-0.096653845,0.988671285
5.53E-05,0.0001331,1.20E-06,1860.390881,-0.206724023,0.255013178,0.944581101
5.53E-05,0.0001331,2.64E-05,1755.498371,-0.54107387,0.70582229,-0.457224192
5.53E-05,0.0001331,5.15E-05,1673.177496,-0.546954816,0.743384653,-0.3849931
5.53E-05,0.0001331,7.67E-05,1620.25735,-0.570232155,0.749937247,-0.335304957
5.53E-05,0.0001331,0.000101895,1587.827942,-0.583579666,0.685933036,-0.434661527
5.53E-05,0.0001331,0.000127068,1558.032858,-0.194505997,0.144206226,-0.970243259
5.53E-05,0.0001331,0.000152242,1514.619104,0.382562842,-0.430066649,-0.817733666
5.53E-05,0.0001331,0.000177416,1446.081379,0.478152031,-0.48576749,-0.731710722
5.53E-05,0.0001331,0.000202589,1346.804077,0.485223253,-0.494589659,-0.72106828
5.53E-05,0.0001331,0.000227763,1219.923199,0.471398771,-0.516039801,-0.71518258
5.53E-05,0.0001331,0.000252937,1077.592151,0.456329732,-0.554117842,-0.696215909
5.53E-05,0.0001331,0.000278111,937.5673957,0.451772867,-0.610825404,-0.650225809
5.53E-05,0.0001331,0.000303284,818.4328694,0.484052185,-0.672029345,-0.560419523
5.53E-05,0.0001331,0.000328458,729.8841333,0.547353981,-0.715798539,-0.433631262
5.53E-05,0.0001331,0.000353632,670.7839055,0.590764685,-0.750074696,-0.297296212
5.53E-05,0.0001331,0.000378805,637.5097749,0.585207725,-0.795165446,-0.158883078
5.53E-05,0.0001331,0.000403979,626.6869635,0.501186374,-0.86525152,-0.012329858
5.53E-05,0.0001331,0.000429153,634.5498436,0.296041935,-0.945014841,0.138946479
5.53E-05,0.0001331,0.000454326,655.2607205,-0.018453513,-0.969126194,0.245873724
5.53E-05,0.0001331,0.0004795,680.0787006,-0.042019146,-0.128822928,0.99077699
5.53E-05,0.0001587,1.20E-06,2029.221312,-0.191019089,0.265106235,0.945108667
5.53E-05,0.0001587,2.64E-05,1919.524182,-0.532644476,0.73110222,-0.426355962
5.53E-05,0.0001587,5.15E-05,1819.050101,-0.541358413,0.725670178,-0.424657345
5.53E-05,0.0001587,7.67E-05,1731.433198,-0.547586077,0.699265504,-0.459540253
5.53E-05,0.0001587,0.000101895,1653.928976,-0.520621605,0.617888706,-0.58920853
5.53E-05,0.0001587,0.000127068,1579.163792,-0.334530789,0.363813504,-0.869326685
5.53E-05,0.0001587,0.000152242,1498.098813,0.089988885,-0.087881156,-0.992057913
5.53E-05,0.0001587,0.000177416,1400.29057,0.334952256,-0.307626173,-0.890602675
5.53E-05,0.0001587,0.000202589,1275.117167,0.408666066,-0.398408464,-0.821135033
5.53E-05,0.0001587,0.000227763,1123.629192,0.426150637,-0.475996192,-0.7693005
5.53E-05,0.0001587,0.000252937,961.7831919,0.428783373,-0.544888843,-0.720583769
5.53E-05,0.0001587,0.000278111,808.8881982,0.428651989,-0.623853118,-0.65350192
5.53E-05,0.0001587,0.000303284,682.8587968,0.449591824,-0.710196278,-0.541745733
5.53E-05,0.0001587,0.000328458,592.1150087,0.486139061,-0.780346727,-0.393354546
5.53E-05,0.0001587,0.000353632,534.2865624,0.497880929,-0.8323659,-0.243478109
5.53E-05,0.0001587,0.000378805,505.1727722,0.473756872,-0.874979774,-0.099823956
5.53E-05,0.0001587,0.000403979,501.1354816,0.407998443,-0.911999946,0.042348198
5.53E-05,0.0001587,0.000429153,517.926853,0.29531781,-0.937917864,0.181927103
5.53E-05,0.0001587,0.000454326,549.7880945,0.148191894,-0.939827272,0.307837396
5.53E-05,0.0001587,0.0004795,590.1241998,0.001089518,-0.12236247,0.992484881
5.53E-05,0.0001843,1.20E-06,2239.607227,-0.165568009,0.26377905,0.95026725
5.53E-05,0.0001843,2.64E-05,2121.996848,-0.495101846,0.761318798,-0.418650033
5.53E-05,0.0001843,5.15E-05,2000.037514,-0.497284898,0.734387481,-0.461933715
5.53E-05,0.0001843,7.67E-05,1875.771155,-0.484809253,0.684897819,-0.5439439
5.53E-05,0.0001843,0.000101895,1750.213375,-0.428414634,0.580085235,-0.692792915
5.53E-05,0.0001843,0.000127068,1624.352247,-0.255766939,0.344264367,-0.903363337
5.53E-05,0.0001843,0.000152242,1498.505331,0.059600418,-0.033291488,-0.997667012
5.53E-05,0.0001843,0.000177416,1367.756165,0.283527193,-0.27823012,-0.917714733
5.53E-05,0.0001843,0.000202589,1210.296834,0.370260117,-0.386109651,-0.844882704
5.53E-05,0.0001843,0.000227763,1022.768043,0.414214751,-0.475619582,-0.776023294
5.53E-05,0.0001843,0.000252937,835.5617407,0.438445207,-0.55189702,-0.709348631
5.53E-05,0.0001843,0.000278111,666.7882787,0.449384909,-0.632076275,-0.631294532
5.53E-05,0.0001843,0.000303284,529.4436474,0.457263801,-0.721067011,-0.520549885
5.53E-05,0.0001843,0.000328458,430.1513269,0.458875411,-0.804763443,-0.376549012
5.53E-05,0.0001843,0.000353632,368.5255239,0.442994163,-0.869457695,-0.21863094
5.53E-05,0.0001843,0.000378805,342.0120695,0.408722201,-0.910927236,-0.05619372
5.53E-05,0.0001843,0.000403979,347.3668371,0.359950601,-0.926620805,0.108671288
5.53E-05,0.0001843,0.000429153,379.4755116,0.300959934,-0.914131232,0.271638009
5.53E-05,0.0001843,0.000454326,431.1095094,0.239626556,-0.871746199,0.427361298
5.53E-05,0.0001843,0.0004795,494.5919526,0.024230696,-0.100686933,0.994623052
5.53E-05,0.0002099,1.20E-06,2488.61322,-0.133389334,0.253000273,0.958226564
5.53E-05,0.0002099,2.64E-05,2362.561717,-0.436294039,0.790439806,-0.429944676
5.53E-05,0.0002099,5.15E-05,2217.131751,-0.428597968,0.74300955,-0.514043374
5.53E-05,0.0002099,7.67E-05,2051.322161,-0.393082917,0.660128478,-0.640090784
5.53E-05,0.0002099,0.000101895,1868.010651,-0.297192168,0.500389797,-0.813195467
5.53E-05,0.0002099,0.000127068,1676.712135,-0.095711067,0.207089801,-0.973628885
5.53E-05,0.0002099,0.000152242,1489.391367,0.170446639,-0.168674135,-0.970822836
5.53E-05,0.0002099,0.000177416,1311.432597,0.326830227,-0.416622833,-0.848296775
5.53E-05,0.0002099,0.000202589,1114.788359,0.387436056,-0.497214806,-0.77631871
5.53E-05,0.0002099,0.000227763,890.0670123,0.441427363,-0.53429708,-0.720880373
5.53E-05,0.0002099,0.000252937,680.1286162,0.4715117,-0.590966533,-0.654549672
5.53E-05,0.0002099,0.000278111,497.200511,0.479599085,-0.657690716,-0.580885221
5.53E-05,0.0002099,0.000303284,349.5175775,0.473150376,-0.735924879,-0.4842967
5.53E-05,0.0002099,0.000328458,242.375358,0.452356378,-0.818071465,-0.355151777
5.53E-05,0.0002099,0.000353632,177.8359161,0.416890146,-0.888137606,-0.193427504
5.53E-05,0.0002099,0.000378805,156.3717128,0.373780894,-0.927509229,-0.003804503
5.53E-05,0.0002099,0.000403979,176.2815751,0.335967494,-0.920160357,0.201074019
5.53E-05,0.0002099,0.000429153,231.3388472,0.312825236,-0.86119069,0.400613239
5.53E-05,0.0002099,0.000454326,310.9929936,0.306057628,-0.757907305,0.576112181
5.53E-05,0.0002099,0.0004795,403.9473222,0.038230154,-0.075273163,0.99642983
5.53E-05,0.0002355,1.20E-06,2765.497226,-0.096825649,0.231481963,0.968008726
5.53E-05,0.0002355,2.64E-05,2629.559435,-0.359361565,0.803999108,-0.473755949
5.53E-05,0.0002355,5.15E-05,2457.528564,-0.343251946,0.718880625,-0.604473943
5.53E-05,0.0002355,7.67E-05,2241.918742,-0.279200642,0.570655039,-0.772269272
5.53E-05,0.0002355,0.000101895,1984.628743,-0.132519737,0.318694483,-0.938547999
5.53E-05,0.0002355,0.000127068,1706.247962,0.089014483,-0.023272605,-0.995758408
5.53E-05,0.0002355,0.000152242,1433.965617,0.294448969,-0.332794238,-0.895850322
5.53E-05,0.0002355,0.000177416,1180.662235,0.409489094,-0.518917478,-0.750362134
5.53E-05,0.0002355,0.000202589,935.8512511,0.463592813,-0.590267967,-0.660806651
5.53E-05,0.0002355,0.000227763,695.1542314,0.499765922,-0.612414721,-0.61252121
5.53E-05,0.0002355,0.000252937,474.8515083,0.515363728,-0.645731905,-0.56340974
5.53E-05,0.0002355,0.000278111,286.1241802,0.513390417,-0.693733222,-0.505138097
5.53E-05,0.0002355,0.000303284,135.6602023,0.496581536,-0.755651951,-0.427079508
5.53E-05,0.0002355,0.000328458,27.99551908,0.463573847,-0.828264807,-0.314764512
5.53E-05,0.0002355,0.000353632,-33.05447592,0.413520994,-0.897955859,-0.150584402
5.53E-05,0.0002355,0.000378805,-43.34186301,0.357782828,-0.930825018,0.074540156
5.53E-05,0.0002355,0.000403979,-1.50961456,0.324304123,-0.88568134,0.332258031
5.53E-05,0.0002355,0.000429153,84.98478469,0.329725804,-0.758646914,0.561903688
5.53E-05,0.0002355,0.000454326,200.1880273,0.362460264,-0.588263844,0.722888793
5.53E-05,0.0002355,0.0004795,327.3024188,0.049168467,-0.049888683,0.997543774
5.53E-05,0.0002611,1.20E-06,3048.480227,-0.057507264,0.086089901,0.994626283
5.53E-05,0.0002611,2.64E-05,2894.058453,-0.248124548,0.767034878,-0.591685478
5.53E-05,0.0002611,5.15E-05,2685.947013,-0.232822264,0.588105612,-0.774548631
5.53E-05,0.0002611,7.67E-05,2406.681094,-0.145678458,0.320998317,-0.935808671
5.53E-05,0.0002611,0.000101895,2052.984017,0.037310509,0.001627023,-0.999302396
5.53E-05,0.0002611,0.000127068,1663.624228,0.236252408,-0.283984372,-0.929267279
5.53E-05,0.0002611,0.000152242,1290.838075,0.383337494,-0.482133841,-0.787781268
5.53E-05,0.0002611,0.000177416,961.124931,0.471786289,-0.595877691,-0.649882662
5.53E-05,0.0002611,0.000202589,673.7621602,0.520452721,-0.649091665,-0.554805349
5.53E-05,0.0002611,0.000227763,421.3417524,0.546087132,-0.674279334,-0.497127975
5.53E-05,0.0002611,0.000252937,203.3944295,0.553910452,-0.698499935,-0.453079521
5.53E-05,0.0002611,0.000278111,23.48209698,0.54840465,-0.731279639,-0.405564334
5.53E-05,0.0002611,0.000303284,-114.9361885,0.53113641,-0.7754288,-0.341473704
5.53E-05,0.0002611,0.000328458,-209.0952692,0.497773969,-0.832759347,-0.24234881
5.53E-05,0.0002611,0.000353632,-254.7629256,0.440172817,-0.894953705,-0.072840631
5.53E-05,0.0002611,0.000378805,-244.2177822,0.364930954,-0.909056907,0.201099326
5.53E-05,0.0002611,0.000403979,-171.5844721,0.326453419,-0.792804889,0.514673269
5.53E-05,0.0002611,0.000429153,-45.5923091,0.356853633,-0.580982214,0.731515654
5.53E-05,0.0002611,0.000454326,110.4632167,0.417391462,-0.373488138,0.828426809
5.53E-05,0.0002611,0.0004795,273.4796304,0.060757868,-0.025913125,0.997816111
5.53E-05,0.0002867,1.20E-06,2996.162752,-0.029880658,-0.005307877,0.99953938
5.53E-05,0.0002867,2.64E-05,3107.490421,-0.093524564,0.021621059,-0.995382181
5.53E-05,0.0002867,5.15E-05,2833.855382,-0.025756179,0.184343378,-0.98252437
5.53E-05,0.0002867,7.67E-05,2462.712706,0.020043261,-0.138958533,-0.990095346
5.53E-05,0.0002867,0.000101895,1985.859046,0.181662111,-0.357354306,-0.91613142
5.53E-05,0.0002867,0.000127068,1469.391563,0.33572973,-0.507007884,-0.793869356
5.53E-05,0.0002867,0.000152242,996.7445844,0.440082468,-0.611506804,-0.65756129
5.53E-05,0.0002867,0.000177416,605.2833023,0.507256094,-0.676482427,-0.53391271
5.53E-05,0.0002867,0.000202589,293.6399785,0.548464273,-0.710902607,-0.440232239
5.53E-05,0.0002867,0.000227763,46.36691533,0.570865948,-0.729814492,-0.376142097
5.53E-05,0.0002867,0.000252937,-148.9049058,0.579721009,-0.745930699,-0.327888615
5.53E-05,0.0002867,0.000278111,-297.5833868,0.580257935,-0.76501473,-0.279380013
5.53E-05,0.0002867,0.000303284,-401.4276071,0.574699636,-0.789351418,-0.215973766
5.53E-05,0.0002867,0.000328458,-460.614124,0.55873537,-0.821261277,-0.115519264
5.53E-05,0.0002867,0.000353632,-471.893904,0.516918465,-0.85293531,0.072778141
5.53E-05,0.0002867,0.000378805,-425.7124532,0.431484058,-0.807421141,0.402358806
5.53E-05,0.0002867,0.000403979,-312.6546224,0.375886284,-0.585933454,0.717907716
5.53E-05,0.0002867,0.000429153,-142.8158575,0.414808179,-0.336819024,0.8452734
5.53E-05,0.0002867,0.000454326,53.90145451,0.483483441,-0.159071017,0.860778818
5.53E-05,0.0002867,0.0004795,249.710449,0.083800828,-0.005253507,0.996468676
5.53E-05,0.0003123,1.20E-06,3033.047493,0.002476019,-0.018355613,0.999828456
5.53E-05,0.0003123,2.64E-05,2897.643696,-0.505927425,0.313724764,-0.803501222
5.53E-05,0.0003123,5.15E-05,2808.970325,0.350132522,-0.378801076,-0.856689536
5.53E-05,0.0003123,7.67E-05,2285.650445,0.236236558,-0.482903094,-0.843206316
5.53E-05,0.0003123,0.000101895,1658.95872,0.319520181,-0.58518064,-0.745298915
5.53E-05,0.0003123,0.000127068,1021.224406,0.412372183,-0.653282391,-0.634957715
5.53E-05,0.0003123,0.000152242,473.641765,0.479756996,-0.708515898,-0.517531108
5.53E-05,0.0003123,0.000177416,55.18503006,0.527102294,-0.746145681,-0.406730616
5.53E-05,0.0003123,0.000202589,-244.0806117,0.55957792,-0.766621493,-0.314903218
5.53E-05,0.0003123,0.000227763,-451.8528686,0.58056193,-0.776721965,-0.244235204
5.53E-05,0.0003123,0.000252937,-592.3269459,0.593917071,-0.78277998,-0.185790246
5.53E-05,0.0003123,0.000278111,-679.7004392,0.604565758,-0.786638626,-0.125299303
5.53E-05,0.0003123,0.000303284,-720.8796046,0.616190671,-0.786222253,-0.0465148
5.53E-05,0.0003123,0.000328458,-718.545272,0.627753887,-0.774698116,0.075946605
5.53E-05,0.0003123,0.000353632,-670.7257701,0.62389368,-0.72579225,0.289796975
5.53E-05,0.0003123,0.000378805,-569.1778535,0.566544326,-0.564905904,0.599924033
5.53E-05,0.0003123,0.000403979,-406.385817,0.501273559,-0.310272481,0.807747366
5.53E-05,0.0003123,0.000429153,-194.1287523,0.513886941,-0.120647924,0.849331672
5.53E-05,0.0003123,0.000454326,36.6963324,0.566302835,-0.004888365,0.824182749
5.53E-05,0.0003123,0.0004795,257.7049674,0.111458556,0.0130089,0.993683933
5.53E-05,0.0003379,1.20E-06,2946.875974,0.031539519,-0.074924768,0.996690292
5.53E-05,0.0003379,2.64E-05,3196.462359,-0.112268869,0.402966761,-0.908302533
5.53E-05,0.0003379,5.15E-05,2558.668607,0.389945493,-0.412223686,-0.823416143
5.53E-05,0.0003379,7.67E-05,1792.949099,0.392878769,-0.580580242,-0.713142942
5.53E-05,0.0003379,0.000101895,976.2666367,0.425706308,-0.672973763,-0.604880528
5.53E-05,0.0003379,0.000127068,229.2141142,0.469792372,-0.731763201,-0.493779044
5.53E-05,0.0003379,0.000152242,-348.1899771,0.712207656,-0.459656554,-0.530543219
5.53E-05,0.0003379,0.000177416,-733.6731044,0.446371979,-0.621594577,-0.643717514
5.53E-05,0.0003379,0.000202589,-961.6310336,0.515910335,-0.664482698,-0.540647086
5.53E-05,0.0003379,0.000227763,-1079.888939,0.576888516,-0.732858238,-0.360719343
5.53E-05,0.0003379,0.000252937,-1125.139938,0.583653296,-0.804324291,-0.11140586
5.53E-05,0.0003379,0.000278111,-1118.314433,0.572327791,-0.79903225,0.18435933
5.53E-05,0.0003379,0.000303284,-1069.126441,0.597739837,-0.675412625,0.431885255
5.53E-05,0.0003379,0.000328458,-980.8753504,0.619647734,-0.521681927,0.586416792
5.53E-05,0.0003379,0.000353632,-852.3175818,0.674981931,-0.560889048,0.479377585
5.53E-05,0.0003379,0.000378805,-678.8379236,0.646694118,-0.353425558,0.67592684
5.53E-05,0.0003379,0.000403979,-459.1584673,0.60848774,-0.149707498,0.779314016
5.53E-05,0.0003379,0.000429153,-206.8217525,0.612018581,-0.018121316,0.790635741
5.53E-05,0.0003379,0.000454326,51.17616968,0.650342039,0.059770839,0.757286392
5.53E-05,0.0003379,0.0004795,289.6017503,0.150715715,0.023639253,0.98829447
5.53E-05,0.0003635,1.20E-06,2810.827787,0.072048327,-0.120189678,0.990133062
5.53E-05,0.0003635,2.64E-05,3072.787854,0.063565561,-0.384891377,-0.920770355
5.53E-05,0.0003635,5.15E-05,2094.435713,0.418624403,-0.421461267,-0.804440184
5.53E-05,0.0003635,7.67E-05,975.5769379,0.444127243,-0.590263495,-0.674047475
5.53E-05,0.0003635,0.000101895,-110.2736089,0.619456535,-0.363801082,-0.695645293
5.53E-05,0.0003635,0.000127068,-974.8137222,0.602613338,-0.72736713,-0.328320304
5.53E-05,0.0003635,0.000152242,-374.7204075,0.078266319,-0.408685822,0.909313083
5.53E-05,0.0003635,0.000177416,-547.2051948,-0.629807875,0.268895165,-0.728723151
5.53E-05,0.0003635,0.000202589,-676.8035558,-0.726740735,0.491634851,-0.479732297
5.53E-05,0.0003635,0.000227763,-789.6726974,0.400024849,0.760345245,-0.51171792
5.53E-05,0.0003635,0.000252937,-874.4481893,0.387367263,0.817939531,-0.425348712
5.53E-05,0.0003635,0.000278111,-926.5799564,-0.726434695,0.65190204,-0.21752325
5.53E-05,0.0003635,0.000303284,-939.4564881,-0.665921361,0.742265085,0.074774889
5.53E-05,0.0003635,0.000328458,-914.6868224,0.37784504,0.345352059,-0.85904894
5.53E-05,0.0003635,0.000353632,-1030.105174,0.808002976,-0.1224418,0.576315189
5.53E-05,0.0003635,0.000378805,-778.2324856,0.661171752,-0.271086118,0.699545732
5.53E-05,0.0003635,0.000403979,-498.5964768,0.657619585,-0.11742578,0.744142236
5.53E-05,0.0003635,0.000429153,-206.0236725,0.676521154,-0.015191102,0.7362665
5.53E-05,0.0003635,0.000454326,76.54141363,0.716366279,0.046797647,0.696153241
5.53E-05,0.0003635,0.0004795,328.1408727,0.197962249,0.021786031,0.979967508
5.53E-05,0.0003891,1.20E-06,2608.068262,0.130943774,-0.197182905,0.971582539
5.53E-05,0.0003891,2.64E-05,2891.931848,0.087954662,-0.329557399,-0.940029733
5.53E-05,0.0003891,5.15E-05,1441.292948,0.386128832,-0.392316695,-0.834860549
5.53E-05,0.0003891,7.67E-05,-170.4110097,0.757377234,-0.296538232,-0.58176009
5.53E-05,0.0003891,0.000101895,-61.00124245,0.637437373,-0.482445327,-0.600766262
5.53E-05,0.0003891,0.000127068,-366.5679555,-0.582595551,0.596128957,-0.552460578
5.53E-05,0.0003891,0.000152242,-543.6309766,0.653249975,-0.451940809,-0.607465205
5.53E-05,0.0003891,0.000177416,-620.3182535,0.464608338,-0.251104724,-0.849167539
5.53E-05,0.0003891,0.000202589,-708.9396523,0.066625355,0.119630392,-0.990580452
5.53E-05,0.0003891,0.000227763,-781.2417574,-0.102897927,0.375893773,-0.920932076
5.53E-05,0.0003891,0.000252937,-857.4107402,-0.097291274,0.472179555,-0.876116931
5.53E-05,0.0003891,0.000278111,-920.1897231,-0.094282746,0.583381871,-0.806707107
5.53E-05,0.0003891,0.000303284,-949.0679848,0.46694849,0.734001576,-0.493153925
5.53E-05,0.0003891,0.000328458,-943.8159114,0.835457936,-0.1263267,0.534837922
5.53E-05,0.0003891,0.000353632,-881.799122,0.435718785,0.832674524,0.341763482
5.53E-05,0.0003891,0.000378805,-888.2948506,0.617083249,-0.458156661,0.639766159
5.53E-05,0.0003891,0.000403979,-550.9822599,0.671035507,-0.142780257,0.72754735
5.53E-05,0.0003891,0.000429153,-218.8893108,0.707705482,-0.06414593,0.703589546
5.53E-05,0.0003891,0.000454326,87.69252367,0.75598312,-0.014795123,0.654423889
5.53E-05,0.0003891,0.0004795,351.4181382,0.250153043,0.004224793,0.96819709
5.53E-05,0.0004147,1.20E-06,2286.498293,0.185388684,-0.264440072,0.946415598
5.53E-05,0.0004147,2.64E-05,2656.810303,0.434281179,-0.396230522,-0.808950697
5.53E-05,0.0004147,5.15E-05,631.0128056,0.46350551,-0.501068867,-0.730816415
5.53E-05,0.0004147,7.67E-05,196.8504584,-0.014416091,0.061198582,-0.998021498
5.53E-05,0.0004147,0.000101895,-270.4651006,0.657591258,-0.237496187,-0.714961047
5.53E-05,0.0004147,0.000127068,-445.2159069,0.708199573,-0.151081131,-0.689657783
5.53E-05,0.0004147,0.000152242,-566.7021362,0.605359977,0.134096526,-0.784574675
5.53E-05,0.0004147,0.000177416,-596.9159466,0.028432002,0.412203679,-0.910647982
5.53E-05,0.0004147,0.000202589,-657.0400294,-0.336811284,0.459969489,-0.821575455
5.53E-05,0.0004147,0.000227763,-728.0454729,-0.450578859,0.450033329,-0.77100499
5.53E-05,0.0004147,0.000252937,-798.2945815,-0.435652964,0.51885061,-0.735527389
5.53E-05,0.0004147,0.000278111,-859.1741934,-0.339071446,0.626262721,-0.702015356
5.53E-05,0.0004147,0.000303284,-903.6961724,-0.100236154,0.708963843,-0.698085226
5.53E-05,0.0004147,0.000328458,-930.844548,0.896363643,0.406647018,0.176551472
5.53E-05,0.0004147,0.000353632,-892.5425147,-0.721505713,-0.237080167,-0.650555533
5.53E-05,0.0004147,0.000378805,-1019.152879,0.678063678,0.169426331,0.715209317
5.53E-05,0.0004147,0.000403979,-632.1912243,0.664286366,-0.185380629,0.724125435
5.53E-05,0.0004147,0.000429153,-265.2374386,0.712657873,-0.131714711,0.689035552
5.53E-05,0.0004147,0.000454326,63.42963291,0.768025371,-0.098257787,0.632836817
5.53E-05,0.0004147,0.0004795,339.3249481,0.307730373,-0.030085227,0.950997843
5.53E-05,0.0004403,1.20E-06,1949.568593,0.320683361,0.121443943,0.939368698
5.53E-05,0.0004403,2.64E-05,2067.329749,0.278253956,-0.572797834,-0.771023591
5.53E-05,0.0004403,5.15E-05,-273.8895228,0.475787054,-0.545026557,-0.690342474
5.53E-05,0.0004403,7.67E-05,-114.196331,0.709041814,-0.705143249,-0.005718668
5.53E-05,0.0004403,0.000101895,-277.8951562,0.638415701,-0.147112456,-0.75550203
5.53E-05,0.0004403,0.000127068,-432.5626656,0.462370708,0.105099697,-0.880435905
5.53E-05,0.0004403,0.000152242,-517.2638915,0.155491256,0.429364727,-0.889645098
5.53E-05,0.0004403,0.000177416,-578.7344244,-0.246727123,0.298595193,-0.921936352
5.53E-05,0.0004403,0.000202589,-634.2818424,-0.154465089,0.31154026,-0.93759437
5.53E-05,0.0004403,0.000227763,-697.3956071,-0.176751885,0.355519114,-0.917804408
5.53E-05,0.0004403,0.000252937,-763.3443472,-0.15609087,0.40721879,-0.899893604
5.53E-05,0.0004403,0.000278111,-824.5693795,-0.099377987,0.459041158,-0.882839301
5.53E-05,0.0004403,0.000303284,-875.0481046,-0.067138619,0.467983363,-0.881183283
5.53E-05,0.0004403,0.000328458,-917.6908845,0.253861888,0.654215067,-0.712430199
5.53E-05,0.0004403,0.000353632,-914.5260857,0.778852979,-0.184757111,0.599377049
5.53E-05,0.0004403,0.000378805,-825.5756286,0.498511191,0.574746705,0.648962879
5.53E-05,0.0004403,0.000403979,-747.2578868,0.803476592,-0.282936435,0.523805631
5.53E-05,0.0004403,0.000429153,-354.1147606,0.697946658,-0.198816686,0.687998829
5.53E-05,0.0004403,0.000454326,-7.764864986,0.755527309,-0.183409577,0.628919242
5.53E-05,0.0004403,0.0004795,279.8994038,0.354231044,-0.077725621,0.931922258
5.53E-05,0.0004659,1.20E-06,2521.495168,0.375769779,-0.574320878,0.727291277
5.53E-05,0.0004659,2.64E-05,977.017025,0.184965057,-0.484905605,-0.854783296
5.53E-05,0.0004659,5.15E-05,-1120.473169,-0.319025693,0.197500029,-0.926939235
5.53E-05,0.0004659,7.67E-05,-305.4306467,0.171359914,-0.244123313,0.954483938
5.53E-05,0.0004659,0.000101895,-333.5077032,0.387517625,-0.48623901,-0.783199665
5.53E-05,0.0004659,0.000127068,-416.158,0.133124178,0.139115351,-0.981287355
5.53E-05,0.0004659,0.000152242,-494.9613335,0.11339745,0.24622085,-0.962557173
5.53E-05,0.0004659,0.000177416,-558.3745413,-0.007581339,0.260899014,-0.965336329
5.53E-05,0.0004659,0.000202589,-616.9440297,-0.081588035,0.233421823,-0.968946668
5.53E-05,0.0004659,0.000227763,-677.2054087,-0.085522107,0.250066179,-0.964444335
5.53E-05,0.0004659,0.000252937,-739.7714733,-0.069281601,0.285449071,-0.955886441
5.53E-05,0.0004659,0.000278111,-800.1090946,-0.0403955,0.319321399,-0.946785112
5.53E-05,0.0004659,0.000303284,-853.4031962,0.002179534,0.351111601,-0.936331081
5.53E-05,0.0004659,0.000328458,-893.9785205,0.105369013,0.444043599,-0.889787982
5.53E-05,0.0004659,0.000353632,-921.417768,0.917196023,-0.223823675,0.329627695
5.53E-05,0.0004659,0.000378805,-868.5049383,-0.236414195,-0.892241152,0.384725948
5.53E-05,0.0004659,0.000403979,-891.1660507,0.594987808,-0.492460154,0.635194856
5.53E-05,0.0004659,0.000429153,-482.5537858,0.670522321,-0.253837981,0.697112686
5.53E-05,0.0004659,0.000454326,-124.5969585,0.725371501,-0.25590871,0.63902028
5.53E-05,0.0004659,0.0004795,173.3117854,0.263612242,-0.089002376,0.96051401
5.53E-05,0.0004915,1.20E-06,1304.15782,0.545675827,-0.834622218,-0.0751242
5.53E-05,0.0004915,2.64E-05,-33.69190572,0.422121681,0.461036699,-0.780550094
5.53E-05,0.0004915,5.15E-05,3.985004971,0.075428298,0.992120833,-0.100034121
5.53E-05,0.0004915,7.67E-05,-318.8829684,-0.024985588,0.985527918,-0.167661695
5.53E-05,0.0004915,0.000101895,-347.80292,-0.024975758,0.998811532,-0.041853745
5.53E-05,0.0004915,0.000127068,-409.286049,0.002011955,0.998327875,-0.057770279
5.53E-05,0.0004915,0.000152242,-480.2690143,0.002495454,0.998374753,-0.056935278
5.53E-05,0.0004915,0.000177416,-545.2081572,8.47E-05,0.998669569,-0.051566316
5.53E-05,0.0004915,0.000202589,-605.1703791,-0.002297684,0.998759299,-0.04974519
5.53E-05,0.0004915,0.000227763,-665.0089301,-0.003315517,0.998679664,-0.0512634
5.53E-05,0.0004915,0.000252937,-726.0210136,-0.002988087,0.998593441,-0.052935919
5.53E-05,0.0004915,0.000278111,-785.5958821,-0.001808512,0.998640212,-0.052100448
5.53E-05,0.0004915,0.000303284,-839.252221,9.73E-06,0.998861229,-0.047710002
5.53E-05,0.0004915,0.000328458,-883.17379,-0.002587438,0.998793357,-0.049042178
5.53E-05,0.0004915,0.000353632,-932.1160734,0.016306994,0.999835137,-0.007986262
5.53E-05,0.0004915,0.000378805,-896.9223451,-0.128183317,0.988877269,-0.075437283
5.53E-05,0.0004915,0.000403979,-1051.549268,0.12571904,0.979266239,0.158846961
5.53E-05,0.0004915,0.000429153,-637.9707808,0.435749646,0.756566279,0.48757534
5.53E-05,0.0004915,0.000454326,-274.8676679,0.537501176,0.667131327,0.515779292
5.53E-05,0.0004915,0.0004795,30.55705655,0.373940991,0.323803819,0.869091032
8.08E-05,5.10E-06,1.20E-06,1800.198538,0.020099845,0.215069151,0.976391958
8.08E-05,5.10E-06,2.64E-05,1793.729371,0.070961099,0.997277655,0.020044969
8.08E-05,5.10E-06,5.15E-05,1827.019105,0.111689286,0.991254884,0.070279852
8.08E-05,5.10E-06,7.67E-05,1903.860501,0.121912953,0.98899679,0.083800844
8.08E-05,5.10E-06,0.000101895,1999.649303,0.143287685,0.98660263,0.077999298
8.08E-05,5.10E-06,0.000127068,2077.874597,0.159730835,0.986008367,0.047681874
8.08E-05,5.10E-06,0.000152242,2111.585827,0.1648551,0.986308139,0.004364784
8.08E-05,5.10E-06,0.000177416,2088.62687,0.161997369,0.985967838,-0.040302297
8.08E-05,5.10E-06,0.000202589,2010.092757,0.153853478,0.984786773,-0.080772024
8.08E-05,5.10E-06,0.000227763,1885.64726,0.143953921,0.98291853,-0.114666617
8.08E-05,5.10E-06,0.000252937,1727.954113,0.135355808,0.980596159,-0.141809652
8.08E-05,5.10E-06,0.000278111,1548.716083,0.130374831,0.977930483,-0.16326167
8.08E-05,5.10E-06,0.000303284,1357.260983,0.131111549,0.97496898,-0.179569624
8.08E-05,5.10E-06,0.000328458,1162.491984,0.139805338,0.972829327,-0.184546929
8.08E-05,5.10E-06,0.000353632,982.501392,0.163181208,0.97300259,-0.163211067
8.08E-05,5.10E-06,0.000378805,856.5503485,0.130415319,0.986692286,-0.097109103
8.08E-05,5.10E-06,0.000403979,789.2483049,0.086867187,0.9933099,-0.076088991
8.08E-05,5.10E-06,0.000429153,745.856935,0.010880475,0.997254337,-0.073248905
8.08E-05,5.10E-06,0.000454326,716.8376021,-0.135072736,0.988802426,-0.063443828
8.08E-05,5.10E-06,0.0004795,707.6344677,-0.12369378,0.257634363,0.958292431
8.08E-05,3.07E-05,1.20E-06,1689.531881,-0.003933729,-0.190866316,0.981608158
8.08E-05,3.07E-05,2.64E-05,1645.371758,0.299081657,-0.943812882,-0.140596609
8.08E-05,3.07E-05,5.15E-05,1650.466028,0.460564353,-0.857350385,0.229849504
8.08E-05,3.07E-05,7.67E-05,1734.533472,0.540950629,-0.710442261,0.450160206
8.08E-05,3.07E-05,0.000101895,1852.635577,0.639678237,-0.614066956,0.462313233
8.08E-05,3.07E-05,0.000127068,1948.851593,0.758882843,-0.572198718,0.310942854
8.08E-05,3.07E-05,0.000152242,1994.952818,0.837383504,-0.542102679,0.070096733
8.08E-05,3.07E-05,0.000177416,1980.648016,0.841129306,-0.506987271,-0.188322587
8.08E-05,3.07E-05,0.000202589,1908.66516,0.785546227,-0.467001592,-0.405988471
8.08E-05,3.07E-05,0.000227763,1790.170969,0.709796849,-0.42661491,-0.560524889
8.08E-05,3.07E-05,0.000252937,1639.495427,0.645313575,-0.385638057,-0.659434364
8.08E-05,3.07E-05,0.000278111,1470.197655,0.607816419,-0.336575129,-0.719219288
8.08E-05,3.07E-05,0.000303284,1293.372171,0.604367724,-0.267346759,-0.750510069
8.08E-05,3.07E-05,0.000328458,1119.05782,0.643071825,-0.168010899,-0.747148556
8.08E-05,3.07E-05,0.000353632,963.1929911,0.728527204,-0.043732069,-0.683619498
8.08E-05,3.07E-05,0.000378805,851.0914576,0.797966567,0.052523644,-0.600408714
8.08E-05,3.07E-05,0.000403979,783.6826628,0.756711152,0.095117672,-0.646792749
8.08E-05,3.07E-05,0.000429153,737.3754895,0.196795226,0.120731415,-0.972982818
8.08E-05,3.07E-05,0.000454326,704.1873893,-0.873497357,0.01366641,-0.486637027
8.08E-05,3.07E-05,0.0004795,688.9529758,-0.155481794,-0.010570622,0.987782199
8.08E-05,5.63E-05,1.20E-06,1611.080735,-0.058292235,-0.114646474,0.991694611
8.08E-05,5.63E-05,2.64E-05,1527.042555,0.263141258,-0.736694341,-0.622927063
8.08E-05,5.63E-05,5.15E-05,1488.809163,0.705619482,-0.683942184,0.185268009
8.08E-05,5.63E-05,7.67E-05,1579.393441,0.549552272,-0.592004094,0.589511199
8.08E-05,5.63E-05,0.000101895,1710.160692,0.569059195,-0.593365399,0.569288272
8.08E-05,5.63E-05,0.000127068,1811.54649,0.680850119,-0.63062929,0.372491362
8.08E-05,5.63E-05,0.000152242,1861.519491,0.762602962,-0.639140561,0.099679813
8.08E-05,5.63E-05,0.000177416,1852.396075,0.772427703,-0.610453495,-0.175219789
8.08E-05,5.63E-05,0.000202589,1787.279773,0.727473726,-0.560931281,-0.395143108
8.08E-05,5.63E-05,0.000227763,1677.313074,0.667385375,-0.508976654,-0.543635472
8.08E-05,5.63E-05,0.000252937,1537.664424,0.622744266,-0.460724802,-0.632394052
8.08E-05,5.63E-05,0.000278111,1383.996717,0.610122037,-0.407604544,-0.679418601
8.08E-05,5.63E-05,0.000303284,1230.059644,0.637148614,-0.330015392,-0.696513808
8.08E-05,5.63E-05,0.000328458,1086.987392,0.70107973,-0.209316058,-0.681670008
8.08E-05,5.63E-05,0.000353632,965.0689172,0.776576565,-0.054278386,-0.627680409
8.08E-05,5.63E-05,0.000378805,872.519818,0.815805108,0.075734678,-0.573346565
8.08E-05,5.63E-05,0.000403979,806.2546391,0.76423913,0.163151726,-0.62395518
8.08E-05,5.63E-05,0.000429153,755.8880593,0.321940456,0.294336163,-0.899844745
8.08E-05,5.63E-05,0.000454326,718.220499,-0.774091072,0.245579983,-0.583501057
8.08E-05,5.63E-05,0.0004795,696.9113606,-0.17025395,0.019058508,0.985215898
8.08E-05,8.19E-05,1.20E-06,1591.937982,-0.150280758,0.027812013,0.988252086
8.08E-05,8.19E-05,2.64E-05,1498.320476,-0.301761831,0.10626518,-0.947442615
8.08E-05,8.19E-05,5.15E-05,1453.932716,0.971776902,0.108082684,0.209684968
8.08E-05,8.19E-05,7.67E-05,1508.481467,0.453147904,-0.39087619,0.801169633
8.08E-05,8.19E-05,0.000101895,1606.566206,0.4544767,-0.588521338,0.668650554
8.08E-05,8.19E-05,0.000127068,1688.260966,0.570390233,-0.713078054,0.407645276
8.08E-05,8.19E-05,0.000152242,1728.592209,0.659130961,-0.746629621,0.089947682
8.08E-05,8.19E-05,0.000177416,1717.621863,0.677364777,-0.707517218,-0.201485348
8.08E-05,8.19E-05,0.000202589,1655.914433,0.645881257,-0.640664134,-0.415194977
8.08E-05,8.19E-05,0.000227763,1552.511814,0.602890153,-0.580655011,-0.547140953
8.08E-05,8.19E-05,0.000252937,1422.18364,0.575959175,-0.539357066,-0.614300403
8.08E-05,8.19E-05,0.000278111,1282.530681,0.582630132,-0.508684447,-0.633862969
8.08E-05,8.19E-05,0.000303284,1150.262911,0.634694412,-0.462199185,-0.619301959
8.08E-05,8.19E-05,0.000328458,1036.310827,0.724716552,-0.375810783,-0.57753976
8.08E-05,8.19E-05,0.000353632,944.3329265,0.813337256,-0.262291396,-0.51931275
8.08E-05,8.19E-05,0.000378805,872.4248684,0.8569167,-0.170539483,-0.486425795
8.08E-05,8.19E-05,0.000403979,814.6959847,0.82454952,-0.13243283,-0.55007239
8.08E-05,8.19E-05,0.000429153,766.6588121,0.523561728,-0.144674885,-0.839614373
8.08E-05,8.19E-05,0.000454326,729.429459,-0.693627334,-0.084757148,-0.715330237
8.08E-05,8.19E-05,0.0004795,706.5174101,-0.158015994,-0.003236489,0.987431249
8.08E-05,0.0001075,1.20E-06,1633.741525,-0.235570351,0.149549803,0.960281972
8.08E-05,0.0001075,2.64E-05,1542.783359,-0.657836586,0.512139807,-0.552235316
8.08E-05,0.0001075,5.15E-05,1494.13537,-0.706302918,0.665515788,-0.241298413
8.08E-05,0.0001075,7.67E-05,1503.665219,-0.728666957,0.287549367,0.621578496
8.08E-05,0.0001075,0.000101895,1549.245757,-0.096483956,-0.621497625,0.777451959
8.08E-05,0.0001075,0.000127068,1594.47628,0.288689544,-0.877414511,0.383147652
8.08E-05,0.0001075,0.000152242,1613.675868,0.478813006,-0.877887025,-0.007244072
8.08E-05,0.0001075,0.000177416,1592.865604,0.543458213,-0.783058369,-0.302444642
8.08E-05,0.0001075,0.000202589,1528.193137,0.542385907,-0.683336559,-0.488741931
8.08E-05,0.0001075,0.000227763,1425.064875,0.521860897,-0.616810928,-0.589241447
8.08E-05,0.0001075,0.000252937,1296.606077,0.508059961,-0.591466637,-0.626132808
8.08E-05,0.0001075,0.000278111,1162.080736,0.519621415,-0.600865841,-0.607415695
8.08E-05,0.0001075,0.000303284,1043.188184,0.579329204,-0.606829477,-0.544183479
8.08E-05,0.0001075,0.000328458,950.7174342,0.676820982,-0.574293925,-0.460542991
8.08E-05,0.0001075,0.000353632,880.8925865,0.757976145,-0.524705279,-0.387500366
8.08E-05,0.0001075,0.000378805,826.2997791,0.790729803,-0.497890739,-0.356161747
8.08E-05,0.0001075,0.000403979,780.3596751,0.749932531,-0.535116525,-0.388910663
8.08E-05,0.0001075,0.000429153,740.9468746,0.518416788,-0.692596797,-0.501551305
8.08E-05,0.0001075,0.000454326,710.9738624,-0.31087953,-0.804068071,-0.506782454
8.08E-05,0.0001075,0.0004795,694.0364535,-0.109901269,-0.058082389,0.992243996
8.08E-05,0.0001331,1.20E-06,1726.3563,-0.28153503,0.219697089,0.934061677
8.08E-05,0.0001331,2.64E-05,1629.982978,-0.719217835,0.552702464,-0.421005572
8.08E-05,0.0001331,5.15E-05,1563.650059,-0.780062589,0.547890933,-0.302188487
8.08E-05,0.0001331,7.67E-05,1534.407918,-0.888318804,0.438430572,-0.136632116
8.08E-05,0.0001331,0.000101895,1532.74216,-0.996994245,0.072591362,0.027073415
8.08E-05,0.0001331,0.000127068,1538.216248,-0.706075615,-0.707606694,-0.027385991
8.08E-05,0.0001331,0.000152242,1530.093638,0.042591966,-0.939535719,-0.339791932
8.08E-05,0.0001331,0.000177416,1492.550721,0.339456749,-0.776873843,-0.530317025
8.08E-05,0.0001331,0.000202589,1417.33001,0.422306467,-0.652839061,-0.628854839
8.08E-05,0.0001331,0.000227763,1305.983818,0.440742375,-0.593444741,-0.673475685
8.08E-05,0.0001331,0.000252937,1169.552702,0.440897345,-0.586943424,-0.679048561
8.08E-05,0.0001331,0.000278111,1027.600082,0.443049238,-0.634741157,-0.633096388
8.08E-05,0.0001331,0.000303284,910.5761282,0.498231544,-0.696366389,-0.516564789
8.08E-05,0.0001331,0.000328458,830.5020131,0.593104573,-0.71007109,-0.379507592
8.08E-05,0.0001331,0.000353632,773.0088048,0.641717048,-0.709473159,-0.291285199
8.08E-05,0.0001331,0.000378805,729.5064434,0.643473576,-0.725464003,-0.244220676
8.08E-05,0.0001331,0.000403979,695.2669279,0.584105024,-0.779766218,-0.225357418
8.08E-05,0.0001331,0.000429153,669.2206735,0.410051586,-0.888253766,-0.207033678
8.08E-05,0.0001331,0.000454326,653.7402853,0.023813702,-0.99215541,-0.122721431
8.08E-05,0.0001331,0.0004795,651.5871641,-0.05133029,-0.097532167,0.993907781
8.08E-05,0.0001587,1.20E-06,1867.763435,-0.289498923,0.258844162,0.921515097
8.08E-05,0.0001587,2.64E-05,1760.003932,-0.712289636,0.589880099,-0.380374741
8.08E-05,0.0001587,5.15E-05,1670.35487,-0.759355144,0.557871561,-0.334901608
8.08E-05,0.0001587,7.67E-05,1604.523303,-0.820287821,0.492036554,-0.291595474
8.08E-05,0.0001587,0.000101895,1559.629876,-0.885986159,0.363619493,-0.287766208
8.08E-05,0.0001587,0.000127068,1524.884139,-0.90277282,0.096271826,-0.419205167
8.08E-05,0.0001587,0.000152242,1485.270878,-0.523697221,-0.392192631,-0.756257999
8.08E-05,0.0001587,0.000177416,1424.878032,0.080681641,-0.559134997,-0.82514152
8.08E-05,0.0001587,0.000202589,1331.230654,0.31041079,-0.530018264,-0.789129762
8.08E-05,0.0001587,0.000227763,1203.034148,0.388072235,-0.519277376,-0.761413782
8.08E-05,0.0001587,0.000252937,1051.906932,0.415101077,-0.538652609,-0.733174238
8.08E-05,0.0001587,0.000278111,898.0341905,0.425373056,-0.601373541,-0.676319176
8.08E-05,0.0001587,0.000303284,772.9861861,0.469569862,-0.698373752,-0.540165018
8.08E-05,0.0001587,0.000328458,688.9655388,0.530602145,-0.762257325,-0.370708961
8.08E-05,0.0001587,0.000353632,630.7353556,0.539899573,-0.801513287,-0.257069839
8.08E-05,0.0001587,0.000378805,591.4546016,0.516572632,-0.838226165,-0.17472725
8.08E-05,0.0001587,0.000403979,568.2304254,0.458863939,-0.882756762,-0.10091771
8.08E-05,0.0001587,0.000429153,559.7644508,0.349713271,-0.936815553,-0.008789113
8.08E-05,0.0001587,0.000454326,565.999492,0.167808315,-0.975654437,0.141204777
8.08E-05,0.0001587,0.0004795,586.9981435,-0.007788721,-0.103670694,0.99458118
8.08E-05,0.0001843,1.20E-06,2061.421451,-0.270423101,0.279595273,0.921247974
8.08E-05,0.0001843,2.64E-05,1941.30601,-0.674443337,0.641354541,-0.365773889
8.08E-05,0.0001843,5.15E-05,1827.032286,-0.707852813,0.606278012,-0.362451884
8.08E-05,0.0001843,7.67E-05,1724.408723,-0.742267591,0.557603688,-0.37164089
8.08E-05,0.0001843,0.000101895,1635.077878,-0.768006865,0.483117238,-0.420432147
8.08E-05,0.0001843,0.000127068,1555.582228,-0.747922747,0.342374693,-0.568674893
8.08E-05,0.0001843,0.000152242,1477.352541,-0.506535158,0.026827955,-0.86180183
8.08E-05,0.0001843,0.000177416,1386.401804,-0.012942536,-0.306808791,-0.95168317
8.08E-05,0.0001843,0.000202589,1265.805442,0.26728007,-0.41458662,-0.869873151
8.08E-05,0.0001843,0.000227763,1112.261493,0.391353886,-0.457379609,-0.798527413
8.08E-05,0.0001843,0.000252937,941.6788283,0.442751846,-0.502247885,-0.74277713
8.08E-05,0.0001843,0.000278111,775.3875754,0.47206654,-0.567661448,-0.674472877
8.08E-05,0.0001843,0.000303284,635.6958657,0.495983031,-0.665916605,-0.557275433
8.08E-05,0.0001843,0.000328458,533.0502702,0.499745122,-0.766332809,-0.403718762
8.08E-05,0.0001843,0.000353632,463.8325607,0.478522764,-0.838473169,-0.260727269
8.08E-05,0.0001843,0.000378805,424.5709129,0.441900699,-0.887795916,-0.128616423
8.08E-05,0.0001843,0.000403979,413.3694719,0.395132101,-0.918588526,0.008108127
8.08E-05,0.0001843,0.000429153,427.4025685,0.336313286,-0.926578202,0.168363327
8.08E-05,0.0001843,0.000454326,462.3824043,0.261101741,-0.890313385,0.373052218
8.08E-05,0.0001843,0.0004795,513.599205,0.020231729,-0.087383135,0.995969309
8.08E-05,0.0002099,1.20E-06,2308.405034,-0.234459031,0.284622386,0.929526256
8.08E-05,0.0002099,2.64E-05,2177.9461,-0.617976823,0.695915452,-0.365795476
8.08E-05,0.0002099,5.15E-05,2039.305929,-0.637141464,0.659128899,-0.399499499
8.08E-05,0.0002099,7.67E-05,1897.405803,-0.647006377,0.611894246,-0.454937556
8.08E-05,0.0002099,0.000101895,1756.913214,-0.630300488,0.540207123,-0.557581885
8.08E-05,0.0002099,0.000127068,1621.451919,-0.53354994,0.394941406,-0.747894209
8.08E-05,0.0002099,0.000152242,1490.626667,-0.223052036,0.068483993,-0.972397929
8.08E-05,0.0002099,0.000177416,1355.523368,0.157160048,-0.275083726,-0.948488093
8.08E-05,0.0002099,0.000202589,1198.36111,0.356678131,-0.406806113,-0.841005052
8.08E-05,0.0002099,0.000227763,1014.237254,0.460640827,-0.454207669,-0.762565028
8.08E-05,0.0002099,0.000252937,820.2634073,0.498807901,-0.504158345,-0.704992937
8.08E-05,0.0002099,0.000278111,636.1463457,0.511589809,-0.572141724,-0.641037998
8.08E-05,0.0002099,0.000303284,478.5010313,0.50965462,-0.662886843,-0.548482636
8.08E-05,0.0002099,0.000328458,357.2125601,0.489095964,-0.76414446,-0.420557229
8.08E-05,0.0002099,0.000353632,275.9685284,0.45096418,-0.852582659,-0.264072183
8.08E-05,0.0002099,0.000378805,237.2259128,0.406409084,-0.910114295,-0.080768963
8.08E-05,0.0002099,0.000403979,241.9927751,0.370659815,-0.919814342,0.128657991
8.08E-05,0.0002099,0.000429153,285.4564636,0.350303944,-0.865332399,0.358450813
8.08E-05,0.0002099,0.000454326,356.8018518,0.339501911,-0.73205778,0.590618201
8.08E-05,0.0002099,0.0004795,444.3277297,0.039245634,-0.061554591,0.997331847
8.08E-05,0.0002355,1.20E-06,2601.2478,-0.189211827,0.274200608,0.942874812
8.08E-05,0.0002355,2.64E-05,2461.929295,-0.546338231,0.742258839,-0.388028805
8.08E-05,0.0002355,5.15E-05,2297.730502,-0.54818291,0.694298268,-0.466310426
8.08E-05,0.0002355,7.67E-05,2110.661178,-0.523354473,0.625619319,-0.578533113
8.08E-05,0.0002355,0.000101895,1906.960435,-0.434652573,0.508290349,-0.743450107
8.08E-05,0.0002355,0.000127068,1698.581857,-0.208588554,0.273598542,-0.938954021
8.08E-05,0.0002355,0.000152242,1496.398516,0.158685904,-0.090847112,-0.983140675
8.08E-05,0.0002355,0.000177416,1300.202485,0.417490947,-0.350605076,-0.838318192
8.08E-05,0.0002355,0.000202589,1097.924781,0.522554565,-0.448888848,-0.724869318
8.08E-05,0.0002355,0.000227763,883.2407584,0.560189668,-0.489601152,-0.668190278
8.08E-05,0.0002355,0.000252937,666.7175019,0.564561481,-0.533182958,-0.630068462
8.08E-05,0.0002355,0.000278111,465.1907976,0.554180913,-0.59214663,-0.58501785
8.08E-05,0.0002355,0.000303284,292.8721775,0.53436737,-0.667984646,-0.517926662
8.08E-05,0.0002355,0.000328458,158.8205446,0.500771089,-0.7594287,-0.415326818
8.08E-05,0.0002355,0.000353632,69.88361417,0.449223272,-0.856067158,-0.255631519
8.08E-05,0.0002355,0.000378805,35.24464078,0.390334639,-0.920525616,-0.016476052
8.08E-05,0.0002355,0.000403979,62.71545579,0.358748354,-0.889648848,0.282532381
8.08E-05,0.0002355,0.000429153,145.549476,0.369996166,-0.734761013,0.568532401
8.08E-05,0.0002355,0.000454326,262.1303057,0.399592139,-0.502164085,0.766914177
8.08E-05,0.0002355,0.0004795,391.1078434,0.0541873,-0.032950071,0.997986989
8.08E-05,0.0002611,1.20E-06,2920.826239,-0.142664643,0.127668245,0.981502735
8.08E-05,0.0002611,2.64E-05,2768.375595,-0.448731127,0.766964812,-0.458699632
8.08E-05,0.0002611,5.15E-05,2571.172719,-0.421116533,0.679672222,-0.600588492
8.08E-05,0.0002611,7.67E-05,2327.136525,-0.332886548,0.537001665,-0.77512306
8.08E-05,0.0002611,0.000101895,2043.419426,-0.130493814,0.303477583,-0.943860541
8.08E-05,0.0002611,0.000127068,1743.110095,0.170207588,-0.015672495,-0.985283589
8.08E-05,0.0002611,0.000152242,1453.191008,0.428248198,-0.293612848,-0.854631486
8.08E-05,0.0002611,0.000177416,1186.049714,0.566768035,-0.445122445,-0.693282052
8.08E-05,0.0002611,0.000202589,935.7769799,0.62254613,-0.508230164,-0.595095301
8.08E-05,0.0002611,0.000227763,692.9292484,0.632636452,-0.541709153,-0.553463922
8.08E-05,0.0002611,0.000252937,460.5058792,0.619431978,-0.577240597,-0.532068903
8.08E-05,0.0002611,0.000278111,251.3372901,0.599408819,-0.621467228,-0.504467593
8.08E-05,0.0002611,0.000303284,76.67507001,0.576323789,-0.675937312,-0.459303429
8.08E-05,0.0002611,0.000328458,-57.42897685,0.54245542,-0.747243214,-0.383887608
8.08E-05,0.0002611,0.000353632,-144.8747698,0.482077349,-0.844522053,-0.233203627
8.08E-05,0.0002611,0.000378805,-170.0450902,0.387338445,-0.918257513,0.082292583
8.08E-05,0.0002611,0.000403979,-111.2214027,0.339117301,-0.79370833,0.505001527
8.08E-05,0.0002611,0.000429153,23.37182613,0.382235263,-0.499640218,0.777338958
8.08E-05,0.0002611,0.000454326,193.2909155,0.441362432,-0.232725398,0.866624539
8.08E-05,0.0002611,0.0004795,365.7902966,0.068695498,-0.004287068,0.997628463
8.08E-05,0.0002867,1.20E-06,2919.05474,0.025821637,0.034062366,0.999086082
8.08E-05,0.0002867,2.64E-05,3056.465268,-0.687791651,0.595251984,-0.415472889
8.08E-05,0.0002867,5.15E-05,2805.526952,-0.165722329,0.522346472,-0.836474909
8.08E-05,0.0002867,7.67E-05,2482.478067,0.014869749,0.229373562,-0.973224876
8.08E-05,0.0002867,0.000101895,2097.921344,0.245935723,-0.068365943,-0.966872131
8.08E-05,0.0002867,0.000127068,1689.034345,0.439693558,-0.29870728,-0.847020387
8.08E-05,0.0002867,0.000152242,1301.776653,0.562282383,-0.450173567,-0.693673036
8.08E-05,0.0002867,0.000177416,962.3703783,0.630065102,-0.53613795,-0.561759793
8.08E-05,0.0002867,0.000202589,669.6523397,0.661423561,-0.578267044,-0.477625479
8.08E-05,0.0002867,0.000227763,410.1859617,0.665483858,-0.60430981,-0.43811059
8.08E-05,0.0002867,0.000252937,179.5219306,0.654271921,-0.630387553,-0.41777959
8.08E-05,0.0002867,0.000278111,-15.66845447,0.642258883,-0.657985518,-0.393139397
8.08E-05,0.0002867,0.000303284,-169.2212216,0.634415689,-0.686659974,-0.354985652
8.08E-05,0.0002867,0.000328458,-279.7328853,0.625561809,-0.722675144,-0.293960984
8.08E-05,0.0002867,0.000353632,-344.8501692,0.59493434,-0.789640977,-0.150067512
8.08E-05,0.0002867,0.000378805,-346.6341197,0.446334404,-0.841283522,0.30500432
8.08E-05,0.0002867,0.000403979,-246.4250319,0.316422379,-0.493856842,0.809927341
8.08E-05,0.0002867,0.000429153,-53.49265212,0.408265537,-0.169054725,0.897072879
8.08E-05,0.0002867,0.000454326,168.6192051,0.487732419,0.014799633,0.872867721
8.08E-05,0.0002867,0.0004795,379.1884247,0.096061454,0.02482805,0.995065709
8.08E-05,0.0003123,1.20E-06,3013.649831,-0.027792839,0.027170816,0.999244367
8.08E-05,0.0003123,2.64E-05,2933.782458,0.116730223,-0.914720623,-0.386859454
8.08E-05,0.0003123,5.15E-05,2935.675748,0.425438505,0.202884925,-0.881952258
8.08E-05,0.0003123,7.67E-05,2496.732136,0.401434355,-0.170433271,-0.899890526
8.08E-05,0.0003123,0.000101895,1986.366217,0.50831317,-0.348640001,-0.787443885
8.08E-05,0.0003123,0.000127068,1457.589702,0.5826623,-0.46433571,-0.667005992
8.08E-05,0.0003123,0.000152242,973.6210288,0.629052023,-0.548661231,-0.550694475
8.08E-05,0.0003123,0.000177416,572.5398105,0.656685011,-0.606867062,-0.447746765
8.08E-05,0.0003123,0.000202589,255.9188625,0.67117971,-0.641860521,-0.370854242
8.08E-05,0.0003123,0.000227763,5.416546219,0.674945328,-0.663763495,-0.322283768
8.08E-05,0.0003123,0.000252937,-192.9477157,0.674096035,-0.68049993,-0.287253165
8.08E-05,0.0003123,0.000278111,-342.2281981,0.678593326,-0.69170883,-0.247082969
8.08E-05,0.0003123,0.000303284,-442.7632967,0.696138078,-0.692476108,-0.189390114
8.08E-05,0.0003123,0.000328458,-496.508021,0.731824497,-0.674694035,-0.096025334
8.08E-05,0.0003123,0.000353632,-502.8642882,0.780090977,-0.615446413,0.112622291
8.08E-05,0.0003123,0.000378805,-446.1255095,0.695397201,-0.381873388,0.608765512
8.08E-05,0.0003123,0.000403979,-292.9927633,0.488068799,-0.040955313,0.871843742
8.08E-05,0.0003123,0.000429153,-56.16846214,0.504159735,0.097946446,0.858038143
8.08E-05,0.0003123,0.000454326,200.7513411,0.56381181,0.179388795,0.806186022
8.08E-05,0.0003123,0.0004795,435.5790599,0.12869397,0.050728837,0.990386009
8.08E-05,0.0003379,1.20E-06,2988.134681,0.007173034,-0.03800921,0.999251644
8.08E-05,0.0003379,2.64E-05,2868.975005,-0.713893559,-0.660388745,-0.232900603
8.08E-05,0.0003379,5.15E-05,2907.768951,0.316882463,-0.380371535,-0.868851541
8.08E-05,0.0003379,7.67E-05,2299.640376,0.585746511,-0.369412775,-0.721411967
8.08E-05,0.0003379,0.000101895,1630.050627,0.633576187,-0.470298061,-0.614329674
8.08E-05,0.0003379,0.000127068,972.0730299,0.659141893,-0.543331162,-0.519926161
8.08E-05,0.0003379,0.000152242,405.0615321,0.671553534,-0.604339386,-0.428707077
8.08E-05,0.0003379,0.000177416,-26.86252229,0.677923133,-0.651838311,-0.339892692
8.08E-05,0.0003379,0.000202589,-328.5258165,0.681146853,-0.683759925,-0.26174669
8.08E-05,0.0003379,0.000227763,-529.9385725,0.838121564,-0.488160869,-0.243415714
8.08E-05,0.0003379,0.000252937,-657.9921482,0.847436756,-0.50155431,-0.174052343
8.08E-05,0.0003379,0.000278111,-726.8708592,0.703834422,-0.70642885,-0.074668511
8.08E-05,0.0003379,0.000303284,-742.8749317,0.735214205,-0.677553927,0.019512757
8.08E-05,0.0003379,0.000328458,-709.1663316,0.78459937,-0.597473582,0.165617471
8.08E-05,0.0003379,0.000353632,-624.8378249,0.82089024,-0.410479311,0.397046533
8.08E-05,0.0003379,0.000378805,-480.5142285,0.750295747,-0.108836173,0.652082034
8.08E-05,0.0003379,0.000403979,-265.0536892,0.640014451,0.104414883,0.761235203
8.08E-05,0.0003379,0.000429153,3.823522276,0.620300386,0.18778004,0.761555045
8.08E-05,0.0003379,0.000454326,279.8936446,0.656610213,0.234865027,0.716729689
8.08E-05,0.0003379,0.0004795,525.7086752,0.176446565,0.067946889,0.981962234
8.08E-05,0.0003635,1.20E-06,2923.007971,0.010603876,-0.085508486,0.996281013
8.08E-05,0.0003635,2.64E-05,2702.046658,-0.511752059,-0.734217801,-0.446132324
8.08E-05,0.0003635,5.15E-05,2682.207701,0.368279623,-0.571360494,-0.73342846
8.08E-05,0.0003635,7.67E-05,1831.37185,0.643302796,-0.448753111,-0.620308115
8.08E-05,0.0003635,0.000101895,952.8401337,0.68799627,-0.521623701,-0.504549152
8.08E-05,0.0003635,0.000127068,155.7774581,0.703431313,-0.581161996,-0.409188371
8.08E-05,0.0003635,0.000152242,-458.4049637,0.67652131,-0.409160962,-0.612295863
8.08E-05,0.0003635,0.000177416,-858.1420599,0.681219248,-0.434814885,-0.588962097
8.08E-05,0.0003635,0.000202589,-1080.520545,0.774562305,-0.540974474,0.327719168
8.08E-05,0.0003635,0.000227763,-666.5050178,0.629070982,-0.464015288,0.623666187
8.08E-05,0.0003635,0.000252937,-770.0438991,0.432389457,-0.311379129,-0.846216518
8.08E-05,0.0003635,0.000278111,-1158.89281,0.578620269,-0.398664793,-0.711522991
8.08E-05,0.0003635,0.000303284,-1067.939965,0.693234504,-0.411573853,0.591635771
8.08E-05,0.0003635,0.000328458,-929.5443168,0.680337986,-0.287318374,0.674231694
8.08E-05,0.0003635,0.000353632,-743.2553137,0.769443023,-0.327329213,0.548464239
8.08E-05,0.0003635,0.000378805,-507.1924585,0.732689814,-0.102400961,0.672814744
8.08E-05,0.0003635,0.000403979,-225.4334774,0.696334885,0.059871045,0.715215482
8.08E-05,0.0003635,0.000429153,80.47719893,0.700725411,0.146493251,0.698228921
8.08E-05,0.0003635,0.000454326,374.6639558,0.738902387,0.194893555,0.645011445
8.08E-05,0.0003635,0.0004795,626.1493935,0.235442533,0.067170009,0.969564337
8.08E-05,0.0003891,1.20E-06,2806.947943,0.103980023,-0.204423316,0.97334437
8.08E-05,0.0003891,2.64E-05,2465.969132,-0.319234665,0.351607435,-0.880034909
8.08E-05,0.0003891,5.15E-05,2218.00322,0.643800446,-0.483113989,-0.593398567
8.08E-05,0.0003891,7.67E-05,1027.366807,0.646736659,-0.479942221,-0.592779182
8.08E-05,0.0003891,0.000101895,-131.5843263,0.622382868,-0.259415905,-0.738473394
8.08E-05,0.0003891,0.000127068,-1066.233779,0.956149743,-0.266178214,-0.122175392
8.08E-05,0.0003891,0.000152242,-283.9548299,0.680498826,0.03007697,0.73213163
8.08E-05,0.0003891,0.000177416,-493.9318196,0.046668878,0.593025885,-0.803829781
8.08E-05,0.0003891,0.000202589,-650.2232335,-0.441038947,0.729538433,-0.522741161
8.08E-05,0.0003891,0.000227763,-764.8489557,-0.807093305,-0.329233253,-0.49010801
8.08E-05,0.0003891,0.000252937,-842.2425585,-0.864990131,-0.293362056,-0.407100451
8.08E-05,0.0003891,0.000278111,-896.6080065,-0.547449014,0.811709809,-0.203535656
8.08E-05,0.0003891,0.000303284,-905.1240809,-0.114687973,0.950036162,0.290306664
8.08E-05,0.0003891,0.000328458,-849.871218,0.945580894,0.295359035,0.136527699
8.08E-05,0.0003891,0.000353632,-881.170544,0.653705053,-0.54266321,0.527433734
8.08E-05,0.0003891,0.000378805,-560.6602706,0.704862466,-0.151079756,0.693068403
8.08E-05,0.0003891,0.000403979,-215.0264678,0.710997873,-0.029801477,0.702562379
8.08E-05,0.0003891,0.000429153,131.860301,0.743527174,0.047394835,0.66702404
8.08E-05,0.0003891,0.000454326,447.5635295,0.795092669,0.093130033,0.599294957
8.08E-05,0.0003891,0.0004795,705.2440437,0.299960869,0.041784393,0.95303596
8.08E-05,0.0004147,1.20E-06,2546.955329,0.162628862,-0.243998322,0.956042192
8.08E-05,0.0004147,2.64E-05,2941.337385,0.430494114,-0.16670252,-0.887065436
8.08E-05,0.0004147,5.15E-05,1491.138313,0.450139593,-0.421531729,-0.787200958
8.08E-05,0.0004147,7.67E-05,-103.1820352,0.667321861,-0.389812213,-0.634608519
8.08E-05,0.0004147,0.000101895,204.9311293,0.995522963,0.046160822,-0.082481561
8.08E-05,0.0004147,0.000127068,-181.8073197,0.167749922,0.736656097,-0.655131864
8.08E-05,0.0004147,0.000152242,-434.4958582,-0.748497807,-0.310684941,-0.585854845
8.08E-05,0.0004147,0.000177416,-583.3512533,0.702100884,-0.282204854,-0.653769661
8.08E-05,0.0004147,0.000202589,-696.0251531,0.450584413,0.006986065,-0.892706492
8.08E-05,0.0004147,0.000227763,-797.6796988,-0.021278019,0.265796888,-0.9637942
8.08E-05,0.0004147,0.000252937,-866.599173,-0.24857674,0.468623821,-0.847703556
8.08E-05,0.0004147,0.000278111,-903.871469,-0.129660858,0.78060727,-0.611424853
8.08E-05,0.0004147,0.000303284,-912.4024395,0.885336854,0.277845704,0.372800777
8.08E-05,0.0004147,0.000328458,-876.8465363,-0.411775547,-0.322837456,-0.852183593
8.08E-05,0.0004147,0.000353632,-1045.856336,0.72100251,0.172773594,0.671047439
8.08E-05,0.0004147,0.000378805,-654.8622051,0.674219049,-0.203596095,0.709913589
8.08E-05,0.0004147,0.000403979,-255.306472,0.7023525,-0.122340068,0.701237387
8.08E-05,0.0004147,0.000429153,128.3542715,0.753363681,-0.06853381,0.65402315
8.08E-05,0.0004147,0.000454326,465.2763686,0.816377,-0.037161379,0.576322501
8.08E-05,0.0004147,0.0004795,731.344782,0.369701314,-0.009274255,0.929104368
8.08E-05,0.0004403,1.20E-06,2233.368225,0.253633287,-0.024162779,0.966998612
8.08E-05,0.0004403,2.64E-05,2264.193669,0.158417574,-0.691693921,-0.704601584
8.08E-05,0.0004403,5.15E-05,560.1098691,0.51846633,-0.574949989,-0.632949583
8.08E-05,0.0004403,7.67E-05,223.9264161,0.541693068,-0.070445825,-0.837619249
8.08E-05,0.0004403,0.000101895,-86.83648611,-0.545836003,-0.552062801,-0.630309227
8.08E-05,0.0004403,0.000127068,-335.0606676,0.733909503,-0.320222236,-0.599028013
8.08E-05,0.0004403,0.000152242,-500.5039545,0.742177953,-0.115920139,-0.660101816
8.08E-05,0.0004403,0.000177416,-608.7348218,0.554371472,0.130733223,-0.821937404
8.08E-05,0.0004403,0.000202589,-648.5175561,0.170824291,0.539365178,-0.824563076
8.08E-05,0.0004403,0.000227763,-717.0111056,-0.250754469,0.61875829,-0.744486652
8.08E-05,0.0004403,0.000252937,-782.5439234,-0.340024753,0.6602227,-0.669693329
8.08E-05,0.0004403,0.000278111,-837.1405806,-0.326794319,0.653710766,-0.682545023
8.08E-05,0.0004403,0.000303284,-884.6414997,-0.09515199,0.664828106,-0.740911391
8.08E-05,0.0004403,0.000328458,-901.2844837,0.827598875,-0.11277833,0.549873759
8.08E-05,0.0004403,0.000353632,-823.0486646,0.378665016,0.79759497,0.469526432
8.08E-05,0.0004403,0.000378805,-791.2215679,0.619666538,-0.423400916,0.66086689
8.08E-05,0.0004403,0.000403979,-353.9828998,0.679014305,-0.203694511,0.705300021
8.08E-05,0.0004403,0.000429153,55.07309624,0.735705671,-0.178352253,0.653396999
8.08E-05,0.0004403,0.000454326,408.0241449,0.801586142,-0.167624339,0.573900459
8.08E-05,0.0004403,0.0004795,684.1129739,0.420641527,-0.081175705,0.903587965
8.08E-05,0.0004659,1.20E-06,2506.804595,-0.122343112,-0.733116012,0.669009026
8.08E-05,0.0004659,2.64E-05,1270.914116,0.145178029,-0.55065069,-0.822014086
8.08E-05,0.0004659,5.15E-05,-393.5572002,0.689590427,-0.231024332,-0.686362005
8.08E-05,0.0004659,7.67E-05,-158.5132322,-0.732027958,-0.670230091,0.12217485
8.08E-05,0.0004659,0.000101895,-292.9547136,0.486835495,-0.667391947,-0.563541649
8.08E-05,0.0004659,0.000127068,-406.6863226,0.617775399,-0.267370094,-0.739504421
8.08E-05,0.0004659,0.000152242,-483.3695264,0.628247915,0.121832282,-0.768414896
8.08E-05,0.0004659,0.000177416,-559.4102671,0.223306319,0.400110056,-0.888845448
8.08E-05,0.0004659,0.000202589,-623.9997747,0.001014803,0.303653294,-0.952782056
8.08E-05,0.0004659,0.000227763,-684.4011839,-0.116747218,0.356265863,-0.927062415
8.08E-05,0.0004659,0.000252937,-746.1629177,-0.158623289,0.391651228,-0.906337667
8.08E-05,0.0004659,0.000278111,-804.4310487,-0.301945195,0.391275478,-0.869328821
8.08E-05,0.0004659,0.000303284,-853.8706681,-0.268785693,0.447619928,-0.852872002
8.08E-05,0.0004659,0.000328458,-889.6930725,0.954265053,0.294932538,-0.04891836
8.08E-05,0.0004659,0.000353632,-855.7237477,-0.730482292,-0.471009159,-0.494515918
8.08E-05,0.0004659,0.000378805,-960.4702065,0.529141195,-0.597214682,0.602780408
8.08E-05,0.0004659,0.000403979,-503.8601637,0.647911102,-0.265562835,0.713924075
8.08E-05,0.0004659,0.000429153,-83.16679938,0.700114077,-0.266632177,0.662380224
8.08E-05,0.0004659,0.000454326,278.4355038,0.760376963,-0.276295065,0.587782197
8.08E-05,0.0004659,0.0004795,564.5841394,0.339083488,-0.119964697,0.93307602
8.08E-05,0.0004915,1.20E-06,1446.24713,0.235183661,-0.961169369,-0.144367898
8.08E-05,0.0004915,2.64E-05,288.3968191,0.362455835,0.326315883,-0.873008426
8.08E-05,0.0004915,5.15E-05,70.82727996,-0.256688122,0.92910262,-0.266232097
8.08E-05,0.0004915,7.67E-05,-337.3076303,0.032145015,0.975080721,-0.21950919
8.08E-05,0.0004915,0.000101895,-385.7205901,-0.024461491,0.999249466,-0.030035648
8.08E-05,0.0004915,0.000127068,-405.0716173,0.007716367,0.999290058,-0.036875989
8.08E-05,0.0004915,0.000152242,-475.8794829,0.015126522,0.998399313,-0.05449771
8.08E-05,0.0004915,0.000177416,-544.3586506,0.007878046,0.998684122,-0.050675058
8.08E-05,0.0004915,0.000202589,-608.0081322,0.00021674,0.998839232,-0.048167854
8.08E-05,0.0004915,0.000227763,-669.2693243,-0.003385436,0.998835131,-0.048134395
8.08E-05,0.0004915,0.000252937,-729.7976277,-0.00515506,0.998801209,-0.048678238
8.08E-05,0.0004915,0.000278111,-787.8415143,-0.005270711,0.998871656,-0.04719783
8.08E-05,0.0004915,0.000303284,-839.1349008,-0.010724328,0.998842276,-0.046894526
8.08E-05,0.0004915,0.000328458,-889.9229216,0.00387773,0.999654657,-0.025990964
8.08E-05,0.0004915,0.000353632,-891.6030487,0.072038919,0.987561173,-0.139761668
8.08E-05,0.0004915,0.000378805,-1145.740029,0.073829693,0.990723475,0.114088441
8.08E-05,0.0004915,0.000403979,-685.8454677,0.434317974,0.740527471,0.512822544
8.08E-05,0.0004915,0.000429153,-265.1622833,0.558386713,0.597855327,0.575128931
8.08E-05,0.0004915,0.000454326,98.3835187,0.696028199,0.393521223,0.600571222
8.08E-05,0.0004915,0.0004795,392.7618198,0.477611763,0.091195677,0.873825127
0.000106363,5.10E-06,1.20E-06,1818.269577,0.026065449,0.174131092,0.984377445
0.000106363,5.10E-06,2.64E-05,1854.215045,0.103042107,0.98966082,0.099768656
0.000106363,5.10E-06,5.15E-05,1933.301583,0.091165147,0.992281177,0.084065338
0.000106363,5.10E-06,7.67E-05,2051.978005,0.143975781,0.982580817,0.117498567
0.000106363,5.10E-06,0.000101895,2184.451618,0.162064241,0.981855964,0.098458352
0.000106363,5.10E-06,0.000127068,2291.829662,0.182743066,0.981248351,0.061291475
0.000106363,5.10E-06,0.000152242,2340.456456,0.18734482,0.982255367,0.008735744
0.000106363,5.10E-06,0.000177416,2315.018902,0.177424136,0.98315375,-0.043924716
0.000106363,5.10E-06,0.000202589,2220.977437,0.16100136,0.983021,-0.088024287
0.000106363,5.10E-06,0.000227763,2076.011262,0.145130204,0.981950077,-0.121290024
0.000106363,5.10E-06,0.000252937,1899.495123,0.133507469,0.980448906,-0.144553446
0.000106363,5.10E-06,0.000278111,1707.060772,0.128078072,0.978779905,-0.159955947
0.000106363,5.10E-06,0.000303284,1509.925068,0.128767357,0.977363336,-0.167868629
0.000106363,5.10E-06,0.000328458,1317.076911,0.137696598,0.975572914,-0.171164062
0.000106363,5.10E-06,0.000353632,1139.015954,0.151109922,0.973676835,-0.170643523
0.000106363,5.10E-06,0.000378805,986.6721651,0.136831426,0.977774676,-0.158851639
0.000106363,5.10E-06,0.000403979,860.354855,0.11290547,0.973429734,-0.199215733
0.000106363,5.10E-06,0.000429153,753.9277446,0.010240738,0.954949736,-0.296590846
0.000106363,5.10E-06,0.000454326,672.2676774,-0.464567926,0.695022038,-0.54874494
0.000106363,5.10E-06,0.0004795,629.8466201,-0.148889395,-0.145463745,0.978096236
0.000106363,3.07E-05,1.20E-06,1696.736996,0.008388658,-0.1952271,0.980722188
0.000106363,3.07E-05,2.64E-05,1705.506055,0.365838159,-0.902504019,0.227264027
0.000106363,3.07E-05,5.15E-05,1766.377168,0.516612808,-0.747658591,0.417274297
0.000106363,3.07E-05,7.67E-05,1884.690308,0.582750738,-0.639752011,0.501117693
0.000106363,3.07E-05,0.000101895,2028.637414,0.665897071,-0.580255539,0.468918544
0.000106363,3.07E-05,0.000127068,2149.698235,0.771155395,-0.55115544,0.318664459
0.000106363,3.07E-05,0.000152242,2210.494123,0.843112213,-0.53157028,0.081208579
0.000106363,3.07E-05,0.000177416,2195.163638,0.841399147,-0.507957931,-0.184461961
0.000106363,3.07E-05,0.000202589,2109.745574,0.776838396,-0.475027321,-0.413365638
0.000106363,3.07E-05,0.000227763,1973.069058,0.694687293,-0.436415484,-0.571796372
0.000106363,3.07E-05,0.000252937,1806.075704,0.632893361,-0.394962758,-0.665920726
0.000106363,3.07E-05,0.000278111,1626.200058,0.607961995,-0.34477677,-0.715200106
0.000106363,3.07E-05,0.000303284,1446.098171,0.622659121,-0.273830212,-0.733016121
0.000106363,3.07E-05,0.000328458,1274.609014,0.66828871,-0.174335684,-0.723185501
0.000106363,3.07E-05,0.000353632,1118.721606,0.714287774,-0.058021274,-0.697442834
0.000106363,3.07E-05,0.000378805,982.3200724,0.700199221,0.044621375,-0.712551741
0.000106363,3.07E-05,0.000403979,860.8824423,0.540051891,0.112658699,-0.834057535
0.000106363,3.07E-05,0.000429153,749.6265589,0.08559265,0.123338819,-0.988666493
0.000106363,3.07E-05,0.000454326,657.8099317,-0.595680665,0.044744474,-0.801974113
0.000106363,3.07E-05,0.0004795,603.9573661,-0.17938209,-0.012212434,0.983703676
0.000106363,5.63E-05,1.20E-06,1595.276703,-0.041178683,-0.164297141,0.985550996
0.000106363,5.63E-05,2.64E-05,1572.978684,0.318781911,-0.946448633,0.05111828
0.000106363,5.63E-05,5.15E-05,1606.807947,0.548271553,-0.741756818,0.38625785
0.000106363,5.63E-05,7.67E-05,1711.493328,0.537539535,-0.661910398,0.522423079
0.000106363,5.63E-05,0.000101895,1850.968436,0.566210484,-0.654978601,0.500408553
0.000106363,5.63E-05,0.000127068,1971.967416,0.651076518,-0.672969546,0.351014755
0.000106363,5.63E-05,0.000152242,2037.811801,0.72337898,-0.680658902,0.115871961
0.000106363,5.63E-05,0.000177416,2032.886535,0.737189394,-0.659327508,-0.147780356
0.000106363,5.63E-05,0.000202589,1961.430827,0.696643982,-0.611063768,-0.375883271
0.000106363,5.63E-05,0.000227763,1840.314485,0.640125396,-0.553036795,-0.533282084
0.000106363,5.63E-05,0.000252937,1690.280378,0.603347611,-0.497664818,-0.623138339
0.000106363,5.63E-05,0.000278111,1530.587471,0.605478748,-0.439804363,-0.663300542
0.000106363,5.63E-05,0.000303284,1376.358175,0.652269045,-0.358246742,-0.667985303
0.000106363,5.63E-05,0.000328458,1236.82094,0.728858501,-0.232357066,-0.644030651
0.000106363,5.63E-05,0.000353632,1114.288225,0.787707487,-0.074768812,-0.61149533
0.000106363,5.63E-05,0.000378805,1003.091993,0.773295806,0.066516947,-0.630546661
0.000106363,5.63E-05,0.000403979,892.3177555,0.630035971,0.169049897,-0.757942483
0.000106363,5.63E-05,0.000429153,779.6906178,0.23484611,0.241748937,-0.94149071
0.000106363,5.63E-05,0.000454326,680.5326223,-0.429081308,0.254176103,-0.866766254
0.000106363,5.63E-05,0.0004795,616.7301741,-0.182838026,0.037813695,0.982415584
0.000106363,8.19E-05,1.20E-06,1534.625109,-0.147015121,-0.082631624,0.985676706
0.000106363,8.19E-05,2.64E-05,1488.390888,-0.316042007,-0.898253507,-0.305381872
0.000106363,8.19E-05,5.15E-05,1495.873534,0.276609891,-0.862754437,0.423251401
0.000106363,8.19E-05,7.67E-05,1570.099941,0.333272416,-0.740013253,0.584217324
0.000106363,8.19E-05,0.000101895,1681.932419,0.372782945,-0.756548755,0.537277263
0.000106363,8.19E-05,0.000127068,1785.413559,0.461821966,-0.80208145,0.378663201
0.000106363,8.19E-05,0.000152242,1846.580785,0.549493238,-0.823295568,0.142272938
0.000106363,8.19E-05,0.000177416,1848.616063,0.593152463,-0.795665404,-0.122828011
0.000106363,8.19E-05,0.000202589,1791.384488,0.588080355,-0.728207786,-0.351958685
0.000106363,8.19E-05,0.000227763,1687.11218,0.563329514,-0.653423546,-0.505665432
0.000106363,8.19E-05,0.000252937,1554.525463,0.551821069,-0.596465371,-0.582857245
0.000106363,8.19E-05,0.000278111,1414.527577,0.575874623,-0.557122571,-0.598316688
0.000106363,8.19E-05,0.000303284,1285.880342,0.648331965,-0.504185281,-0.570493528
0.000106363,8.19E-05,0.000328458,1178.456696,0.755118259,-0.402328649,-0.51761769
0.000106363,8.19E-05,0.000353632,1089.659103,0.839457725,-0.261752354,-0.476231491
0.000106363,8.19E-05,0.000378805,1006.132489,0.84924928,-0.133300749,-0.510888021
0.000106363,8.19E-05,0.000403979,911.553234,0.745843082,-0.042653424,-0.664754679
0.000106363,8.19E-05,0.000429153,804.9280945,0.418673178,0.03722794,-0.9073736
0.000106363,8.19E-05,0.000454326,706.4067801,-0.240086833,0.129348125,-0.962095305
0.000106363,8.19E-05,0.0004795,639.7626122,-0.159590381,0.034141445,0.986592759
0.000106363,0.0001075,1.20E-06,1522.929378,-0.283006707,0.031213326,0.958609896
0.000106363,0.0001075,2.64E-05,1457.064067,-0.912319623,-0.06793,-0.40380493
0.000106363,0.0001075,5.15E-05,1437.431836,-0.884193323,-0.457486363,0.094384296
0.000106363,0.0001075,7.67E-05,1471.826093,-0.42514831,-0.74256863,0.517533326
0.000106363,0.0001075,0.000101895,1542.64741,-0.112723682,-0.842139859,0.527346024
0.000106363,0.0001075,0.000127068,1617.304338,0.1006181,-0.91647123,0.387242149
0.000106363,0.0001075,0.000152242,1665.882027,0.27627363,-0.948704167,0.153731212
0.000106363,0.0001075,0.000177416,1669.276233,0.399628394,-0.908234844,-0.124123385
0.000106363,0.0001075,0.000202589,1621.617987,0.45803599,-0.810947971,-0.364096718
0.000106363,0.0001075,0.000227763,1529.060703,0.475387374,-0.713284692,-0.515006594
0.000106363,0.0001075,0.000252937,1406.607677,0.487304742,-0.6570296,-0.575192309
0.000106363,0.0001075,0.000278111,1276.202306,0.51905425,-0.65428135,-0.549998727
0.000106363,0.0001075,0.000303284,1164.192537,0.594679207,-0.65250373,-0.469675978
0.000106363,0.0001075,0.000328458,1081.721208,0.704723651,-0.596306364,-0.38442593
0.000106363,0.0001075,0.000353632,1017.969226,0.78503207,-0.516503172,-0.341978248
0.000106363,0.0001075,0.000378805,955.8336727,0.80753938,-0.443536414,-0.388787345
0.000106363,0.0001075,0.000403979,879.1890126,0.740039592,-0.400838518,-0.540064704
0.000106363,0.0001075,0.000429153,788.2499535,0.499490964,-0.378647369,-0.779188646
0.000106363,0.0001075,0.000454326,703.1142122,-0.065071132,-0.312116341,-0.947812818
0.000106363,0.0001075,0.0004795,645.8763779,-0.115193852,-0.018860127,0.99316397
0.000106363,0.0001331,1.20E-06,1561.485522,-0.384172271,0.140202998,0.912553991
0.000106363,0.0001331,2.64E-05,1473.76451,-0.904374643,0.225837289,-0.362082897
0.000106363,0.0001331,5.15E-05,1423.109367,-0.981650232,0.073495955,-0.175957854
0.000106363,0.0001331,7.67E-05,1416.577633,-0.977428059,-0.195541095,0.079987933
0.000106363,0.0001331,0.000101895,1445.678085,-0.811726415,-0.514910717,0.275621445
0.000106363,0.0001331,0.000127068,1488.819723,-0.533513048,-0.790845548,0.299878554
0.000106363,0.0001331,0.000152242,1520.420939,-0.198689043,-0.971884077,0.126348741
0.000106363,0.0001331,0.000177416,1519.242465,0.118319919,-0.976077403,-0.182409702
0.000106363,0.0001331,0.000202589,1473.795432,0.312282265,-0.838736356,-0.446095408
0.000106363,0.0001331,0.000227763,1384.279609,0.395365288,-0.706969603,-0.586413053
0.000106363,0.0001331,0.000252937,1260.799436,0.432784184,-0.640210998,-0.63468711
0.000106363,0.0001331,0.000278111,1121.265583,0.476392403,-0.661017219,-0.579746941
0.000106363,0.0001331,0.000303284,1011.11925,0.554073759,-0.7158126,-0.424987754
0.000106363,0.0001331,0.000328458,947.7997332,0.630449402,-0.717645512,-0.295835208
0.000106363,0.0001331,0.000353632,896.3063203,0.661322261,-0.701612385,-0.265316655
0.000106363,0.0001331,0.000378805,845.1280319,0.657176178,-0.692548163,-0.297483633
0.000106363,0.0001331,0.000403979,785.0654272,0.596400853,-0.701062425,-0.390918787
0.000106363,0.0001331,0.000429153,717.9153798,0.431121294,-0.734891079,-0.523516506
0.000106363,0.0001331,0.000454326,658.7289473,0.06232448,-0.782005652,-0.620147417
0.000106363,0.0001331,0.0004795,623.9307209,-0.064483814,-0.071649334,0.995343263
0.000106363,0.0001587,1.20E-06,1655.707313,-0.423142915,0.226469539,0.877303608
0.000106363,0.0001587,2.64E-05,1544.833255,-0.861319311,0.370447432,-0.347703529
0.000106363,0.0001587,5.15E-05,1461.722777,-0.925922216,0.282195578,-0.251065141
0.000106363,0.0001587,7.67E-05,1415.719533,-0.980129613,0.154039419,-0.124971194
0.000106363,0.0001587,0.000101895,1405.400552,-0.999768193,-0.02131321,0.003050633
0.000106363,0.0001587,0.000127068,1416.852922,-0.962247244,-0.260245935,0.079701288
0.000106363,0.0001587,0.000152242,1427.904967,-0.79773575,-0.602972425,-0.006475099
0.000106363,0.0001587,0.000177416,1415.557182,-0.304070205,-0.877148515,-0.371687761
0.000106363,0.0001587,0.000202589,1363.567216,0.170453071,-0.753439567,-0.63503903
0.000106363,0.0001587,0.000227763,1267.927716,0.351276179,-0.614330546,-0.706543011
0.000106363,0.0001587,0.000252937,1136.811652,0.420112304,-0.555992016,-0.717201875
0.000106363,0.0001587,0.000278111,986.7003036,0.484954778,-0.572316732,-0.661265772
0.000106363,0.0001587,0.000303284,867.0737622,0.562927542,-0.668325557,-0.486264879
0.000106363,0.0001587,0.000328458,798.4880466,0.578056182,-0.751902812,-0.317006642
0.000106363,0.0001587,0.000353632,741.8626965,0.55670195,-0.78869993,-0.260835885
0.000106363,0.0001587,0.000378805,692.4768601,0.52199661,-0.818293703,-0.240655261
0.000106363,0.0001587,0.000403979,647.1859914,0.463100776,-0.851509898,-0.245903567
0.000106363,0.0001587,0.000429153,607.900615,0.357614022,-0.900532141,-0.247293499
0.000106363,0.0001587,0.000454326,582.5925514,0.158595516,-0.973101496,-0.167095601
0.000106363,0.0001587,0.0004795,579.7913435,-0.020527711,-0.087988464,0.995909957
0.000106363,0.0001843,1.20E-06,1814.822882,-0.410781322,0.286779886,0.865457106
0.000106363,0.0001843,2.64E-05,1683.937926,-0.806423325,0.485454566,-0.337661494
0.000106363,0.0001843,5.15E-05,1570.690002,-0.85757026,0.428750111,-0.284159449
0.000106363,0.0001843,7.67E-05,1487.176047,-0.90730374,0.361806065,-0.214234206
0.000106363,0.0001843,0.000101895,1437.625579,-0.948277482,0.283067756,-0.143674847
0.000106363,0.0001843,0.000127068,1414.092383,-0.977634663,0.180102369,-0.108598357
0.000106363,0.0001843,0.000152242,1397.716009,-0.975638051,-0.001498826,-0.219381281
0.000106363,0.0001843,0.000177416,1364.840106,-0.596085021,-0.376225543,-0.709321499
0.000106363,0.0001843,0.000202589,1295.674795,0.141577606,-0.479947782,-0.865797845
0.000106363,0.0001843,0.000227763,1183.779486,0.379777675,-0.452563879,-0.806817732
0.000106363,0.0001843,0.000252937,1039.093166,0.459629368,-0.461555867,-0.7587536
0.000106363,0.0001843,0.000278111,883.8574782,0.514919113,-0.500812823,-0.695733299
0.000106363,0.0001843,0.000303284,748.0583796,0.553134569,-0.603989934,-0.573792914
0.000106363,0.0001843,0.000328458,645.7842249,0.537982878,-0.732501099,-0.417152924
0.000106363,0.0001843,0.000353632,570.327531,0.500466354,-0.813172164,-0.29712701
0.000106363,0.0001843,0.000378805,517.7495201,0.456822409,-0.866373233,-0.201768947
0.000106363,0.0001843,0.000403979,487.236788,0.410676544,-0.905256703,-0.108881021
0.000106363,0.0001843,0.000429153,478.7115557,0.356324488,-0.93418593,0.018152343
0.000106363,0.0001843,0.000454326,492.2589785,0.276119608,-0.926194746,0.256751347
0.000106363,0.0001843,0.0004795,527.5156296,0.014304903,-0.072667067,0.997253662
0.000106363,0.0002099,1.20E-06,2045.391499,-0.365940708,0.320370031,0.873756511
0.000106363,0.0002099,2.64E-05,1901.766099,-0.740112497,0.586965181,-0.328184961
0.000106363,0.0002099,5.15E-05,1763.631937,-0.775977756,0.550523104,-0.307868211
0.000106363,0.0002099,7.67E-05,1644.248981,-0.810194591,0.515051069,-0.279834097
0.000106363,0.0002099,0.000101895,1551.828224,-0.836018623,0.483283454,-0.259826798
0.000106363,0.0002099,0.000127068,1484.160877,-0.844351131,0.452761563,-0.286492817
0.000106363,0.0002099,0.000152242,1427.562774,-0.780071188,0.392834981,-0.487000637
0.000106363,0.0002099,0.000177416,1360.517748,-0.239177158,0.097041604,-0.966114493
0.000106363,0.0002099,0.000202589,1261.498024,0.344715255,-0.207774083,-0.915424122
0.000106363,0.0002099,0.000227763,1121.567448,0.4881055,-0.315255431,-0.813859345
0.000106363,0.0002099,0.000252937,951.2770014,0.523105372,-0.394182759,-0.755632663
0.000106363,0.0002099,0.000278111,773.6556018,0.537174088,-0.480220282,-0.693420854
0.000106363,0.0002099,0.000303284,612.2274744,0.540314694,-0.589440516,-0.60051637
0.000106363,0.0002099,0.000328458,481.1157688,0.521945184,-0.70937959,-0.473660028
0.000106363,0.0002099,0.000353632,385.5254161,0.485831453,-0.811010673,-0.325928655
0.000106363,0.0002099,0.000378805,329.6524262,0.446261678,-0.880925296,-0.157547255
0.000106363,0.0002099,0.000403979,317.1206584,0.419342392,-0.906902526,0.040984961
0.000106363,0.0002099,0.000429153,345.0633147,0.409244917,-0.865100644,0.290033575
0.000106363,0.0002099,0.000454326,403.5571791,0.396930546,-0.697198073,0.596959789
0.000106363,0.0002099,0.0004795,481.7877857,0.041627221,-0.042736056,0.998218816
0.000106363,0.0002355,1.20E-06,2344.286783,-0.304611066,0.32797329,0.894229065
0.000106363,0.0002355,2.64E-05,2196.404463,-0.662115216,0.675358279,-0.324799379
0.000106363,0.0002355,5.15E-05,2038.974726,-0.67675626,0.652494355,-0.340957595
0.000106363,0.0002355,7.67E-05,1883.615087,-0.683646639,0.634068141,-0.361365281
0.000106363,0.0002355,0.000101895,1740.435592,-0.667754389,0.622878155,-0.407586653
0.000106363,0.0002355,0.000127068,1613.802192,-0.587198657,0.611389113,-0.530472516
0.000106363,0.0002355,0.000152242,1499.140724,-0.262270827,0.508321216,-0.820258224
0.000106363,0.0002355,0.000177416,1381.803002,0.370168137,0.103027015,-0.923233981
0.000106363,0.0002355,0.000202589,1240.521713,0.596250494,-0.156810072,-0.787334713
0.000106363,0.0002355,0.000227763,1061.577678,0.616399058,-0.280403586,-0.735816573
0.000106363,0.0002355,0.000252937,854.5281847,0.593894813,-0.379782516,-0.709263133
0.000106363,0.0002355,0.000278111,645.0763892,0.572712982,-0.474791495,-0.668261084
0.000106363,0.0002355,0.000303284,456.0513354,0.556312323,-0.57376144,-0.601094343
0.000106363,0.0002355,0.000328458,300.5128289,0.534900163,-0.681262282,-0.499763463
0.000106363,0.0002355,0.000353632,187.0576009,0.501410039,-0.794288635,-0.343064916
0.000106363,0.0002355,0.000378805,128.7870195,0.461051757,-0.881596665,-0.10108708
0.000106363,0.0002355,0.000403979,140.4544645,0.447017952,-0.867839295,0.216863803
0.000106363,0.0002355,0.000429153,216.5259635,0.465208508,-0.689085524,0.555645737
0.000106363,0.0002355,0.000454326,329.8722483,0.470479977,-0.380312766,0.796247946
0.000106363,0.0002355,0.0004795,456.034533,0.063376039,-0.008740045,0.997951446
0.000106363,0.0002611,1.20E-06,2694.510693,-0.238309513,0.313259124,0.919280859
0.000106363,0.0002611,2.64E-05,2547.355182,-0.567801178,0.749356444,-0.340685694
0.000106363,0.0002611,5.15E-05,2372.357539,-0.545854783,0.73284465,-0.40617887
0.000106363,0.0002611,7.67E-05,2176.950535,-0.496276699,0.714075433,-0.493766862
0.000106363,0.0002611,0.000101895,1971.141906,-0.378578455,0.678946188,-0.629055186
0.000106363,0.0002611,0.000127068,1766.971737,-0.099642172,0.55909392,-0.823095029
0.000106363,0.0002611,0.000152242,1573.769481,0.378389427,0.221766651,-0.898688486
0.000106363,0.0002611,0.000177416,1389.866725,0.672650997,-0.110459932,-0.731668804
0.000106363,0.0002611,0.000202589,1196.640045,0.733633125,-0.254716076,-0.630001712
0.000106363,0.0002611,0.000227763,971.9827369,0.703487261,-0.339008444,-0.624643057
0.000106363,0.0002611,0.000252937,724.4801005,0.650793328,-0.419212405,-0.633031597
0.000106363,0.0002611,0.000278111,485.7480609,0.614939894,-0.4940692,-0.614609268
0.000106363,0.0002611,0.000303284,277.7620344,0.595525481,-0.564475946,-0.571591032
0.000106363,0.0002611,0.000328458,108.221943,0.579580683,-0.639802308,-0.504716987
0.000106363,0.0002611,0.000353632,-18.79977337,0.553347839,-0.744956059,-0.372621309
0.000106363,0.0002611,0.000378805,-83.66395455,0.495491612,-0.867412794,-0.045641077
0.000106363,0.0002611,0.000403979,-39.93657042,0.466291268,-0.767613885,0.439706012
0.000106363,0.0002611,0.000429153,106.1782074,0.484350113,-0.394135151,0.781064946
0.000106363,0.0002611,0.000454326,287.2231362,0.494258504,-0.073624498,0.866191644
0.000106363,0.0002611,0.0004795,463.8468013,0.082232731,0.025559879,0.996285336
0.000106363,0.0002867,1.20E-06,3066.298006,-0.052459122,0.109126822,0.992642623
0.000106363,0.0002867,2.64E-05,2916.997599,-0.599722886,0.581572158,-0.54964196
0.000106363,0.0002867,5.15E-05,2718.591684,-0.331243877,0.775426937,-0.537578422
0.000106363,0.0002867,7.67E-05,2473.671024,-0.152311084,0.699391084,-0.698321878
0.000106363,0.0002867,0.000101895,2190.423858,0.125363272,0.521390623,-0.844059161
0.000106363,0.0002867,0.000127068,1888.291671,0.441002358,0.216689569,-0.870954965
0.000106363,0.0002867,0.000152242,1593.773712,0.658394423,-0.098045254,-0.746259949
0.000106363,0.0002867,0.000177416,1323.903631,0.748089806,-0.297465928,-0.593191086
0.000106363,0.0002867,0.000202589,1068.705737,0.765536513,-0.386994033,-0.513993644
0.000106363,0.0002867,0.000227763,800.985771,0.733091763,-0.442028311,-0.51690177
0.000106363,0.0002867,0.000252937,527.0760316,0.684943068,-0.494598799,-0.53500002
0.000106363,0.0002867,0.000278111,279.8893309,0.659743508,-0.538346233,-0.524329893
0.000106363,0.0002867,0.000303284,76.91079808,0.65763737,-0.568977413,-0.493738588
0.000106363,0.0002867,0.000328458,-81.78892136,0.668986078,-0.584535718,-0.459103063
0.000106363,0.0002867,0.000353632,-203.0632952,0.683877752,-0.604726623,-0.408187374
0.000106363,0.0002867,0.000378805,-279.7226132,0.700872222,-0.713022901,0.019402865
0.000106363,0.0002867,0.000403979,-196.5737618,0.498953286,-0.345537863,0.794763615
0.000106363,0.0002867,0.000429153,48.64130266,0.466172948,-0.010978589,0.884625488
0.000106363,0.0002867,0.000454326,298.9563157,0.508837526,0.172933681,0.843313888
0.000106363,0.0002867,0.0004795,518.8398208,0.101892362,0.05799476,0.993103496
0.000106363,0.0003123,1.20E-06,2962.61854,0.082203539,-0.043705758,0.995656761
0.000106363,0.0003123,2.64E-05,2921.491182,0.939794085,0.149798034,0.307160587
0.000106363,0.0003123,5.15E-05,3022.660912,0.273468092,0.224973702,-0.935201602
0.000106363,0.0003123,7.67E-05,2714.885248,0.386210053,0.434026364,-0.813918245
0.000106363,0.0003123,0.000101895,2338.865007,0.587886064,0.16944137,-0.790999114
0.000106363,0.0003123,0.000127068,1917.929428,0.692070453,-0.071413925,-0.718288618
0.000106363,0.0003123,0.000152242,1498.363216,0.737824926,-0.271723791,-0.617883938
0.000106363,0.0003123,0.000177416,1122.103255,0.750717517,-0.414155461,-0.514682877
0.000106363,0.0003123,0.000202589,796.2593025,0.744646907,-0.496605037,-0.445964597
0.000106363,0.0003123,0.000227763,500.964495,0.724567887,-0.543086739,-0.424332619
0.000106363,0.0003123,0.000252937,234.5765907,0.704816776,-0.574246051,-0.416503043
0.000106363,0.0003123,0.000278111,15.72172055,0.705364672,-0.591816535,-0.390145957
0.000106363,0.0003123,0.000303284,-146.0892819,0.734764332,-0.585663607,-0.342227287
0.000106363,0.0003123,0.000328458,-254.2812996,0.800528131,-0.531039709,-0.277761659
0.000106363,0.0003123,0.000353632,-317.0030644,0.915419582,-0.369782401,-0.158959001
0.000106363,0.0003123,0.000378805,-326.1821216,0.927019732,0.056617926,0.370713943
0.000106363,0.0003123,0.000403979,-185.1163988,0.568332414,0.269408508,0.77744281
0.000106363,0.0003123,0.000429153,99.92431694,0.518286333,0.271808091,0.810863514
0.000106363,0.0003123,0.000454326,385.2770145,0.559754271,0.334269133,0.758247521
0.000106363,0.0003123,0.0004795,628.189425,0.148205515,0.099116293,0.983977177
0.000106363,0.0003379,1.20E-06,2963.925484,-0.019029798,-0.058689039,0.998094917
0.000106363,0.0003379,2.64E-05,2946.775333,0.166022843,-0.537182942,-0.826964874
0.000106363,0.0003379,5.15E-05,2769.134856,-0.118817197,-0.970844583,-0.208190465
0.000106363,0.0003379,7.67E-05,2844.484072,0.695922096,0.134484677,-0.705412154
0.000106363,0.0003379,0.000101895,2364.03232,0.783075831,-0.077668595,-0.617057398
0.000106363,0.0003379,0.000127068,1803.311863,0.784161692,-0.219781024,-0.580333303
0.000106363,0.0003379,0.000152242,1237.870291,0.769732295,-0.361895877,-0.525874099
0.000106363,0.0003379,0.000177416,749.3663009,0.753680205,-0.477929218,-0.451164949
0.000106363,0.0003379,0.000202589,365.3216267,0.738325507,-0.557349331,-0.379785689
0.000106363,0.0003379,0.000227763,69.93587034,0.726614677,-0.604056147,-0.327333595
0.000106363,0.0003379,0.000252937,-153.2735175,0.725680466,-0.62761098,-0.281943821
0.000106363,0.0003379,0.000278111,-307.325632,0.74472915,-0.629928087,-0.220383977
0.000106363,0.0003379,0.000303284,-392.978346,0.793633225,-0.595601581,-0.12411713
0.000106363,0.0003379,0.000328458,-414.0848124,0.876569281,-0.480371262,0.029491457
0.000106363,0.0003379,0.000353632,-373.1569664,0.939836297,-0.198627745,0.277947393
0.000106363,0.0003379,0.000378805,-259.2388801,0.812547418,0.197287697,0.548492715
0.000106363,0.0003379,0.000403979,-46.41380385,0.648540787,0.352027254,0.674886405
0.000106363,0.0003379,0.000429153,243.0798232,0.613698325,0.361088642,0.70213201
0.000106363,0.0003379,0.000454326,535.7828655,0.64201319,0.39048845,0.65980136
0.000106363,0.0003379,0.0004795,782.852742,0.205587462,0.128548701,0.970159279
0.000106363,0.0003635,1.20E-06,2833.222776,-0.034630203,-0.088017764,0.995516761
0.000106363,0.0003635,2.64E-05,2792.815525,0.320554132,-0.634692431,-0.703143346
0.000106363,0.0003635,5.15E-05,2537.572843,0.353040461,0.935605276,0.002280525
0.000106363,0.0003635,7.67E-05,2793.424727,0.826103838,-0.437809985,-0.354788481
0.000106363,0.0003635,0.000101895,2205.594013,0.687676271,-0.313174659,-0.654998457
0.000106363,0.0003635,0.000127068,1484.212108,0.821992923,-0.311777625,-0.476573547
0.000106363,0.0003635,0.000152242,760.7762751,0.788048418,-0.421217502,-0.448949338
0.000106363,0.0003635,0.000177416,182.1395747,0.766518348,-0.516713043,-0.381388586
0.000106363,0.0003635,0.000202589,-217.7152785,0.75308098,-0.586206965,-0.298714633
0.000106363,0.0003635,0.000227763,-472.2495298,0.575619075,-0.77213147,-0.269213064
0.000106363,0.0003635,0.000252937,-619.4347285,0.575994907,-0.799203483,-0.171766294
0.000106363,0.0003635,0.000278111,-681.0346128,0.768661704,-0.63843883,-0.039434061
0.000106363,0.0003635,0.000303284,-667.0710617,0.806581408,-0.582359752,0.101407844
0.000106363,0.0003635,0.000328458,-582.6092506,0.848160452,-0.440483184,0.294276081
0.000106363,0.0003635,0.000353632,-429.5335765,0.842616273,-0.19133918,0.503375739
0.000106363,0.0003635,0.000378805,-206.665356,0.766251643,0.07084301,0.638623276
0.000106363,0.0003635,0.000403979,81.33508445,0.699727191,0.224591928,0.678189003
0.000106363,0.0003635,0.000429153,404.4037462,0.694094416,0.294473923,0.656900335
0.000106363,0.0003635,0.000454326,710.1392755,0.731964325,0.340255779,0.59030012
0.000106363,0.0003635,0.0004795,955.3734026,0.294585848,0.140644483,0.945218656
0.000106363,0.0003891,1.20E-06,2798.718421,0.014452589,-0.10312425,0.994563478
0.000106363,0.0003891,2.64E-05,2675.387472,0.61277193,0.678909365,0.404465864
0.000106363,0.0003891,5.15E-05,3023.297642,0.863643538,-0.247667332,-0.439068026
0.000106363,0.0003891,7.67E-05,2427.88363,0.619004399,-0.534892454,-0.575085747
0.000106363,0.0003891,0.000101895,1727.457136,0.706859494,-0.484184903,-0.515669113
0.000106363,0.0003891,0.000127068,842.095262,0.831865993,-0.392675459,-0.392179747
0.000106363,0.0003891,0.000152242,-4.461033162,0.600956446,-0.626231081,-0.496674927
0.000106363,0.0003891,0.000177416,-598.7643987,0.71598033,-0.321735838,-0.619562925
0.000106363,0.0003891,0.000202589,-940.6198691,0.745412385,-0.361130162,-0.560308292
0.000106363,0.0003891,0.000227763,-1101.749934,0.803450589,-0.468180989,-0.367795749
0.000106363,0.0003891,0.000252937,-1141.171447,0.845922364,-0.532668161,0.026076497
0.000106363,0.0003891,0.000278111,-1091.620366,0.782816321,-0.453848888,0.425699184
0.000106363,0.0003891,0.000303284,-967.782646,0.71807045,-0.327824815,0.613926477
0.000106363,0.0003891,0.000328458,-775.6609066,0.60020004,-0.536771549,0.592989221
0.000106363,0.0003891,0.000353632,-518.47779,0.759603266,-0.230504255,0.608169933
0.000106363,0.0003891,0.000378805,-201.6080723,0.725192838,-0.051281627,0.686633485
0.000106363,0.0003891,0.000403979,159.3774483,0.716194437,0.076112023,0.693738055
0.000106363,0.0003891,0.000429153,529.7324806,0.749138438,0.155429025,0.643920351
0.000106363,0.0003891,0.000454326,858.7464119,0.810431256,0.205710275,0.548529363
0.000106363,0.0003891,0.0004795,1104.10832,0.385613999,0.103877956,0.916793987
0.000106363,0.0004147,1.20E-06,2667.540966,0.093804424,-0.205783398,0.974091332
0.000106363,0.0004147,2.64E-05,3176.163068,-0.637124587,-0.488687595,-0.59603414
0.000106363,0.0004147,5.15E-05,2395.597789,0.587059898,-0.566674674,-0.578135356
0.000106363,0.0004147,7.67E-05,1567.740482,0.760678067,-0.502383245,-0.411071713
0.000106363,0.0004147,0.000101895,691.4104128,0.667766999,-0.594777284,-0.447579286
0.000106363,0.0004147,0.000127068,-279.2622615,0.72763654,-0.266075273,-0.63225708
0.000106363,0.0004147,0.000152242,-1086.69311,0.982766444,-0.182329818,-0.030429479
0.000106363,0.0004147,0.000177416,-312.2357022,0.571550101,0.177090555,0.80122994
0.000106363,0.0004147,0.000202589,-547.3898073,0.030853664,0.610373425,-0.791512687
0.000106363,0.0004147,0.000227763,-731.8624715,-0.265320034,0.752502114,-0.602781758
0.000106363,0.0004147,0.000252937,-829.8569491,-0.369917327,0.849952375,-0.375156142
0.000106363,0.0004147,0.000278111,-869.0193921,-0.256951554,0.965609626,-0.039673024
0.000106363,0.0004147,0.000303284,-838.644482,0.52554787,0.464870385,-0.712527166
0.000106363,0.0004147,0.000328458,-996.2058767,0.833616813,-0.134781028,0.535646416
0.000106363,0.0004147,0.000353632,-650.7916121,0.69821207,-0.27032766,0.66288978
0.000106363,0.0004147,0.000378805,-258.1487244,0.686161216,-0.153116435,0.711152687
0.000106363,0.0004147,0.000403979,162.9314079,0.707791566,-0.066986104,0.703238197
0.000106363,0.0004147,0.000429153,576.0757641,0.768603951,-0.011647448,0.639618874
0.000106363,0.0004147,0.000454326,929.1903828,0.850168222,0.020622405,0.526107129
0.000106363,0.0004147,0.0004795,1178.905703,0.472472221,0.018482288,0.88115175
0.000106363,0.0004403,1.20E-06,2369.638816,0.509897349,-0.17543003,0.842157348
0.000106363,0.0004403,2.64E-05,2448.645702,0.179730012,-0.852857399,-0.490236045
0.000106363,0.0004403,5.15E-05,1420.061031,0.463684705,-0.609323845,-0.643211432
0.000106363,0.0004403,7.67E-05,309.8732583,0.393682461,-0.684646389,-0.613411316
0.000106363,0.0004403,0.000101895,-768.5459618,0.81616724,-0.55524387,-0.159922737
0.000106363,0.0004403,0.000127068,81.13663847,0.715475608,0.02966161,0.698007768
0.000106363,0.0004403,0.000152242,-205.3798623,-0.108612546,0.779673949,-0.61669429
0.000106363,0.0004403,0.000177416,-477.5471296,0.631677724,-0.351776874,-0.690822903
0.000106363,0.0004403,0.000202589,-611.5454625,0.574083301,-0.203816174,-0.793024168
0.000106363,0.0004403,0.000227763,-743.151206,0.352934328,0.165591363,-0.920878309
0.000106363,0.0004403,0.000252937,-825.1668198,0.212261949,0.448464701,-0.868230544
0.000106363,0.0004403,0.000278111,-874.116778,0.440557954,0.416267155,-0.795380629
0.000106363,0.0004403,0.000303284,-883.3977728,-0.963726031,-0.169176913,0.206425072
0.000106363,0.0004403,0.000328458,-823.7295184,0.531469934,0.777928485,0.335211846
0.000106363,0.0004403,0.000353632,-824.5559487,0.56817577,-0.527117727,0.631920245
0.000106363,0.0004403,0.000378805,-379.7756765,0.64973429,-0.234096603,0.723217901
0.000106363,0.0004403,0.000403979,78.56869811,0.681304275,-0.191721571,0.706446972
0.000106363,0.0004403,0.000429153,515.5426159,0.748535197,-0.172640953,0.640226648
0.000106363,0.0004403,0.000454326,882.7763764,0.832901174,-0.169306368,0.526888022
0.000106363,0.0004403,0.0004795,1141.187965,0.53377841,-0.102582829,0.839379159
0.000106363,0.0004659,1.20E-06,2390.571726,-0.217850021,-0.84729456,0.484389613
0.000106363,0.0004659,2.64E-05,1496.218649,0.140626748,-0.666632636,-0.732000715
0.000106363,0.0004659,5.15E-05,335.1947379,0.381019471,-0.58897195,-0.712696432
0.000106363,0.0004659,7.67E-05,-916.3963049,0.327499332,-0.731244107,-0.598352942
0.000106363,0.0004659,0.000101895,-116.2009935,-0.469794853,0.420844032,0.776004573
0.000106363,0.0004659,0.000127068,-254.9254231,0.611128215,-0.695256343,-0.378339693
0.000106363,0.0004659,0.000152242,-368.3989506,0.591727451,-0.527736429,-0.609387304
0.000106363,0.0004659,0.000177416,-522.5636002,0.418621126,-0.165571324,-0.892940362
0.000106363,0.0004659,0.000202589,-616.8090934,0.255523367,0.038752947,-0.966025889
0.000106363,0.0004659,0.000227763,-692.798779,0.013763604,0.427902685,-0.903720009
0.000106363,0.0004659,0.000252937,-761.0640622,-0.141547666,0.499948452,-0.854409623
0.000106363,0.0004659,0.000278111,-838.0277764,-0.246185778,0.514391246,-0.821458586
0.000106363,0.0004659,0.000303284,-880.6389976,0.421622638,0.654548052,-0.627535815
0.000106363,0.0004659,0.000328458,-857.3386928,-0.720507817,-0.226252529,-0.655498496
0.000106363,0.0004659,0.000353632,-1027.388179,0.601912988,0.067617408,0.795693811
0.000106363,0.0004659,0.000378805,-555.4294996,0.617202001,-0.29123042,0.730921701
0.000106363,0.0004659,0.000403979,-84.16250974,0.645396902,-0.286087633,0.708249041
0.000106363,0.0004659,0.000429153,355.5438338,0.701769645,-0.299899085,0.646204228
0.000106363,0.0004659,0.000454326,724.7454392,0.772393996,-0.323775385,0.546422012
0.000106363,0.0004659,0.0004795,994.1148509,0.452444292,-0.187300083,0.871901853
0.000106363,0.0004915,1.20E-06,1476.484938,0.01685969,-0.924295833,-0.381304294
0.000106363,0.0004915,2.64E-05,545.1156318,0.203536475,0.163078398,-0.965390252
0.000106363,0.0004915,5.15E-05,-607.4873584,-0.125306073,0.885002704,-0.448406736
0.000106363,0.0004915,7.67E-05,-251.1173386,-0.254191534,0.964806369,0.067344893
0.000106363,0.0004915,0.000101895,-403.7409395,0.031638821,0.997616897,-0.061314859
0.000106363,0.0004915,0.000127068,-390.1637542,0.028790202,0.999474375,-0.014902981
0.000106363,0.0004915,0.000152242,-441.0827595,0.010771369,0.998674932,-0.050322541
0.000106363,0.0004915,0.000177416,-524.3880238,-0.004696958,0.99827632,-0.058500667
0.000106363,0.0004915,0.000202589,-604.6006829,-0.01074558,0.998514099,-0.053424023
0.000106363,0.0004915,0.000227763,-673.6911578,-0.002336131,0.998785707,-0.049210308
0.000106363,0.0004915,0.000252937,-738.7485392,-0.006536246,0.998852287,-0.047448778
0.000106363,0.0004915,0.000278111,-797.9718053,-0.014142333,0.998671672,-0.049546801
0.000106363,0.0004915,0.000303284,-862.9145124,-0.010273933,0.999407493,-0.032849808
0.000106363,0.0004915,0.000328458,-875.2394077,0.040030219,0.998744883,0.030103824
0.000106363,0.0004915,0.000353632,-798.4654691,0.018100039,0.998425671,0.053090195
0.000106363,0.0004915,0.000378805,-761.9615911,0.426630357,0.858462333,0.284655864
0.000106363,0.0004915,0.000403979,-295.6383292,0.510393356,0.618983528,0.596957296
0.000106363,0.0004915,0.000429153,133.7762759,0.663643464,0.331108372,0.670779098
0.000106363,0.0004915,0.000454326,497.9914676,0.77354734,-0.050658248,0.631710578
0.000106363,0.0004915,0.0004795,777.2785707,0.586825215,-0.278351139,0.760366234
0.000131879,5.10E-06,1.20E-06,1833.059321,0.006807849,0.169824767,0.985450761
0.000131879,5.10E-06,2.64E-05,1914.150178,0.091776667,0.97459694,0.204298428
0.000131879,5.10E-06,5.15E-05,2044.398842,0.096790063,0.984133137,0.148706595
0.000131879,5.10E-06,7.67E-05,2215.787052,0.09861195,0.988681686,0.113067268
0.000131879,5.10E-06,0.000101895,2399.814755,0.168811988,0.977023064,0.130109355
0.000131879,5.10E-06,0.000127068,2549.330557,0.197544072,0.977133577,0.07865311
0.000131879,5.10E-06,0.000152242,2615.655477,0.199955306,0.979756886,0.009711799
0.000131879,5.10E-06,0.000177416,2577.794394,0.180595297,0.98207343,-0.054010341
0.000131879,5.10E-06,0.000202589,2453.192035,0.154673235,0.982717694,-0.101696238
0.000131879,5.10E-06,0.000227763,2275.546188,0.134103755,0.981925088,-0.133563861
0.000131879,5.10E-06,0.000252937,2073.342264,0.119267008,0.981369426,-0.150630111
0.000131879,5.10E-06,0.000278111,1864.887196,0.111860761,0.981054421,-0.1581752
0.000131879,5.10E-06,0.000303284,1660.472086,0.112169883,0.980376507,-0.162110524
0.000131879,5.10E-06,0.000328458,1464.932771,0.120301396,0.978037202,-0.170208122
0.000131879,5.10E-06,0.000353632,1279.060784,0.118658547,0.978037347,-0.171356635
0.000131879,5.10E-06,0.000378805,1099.845092,0.133568693,0.962996299,-0.234088728
0.000131879,5.10E-06,0.000403979,922.9487509,0.120760402,0.916016191,-0.382532696
0.000131879,5.10E-06,0.000429153,752.4394968,-0.043317656,0.576337327,-0.816063029
0.000131879,5.10E-06,0.000454326,610.3628483,-0.364960298,-0.746641647,-0.556174641
0.000131879,5.10E-06,0.0004795,530.8151356,-0.159332734,-0.463549367,0.871627824
0.000131879,3.07E-05,1.20E-06,1699.08208,-0.013766167,-0.200342784,0.979629145
0.000131879,3.07E-05,2.64E-05,1758.998452,0.208522666,-0.849539839,0.484562029
0.000131879,3.07E-05,5.15E-05,1875.322611,0.375841985,-0.719225617,0.58434349
0.000131879,3.07E-05,7.67E-05,2043.661077,0.492826253,-0.62905706,0.601173436
0.000131879,3.07E-05,0.000101895,2234.079579,0.620484203,-0.578930892,0.52899752
0.000131879,3.07E-05,0.000127068,2394.918321,0.757386997,-0.552556807,0.347916531
0.000131879,3.07E-05,0.000152242,2473.392004,0.83977829,-0.537526951,0.076401578
0.000131879,3.07E-05,0.000177416,2446.444578,0.822135831,-0.523985849,-0.222556748
0.000131879,3.07E-05,0.000202589,2331.719837,0.730584685,-0.496546421,-0.468708513
0.000131879,3.07E-05,0.000227763,2164.119553,0.633037794,-0.459228389,-0.623195346
0.000131879,3.07E-05,0.000252937,1973.641011,0.571473093,-0.418952215,-0.705618555
0.000131879,3.07E-05,0.000278111,1780.358154,0.556001359,-0.369334789,-0.744616883
0.000131879,3.07E-05,0.000303284,1596.089207,0.581977629,-0.29364478,-0.758336853
0.000131879,3.07E-05,0.000328458,1425.69459,0.627528296,-0.175085318,-0.758652337
0.000131879,3.07E-05,0.000353632,1266.609506,0.641586941,-0.020923058,-0.766764907
0.000131879,3.07E-05,0.000378805,1107.90406,0.560996192,0.118564526,-0.819283666
0.000131879,3.07E-05,0.000403979,936.3991719,0.345654569,0.183520734,-0.920240762
0.000131879,3.07E-05,0.000429153,755.1951747,-0.021407635,0.161735689,-0.986601885
0.000131879,3.07E-05,0.000454326,594.5185877,-0.509583045,0.08505226,-0.856207471
0.000131879,3.07E-05,0.0004795,496.9260738,-0.215908052,-0.00561619,0.976397548
0.000131879,5.63E-05,1.20E-06,1570.583409,-0.066320965,-0.20996684,0.975456537
0.000131879,5.63E-05,2.64E-05,1599.930521,0.055642036,-0.928127506,0.368080557
0.000131879,5.63E-05,5.15E-05,1688.094945,0.266105927,-0.808871056,0.524323613
0.000131879,5.63E-05,7.67E-05,1834.032883,0.372113518,-0.737943229,0.56300206
0.000131879,5.63E-05,0.000101895,2008.891449,0.470680803,-0.722031861,0.507079455
0.000131879,5.63E-05,0.000127068,2162.820944,0.581532199,-0.733043931,0.352798663
0.000131879,5.63E-05,0.000152242,2247.000845,0.661153509,-0.741405947,0.114861916
0.000131879,5.63E-05,0.000177416,2238.593872,0.670858125,-0.724686416,-0.157413389
0.000131879,5.63E-05,0.000202589,2149.033803,0.623102664,-0.675132192,-0.394891876
0.000131879,5.63E-05,0.000227763,2007.211788,0.565084702,-0.610701039,-0.55472833
0.000131879,5.63E-05,0.000252937,1841.630026,0.534621792,-0.549785376,-0.641806497
0.000131879,5.63E-05,0.000278111,1674.447678,0.549230506,-0.489440831,-0.677342988
0.000131879,5.63E-05,0.000303284,1520.812779,0.614148476,-0.404120486,-0.677870403
0.000131879,5.63E-05,0.000328458,1387.606195,0.710946083,-0.255213189,-0.655302904
0.000131879,5.63E-05,0.000353632,1270.242236,0.766616696,-0.037927147,-0.64098391
0.000131879,5.63E-05,0.000378805,1148.441517,0.698779732,0.160601238,-0.697075411
0.000131879,5.63E-05,0.000403979,994.4795798,0.485677485,0.259362122,-0.834774622
0.000131879,5.63E-05,0.000429153,809.4338125,0.125113265,0.280723139,-0.95159928
0.000131879,5.63E-05,0.000454326,636.4527523,-0.333980334,0.288297441,-0.897408336
0.000131879,5.63E-05,0.0004795,524.3541471,-0.209170736,0.075740322,0.97494154
0.000131879,8.19E-05,1.20E-06,1463.643718,-0.178611098,-0.192126017,0.964979621
0.000131879,8.19E-05,2.64E-05,1457.671169,-0.350762165,-0.921882046,0.164618945
0.000131879,8.19E-05,5.15E-05,1508.058189,-0.044354289,-0.899907622,0.433819051
0.000131879,8.19E-05,7.67E-05,1616.062964,0.11799109,-0.848462982,0.515934755
0.000131879,8.19E-05,0.000101895,1757.989017,0.228781113,-0.845409945,0.482639852
0.000131879,8.19E-05,0.000127068,1891.79692,0.335164221,-0.870589123,0.360193731
0.000131879,8.19E-05,0.000152242,1976.013213,0.425372772,-0.890511521,0.161391562
0.000131879,8.19E-05,0.000177416,1987.79433,0.47639742,-0.875330935,-0.082711866
0.000131879,8.19E-05,0.000202589,1929.435123,0.485664383,-0.815477655,-0.314843296
0.000131879,8.19E-05,0.000227763,1819.967236,0.477116272,-0.734914605,-0.481934213
0.000131879,8.19E-05,0.000252937,1683.760686,0.48215693,-0.666207829,-0.568939209
0.000131879,8.19E-05,0.000278111,1544.613176,0.523750044,-0.618108898,-0.586197305
0.000131879,8.19E-05,0.000303284,1422.189305,0.61622367,-0.564498371,-0.549190292
0.000131879,8.19E-05,0.000328458,1326.455169,0.752032169,-0.455397926,-0.476508496
0.000131879,8.19E-05,0.000353632,1252.21843,0.861724923,-0.266119231,-0.431984619
0.000131879,8.19E-05,0.000378805,1172.513766,0.854186812,-0.072696695,-0.514859282
0.000131879,8.19E-05,0.000403979,1043.51165,0.684067199,0.043059811,-0.728146909
0.000131879,8.19E-05,0.000429153,862.6022428,0.304731793,0.119889199,-0.944862485
0.000131879,8.19E-05,0.000454326,687.6529863,-0.160509342,0.20994717,-0.964447478
0.000131879,8.19E-05,0.0004795,570.7248878,-0.182820376,0.090932888,0.97893203
0.000131879,0.0001075,1.20E-06,1391.003172,-0.351974607,-0.121688519,0.928065612
0.000131879,0.0001075,2.64E-05,1346.99302,-0.811349602,-0.571898896,-0.121010235
0.000131879,0.0001075,5.15E-05,1353.965172,-0.594118587,-0.778061199,0.204068312
0.000131879,0.0001075,7.67E-05,1416.057093,-0.348569239,-0.851164384,0.392452133
0.000131879,0.0001075,0.000101895,1517.726224,-0.161163741,-0.887515192,0.431674684
0.000131879,0.0001075,0.000127068,1626.931791,-0.007681793,-0.929429235,0.368920435
0.000131879,0.0001075,0.000152242,1708.344949,0.129302991,-0.966994679,0.219549602
0.000131879,0.0001075,0.000177416,1737.315092,0.246695496,-0.969088736,-0.002890497
0.000131879,0.0001075,0.000202589,1706.982298,0.332201622,-0.91029634,-0.246987158
0.000131879,0.0001075,0.000227763,1626.231703,0.385943825,-0.813971711,-0.434162893
0.000131879,0.0001075,0.000252937,1513.73975,0.431010636,-0.735573012,-0.52264919
0.000131879,0.0001075,0.000278111,1393.96594,0.492721399,-0.70381995,-0.511725612
0.000131879,0.0001075,0.000303284,1292.776375,0.581160338,-0.69232391,-0.427715167
0.000131879,0.0001075,0.000328458,1222.414543,0.686851365,-0.653185083,-0.318723155
0.000131879,0.0001075,0.000353632,1173.802369,0.775735257,-0.568721741,-0.273478322
0.000131879,0.0001075,0.000378805,1118.473648,0.805352892,-0.453317855,-0.381981207
0.000131879,0.0001075,0.000403979,1013.116924,0.696674032,-0.353503179,-0.62424418
0.000131879,0.0001075,0.000429153,855.3517298,0.374056,-0.247638461,-0.893732231
0.000131879,0.0001075,0.000454326,701.0665147,-0.067247105,-0.092268353,-0.993460808
0.000131879,0.0001075,0.0004795,597.6565422,-0.149978892,0.030397812,0.988221789
0.000131879,0.0001331,1.20E-06,1363.72635,-0.519187958,0.006081165,0.854638452
0.000131879,0.0001331,2.64E-05,1279.663848,-0.945941733,-0.16478061,-0.279359246
0.000131879,0.0001331,5.15E-05,1240.27485,-0.925162827,-0.375281521,-0.056899234
0.000131879,0.0001331,7.67E-05,1254.877259,-0.807672055,-0.564561186,0.170107376
0.000131879,0.0001331,0.000101895,1317.092289,-0.635703998,-0.703540213,0.317665856
0.000131879,0.0001331,0.000127068,1403.434358,-0.452419454,-0.815306226,0.3613757
0.000131879,0.0001331,0.000152242,1481.602364,-0.260863444,-0.920387902,0.291266843
0.000131879,0.0001331,0.000177416,1523.205326,-0.049041037,-0.994990972,0.087108794
0.000131879,0.0001331,0.000202589,1513.092639,0.16116065,-0.964447078,-0.209449464
0.000131879,0.0001331,0.000227763,1451.539303,0.311138246,-0.838855844,-0.44666975
0.000131879,0.0001331,0.000252937,1351.335525,0.40733378,-0.732414262,-0.545571755
0.000131879,0.0001331,0.000278111,1235.556664,0.501389783,-0.699443601,-0.509300436
0.000131879,0.0001331,0.000303284,1139.80398,0.576780688,-0.720516352,-0.384941846
0.000131879,0.0001331,0.000328458,1078.503,0.604447784,-0.749165185,-0.270914013
0.000131879,0.0001331,0.000353632,1032.403815,0.611579274,-0.752694405,-0.243766129
0.000131879,0.0001331,0.000378805,978.5902149,0.591682246,-0.73576296,-0.329492012
0.000131879,0.0001331,0.000403979,891.9849958,0.50343872,-0.697331449,-0.51017478
0.000131879,0.0001331,0.000429153,774.6739546,0.297511715,-0.624157157,-0.722436587
0.000131879,0.0001331,0.000454326,663.3140539,-0.051210423,-0.502663688,-0.86296391
0.000131879,0.0001331,0.0004795,592.306819,-0.109142223,-0.046112954,0.992955976
0.000131879,0.0001587,1.20E-06,1395.976876,-0.604703533,0.153356893,0.781546736
0.000131879,0.0001587,2.64E-05,1272.941733,-0.93595809,0.111446478,-0.334009186
0.000131879,0.0001587,5.15E-05,1187.715528,-0.981517791,-0.024305306,-0.189821172
0.000131879,0.0001587,7.67E-05,1156.79389,-0.985401753,-0.170067244,-0.007779372
0.000131879,0.0001587,0.000101895,1183.142366,-0.934887475,-0.310812144,0.171409509
0.000131879,0.0001587,0.000127068,1249.49216,-0.838703125,-0.451785327,0.304084011
0.000131879,0.0001587,0.000152242,1323.46561,-0.701697028,-0.624678841,0.34263337
0.000131879,0.0001587,0.000177416,1371.529348,-0.470619457,-0.862113158,0.187824996
0.000131879,0.0001587,0.000202589,1371.394906,-0.048964907,-0.968108045,-0.245701551
0.000131879,0.0001587,0.000227763,1317.303635,0.278056544,-0.781305814,-0.55878957
0.000131879,0.0001587,0.000252937,1218.879016,0.42156224,-0.645536178,-0.636842461
0.000131879,0.0001587,0.000278111,1098.54112,0.529786174,-0.616030675,-0.582951813
0.000131879,0.0001587,0.000303284,993.8322822,0.588548238,-0.672477615,-0.44875921
0.000131879,0.0001587,0.000328458,920.3885981,0.558648027,-0.760723789,-0.330471934
0.000131879,0.0001587,0.000353632,860.0698209,0.509220585,-0.81207653,-0.285001939
0.000131879,0.0001587,0.000378805,799.6052118,0.450169588,-0.838824866,-0.306137529
0.000131879,0.0001587,0.000403979,729.6742025,0.368910317,-0.848173286,-0.380141098
0.000131879,0.0001587,0.000429153,654.4431941,0.23666251,-0.847088434,-0.475848759
0.000131879,0.0001587,0.000454326,593.0414234,-0.01215252,-0.850375006,-0.526036753
0.000131879,0.0001587,0.0004795,564.5784927,-0.059355544,-0.072522207,0.99559904
0.000131879,0.0001843,1.20E-06,1505.076915,-0.602409293,0.278594026,0.74798958
0.000131879,0.0001843,2.64E-05,1350.329732,-0.885245631,0.314301919,-0.342862182
0.000131879,0.0001843,5.15E-05,1225.151055,-0.9417233,0.233750082,-0.241905198
0.000131879,0.0001843,7.67E-05,1153.208887,-0.983164736,0.151465102,-0.102202858
0.000131879,0.0001843,0.000101895,1146.158514,-0.99558487,0.075018134,0.056418487
0.000131879,0.0001843,0.000127068,1191.421921,-0.978748812,0.001381052,0.205058174
0.000131879,0.0001843,0.000152242,1255.339898,-0.949350927,-0.091824827,0.300501278
0.000131879,0.0001843,0.000177416,1299.485164,-0.927407479,-0.304470878,0.217285188
0.000131879,0.0001843,0.000202589,1295.815324,-0.306015924,-0.74146197,-0.597150234
0.000131879,0.0001843,0.000227763,1234.678508,0.338428471,-0.519589621,-0.784533489
0.000131879,0.0001843,0.000252937,1125.831308,0.46544804,-0.472024412,-0.74869959
0.000131879,0.0001843,0.000278111,993.7125182,0.529989479,-0.508414743,-0.678694041
0.000131879,0.0001843,0.000303284,868.3166184,0.559314533,-0.605731583,-0.565912098
0.000131879,0.0001843,0.000328458,765.3764799,0.534517317,-0.721550248,-0.440064175
0.000131879,0.0001843,0.000353632,682.4187341,0.483515996,-0.804222177,-0.345599438
0.000131879,0.0001843,0.000378805,615.2521431,0.426610221,-0.858136222,-0.28566754
0.000131879,0.0001843,0.000403979,562.6135497,0.368064008,-0.897038899,-0.244642801
0.000131879,0.0001843,0.000429153,527.3262418,0.299025223,-0.936616687,-0.18257354
0.000131879,0.0001843,0.000454326,515.5813253,0.185318096,-0.98193858,0.038129108
0.000131879,0.0001843,0.0004795,532.8282701,-0.006552071,-0.050471868,0.998703991
0.000131879,0.0002099,1.20E-06,1705.617529,-0.542396202,0.361941836,0.758158603
0.000131879,0.0002099,2.64E-05,1533.895551,-0.815210115,0.477639172,-0.327556545
0.000131879,0.0002099,5.15E-05,1381.416727,-0.862346377,0.435699044,-0.257924541
0.000131879,0.0002099,7.67E-05,1275.843728,-0.903663443,0.399345729,-0.154645951
0.000131879,0.0002099,0.000101895,1234.813684,-0.925392717,0.37770303,-0.031444237
0.000131879,0.0002099,0.000127068,1250.239942,-0.92148695,0.377950911,0.089526025
0.000131879,0.0002099,0.000152242,1289.885279,-0.894590159,0.416344413,0.162375417
0.000131879,0.0002099,0.000177416,1313.852669,-0.824059818,0.566500092,-0.001749814
0.000131879,0.0002099,0.000202589,1289.563866,0.064849713,0.389791433,-0.918616979
0.000131879,0.0002099,0.000227763,1202.818197,0.470786597,-0.090802142,-0.877561936
0.000131879,0.0002099,0.000252937,1064.387085,0.516830518,-0.279698696,-0.809107444
0.000131879,0.0002099,0.000278111,902.3680932,0.535037278,-0.413922611,-0.736480266
0.000131879,0.0002099,0.000303284,745.290798,0.545150059,-0.542772104,-0.638913027
0.000131879,0.0002099,0.000328458,610.4196438,0.535933743,-0.666666405,-0.518006687
0.000131879,0.0002099,0.000353632,504.8090087,0.51010159,-0.768685236,-0.385900733
0.000131879,0.0002099,0.000378805,433.6194947,0.481517244,-0.842361165,-0.242009942
0.000131879,0.0002099,0.000403979,401.8138892,0.466566006,-0.881750828,-0.06950999
0.000131879,0.0002099,0.000429153,409.0781106,0.473028212,-0.861034116,0.186720544
0.000131879,0.0002099,0.000454326,448.9481569,0.462790541,-0.637136776,0.616345393
0.000131879,0.0002099,0.0004795,513.7251345,0.040048816,-0.009424484,0.999153277
0.000131879,0.0002355,1.20E-06,2000.349887,-0.454948983,0.398969379,0.796143742
0.000131879,0.0002355,2.64E-05,1831.081538,-0.732168735,0.611890126,-0.299197956
0.000131879,0.0002355,5.15E-05,1668.447305,-0.756269608,0.600025859,-0.260816504
0.000131879,0.0002355,7.67E-05,1538.196417,-0.776574021,0.598003097,-0.198305534
0.000131879,0.0002355,0.000101895,1458.915338,-0.778194398,0.615719962,-0.123702896
0.000131879,0.0002355,0.000127068,1427.85429,-0.742547569,0.667310852,-0.057613669
0.000131879,0.0002355,0.000152242,1421.210592,-0.616328328,0.785527148,-0.055556208
0.000131879,0.0002355,0.000177416,1405.304231,-0.145762275,0.933087855,-0.328786275
0.000131879,0.0002355,0.000202589,1343.727825,0.487522931,0.503411378,-0.713371135
0.000131879,0.0002355,0.000227763,1210.984687,0.584736718,0.071461744,-0.808069421
0.000131879,0.0002355,0.000252937,1020.210426,0.56258115,-0.19232185,-0.804061413
0.000131879,0.0002355,0.000278111,811.3342981,0.550462243,-0.362370238,-0.752116434
0.000131879,0.0002355,0.000303284,616.0991663,0.554521283,-0.493238875,-0.670239926
0.000131879,0.0002355,0.000328458,450.6389119,0.56265971,-0.608477622,-0.559615076
0.000131879,0.0002355,0.000353632,324.282099,0.568658129,-0.716633679,-0.403811965
0.000131879,0.0002355,0.000378805,250.6871535,0.572871769,-0.801423358,-0.171867789
0.000131879,0.0002355,0.000403979,246.0281451,0.594340244,-0.791074768,0.144777022
0.000131879,0.0002355,0.000429153,306.2926883,0.618622469,-0.583706334,0.525921245
0.000131879,0.0002355,0.000454326,405.5722316,0.561969765,-0.180579508,0.807205689
0.000131879,0.0002355,0.0004795,520.7740348,0.075426286,0.03285274,0.99661004
0.000131879,0.0002611,1.20E-06,2373.368444,-0.363531039,0.395551988,0.843435717
0.000131879,0.0002611,2.64E-05,2224.164981,-0.640766029,0.719801005,-0.267030725
0.000131879,0.0002611,5.15E-05,2066.629411,-0.626229718,0.733206532,-0.265036831
0.000131879,0.0002611,7.67E-05,1918.401342,-0.601172486,0.757536316,-0.254421644
0.000131879,0.0002611,0.000101895,1793.332623,-0.546658402,0.799046295,-0.250378934
0.000131879,0.0002611,0.000127068,1694.351278,-0.420163698,0.863977534,-0.277498268
0.000131879,0.0002611,0.000152242,1614.127433,-0.086238489,0.92047698,-0.381162763
0.000131879,0.0002611,0.000177416,1537.470878,0.535572066,0.651488751,-0.537331341
0.000131879,0.0002611,0.000202589,1429.013431,0.742896303,0.232939637,-0.627570083
0.000131879,0.0002611,0.000227763,1231.913023,0.679150829,-0.034652546,-0.7331803
0.000131879,0.0002611,0.000252937,967.1766626,0.598054446,-0.2349261,-0.766251008
0.000131879,0.0002611,0.000278111,704.3697392,0.574196356,-0.369415714,-0.730637102
0.000131879,0.0002611,0.000303284,475.354818,0.584710219,-0.465702367,-0.664255422
0.000131879,0.0002611,0.000328458,287.7492799,0.614458704,-0.540418498,-0.574794179
0.000131879,0.0002611,0.000353632,143.9509204,0.659857896,-0.619107114,-0.425786258
0.000131879,0.0002611,0.000378805,62.5399781,0.694856145,-0.711755698,-0.10285312
0.000131879,0.0002611,0.000403979,92.83479045,0.703510789,-0.610182415,0.36434872
0.000131879,0.0002611,0.000429153,229.0055302,0.651785656,-0.220797047,0.72555091
0.000131879,0.0002611,0.000454326,400.1540961,0.564091455,0.120218732,0.81691388
0.000131879,0.0002611,0.0004795,567.1864524,0.101050931,0.072294876,0.992251057
0.000131879,0.0002867,1.20E-06,2790.594692,-0.28265122,0.362483863,0.888095567
0.000131879,0.0002867,2.64E-05,2671.921694,-0.54338281,0.804662443,-0.239276984
0.000131879,0.0002867,5.15E-05,2528.646671,-0.463808092,0.840119682,-0.281213397
0.000131879,0.0002867,7.67E-05,2365.713779,-0.351953741,0.873796331,-0.335571953
0.000131879,0.0002867,0.000101895,2186.045924,-0.184510597,0.887823117,-0.421575559
0.000131879,0.0002867,0.000127068,1995.249862,0.088077467,0.831031944,-0.549206945
0.000131879,0.0002867,0.000152242,1806.479835,0.500047029,0.571132332,-0.650969145
0.000131879,0.0002867,0.000177416,1633.547093,0.802663686,0.120808832,-0.584068689
0.000131879,0.0002867,0.000202589,1459.064599,0.82939435,-0.145333446,-0.539428589
0.000131879,0.0002867,0.000227763,1188.787085,0.719304427,-0.266046209,-0.641732465
0.000131879,0.0002867,0.000252937,855.7310335,0.623744569,-0.355899216,-0.695901186
0.000131879,0.0002867,0.000278111,558.454205,0.612025996,-0.42607597,-0.666245787
0.000131879,0.0002867,0.000303284,319.0645151,0.641620411,-0.466185609,-0.609092953
0.000131879,0.0002867,0.000328458,133.7780192,0.701681769,-0.462986687,-0.541558882
0.000131879,0.0002867,0.000353632,-8.725131291,0.791254877,-0.413965196,-0.450053926
0.000131879,0.0002867,0.000378805,-109.0328863,0.934926963,-0.349955351,-0.058675605
0.000131879,0.0002867,0.000403979,-37.47638313,0.806049826,-0.124549749,0.578594019
0.000131879,0.0002867,0.000429153,211.1865827,0.600308649,0.132541655,0.788709221
0.000131879,0.0002867,0.000454326,456.1824439,0.549896489,0.325121494,0.769356787
0.000131879,0.0002867,0.0004795,666.9760627,0.122043432,0.108823007,0.986540903
0.000131879,0.0003123,1.20E-06,3205.56279,-0.03780358,0.066644552,0.997060376
0.000131879,0.0003123,2.64E-05,3119.98572,-0.242807418,0.722320223,-0.647532279
0.000131879,0.0003123,5.15E-05,2996.911695,-0.450894898,0.651767171,-0.609830589
0.000131879,0.0003123,7.67E-05,2825.607632,0.044865596,0.630061576,-0.775248017
0.000131879,0.0003123,0.000101895,2586.728838,0.283079433,0.781869467,-0.555469325
0.000131879,0.0003123,0.000127068,2278.417767,0.521703377,0.527037224,-0.670863138
0.000131879,0.0003123,0.000152242,1936.844075,0.702733726,0.165286124,-0.691986855
0.000131879,0.0003123,0.000177416,1610.547221,0.77342514,-0.174171536,-0.60948981
0.000131879,0.0003123,0.000202589,1307.156418,0.747957893,-0.379603072,-0.544481862
0.000131879,0.0003123,0.000227763,977.5501404,0.691799229,-0.455406257,-0.560373954
0.000131879,0.0003123,0.000252937,639.3512615,0.657075307,-0.483789724,-0.578099942
0.000131879,0.0003123,0.000278111,355.349789,0.66898031,-0.504193533,-0.546126566
0.000131879,0.0003123,0.000303284,144.8130228,0.726389656,-0.493572676,-0.478271975
0.000131879,0.0003123,0.000328458,2.771343809,0.831879072,-0.403698551,-0.380794814
0.000131879,0.0003123,0.000353632,-83.17183501,0.961089349,-0.163276599,-0.222818345
0.000131879,0.0003123,0.000378805,-111.8433674,0.957285564,0.214493124,0.193899586
0.000131879,0.0003123,0.000403979,22.73611135,0.722054379,0.358202893,0.591885261
0.000131879,0.0003123,0.000429153,313.3692196,0.583163346,0.379873608,0.718064449
0.000131879,0.0003123,0.000454326,596.0274571,0.561877225,0.464679233,0.684373578
0.000131879,0.0003123,0.0004795,829.0507949,0.14470249,0.140356659,0.979469855
0.000131879,0.0003379,1.20E-06,2946.31639,-0.045048369,-0.180301665,0.982579236
0.000131879,0.0003379,2.64E-05,2908.612945,-0.280659538,-0.905004464,-0.31968288
0.000131879,0.0003379,5.15E-05,2848.596545,0.123269619,-0.720810038,-0.682083199
0.000131879,0.0003379,7.67E-05,2704.72418,-0.363536163,-0.804974876,0.468889014
0.000131879,0.0003379,0.000101895,2969.304942,0.701978479,-0.555063092,-0.446241166
0.000131879,0.0003379,0.000127068,2514.452513,0.709591861,0.259591329,-0.655050939
0.000131879,0.0003379,0.000152242,1968.707167,0.740974994,-0.048681876,-0.66976573
0.000131879,0.0003379,0.000177416,1450.556359,0.741306541,-0.294224162,-0.603238556
0.000131879,0.0003379,0.000202589,1010.276642,0.719595269,-0.454188104,-0.525257855
0.000131879,0.0003379,0.000227763,636.8824958,0.698202067,-0.532280841,-0.478738947
0.000131879,0.0003379,0.000252937,326.2173943,0.698172135,-0.562122271,-0.443366916
0.000131879,0.0003379,0.000278111,94.15597217,0.73031452,-0.567693099,-0.379954269
0.000131879,0.0003379,0.000303284,-50.9554177,0.806749775,-0.52849451,-0.264288391
0.000131879,0.0003379,0.000328458,-112.0126282,0.923339603,-0.377631221,-0.069560322
0.000131879,0.0003379,0.000353632,-94.13470468,0.97579912,-0.038525231,0.215248425
0.000131879,0.0003379,0.000378805,10.10728648,0.821406668,0.326417431,0.467699419
0.000131879,0.0003379,0.000403979,224.2158671,0.662262854,0.451243858,0.598152901
0.000131879,0.0003379,0.000429153,519.6078147,0.605202566,0.472171246,0.640924465
0.000131879,0.0003379,0.000454326,812.2519887,0.606137688,0.52476243,0.597680095
0.000131879,0.0003379,0.0004795,1047.251536,0.222689354,0.205411547,0.953003435
0.000131879,0.0003635,1.20E-06,2858.221793,0.055233755,-0.073809631,0.995741618
0.000131879,0.0003635,2.64E-05,2838.661386,0.634846744,-0.592651541,-0.495715405
0.000131879,0.0003635,5.15E-05,2777.797781,0.727135986,-0.354318279,-0.587989639
0.000131879,0.0003635,7.67E-05,2614.869591,-0.106841631,-0.511784245,-0.852444574
0.000131879,0.0003635,0.000101895,2346.048824,0.483432364,-0.872886158,0.066052293
0.000131879,0.0003635,0.000127068,2681.661686,0.895461654,0.123185259,-0.427754389
0.000131879,0.0003635,0.000152242,1858.205288,0.739342556,-0.198646134,-0.643360163
0.000131879,0.0003635,0.000177416,1135.164858,0.729515245,-0.376096763,-0.571278157
0.000131879,0.0003635,0.000202589,591.6611756,0.727145843,-0.494248103,-0.476421804
0.000131879,0.0003635,0.000227763,204.1059557,0.727075828,-0.564455267,-0.390833714
0.000131879,0.0003635,0.000252937,-60.39685913,0.739670473,-0.598652315,-0.307413397
0.000131879,0.0003635,0.000278111,-217.7310026,0.775445387,-0.60031047,-0.195733979
0.000131879,0.0003635,0.000303284,-274.4418337,0.838167114,-0.54502191,-0.020664129
0.000131879,0.0003635,0.000328458,-235.61148,0.896930503,-0.375668221,0.233214622
0.000131879,0.0003635,0.000353632,-105.3990446,0.867453456,-0.083171019,0.490517159
0.000131879,0.0003635,0.000378805,114.1029835,0.753982811,0.184966905,0.630315131
0.000131879,0.0003635,0.000403979,413.6102298,0.668988665,0.332981006,0.664513217
0.000131879,0.0003635,0.000429153,753.9138138,0.651771491,0.416651181,0.633715802
0.000131879,0.0003635,0.000454326,1067.14351,0.681739201,0.488633303,0.544489814
0.000131879,0.0003635,0.0004795,1296.819425,0.326999895,0.243191531,0.913197103
0.000131879,0.0003891,1.20E-06,2830.091426,0.085751232,-0.088778979,0.992353273
0.000131879,0.0003891,2.64E-05,2810.833871,0.704306006,-0.601053785,-0.377739855
0.000131879,0.0003891,5.15E-05,2711.457465,-0.356735841,0.654181239,-0.666923119
0.000131879,0.0003891,7.67E-05,2441.124278,0.33490012,0.558167501,-0.759138295
0.000131879,0.0003891,0.000101895,2071.694366,0.79979013,0.568808422,0.191814302
0.000131879,0.0003891,0.000127068,2657.321514,0.837556207,-0.43533988,-0.330119355
0.000131879,0.0003891,0.000152242,1483.118916,0.710748108,-0.353234679,-0.608327533
0.000131879,0.0003891,0.000177416,602.6156584,0.723012955,-0.461532591,-0.514042736
0.000131879,0.0003891,0.000202589,28.0228279,0.741471195,-0.539685318,-0.398698162
0.000131879,0.0003891,0.000227763,-320.7898481,0.755179094,-0.589951826,-0.285764552
0.000131879,0.0003891,0.000252937,-509.1734055,0.771079162,-0.614359039,-0.1673317
0.000131879,0.0003891,0.000278111,-573.4310938,0.795413928,-0.605808042,-0.017700233
0.000131879,0.0003891,0.000303284,-530.5443408,0.821322402,-0.539168292,0.186351992
0.000131879,0.0003891,0.000328458,-388.9225508,0.81876354,-0.384491817,0.426371091
0.000131879,0.0003891,0.000353632,-154.435716,0.765720673,-0.168083421,0.620821886
0.000131879,0.0003891,0.000378805,164.9905893,0.699730031,0.026730042,0.713907128
0.000131879,0.0003891,0.000403979,550.2481537,0.673579679,0.16309624,0.720895299
0.000131879,0.0003891,0.000429153,956.565089,0.707777318,0.262083326,0.656021035
0.000131879,0.0003891,0.000454326,1307.714523,0.784657849,0.340925797,0.51776603
0.000131879,0.0003891,0.0004795,1532.307306,0.464891731,0.210681181,0.859935532
0.000131879,0.0004147,1.20E-06,2741.903832,0.146935142,0.201765315,0.968349535
0.000131879,0.0004147,2.64E-05,2646.696082,-0.674133082,-0.314646994,0.668237875
0.000131879,0.0004147,5.15E-05,3146.585302,0.282621002,-0.759469291,0.58594519
0.000131879,0.0004147,7.67E-05,3093.23087,0.728904442,-0.672533117,-0.128052807
0.000131879,0.0004147,0.000101895,2998.019937,0.70053376,-0.445328361,-0.55761555
0.000131879,0.0004147,0.000127068,1892.342256,0.707258448,-0.501380922,-0.498400098
0.000131879,0.0004147,0.000152242,644.9038696,0.692589726,-0.505461651,-0.51461441
0.000131879,0.0004147,0.000177416,-193.4160486,0.580184415,-0.429151093,-0.692253843
0.000131879,0.0004147,0.000202589,-679.4455442,0.643042189,-0.416717204,-0.642528999
0.000131879,0.0004147,0.000227763,-923.6998829,0.766802808,-0.442095376,-0.46536559
0.000131879,0.0004147,0.000252937,-1003.678691,0.871185842,-0.484801784,-0.077475531
0.000131879,0.0004147,0.000278111,-961.5594226,0.807248099,-0.456311195,0.374340219
0.000131879,0.0004147,0.000303284,-817.3169936,0.53213882,-0.708590989,0.463386542
0.000131879,0.0004147,0.000328458,-580.5215137,0.746280078,-0.39401113,0.536489772
0.000131879,0.0004147,0.000353632,-257.9070753,0.691570122,-0.244574431,0.679642637
0.000131879,0.0004147,0.000378805,140.9345134,0.653308187,-0.115350117,0.748253141
0.000131879,0.0004147,0.000403979,595.72985,0.662478927,-0.023224539,0.748720437
0.000131879,0.0004147,0.000429153,1061.649717,0.739713477,0.03973167,0.671747993
0.000131879,0.0004147,0.000454326,1452.664094,0.864997252,0.081428572,0.49512538
0.000131879,0.0004147,0.0004795,1676.112769,0.611505166,0.066261607,0.788461052
0.000131879,0.0004403,1.20E-06,3035.746944,0.388681496,-0.390660461,0.834452574
0.000131879,0.0004403,2.64E-05,2617.058309,0.143497558,-0.716927221,-0.682219767
0.000131879,0.0004403,5.15E-05,2122.882604,0.396035187,-0.840002064,-0.37088093
0.000131879,0.0004403,7.67E-05,1647.645468,0.541511898,-0.794036774,-0.276171079
0.000131879,0.0004403,0.000101895,1096.387256,0.589072704,-0.754259231,-0.289976484
0.000131879,0.0004403,0.000127068,250.0436607,0.46029985,-0.655038662,-0.599206474
0.000131879,0.0004403,0.000152242,-600.236832,0.602187209,-0.694441381,-0.393854966
0.000131879,0.0004403,0.000177416,-232.2961751,0.774409563,-0.542215682,0.326024513
0.000131879,0.0004403,0.000202589,-453.6293952,0.131118606,0.238120307,-0.962344341
0.000131879,0.0004403,0.000227763,-634.0263043,-0.132318038,0.619734065,-0.773577162
0.000131879,0.0004403,0.000252937,-750.090803,-0.187689148,0.788273011,-0.586002085
0.000131879,0.0004403,0.000278111,-804.4483792,0.089969142,0.302241534,-0.948976084
0.000131879,0.0004403,0.000303284,-1123.078755,0.9933629,-0.114463927,-0.01132072
0.000131879,0.0004403,0.000328458,-806.7244321,0.429365001,-0.49729106,0.75388812
0.000131879,0.0004403,0.000353632,-418.4536853,0.64012866,-0.303441904,0.705803308
0.000131879,0.0004403,0.000378805,31.16601592,0.614634579,-0.232038887,0.753911327
0.000131879,0.0004403,0.000403979,521.2048572,0.635007666,-0.194297906,0.747672113
0.000131879,0.0004403,0.000429153,1008.10826,0.717082395,-0.188754718,0.67094299
0.000131879,0.0004403,0.000454326,1410.480791,0.842196114,-0.201086008,0.50027005
0.000131879,0.0004403,0.0004795,1642.488782,0.519400929,-0.12046945,0.845996328
0.000131879,0.0004659,1.20E-06,2277.918968,-0.155996547,-0.977061831,0.144966397
0.000131879,0.0004659,2.64E-05,1671.144585,0.10359586,-0.800822594,-0.589873776
0.000131879,0.0004659,5.15E-05,913.7956865,0.311161933,-0.776688344,-0.547661819
0.000131879,0.0004659,7.67E-05,91.90887551,0.443907187,-0.770667059,-0.457185622
0.000131879,0.0004659,0.000101895,-698.8527366,0.134961469,-0.988962482,-0.061144182
0.000131879,0.0004659,0.000127068,6.222556215,-0.177794843,-0.754698139,0.631521744
0.000131879,0.0004659,0.000152242,-219.9556745,-0.668892496,0.23751214,-0.704393932
0.000131879,0.0004659,0.000177416,-441.369984,-0.779471145,-0.417180147,-0.4673173
0.000131879,0.0004659,0.000202589,-578.358959,0.441813166,-0.540424328,-0.716060522
0.000131879,0.0004659,0.000227763,-682.1743323,0.434759948,-0.187901018,-0.880725266
0.000131879,0.0004659,0.000252937,-770.549568,0.266413742,0.017571403,-0.963698585
0.000131879,0.0004659,0.000278111,-840.7538782,0.664687192,-0.195211576,-0.721168065
0.000131879,0.0004659,0.000303284,-840.7199183,-0.290679306,0.735295286,-0.612246996
0.000131879,0.0004659,0.000328458,-1053.188238,0.668941909,0.012378062,0.743211616
0.000131879,0.0004659,0.000353632,-624.2369096,0.605482684,-0.340992057,0.71910718
0.000131879,0.0004659,0.000378805,-153.1713996,0.583940033,-0.315819739,0.747844857
0.000131879,0.0004659,0.000403979,337.5519803,0.599480658,-0.32301288,0.732315246
0.000131879,0.0004659,0.000429153,807.2351806,0.656651204,-0.362731492,0.661237523
0.000131879,0.0004659,0.000454326,1193.353431,0.740759773,-0.418657301,0.525357995
0.000131879,0.0004659,0.0004795,1440.756308,0.581008235,-0.327224965,0.745220272
0.000131879,0.0004915,1.20E-06,1456.651912,-0.125389014,-0.712023808,-0.690868795
0.000131879,0.0004915,2.64E-05,733.7386715,0.177578309,0.144361257,-0.973460719
0.000131879,0.0004915,5.15E-05,-154.7017123,0.325785818,0.486895351,-0.810429835
0.000131879,0.0004915,7.67E-05,-1116.794186,-0.200904148,0.976809219,-0.074035623
0.000131879,0.0004915,0.000101895,-312.9967864,0.061036904,0.966586857,0.248966551
0.000131879,0.0004915,0.000127068,-331.9527798,0.02904627,0.998151218,-0.053389704
0.000131879,0.0004915,0.000152242,-446.7587967,0.003006194,0.996735267,-0.080683151
0.000131879,0.0004915,0.000177416,-557.6657503,-0.001740306,0.997920625,-0.064431341
0.000131879,0.0004915,0.000202589,-638.4467163,-0.007500642,0.999188624,-0.039570617
0.000131879,0.0004915,0.000227763,-675.724189,-0.000712226,0.999302035,-0.03734884
0.000131879,0.0004915,0.000252937,-747.1504088,-0.012709757,0.998521114,-0.052858743
0.000131879,0.0004915,0.000278111,-823.764322,-0.010283828,0.998990229,-0.043735168
0.000131879,0.0004915,0.000303284,-863.6291187,0.022684327,0.99970725,0.008416361
0.000131879,0.0004915,0.000328458,-803.0578858,-0.015406374,0.99987114,0.004510673
0.000131879,0.0004915,0.000353632,-852.4584105,0.1533033,0.964070053,0.216949372
0.000131879,0.0004915,0.000378805,-381.8821519,0.417520288,0.721627328,0.552205405
0.000131879,0.0004915,0.000403979,90.41042935,0.554672501,0.443923726,0.703754319
0.000131879,0.0004915,0.000429153,530.6955506,0.673925706,-0.049239975,0.737156406
0.000131879,0.0004915,0.000454326,897.0787259,0.657004875,-0.50849158,0.556579651
0.000131879,0.0004915,0.0004795,1158.192924,0.554807107,-0.70539959,0.441135459
0.000157395,5.10E-06,1.20E-06,1827.956026,-0.026611765,0.175367453,0.984143318
0.000157395,5.10E-06,2.64E-05,1950.444983,0.031307364,0.949307608,0.312785732
0.000157395,5.10E-06,5.15E-05,2132.298893,0.068261916,0.971391441,0.227462038
0.000157395,5.10E-06,7.67E-05,2366.167566,0.085950535,0.981560224,0.170739663
0.000157395,5.10E-06,0.000101895,2623.092878,0.151180543,0.972531867,0.176992122
0.000157395,5.10E-06,0.000127068,2841.299325,0.193159493,0.975726422,0.103186048
0.000157395,5.10E-06,0.000152242,2934.459858,0.108467192,0.994070622,0.007646351
0.000157395,5.10E-06,0.000177416,2865.633091,0.170691882,0.982391545,-0.075967976
0.000157395,5.10E-06,0.000202589,2686.92414,0.13257426,0.983056405,-0.126586607
0.000157395,5.10E-06,0.000227763,2462.579413,0.107583577,0.982567957,-0.15161129
0.000157395,5.10E-06,0.000252937,2229.068479,0.091886223,0.983050312,-0.158647427
0.000157395,5.10E-06,0.000278111,2003.008576,0.08611136,0.983318267,-0.160218664
0.000157395,5.10E-06,0.000303284,1790.428251,0.088140213,0.982662417,-0.163113082
0.000157395,5.10E-06,0.000328458,1590.318105,0.087825802,0.983154165,-0.16029509
0.000157395,5.10E-06,0.000353632,1395.262198,0.106110928,0.972230624,-0.208585915
0.000157395,5.10E-06,0.000378805,1192.627504,0.125624473,0.937979343,-0.323130382
0.000157395,5.10E-06,0.000403979,971.5165165,0.126475027,0.765331425,-0.631087852
0.000157395,5.10E-06,0.000429153,737.1098022,-0.049843124,-0.292580175,-0.9549411
0.000157395,5.10E-06,0.000454326,524.8620149,-0.207494615,-0.890543669,-0.404818427
0.000157395,5.10E-06,0.0004795,403.301448,-0.157636279,-0.642120705,0.75022117
0.000157395,3.07E-05,1.20E-06,1678.760799,-0.04951759,-0.206731195,0.97714391
0.000157395,3.07E-05,2.64E-05,1782.378716,0.006893342,-0.791205393,0.611511658
0.000157395,3.07E-05,5.15E-05,1951.956567,0.174099714,-0.6944841,0.698126868
0.000157395,3.07E-05,7.67E-05,2182.786637,0.322117934,-0.623358101,0.71250594
0.000157395,3.07E-05,0.000101895,2446.241378,0.498182195,-0.586863899,0.63828306
0.000157395,3.07E-05,0.000127068,2677.74241,0.708316862,-0.57023858,0.41607113
0.000157395,3.07E-05,0.000152242,2784.548641,0.826105474,-0.560310635,0.060014485
0.000157395,3.07E-05,0.000177416,2725.619893,0.762449483,-0.562623263,-0.319571353
0.000157395,3.07E-05,0.000202589,2555.791244,0.614346029,-0.53121046,-0.58343329
0.000157395,3.07E-05,0.000227763,2341.746282,0.500320696,-0.49157182,-0.712766685
0.000157395,3.07E-05,0.000252937,2121.103818,0.443435226,-0.45539719,-0.771996502
0.000157395,3.07E-05,0.000278111,1911.947108,0.436836602,-0.411415796,-0.799944264
0.000157395,3.07E-05,0.000303284,1721.979897,0.469654989,-0.335106444,-0.816778956
0.000157395,3.07E-05,0.000328458,1550.845733,0.514106282,-0.192016108,-0.835957263
0.000157395,3.07E-05,0.000353632,1388.245002,0.502984351,0.022418602,-0.864004716
0.000157395,3.07E-05,0.000378805,1211.501018,0.380926645,0.204501928,-0.901706079
0.000157395,3.07E-05,0.000403979,995.1649573,0.182716614,0.241050815,-0.95315746
0.000157395,3.07E-05,0.000429153,742.1075012,-0.074601044,0.176699837,-0.98143357
0.000157395,3.07E-05,0.000454326,502.0087892,-0.455303019,0.108440269,-0.883708023
0.000157395,3.07E-05,0.0004795,356.3890429,-0.253882791,0.008316938,0.967199233
0.000157395,5.63E-05,1.20E-06,1521.154828,-0.103835484,-0.249692281,0.962741895
0.000157395,5.63E-05,2.64E-05,1590.984088,-0.132875168,-0.873020303,0.469233141
0.000157395,5.63E-05,5.15E-05,1727.23475,0.048586805,-0.809842296,0.584632173
0.000157395,5.63E-05,7.67E-05,1926.403672,0.186564234,-0.76945353,0.610847814
0.000157395,5.63E-05,0.000101895,2160.303208,0.321899961,-0.770660831,0.549965725
0.000157395,5.63E-05,0.000127068,2369.786488,0.463562186,-0.80089414,0.379049703
0.000157395,5.63E-05,0.000152242,2479.893513,0.555674681,-0.824593069,0.106169293
0.000157395,5.63E-05,0.000177416,2456.072485,0.5499282,-0.810386485,-0.202120558
0.000157395,5.63E-05,0.000202589,2331.491869,0.484634814,-0.748605971,-0.452457951
0.000157395,5.63E-05,0.000227763,2157.712812,0.423478151,-0.674130403,-0.605156554
0.000157395,5.63E-05,0.000252937,1971.238285,0.397259117,-0.61125577,-0.684508274
0.000157395,5.63E-05,0.000278111,1794.260647,0.41614781,-0.556071388,-0.71944813
0.000157395,5.63E-05,0.000303284,1639.767348,0.486928821,-0.478966867,-0.730404726
0.000157395,5.63E-05,0.000328458,1512.362313,0.604152316,-0.308277328,-0.734823154
0.000157395,5.63E-05,0.000353632,1404.216396,0.663342249,0.040640332,-0.747211766
0.000157395,5.63E-05,0.000378805,1283.285599,0.505071445,0.359979045,-0.784422031
0.000157395,5.63E-05,0.000403979,1092.235126,0.264118947,0.400310992,-0.877492046
0.000157395,5.63E-05,0.000429153,827.4025553,0.002080533,0.321288797,-0.946978976
0.000157395,5.63E-05,0.000454326,572.995288,-0.30123102,0.329878604,-0.894673113
0.000157395,5.63E-05,0.0004795,413.5916913,-0.220982537,0.136687192,0.965651764
0.000157395,8.19E-05,1.20E-06,1368.226441,-0.218970246,-0.291401304,0.931202079
0.000157395,8.19E-05,2.64E-05,1392.468573,-0.378012048,-0.888370103,0.260586746
0.000157395,8.19E-05,5.15E-05,1479.459252,-0.176483281,-0.885527787,0.429760619
0.000157395,8.19E-05,7.67E-05,1628.034337,-0.02763924,-0.870005923,0.492265951
0.000157395,8.19E-05,0.000101895,1814.412161,0.092734142,-0.880022925,0.465789684
0.000157395,8.19E-05,0.000127068,1991.044483,0.199617239,-0.913526383,0.354432652
0.000157395,8.19E-05,0.000152242,2103.035452,0.281990184,-0.944890387,0.166324056
0.000157395,8.19E-05,0.000177416,2120.538779,0.325487102,-0.942907245,-0.070597972
0.000157395,8.19E-05,0.000202589,2053.785864,0.334854225,-0.892017917,-0.303606134
0.000157395,8.19E-05,0.000227763,1933.635876,0.332641227,-0.8129981,-0.477895285
0.000157395,8.19E-05,0.000252937,1791.050035,0.344216681,-0.742230607,-0.574985741
0.000157395,8.19E-05,0.000278111,1651.409931,0.388367454,-0.697144046,-0.602628327
0.000157395,8.19E-05,0.000303284,1533.992995,0.482429341,-0.665967559,-0.568989579
0.000157395,8.19E-05,0.000328458,1450.352504,0.65158517,-0.594518947,-0.471151767
0.000157395,8.19E-05,0.000353632,1400.915324,0.863112655,-0.342257689,-0.371343802
0.000157395,8.19E-05,0.000378805,1357.096918,0.82689471,0.04521412,-0.560536192
0.000157395,8.19E-05,0.000403979,1206.66037,0.50987345,0.161281429,-0.844995483
0.000157395,8.19E-05,0.000429153,921.2573463,0.102503137,0.163691843,-0.981171793
0.000157395,8.19E-05,0.000454326,657.1705986,-0.1932677,0.245198732,-0.950013251
0.000157395,8.19E-05,0.0004795,492.8730884,-0.208777592,0.168077952,0.9634115
0.000157395,0.0001075,1.20E-06,1234.876806,-0.418435646,-0.292184988,0.85996485
0.000157395,0.0001075,2.64E-05,1205.356844,-0.66776859,-0.744363816,-0.002760398
0.000157395,0.0001075,5.15E-05,1233.628176,-0.490940841,-0.843072498,0.219558315
0.000157395,0.0001075,7.67E-05,1324.399709,-0.326667377,-0.877203927,0.351854651
0.000157395,0.0001075,0.000101895,1462.848407,-0.191413411,-0.898910723,0.394107115
0.000157395,0.0001075,0.000127068,1613.281267,-0.076688053,-0.930584992,0.35795323
0.000157395,0.0001075,0.000152242,1731.775367,0.023020881,-0.968558205,0.247719686
0.000157395,0.0001075,0.000177416,1787.155016,0.109552441,-0.991704834,0.067229344
0.000157395,0.0001075,0.000202589,1773.057334,0.183400975,-0.970241404,-0.158100284
0.000157395,0.0001075,0.000227763,1703.17578,0.245039313,-0.899338859,-0.362139961
0.000157395,0.0001075,0.000252937,1600.752196,0.303633065,-0.822085147,-0.481646107
0.000157395,0.0001075,0.000278111,1491.850981,0.372916266,-0.782088158,-0.499271041
0.000157395,0.0001075,0.000303284,1400.456674,0.454740776,-0.784529053,-0.421574419
0.000157395,0.0001075,0.000328458,1341.595587,0.542876356,-0.798082534,-0.261437434
0.000157395,0.0001075,0.000353632,1316.809626,0.629552605,-0.765713236,-0.131707095
0.000157395,0.0001075,0.000378805,1299.219999,0.688347849,-0.634189063,-0.352110026
0.000157395,0.0001075,0.000403979,1176.831125,0.507865561,-0.42391421,-0.749912872
0.000157395,0.0001075,0.000429153,920.6280683,0.112187514,-0.209709422,-0.971306296
0.000157395,0.0001075,0.000454326,685.4338405,-0.186939989,-0.023861084,-0.982081508
0.000157395,0.0001075,0.0004795,539.7441784,-0.227047602,0.09200711,0.96952776
0.000157395,0.0001331,1.20E-06,1138.245439,-0.658051106,-0.191328176,0.728259755
0.000157395,0.0001331,2.64E-05,1050.063072,-0.861319864,-0.454636516,-0.226790059
0.000157395,0.0001331,5.15E-05,1014.610588,-0.781363645,-0.624053588,-0.005288967
0.000157395,0.0001331,7.67E-05,1046.890814,-0.65628524,-0.729140797,0.194019025
0.000157395,0.0001331,0.000101895,1144.349699,-0.520750249,-0.788205085,0.327951097
0.000157395,0.0001331,0.000127068,1280.064641,-0.390577503,-0.835755816,0.385955219
0.000157395,0.0001331,0.000152242,1411.694299,-0.265396832,-0.894026968,0.360943628
0.000157395,0.0001331,0.000177416,1501.272951,-0.133834178,-0.962928633,0.234215414
0.000157395,0.0001331,0.000202589,1529.688158,0.01748418,-0.999824434,-0.006738356
0.000157395,0.0001331,0.000227763,1498.486544,0.171929234,-0.943759698,-0.282414539
0.000157395,0.0001331,0.000252937,1424.247441,0.297904593,-0.842504178,-0.44882019
0.000157395,0.0001331,0.000278111,1332.341558,0.399247818,-0.787518673,-0.469484312
0.000157395,0.0001331,0.000303284,1249.639849,0.458349173,-0.799441264,-0.388342246
0.000157395,0.0001331,0.000328458,1190.681269,0.456245491,-0.847136719,-0.272395725
0.000157395,0.0001331,0.000353632,1150.381764,0.414366991,-0.881495724,-0.226418386
0.000157395,0.0001331,0.000378805,1100.710579,0.342916087,-0.872810593,-0.347289832
0.000157395,0.0001331,0.000403979,989.0238837,0.22121107,-0.778179439,-0.587794542
0.000157395,0.0001331,0.000429153,813.3657353,0.015590712,-0.574846527,-0.818112706
0.000157395,0.0001331,0.000454326,647.7597578,-0.263033925,-0.347292423,-0.90011173
0.000157395,0.0001331,0.0004795,545.8976327,-0.231876457,-0.016521115,0.972604936
0.000157395,0.0001587,1.20E-06,1100.17951,-0.815162682,0.012464481,0.579097953
0.000157395,0.0001587,2.64E-05,953.3139859,-0.925678222,-0.138258834,-0.352142476
0.000157395,0.0001587,5.15E-05,852.9896921,-0.940089134,-0.295921409,-0.169301326
0.000157395,0.0001587,7.67E-05,828.5715541,-0.90396032,-0.424410377,0.052264445
0.000157395,0.0001587,0.000101895,892.9425372,-0.819570574,-0.510268783,0.260633542
0.000157395,0.0001587,0.000127068,1024.563569,-0.706485774,-0.572549286,0.416011016
0.000157395,0.0001587,0.000152242,1174.582096,-0.582844328,-0.64675966,0.491929295
0.000157395,0.0001587,0.000177416,1293.832184,-0.441479012,-0.775782999,0.450840348
0.000157395,0.0001587,0.000202589,1352.613927,-0.212271598,-0.959355313,0.185952017
0.000157395,0.0001587,0.000227763,1344.851769,0.122665748,-0.952664875,-0.278177552
0.000157395,0.0001587,0.000252937,1283.590959,0.338565285,-0.786223502,-0.516939216
0.000157395,0.0001587,0.000278111,1194.002024,0.4494633,-0.715699798,-0.534562009
0.000157395,0.0001587,0.000303284,1103.896225,0.485170231,-0.743199611,-0.460721374
0.000157395,0.0001587,0.000328458,1027.680423,0.442781908,-0.814239894,-0.375443173
0.000157395,0.0001587,0.000353632,960.6023745,0.358419094,-0.869720912,-0.339295281
0.000157395,0.0001587,0.000378805,886.826978,0.255220231,-0.887583613,-0.383481373
0.000157395,0.0001587,0.000403979,789.9738244,0.13490021,-0.856783165,-0.497719341
0.000157395,0.0001587,0.000429153,676.7781599,-0.038257846,-0.768807726,-0.638334566
0.000157395,0.0001587,0.000454326,580.4882806,-0.33819121,-0.616764266,-0.710794306
0.000157395,0.0001587,0.0004795,531.2714672,-0.17979291,-0.046410848,0.982609049
0.000157395,0.0001843,1.20E-06,1147.483303,-0.834916903,0.233849336,0.498225102
0.000157395,0.0001843,2.64E-05,951.3673701,-0.908224723,0.142530343,-0.393462772
0.000157395,0.0001843,5.15E-05,792.8811184,-0.967812245,0.037730543,-0.248828987
0.000157395,0.0001843,7.67E-05,716.9617704,-0.997672758,-0.054583623,-0.040861919
0.000157395,0.0001843,0.000101895,754.1380261,-0.97436811,-0.117212375,0.192010534
0.000157395,0.0001843,0.000127068,885.8843669,-0.901024946,-0.154051805,0.405489937
0.000157395,0.0001843,0.000152242,1051.68049,-0.807291967,-0.185398611,0.560274072
0.000157395,0.0001843,0.000177416,1189.736889,-0.730057097,-0.256812843,0.633295981
0.000157395,0.0001843,0.000202589,1262.012614,-0.648700844,-0.583907794,0.488097227
0.000157395,0.0001843,0.000227763,1258.102913,0.166892115,-0.801361682,-0.574427086
0.000157395,0.0001843,0.000252937,1190.931557,0.420518843,-0.56463239,-0.710178969
0.000157395,0.0001843,0.000278111,1087.682478,0.48514396,-0.566831009,-0.665836275
0.000157395,0.0001843,0.000303284,976.7992753,0.503225847,-0.64048365,-0.580124504
0.000157395,0.0001843,0.000328458,874.6508381,0.473828115,-0.732017838,-0.489527121
0.000157395,0.0001843,0.000353632,783.2155153,0.40738462,-0.807636078,-0.42633524
0.000157395,0.0001843,0.000378805,699.0956135,0.320710632,-0.856849089,-0.40367602
0.000157395,0.0001843,0.000403979,621.3186305,0.219790596,-0.881837124,-0.417199449
0.000157395,0.0001843,0.000429153,556.7893862,0.075284091,-0.894692244,-0.440293191
0.000157395,0.0001843,0.000454326,519.3637804,-0.267336329,-0.902317231,-0.338164016
0.000157395,0.0001843,0.0004795,520.9357511,-0.080409628,0.002452458,0.996758886
0.000157395,0.0002099,1.20E-06,1305.630334,-0.758486901,0.4012234,0.513534229
0.000157395,0.0002099,2.64E-05,1083.942587,-0.846600154,0.375563383,-0.377121102
0.000157395,0.0002099,5.15E-05,889.1351105,-0.90848442,0.324285069,-0.263619522
0.000157395,0.0002099,7.67E-05,775.9418329,-0.955927519,0.280689333,-0.086116649
0.000157395,0.0002099,0.000101895,788.0778312,-0.956689173,0.26236232,0.12614214
0.000157395,0.0002099,0.000127068,909.6083082,-0.90090714,0.27402972,0.336562086
0.000157395,0.0002099,0.000152242,1072.33241,-0.807744567,0.318115387,0.496337903
0.000157395,0.0002099,0.000177416,1207.094305,-0.709697329,0.434837208,0.554298027
0.000157395,0.0002099,0.000202589,1269.44302,-0.560831391,0.785783679,0.260791411
0.000157395,0.0002099,0.000227763,1244.009937,0.309514981,0.293236649,-0.904551129
0.000157395,0.0002099,0.000252937,1145.802502,0.459908084,-0.19188162,-0.866986735
0.000157395,0.0002099,0.000278111,1008.622622,0.494787816,-0.388419388,-0.777377254
0.000157395,0.0002099,0.000303284,864.7166264,0.517261018,-0.526188316,-0.674956959
0.000157395,0.0002099,0.000328458,733.3012971,0.522836316,-0.636636808,-0.566864853
0.000157395,0.0002099,0.000353632,622.4040724,0.50931891,-0.724443661,-0.464516554
0.000157395,0.0002099,0.000378805,537.3624772,0.488500554,-0.792780794,-0.364507643
0.000157395,0.0002099,0.000403979,484.0863154,0.479872072,-0.842509434,-0.24474609
0.000157395,0.0002099,0.000429153,466.0935659,0.50997115,-0.860176005,-0.005164043
0.000157395,0.0002099,0.000454326,483.2005131,0.485920547,-0.42814653,0.761952604
0.000157395,0.0002099,0.0004795,532.843085,0.01917737,0.068500418,0.997466752
0.000157395,0.0002355,1.20E-06,1585.348132,-0.638643951,0.488904767,0.594227256
0.000157395,0.0002355,2.64E-05,1373.166442,-0.763121972,0.559707032,-0.323067941
0.000157395,0.0002355,5.15E-05,1178.176985,-0.798321354,0.552239752,-0.240237949
0.000157395,0.0002355,7.67E-05,1051.92688,-0.827836849,0.550852951,-0.10605271
0.000157395,0.0002355,0.000101895,1036.858298,-0.820655097,0.568441395,0.058306018
0.000157395,0.0002355,0.000127068,1121.244624,-0.758927332,0.611804014,0.222991377
0.000157395,0.0002355,0.000152242,1245.57564,-0.639311968,0.689633886,0.340125434
0.000157395,0.0002355,0.000177416,1346.985404,-0.43664138,0.847458789,0.301923675
0.000157395,0.0002355,0.000202589,1375.125794,-0.051211858,0.985117691,-0.164074616
0.000157395,0.0002355,0.000227763,1298.863377,0.332296804,0.524970624,-0.783571744
0.000157395,0.0002355,0.000252937,1137.953361,0.441442265,-0.009925459,-0.897234759
0.000157395,0.0002355,0.000278111,944.858449,0.482428792,-0.281806318,-0.829365818
0.000157395,0.0002355,0.000303284,758.5272104,0.526651322,-0.442710498,-0.725703659
0.000157395,0.0002355,0.000328458,597.9048626,0.575554302,-0.551820476,-0.603515872
0.000157395,0.0002355,0.000353632,472.4612529,0.628717868,-0.629782437,-0.456166553
0.000157395,0.0002355,0.000378805,393.1687567,0.692465365,-0.674932295,-0.254868819
0.000157395,0.0002355,0.000403979,371.8291029,0.774376343,-0.631196863,0.043952228
0.000157395,0.0002355,0.000429153,406.7423453,0.809366029,-0.343143223,0.476633361
0.000157395,0.0002355,0.000454326,481.2215752,0.603509761,0.181140749,0.776507565
0.000157395,0.0002355,0.0004795,578.3721003,0.086376616,0.118654711,0.989171441
0.000157395,0.0002611,1.20E-06,1970.627288,-0.516111207,0.502065844,0.693944602
0.000157395,0.0002611,2.64E-05,1801.302459,-0.676408306,0.693591053,-0.247796804
0.000157395,0.0002611,5.15E-05,1640.080341,-0.666927759,0.718311451,-0.19808085
0.000157395,0.0002611,7.67E-05,1522.402086,-0.65255909,0.748403009,-0.118573055
0.000157395,0.0002611,0.000101895,1475.320191,-0.614395866,0.788611525,-0.024689729
0.000157395,0.0002611,0.000127068,1491.947439,-0.533410651,0.84338196,0.064652506
0.000157395,0.0002611,0.000152242,1537.792759,-0.382224861,0.915500434,0.125551231
0.000157395,0.0002611,0.000177416,1576.882071,-0.100493699,0.993369731,0.055835423
0.000157395,0.0002611,0.000202589,1563.264684,0.241361073,0.884820955,-0.398543234
0.000157395,0.0002611,0.000227763,1405.599621,0.392797123,0.368721991,-0.842469295
0.000157395,0.0002611,0.000252937,1141.820083,0.425065636,-0.064265118,-0.902878286
0.000157395,0.0002611,0.000278111,877.5158756,0.473317265,-0.276130436,-0.836494321
0.000157395,0.0002611,0.000303284,649.4755903,0.543593451,-0.402799126,-0.73638239
0.000157395,0.0002611,0.000328458,467.3093552,0.638945536,-0.472804588,-0.606798504
0.000157395,0.0002611,0.000353632,334.9590912,0.760804858,-0.496548778,-0.41786993
0.000157395,0.0002611,0.000378805,266.3598876,0.881509599,-0.459186269,-0.109949068
0.000157395,0.0002611,0.000403979,285.8552076,0.913906908,-0.280402051,0.293511247
0.000157395,0.0002611,0.000429153,386.0047979,0.784117526,0.058046217,0.617891854
0.000157395,0.0002611,0.000454326,523.9156816,0.590814339,0.370377915,0.71676957
0.000157395,0.0002611,0.0004795,667.5300166,0.122921328,0.155353243,0.980181471
0.000157395,0.0002867,1.20E-06,2419.518883,-0.416400993,0.462935538,0.782496582
0.000157395,0.0002867,2.64E-05,2314.04618,-0.604908071,0.77962102,-0.162102717
0.000157395,0.0002867,5.15E-05,2206.696602,-0.542358864,0.826995403,-0.148072503
0.000157395,0.0002867,7.67E-05,2109.462198,-0.469725102,0.872919529,-0.131794629
0.000157395,0.0002867,0.000101895,2026.07979,-0.378574034,0.916443466,-0.129665242
0.000157395,0.0002867,0.000127068,1949.990715,-0.24770825,0.956165828,-0.156165083
0.000157395,0.0002867,0.000152242,1875.394372,-0.023789717,0.975731983,-0.217672109
0.000157395,0.0002867,0.000177416,1807.831663,0.401915515,0.870795093,-0.283160421
0.000157395,0.0002867,0.000202589,1761.836337,0.626246451,0.257492043,-0.735875825
0.000157395,0.0002867,0.000227763,1486.439969,0.44406158,-0.091347305,-0.891327652
0.000157395,0.0002867,0.000252937,1099.728837,0.430352872,-0.231158859,-0.872560592
0.000157395,0.0002867,0.000278111,779.5810192,0.494004354,-0.342054483,-0.799348753
0.000157395,0.0002867,0.000303284,530.3454797,0.587321178,-0.404449916,-0.701052137
0.000157395,0.0002867,0.000328458,348.6900804,0.726870636,-0.397159163,-0.560288924
0.000157395,0.0002867,0.000353632,229.6320904,0.897002778,-0.296468339,-0.32786055
0.000157395,0.0002867,0.000378805,184.6205937,0.992397016,-0.113396722,0.047847119
0.000157395,0.0002867,0.000403979,255.5922475,0.905219398,0.091339123,0.415012056
0.000157395,0.0002867,0.000429153,429.4850406,0.706433254,0.31101262,0.635785505
0.000157395,0.0002867,0.000454326,629.1583046,0.562196359,0.495211489,0.662344952
0.000157395,0.0002867,0.0004795,811.5508587,0.142589615,0.18758109,0.971844399
0.000157395,0.0003123,1.20E-06,2874.577239,-0.368762085,0.222867275,0.902410495
0.000157395,0.0003123,2.64E-05,2842.189312,-0.778842296,0.62156916,-0.084002721
0.000157395,0.0003123,5.15E-05,2802.046527,-0.675852636,0.725997753,-0.127084528
0.000157395,0.0003123,7.67E-05,2738.946184,-0.496332702,0.834493674,-0.239320196
0.000157395,0.0003123,0.000101895,2621.514696,-0.219219141,0.876290855,-0.429019003
0.000157395,0.0003123,0.000127068,2430.186901,0.070847907,0.904334604,-0.420903194
0.000157395,0.0003123,0.000152242,2185.823278,0.351623235,0.691681742,-0.63082285
0.000157395,0.0003123,0.000177416,1932.017889,0.62532714,0.197687574,-0.754907671
0.000157395,0.0003123,0.000202589,1677.628098,0.602881065,-0.321541787,-0.730167995
0.000157395,0.0003123,0.000227763,1336.594701,0.518074327,-0.411504079,-0.74984224
0.000157395,0.0003123,0.000252937,951.3876592,0.510157861,-0.407514764,-0.757410506
0.000157395,0.0003123,0.000278111,629.7411872,0.560798147,-0.43838474,-0.702370457
0.000157395,0.0003123,0.000303284,396.6768075,0.670574747,-0.441352454,-0.59626967
0.000157395,0.0003123,0.000328458,250.5396932,0.846221177,-0.342963603,-0.40778142
0.000157395,0.0003123,0.000353632,184.0865654,0.992164711,-0.082333627,-0.093969997
0.000157395,0.0003123,0.000378805,203.7929053,0.945859849,0.198269991,0.256978904
0.000157395,0.0003123,0.000403979,340.6595588,0.786895371,0.36081949,0.500604606
0.000157395,0.0003123,0.000429153,571.8399995,0.624556902,0.480818787,0.615420157
0.000157395,0.0003123,0.000454326,814.4101397,0.535883803,0.593243917,0.600741379
0.000157395,0.0003123,0.0004795,1018.949642,0.157705558,0.219109443,0.962870713
0.000157395,0.0003379,1.20E-06,2877.427811,-0.055820347,0.02831107,0.998039364
0.000157395,0.0003379,2.64E-05,2859.818157,0.330019565,0.57244529,-0.750595415
0.000157395,0.0003379,5.15E-05,2806.483447,0.868874792,0.070138736,-0.49003791
0.000157395,0.0003379,7.67E-05,2749.625349,0.949806347,-0.000819242,-0.312837388
0.000157395,0.0003379,0.000101895,2667.414816,0.631484476,0.354283164,0.689717911
0.000157395,0.0003379,0.000127068,2901.951631,0.843035794,0.186925734,-0.504330666
0.000157395,0.0003379,0.000152242,2430.874838,0.504993954,0.310788125,-0.805227823
0.000157395,0.0003379,0.000177416,1943.166393,0.607268064,-0.091678635,-0.789189791
0.000157395,0.0003379,0.000202589,1495.191268,0.609867917,-0.365082517,-0.703403071
0.000157395,0.0003379,0.000227763,1081.138799,0.589285365,-0.475630241,-0.65308394
0.000157395,0.0003379,0.000252937,712.9750012,0.598172227,-0.506440492,-0.621053956
0.000157395,0.0003379,0.000278111,427.4947897,0.651120971,-0.522178386,-0.550791444
0.000157395,0.0003379,0.000303284,244.911251,0.771080986,-0.495631289,-0.399729581
0.000157395,0.0003379,0.000328458,166.863609,0.938190545,-0.32845159,-0.10916984
0.000157395,0.0003379,0.000353632,187.9803653,0.963736861,0.024596834,0.265718381
0.000157395,0.0003379,0.000378805,307.469008,0.805614939,0.318568559,0.499498392
0.000157395,0.0003379,0.000403979,525.3610508,0.656442072,0.462647704,0.595853092
0.000157395,0.0003379,0.000429153,805.8876731,0.565945453,0.556232818,0.608531672
0.000157395,0.0003379,0.000454326,1078.165156,0.527377941,0.65088774,0.546093084
0.000157395,0.0003379,0.0004795,1288.298716,0.213723726,0.298185006,0.930273009
0.000157395,0.0003635,1.20E-06,2919.910979,0.200466682,0.024805942,0.979386428
0.000157395,0.0003635,2.64E-05,2897.211666,0.030884945,0.35837286,-0.933067529
0.000157395,0.0003635,5.15E-05,2818.085431,0.403927703,0.092351977,-0.910117313
0.000157395,0.0003635,7.67E-05,2738.575831,0.879177961,-0.136830162,-0.456424824
0.000157395,0.0003635,0.000101895,2701.084271,0.902727643,-0.050305917,-0.427261183
0.000157395,0.0003635,0.000127068,2519.343082,0.06370346,-0.966174123,-0.249898847
0.000157395,0.0003635,0.000152242,2562.145763,0.800099291,-0.001747021,-0.599865045
0.000157395,0.0003635,0.000177416,1821.480584,0.591311968,-0.261776676,-0.762773314
0.000157395,0.0003635,0.000202589,1222.638856,0.62862778,-0.420323063,-0.654336028
0.000157395,0.0003635,0.000227763,757.2720838,0.646225663,-0.510369375,-0.567375972
0.000157395,0.0003635,0.000252937,409.3448837,0.671666092,-0.558070078,-0.487260145
0.000157395,0.0003635,0.000278111,178.4780071,0.728936392,-0.577640963,-0.367399857
0.000157395,0.0003635,0.000303284,68.04319285,0.830646412,-0.537907699,-0.14381184
0.000157395,0.0003635,0.000328458,76.35506715,0.912584954,-0.346789038,0.216624247
0.000157395,0.0003635,0.000353632,197.3224448,0.839683271,-0.021541616,0.542649023
0.000157395,0.0003635,0.000378805,422.6104886,0.6937029,0.237835258,0.679860777
0.000157395,0.0003635,0.000403979,734.2084533,0.593360455,0.398082835,0.699609482
0.000157395,0.0003635,0.000429153,1085.691781,0.552242038,0.527310548,0.645733937
0.000157395,0.0003635,0.000454326,1399.132687,0.554191283,0.651615041,0.51794774
0.000157395,0.0003635,0.0004795,1605.443046,0.295259569,0.370194213,0.880782624
0.000157395,0.0003891,1.20E-06,2910.699861,0.340815985,-0.098600261,0.93494516
0.000157395,0.0003891,2.64E-05,2899.589657,0.273087554,-0.801969551,-0.531289025
0.000157395,0.0003891,5.15E-05,2822.853245,0.415739423,-0.667799747,-0.617417388
0.000157395,0.0003891,7.67E-05,2713.955938,0.691774767,-0.622197888,-0.366493466
0.000157395,0.0003891,0.000101895,2641.165122,0.763165778,-0.514911776,-0.390440596
0.000157395,0.0003891,0.000127068,2355.682116,-0.010922536,0.938253046,-0.34577727
0.000157395,0.0003891,0.000152242,2428.807993,0.723172977,-0.461451164,-0.513890716
0.000157395,0.0003891,0.000177416,1475.67502,0.575890702,-0.425207737,-0.698246575
0.000157395,0.0003891,0.000202589,800.0032215,0.64406047,-0.50824544,-0.571727806
0.000157395,0.0003891,0.000227763,337.170543,0.685636988,-0.563769096,-0.460506597
0.000157395,0.0003891,0.000252937,38.84273985,0.722617686,-0.599677765,-0.343817188
0.000157395,0.0003891,0.000278111,-118.2010277,0.772539817,-0.609885987,-0.17669554
0.000157395,0.0003891,0.000303284,-143.5338155,0.826624804,-0.5553534,0.090961722
0.000157395,0.0003891,0.000328458,-43.60159807,0.819880951,-0.377975957,0.430034187
0.000157395,0.0003891,0.000353632,174.0022372,0.721639489,-0.128365047,0.680263819
0.000157395,0.0003891,0.000378805,498.4681964,0.616241567,0.078302636,0.783654917
0.000157395,0.0003891,0.000403979,909.0486171,0.56222549,0.231132763,0.794027798
0.000157395,0.0003891,0.000429153,1358.064521,0.576141222,0.380960678,0.723139167
0.000157395,0.0003891,0.000454326,1743.122671,0.646135674,0.552064393,0.527004362
0.000157395,0.0003891,0.0004795,1938.308624,0.450131634,0.395710379,0.800496601
0.000157395,0.0004147,1.20E-06,2816.816482,0.38890685,-0.127419795,0.91242296
0.000157395,0.0004147,2.64E-05,2762.363433,0.80080403,-0.466534892,-0.375577023
0.000157395,0.0004147,5.15E-05,2613.903435,-0.717041416,-0.500165253,-0.485475363
0.000157395,0.0004147,7.67E-05,2424.899305,-0.712385173,-0.472346463,-0.519033895
0.000157395,0.0004147,0.000101895,2220.592319,-0.52308712,-0.519460904,0.675677612
0.000157395,0.0004147,0.000127068,3105.324133,0.735610491,-0.607637278,-0.299423018
0.000157395,0.0004147,0.000152242,1758.556115,0.457060116,-0.559524922,-0.691395626
0.000157395,0.0004147,0.000177416,812.7979083,0.581503975,-0.576809877,-0.573710287
0.000157395,0.0004147,0.000202589,193.4096429,0.663082213,-0.598183776,-0.449997943
0.000157395,0.0004147,0.000227763,-190.3492451,0.714235626,-0.617970883,-0.32860228
0.000157395,0.0004147,0.000252937,-398.3539611,0.752035583,-0.631301758,-0.189474465
0.000157395,0.0004147,0.000278111,-461.6771691,0.78317904,-0.6217898,0.002834773
0.000157395,0.0004147,0.000303284,-395.1257764,0.788271788,-0.55451136,0.266729713
0.000157395,0.0004147,0.000328458,-207.4678238,0.733795097,-0.40821115,0.543054705
0.000157395,0.0004147,0.000353632,93.30221552,0.639161299,-0.233430691,0.732791202
0.000157395,0.0004147,0.000378805,497.2999703,0.561779759,-0.091890663,0.822167628
0.000157395,0.0004147,0.000403979,988.6649474,0.535345147,0.008444338,0.844591183
0.000157395,0.0004147,0.000429153,1532.535917,0.598034945,0.091965203,0.796176241
0.000157395,0.0004147,0.000454326,2017.262154,0.816168189,0.181588104,0.548539194
0.000157395,0.0004147,0.0004795,2192.387139,0.721313256,0.176497296,0.669743153
0.000157395,0.0004403,1.20E-06,2829.754741,-0.502303999,-0.696243071,0.512773126
0.000157395,0.0004403,2.64E-05,2643.266247,-0.126036362,-0.933913991,-0.334543707
0.000157395,0.0004403,5.15E-05,2469.289991,0.214658693,-0.954309396,-0.207882711
0.000157395,0.0004403,7.67E-05,2349.96183,0.381486509,-0.90486888,-0.188892438
0.000157395,0.0004403,0.000101895,2109.195694,0.428847554,-0.824016129,-0.37025288
0.000157395,0.0004403,0.000127068,1402.165164,0.363699777,-0.847645291,-0.386289959
0.000157395,0.0004403,0.000152242,542.1190443,0.501205265,-0.739714511,-0.449016397
0.000157395,0.0004403,0.000177416,-124.5764068,0.335134381,-0.816675139,-0.469815564
0.000157395,0.0004403,0.000202589,-556.066228,0.520272801,-0.594020799,-0.613559698
0.000157395,0.0004403,0.000227763,-794.5491572,0.652697287,-0.58813175,-0.477584858
0.000157395,0.0004403,0.000252937,-880.4926679,0.772786267,-0.628561693,-0.087815628
0.000157395,0.0004403,0.000278111,-838.2745212,0.735111043,-0.567678227,0.370611906
0.000157395,0.0004403,0.000303284,-680.9660961,0.744359386,-0.539623339,0.39336466
0.000157395,0.0004403,0.000328458,-416.9678096,0.671891563,-0.428720228,0.603954216
0.000157395,0.0004403,0.000353632,-54.30356296,0.587368712,-0.317257813,0.744543804
0.000157395,0.0004403,0.000378805,396.7020773,0.527057683,-0.239978221,0.815242696
0.000157395,0.0004403,0.000403979,919.5743324,0.512547991,-0.208836731,0.832875607
0.000157395,0.0004403,0.000429153,1478.88842,0.577494599,-0.232264765,0.782657695
0.000157395,0.0004403,0.000454326,1965.258668,0.77317906,-0.311979656,0.552143854
0.000157395,0.0004403,0.0004795,2152.583345,0.672643103,-0.267732848,0.689833587
0.000157395,0.0004659,1.20E-06,2139.284594,-0.224410404,-0.971416668,-0.077392679
0.000157395,0.0004659,2.64E-05,1739.046872,0.005889178,-0.892484928,-0.451038768
0.000157395,0.0004659,5.15E-05,1244.653856,0.16954993,-0.89269649,-0.417547359
0.000157395,0.0004659,7.67E-05,670.6936356,0.255245415,-0.900319246,-0.352526643
0.000157395,0.0004659,0.000101895,75.50177094,0.431760579,-0.817558943,-0.381025166
0.000157395,0.0004659,0.000127068,-391.5834841,0.097733341,-0.883837457,-0.457470812
0.000157395,0.0004659,0.000152242,-799.2089626,0.087333262,-0.789737387,-0.607196641
0.000157395,0.0004659,0.000177416,-1128.493516,0.053767104,-0.766098687,0.640470061
0.000157395,0.0004659,0.000202589,-466.2123855,-0.131841002,-0.12940571,0.982787929
0.000157395,0.0004659,0.000227763,-596.6367837,-0.377218746,0.391419048,-0.839343283
0.000157395,0.0004659,0.000252937,-716.6291014,-0.314803603,0.482867243,-0.817152322
0.000157395,0.0004659,0.000278111,-772.4741535,0.234696767,0.044980959,-0.971027364
0.000157395,0.0004659,0.000303284,-982.8680757,0.812399613,-0.43050466,0.393284383
0.000157395,0.0004659,0.000328458,-659.8410292,0.632002428,-0.433724017,0.642227691
0.000157395,0.0004659,0.000353632,-259.2825155,0.557736948,-0.372788963,0.741591455
0.000157395,0.0004659,0.000378805,205.770404,0.507745901,-0.347731646,0.788211141
0.000157395,0.0004659,0.000403979,712.7202978,0.494454553,-0.371521872,0.785802897
0.000157395,0.0004659,0.000429153,1216.958979,0.52781157,-0.458130283,0.715214367
0.000157395,0.0004659,0.000454326,1630.155627,0.600577278,-0.594259254,0.534941933
0.000157395,0.0004659,0.0004795,1851.183596,0.626665591,-0.613836446,0.480099005
0.000157395,0.0004915,1.20E-06,1398.401841,-0.20828733,-0.418037148,-0.88422923
0.000157395,0.0004915,2.64E-05,843.0527243,0.114519792,0.162731492,-0.980001877
0.000157395,0.0004915,5.15E-05,146.5203496,0.274150921,0.47664815,-0.835253143
0.000157395,0.0004915,7.67E-05,-686.5066871,0.431738605,0.882196223,-0.187967019
0.000157395,0.0004915,0.000101895,-208.7135399,-0.231341333,0.962426366,0.142185362
0.000157395,0.0004915,0.000127068,-316.4025712,-0.230956363,0.970561092,-0.068339778
0.000157395,0.0004915,0.000152242,-432.5585726,0.020234507,0.998113327,-0.057968542
0.000157395,0.0004915,0.000177416,-529.6359226,0.021737741,0.998537255,-0.049505764
0.000157395,0.0004915,0.000202589,-627.2828667,0.018339451,0.998722873,-0.047077464
0.000157395,0.0004915,0.000227763,-675.7922611,0.010675631,0.998742466,-0.048984866
0.000157395,0.0004915,0.000252937,-774.828171,0.007803917,0.998632546,-0.051692722
0.000157395,0.0004915,0.000278111,-825.732658,-0.111780276,0.993666689,-0.01147524
0.000157395,0.0004915,0.000303284,-806.346733,-0.012437818,0.999400344,-0.032314892
0.000157395,0.0004915,0.000328458,-913.9118892,0.09667651,0.98571717,0.137896026
0.000157395,0.0004915,0.000353632,-496.8048086,0.329117479,0.831746424,0.447078931
0.000157395,0.0004915,0.000378805,-39.37409265,0.412265903,0.657705528,0.630444497
0.000157395,0.0004915,0.000403979,433.3954396,0.528747284,0.226140058,0.818099617
0.000157395,0.0004915,0.000429153,881.2735222,0.533576477,-0.423614992,0.732015356
0.000157395,0.0004915,0.000454326,1248.776161,0.425889273,-0.789212521,0.44244991
0.000157395,0.0004915,0.0004795,1490.60641,0.359113124,-0.92818262,0.097543771
0.000182911,5.10E-06,1.20E-06,1790.65519,-0.065075749,0.184570584,0.980662453
0.000182911,5.10E-06,2.64E-05,1945.026455,-0.067863972,0.913437297,0.40128143
0.000182911,5.10E-06,5.15E-05,2170.853664,0.002490701,0.950558224,0.310536406
0.000182911,5.10E-06,7.67E-05,2466.210867,0.03940344,0.968385997,0.246324845
0.000182911,5.10E-06,0.000101895,2811.171153,0.070179366,0.979440688,0.18913169
0.000182911,5.10E-06,0.000127068,3140.116104,0.020390851,0.999051977,0.038462458
0.000182911,5.10E-06,0.000152242,2965.532753,0.039921426,0.999202737,0.00041161
0.000182911,5.10E-06,0.000177416,3141.539026,0.036038686,0.999044325,-0.024731554
0.000182911,5.10E-06,0.000202589,2881.046993,0.083354103,0.983338885,-0.161544827
0.000182911,5.10E-06,0.000227763,2604.856441,0.064360426,0.982900866,-0.172521368
0.000182911,5.10E-06,0.000252937,2343.136122,0.055688589,0.983863272,-0.170034831
0.000182911,5.10E-06,0.000278111,2103.843247,0.048381285,0.988057066,-0.146295882
0.000182911,5.10E-06,0.000303284,1886.505152,0.055956277,0.986242236,-0.155547893
0.000182911,5.10E-06,0.000328458,1684.386904,0.069624376,0.981000648,-0.181080574
0.000182911,5.10E-06,0.000353632,1484.121605,0.090612047,0.965059826,-0.24586376
0.000182911,5.10E-06,0.000378805,1266.824908,0.124088676,0.902300157,-0.412863691
0.000182911,5.10E-06,0.000403979,1015.478727,0.170169328,0.513537675,-0.841024052
0.000182911,5.10E-06,0.000429153,728.809557,0.067618866,-0.575935563,-0.814693756
0.000182911,5.10E-06,0.000454326,436.94013,-0.051702876,-0.914017224,-0.402367153
0.000182911,5.10E-06,0.0004795,253.2883933,-0.087316012,-0.741124615,0.665665245
0.000182911,3.07E-05,1.20E-06,1625.83681,-0.0865377,-0.211556836,0.973527057
0.000182911,3.07E-05,2.64E-05,1762.119938,-0.169169919,-0.739076928,0.652032847
0.000182911,3.07E-05,5.15E-05,1976.533816,-0.030971676,-0.660194673,0.750455694
0.000182911,3.07E-05,7.67E-05,2270.159881,0.097657422,-0.599467913,0.794418812
0.000182911,3.07E-05,0.000101895,2625.644257,0.25712447,-0.57903624,0.773695056
0.000182911,3.07E-05,0.000127068,2978.677268,0.535216392,-0.62709183,0.565949866
0.000182911,3.07E-05,0.000152242,3141.386614,0.458185912,-0.885900745,0.072426098
0.000182911,3.07E-05,0.000177416,2999.642589,0.553342935,-0.642874891,-0.529644665
0.000182911,3.07E-05,0.000202589,2741.425851,0.36536579,-0.564449235,-0.740205985
0.000182911,3.07E-05,0.000227763,2473.391397,0.276902128,-0.523692179,-0.80564987
0.000182911,3.07E-05,0.000252937,2223.872906,0.243221728,-0.498587937,-0.832017584
0.000182911,3.07E-05,0.000278111,2001.275227,0.248000683,-0.469379315,-0.847454259
0.000182911,3.07E-05,0.000303284,1806.547369,0.280997237,-0.407339775,-0.868973452
0.000182911,3.07E-05,0.000328458,1633.727807,0.317172066,-0.264880623,-0.910626233
0.000182911,3.07E-05,0.000353632,1466.845284,0.297888048,-0.020347749,-0.954383927
0.000182911,3.07E-05,0.000378805,1276.217805,0.201067838,0.183586023,-0.962220295
0.000182911,3.07E-05,0.000403979,1027.602924,0.093859705,0.202476767,-0.9747787
0.000182911,3.07E-05,0.000429153,717.1998031,-0.01641227,0.1257177,-0.991930289
0.000182911,3.07E-05,0.000454326,393.0884801,-0.217705728,0.10429283,-0.970426309
0.000182911,3.07E-05,0.0004795,183.8394606,-0.18516061,0.040053023,0.981891697
0.000182911,5.63E-05,1.20E-06,1441.871308,-0.141336197,-0.284060707,0.948332006
0.000182911,5.63E-05,2.64E-05,1540.780751,-0.252814845,-0.830944195,0.495597013
0.000182911,5.63E-05,5.15E-05,1716.349357,-0.110576254,-0.788594228,0.604890102
0.000182911,5.63E-05,7.67E-05,1968.097493,0.007870857,-0.765938824,0.642865279
0.000182911,5.63E-05,0.000101895,2271.93423,0.124752565,-0.791311752,0.59855034
0.000182911,5.63E-05,0.000127068,2558.978248,0.251456242,-0.87346833,0.416920657
0.000182911,5.63E-05,0.000152242,2704.746508,0.333190456,-0.938557405,0.089967309
0.000182911,5.63E-05,0.000177416,2647.85118,0.317179721,-0.907982524,-0.273796935
0.000182911,5.63E-05,0.000202589,2472.954529,0.255628162,-0.810799173,-0.526553837
0.000182911,5.63E-05,0.000227763,2262.73703,0.208140277,-0.7244373,-0.657166816
0.000182911,5.63E-05,0.000252937,2055.42853,0.187596178,-0.665316535,-0.722607488
0.000182911,5.63E-05,0.000278111,1868.78482,0.195860715,-0.624097717,-0.756399775
0.000182911,5.63E-05,0.000303284,1711.295965,0.232516373,-0.573600896,-0.785441372
0.000182911,5.63E-05,0.000328458,1583.901859,0.286548591,-0.432115691,-0.855082414
0.000182911,5.63E-05,0.000353632,1476.370303,0.266624662,0.02072937,-0.963577492
0.000182911,5.63E-05,0.000378805,1352.049023,0.092588675,0.470183015,-0.877698849
0.000182911,5.63E-05,0.000403979,1133.561936,-0.006809142,0.456429275,-0.889733641
0.000182911,5.63E-05,0.000429153,810.5900968,-0.080691799,0.298278534,-0.951061906
0.000182911,5.63E-05,0.000454326,495.2317061,-0.194166949,0.364835803,-0.910600918
0.000182911,5.63E-05,0.0004795,304.4258725,-0.130665926,0.231050025,0.964127741
0.000182911,8.19E-05,1.20E-06,1249.230938,-0.252903263,-0.37756956,0.890775598
0.000182911,8.19E-05,2.64E-05,1294.121955,-0.388346051,-0.875866324,0.286435905
0.000182911,8.19E-05,5.15E-05,1410.007341,-0.241039138,-0.872472622,0.425078414
0.000182911,8.19E-05,7.67E-05,1597.000796,-0.124570569,-0.866462972,0.483450196
0.000182911,8.19E-05,0.000101895,1831.242923,-0.028515908,-0.886369026,0.462100415
0.000182911,8.19E-05,0.000127068,2056.55925,0.052710871,-0.934372849,0.35237614
0.000182911,8.19E-05,0.000152242,2198.544866,0.110306708,-0.980248003,0.164153227
0.000182911,8.19E-05,0.000177416,2217.9419,0.137721972,-0.987868134,-0.071757985
0.000182911,8.19E-05,0.000202589,2138.376051,0.14111732,-0.941781432,-0.305178042
0.000182911,8.19E-05,0.000227763,2005.331009,0.135677943,-0.865931629,-0.481408257
0.000182911,8.19E-05,0.000252937,1855.012036,0.135997297,-0.799336759,-0.585290937
0.000182911,8.19E-05,0.000278111,1712.526445,0.150487043,-0.765121948,-0.626052757
0.000182911,8.19E-05,0.000303284,1594.976579,0.178179451,-0.769088084,-0.613804206
0.000182911,8.19E-05,0.000328458,1512.997667,0.206741224,-0.810991554,-0.54731231
0.000182911,8.19E-05,0.000353632,1471.917586,0.197711049,-0.868610306,-0.454341807
0.000182911,8.19E-05,0.000378805,1462.970125,-0.111117176,0.255528074,-0.960394906
0.000182911,8.19E-05,0.000403979,1310.072829,-0.114705163,0.243552937,-0.963080834
0.000182911,8.19E-05,0.000429153,920.7876321,-0.140916792,0.138726777,-0.980253712
0.000182911,8.19E-05,0.000454326,599.3195045,-0.235316106,0.241988609,-0.941311767
0.000182911,8.19E-05,0.0004795,414.5403642,-0.176777558,0.235423815,0.955680554
0.000182911,0.0001075,1.20E-06,1062.732728,-0.452660244,-0.456129264,0.766188487
0.000182911,0.0001075,2.64E-05,1040.831566,-0.561469633,-0.826681382,0.036738868
0.000182911,0.0001075,5.15E-05,1084.163354,-0.420535965,-0.879853592,0.221375603
0.000182911,0.0001075,7.67E-05,1200.353367,-0.299780005,-0.892824626,0.33614898
0.000182911,0.0001075,0.000101895,1375.51295,-0.202215675,-0.902625848,0.37996763
0.000182911,0.0001075,0.000127068,1568.533787,-0.122680775,-0.926812847,0.354918829
0.000182911,0.0001075,0.000152242,1724.722829,-0.058765587,-0.962961466,0.263157407
0.000182911,0.0001075,0.000177416,1805.499612,-0.007906097,-0.99419284,0.107322366
0.000182911,0.0001075,0.000202589,1805.724576,0.034505308,-0.994391366,-0.099975973
0.000182911,0.0001075,0.000227763,1744.405114,0.071515899,-0.948156026,-0.309654042
0.000182911,0.0001075,0.000252937,1648.770818,0.105679268,-0.88373902,-0.455891693
0.000182911,0.0001075,0.000278111,1545.60407,0.13782294,-0.850362351,-0.50782744
0.000182911,0.0001075,0.000303284,1457.055337,0.154080878,-0.875286715,-0.458401842
0.000182911,0.0001075,0.000328458,1398.468589,0.117400327,-0.951720922,-0.283627308
0.000182911,0.0001075,0.000353632,1379.107984,-0.009527154,-0.999906536,-0.009805793
0.000182911,0.0001075,0.000378805,1395.839593,-0.160015237,-0.936215937,-0.312881516
0.000182911,0.0001075,0.000403979,1272.996135,-0.187152939,-0.522480957,-0.831857816
0.000182911,0.0001075,0.000429153,912.8802633,-0.21805877,-0.202923852,-0.954605826
0.000182911,0.0001075,0.000454326,627.5796848,-0.34528908,-0.031517675,-0.937966997
0.000182911,0.0001075,0.0004795,467.2373459,-0.319009317,0.125756432,0.939371266
0.000182911,0.0001331,1.20E-06,901.9745318,-0.728650137,-0.42831397,0.534430651
0.000182911,0.0001331,2.64E-05,803.7332921,-0.727917362,-0.651901305,-0.212511183
0.000182911,0.0001331,5.15E-05,765.2535809,-0.628078246,-0.778105232,0.008364464
0.000182911,0.0001331,7.67E-05,810.0601662,-0.516270301,-0.832525504,0.200913569
0.000182911,0.0001331,0.000101895,941.8062328,-0.412222111,-0.846726217,0.336344534
0.000182911,0.0001331,0.000127068,1129.21131,-0.320185613,-0.855945633,0.406002768
0.000182911,0.0001331,0.000152242,1316.740569,-0.239178985,-0.883118105,0.403603549
0.000182911,0.0001331,0.000177416,1454.865605,-0.163311725,-0.934294638,0.316895582
0.000182911,0.0001331,0.000202589,1520.420852,-0.079897124,-0.98882898,0.125832021
0.000182911,0.0001331,0.000227763,1516.602179,0.01799499,-0.989196741,-0.145485352
0.000182911,0.0001331,0.000252937,1463.112997,0.112023686,-0.921808717,-0.371105623
0.000182911,0.0001331,0.000278111,1386.06024,0.178331025,-0.868593587,-0.462323725
0.000182911,0.0001331,0.000303284,1309.273722,0.192812373,-0.879416852,-0.435257843
0.000182911,0.0001331,0.000328458,1247.013287,0.128463929,-0.931732663,-0.339663458
0.000182911,0.0001331,0.000353632,1199.296285,0.001215784,-0.959052628,-0.283225314
0.000182911,0.0001331,0.000378805,1140.08117,-0.110794089,-0.917001917,-0.383186841
0.000182911,0.0001331,0.000403979,1001.59418,-0.195735972,-0.783998864,-0.589095248
0.000182911,0.0001331,0.000429153,781.2657799,-0.321366186,-0.509707416,-0.798074009
0.000182911,0.0001331,0.000454326,584.0913665,-0.501085674,-0.274796069,-0.820609693
0.000182911,0.0001331,0.0004795,473.7821505,-0.47126158,0.002614793,0.881989618
0.000182911,0.0001587,1.20E-06,793.8185494,-0.948248372,-0.207239573,0.240575942
0.000182911,0.0001587,2.64E-05,614.3224521,-0.837354088,-0.366404915,-0.405691471
0.000182911,0.0001587,5.15E-05,485.6379399,-0.820461148,-0.54027668,-0.186934784
0.000182911,0.0001587,7.67E-05,456.3828764,-0.757887148,-0.647716011,0.07791688
0.000182911,0.0001587,0.000101895,558.4637231,-0.661064962,-0.678583752,0.320183085
0.000182911,0.0001587,0.000127068,764.7012416,-0.550389978,-0.671534009,0.496097719
0.000182911,0.0001587,0.000152242,1000.097003,-0.445530469,-0.676811291,0.586028223
0.000182911,0.0001587,0.000177416,1194.825024,-0.350123851,-0.734435134,0.581393432
0.000182911,0.0001587,0.000202589,1312.362547,-0.233806179,-0.872292236,0.429465862
0.000182911,0.0001587,0.000227763,1348.153772,-0.034119882,-0.999081712,0.025914603
0.000182911,0.0001587,0.000252937,1319.019515,0.171706082,-0.909108779,-0.379523714
0.000182911,0.0001587,0.000278111,1251.682912,0.271462371,-0.81022158,-0.519470088
0.000182911,0.0001587,0.000303284,1171.360205,0.285465677,-0.806681812,-0.517468648
0.000182911,0.0001587,0.000328458,1091.679951,0.218314435,-0.851667291,-0.476446884
0.000182911,0.0001587,0.000353632,1010.884294,0.087410307,-0.884228216,-0.458802681
0.000182911,0.0001587,0.000378805,914.7077111,-0.057038488,-0.865042395,-0.498445851
0.000182911,0.0001587,0.000403979,787.3788218,-0.200043149,-0.778268677,-0.595214755
0.000182911,0.0001587,0.000429153,641.7172961,-0.385097043,-0.609037634,-0.693378272
0.000182911,0.0001587,0.000454326,522.8694685,-0.656936998,-0.363875626,-0.660324398
0.000182911,0.0001587,0.0004795,468.1957188,-0.50903957,0.02400203,0.860408402
0.000182911,0.0001843,1.20E-06,773.9646914,-0.99118471,0.120381494,0.055327815
0.000182911,0.0001843,2.64E-05,520.6828043,-0.863940242,-0.029399913,-0.502735422
0.000182911,0.0001843,5.15E-05,301.0481101,-0.931186571,-0.17389038,-0.320396171
0.000182911,0.0001843,7.67E-05,194.4136503,-0.957498506,-0.287607871,-0.021870593
0.000182911,0.0001843,0.000101895,277.3021526,-0.893717309,-0.325822933,0.308397128
0.000182911,0.0001843,0.000127068,521.2782522,-0.757153772,-0.304022085,0.578177081
0.000182911,0.0001843,0.000152242,811.5727167,-0.618929861,-0.27325295,0.736382138
0.000182911,0.0001843,0.000177416,1053.721353,-0.518082554,-0.277488164,0.80906785
0.000182911,0.0001843,0.000202589,1203.719344,-0.440844651,-0.403317276,0.801867301
0.000182911,0.0001843,0.000227763,1255.610811,-0.128601601,-0.963844079,0.233379992
0.000182911,0.0001843,0.000252937,1228.11386,0.315560772,-0.732366243,-0.603374747
0.000182911,0.0001843,0.000278111,1151.854636,0.383961686,-0.638616307,-0.666890273
0.000182911,0.0001843,0.000303284,1055.621057,0.395334481,-0.668625226,-0.629802315
0.000182911,0.0001843,0.000328458,955.2984557,0.361015032,-0.724269994,-0.587453082
0.000182911,0.0001843,0.000353632,852.4502341,0.262010895,-0.775926496,-0.57383653
0.000182911,0.0001843,0.000378805,745.6231829,0.114803465,-0.797875023,-0.591790175
0.000182911,0.0001843,0.000403979,638.6026873,-0.070229914,-0.765165774,-0.639991482
0.000182911,0.0001843,0.000429153,544.9960307,-0.355322511,-0.637653269,-0.683479496
0.000182911,0.0001843,0.000454326,486.8519613,-0.846415969,-0.229016728,-0.480761215
0.000182911,0.0001843,0.0004795,481.4685721,-0.355361112,0.192827886,0.914623358
0.000182911,0.0002099,1.20E-06,880.585255,-0.913465923,0.401854942,0.063973536
0.000182911,0.0002099,2.64E-05,586.197986,-0.820477095,0.284524049,-0.495846148
0.000182911,0.0002099,5.15E-05,305.5612742,-0.910329054,0.219943386,-0.350607928
0.000182911,0.0002099,7.67E-05,138.8248571,-0.984572983,0.159986806,-0.07085382
0.000182911,0.0002099,0.000101895,207.2816003,-0.954072078,0.145786861,0.261711026
0.000182911,0.0002099,0.000127068,479.0088374,-0.809691699,0.173751176,0.560544273
0.000182911,0.0002099,0.000152242,799.1747667,-0.650613084,0.221501687,0.726388062
0.000182911,0.0002099,0.000177416,1058.051767,-0.538000777,0.304813338,0.785903298
0.000182911,0.0002099,0.000202589,1209.098023,-0.470881542,0.48281795,0.73834775
0.000182911,0.0002099,0.000227763,1245.699858,-0.156342715,0.940170198,-0.302715963
0.000182911,0.0002099,0.000252937,1190.949245,0.382999658,-0.172772392,-0.907447499
0.000182911,0.0002099,0.000278111,1083.705926,0.429984814,-0.400887545,-0.808951319
0.000182911,0.0002099,0.000303284,959.1538456,0.46518724,-0.524022876,-0.71344296
0.000182911,0.0002099,0.000328458,836.9489323,0.488184075,-0.600511091,-0.633295143
0.000182911,0.0002099,0.000353632,722.5656069,0.473602062,-0.653100332,-0.590898504
0.000182911,0.0002099,0.000378805,621.5072985,0.433231383,-0.691379994,-0.578190516
0.000182911,0.0002099,0.000403979,543.4493724,0.386281919,-0.706941299,-0.592469644
0.000182911,0.0002099,0.000429153,497.7436304,0.324081102,-0.657089062,-0.680591951
0.000182911,0.0002099,0.000454326,492.0948661,-0.272141065,0.823809958,0.497268936
0.000182911,0.0002099,0.0004795,529.7521149,-0.08169095,0.326603905,0.941624382
0.000182911,0.0002355,1.20E-06,1134.538623,-0.790638362,0.572567295,0.216927809
0.000182911,0.0002355,2.64E-05,856.2281188,-0.74396126,0.529330675,-0.407836584
0.000182911,0.0002355,5.15E-05,586.4469839,-0.793760191,0.533376974,-0.292324754
0.000182911,0.0002355,7.67E-05,420.0857104,-0.844322551,0.530833389,-0.073043439
0.000182911,0.0002355,0.000101895,470.0117783,-0.816446896,0.543668413,0.194522811
0.000182911,0.0002355,0.000127068,707.8536362,-0.696576908,0.569908641,0.435872403
0.000182911,0.0002355,0.000152242,991.1338295,-0.557134469,0.607009871,0.566692332
0.000182911,0.0002355,0.000177416,1215.402953,-0.439739362,0.703910254,0.557798931
0.000182911,0.0002355,0.000202589,1328.503597,-0.321237953,0.905774153,0.276368162
0.000182911,0.0002355,0.000227763,1312.931543,-0.016415378,0.810361561,-0.585700158
0.000182911,0.0002355,0.000252937,1196.748897,0.279767304,0.095405036,-0.955315725
0.000182911,0.0002355,0.000278111,1035.039754,0.392322047,-0.258626783,-0.882720567
0.000182911,0.0002355,0.000303284,871.309043,0.479393114,-0.43165357,-0.764105646
0.000182911,0.0002355,0.000328458,727.158574,0.566712512,-0.516426096,-0.6419821
0.000182911,0.0002355,0.000353632,610.2972455,0.656761276,-0.539759876,-0.526615517
0.000182911,0.0002355,0.000378805,527.8151058,0.769477384,-0.504833178,-0.391213519
0.000182911,0.0002355,0.000403979,488.4256237,0.930845605,-0.331599338,-0.153519832
0.000182911,0.0002355,0.000429153,494.5752956,0.914075641,0.233417043,0.331635653
0.000182911,0.0002355,0.000454326,540.7774395,0.432538413,0.676977389,0.595493187
0.000182911,0.0002355,0.0004795,618.4990405,0.087133782,0.342846789,0.935341533
0.000182911,0.0002611,1.20E-06,1518.682396,-0.662699435,0.621672205,0.417556138
0.000182911,0.0002611,2.64E-05,1309.612545,-0.669526947,0.688146885,-0.279620337
0.000182911,0.0002611,5.15E-05,1114.825185,-0.656852136,0.728535806,-0.194372967
0.000182911,0.0002611,7.67E-05,999.3320748,-0.642746426,0.7641824,-0.053872927
0.000182911,0.0002611,0.000101895,1025.179583,-0.600810939,0.791553199,0.111668027
0.000182911,0.0002611,0.000127068,1171.921511,-0.52103523,0.813388346,0.258692265
0.000182911,0.0002611,0.000152242,1352.040725,-0.421241973,0.84038608,0.341037295
0.000182911,0.0002611,0.000177416,1491.002981,-0.331411388,0.898997354,0.286304468
0.000182911,0.0002611,0.000202589,1534.153168,-0.261994931,0.954471044,-0.142631279
0.000182911,0.0002611,0.000227763,1431.079821,-0.026889827,0.548448282,-0.835752008
0.000182911,0.0002611,0.000252937,1219.171601,0.203783802,0.026742556,-0.9786506
0.000182911,0.0002611,0.000278111,986.7411109,0.33901976,-0.245156522,-0.908275224
0.000182911,0.0002611,0.000303284,782.2821836,0.473359309,-0.396690465,-0.786490712
0.000182911,0.0002611,0.000328458,623.4289207,0.6359718,-0.454082727,-0.623978162
0.000182911,0.0002611,0.000353632,514.7863727,0.815330268,-0.408723061,-0.410100004
0.000182911,0.0002611,0.000378805,461.577345,0.961132975,-0.247419625,-0.122502793
0.000182911,0.0002611,0.000403979,470.4362556,0.974407684,0.045425907,0.220150293
0.000182911,0.0002611,0.000429153,535.2147166,0.774881496,0.40045598,0.489074304
0.000182911,0.0002611,0.000454326,635.3615076,0.509131982,0.639975746,0.575513396
0.000182911,0.0002611,0.0004795,751.079348,0.146531049,0.327091716,0.933562885
0.000182911,0.0002867,1.20E-06,1980.184925,-0.561225441,0.579672134,0.590767485
0.000182911,0.0002867,2.64E-05,1866.954081,-0.627259068,0.765100112,-0.145491856
0.000182911,0.0002867,5.15E-05,1769.114486,-0.56705804,0.818009349,-0.09646701
0.000182911,0.0002867,7.67E-05,1713.234896,-0.506502038,0.861595321,-0.033304472
0.000182911,0.0002867,0.000101895,1714.12144,-0.442064874,0.896610276,0.025858454
0.000182911,0.0002867,0.000127068,1752.985244,-0.365853972,0.928653253,0.061269952
0.000182911,0.0002867,0.000152242,1790.731913,-0.273539926,0.960583794,0.049544754
0.000182911,0.0002867,0.000177416,1796.920858,-0.193893816,0.976022441,-0.098921093
0.000182911,0.0002867,0.000202589,1736.292937,-0.264564953,0.673030273,-0.690677666
0.000182911,0.0002867,0.000227763,1523.133413,-0.006482122,0.102154683,-0.994747407
0.000182911,0.0002867,0.000252937,1209.096498,0.200698869,-0.152204798,-0.967757027
0.000182911,0.0002867,0.000278111,915.12001,0.323122399,-0.306510558,-0.895345293
0.000182911,0.0002867,0.000303284,684.9582182,0.482662151,-0.405829595,-0.776105397
0.000182911,0.0002867,0.000328458,529.1993409,0.717788286,-0.404864451,-0.56644925
0.000182911,0.0002867,0.000353632,446.2573495,0.942331063,-0.241108105,-0.232118612
0.000182911,0.0002867,0.000378805,436.7239717,0.991020643,0.024035965,0.131530825
0.000182911,0.0002867,0.000403979,503.8773072,0.872843986,0.279513657,0.400019365
0.000182911,0.0002867,0.000429153,631.9036702,0.674646628,0.502387486,0.540794546
0.000182911,0.0002867,0.000454326,784.8858568,0.495754438,0.665083738,0.558472164
0.000182911,0.0002867,0.0004795,933.2286865,0.159198595,0.322404688,0.933118977
0.000182911,0.0003123,1.20E-06,2450.386899,-0.50086041,0.486953653,0.715552227
0.000182911,0.0003123,2.64E-05,2438.368823,-0.634935319,0.772530638,-0.007318085
0.000182911,0.0003123,5.15E-05,2440.389208,-0.541551593,0.840651557,0.005179948
0.000182911,0.0003123,7.67E-05,2446.109574,-0.447147,0.894418196,-0.008697716
0.000182911,0.0003123,0.000101895,2426.815681,-0.353749968,0.933186161,-0.063439338
0.000182911,0.0003123,0.000127068,2352.751516,-0.245537968,0.953644859,-0.173990197
0.000182911,0.0003123,0.000152242,2218.299153,-0.089154782,0.922382554,-0.375848173
0.000182911,0.0003123,0.000177416,2037.231078,0.128916405,0.668730412,-0.732243263
0.000182911,0.0003123,0.000202589,1805.46323,0.223202104,0.054772085,-0.973232161
0.000182911,0.0003123,0.000227763,1486.136641,0.239627114,-0.231737522,-0.942802507
0.000182911,0.0003123,0.000252937,1121.926362,0.292670293,-0.318278972,-0.901688746
0.000182911,0.0003123,0.000278111,804.2700703,0.372339223,-0.394402093,-0.840125283
0.000182911,0.0003123,0.000303284,577.0647578,0.539329908,-0.447886645,-0.713106446
0.000182911,0.0003123,0.000328458,449.930381,0.830623418,-0.370953072,-0.415281297
0.000182911,0.0003123,0.000353632,417.1028972,0.996637775,-0.058886762,0.056969238
0.000182911,0.0003123,0.000378805,472.2851423,0.893020844,0.242506254,0.37908375
0.000182911,0.0003123,0.000403979,609.1277553,0.726684322,0.438476888,0.528836378
0.000182911,0.0003123,0.000429153,800.6870266,0.566274166,0.590721181,0.574788705
0.000182911,0.0003123,0.000454326,1000.286134,0.447660117,0.714010513,0.538320915
0.000182911,0.0003123,0.0004795,1171.06465,0.157153568,0.335698773,0.928767511
0.000182911,0.0003379,1.20E-06,2857.226823,-0.29824064,0.392319448,0.870136755
0.000182911,0.0003379,2.64E-05,2940.229454,-0.676240051,0.664883472,0.317221314
0.000182911,0.0003379,5.15E-05,3046.632021,-0.463705929,0.799114121,0.382613947
0.000182911,0.0003379,7.67E-05,3132.68876,-0.147245558,0.976069572,0.160021677
0.000182911,0.0003379,0.000101895,3110.665499,0.177155591,0.855440689,-0.486659146
0.000182911,0.0003379,0.000127068,2915.224558,-0.310498026,0.531111444,-0.788360076
0.000182911,0.0003379,0.000152242,2578.175261,0.081794597,0.613259377,-0.785635145
0.000182911,0.0003379,0.000177416,2180.333435,0.325043433,0.16984807,-0.930321665
0.000182911,0.0003379,0.000202589,1767.832962,0.407739986,-0.188342746,-0.89346243
0.000182911,0.0003379,0.000227763,1352.277206,0.410593295,-0.353031825,-0.840703085
0.000182911,0.0003379,0.000252937,964.334561,0.421128832,-0.422818757,-0.802418099
0.000182911,0.0003379,0.000278111,654.99953,0.480132419,-0.479438073,-0.734582871
0.000182911,0.0003379,0.000303284,458.6362372,0.653411745,-0.512526755,-0.557108084
0.000182911,0.0003379,0.000328458,383.8924426,0.928371661,-0.358509206,-0.097965339
0.000182911,0.0003379,0.000353632,422.7588306,0.906340657,0.047769538,0.41983888
0.000182911,0.0003379,0.000378805,561.6458234,0.718487378,0.331103076,0.611675274
0.000182911,0.0003379,0.000403979,780.7781072,0.569455404,0.500986821,0.651715235
0.000182911,0.0003379,0.000429153,1040.71238,0.460013865,0.638242618,0.617279195
0.000182911,0.0003379,0.000454326,1284.461526,0.38907174,0.759542079,0.521266737
0.000182911,0.0003379,0.0004795,1466.237151,0.154766096,0.36826164,0.91675014
0.000182911,0.0003635,1.20E-06,3126.22197,-0.261275547,0.28886432,0.921027955
0.000182911,0.0003635,2.64E-05,2842.077661,-0.381900945,-0.262975553,-0.885999733
0.000182911,0.0003635,5.15E-05,2849.160238,0.598854148,-0.800843799,0.00478733
0.000182911,0.0003635,7.67E-05,2843.303164,0.773555104,-0.630621997,-0.062676937
0.000182911,0.0003635,0.000101895,2815.543815,0.177589215,-0.917318016,-0.356356182
0.000182911,0.0003635,0.000127068,2717.560792,0.903468887,-0.428045459,-0.022826625
0.000182911,0.0003635,0.000152242,2801.66296,0.314765789,0.270428664,-0.909830114
0.000182911,0.0003635,0.000177416,2187.680033,0.381578896,-0.164657725,-0.909552297
0.000182911,0.0003635,0.000202589,1627.952088,0.480088032,-0.335563759,-0.810501354
0.000182911,0.0003635,0.000227763,1143.013966,0.513394705,-0.433981087,-0.740328503
0.000182911,0.0003635,0.000252937,748.2871263,0.538251738,-0.498713619,-0.67938928
0.000182911,0.0003635,0.000278111,468.6279766,0.604906852,-0.555192515,-0.570831824
0.000182911,0.0003635,0.000303284,323.4286162,0.763761095,-0.574450954,-0.294406338
0.000182911,0.0003635,0.000328458,316.4116811,0.889732544,-0.368730351,0.269098363
0.000182911,0.0003635,0.000353632,437.6702993,0.737324907,0.010651711,0.675454308
0.000182911,0.0003635,0.000378805,669.3648393,0.564388563,0.266296847,0.781377974
0.000182911,0.0003635,0.000403979,983.6326235,0.451072927,0.444812332,0.773741044
0.000182911,0.0003635,0.000429153,1330.295593,0.377601402,0.617744142,0.689789356
0.000182911,0.0003635,0.000454326,1630.822092,0.335448343,0.786164208,0.519057075
0.000182911,0.0003635,0.0004795,1813.549071,0.161761334,0.427788203,0.889286525
0.000182911,0.0003891,1.20E-06,3185.269724,-0.301535175,-0.192447565,0.933831073
0.000182911,0.0003891,2.64E-05,2856.601491,-0.089746552,0.564975222,-0.820212506
0.000182911,0.0003891,5.15E-05,2838.153041,0.767564025,-0.608289336,-0.202063234
0.000182911,0.0003891,7.67E-05,2788.730265,0.014700556,-0.98162452,-0.190255603
0.000182911,0.0003891,0.000101895,2781.502916,0.281072985,-0.891072166,-0.35635428
0.000182911,0.0003891,0.000127068,2650.52234,0.923332061,0.380553949,-0.051347804
0.000182911,0.0003891,0.000152242,2738.338835,0.285613109,-0.636862295,-0.716122593
0.000182911,0.0003891,0.000177416,1964.256333,0.403048025,-0.434257233,-0.805588571
0.000182911,0.0003891,0.000202589,1327.99574,0.523436982,-0.488715223,-0.697976473
0.000182911,0.0003891,0.000227763,827.8842944,0.580176055,-0.532957149,-0.615915921
0.000182911,0.0003891,0.000252937,460.9101591,0.623256228,-0.577439619,-0.527366249
0.000182911,0.0003891,0.000278111,234.7831933,0.693526051,-0.62099752,-0.365217328
0.000182911,0.0003891,0.000303284,156.5992469,0.792768477,-0.609300344,-0.01646914
0.000182911,0.0003891,0.000328458,224.7025063,0.774527611,-0.402468023,0.48798204
0.000182911,0.0003891,0.000353632,428.4190551,0.607021746,-0.106708869,0.787488296
0.000182911,0.0003891,0.000378805,750.8630704,0.464082884,0.107297707,0.879269173
0.000182911,0.0003891,0.000403979,1167.172068,0.372721937,0.274775619,0.886327658
0.000182911,0.0003891,0.000429153,1630.121395,0.321432384,0.479455226,0.81658062
0.000182911,0.0003891,0.000454326,2028.792904,0.293902516,0.780624995,0.551584924
0.000182911,0.0003891,0.0004795,2197.776377,0.19482373,0.520019902,0.831638753
0.000182911,0.0004147,1.20E-06,2988.149393,-0.307578426,-0.722666648,0.618989844
0.000182911,0.0004147,2.64E-05,3085.226213,-0.208032359,-0.714497622,-0.667993777
0.000182911,0.0004147,5.15E-05,2641.381174,0.272837927,-0.574595633,-0.771621231
0.000182911,0.0004147,7.67E-05,2546.06676,0.770309154,-0.582309824,-0.259882813
0.000182911,0.0004147,0.000101895,2464.099089,0.698418857,-0.536575082,0.473601396
0.000182911,0.0004147,0.000127068,3042.880257,-0.391184232,-0.87701084,-0.278974699
0.000182911,0.0004147,0.000152242,2181.01714,0.209449421,-0.681902916,-0.700813351
0.000182911,0.0004147,0.000177416,1414.551457,0.430253581,-0.642248901,-0.634348646
0.000182911,0.0004147,0.000202589,818.8025195,0.553527961,-0.627544977,-0.547534563
0.000182911,0.0004147,0.000227763,380.0113777,0.620654418,-0.632049789,-0.464005558
0.000182911,0.0004147,0.000252937,87.87329332,0.671817951,-0.651208852,-0.352969789
0.000182911,0.0004147,0.000278111,-57.57003458,0.728780277,-0.667464963,-0.152871942
0.000182911,0.0004147,0.000303284,-55.83729529,0.759598652,-0.620375364,0.195305644
0.000182911,0.0004147,0.000328458,88.4290142,0.678341542,-0.444078337,0.58536073
0.000182911,0.0004147,0.000353632,365.1653108,0.529814579,-0.233895577,0.81522351
0.000182911,0.0004147,0.000378805,761.0419771,0.40815926,-0.08138511,0.909275801
0.000182911,0.0004147,0.000403979,1260.832841,0.323278031,0.024940429,0.945975311
0.000182911,0.0004147,0.000429153,1844.763593,0.268437866,0.126615605,0.95493958
0.000182911,0.0004147,0.000454326,2447.795093,0.349450548,0.399835286,0.847358282
0.000182911,0.0004147,0.0004795,2548.935082,0.396883965,0.438834577,0.806168303
0.000182911,0.0004403,1.20E-06,2548.550023,-0.522207013,-0.852694072,-0.014582672
0.000182911,0.0004403,2.64E-05,2479.410906,-0.317678717,-0.944705325,-0.081314709
0.000182911,0.0004403,5.15E-05,2429.863213,-0.232116826,-0.969983378,-0.072484656
0.000182911,0.0004403,7.67E-05,2384.77377,-0.134386691,-0.981269818,-0.138020874
0.000182911,0.0004403,0.000101895,2209.09702,-0.046573775,-0.947295198,-0.316958501
0.000182911,0.0004403,0.000127068,1745.528743,0.114927514,-0.926591986,-0.358076749
0.000182911,0.0004403,0.000152242,1127.116509,0.311725667,-0.841318682,-0.441599348
0.000182911,0.0004403,0.000177416,561.7201472,0.4724433,-0.769264274,-0.430150908
0.000182911,0.0004403,0.000202589,122.1997812,0.578131848,-0.724955985,-0.374436092
0.000182911,0.0004403,0.000227763,-184.6194114,0.645087048,-0.705260402,-0.294058608
0.000182911,0.0004403,0.000252937,-360.0740622,0.694816207,-0.699347162,-0.167761691
0.000182911,0.0004403,0.000278111,-403.3078429,0.728980132,-0.683144663,0.043604313
0.000182911,0.0004403,0.000303284,-315.0107041,0.711891075,-0.612335716,0.343883802
0.000182911,0.0004403,0.000328458,-100.095963,0.61517426,-0.474870312,0.62933204
0.000182911,0.0004403,0.000353632,232.1717366,0.490209317,-0.338307562,0.803270079
0.000182911,0.0004403,0.000378805,669.3383467,0.387846811,-0.252761474,0.886389581
0.000182911,0.0004403,0.000403979,1196.228015,0.314214981,-0.225227225,0.922248146
0.000182911,0.0004403,0.000429153,1790.166146,0.269802632,-0.272557644,0.923536069
0.000182911,0.0004403,0.000454326,2366.690936,0.322698042,-0.563625468,0.760389575
0.000182911,0.0004403,0.0004795,2496.897386,0.510650065,-0.791133842,0.336665642
0.000182911,0.0004659,1.20E-06,1948.344771,-0.31211612,-0.896170208,-0.315376737
0.000182911,0.0004659,2.64E-05,1682.984453,-0.12198073,-0.928207543,-0.351498875
0.000182911,0.0004659,5.15E-05,1353.508349,0.033553331,-0.940615402,-0.337811842
0.000182911,0.0004659,7.67E-05,949.9324944,0.14129041,-0.943836111,-0.298681128
0.000182911,0.0004659,0.000101895,521.2302859,0.222358122,-0.94698502,-0.231897042
0.000182911,0.0004659,0.000127068,195.633925,0.314116182,-0.92591186,-0.209805268
0.000182911,0.0004659,0.000152242,-112.5253171,0.57314082,-0.757381849,-0.312861527
0.000182911,0.0004659,0.000177416,-413.0352061,0.720368004,-0.612858035,-0.3247691
0.000182911,0.0004659,0.000202589,-650.6771533,0.367034976,-0.81354956,-0.451023768
0.000182911,0.0004659,0.000227763,-796.2463686,0.474021915,-0.812353222,-0.339684363
0.000182911,0.0004659,0.000252937,-839.2105617,0.619403859,-0.783761817,0.04534615
0.000182911,0.0004659,0.000278111,-775.5295671,0.409855624,-0.867312411,0.282466899
0.000182911,0.0004659,0.000303284,-604.8940903,0.673678639,-0.584250682,0.452557435
0.000182911,0.0004659,0.000328458,-331.4464664,0.579354223,-0.485485484,0.654715609
0.000182911,0.0004659,0.000353632,35.62021874,0.475612363,-0.407471001,0.779589805
0.000182911,0.0004659,0.000378805,481.4776141,0.39147721,-0.378604131,0.83869214
0.000182911,0.0004659,0.000403979,982.4739006,0.333072771,-0.41384576,0.84722737
0.000182911,0.0004659,0.000429153,1493.482034,0.301352082,-0.54301299,0.783788119
0.000182911,0.0004659,0.000454326,1915.071502,0.291493015,-0.775747284,0.559685603
0.000182911,0.0004659,0.0004795,2114.345456,0.359650109,-0.93221132,0.04042095
0.000182911,0.0004915,1.20E-06,1302.042477,-0.254307737,-0.176679289,-0.950848044
0.000182911,0.0004915,2.64E-05,882.0174816,0.021865665,0.262263342,-0.964748585
0.000182911,0.0004915,5.15E-05,354.1604641,0.236736114,0.549554764,-0.801215061
0.000182911,0.0004915,7.67E-05,-289.7744937,0.363042299,0.707573844,-0.606250398
0.000182911,0.0004915,0.000101895,-923.3545746,-0.02689515,0.940773249,-0.337967964
0.000182911,0.0004915,0.000127068,-1098.724454,-0.059417442,0.980570318,0.186952985
0.000182911,0.0004915,0.000152242,-371.3160273,-0.065175727,0.977082855,0.202635681
0.000182911,0.0004915,0.000177416,-471.0012955,-0.066343241,0.996010808,-0.059674482
0.000182911,0.0004915,0.000202589,-580.7364405,-0.067156634,0.996519191,-0.049391173
0.000182911,0.0004915,0.000227763,-643.1315694,-0.068261192,0.996750784,-0.042758436
0.000182911,0.0004915,0.000252937,-724.206674,-0.033827815,0.987308249,-0.1551712
0.000182911,0.0004915,0.000278111,-1134.958899,0.015466027,0.998001512,-0.061268131
0.000182911,0.0004915,0.000303284,-898.030037,0.08313694,0.972178339,0.218992068
0.000182911,0.0004915,0.000328458,-583.0942339,0.26757359,0.908823584,0.320068848
0.000182911,0.0004915,0.000353632,-199.9177788,0.298366279,0.827734903,0.475218365
0.000182911,0.0004915,0.000378805,234.6691811,0.361501296,0.609715877,0.705381714
0.000182911,0.0004915,0.000403979,693.5219475,0.416903036,0.032813272,0.908358491
0.000182911,0.0004915,0.000429153,1133.115233,0.322364603,-0.64915644,0.688968054
0.000182911,0.0004915,0.000454326,1491.575414,0.211928107,-0.906952815,0.364037179
0.000182911,0.0004915,0.0004795,1716.534674,0.166700769,-0.980761753,-0.101573802
0.000208426,5.10E-06,1.20E-06,1714.168415,-0.111169394,0.20945108,0.971479084
0.000208426,5.10E-06,2.64E-05,1885.272718,-0.188026031,0.871240777,0.453415614
0.000208426,5.10E-06,5.15E-05,2136.535934,-0.097447395,0.919267641,0.3813804
0.000208426,5.10E-06,7.67E-05,2469.988161,-0.050110426,0.943832933,0.326601194
0.000208426,5.10E-06,0.000101895,2876.550991,-0.023014504,0.987769295,0.154214628
0.000208426,5.10E-06,0.000127068,2924.246158,-0.002870286,0.998494387,0.054778837
0.000208426,5.10E-06,0.000152242,3074.342188,-0.002964702,0.999816619,0.018919279
0.000208426,5.10E-06,0.000177416,2990.418352,0.005553206,0.999600421,-0.027715704
0.000208426,5.10E-06,0.000202589,2967.605554,0.004678901,0.996001787,-0.0892107
0.000208426,5.10E-06,0.000227763,2665.978297,0.006676816,0.985890301,-0.16725948
0.000208426,5.10E-06,0.000252937,2395.386655,0.011424536,0.986610065,-0.162696216
0.000208426,5.10E-06,0.000278111,2156.072519,0.019531381,0.986758439,-0.161016487
0.000208426,5.10E-06,0.000303284,1943.372684,0.032147726,0.985234601,-0.168164515
0.000208426,5.10E-06,0.000328458,1747.134657,0.051387631,0.979271775,-0.195923716
0.000208426,5.10E-06,0.000353632,1551.244246,0.083692831,0.958748079,-0.271657193
0.000208426,5.10E-06,0.000378805,1335.395122,0.152451679,0.868692733,-0.471308203
0.000208426,5.10E-06,0.000403979,1081.8557,0.298800561,0.319194275,-0.899351566
0.000208426,5.10E-06,0.000429153,785.7805551,0.266195397,-0.619698769,-0.738317984
0.000208426,5.10E-06,0.000454326,462.9287097,0.204512883,-0.885275199,-0.417686848
0.000208426,5.10E-06,0.0004795,223.3201001,0.154570067,-0.788453419,0.595356448
0.000208426,3.07E-05,1.20E-06,1536.559443,-0.12897528,-0.229564454,0.96471008
0.000208426,3.07E-05,2.64E-05,1690.153866,-0.314621237,-0.698951134,0.642246674
0.000208426,3.07E-05,5.15E-05,1930.70457,-0.216434526,-0.626869596,0.74845882
0.000208426,3.07E-05,7.67E-05,2263.665784,-0.138495414,-0.567800163,0.811432065
0.000208426,3.07E-05,0.000101895,2684.905057,-0.075059766,-0.53764419,0.839824242
0.000208426,3.07E-05,0.000127068,3172.105998,-0.049900578,-0.771850369,0.633842993
0.000208426,3.07E-05,0.000152242,2918.983034,0.101205988,-0.990906507,-0.088665899
0.000208426,3.07E-05,0.000177416,3149.154972,0.028467265,-0.93206104,-0.361181164
0.000208426,3.07E-05,0.000202589,2819.078969,-0.003839664,-0.573630724,-0.81910503
0.000208426,3.07E-05,0.000227763,2522.046797,-0.005211921,-0.550478929,-0.834832788
0.000208426,3.07E-05,0.000252937,2260.991982,0.003997533,-0.543823806,-0.8391899
0.000208426,3.07E-05,0.000278111,2035.733755,0.028251022,-0.537555758,-0.84275482
0.000208426,3.07E-05,0.000303284,1842.447744,0.068623883,-0.50549025,-0.860099047
0.000208426,3.07E-05,0.000328458,1670.772249,0.111289576,-0.405383003,-0.907347371
0.000208426,3.07E-05,0.000353632,1501.349633,0.128351117,-0.213244943,-0.968531148
0.000208426,3.07E-05,0.000378805,1304.533486,0.121073949,-0.033384729,-0.992081931
0.000208426,3.07E-05,0.000403979,1049.723301,0.134026877,0.010507068,-0.990921994
0.000208426,3.07E-05,0.000429153,731.4662856,0.1825335,-0.019177566,-0.983012585
0.000208426,3.07E-05,0.000454326,380.7284943,0.296897111,0.001031282,-0.954908918
0.000208426,3.07E-05,0.0004795,120.7638799,0.214481694,0.04998572,0.975448118
0.000208426,5.63E-05,1.20E-06,1334.388591,-0.18519662,-0.329235148,0.925908435
0.000208426,5.63E-05,2.64E-05,1449.064044,-0.339082407,-0.801322613,0.492854128
0.000208426,5.63E-05,5.15E-05,1648.058025,-0.234797917,-0.763678645,0.601385788
0.000208426,5.63E-05,7.67E-05,1933.298361,-0.156460341,-0.745572518,0.64779764
0.000208426,5.63E-05,0.000101895,2285.130882,-0.098554209,-0.77978425,0.618242341
0.000208426,5.63E-05,0.000127068,2634.374895,-0.054131397,-0.901091846,0.430236303
0.000208426,5.63E-05,0.000152242,2813.503898,-0.049291981,-0.989779203,0.133818642
0.000208426,5.63E-05,0.000177416,2728.240736,-0.029095876,-0.950262251,-0.310088834
0.000208426,5.63E-05,0.000202589,2520.995538,-0.036292368,-0.831432999,-0.554438484
0.000208426,5.63E-05,0.000227763,2291.750292,-0.045477921,-0.744760693,-0.665780195
0.000208426,5.63E-05,0.000252937,2074.902126,-0.054140514,-0.694646211,-0.717311262
0.000208426,5.63E-05,0.000278111,1884.580651,-0.056667453,-0.668983782,-0.741113689
0.000208426,5.63E-05,0.000303284,1725.248127,-0.057081206,-0.642072084,-0.764516302
0.000208426,5.63E-05,0.000328458,1592.158656,-0.088212735,-0.551971392,-0.829183994
0.000208426,5.63E-05,0.000353632,1469.242587,-0.184968184,-0.267689093,-0.945584116
0.000208426,5.63E-05,0.000378805,1319.939988,-0.233118209,0.08392969,-0.96881975
0.000208426,5.63E-05,0.000403979,1088.035021,-0.161702557,0.16002344,-0.97377861
0.000208426,5.63E-05,0.000429153,772.5081284,-0.0438077,0.134425686,-0.989954858
0.000208426,5.63E-05,0.000454326,463.599425,0.101986179,0.284082939,-0.953360217
0.000208426,5.63E-05,0.0004795,283.5523771,0.135119474,0.269460551,0.953485049
0.000208426,8.19E-05,1.20E-06,1115.107594,-0.281145975,-0.458706968,0.842938229
0.000208426,8.19E-05,2.64E-05,1171.527747,-0.388451864,-0.873450564,0.293580076
0.000208426,8.19E-05,5.15E-05,1305.37893,-0.277209888,-0.863371722,0.421596901
0.000208426,8.19E-05,7.67E-05,1518.019569,-0.195058571,-0.855763963,0.479187012
0.000208426,8.19E-05,0.000101895,1785.667722,-0.136718668,-0.876481519,0.461614723
0.000208426,8.19E-05,0.000127068,2046.734732,-0.095917318,-0.930469589,0.353590458
0.000208426,8.19E-05,0.000152242,2212.954149,-0.072095784,-0.983136449,0.168062253
0.000208426,8.19E-05,0.000177416,2237.587505,-0.064612861,-0.995878953,-0.063641876
0.000208426,8.19E-05,0.000202589,2153.435284,-0.06741198,-0.95240981,-0.297272902
0.000208426,8.19E-05,0.000227763,2014.583227,-0.079380283,-0.876859911,-0.474147095
0.000208426,8.19E-05,0.000252937,1860.010241,-0.099486778,-0.81007176,-0.577828802
0.000208426,8.19E-05,0.000278111,1714.765235,-0.123610124,-0.775054623,-0.619686105
0.000208426,8.19E-05,0.000303284,1592.700757,-0.166551494,-0.768259008,-0.618092789
0.000208426,8.19E-05,0.000328458,1497.4684,-0.295092736,-0.748928511,-0.593318095
0.000208426,8.19E-05,0.000353632,1422.981122,-0.572367137,-0.566834612,-0.592532179
0.000208426,8.19E-05,0.000378805,1338.117093,-0.702043545,-0.181950078,-0.688497662
0.000208426,8.19E-05,0.000403979,1141.207613,-0.5493656,-0.033661457,-0.834903793
0.000208426,8.19E-05,0.000429153,817.6941652,-0.321793473,-0.001999283,-0.946807776
0.000208426,8.19E-05,0.000454326,528.8952841,-0.217357048,0.118492165,-0.968873325
0.000208426,8.19E-05,0.0004795,371.0216138,-0.018757029,0.175683814,0.984267937
0.000208426,0.0001075,1.20E-06,891.3950078,-0.442065277,-0.59273656,0.673232249
0.000208426,0.0001075,2.64E-05,873.3878045,-0.465446587,-0.883495516,0.052869149
0.000208426,0.0001075,5.15E-05,926.47454,-0.349090863,-0.909728412,0.224788314
0.000208426,0.0001075,7.67E-05,1061.041102,-0.259692273,-0.905991646,0.334273932
0.000208426,0.0001075,0.000101895,1264.242968,-0.195722738,-0.903744538,0.380707788
0.000208426,0.0001075,0.000127068,1490.933451,-0.150769029,-0.919531666,0.362946575
0.000208426,0.0001075,0.000152242,1678.139486,-0.120850512,-0.951843836,0.281759588
0.000208426,0.0001075,0.000177416,1781.106784,-0.103343528,-0.984994088,0.13822721
0.000208426,0.0001075,0.000202589,1794.429798,-0.096035182,-0.993400236,-0.062715355
0.000208426,0.0001075,0.000227763,1739.917527,-0.099427088,-0.954725078,-0.280382382
0.000208426,0.0001075,0.000252937,1647.462104,-0.11405522,-0.887938434,-0.445597065
0.000208426,0.0001075,0.000278111,1544.589115,-0.139906721,-0.841076384,-0.522509929
0.000208426,0.0001075,0.000303284,1450.584866,-0.197407206,-0.834261043,-0.514819296
0.000208426,0.0001075,0.000328458,1374.298382,-0.335451639,-0.834427391,-0.437267797
0.000208426,0.0001075,0.000353632,1314.220622,-0.545742161,-0.753628541,-0.36634617
0.000208426,0.0001075,0.000378805,1244.214318,-0.681007885,-0.557325214,-0.474991439
0.000208426,0.0001075,0.000403979,1066.697397,-0.629414345,-0.383574381,-0.67580195
0.000208426,0.0001075,0.000429153,771.1932711,-0.493826771,-0.260353931,-0.829669182
0.000208426,0.0001075,0.000454326,519.152114,-0.508634904,-0.156036521,-0.846724948
0.000208426,0.0001075,0.0004795,389.9584788,-0.336931854,0.006759039,0.941504775
0.000208426,0.0001331,1.20E-06,682.2719864,-0.677881687,-0.645034119,0.352714339
0.000208426,0.0001331,2.64E-05,575.3867278,-0.564093699,-0.797440293,-0.214213159
0.000208426,0.0001331,5.15E-05,533.0764773,-0.455177667,-0.890296616,0.013609813
0.000208426,0.0001331,7.67E-05,587.0533514,-0.35890541,-0.90965808,0.209067177
0.000208426,0.0001331,0.000101895,747.8840688,-0.284997311,-0.891965644,0.350961284
0.000208426,0.0001331,0.000127068,980.3622113,-0.228598245,-0.872679824,0.431477424
0.000208426,0.0001331,0.000152242,1216.086087,-0.185190573,-0.877253584,0.442866346
0.000208426,0.0001331,0.000177416,1394.880111,-0.152019968,-0.914225011,0.375609582
0.000208426,0.0001331,0.000202589,1489.955764,-0.12522216,-0.970157866,0.207637004
0.000208426,0.0001331,0.000227763,1505.671246,-0.101142455,-0.992785435,-0.06439941
0.000208426,0.0001331,0.000252937,1464.188963,-0.082736318,-0.93763127,-0.337642271
0.000208426,0.0001331,0.000278111,1392.488033,-0.08408698,-0.86646772,-0.49210067
0.000208426,0.0001331,0.000303284,1312.072533,-0.13150857,-0.838301084,-0.52910943
0.000208426,0.0001331,0.000328458,1232.841035,-0.248261538,-0.829698821,-0.499966074
0.000208426,0.0001331,0.000353632,1150.847023,-0.394398023,-0.786216233,-0.475724958
0.000208426,0.0001331,0.000378805,1042.770441,-0.488458689,-0.698096908,-0.523515822
0.000208426,0.0001331,0.000403979,868.1817403,-0.531542333,-0.569860682,-0.626674997
0.000208426,0.0001331,0.000429153,642.9621815,-0.585321979,-0.408122784,-0.700595442
0.000208426,0.0001331,0.000454326,457.4506501,-0.716054977,-0.267606035,-0.644711005
0.000208426,0.0001331,0.0004795,373.7391919,-0.68913201,-0.06679927,0.721550365
0.000208426,0.0001587,1.20E-06,516.382566,-0.885392902,-0.451169883,-0.111915801
0.000208426,0.0001587,2.64E-05,308.5796383,-0.662712453,-0.575883582,-0.478717353
0.000208426,0.0001587,5.15E-05,150.3687386,-0.59970675,-0.769148236,-0.220823017
0.000208426,0.0001587,7.67E-05,110.5782724,-0.509831242,-0.855376565,0.091668077
0.000208426,0.0001587,0.000101895,247.7231935,-0.42210677,-0.8282528,0.368541958
0.000208426,0.0001587,0.000127068,527.9400188,-0.340819668,-0.75086181,0.565728288
0.000208426,0.0001587,0.000152242,843.1347347,-0.269987603,-0.699248571,0.661935141
0.000208426,0.0001587,0.000177416,1103.225612,-0.21322289,-0.711886488,0.669143951
0.000208426,0.0001587,0.000202589,1268.005591,-0.159481874,-0.810562795,0.563518844
0.000208426,0.0001587,0.000227763,1335.967909,-0.08083468,-0.970742789,0.226106596
0.000208426,0.0001587,0.000252937,1327.829942,0.01964597,-0.95841515,-0.284700607
0.000208426,0.0001587,0.000278111,1272.213802,0.061847978,-0.829238727,-0.555461935
0.000208426,0.0001587,0.000303284,1193.362655,0.03088569,-0.771990909,-0.634882754
0.000208426,0.0001587,0.000328458,1102.211954,-0.073512351,-0.751718187,-0.655374474
0.000208426,0.0001587,0.000353632,994.7770247,-0.224090428,-0.721916947,-0.654690309
0.000208426,0.0001587,0.000378805,860.9030734,-0.366534898,-0.656571041,-0.659216684
0.000208426,0.0001587,0.000403979,696.9788194,-0.500451712,-0.538693416,-0.677759167
0.000208426,0.0001587,0.000429153,527.8752383,-0.661377207,-0.366730298,-0.654285166
0.000208426,0.0001587,0.000454326,405.5108259,-0.867027499,-0.151013708,-0.474824363
0.000208426,0.0001587,0.0004795,368.7926259,-0.892592629,0.130618656,0.431528871
0.000208426,0.0001843,1.20E-06,435.4225988,-0.89855761,-0.042433013,-0.436799337
0.000208426,0.0001843,2.64E-05,127.6257879,-0.713366108,-0.206258217,-0.669750956
0.000208426,0.0001843,5.15E-05,-168.2610551,-0.761429327,-0.441136811,-0.474998624
0.000208426,0.0001843,7.67E-05,-336.7685284,-0.762852052,-0.645655117,-0.034441498
0.000208426,0.0001843,0.000101895,-205.9697013,-0.649737969,-0.61436418,0.447657488
0.000208426,0.0001843,0.000127068,176.7203425,-0.480026295,-0.447487171,0.754539587
0.000208426,0.0001843,0.000152242,598.0798847,-0.351212956,-0.335932783,0.873955734
0.000208426,0.0001843,0.000177416,935.2152338,-0.265898688,-0.295461827,0.917605687
0.000208426,0.0001843,0.000202589,1149.51095,-0.190637943,-0.34959898,0.917299149
0.000208426,0.0001843,0.000227763,1244.477891,-0.02122312,-0.718904128,0.694785171
0.000208426,0.0001843,0.000252937,1245.932744,0.275835463,-0.857524505,-0.434242467
0.000208426,0.0001843,0.000278111,1188.344747,0.280573348,-0.659881876,-0.697018297
0.000208426,0.0001843,0.000303284,1101.85667,0.256809724,-0.634346211,-0.729145836
0.000208426,0.0001843,0.000328458,1001.204778,0.193866247,-0.620562426,-0.759814552
0.000208426,0.0001843,0.000353632,880.2532401,0.048490003,-0.597360344,-0.800505677
0.000208426,0.0001843,0.000378805,741.1444274,-0.153301854,-0.541789566,-0.826415518
0.000208426,0.0001843,0.000403979,599.0034768,-0.398634408,-0.402044206,-0.824288217
0.000208426,0.0001843,0.000429153,476.8261725,-0.692338062,-0.13365614,-0.709086768
0.000208426,0.0001843,0.000454326,405.9990035,-0.916632974,0.259704657,-0.30387083
0.000208426,0.0001843,0.0004795,407.8670792,-0.802907277,0.580889789,0.133816883
0.000208426,0.0002099,1.20E-06,488.6973951,-0.823306838,0.326938806,-0.463979382
0.000208426,0.0002099,2.64E-05,119.5192619,-0.688505702,0.204447594,-0.695816843
0.000208426,0.0002099,5.15E-05,-288.2235877,-0.790621719,0.118554714,-0.600717969
0.000208426,0.0002099,7.67E-05,-608.2955821,-0.958504142,0.0376889,-0.282576286
0.000208426,0.0002099,0.000101895,-468.9221018,-0.868023669,0.013938576,0.496327136
0.000208426,0.0002099,0.000127068,43.01501606,-0.541520587,0.081335874,0.836743646
0.000208426,0.0002099,0.000152242,546.6455898,-0.374026416,0.14512388,0.915993067
0.000208426,0.0002099,0.000177416,922.6622235,-0.277310177,0.217541032,0.935828491
0.000208426,0.0002099,0.000202589,1148.144056,-0.196756825,0.323155621,0.925665812
0.000208426,0.0002099,0.000227763,1234.509317,0.07325392,0.595169743,0.800254235
0.000208426,0.0002099,0.000252937,1215.103239,0.473265436,-0.21218885,-0.854982876
0.000208426,0.0002099,0.000278111,1133.504025,0.399256399,-0.41564445,-0.817211122
0.000208426,0.0002099,0.000303284,1027.796452,0.412921877,-0.50888924,-0.755332553
0.000208426,0.0002099,0.000328458,918.1569911,0.429702947,-0.529835034,-0.731184118
0.000208426,0.0002099,0.000353632,797.4260386,0.383744633,-0.489961657,-0.782737268
0.000208426,0.0002099,0.000378805,673.3960568,0.27841572,-0.391182763,-0.877189109
0.000208426,0.0002099,0.000403979,565.875086,0.062624163,-0.122160374,-0.990532714
0.000208426,0.0002099,0.000429153,490.8796368,-0.367368949,0.556055394,-0.745548425
0.000208426,0.0002099,0.000454326,465.4451282,-0.464851771,0.884384527,0.042152572
0.000208426,0.0002099,0.0004795,498.6814411,-0.355443999,0.929648365,0.097023092
0.000208426,0.0002355,1.20E-06,707.1203143,-0.763098077,0.582924013,-0.279071533
0.000208426,0.0002355,2.64E-05,359.7695949,-0.640970467,0.527498051,-0.557586465
0.000208426,0.0002355,5.15E-05,-22.19062756,-0.67794765,0.576939224,-0.455552538
0.000208426,0.0002355,7.67E-05,-312.2595324,-0.767993792,0.632364806,-0.101490332
0.000208426,0.0002355,0.000101895,-187.3688973,-0.688585954,0.622490216,0.371961443
0.000208426,0.0002355,0.000127068,277.1106475,-0.479821996,0.559949479,0.675446099
0.000208426,0.0002355,0.000152242,739.8055187,-0.34567491,0.551778358,0.758979249
0.000208426,0.0002355,0.000177416,1077.406405,-0.265005374,0.616904005,0.741081372
0.000208426,0.0002355,0.000202589,1260.222359,-0.20953253,0.789997056,0.57619508
0.000208426,0.0002355,0.000227763,1295.120515,-0.029950514,0.969350718,-0.243848625
0.000208426,0.0002355,0.000252937,1220.440829,0.259326487,0.095126139,-0.961093539
0.000208426,0.0002355,0.000278111,1091.464682,0.347437245,-0.297973216,-0.889100289
0.000208426,0.0002355,0.000303284,954.3141671,0.439250787,-0.457967412,-0.772867774
0.000208426,0.0002355,0.000328458,831.4453863,0.54439402,-0.501798688,-0.672185412
0.000208426,0.0002355,0.000353632,724.4482473,0.654470103,-0.427840875,-0.623394795
0.000208426,0.0002355,0.000378805,636.1354967,0.773318104,-0.21489439,-0.596489322
0.000208426,0.0002355,0.000403979,576.1129041,0.837625905,0.279443192,-0.469355245
0.000208426,0.0002355,0.000429153,552.9987526,0.489299384,0.871880513,-0.020260375
0.000208426,0.0002355,0.000454326,572.4572408,0.13921927,0.940772381,0.309136414
0.000208426,0.0002355,0.0004795,634.4369132,0.032043115,0.913952692,0.404553724
0.000208426,0.0002611,1.20E-06,1072.137906,-0.712828867,0.701243943,0.011486492
0.000208426,0.0002611,2.64E-05,821.159603,-0.6066415,0.714538858,-0.348454172
0.000208426,0.0002611,5.15E-05,577.2879819,-0.562780574,0.792502646,-0.234984217
0.000208426,0.0002611,7.67E-05,438.324626,-0.516656664,0.855859757,-0.023873987
0.000208426,0.0002611,0.000101895,534.1125793,-0.45906588,0.860298387,0.221687173
0.000208426,0.0002611,0.000127068,824.6658069,-0.381314935,0.824151781,0.418775312
0.000208426,0.0002611,0.000152242,1138.314106,-0.303243034,0.811496562,0.499516759
0.000208426,0.0002611,0.000177416,1363.213252,-0.258727389,0.859756115,0.440317568
0.000208426,0.0002611,0.000202589,1451.697867,-0.267461544,0.960297124,0.079333193
0.000208426,0.0002611,0.000227763,1395.327551,-0.141162602,0.64323845,-0.752540641
0.000208426,0.0002611,0.000252937,1235.601841,0.087816475,0.019710302,-0.99594165
0.000208426,0.0002611,0.000278111,1042.803866,0.229100622,-0.300165841,-0.925966183
0.000208426,0.0002611,0.000303284,871.1111926,0.39205334,-0.469805421,-0.790934286
0.000208426,0.0002611,0.000328458,743.6518564,0.612519156,-0.503011466,-0.609753843
0.000208426,0.0002611,0.000353632,661.113275,0.843538097,-0.359719202,-0.398805184
0.000208426,0.0002611,0.000378805,619.0509771,0.986895551,-0.039332662,-0.15649317
0.000208426,0.0002611,0.000403979,616.2110111,0.914306363,0.38888833,0.113180124
0.000208426,0.0002611,0.000429153,650.8608073,0.620143474,0.716927694,0.318491371
0.000208426,0.0002611,0.000454326,717.477041,0.347981877,0.842649579,0.410913982
0.000208426,0.0002611,0.0004795,808.0592937,0.166178284,0.718607165,0.675269221
0.000208426,0.0002867,1.20E-06,1520.430956,-0.671045317,0.683472259,0.287339264
0.000208426,0.0002867,2.64E-05,1391.691605,-0.611908306,0.774891288,-0.158466769
0.000208426,0.0002867,5.15E-05,1290.815708,-0.53317885,0.842282723,-0.07924726
0.000208426,0.0002867,7.67E-05,1261.749564,-0.458783346,0.888157532,0.026344636
0.000208426,0.0002867,0.000101895,1337.290138,-0.394665665,0.909131579,0.133111922
0.000208426,0.0002867,0.000127068,1486.318988,-0.333473604,0.919303434,0.208989358
0.000208426,0.0002867,0.000152242,1629.526384,-0.272719339,0.938968183,0.20967335
0.000208426,0.0002867,0.000177416,1699.676505,-0.242169961,0.969412635,0.03991055
0.000208426,0.0002867,0.000202589,1655.536485,-0.269691746,0.817493271,-0.508892046
0.000208426,0.0002867,0.000227763,1482.957886,-0.132855294,0.258031004,-0.956958448
0.000208426,0.0002867,0.000252937,1227.535641,0.021138136,-0.114315686,-0.993219564
0.000208426,0.0002867,0.000278111,971.3086118,0.126195901,-0.33980035,-0.931992659
0.000208426,0.0002867,0.000303284,773.6122617,0.308945455,-0.507550667,-0.804328929
0.000208426,0.0002867,0.000328458,655.2755657,0.654205537,-0.538918808,-0.530642662
0.000208426,0.0002867,0.000353632,610.1559088,0.956969642,-0.270706585,-0.104532528
0.000208426,0.0002867,0.000378805,624.6587346,0.965237076,0.126235413,0.228871161
0.000208426,0.0002867,0.000403979,687.2628572,0.794437662,0.45242061,0.405196734
0.000208426,0.0002867,0.000429153,784.8100815,0.566497798,0.676608094,0.470405923
0.000208426,0.0002867,0.000454326,900.2788929,0.372739424,0.802604228,0.465716411
0.000208426,0.0002867,0.0004795,1018.251117,0.168665692,0.580516264,0.796588194
0.000208426,0.0003123,1.20E-06,1975.455573,-0.653728539,0.580319863,0.485662284
0.000208426,0.0003123,2.64E-05,1962.976551,-0.668769119,0.743456476,0.004509316
0.000208426,0.0003123,5.15E-05,1981.771044,-0.582242058,0.811806618,0.044319318
0.000208426,0.0003123,7.67E-05,2031.652106,-0.500745505,0.862850718,0.068866375
0.000208426,0.0003123,0.000101895,2093.857572,-0.428246221,0.901309338,0.065166342
0.000208426,0.0003123,0.000127068,2131.925818,-0.35359518,0.935311896,0.012732082
0.000208426,0.0003123,0.000152242,2109.961691,-0.25849042,0.955871052,-0.139618172
0.000208426,0.0003123,0.000177416,2005.688202,-0.135035329,0.855906971,-0.499188057
0.000208426,0.0003123,0.000202589,1805.734281,-0.02570872,0.405789698,-0.913604829
0.000208426,0.0003123,0.000227763,1512.686611,0.032935247,-0.006338589,-0.999437388
0.000208426,0.0003123,0.000252937,1175.715731,0.06135933,-0.215689664,-0.974532196
0.000208426,0.0003123,0.000278111,874.5027225,0.091793637,-0.373508122,-0.923074001
0.000208426,0.0003123,0.000303284,668.3095838,0.24654648,-0.543480448,-0.802398801
0.000208426,0.0003123,0.000328458,574.8348605,0.719223302,-0.590201002,-0.366579623
0.000208426,0.0003123,0.000353632,580.4825084,0.940299202,-0.119111582,0.318825723
0.000208426,0.0003123,0.000378805,662.3000531,0.788214802,0.272085239,0.551984645
0.000208426,0.0003123,0.000403979,798.0555344,0.613178837,0.514953715,0.599027867
0.000208426,0.0003123,0.000429153,962.4410357,0.446372185,0.68787016,0.572351741
0.000208426,0.0003123,0.000454326,1126.596642,0.312804943,0.806894648,0.501072943
0.000208426,0.0003123,0.0004795,1267.650705,0.135513198,0.524864429,0.840329402
0.000208426,0.0003379,1.20E-06,2365.34906,-0.672565319,0.430119047,0.602207189
0.000208426,0.0003379,2.64E-05,2450.564421,-0.772715119,0.614921859,0.157424435
0.000208426,0.0003379,5.15E-05,2570.064109,-0.700996641,0.692609612,0.169987159
0.000208426,0.0003379,7.67E-05,2689.903574,-0.634798911,0.76295155,0.122209966
0.000208426,0.0003379,0.000101895,2747.652794,-0.758471821,0.651705629,-0.000518682
0.000208426,0.0003379,0.000127068,2689.378632,-0.46751855,0.856030315,-0.22054139
0.000208426,0.0003379,0.000152242,2508.426113,-0.259824285,0.779201054,-0.570383255
0.000208426,0.0003379,0.000177416,2230.138047,0.035784642,0.440694926,-0.896943388
0.000208426,0.0003379,0.000202589,1878.217984,0.190029873,0.056586396,-0.980146227
0.000208426,0.0003379,0.000227763,1478.894543,0.204742166,-0.163793016,-0.965014245
0.000208426,0.0003379,0.000252937,1083.89671,0.177274659,-0.290212614,-0.940399029
0.000208426,0.0003379,0.000278111,762.5172916,0.167091338,-0.409186016,-0.897021342
0.000208426,0.0003379,0.000303284,567.2040321,0.306795239,-0.586989354,-0.74921304
0.000208426,0.0003379,0.000328458,511.477439,0.810907511,-0.583046783,0.049854352
0.000208426,0.0003379,0.000353632,576.9260051,0.709269737,0.022941165,0.704563796
0.000208426,0.0003379,0.000378805,733.7214286,0.542924411,0.326618479,0.773662364
0.000208426,0.0003379,0.000403979,949.6482501,0.414161207,0.526818086,0.742248745
0.000208426,0.0003379,0.000429153,1186.347816,0.298410185,0.692079928,0.65724937
0.000208426,0.0003379,0.000454326,1400.091673,0.207390862,0.823742604,0.527671444
0.000208426,0.0003379,0.0004795,1557.421824,0.089769407,0.527859036,0.844574622
0.000208426,0.0003635,1.20E-06,2624.174736,-0.736130101,0.230535889,0.636369137
0.000208426,0.0003635,2.64E-05,2776.16414,-0.761681803,0.489993099,0.4239665
0.000208426,0.0003635,5.15E-05,2973.468811,-0.586349025,0.645721979,0.489119563
0.000208426,0.0003635,7.67E-05,3159.106065,-0.787518166,0.081926466,-0.610821735
0.000208426,0.0003635,0.000101895,2764.599252,-0.80870659,0.027911147,-0.587549674
0.000208426,0.0003635,0.000127068,3076.208096,-0.003955016,0.999294947,-0.037335855
0.000208426,0.0003635,0.000152242,2747.955127,-0.248573026,0.241464625,-0.938033201
0.000208426,0.0003635,0.000177416,2320.571919,0.173772409,-0.042290698,-0.983877354
0.000208426,0.0003635,0.000202589,1849.840017,0.327688755,-0.205752185,-0.922109602
0.000208426,0.0003635,0.000227763,1375.582323,0.347777302,-0.304446619,-0.886771224
0.000208426,0.0003635,0.000252937,950.8935871,0.330592611,-0.383092309,-0.862524671
0.000208426,0.0003635,0.000278111,634.8162633,0.344110121,-0.483719128,-0.804738486
0.000208426,0.0003635,0.000303284,468.2954187,0.524329919,-0.659797006,-0.538280639
0.000208426,0.0003635,0.000328458,459.2108782,0.737407735,-0.469995274,0.485112643
0.000208426,0.0003635,0.000353632,587.841501,0.494255721,0.019228916,0.869103867
0.000208426,0.0003635,0.000378805,822.3176635,0.354435149,0.262901624,0.897361946
0.000208426,0.0003635,0.000403979,1124.751867,0.248690444,0.45218414,0.856552723
0.000208426,0.0003635,0.000429153,1444.787958,0.149264843,0.64378444,0.750507563
0.000208426,0.0003635,0.000454326,1715.68665,0.068650009,0.823781181,0.562735943
0.000208426,0.0003635,0.0004795,1881.153086,0.021949524,0.578512729,0.815377974
0.000208426,0.0003891,1.20E-06,2695.07341,-0.841867204,-0.062990832,0.535996051
0.000208426,0.0003891,2.64E-05,2861.092461,-0.807822401,-0.175303664,0.562753581
0.000208426,0.0003891,5.15E-05,3084.174803,-0.855755077,-0.389862102,-0.340133487
0.000208426,0.0003891,7.67E-05,2718.392631,-0.314552088,-0.486075431,-0.815345117
0.000208426,0.0003891,0.000101895,2751.657496,-0.028106765,0.418177336,0.907930463
0.000208426,0.0003891,0.000127068,3142.403179,0.245760881,-0.961990066,-0.119065954
0.000208426,0.0003891,0.000152242,2706.23292,-0.134832763,-0.452083964,-0.881725703
0.000208426,0.0003891,0.000177416,2190.879965,0.280439812,-0.45535929,-0.844986053
0.000208426,0.0003891,0.000202589,1663.789674,0.429782826,-0.448111451,-0.783889565
0.000208426,0.0003891,0.000227763,1165.041343,0.458549709,-0.467320484,-0.755872826
0.000208426,0.0003891,0.000252937,749.3119399,0.466373439,-0.513079886,-0.72058646
0.000208426,0.0003891,0.000278111,467.5204649,0.519595405,-0.599882547,-0.608409027
0.000208426,0.0003891,0.000303284,348.3106677,0.677263766,-0.711928269,-0.185666182
0.000208426,0.0003891,0.000328458,393.6953016,0.627168374,-0.453023379,0.63358476
0.000208426,0.0003891,0.000353632,585.0957907,0.39291249,-0.092607904,0.914900842
0.000208426,0.0003891,0.000378805,893.6848166,0.250399085,0.111652525,0.961682906
0.000208426,0.0003891,0.000403979,1283.822546,0.134342711,0.27702995,0.951423377
0.000208426,0.0003891,0.000429153,1701.835321,0.004703019,0.479817029,0.877355971
0.000208426,0.0003891,0.000454326,2049.69828,-0.136270276,0.74661096,0.651154733
0.000208426,0.0003891,0.0004795,2212.912269,-0.130381426,0.657104303,0.742438293
0.000208426,0.0004147,1.20E-06,2546.709885,-0.867342741,-0.463976255,0.180118308
0.000208426,0.0004147,2.64E-05,2652.902286,-0.787222305,-0.575483237,0.221585394
0.000208426,0.0004147,5.15E-05,2807.135869,-0.35389124,-0.886590451,0.297856279
0.000208426,0.0004147,7.67E-05,2957.515763,-0.236757525,-0.937818252,0.253855866
0.000208426,0.0004147,0.000101895,2963.198568,-0.012523107,-0.943522459,-0.331071806
0.000208426,0.0004147,0.000127068,2702.986246,-0.382415944,-0.819408693,-0.426998173
0.000208426,0.0004147,0.000152242,2251.822059,0.036102337,-0.804721154,-0.592554205
0.000208426,0.0004147,0.000177416,1749.29028,0.347591659,-0.71501417,-0.606576273
0.000208426,0.0004147,0.000202589,1253.487042,0.48208855,-0.645672868,-0.592196908
0.000208426,0.0004147,0.000227763,800.6292413,0.519201129,-0.627170616,-0.580592117
0.000208426,0.0004147,0.000252937,445.8262436,0.547772228,-0.649673383,-0.527133837
0.000208426,0.0004147,0.000278111,232.7390016,0.612170774,-0.707868715,-0.352375972
0.000208426,0.0004147,0.000303284,180.4223535,0.681159294,-0.725015458,0.101855794
0.000208426,0.0004147,0.000328458,287.038495,0.555458092,-0.495420351,0.66785102
0.000208426,0.0004147,0.000353632,536.3745893,0.35535633,-0.235366094,0.904613
0.000208426,0.0004147,0.000378805,904.8144841,0.210206138,-0.080360743,0.974348772
0.000208426,0.0004147,0.000403979,1364.049465,0.078199816,0.023147828,0.996668935
0.000208426,0.0004147,0.000429153,1870.730792,-0.106214053,0.126546458,0.986257861
0.000208426,0.0004147,0.000454326,2311.608951,-0.511044745,0.294820507,0.807411999
0.000208426,0.0004147,0.0004795,2462.023636,-0.694753749,0.486136692,0.530083337
0.000208426,0.0004403,1.20E-06,2195.052188,-0.648999952,-0.72597599,-0.22750368
0.000208426,0.0004403,2.64E-05,2173.281571,-0.519911563,-0.853840468,-0.025464145
0.000208426,0.0004403,5.15E-05,2162.11606,-0.384899609,-0.92259323,-0.025961959
0.000208426,0.0004403,7.67E-05,2132.087389,-0.28820161,-0.954535628,-0.076168016
0.000208426,0.0004403,0.000101895,2013.98875,-0.192521461,-0.966043938,-0.172321204
0.000208426,0.0004403,0.000127068,1754.154543,-0.028829404,-0.957971075,-0.285412483
0.000208426,0.0004403,0.000152242,1389.12772,0.188219321,-0.911136376,-0.366611499
0.000208426,0.0004403,0.000177416,994.1429587,0.374041874,-0.838081129,-0.39713058
0.000208426,0.0004403,0.000202589,611.9473258,0.481641808,-0.777849065,-0.403697909
0.000208426,0.0004403,0.000227763,277.8102431,0.536064705,-0.749994514,-0.387482724
0.000208426,0.0004403,0.000252937,37.5549031,0.583555781,-0.751542203,-0.307647471
0.000208426,0.0004403,0.000278111,-74.66379033,0.637341067,-0.764471441,-0.096849267
0.000208426,0.0004403,0.000303284,-44.74176722,0.639441274,-0.710867678,0.292885647
0.000208426,0.0004403,0.000328458,125.1737428,0.51247682,-0.530297182,0.675390559
0.000208426,0.0004403,0.000353632,421.6381276,0.350074594,-0.35689852,0.866066525
0.000208426,0.0004403,0.000378805,824.2651599,0.216262823,-0.262355772,0.940425351
0.000208426,0.0004403,0.000403979,1306.63605,0.089512465,-0.235769332,0.967677808
0.000208426,0.0004403,0.000429153,1825.475374,-0.081257903,-0.283400116,0.955552996
0.000208426,0.0004403,0.000454326,2269.260847,-0.41397162,-0.452737381,0.789719167
0.000208426,0.0004403,0.0004795,2432.17347,-0.652847655,-0.736096155,-0.178752313
0.000208426,0.0004659,1.20E-06,1706.581845,-0.395870869,-0.781227917,-0.482668828
0.000208426,0.0004659,2.64E-05,1529.81537,-0.260294194,-0.924387433,-0.278845488
0.000208426,0.0004659,5.15E-05,1318.454093,-0.093550279,-0.958478821,-0.26938206
0.000208426,0.0004659,7.67E-05,1069.751232,0.050993813,-0.968016825,-0.24564824
0.000208426,0.0004659,0.000101895,808.6019096,0.16681709,-0.96254236,-0.213738773
0.000208426,0.0004659,0.000127068,570.1571445,0.243390037,-0.948059494,-0.20480353
0.000208426,0.0004659,0.000152242,330.9842313,0.326804038,-0.917882592,-0.225145881
0.000208426,0.0004659,0.000177416,81.39894333,0.41188989,-0.877934335,-0.244086097
0.000208426,0.0004659,0.000202589,-150.1240974,0.484986954,-0.841399814,-0.23839884
0.000208426,0.0004659,0.000227763,-329.9672423,0.55002665,-0.812112251,-0.194793161
0.000208426,0.0004659,0.000252937,-429.8031611,0.606510325,-0.79047158,-0.085439495
0.000208426,0.0004659,0.000278111,-427.8637486,0.640078954,-0.757646138,0.127558859
0.000208426,0.0004659,0.000303284,-312.8206391,0.606549363,-0.67141872,0.425787238
0.000208426,0.0004659,0.000328458,-85.35092992,0.494276868,-0.539385522,0.681728418
0.000208426,0.0004659,0.000353632,243.4062765,0.364451042,-0.435811851,0.822948035
0.000208426,0.0004659,0.000378805,653.7404895,0.251358345,-0.397379912,0.882557753
0.000208426,0.0004659,0.000403979,1115.979041,0.148432406,-0.43020535,0.890444371
0.000208426,0.0004659,0.000429153,1580.398411,0.040210047,-0.550831123,0.833647543
0.000208426,0.0004659,0.000454326,1957.90534,-0.067429351,-0.757026516,0.649895481
0.000208426,0.0004659,0.0004795,2151.259677,-0.099969418,-0.9212332,-0.375946147
0.000208426,0.0004915,1.20E-06,1172.174039,-0.285802547,0.007596548,-0.958258418
0.000208426,0.0004915,2.64E-05,864.8280696,-0.106036919,0.45739649,-0.882918242
0.000208426,0.0004915,5.15E-05,497.4565427,0.178351123,0.708217885,-0.683094653
0.000208426,0.0004915,7.67E-05,88.90696722,0.351760622,0.816656696,-0.457532847
0.000208426,0.0004915,0.000101895,-273.963811,0.426196029,0.869582119,-0.249366965
0.000208426,0.0004915,0.000127068,-494.2359097,0.389554262,0.909870139,-0.142771871
0.000208426,0.0004915,0.000152242,-637.2031987,0.042645686,0.99407267,-0.100004359
0.000208426,0.0004915,0.000177416,-765.623566,0.020126809,0.996655926,-0.079195176
0.000208426,0.0004915,0.000202589,-864.5071107,0.016626579,0.998786131,-0.046366173
0.000208426,0.0004915,0.000227763,-907.9462148,0.0213424,0.999751438,-0.00644705
0.000208426,0.0004915,0.000252937,-883.5051907,0.05127464,0.997647811,0.045494583
0.000208426,0.0004915,0.000278111,-781.2578056,0.23269462,0.966297614,0.11010057
0.000208426,0.0004915,0.000303284,-593.992723,0.225170268,0.954123948,0.197347008
0.000208426,0.0004915,0.000328458,-322.3675096,0.226747405,0.921341833,0.315776568
0.000208426,0.0004915,0.000353632,23.60614533,0.241584597,0.839074115,0.487433597
0.000208426,0.0004915,0.000378805,424.7275992,0.26994582,0.605961024,0.748291716
0.000208426,0.0004915,0.000403979,851.3528332,0.258994035,-0.038782065,0.965100016
0.000208426,0.0004915,0.000429153,1259.753127,0.137603575,-0.71839334,0.681891682
0.000208426,0.0004915,0.000454326,1593.03567,0.058533646,-0.935795577,0.347649897
0.000208426,0.0004915,0.0004795,1805.891052,0.036452221,-0.975585635,-0.216573092
0.000233942,5.10E-06,1.20E-06,1597.888206,-0.205993106,0.30523873,0.929729078
0.000233942,5.10E-06,2.64E-05,1767.495434,-0.310779055,0.829571164,0.463926787
0.000233942,5.10E-06,5.15E-05,2019.421315,-0.215677982,0.88194405,0.419115378
0.000233942,5.10E-06,7.67E-05,2351.127353,-0.168004297,0.914595678,0.367816942
0.000233942,5.10E-06,0.000101895,2742.457844,-0.155938655,0.940150218,0.302986308
0.000233942,5.10E-06,0.000127068,3129.611457,-0.052038857,0.996153106,0.070504944
0.000233942,5.10E-06,0.000152242,2955.022474,-0.0467838,0.998855232,0.009975081
0.000233942,5.10E-06,0.000177416,3163.215747,-0.034255878,0.999270949,-0.016855406
0.000233942,5.10E-06,0.000202589,2898.294393,-0.076907219,0.983487373,-0.163822668
0.000233942,5.10E-06,0.000227763,2628.009219,-0.050261098,0.984110607,-0.170294262
0.000233942,5.10E-06,0.000252937,2379.428322,-0.030524739,0.985422123,-0.167366302
0.000233942,5.10E-06,0.000278111,2159.417892,-0.011775417,0.986389938,-0.164000702
0.000233942,5.10E-06,0.000303284,1965.743505,0.010534561,0.985616706,-0.168667519
0.000233942,5.10E-06,0.000328458,1788.633565,0.042253609,0.980007642,-0.194421332
0.000233942,5.10E-06,0.000353632,1612.695219,0.097917835,0.958565527,-0.267514913
0.000233942,5.10E-06,0.000378805,1420.718994,0.225734519,0.861709631,-0.454423193
0.000233942,5.10E-06,0.000403979,1200.564219,0.51248104,0.313179309,-0.799551064
0.000233942,5.10E-06,0.000429153,954.9919247,0.550452564,-0.557301437,-0.621624551
0.000233942,5.10E-06,0.000454326,716.0814279,0.502548124,-0.808425783,-0.30641987
0.000233942,5.10E-06,0.0004795,582.5575734,0.443183565,-0.746179943,0.496793538
0.000233942,3.07E-05,1.20E-06,1413.168505,-0.220697962,-0.3163763,0.922604166
0.000233942,3.07E-05,2.64E-05,1566.413747,-0.435713937,-0.668240702,0.602998946
0.000233942,3.07E-05,5.15E-05,1808.435522,-0.37221443,-0.600526697,0.707689271
0.000233942,3.07E-05,7.67E-05,2139.68339,-0.344011981,-0.549240745,0.761570982
0.000233942,3.07E-05,0.000101895,2543.348512,-0.378399463,-0.530733313,0.758377213
0.000233942,3.07E-05,0.000127068,2959.998567,-0.551353202,-0.591236912,0.588598811
0.000233942,3.07E-05,0.000152242,3167.939634,-0.525140856,-0.839013825,0.14241799
0.000233942,3.07E-05,0.000177416,3007.623749,-0.539268407,-0.656285819,-0.52771063
0.000233942,3.07E-05,0.000202589,2738.446248,-0.362578311,-0.595518192,-0.716864737
0.000233942,3.07E-05,0.000227763,2469.85987,-0.27034474,-0.582807674,-0.766321693
0.000233942,3.07E-05,0.000252937,2226.22097,-0.2119159,-0.59556802,-0.774848621
0.000233942,3.07E-05,0.000278111,2015.496436,-0.156761171,-0.617349197,-0.770912384
0.000233942,3.07E-05,0.000303284,1836.061915,-0.083819708,-0.623168613,-0.77758288
0.000233942,3.07E-05,0.000328458,1676.133332,0.008757389,-0.581014354,-0.813846195
0.000233942,3.07E-05,0.000353632,1516.039337,0.10757937,-0.475026791,-0.873370613
0.000233942,3.07E-05,0.000378805,1332.083429,0.20798517,-0.353662194,-0.911956809
0.000233942,3.07E-05,0.000403979,1106.166314,0.330967459,-0.287634999,-0.89873614
0.000233942,3.07E-05,0.000429153,843.1121967,0.504292074,-0.26738734,-0.821092878
0.000233942,3.07E-05,0.000454326,585.5464428,0.767430566,-0.243659228,-0.593026566
0.000233942,3.07E-05,0.0004795,441.4375307,0.647959119,-0.136277676,0.749384664
0.000233942,5.63E-05,1.20E-06,1205.582109,-0.257951189,-0.417216029,0.87143099
0.000233942,5.63E-05,2.64E-05,1322.044235,-0.408045052,-0.777567016,0.478423214
0.000233942,5.63E-05,5.15E-05,1524.721398,-0.333967149,-0.738940575,0.585177554
0.000233942,5.63E-05,7.67E-05,1812.136409,-0.294024501,-0.721030324,0.627427178
0.000233942,5.63E-05,0.000101895,2158.656615,-0.296819,-0.748058142,0.593554967
0.000233942,5.63E-05,0.000127068,2491.596071,-0.33980685,-0.838149113,0.426658376
0.000233942,5.63E-05,0.000152242,2669.701234,-0.375019343,-0.919958862,0.114176112
0.000233942,5.63E-05,0.000177416,2620.031904,-0.358988035,-0.901134811,-0.24307127
0.000233942,5.63E-05,0.000202589,2443.994506,-0.30710898,-0.813864091,-0.493263941
0.000233942,5.63E-05,0.000227763,2231.851307,-0.272257445,-0.740458094,-0.614489784
0.000233942,5.63E-05,0.000252937,2024.278939,-0.262297671,-0.704232615,-0.659739612
0.000233942,5.63E-05,0.000278111,1841.686049,-0.25582737,-0.699283552,-0.667498967
0.000233942,5.63E-05,0.000303284,1689.166105,-0.234953285,-0.699090467,-0.675329159
0.000233942,5.63E-05,0.000328458,1556.296591,-0.216852641,-0.659667244,-0.719592982
0.000233942,5.63E-05,0.000353632,1422.397249,-0.213591596,-0.539357927,-0.814537695
0.000233942,5.63E-05,0.000378805,1259.076,-0.175109546,-0.376485008,-0.909722862
0.000233942,5.63E-05,0.000403979,1041.421777,-0.033019075,-0.28322485,-0.958484963
0.000233942,5.63E-05,0.000429153,782.5819131,0.219520762,-0.25053611,-0.942890393
0.000233942,5.63E-05,0.000454326,548.2488204,0.610446503,-0.188128145,-0.769391232
0.000233942,5.63E-05,0.0004795,429.5034047,0.530736938,-0.048379948,0.846154645
0.000233942,8.19E-05,1.20E-06,978.6089912,-0.312699117,-0.554314995,0.771332709
0.000233942,8.19E-05,2.64E-05,1038.942193,-0.381152609,-0.874479344,0.300014277
0.000233942,8.19E-05,5.15E-05,1179.084694,-0.295506424,-0.855401457,0.425398989
0.000233942,8.19E-05,7.67E-05,1398.836832,-0.243082192,-0.842110089,0.481416291
0.000233942,8.19E-05,0.000101895,1672.522737,-0.222142148,-0.855950044,0.466907258
0.000233942,8.19E-05,0.000127068,1939.075496,-0.223696385,-0.901622194,0.370185557
0.000233942,8.19E-05,0.000152242,2115.559714,-0.234580665,-0.951990281,0.196688627
0.000233942,8.19E-05,0.000177416,2156.693765,-0.245174538,-0.968981666,-0.031047965
0.000233942,8.19E-05,0.000202589,2087.118578,-0.251616083,-0.929201846,-0.27069037
0.000233942,8.19E-05,0.000227763,1955.539079,-0.26727374,-0.849533587,-0.454815822
0.000233942,8.19E-05,0.000252937,1802.689823,-0.30462264,-0.777062069,-0.550799045
0.000233942,8.19E-05,0.000278111,1658.481027,-0.341131219,-0.742270673,-0.576770092
0.000233942,8.19E-05,0.000303284,1535.627977,-0.359707751,-0.732993833,-0.577347707
0.000233942,8.19E-05,0.000328458,1427.438756,-0.40439921,-0.697940012,-0.591050775
0.000233942,8.19E-05,0.000353632,1315.897465,-0.488721466,-0.591343766,-0.641454503
0.000233942,8.19E-05,0.000378805,1171.748265,-0.53562297,-0.445593534,-0.717324499
0.000233942,8.19E-05,0.000403979,962.9815678,-0.453411326,-0.370904821,-0.810461463
0.000233942,8.19E-05,0.000429153,709.85166,-0.252716696,-0.376789681,-0.891158689
0.000233942,8.19E-05,0.000454326,497.751195,0.06346502,-0.439121161,-0.896183462
0.000233942,8.19E-05,0.0004795,403.217198,0.308737471,-0.185597849,0.932863662
0.000233942,0.0001075,1.20E-06,740.9840926,-0.392271303,-0.698471852,0.598548492
0.000233942,0.0001075,2.64E-05,727.8033037,-0.365256117,-0.928178275,0.071225406
0.000233942,0.0001075,5.15E-05,788.7819284,-0.26650691,-0.932916998,0.242156853
0.000233942,0.0001075,7.67E-05,934.3802149,-0.202200898,-0.914495285,0.350447102
0.000233942,0.0001075,0.000101895,1151.500855,-0.168172215,-0.901104003,0.399661959
0.000233942,0.0001075,0.000127068,1394.263464,-0.155559823,-0.90801657,0.38898207
0.000233942,0.0001075,0.000152242,1598.57217,-0.157097863,-0.93581854,0.315537513
0.000233942,0.0001075,0.000177416,1717.375347,-0.169733283,-0.970090044,0.173539387
0.000233942,0.0001075,0.000202589,1741.794875,-0.195819755,-0.979802711,-0.040512613
0.000233942,0.0001075,0.000227763,1691.580284,-0.241612873,-0.928297815,-0.282641799
0.000233942,0.0001075,0.000252937,1598.095032,-0.30667221,-0.833462224,-0.45966605
0.000233942,0.0001075,0.000278111,1492.172028,-0.365106207,-0.760760867,-0.536600746
0.000233942,0.0001075,0.000303284,1390.870054,-0.406668521,-0.72666542,-0.553694935
0.000233942,0.0001075,0.000328458,1292.434584,-0.470489445,-0.685899089,-0.555141533
0.000233942,0.0001075,0.000353632,1182.68958,-0.556899247,-0.604202749,-0.569914262
0.000233942,0.0001075,0.000378805,1036.136191,-0.614252905,-0.50229424,-0.608599922
0.000233942,0.0001075,0.000403979,826.456624,-0.598396891,-0.442013196,-0.668240597
0.000233942,0.0001075,0.000429153,582.5472774,-0.547531654,-0.446351897,-0.707798751
0.000233942,0.0001075,0.000454326,395.4564779,-0.541997492,-0.54478449,-0.639881691
0.000233942,0.0001075,0.0004795,332.2142098,-0.166689696,-0.380701682,0.909549765
0.000233942,0.0001331,1.20E-06,509.1614562,-0.522474358,-0.803966247,0.284004961
0.000233942,0.0001331,2.64E-05,405.5132769,-0.368457298,-0.906762093,-0.204992017
0.000233942,0.0001331,5.15E-05,369.7629519,-0.255025891,-0.966276649,0.035654346
0.000233942,0.0001331,7.67E-05,436.2888194,-0.176473307,-0.955825176,0.235064684
0.000233942,0.0001331,0.000101895,618.0802848,-0.131796741,-0.915027211,0.381254274
0.000233942,0.0001331,0.000127068,877.7852291,-0.10856909,-0.876348028,0.469283375
0.000233942,0.0001331,0.000152242,1141.048678,-0.098104328,-0.866405605,0.489608894
0.000233942,0.0001331,0.000177416,1342.516362,-0.098975662,-0.896972531,0.43086436
0.000233942,0.0001331,0.000202589,1452.696684,-0.118171114,-0.958006341,0.261265074
0.000233942,0.0001331,0.000227763,1475.584193,-0.167897271,-0.984609324,-0.048528194
0.000233942,0.0001331,0.000252937,1435.001523,-0.23826558,-0.89250957,-0.382957152
0.000233942,0.0001331,0.000278111,1359.714333,-0.29885325,-0.763809934,-0.572084889
0.000233942,0.0001331,0.000303284,1269.054696,-0.354058194,-0.683575075,-0.6382538
0.000233942,0.0001331,0.000328458,1165.867702,-0.426110438,-0.625497737,-0.65359198
0.000233942,0.0001331,0.000353632,1039.577516,-0.504647899,-0.561888452,-0.655447836
0.000233942,0.0001331,0.000378805,872.7603833,-0.56704838,-0.492172821,-0.660471082
0.000233942,0.0001331,0.000403979,657.8704762,-0.617784727,-0.426404124,-0.660697779
0.000233942,0.0001331,0.000429153,433.4515604,-0.699100503,-0.378889051,-0.606384015
0.000233942,0.0001331,0.000454326,281.0124982,-0.841059641,-0.367597275,-0.396851261
0.000233942,0.0001331,0.0004795,256.1437488,-0.679110694,-0.281810971,0.677784068
0.000233942,0.0001587,1.20E-06,310.9854507,-0.668502227,-0.683307614,-0.293590663
0.000233942,0.0001587,2.64E-05,100.7453123,-0.391623523,-0.753096489,-0.528655553
0.000233942,0.0001587,5.15E-05,-59.39784185,-0.268280295,-0.937032419,-0.223597693
0.000233942,0.0001587,7.67E-05,-92.4326466,-0.167160314,-0.978366395,0.121887763
0.000233942,0.0001587,0.000101895,73.94534967,-0.110901043,-0.903615287,0.413739497
0.000233942,0.0001587,0.000127068,401.1243833,-0.076656119,-0.778576214,0.62285064
0.000233942,0.0001587,0.000152242,762.2629077,-0.048707228,-0.690325607,0.721857439
0.000233942,0.0001587,0.000177416,1057.59996,-0.022612843,-0.675711529,0.736819238
0.000233942,0.0001587,0.000202589,1245.598841,0.002905232,-0.754271511,0.656556202
0.000233942,0.0001587,0.000227763,1326.475497,0.016605907,-0.94218539,0.334680348
0.000233942,0.0001587,0.000252937,1323.4787,-0.021852883,-0.942135027,-0.334520617
0.000233942,0.0001587,0.000278111,1266.858659,-0.091871443,-0.711012342,-0.697152127
0.000233942,0.0001587,0.000303284,1179.742822,-0.173225798,-0.580230612,-0.795817353
0.000233942,0.0001587,0.000328458,1069.102191,-0.274244531,-0.492749674,-0.825825463
0.000233942,0.0001587,0.000353632,927.1655073,-0.37922372,-0.428399596,-0.820160446
0.000233942,0.0001587,0.000378805,746.8769953,-0.487348474,-0.361653161,-0.7947946
0.000233942,0.0001587,0.000403979,538.1320492,-0.618065589,-0.267877894,-0.739078048
0.000233942,0.0001587,0.000429153,343.0860466,-0.790498715,-0.149834782,-0.593852944
0.000233942,0.0001587,0.000454326,228.4375951,-0.966110389,-0.011820971,-0.25785845
0.000233942,0.0001587,0.0004795,235.7473337,-0.948456975,0.15326187,0.277380903
0.000233942,0.0001843,1.20E-06,189.6345186,-0.625594947,-0.192627084,-0.755993233
0.000233942,0.0001843,2.64E-05,-131.051794,-0.411649285,-0.373391714,-0.831338376
0.000233942,0.0001843,5.15E-05,-453.4990248,-0.316344497,-0.714093985,-0.624496549
0.000233942,0.0001843,7.67E-05,-652.1535825,-0.459888439,-0.886153478,-0.056873871
0.000233942,0.0001843,0.000101895,-478.1129429,-0.108808418,-0.832623601,0.543045733
0.000233942,0.0001843,0.000127068,2.802965105,-0.058877933,-0.507183441,0.859824602
0.000233942,0.0001843,0.000152242,502.6171803,-0.012730507,-0.340266859,0.940242734
0.000233942,0.0001843,0.000177416,891.7591941,0.043454417,-0.268169938,0.962391084
0.000233942,0.0001843,0.000202589,1138.573297,0.138909785,-0.269262417,0.952996234
0.000233942,0.0001843,0.000227763,1252.625455,0.387153954,-0.464610297,0.796397569
0.000233942,0.0001843,0.000252937,1264.254797,0.563219314,-0.720078422,-0.405303677
0.000233942,0.0001843,0.000278111,1210.638257,0.277292262,-0.510254452,-0.814094218
0.000233942,0.0001843,0.000303284,1122.428654,0.139386874,-0.444859223,-0.884687273
0.000233942,0.0001843,0.000328458,1012.608838,0.008059268,-0.344929859,-0.938593863
0.000233942,0.0001843,0.000353632,868.417265,-0.127834744,-0.245135783,-0.961023791
0.000233942,0.0001843,0.000378805,692.7417349,-0.291861652,-0.131880676,-0.947324793
0.000233942,0.0001843,0.000403979,509.0384691,-0.506374049,0.042535352,-0.861264226
0.000233942,0.0001843,0.000429153,353.9894051,-0.735761211,0.273251854,-0.619668351
0.000233942,0.0001843,0.000454326,276.0084515,-0.849641525,0.505591312,-0.149955678
0.000233942,0.0001843,0.0004795,302.5265042,-0.707713561,0.650685966,-0.275225887
0.000233942,0.0002099,1.20E-06,198.6387911,-0.545174418,0.228840966,-0.806484139
0.000233942,0.0002099,2.64E-05,-193.0069324,-0.402678473,0.141534742,-0.904332883
0.000233942,0.0002099,5.15E-05,-665.3538289,-0.739458021,0.059800718,-0.670541355
0.000233942,0.0002099,7.67E-05,-482.4375764,-0.569955267,-0.461594106,-0.679766044
0.000233942,0.0002099,0.000101895,-947.2715302,-0.412042486,-0.423800481,0.80660656
0.000233942,0.0002099,0.000127068,-187.17433,-0.050743736,0.026600036,0.998357407
0.000233942,0.0002099,0.000152242,435.1081583,0.000804685,0.109327455,0.994005463
0.000233942,0.0002099,0.000177416,877.3899813,0.074268444,0.184105446,0.980096619
0.000233942,0.0002099,0.000202589,1141.91191,0.21317966,0.270375435,0.938856515
0.000233942,0.0002099,0.000227763,1251.912484,0.640102936,0.351722678,0.683051528
0.000233942,0.0002099,0.000252937,1247.619312,0.801545441,-0.090943953,-0.590977244
0.000233942,0.0002099,0.000278111,1176.460078,0.485680561,-0.330267844,-0.809343897
0.000233942,0.0002099,0.000303284,1078.478673,0.405091719,-0.404008188,-0.820169546
0.000233942,0.0002099,0.000328458,974.1730714,0.346809552,-0.352906199,-0.869011133
0.000233942,0.0002099,0.000353632,844.192786,0.266805888,-0.168678925,-0.94887409
0.000233942,0.0002099,0.000378805,695.9992454,0.129756962,0.100661871,-0.986422992
0.000233942,0.0002099,0.000403979,555.1453703,-0.109329864,0.454196837,-0.884167526
0.000233942,0.0002099,0.000429153,447.5842573,-0.348318305,0.780851529,-0.518599313
0.000233942,0.0002099,0.000454326,404.8886002,-0.413053917,0.910616578,-0.012802717
0.000233942,0.0002099,0.0004795,443.4098161,-0.287279929,0.806092921,-0.5173823
0.000233942,0.0002355,1.20E-06,373.2768206,-0.550966525,0.514527334,-0.657036918
0.000233942,0.0002355,2.64E-05,6.459368595,-0.425063611,0.553646105,-0.7160984
0.000233942,0.0002355,5.15E-05,-427.2496765,-0.318952241,0.663552252,-0.676733239
0.000233942,0.0002355,7.67E-05,-846.8313326,-0.476047465,0.817427866,-0.324330842
0.000233942,0.0002355,0.000101895,-635.8748949,-0.137976981,0.782231487,0.607516464
0.000233942,0.0002355,0.000127068,40.25856039,-0.066825649,0.529849069,0.845455083
0.000233942,0.0002355,0.000152242,621.6880578,-0.009056342,0.504067207,0.863616948
0.000233942,0.0002355,0.000177416,1026.776605,0.070234927,0.555293852,0.828683168
0.000233942,0.0002355,0.000202589,1248.256244,0.219210969,0.685691604,0.694099111
0.000233942,0.0002355,0.000227763,1307.979006,0.613160173,0.789582627,0.024369594
0.000233942,0.0002355,0.000252937,1252.446987,0.560194666,0.014867377,-0.828227564
0.000233942,0.0002355,0.000278111,1140.448401,0.438285963,-0.346556916,-0.829339327
0.000233942,0.0002355,0.000303284,1021.0964,0.468196456,-0.475677288,-0.744663143
0.000233942,0.0002355,0.000328458,915.8538727,0.569129322,-0.454547263,-0.685185085
0.000233942,0.0002355,0.000353632,818.129575,0.680237493,-0.221557476,-0.698705401
0.000233942,0.0002355,0.000378805,722.7377861,0.683984455,0.202157629,-0.700926215
0.000233942,0.0002355,0.000403979,638.8103283,0.483284973,0.682820992,-0.547897004
0.000233942,0.0002355,0.000429153,584.0614023,0.181346347,0.961394092,-0.206965947
0.000233942,0.0002355,0.000454326,577.9514462,0.003163929,0.992159093,0.124941283
0.000233942,0.0002355,0.0004795,629.3101255,-0.036345633,0.88465659,-0.464824389
0.000233942,0.0002611,1.20E-06,694.6549911,-0.612962288,0.687286659,-0.389761828
0.000233942,0.0002611,2.64E-05,436.3955369,-0.481642986,0.771650358,-0.415422387
0.000233942,0.0002611,5.15E-05,185.4860108,-0.357644162,0.894931766,-0.266810398
0.000233942,0.0002611,7.67E-05,52.2759602,-0.233061009,0.972324413,0.016364669
0.000233942,0.0002611,0.000101895,214.278868,-0.162018933,0.933924619,0.318645054
0.000233942,0.0002611,0.000127068,614.2906597,-0.10744696,0.829290865,0.548390201
0.000233942,0.0002611,0.000152242,1020.66021,-0.042540078,0.783789954,0.619567308
0.000233942,0.0002611,0.000177416,1304.358518,0.037420284,0.829072595,0.557887403
0.000233942,0.0002611,0.000202589,1424.412626,0.165219373,0.960243956,0.225020231
0.000233942,0.0002611,0.000227763,1389.993363,0.313544371,0.626064003,-0.713956435
0.000233942,0.0002611,0.000252937,1250.677555,0.250719227,-0.098131679,-0.963073228
0.000233942,0.0002611,0.000278111,1078.148176,0.249310118,-0.435846302,-0.86480198
0.000233942,0.0002611,0.000303284,932.5821598,0.371349664,-0.609373744,-0.700544836
0.000233942,0.0002611,0.000328458,837.2459777,0.627068809,-0.596456139,-0.501023735
0.000233942,0.0002611,0.000353632,781.9191898,0.892541253,-0.314586866,-0.32311796
0.000233942,0.0002611,0.000378805,748.5934539,0.968729958,0.159612755,-0.189963252
0.000233942,0.0002611,0.000403979,730.8987287,0.775680495,0.629358103,-0.047203252
0.000233942,0.0002611,0.000429153,735.0722497,0.449458843,0.885831984,0.115275513
0.000233942,0.0002611,0.000454326,770.2939239,0.214228063,0.94347036,0.252922947
0.000233942,0.0002611,0.0004795,839.5446193,0.109471659,0.978941394,-0.172307001
0.000233942,0.0002867,1.20E-06,1096.208858,-0.689277258,0.719029805,-0.088842564
0.000233942,0.0002867,2.64E-05,968.2616168,-0.566942756,0.806815327,-0.166207517
0.000233942,0.0002867,5.15E-05,882.9780952,-0.445092994,0.89402426,-0.051116039
0.000233942,0.0002867,7.67E-05,892.8989673,-0.332490239,0.938298749,0.09510888
0.000233942,0.0002867,0.000101895,1039.243477,-0.249526053,0.938322546,0.239348175
0.000233942,0.0002867,0.000127068,1280.341839,-0.18022445,0.921880651,0.343009057
0.000233942,0.0002867,0.000152242,1509.449306,-0.103811128,0.930513589,0.351237398
0.000233942,0.0002867,0.000177416,1636.951486,-0.014763098,0.985269897,0.170368077
0.000233942,0.0002867,0.000202589,1619.880214,0.07661361,0.898071827,-0.433125095
0.000233942,0.0002867,0.000227763,1462.906218,0.080929705,0.276083178,-0.957720451
0.000233942,0.0002867,0.000252937,1220.133625,0.031723637,-0.175433391,-0.983980049
0.000233942,0.0002867,0.000278111,977.4185027,0.009875174,-0.469261915,-0.883003814
0.000233942,0.0002867,0.000303284,807.9972342,0.131088538,-0.720094088,-0.68138117
0.000233942,0.0002867,0.000328458,733.4559357,0.529176497,-0.79545469,-0.295337216
0.000233942,0.0002867,0.000353632,730.3560021,0.905959363,-0.402812928,0.130304944
0.000233942,0.0002867,0.000378805,766.3326737,0.938123726,0.132342576,0.320014559
0.000233942,0.0002867,0.000403979,822.1407192,0.739990606,0.557893502,0.375724292
0.000233942,0.0002867,0.000429153,891.9196103,0.463693187,0.800139887,0.380479683
0.000233942,0.0002867,0.000454326,974.2611067,0.252708692,0.892322543,0.374030474
0.000233942,0.0002867,0.0004795,1066.321103,0.141944585,0.957153196,0.252407396
0.000233942,0.0003123,1.20E-06,1501.72017,-0.761586771,0.629740537,0.153011262
0.000233942,0.0003123,2.64E-05,1489.003191,-0.683105022,0.730077258,0.018834156
0.000233942,0.0003123,5.15E-05,1525.907731,-0.58092323,0.808670976,0.092625339
0.000233942,0.0003123,7.67E-05,1620.023153,-0.481931926,0.862109618,0.156552309
0.000233942,0.0003123,0.000101895,1758.903269,-0.395657389,0.897006841,0.197063333
0.000233942,0.0003123,0.000127068,1899.430262,-0.310669563,0.931722697,0.188088381
0.000233942,0.0003123,0.000152242,1981.405449,-0.2040186,0.976933263,0.063069888
0.000233942,0.0003123,0.000177416,1953.816147,-0.058180389,0.945266775,-0.321069723
0.000233942,0.0003123,0.000202589,1791.401699,0.055577876,0.544602823,-0.836850563
0.000233942,0.0003123,0.000227763,1507.180282,0.033135422,0.093667468,-0.995051983
0.000233942,0.0003123,0.000252937,1162.654306,-0.063749707,-0.176239709,-0.982280785
0.000233942,0.0003123,0.000278111,855.4139907,-0.188352552,-0.402417883,-0.895870059
0.000233942,0.0003123,0.000303284,670.3925376,-0.199271635,-0.70781798,-0.677705336
0.000233942,0.0003123,0.000328458,624.587415,0.259369214,-0.964848442,0.042368553
0.000233942,0.0003123,0.000353632,678.5658742,0.66270024,-0.328870215,0.672809612
0.000233942,0.0003123,0.000378805,787.1939962,0.651294257,0.180974755,0.736928714
0.000233942,0.0003123,0.000403979,920.5342463,0.508251551,0.526493953,0.681530981
0.000233942,0.0003123,0.000429153,1060.395467,0.322535268,0.746618635,0.581834698
0.000233942,0.0003123,0.000454326,1193.408766,0.171397849,0.861873008,0.477281569
0.000233942,0.0003123,0.0004795,1309.813627,0.074768026,0.846687218,0.526811634
0.000233942,0.0003379,1.20E-06,1846.179308,-0.834289799,0.468249628,0.291037484
0.000233942,0.0003379,2.64E-05,1921.733601,-0.812089162,0.561375423,0.159275949
0.000233942,0.0003379,5.15E-05,2046.227138,-0.746335647,0.632587168,0.206921671
0.000233942,0.0003379,7.67E-05,2197.698526,-0.683505083,0.697909871,0.213875229
0.000233942,0.0003379,0.000101895,2332.606882,-0.623232467,0.763782954,0.167978841
0.000233942,0.0003379,0.000127068,2401.203885,-0.539546465,0.841222348,0.03513649
0.000233942,0.0003379,0.000152242,2366.136399,-0.361376865,0.887573926,-0.285690893
0.000233942,0.0003379,0.000177416,2205.818038,-0.052951664,0.651600516,-0.756711893
0.000233942,0.0003379,0.000202589,1915.462739,0.107643836,0.245515059,-0.963397717
0.000233942,0.0003379,0.000227763,1523.094562,0.083260022,-0.008211051,-0.996494028
0.000233942,0.0003379,0.000252937,1101.214091,-0.03396839,-0.159384557,-0.986632004
0.000233942,0.0003379,0.000278111,752.5536685,-0.219074601,-0.301091342,-0.928089609
0.000233942,0.0003379,0.000303284,562.8315516,-0.391159655,-0.583197295,-0.711951571
0.000233942,0.0003379,0.000328458,544.1744924,-0.053715141,-0.813792237,0.578668194
0.000233942,0.0003379,0.000353632,649.527662,0.300208968,-0.10423512,0.948161176
0.000233942,0.0003379,0.000378805,826.7615203,0.316057452,0.227172463,0.921140792
0.000233942,0.0003379,0.000403979,1036.767545,0.237053233,0.484210099,0.842227015
0.000233942,0.0003379,0.000429153,1248.006004,0.120285672,0.690173226,0.713577098
0.000233942,0.0003379,0.000454326,1432.286834,0.016685552,0.831857329,0.554738655
0.000233942,0.0003379,0.0004795,1570.228136,-0.038154001,0.781681574,0.62250959
0.000233942,0.0003635,1.20E-06,2076.83396,-0.914979738,0.256139025,0.311776971
0.000233942,0.0003635,2.64E-05,2206.021466,-0.920504519,0.298191496,0.252494082
0.000233942,0.0003635,5.15E-05,2383.856737,-0.898168017,0.332414053,0.287741396
0.000233942,0.0003635,7.67E-05,2570.352926,-0.894158932,0.367303245,0.256062747
0.000233942,0.0003635,0.000101895,2699.891983,-0.744404128,0.632284181,0.21466068
0.000233942,0.0003635,0.000127068,2715.773707,-0.881344513,0.4526937,-0.135278467
0.000233942,0.0003635,0.000152242,2598.702817,-0.555635618,0.428604705,-0.712437413
0.000233942,0.0003635,0.000177416,2348.460798,0.046108729,0.167620318,-0.984772773
0.000233942,0.0003635,0.000202589,1968.335393,0.21732688,-0.019674323,-0.975900583
0.000233942,0.0003635,0.000227763,1500.357299,0.193233974,-0.136211988,-0.971651648
0.000233942,0.0003635,0.000252937,1036.069985,0.102370563,-0.212286811,-0.971830529
0.000233942,0.0003635,0.000278111,677.7937278,-0.029305452,-0.297002914,-0.95442677
0.000233942,0.0003635,0.000303284,496.8073953,-0.183029602,-0.584605127,-0.790403068
0.000233942,0.0003635,0.000328458,500.6002502,0.027406973,-0.472451245,0.880930576
0.000233942,0.0003635,0.000353632,646.9738606,0.135349829,-0.008799007,0.990758801
0.000233942,0.0003635,0.000378805,884.3127132,0.113869825,0.199752813,0.973207314
0.000233942,0.0003635,0.000403979,1166.815915,0.033989054,0.393390334,0.918743048
0.000233942,0.0003635,0.000429153,1449.420957,-0.079694866,0.589487024,0.803836909
0.000233942,0.0003635,0.000454326,1684.779143,-0.186863274,0.763266356,0.618471168
0.000233942,0.0003635,0.0004795,1838.33742,-0.212346078,0.771387644,0.599891862
0.000233942,0.0003891,1.20E-06,2153.364084,-0.981683284,-0.01826892,0.189642233
0.000233942,0.0003891,2.64E-05,2290.463055,-0.96057687,-0.049122458,0.273640388
0.000233942,0.0003891,5.15E-05,2474.249922,-0.950605412,-0.086979144,0.297966408
0.000233942,0.0003891,7.67E-05,2658.705049,-0.874777687,-0.241450271,0.420078285
0.000233942,0.0003891,0.000101895,2768.198459,-0.87275167,-0.459353433,0.165223925
0.000233942,0.0003891,0.000127068,2745.556179,-0.89260565,-0.392357719,-0.222059844
0.000233942,0.0003891,0.000152242,2590.855295,-0.379599783,-0.586324288,-0.715631074
0.000233942,0.0003891,0.000177416,2314.931309,0.259282489,-0.433676797,-0.862958299
0.000233942,0.0003891,0.000202589,1898.075274,0.374255508,-0.336944826,-0.863945021
0.000233942,0.0003891,0.000227763,1390.190732,0.32127517,-0.343900417,-0.882334839
0.000233942,0.0003891,0.000252937,918.4902848,0.262621182,-0.378062678,-0.887749247
0.000233942,0.0003891,0.000278111,581.901592,0.230572657,-0.461711314,-0.856538915
0.000233942,0.0003891,0.000303284,429.5546402,0.321516631,-0.790633619,-0.521081122
0.000233942,0.0003891,0.000328458,462.2749533,0.239072,-0.440559789,0.865304369
0.000233942,0.0003891,0.000353632,646.0621709,0.108752312,-0.073847084,0.991322119
0.000233942,0.0003891,0.000378805,935.2671158,0.024766716,0.088753663,0.995745649
0.000233942,0.0003891,0.000403979,1282.835152,-0.090736074,0.232705205,0.968305351
0.000233942,0.0003891,0.000429153,1634.282622,-0.25617306,0.396845126,0.881413245
0.000233942,0.0003891,0.000454326,1920.383874,-0.442869118,0.57707873,0.686182981
0.000233942,0.0003891,0.0004795,2082.90024,-0.541478453,0.722533933,0.429820662
0.000233942,0.0004147,1.20E-06,2056.500067,-0.938428653,-0.334632016,-0.085866623
0.000233942,0.0004147,2.64E-05,2147.44224,-0.883681741,-0.426847331,0.192114387
0.000233942,0.0004147,5.15E-05,2274.543105,-0.827760442,-0.523633037,0.201546751
0.000233942,0.0004147,7.67E-05,2398.537579,-0.773293951,-0.619608019,0.134545036
0.000233942,0.0004147,0.000101895,2454.340427,-0.682341988,-0.731032332,-0.001068105
0.000233942,0.0004147,0.000127068,2397.119389,-0.459341065,-0.87017363,-0.178335747
0.000233942,0.0004147,0.000152242,2239.912272,-0.035340176,-0.933152593,-0.357739166
0.000233942,0.0004147,0.000177416,1994.410539,0.386913802,-0.775995501,-0.498125178
0.000233942,0.0004147,0.000202589,1601.572165,0.471340699,-0.627883776,-0.61935443
0.000233942,0.0004147,0.000227763,1112.086633,0.398406535,-0.584256699,-0.707047624
0.000233942,0.0004147,0.000252937,686.0172922,0.372212547,-0.597536699,-0.710216666
0.000233942,0.0004147,0.000278111,409.773049,0.406047809,-0.689008655,-0.600326787
0.000233942,0.0004147,0.000303284,312.2246831,0.506117579,-0.860265362,-0.061550818
0.000233942,0.0004147,0.000328458,388.5011436,0.327783979,-0.525887154,0.784856907
0.000233942,0.0004147,0.000353632,611.142303,0.136302706,-0.218795728,0.966203913
0.000233942,0.0004147,0.000378805,942.0312992,0.009259488,-0.080467769,0.996714202
0.000233942,0.0004147,0.000403979,1337.649699,-0.138879565,0.008851814,0.990269717
0.000233942,0.0004147,0.000429153,1741.330332,-0.363766402,0.090949662,0.927039462
0.000233942,0.0004147,0.000454326,2068.455145,-0.667571333,0.177924142,0.722974076
0.000233942,0.0004147,0.0004795,2236.61254,-0.954191865,0.298062132,-0.026016349
0.000233942,0.0004403,1.20E-06,1799.972242,-0.725925991,-0.565889829,-0.390896606
0.000233942,0.0004403,2.64E-05,1797.80216,-0.679157561,-0.733927736,0.009751212
0.000233942,0.0004403,5.15E-05,1810.838306,-0.552196692,-0.833582928,0.014775508
0.000233942,0.0004403,7.67E-05,1816.678561,-0.425694529,-0.904637391,-0.020380349
0.000233942,0.0004403,0.000101895,1781.123108,-0.287410631,-0.954006788,-0.085241875
0.000233942,0.0004403,0.000127068,1681.554025,-0.10512875,-0.981712979,-0.158705932
0.000233942,0.0004403,0.000152242,1522.611112,0.118025316,-0.966617345,-0.227422367
0.000233942,0.0004403,0.000177416,1303.663863,0.31589709,-0.897519652,-0.307680846
0.000233942,0.0004403,0.000202589,988.4526678,0.397326969,-0.822569683,-0.406829689
0.000233942,0.0004403,0.000227763,620.8254274,0.404602438,-0.778696895,-0.479508095
0.000233942,0.0004403,0.000252937,317.5961319,0.427561308,-0.779012057,-0.45861917
0.000233942,0.0004403,0.000278111,145.6260665,0.483320831,-0.831846754,-0.272822199
0.000233942,0.0004403,0.000303284,127.2128453,0.509251128,-0.83047367,0.225780363
0.000233942,0.0004403,0.000328458,258.5957072,0.355935273,-0.575600522,0.7362025
0.000233942,0.0004403,0.000353632,518.5931887,0.183600976,-0.355957581,0.916288646
0.000233942,0.0004403,0.000378805,875.620674,0.046026388,-0.256748922,0.965381563
0.000233942,0.0004403,0.000403979,1290.100915,-0.105727762,-0.227353803,0.968055726
0.000233942,0.0004403,0.000429153,1707.194423,-0.3220025,-0.246332087,0.914130676
0.000233942,0.0004403,0.000454326,2044.337167,-0.610819897,-0.298796231,0.733225658
0.000233942,0.0004403,0.0004795,2222.185791,-0.802659914,-0.362274295,-0.473808398
0.000233942,0.0004659,1.20E-06,1431.72772,-0.461937048,-0.643039196,-0.6108312
0.000233942,0.0004659,2.64E-05,1315.754762,-0.406760594,-0.88734687,-0.217166645
0.000233942,0.0004659,5.15E-05,1191.56727,-0.231756244,-0.951986842,-0.200025239
0.000233942,0.0004659,7.67E-05,1057.210413,-0.068902993,-0.980826238,-0.182297199
0.000233942,0.0004659,0.000101895,916.4483167,0.062048037,-0.983659359,-0.169009785
0.000233942,0.0004659,0.000127068,770.951951,0.156925101,-0.972415564,-0.172576022
0.000233942,0.0004659,0.000152242,606.5587997,0.2330914,-0.952325627,-0.196835719
0.000233942,0.0004659,0.000177416,409.8574668,0.287147448,-0.930934541,-0.225626294
0.000233942,0.0004659,0.000202589,197.5589222,0.339269689,-0.90774381,-0.246773688
0.000233942,0.0004659,0.000227763,4.199954173,0.407140138,-0.879165238,-0.247599257
0.000233942,0.0004659,0.000252937,-134.8274268,0.470058245,-0.863893537,-0.180923194
0.000233942,0.0004659,0.000278111,-180.5444076,0.521587811,-0.852591742,0.032147733
0.000233942,0.0004659,0.000303284,-110.3413969,0.503213195,-0.763471686,0.404830169
0.000233942,0.0004659,0.000328458,77.31798331,0.37954098,-0.581142357,0.719876521
0.000233942,0.0004659,0.000353632,367.3826267,0.239173763,-0.444164087,0.863431627
0.000233942,0.0004659,0.000378805,733.3694298,0.114442357,-0.3932676,0.91227383
0.000233942,0.0004659,0.000403979,1139.042118,-0.014145642,-0.412893506,0.910669454
0.000233942,0.0004659,0.000429153,1534.643271,-0.166488051,-0.494773716,0.852924791
0.000233942,0.0004659,0.000454326,1855.037366,-0.331787866,-0.624278294,0.707243539
0.000233942,0.0004659,0.0004795,2046.606757,-0.37992851,-0.656632732,-0.651527269
0.000233942,0.0004915,1.20E-06,1017.554201,-0.301013358,0.15552534,-0.940852181
0.000233942,0.0004915,2.64E-05,799.88389,-0.244430555,0.675064813,-0.696089938
0.000233942,0.0004915,5.15E-05,559.5010309,0.057713576,0.856029293,-0.513695428
0.000233942,0.0004915,7.67E-05,311.3691586,0.227477862,0.912834858,-0.339096364
0.000233942,0.0004915,0.000101895,86.84616849,0.283654958,0.9353689,-0.211246029
0.000233942,0.0004915,0.000127068,-94.15383329,0.261651458,0.954905659,-0.140334235
0.000233942,0.0004915,0.000152242,-254.0131957,0.260109904,0.956536243,-0.131837984
0.000233942,0.0004915,0.000177416,-412.4488099,0.198329843,0.975118631,-0.099040039
0.000233942,0.0004915,0.000202589,-529.0069873,0.191140443,0.979629268,-0.061577832
0.000233942,0.0004915,0.000227763,-579.3853881,0.208600356,0.977813872,-0.019129124
0.000233942,0.0004915,0.000252937,-579.4821785,0.203652195,0.97870908,0.025579691
0.000233942,0.0004915,0.000278111,-514.7667292,0.190588986,0.977523694,0.090129162
0.000233942,0.0004915,0.000303284,-367.3269626,0.179458919,0.967053533,0.180560129
0.000233942,0.0004915,0.000328458,-133.5927327,0.173738909,0.937254894,0.302271494
0.000233942,0.0004915,0.000353632,175.3937484,0.172124798,0.863907995,0.473324444
0.000233942,0.0004915,0.000378805,537.3363763,0.165040612,0.662585497,0.730576523
0.000233942,0.0004915,0.000403979,920.6545209,0.109518086,0.080186111,0.990745162
0.000233942,0.0004915,0.000429153,1284.818448,-0.005125407,-0.65127651,0.758823192
0.000233942,0.0004915,0.000454326,1584.778015,-0.05627582,-0.910622142,0.409390213
0.000233942,0.0004915,0.0004795,1788.334114,-0.056599679,-0.928898926,-0.365982598
0.000259458,5.10E-06,1.20E-06,1448.062776,-0.408849426,0.52370646,0.747377876
0.000259458,5.10E-06,2.64E-05,1599.055197,-0.423060208,0.790967937,0.442029165
0.000259458,5.10E-06,5.15E-05,1832.115724,-0.328546615,0.841844113,0.428200434
0.000259458,5.10E-06,7.67E-05,2135.24545,-0.276594706,0.883488755,0.378078019
0.000259458,5.10E-06,0.000101895,2470.441855,-0.265269554,0.917876488,0.295186072
0.000259458,5.10E-06,0.000127068,2765.222621,-0.279370627,0.944003442,0.175526506
0.000259458,5.10E-06,0.000152242,2914.593975,-0.14497629,0.988637226,0.039727954
0.000259458,5.10E-06,0.000177416,2873.560955,-0.199480218,0.977480551,-0.068843412
0.000259458,5.10E-06,0.000202589,2712.936167,-0.13959621,0.982196574,-0.125709141
0.000259458,5.10E-06,0.000227763,2510.757659,-0.099512742,0.983611627,-0.15035086
0.000259458,5.10E-06,0.000252937,2308.762221,-0.066984192,0.985724399,-0.154468535
0.000259458,5.10E-06,0.000278111,2125.965872,-0.036454523,0.987931524,-0.150540264
0.000259458,5.10E-06,0.000303284,1966.845684,-0.001309165,0.988656399,-0.150189248
0.000259458,5.10E-06,0.000328458,1824.905398,0.048349444,0.984880964,-0.166348485
0.000259458,5.10E-06,0.000353632,1687.741221,0.135127336,0.966618902,-0.217688999
0.000259458,5.10E-06,0.000378805,1542.903196,0.321458969,0.884080316,-0.339213982
0.000259458,5.10E-06,0.000403979,1384.425312,0.699994405,0.479673393,-0.529075864
0.000259458,5.10E-06,0.000429153,1220.623398,0.85506123,-0.282361938,-0.43490462
0.000259458,5.10E-06,0.000454326,1082.045659,0.773092034,-0.602254373,-0.199043657
0.000259458,5.10E-06,0.0004795,1020.65977,0.693934299,-0.662099819,0.282982364
0.000259458,3.07E-05,1.20E-06,1263.794543,-0.41712425,-0.509204467,0.752806861
0.000259458,3.07E-05,2.64E-05,1400.661108,-0.537376539,-0.638551723,0.550888511
0.000259458,3.07E-05,5.15E-05,1625.091609,-0.490245916,-0.573282121,0.656510893
0.000259458,3.07E-05,7.67E-05,1927.184173,-0.484243754,-0.532487209,0.69423725
0.000259458,3.07E-05,0.000101895,2270.038705,-0.554941342,-0.519289525,0.649906529
0.000259458,3.07E-05,0.000127068,2579.087067,-0.709979578,-0.528313615,0.465632606
0.000259458,3.07E-05,0.000152242,2740.9872,-0.823443359,-0.551626589,0.13285007
0.000259458,3.07E-05,0.000177416,2704.290375,-0.758066903,-0.602180646,-0.250425718
0.000259458,3.07E-05,0.000202589,2543.390588,-0.592910623,-0.61341369,-0.521709342
0.000259458,3.07E-05,0.000227763,2338.887047,-0.451920978,-0.624792842,-0.636711343
0.000259458,3.07E-05,0.000252937,2135.03789,-0.351372638,-0.662886743,-0.661149329
0.000259458,3.07E-05,0.000278111,1955.318694,-0.260141499,-0.716894779,-0.646829403
0.000259458,3.07E-05,0.000303284,1805.36889,-0.139312561,-0.76005384,-0.634752055
0.000259458,3.07E-05,0.000328458,1674.262648,0.028998696,-0.763547493,-0.645100226
0.000259458,3.07E-05,0.000353632,1544.30467,0.225187923,-0.70992318,-0.667307634
0.000259458,3.07E-05,0.000378805,1399.281402,0.413806082,-0.622386208,-0.66437936
0.000259458,3.07E-05,0.000403979,1232.238328,0.583864437,-0.541608483,-0.604783077
0.000259458,3.07E-05,0.000429153,1055.561656,0.742621821,-0.474697746,-0.472413888
0.000259458,3.07E-05,0.000454326,907.5962436,0.876557994,-0.405969692,-0.258524063
0.000259458,3.07E-05,0.0004795,846.0963097,0.873080417,-0.322356626,0.365809776
0.000259458,5.63E-05,1.20E-06,1066.598282,-0.398742823,-0.595758789,0.697191241
0.000259458,5.63E-05,2.64E-05,1173.172509,-0.465774762,-0.751470017,0.467275812
0.000259458,5.63E-05,5.15E-05,1364.556051,-0.407534662,-0.708053761,0.576693481
0.000259458,5.63E-05,7.67E-05,1632.186888,-0.387836864,-0.690068276,0.611055105
0.000259458,5.63E-05,0.000101895,1940.736021,-0.42221336,-0.706135601,0.568426242
0.000259458,5.63E-05,0.000127068,2221.828398,-0.502515512,-0.753283684,0.424313388
0.000259458,5.63E-05,0.000152242,2385.914569,-0.568981569,-0.80370441,0.174124083
0.000259458,5.63E-05,0.000177416,2390.368055,-0.557449071,-0.819663648,-0.131916783
0.000259458,5.63E-05,0.000202589,2276.027625,-0.486370333,-0.780303931,-0.393153499
0.000259458,5.63E-05,0.000227763,2103.262857,-0.418279385,-0.730802097,-0.539416955
0.000259458,5.63E-05,0.000252937,1917.673109,-0.38447899,-0.719626917,-0.578198068
0.000259458,5.63E-05,0.000278111,1754.399022,-0.35539268,-0.749981344,-0.557874562
0.000259458,5.63E-05,0.000303284,1624.609158,-0.282319111,-0.789146936,-0.545475052
0.000259458,5.63E-05,0.000328458,1510.674129,-0.169970016,-0.798199432,-0.577916828
0.000259458,5.63E-05,0.000353632,1390.24495,-0.036667144,-0.763091323,-0.645249683
0.000259458,5.63E-05,0.000378805,1245.610703,0.118942368,-0.706397726,-0.697749931
0.000259458,5.63E-05,0.000403979,1071.39709,0.316539003,-0.661486809,-0.679881064
0.000259458,5.63E-05,0.000429153,888.8874643,0.556476197,-0.621797295,-0.551091975
0.000259458,5.63E-05,0.000454326,747.5442059,0.786365038,-0.544849879,-0.291150539
0.000259458,5.63E-05,0.0004795,701.4572433,0.822233595,-0.39565463,0.409132409
0.000259458,8.19E-05,1.20E-06,853.8815801,-0.358720008,-0.699107211,0.618521676
0.000259458,8.19E-05,2.64E-05,913.3725047,-0.363834298,-0.874305736,0.321269488
0.000259458,8.19E-05,5.15E-05,1051.978072,-0.294020148,-0.842551535,0.451286012
0.000259458,8.19E-05,7.67E-05,1265.481288,-0.261331887,-0.822453332,0.505248614
0.000259458,8.19E-05,0.000101895,1525.143423,-0.266927184,-0.828488005,0.492298186
0.000259458,8.19E-05,0.000127068,1775.377312,-0.300767692,-0.861936478,0.408171905
0.000259458,8.19E-05,0.000152242,1949.88462,-0.342190081,-0.906245931,0.248242345
0.000259458,8.19E-05,0.000177416,2009.94603,-0.370601006,-0.928624726,0.017635576
0.000259458,8.19E-05,0.000202589,1963.914006,-0.379439946,-0.891956945,-0.245841687
0.000259458,8.19E-05,0.000227763,1845.166435,-0.388641406,-0.80264684,-0.452455421
0.000259458,8.19E-05,0.000252937,1693.48788,-0.439837948,-0.725595556,-0.529200972
0.000259458,8.19E-05,0.000278111,1554.66469,-0.481718667,-0.714125239,-0.507909705
0.000259458,8.19E-05,0.000303284,1446.797151,-0.418011053,-0.758047946,-0.500629675
0.000259458,8.19E-05,0.000328458,1345.084843,-0.342340393,-0.764712561,-0.545910024
0.000259458,8.19E-05,0.000353632,1225.524199,-0.276793443,-0.734012712,-0.620169918
0.000259458,8.19E-05,0.000378805,1071.01519,-0.201281466,-0.705747551,-0.679268846
0.000259458,8.19E-05,0.000403979,879.2886175,-0.072380089,-0.724816912,-0.685128868
0.000259458,8.19E-05,0.000429153,683.9702204,0.140243248,-0.798591618,-0.585306124
0.000259458,8.19E-05,0.000454326,550.905317,0.44885936,-0.843995682,-0.293592515
0.000259458,8.19E-05,0.0004795,532.3274415,0.621643175,-0.605663755,0.496720424
0.000259458,0.0001075,1.20E-06,628.6141436,-0.309914566,-0.787720977,0.532398933
0.000259458,0.0001075,2.64E-05,624.9412214,-0.24806359,-0.962310195,0.111460949
0.000259458,0.0001075,5.15E-05,696.035679,-0.163204302,-0.943159505,0.289507347
0.000259458,0.0001075,7.67E-05,848.9155159,-0.119277234,-0.910045776,0.396975599
0.000259458,0.0001075,0.000101895,1068.100673,-0.109419941,-0.888054492,0.44652715
0.000259458,0.0001075,0.000127068,1309.713131,-0.123266947,-0.889255207,0.440488862
0.000259458,0.0001075,0.000152242,1515.084366,-0.15225941,-0.916227662,0.370599437
0.000259458,0.0001075,0.000177416,1639.121591,-0.193945902,-0.956833127,0.216460974
0.000259458,0.0001075,0.000202589,1668.053662,-0.253154385,-0.966444471,-0.043565381
0.000259458,0.0001075,0.000227763,1615.408108,-0.334230983,-0.876988219,-0.345226467
0.000259458,0.0001075,0.000252937,1512.616324,-0.440665273,-0.728896217,-0.523950782
0.000259458,0.0001075,0.000278111,1401.675937,-0.511596677,-0.652411664,-0.559131345
0.000259458,0.0001075,0.000303284,1301.891455,-0.482510238,-0.663945377,-0.571279623
0.000259458,0.0001075,0.000328458,1195.465084,-0.433356148,-0.659694513,-0.614007817
0.000259458,0.0001075,0.000353632,1060.371761,-0.400636225,-0.629357377,-0.665882803
0.000259458,0.0001075,0.000378805,879.78639,-0.376884937,-0.609662684,-0.69733002
0.000259458,0.0001075,0.000403979,654.9971441,-0.347653648,-0.642678435,-0.682716171
0.000259458,0.0001075,0.000429153,433.2536697,-0.309730584,-0.763951471,-0.566078718
0.000259458,0.0001075,0.000454326,304.2315138,-0.177318995,-0.959022423,-0.220984085
0.000259458,0.0001075,0.0004795,325.7744044,0.181315554,-0.751083768,0.634821111
0.000259458,0.0001331,1.20E-06,403.7475568,-0.28737875,-0.879775697,0.37869272
0.000259458,0.0001331,2.64E-05,321.4236636,-0.132920147,-0.978610587,-0.157014502
0.000259458,0.0001331,5.15E-05,309.9558391,-0.023359933,-0.994776734,0.099365802
0.000259458,0.0001331,7.67E-05,398.0972571,0.033089351,-0.954141042,0.297523051
0.000259458,0.0001331,0.000101895,593.1879716,0.050958972,-0.89692583,0.439234832
0.000259458,0.0001331,0.000127068,857.7288304,0.047638913,-0.849144484,0.526007774
0.000259458,0.0001331,0.000152242,1121.701111,0.034529648,-0.83446632,0.549976058
0.000259458,0.0001331,0.000177416,1322.317246,0.012301096,-0.869781133,0.493284363
0.000259458,0.0001331,0.000202589,1428.950786,-0.039570077,-0.954602867,0.295241554
0.000259458,0.0001331,0.000227763,1443.617748,-0.166655726,-0.976540557,-0.136361323
0.000259458,0.0001331,0.000252937,1391.118168,-0.329035883,-0.755836608,-0.566079861
0.000259458,0.0001331,0.000278111,1304.620449,-0.415864142,-0.558173853,-0.717982567
0.000259458,0.0001331,0.000303284,1203.078749,-0.430582535,-0.50222092,-0.749915214
0.000259458,0.0001331,0.000328458,1081.199842,-0.4209396,-0.48015539,-0.769584729
0.000259458,0.0001331,0.000353632,922.1085442,-0.41699207,-0.45291852,-0.788024383
0.000259458,0.0001331,0.000378805,710.6017413,-0.434145796,-0.431125581,-0.790979242
0.000259458,0.0001331,0.000403979,451.8241594,-0.498903073,-0.435512262,-0.749282853
0.000259458,0.0001331,0.000429153,202.577895,-0.655580241,-0.488054159,-0.576209759
0.000259458,0.0001331,0.000454326,76.56980756,-0.797699783,-0.591233628,-0.118818575
0.000259458,0.0001331,0.0004795,142.0371115,-0.390955938,-0.542962992,0.743198926
0.000259458,0.0001587,1.20E-06,204.8071952,-0.322057353,-0.934834431,-0.149544803
0.000259458,0.0001587,2.64E-05,30.47413051,-0.024386074,-0.868650273,-0.494825244
0.000259458,0.0001587,5.15E-05,-84.5627667,0.138544033,-0.98031138,-0.140695239
0.000259458,0.0001587,7.67E-05,-74.77751335,0.214543949,-0.954856076,0.205476931
0.000259458,0.0001587,0.000101895,113.6295414,0.228355634,-0.848056827,0.478177082
0.000259458,0.0001587,0.000127068,442.0754507,0.218123634,-0.714849401,0.664388752
0.000259458,0.0001587,0.000152242,798.2371701,0.213861104,-0.617364003,0.757050273
0.000259458,0.0001587,0.000177416,1088.19054,0.234368068,-0.582022763,0.778666239
0.000259458,0.0001587,0.000202589,1269.211522,0.29293027,-0.633040648,0.716555228
0.000259458,0.0001587,0.000227763,1339.884604,0.392542857,-0.852417345,0.345390757
0.000259458,0.0001587,0.000252937,1323.882489,0.160508511,-0.688694438,-0.707062225
0.000259458,0.0001587,0.000278111,1253.014723,-0.10869439,-0.353173973,-0.92922208
0.000259458,0.0001587,0.000303284,1149.731964,-0.226777652,-0.271453732,-0.93535275
0.000259458,0.0001587,0.000328458,1017.194855,-0.290777686,-0.232046304,-0.928225646
0.000259458,0.0001587,0.000353632,843.7626113,-0.334545198,-0.193609105,-0.922277087
0.000259458,0.0001587,0.000378805,619.1155504,-0.399468549,-0.148578512,-0.904626611
0.000259458,0.0001587,0.000403979,354.7133617,-0.537662892,-0.088584103,-0.838493572
0.000259458,0.0001587,0.000429153,110.0276373,-0.796296601,-0.010332639,-0.604818121
0.000259458,0.0001587,0.000454326,-2.117164065,-0.996307768,0.066377984,-0.054449932
0.000259458,0.0001587,0.0004795,82.69839293,-0.797156385,0.114682076,0.592781341
0.000259458,0.0001843,1.20E-06,71.75459666,-0.268200398,-0.354656527,-0.895704915
0.000259458,0.0001843,2.64E-05,-195.1589026,0.059875512,-0.502719188,-0.862373667
0.000259458,0.0001843,5.15E-05,-435.817265,0.367992186,-0.775215668,-0.51344174
0.000259458,0.0001843,7.67E-05,-538.5041948,0.520154773,-0.847227088,0.10791327
0.000259458,0.0001843,0.000101895,-338.984759,0.468853991,-0.658210776,0.589011469
0.000259458,0.0001843,0.000127068,108.6505486,0.371864988,-0.415152407,0.830280019
0.000259458,0.0001843,0.000152242,585.8802083,0.339355578,-0.260435478,0.903886693
0.000259458,0.0001843,0.000177416,964.3205091,0.382499821,-0.161307719,0.909765743
0.000259458,0.0001843,0.000202589,1202.826042,0.523365123,-0.084989909,0.84785946
0.000259458,0.0001843,0.000227763,1306.405935,0.848556485,-0.025253051,0.528501822
0.000259458,0.0001843,0.000252937,1305.072036,0.858541732,-0.036770276,-0.511423544
0.000259458,0.0001843,0.000278111,1237.309278,0.376879968,-0.087884597,-0.922083395
0.000259458,0.0001843,0.000303284,1133.481197,0.122393679,-0.085906886,-0.988756691
0.000259458,0.0001843,0.000328458,1003.415496,-0.034198892,-0.014149371,-0.999314881
0.000259458,0.0001843,0.000353632,837.1265058,-0.124327268,0.085512553,-0.988549611
0.000259458,0.0001843,0.000378805,628.9186009,-0.222534278,0.198024237,-0.954601957
0.000259458,0.0001843,0.000403979,397.129865,-0.384032505,0.349736012,-0.854519606
0.000259458,0.0001843,0.000429153,196.3786093,-0.598633081,0.55337524,-0.579149616
0.000259458,0.0001843,0.000454326,110.4501296,-0.696962844,0.716479418,-0.030000609
0.000259458,0.0001843,0.0004795,182.7475544,-0.560605674,0.821045367,-0.107730143
0.000259458,0.0002099,1.20E-06,52.64018859,-0.22888528,0.153393419,-0.961291833
0.000259458,0.0002099,2.64E-05,-270.4248377,0.049080341,0.107717141,-0.992969354
0.000259458,0.0002099,5.15E-05,-611.7387935,0.521085904,0.00871347,-0.853459756
0.000259458,0.0002099,7.67E-05,-847.8840336,0.896848781,-0.439100567,-0.053413078
0.000259458,0.0002099,0.000101895,-621.802523,0.72778516,-0.043185954,0.684444106
0.000259458,0.0002099,0.000127068,-28.20236022,0.432982638,0.051243958,0.899944494
0.000259458,0.0002099,0.000152242,547.5191064,0.378043165,0.128653393,0.916805143
0.000259458,0.0002099,0.000177416,976.9493072,0.437613884,0.208992256,0.874537779
0.000259458,0.0002099,0.000202589,1234.339972,0.607993468,0.297998818,0.735894454
0.000259458,0.0002099,0.000227763,1334.916315,0.890978532,0.337682323,0.303525789
0.000259458,0.0002099,0.000252937,1318.830453,0.886954291,0.133370094,-0.442181529
0.000259458,0.0002099,0.000278111,1236.383283,0.623024277,-0.088280543,-0.777204797
0.000259458,0.0002099,0.000303284,1129.06625,0.464814554,-0.13868144,-0.874479782
0.000259458,0.0002099,0.000328458,1012.927687,0.353565123,-0.0039746,-0.935401468
0.000259458,0.0002099,0.000353632,876.7063441,0.2655424,0.237750653,-0.93432428
0.000259458,0.0002099,0.000378805,711.9349114,0.1417994,0.464088959,-0.874365123
0.000259458,0.0002099,0.000403979,534.7404155,-0.034386925,0.677201847,-0.734993332
0.000259458,0.0002099,0.000429153,388.5878793,-0.200374059,0.872898679,-0.444857429
0.000259458,0.0002099,0.000454326,328.9348993,-0.262819271,0.964761807,-0.012676215
0.000259458,0.0002099,0.0004795,382.6035516,-0.167760608,0.828364614,-0.534479601
0.000259458,0.0002355,1.20E-06,177.7230807,-0.29441492,0.427898835,-0.854530539
0.000259458,0.0002355,2.64E-05,-121.8666542,-0.090316234,0.621344132,-0.778315134
0.000259458,0.0002355,5.15E-05,-429.8218042,0.278172064,0.763509808,-0.582814787
0.000259458,0.0002355,7.67E-05,-622.6376121,0.621754756,0.782431696,0.03495232
0.000259458,0.0002355,0.000101895,-391.5795751,0.534465613,0.616454706,0.578212854
0.000259458,0.0002355,0.000127068,176.3607503,0.370879116,0.482298067,0.793622868
0.000259458,0.0002355,0.000152242,729.3197828,0.35746794,0.455671186,0.815218034
0.000259458,0.0002355,0.000177416,1131.232787,0.450488874,0.489280679,0.746769169
0.000259458,0.0002355,0.000202589,1350.238843,0.661156386,0.535949799,0.525004806
0.000259458,0.0002355,0.000227763,1401.996207,0.908962277,0.414364151,-0.045715746
0.000259458,0.0002355,0.000252937,1335.29471,0.795743296,-0.003006063,-0.605626593
0.000259458,0.0002355,0.000278111,1215.389457,0.616852137,-0.302333443,-0.726696588
0.000259458,0.0002355,0.000303284,1097.443835,0.599643642,-0.408264733,-0.688293113
0.000259458,0.0002355,0.000328458,1002.325038,0.71166005,-0.272721003,-0.647428164
0.000259458,0.0002355,0.000353632,915.0150059,0.763466435,0.108155792,-0.636727043
0.000259458,0.0002355,0.000378805,813.4985124,0.620024773,0.483175465,-0.618151074
0.000259458,0.0002355,0.000403979,700.0978922,0.374780236,0.765023976,-0.523715658
0.000259458,0.0002355,0.000429153,607.0488049,0.144782192,0.9456974,-0.29102327
0.000259458,0.0002355,0.000454326,573.6186608,0.01478604,0.999608913,0.023735942
0.000259458,0.0002355,0.0004795,618.2154673,-0.006433822,0.762272254,-0.647224549
0.000259458,0.0002611,1.20E-06,429.5058905,-0.434183653,0.597607919,-0.674054397
0.000259458,0.0002611,2.64E-05,222.803795,-0.299068875,0.856873966,-0.419910483
0.000259458,0.0002611,5.15E-05,55.40028103,-0.050417231,0.980667892,-0.189072969
0.000259458,0.0002611,7.67E-05,22.69221714,0.13596469,0.980531311,0.141675514
0.000259458,0.0002611,0.000101895,244.4659421,0.206762493,0.876960863,0.433807464
0.000259458,0.0002611,0.000127068,664.5231069,0.234642514,0.754701438,0.612673347
0.000259458,0.0002611,0.000152242,1090.289499,0.298654153,0.698589173,0.650214476
0.000259458,0.0002611,0.000177416,1390.66297,0.444894374,0.708304146,0.548064078
0.000259458,0.0002611,0.000202589,1515.429075,0.702189936,0.691086172,0.171257692
0.000259458,0.0002611,0.000227763,1472.662717,0.792495935,0.303394205,-0.529057794
0.000259458,0.0002611,0.000252937,1317.888534,0.557895703,-0.214994429,-0.801579553
0.000259458,0.0002611,0.000278111,1135.752464,0.42281044,-0.539929219,-0.727810257
0.000259458,0.0002611,0.000303284,1000.545705,0.47565705,-0.707152532,-0.523149755
0.000259458,0.0002611,0.000328458,934.7804451,0.725943863,-0.627124193,-0.28234864
0.000259458,0.0002611,0.000353632,909.3239945,0.958770161,-0.230314215,-0.166478649
0.000259458,0.0002611,0.000378805,882.7689585,0.94551873,0.251357428,-0.206914899
0.000259458,0.0002611,0.000403979,841.4214682,0.701988857,0.677145828,-0.220647167
0.000259458,0.0002611,0.000429153,806.5499598,0.376989164,0.922043807,-0.08783159
0.000259458,0.0002611,0.000454326,807.1686476,0.161705586,0.980435411,0.112239511
0.000259458,0.0002611,0.0004795,856.7679781,0.057552043,0.772767999,-0.632073874
0.000259458,0.0002867,1.20E-06,749.3060834,-0.613003745,0.651391681,-0.447118873
0.000259458,0.0002867,2.64E-05,654.4656119,-0.510433419,0.850683637,-0.125678456
0.000259458,0.0002867,5.15E-05,625.6774088,-0.316408495,0.947447816,0.04720488
0.000259458,0.0002867,7.67E-05,708.0389624,-0.144900756,0.962183907,0.230664041
0.000259458,0.0002867,0.000101895,927.8827434,-0.025466967,0.921971549,0.386419328
0.000259458,0.0002867,0.000127068,1235.90513,0.074407113,0.872879111,0.482229862
0.000259458,0.0002867,0.000152242,1522.695093,0.203028157,0.858389956,0.471111719
0.000259458,0.0002867,0.000177416,1689.977165,0.410078625,0.876528404,0.252058483
0.000259458,0.0002867,0.000202589,1686.740971,0.62240157,0.686261792,-0.376378851
0.000259458,0.0002867,0.000227763,1517.196502,0.476519965,0.118343675,-0.871162153
0.000259458,0.0002867,0.000252937,1243.400534,0.253114776,-0.308308198,-0.916994528
0.000259458,0.0002867,0.000278111,975.9804239,0.112599222,-0.644746686,-0.75605762
0.000259458,0.0002867,0.000303284,821.1852044,0.158431061,-0.898483597,-0.409422551
0.000259458,0.0002867,0.000328458,796.2813794,0.469503474,-0.880900524,0.059839403
0.000259458,0.0002867,0.000353632,841.8413669,0.801082324,-0.509284176,0.314478519
0.000259458,0.0002867,0.000378805,897.382502,0.948286609,-0.012044947,0.317186738
0.000259458,0.0002867,0.000403979,937.9682231,0.799852314,0.543274562,0.255125511
0.000259458,0.0002867,0.000429153,972.7196506,0.429866969,0.87193268,0.23440945
0.000259458,0.0002867,0.000454326,1019.712245,0.174221866,0.946948909,0.270063889
0.000259458,0.0002867,0.0004795,1087.761996,0.053326186,0.854741004,-0.516308177
0.000259458,0.0003123,1.20E-06,1071.450352,-0.779040367,0.580649809,-0.236520413
0.000259458,0.0003123,2.64E-05,1073.784361,-0.699820272,0.7105382,0.073396542
0.000259458,0.0003123,5.15E-05,1148.879149,-0.559621583,0.80382146,0.201729383
0.000259458,0.0003123,7.67E-05,1304.649356,-0.410952297,0.85692707,0.311117675
0.000259458,0.0003123,0.000101895,1525.249345,-0.274699401,0.880562099,0.386200245
0.000259458,0.0003123,0.000127068,1759.419846,-0.136132873,0.905582441,0.401731606
0.000259458,0.0003123,0.000152242,1931.6433,0.047135194,0.958754234,0.280300895
0.000259458,0.0003123,0.000177416,1970.79011,0.304663734,0.935411656,-0.179401905
0.000259458,0.0003123,0.000202589,1835.799879,0.383209958,0.478131583,-0.790278633
0.000259458,0.0003123,0.000227763,1533.908555,0.225537804,0.041739742,-0.973339865
0.000259458,0.0003123,0.000252937,1132.841468,0.01547571,-0.233170677,-0.972312675
0.000259458,0.0003123,0.000278111,769.6004675,-0.267197817,-0.514290976,-0.814929518
0.000259458,0.0003123,0.000303284,599.5152581,-0.359514683,-0.867621497,-0.343485269
0.000259458,0.0003123,0.000328458,625.5498582,0.053247268,-0.894067611,0.444755929
0.000259458,0.0003123,0.000353632,742.8224143,0.415461227,-0.509326356,0.753643571
0.000259458,0.0003123,0.000378805,879.0567889,0.568403259,-0.089074297,0.817914118
0.000259458,0.0003123,0.000403979,1004.564244,0.490044288,0.4187747,0.764515759
0.000259458,0.0003123,0.000429153,1115.762447,0.237760951,0.769747893,0.592417007
0.000259458,0.0003123,0.000454326,1217.383086,0.048910992,0.88925219,0.454794742
0.000259458,0.0003123,0.0004795,1312.00262,-0.042929947,0.947538363,-0.316746065
0.000259458,0.0003379,1.20E-06,1344.027927,-0.897678497,0.427014836,-0.108773365
0.000259458,0.0003379,2.64E-05,1416.73333,-0.844072877,0.499772408,0.194341241
0.000259458,0.0003379,5.15E-05,1561.172924,-0.7639743,0.571781594,0.299013507
0.000259458,0.0003379,7.67E-05,1762.250073,-0.672763482,0.63943377,0.372174354
0.000259458,0.0003379,0.000101895,1982.349527,-0.575896575,0.711482437,0.402660996
0.000259458,0.0003379,0.000127068,2167.511429,-0.45299623,0.81838636,0.353607383
0.000259458,0.0003379,0.000152242,2257.919451,-0.226768557,0.972241587,0.057639544
0.000259458,0.0003379,0.000177416,2198.173139,0.129354714,0.770587585,-0.624069012
0.000259458,0.0003379,0.000202589,1955.537766,0.212995506,0.289896852,-0.933055588
0.000259458,0.0003379,0.000227763,1547.851978,0.121370845,0.032131788,-0.992087025
0.000259458,0.0003379,0.000252937,1057.007522,-0.066596166,-0.100509742,-0.992704761
0.000259458,0.0003379,0.000278111,633.7055908,-0.449962708,-0.213336007,-0.867191622
0.000259458,0.0003379,0.000303284,451.1607111,-0.796130017,-0.480089155,-0.368363134
0.000259458,0.0003379,0.000328458,503.3204673,-0.3105325,-0.562540416,0.766236156
0.000259458,0.0003379,0.000353632,667.6152834,0.074340225,-0.263827915,0.961700765
0.000259458,0.0003379,0.000378805,868.394985,0.156066898,0.011859811,0.987675285
0.000259458,0.0003379,0.000403979,1069.822985,0.092557184,0.337765884,0.936668231
0.000259458,0.0003379,0.000429153,1253.925437,-0.042294022,0.624539933,0.779846836
0.000259458,0.0003379,0.000454326,1409.915253,-0.155086731,0.792234125,0.590180648
0.000259458,0.0003379,0.0004795,1531.709354,-0.233561171,0.960667924,-0.150220904
0.000259458,0.0003635,1.20E-06,1530.459006,-0.96719716,0.237173546,-0.090985507
0.000259458,0.0003635,2.64E-05,1641.65618,-0.932817161,0.25793742,0.251635515
0.000259458,0.0003635,5.15E-05,1820.774517,-0.897555423,0.27937348,0.34109342
0.000259458,0.0003635,7.67E-05,2040.52859,-0.868799173,0.300350396,0.393671992
0.000259458,0.0003635,0.000101895,2253.453242,-0.853742754,0.328789094,0.403758642
0.000259458,0.0003635,0.000127068,2407.997619,-0.851067192,0.405478619,0.333574165
0.000259458,0.0003635,0.000152242,2457.591789,-0.726510782,0.663437361,-0.178977516
0.000259458,0.0003635,0.000177416,2350.48789,0.01688236,0.433482079,-0.901004036
0.000259458,0.0003635,0.000202589,2041.273964,0.164147636,0.139452005,-0.9765289
0.000259458,0.0003635,0.000227763,1563.503055,0.118152861,-0.020719149,-0.992779239
0.000259458,0.0003635,0.000252937,1038.718202,-0.000982369,-0.067792361,-0.997698968
0.000259458,0.0003635,0.000278111,618.033312,-0.229471365,-0.051191654,-0.971968265
0.000259458,0.0003635,0.000303284,426.7060164,-0.724474539,-0.121397679,-0.678527263
0.000259458,0.0003635,0.000328458,463.9462553,-0.374013947,-0.203452018,0.904831942
0.000259458,0.0003635,0.000353632,640.9737144,-0.076425254,-0.069684213,0.994637266
0.000259458,0.0003635,0.000378805,883.9682099,-0.054839051,0.080129029,0.995274845
0.000259458,0.0003635,0.000403979,1145.942253,-0.131399681,0.271969504,0.953292564
0.000259458,0.0003635,0.000429153,1392.737619,-0.255136485,0.477261878,0.840908125
0.000259458,0.0003635,0.000454326,1596.583553,-0.369130802,0.650246271,0.664019758
0.000259458,0.0003635,0.0004795,1740.489949,-0.482612064,0.862687131,-0.151183696
0.000259458,0.0003891,1.20E-06,1606.022664,-0.98293342,0.026007,-0.182114051
0.000259458,0.0003891,2.64E-05,1719.359054,-0.967257608,-0.004629089,0.253754392
0.000259458,0.0003891,5.15E-05,1893.403056,-0.943320286,-0.05019926,0.328065347
0.000259458,0.0003891,7.67E-05,2097.950905,-0.926318751,-0.116822138,0.358170572
0.000259458,0.0003891,0.000101895,2286.654815,-0.912454511,-0.219855928,0.345094387
0.000259458,0.0003891,0.000127068,2419.855877,-0.875046259,-0.392416397,0.283378573
0.000259458,0.0003891,0.000152242,2474.707807,-0.716178828,-0.695994966,-0.05175803
0.000259458,0.0003891,0.000177416,2401.859807,0.132240121,-0.230919869,-0.963944275
0.000259458,0.0003891,0.000202589,2069.825392,0.223720755,-0.116536041,-0.967661291
0.000259458,0.0003891,0.000227763,1526.574461,0.162472464,-0.210964642,-0.963896581
0.000259458,0.0003891,0.000252937,991.6761081,0.097177604,-0.226326976,-0.969191732
0.000259458,0.0003891,0.000278111,600.9262412,0.001600051,-0.21781351,-0.975989096
0.000259458,0.0003891,0.000303284,423.1255907,-0.256259419,-0.40596472,-0.877225032
0.000259458,0.0003891,0.000328458,454.3263468,-0.193746954,-0.220678694,0.955909531
0.000259458,0.0003891,0.000353632,637.6902357,-0.098999806,-0.054603214,0.993588208
0.000259458,0.0003891,0.000378805,909.7382107,-0.134904425,0.0464822,0.989767751
0.000259458,0.0003891,0.000403979,1217.430402,-0.239694894,0.162738685,0.957111529
0.000259458,0.0003891,0.000429153,1514.020658,-0.395947081,0.297072455,0.868892321
0.000259458,0.0003891,0.000454326,1756.221321,-0.560164788,0.434508459,0.705278533
0.000259458,0.0003891,0.0004795,1915.420364,-0.724493548,0.60365051,-0.332738877
0.000259458,0.0004147,1.20E-06,1558.931918,-0.91157114,-0.195659526,-0.361601172
0.000259458,0.0004147,2.64E-05,1636.324891,-0.93607572,-0.293753682,0.193574328
0.000259458,0.0004147,5.15E-05,1761.862838,-0.881252172,-0.401026673,0.250144391
0.000259458,0.0004147,7.67E-05,1910.092098,-0.808481227,-0.529785336,0.256292025
0.000259458,0.0004147,0.000101895,2044.897979,-0.696329339,-0.683032927,0.220434734
0.000259458,0.0004147,0.000127068,2143.175917,-0.494052897,-0.852240453,0.172040533
0.000259458,0.0004147,0.000152242,2211.498801,-0.161598386,-0.979281151,0.122042573
0.000259458,0.0004147,0.000177416,2251.852793,0.248984036,-0.919397114,-0.304492852
0.000259458,0.0004147,0.000202589,1934.077678,0.286019425,-0.611235913,-0.737959042
0.000259458,0.0004147,0.000227763,1323.536168,0.198350362,-0.501306834,-0.842228349
0.000259458,0.0004147,0.000252937,818.8989247,0.172857358,-0.503726848,-0.846392106
0.000259458,0.0004147,0.000278111,488.9999263,0.16110065,-0.572207875,-0.804129796
0.000259458,0.0004147,0.000303284,357.7131608,0.182709139,-0.923285012,-0.337878908
0.000259458,0.0004147,0.000328458,413.5735866,0.033066046,-0.463829327,0.885307287
0.000259458,0.0004147,0.000353632,615.5224536,-0.049388471,-0.176114685,0.983129898
0.000259458,0.0004147,0.000378805,911.6554683,-0.134914038,-0.073749575,0.988108902
0.000259458,0.0004147,0.000403979,1250.429051,-0.267608878,-0.004040238,0.963519157
0.000259458,0.0004147,0.000429153,1580.068717,-0.457359628,0.061547854,0.887149385
0.000259458,0.0004147,0.000454326,1848.066074,-0.67134241,0.12828116,0.729961172
0.000259458,0.0004147,0.0004795,2017.59297,-0.799378501,0.188510469,-0.570489101
0.000259458,0.0004403,1.20E-06,1396.227826,-0.729595838,-0.380277933,-0.568400042
0.000259458,0.0004403,2.64E-05,1406.191348,-0.805690722,-0.589849331,0.054223872
0.000259458,0.0004403,5.15E-05,1447.072005,-0.684643622,-0.722632985,0.095208615
0.000259458,0.0004403,7.67E-05,1502.976359,-0.535184264,-0.839389629,0.094883374
0.000259458,0.0004403,0.000101895,1552.196886,-0.364712084,-0.928856625,0.064888109
0.000259458,0.0004403,0.000127068,1580.585897,-0.173461312,-0.984449121,0.027768709
0.000259458,0.0004403,0.000152242,1587.906404,0.020676635,-0.999555627,-0.021471479
0.000259458,0.0004403,0.000177416,1550.018407,0.167133527,-0.969360978,-0.180015772
0.000259458,0.0004403,0.000202589,1287.898916,0.219875185,-0.883682002,-0.413232406
0.000259458,0.0004403,0.000227763,851.5625408,0.225201381,-0.782773021,-0.58012993
0.000259458,0.0004403,0.000252937,486.5941189,0.237318945,-0.76609655,-0.597307119
0.000259458,0.0004403,0.000278111,267.1950842,0.271588041,-0.846810619,-0.457331075
0.000259458,0.0004403,0.000303284,213.5257627,0.304890459,-0.942337475,0.137992358
0.000259458,0.0004403,0.000328458,316.967727,0.16544568,-0.575469106,0.800913875
0.000259458,0.0004403,0.000353632,546.9544519,0.036015879,-0.321119218,0.946353689
0.000259458,0.0004403,0.000378805,861.5481213,-0.076833967,-0.228427431,0.970524317
0.000259458,0.0004403,0.000403979,1214.580139,-0.219885278,-0.198831385,0.955047928
0.000259458,0.0004403,0.000429153,1556.185147,-0.410932708,-0.199457261,0.889579176
0.000259458,0.0004403,0.000454326,1834.412622,-0.626870496,-0.215524779,0.748720542
0.000259458,0.0004403,0.0004795,2012.578843,-0.650096942,-0.192250639,-0.735128328
0.000259458,0.0004659,1.20E-06,1146.368758,-0.487363634,-0.474545699,-0.732995953
0.000259458,0.0004659,2.64E-05,1073.873507,-0.558210552,-0.815130264,-0.154801914
0.000259458,0.0004659,5.15E-05,1014.824621,-0.375308259,-0.919789326,-0.11459191
0.000259458,0.0004659,7.67E-05,964.3511784,-0.191209691,-0.977350794,-0.090687817
0.000259458,0.0004659,0.000101895,915.1232836,-0.038305265,-0.995535372,-0.086267197
0.000259458,0.0004659,0.000127068,855.7721877,0.074879791,-0.991518405,-0.106227443
0.000259458,0.0004659,0.000152242,764.4007136,0.150180082,-0.976548411,-0.154269709
0.000259458,0.0004659,0.000177416,608.993929,0.183803773,-0.963486891,-0.194702809
0.000259458,0.0004659,0.000202589,415.1615556,0.216618126,-0.949170961,-0.228366097
0.000259458,0.0004659,0.000227763,224.0202919,0.273204619,-0.920529413,-0.279257652
0.000259458,0.0004659,0.000252937,56.70580763,0.320484003,-0.907647739,-0.271045358
0.000259458,0.0004659,0.000278111,-25.18595181,0.369126027,-0.926674426,-0.070855383
0.000259458,0.0004659,0.000303284,12.06415531,0.366684953,-0.842459816,0.394719652
0.000259458,0.0004659,0.000328458,169.9426992,0.252534311,-0.587766715,0.768606994
0.000259458,0.0004659,0.000353632,427.6046163,0.130075894,-0.41915432,0.898548784
0.000259458,0.0004659,0.000378805,751.8586757,0.015604641,-0.36113977,0.932381125
0.000259458,0.0004659,0.000403979,1103.363523,-0.114968881,-0.369009695,0.922287375
0.000259458,0.0004659,0.000429153,1438.739237,-0.271711383,-0.419487346,0.866142766
0.000259458,0.0004659,0.000454326,1714.464898,-0.437614183,-0.496666569,0.749543959
0.000259458,0.0004659,0.0004795,1901.058307,-0.405906385,-0.416294755,-0.813596143
0.000259458,0.0004915,1.20E-06,851.6346492,-0.289704053,0.268472886,-0.918691391
0.000259458,0.0004915,2.64E-05,701.7977942,-0.321042622,0.819918478,-0.473988738
0.000259458,0.0004915,5.15E-05,553.0869424,-0.052084718,0.938794875,-0.340516322
0.000259458,0.0004915,7.67E-05,410.2895712,0.113052028,0.96638309,-0.230917651
0.000259458,0.0004915,0.000101895,277.9605171,0.18748473,0.968336528,-0.164844911
0.000259458,0.0004915,0.000127068,149.9288879,0.207998676,0.967532932,-0.143584733
0.000259458,0.0004915,0.000152242,-0.688626413,0.206322459,0.964798945,-0.163076787
0.000259458,0.0004915,0.000177416,-207.4588405,0.190650249,0.970503216,-0.147566899
0.000259458,0.0004915,0.000202589,-339.2862964,0.182990513,0.981163112,-0.061914617
0.000259458,0.0004915,0.000227763,-350.0413391,0.18315169,0.983034279,-0.009953084
0.000259458,0.0004915,0.000252937,-362.053626,0.165128919,0.986216427,0.010468961
0.000259458,0.0004915,0.000278111,-326.5332447,0.145290711,0.986842621,0.070938365
0.000259458,0.0004915,0.000303284,-209.9949678,0.131502629,0.977829776,0.162960083
0.000259458,0.0004915,0.000328458,-6.1845044,0.122828671,0.951743656,0.281242123
0.000259458,0.0004915,0.000353632,270.9057228,0.112658105,0.893871208,0.433938262
0.000259458,0.0004915,0.000378805,595.3734,0.086544935,0.757633362,0.646917044
0.000259458,0.0004915,0.000403979,935.1032345,0.011254642,0.386318329,0.922296851
0.000259458,0.0004915,0.000429153,1255.206401,-0.117526855,-0.340420736,0.93289933
0.000259458,0.0004915,0.000454326,1522.880515,-0.171553095,-0.790966648,0.587317034
0.000259458,0.0004915,0.0004795,1716.977038,-0.140492767,-0.782444419,-0.606665075
0.000284974,5.10E-06,1.20E-06,1277.17988,-0.632179837,0.753025158,-0.182487711
0.000284974,5.10E-06,2.64E-05,1394.92826,-0.523108023,0.750398058,0.404055382
0.000284974,5.10E-06,5.15E-05,1602.426132,-0.419396016,0.796009526,0.436435352
0.000284974,5.10E-06,7.67E-05,1877.793803,-0.34801761,0.8497769,0.395933028
0.000284974,5.10E-06,0.000101895,2168.634005,-0.321986223,0.895831531,0.306285389
0.000284974,5.10E-06,0.000127068,2413.085373,-0.313796223,0.930225326,0.190296541
0.000284974,5.10E-06,0.000152242,2554.298643,-0.28788952,0.955070355,0.070428984
0.000284974,5.10E-06,0.000177416,2570.952583,-0.232289332,0.972276161,-0.026846486
0.000284974,5.10E-06,0.000202589,2489.937189,-0.175903679,0.980445723,-0.088227436
0.000284974,5.10E-06,0.000227763,2356.863144,-0.130307774,0.984175686,-0.120075408
0.000284974,5.10E-06,0.000252937,2210.29845,-0.08878771,0.987902435,-0.127143701
0.000284974,5.10E-06,0.000278111,2075.494877,-0.047906343,0.991636314,-0.11984324
0.000284974,5.10E-06,0.000303284,1963.083567,-0.000236216,0.993921858,-0.110087619
0.000284974,5.10E-06,0.000328458,1870.858142,0.067361994,0.99181817,-0.108439291
0.000284974,5.10E-06,0.000353632,1790.122935,0.180556877,0.975786497,-0.123450098
0.000284974,5.10E-06,0.000378805,1712.065103,0.388023118,0.907467519,-0.161061362
0.000284974,5.10E-06,0.000403979,1632.751451,0.719607579,0.664020378,-0.203080946
0.000284974,5.10E-06,0.000429153,1557.57647,0.965119551,0.197124733,-0.172296525
0.000284974,5.10E-06,0.000454326,1503.301382,0.984977647,-0.156563571,-0.072848353
0.000284974,5.10E-06,0.0004795,1492.308717,0.926885848,-0.307227947,-0.215623775
0.000284974,3.07E-05,1.20E-06,1101.712722,-0.663044847,-0.721439016,-0.199743029
0.000284974,3.07E-05,2.64E-05,1209.188906,-0.625006575,-0.598253904,0.501456926
0.000284974,3.07E-05,5.15E-05,1409.914093,-0.564438704,-0.531814008,0.631334151
0.000284974,3.07E-05,7.67E-05,1683.706915,-0.542776642,-0.505542181,0.670686678
0.000284974,3.07E-05,0.000101895,1979.13781,-0.600462787,-0.504750911,0.620218478
0.000284974,3.07E-05,0.000127068,2232.154886,-0.713343645,-0.521634308,0.468015483
0.000284974,3.07E-05,0.000152242,2381.346812,-0.803579746,-0.554788974,0.215566199
0.000284974,3.07E-05,0.000177416,2401.347812,-0.793690204,-0.60124035,-0.092552159
0.000284974,3.07E-05,0.000202589,2317.530333,-0.679409757,-0.639031986,-0.36061129
0.000284974,3.07E-05,0.000227763,2176.083018,-0.531243153,-0.679395617,-0.506164308
0.000284974,3.07E-05,0.000252937,2019.600486,-0.397009382,-0.747572356,-0.532465138
0.000284974,3.07E-05,0.000278111,1881.108518,-0.269245927,-0.828919431,-0.490305219
0.000284974,3.07E-05,0.000303284,1773.538698,-0.104621811,-0.893518505,-0.436668018
0.000284974,3.07E-05,0.000328458,1688.028234,0.130668348,-0.910010575,-0.393454618
0.000284974,3.07E-05,0.000353632,1610.094861,0.392814114,-0.847262987,-0.357550701
0.000284974,3.07E-05,0.000378805,1529.094166,0.604300529,-0.732402352,-0.313699961
0.000284974,3.07E-05,0.000403979,1442.506767,0.744669775,-0.618488999,-0.250875039
0.000284974,3.07E-05,0.000429153,1360.376011,0.835565358,-0.524110321,-0.164738899
0.000284974,3.07E-05,0.000454326,1305.416477,0.89334422,-0.445524536,-0.058685541
0.000284974,3.07E-05,0.0004795,1303.131416,0.906564841,-0.377248233,-0.189272183
0.000284974,5.63E-05,1.20E-06,932.1288408,-0.571470612,-0.808862831,-0.138427815
0.000284974,5.63E-05,2.64E-05,1021.007431,-0.510634049,-0.712748302,0.480877039
0.000284974,5.63E-05,5.15E-05,1195.9394,-0.447396844,-0.657253521,0.606509582
0.000284974,5.63E-05,7.67E-05,1441.464993,-0.424002964,-0.643623661,0.637157806
0.000284974,5.63E-05,0.000101895,1714.733119,-0.461145299,-0.661603807,0.591291312
0.000284974,5.63E-05,0.000127068,1957.204996,-0.542167451,-0.700946385,0.463388196
0.000284974,5.63E-05,0.000152242,2111.483418,-0.617493062,-0.747123109,0.245986543
0.000284974,5.63E-05,0.000177416,2149.365208,-0.630183423,-0.775420871,-0.039891446
0.000284974,5.63E-05,0.000202589,2083.989768,-0.564996385,-0.762107454,-0.316182407
0.000284974,5.63E-05,0.000227763,1950.196622,-0.467839322,-0.738467055,-0.485584985
0.000284974,5.63E-05,0.000252937,1789.145629,-0.387098081,-0.770994344,-0.505690417
0.000284974,5.63E-05,0.000278111,1652.45319,-0.318123211,-0.846625727,-0.426640951
0.000284974,5.63E-05,0.000303284,1561.308223,-0.211798817,-0.905352998,-0.36807229
0.000284974,5.63E-05,0.000328458,1486.431458,-0.024025493,-0.931143952,-0.363859474
0.000284974,5.63E-05,0.000353632,1407.129981,0.20461958,-0.902824728,-0.378204096
0.000284974,5.63E-05,0.000378805,1314.167236,0.415695082,-0.833993555,-0.36283929
0.000284974,5.63E-05,0.000403979,1209.762008,0.58201078,-0.757438828,-0.295888278
0.000284974,5.63E-05,0.000429153,1114.042965,0.708524773,-0.682239917,-0.180392189
0.000284974,5.63E-05,0.000454326,1061.356417,0.802314281,-0.59577688,-0.036629265
0.000284974,5.63E-05,0.0004795,1079.420351,0.857619233,-0.498351752,-0.127022763
0.000284974,8.19E-05,1.20E-06,754.6135152,-0.39854015,-0.915135403,0.06076959
0.000284974,8.19E-05,2.64E-05,811.5512451,-0.320515865,-0.86754921,0.380299814
0.000284974,8.19E-05,5.15E-05,946.5625557,-0.25824878,-0.811986719,0.523435894
0.000284974,8.19E-05,7.67E-05,1150.773577,-0.235485765,-0.784736107,0.573354774
0.000284974,8.19E-05,0.000101895,1392.296739,-0.255375192,-0.789503122,0.558093479
0.000284974,8.19E-05,0.000127068,1621.845174,-0.308286025,-0.821766891,0.479227402
0.000284974,8.19E-05,0.000152242,1787.823921,-0.374822425,-0.869711289,0.321108117
0.000284974,8.19E-05,0.000177416,1857.86814,-0.428058802,-0.901290257,0.066644835
0.000284974,8.19E-05,0.000202589,1829.336226,-0.439330117,-0.862603817,-0.250806107
0.000284974,8.19E-05,0.000227763,1720.096965,-0.412319074,-0.756438144,-0.507734493
0.000284974,8.19E-05,0.000252937,1557.962174,-0.417613773,-0.704680346,-0.573606438
0.000284974,8.19E-05,0.000278111,1421.331631,-0.444453256,-0.777940078,-0.444151481
0.000284974,8.19E-05,0.000303284,1358.25685,-0.346084017,-0.872800138,-0.344159517
0.000284974,8.19E-05,0.000328458,1286.792675,-0.178129073,-0.89354884,-0.412117099
0.000284974,8.19E-05,0.000353632,1191.912712,0.007200604,-0.882005113,-0.471184818
0.000284974,8.19E-05,0.000378805,1067.757202,0.182033256,-0.861649588,-0.473733977
0.000284974,8.19E-05,0.000403979,921.5367246,0.334473078,-0.855887854,-0.39444105
0.000284974,8.19E-05,0.000429153,789.6037706,0.468034691,-0.854342572,-0.225925424
0.000284974,8.19E-05,0.000454326,732.7411354,0.596065146,-0.80293297,-0.00223328
0.000284974,8.19E-05,0.0004795,787.5433937,0.726792732,-0.68645909,0.023371823
0.000284974,0.0001075,1.20E-06,564.4695619,-0.182529812,-0.913901716,0.362583123
0.000284974,0.0001075,2.64E-05,575.7131293,-0.086313562,-0.976664208,0.196664675
0.000284974,0.0001075,5.15E-05,660.8047829,-0.01919162,-0.922043835,0.386609427
0.000284974,0.0001075,7.67E-05,821.0685063,0.004500469,-0.872287552,0.488972568
0.000284974,0.0001075,0.000101895,1037.049468,-0.004345987,-0.845942726,0.533256052
0.000284974,0.0001075,0.000127068,1267.479123,-0.036444389,-0.849175921,0.52685108
0.000284974,0.0001075,0.000152242,1461.39673,-0.086950808,-0.886608487,0.454274089
0.000284974,0.0001075,0.000177416,1578.454476,-0.158952076,-0.950239446,0.267916464
0.000284974,0.0001075,0.000202589,1602.125394,-0.254392746,-0.962115169,-0.098075138
0.000284974,0.0001075,0.000227763,1539.048552,-0.339308391,-0.78871687,-0.51263585
0.000284974,0.0001075,0.000252937,1415.894156,-0.432794027,-0.576306648,-0.693224334
0.000284974,0.0001075,0.000278111,1296.741728,-0.526434874,-0.546544354,-0.651272288
0.000284974,0.0001075,0.000303284,1214.334759,-0.452051725,-0.689260987,-0.566187717
0.000284974,0.0001075,0.000328458,1119.657619,-0.301778843,-0.735827486,-0.606207424
0.000284974,0.0001075,0.000353632,990.1766441,-0.151486878,-0.740172526,-0.655130794
0.000284974,0.0001075,0.000378805,814.0665451,-0.023566261,-0.7512918,-0.659549287
0.000284974,0.0001075,0.000403979,595.9825284,0.072775884,-0.811555837,-0.579724757
0.000284974,0.0001075,0.000429153,388.0173041,0.147954348,-0.927186016,-0.344144742
0.000284974,0.0001075,0.000454326,308.0424398,0.266410193,-0.962891117,0.043200761
0.000284974,0.0001075,0.0004795,426.1224106,0.48372916,-0.820982492,0.303304876
0.000284974,0.0001331,1.20E-06,371.1802911,-0.000152953,-0.82946445,0.558559489
0.000284974,0.0001331,2.64E-05,325.0351675,0.1586277,-0.986513397,-0.040355544
0.000284974,0.0001331,5.15E-05,351.4927773,0.243304778,-0.943869169,0.223413914
0.000284974,0.0001331,7.67E-05,468.2168684,0.26924187,-0.873834867,0.40487213
0.000284974,0.0001331,0.000101895,672.1303191,0.263803478,-0.807477044,0.527625387
0.000284974,0.0001331,0.000127068,926.3015319,0.246282504,-0.759076112,0.602617943
0.000284974,0.0001331,0.000152242,1170.613753,0.229830078,-0.745713578,0.625371406
0.000284974,0.0001331,0.000177416,1350.282411,0.218993683,-0.793289536,0.568096364
0.000284974,0.0001331,0.000202589,1436.218315,0.187439284,-0.936563115,0.296168951
0.000284974,0.0001331,0.000227763,1428.718218,-0.016171157,-0.870544618,-0.491823709
0.000284974,0.0001331,0.000252937,1353.110905,-0.264843169,-0.355809458,-0.896246465
0.000284974,0.0001331,0.000278111,1249.319511,-0.385381445,-0.20863018,-0.898862943
0.000284974,0.0001331,0.000303284,1139.028846,-0.400910033,-0.325728032,-0.856254866
0.000284974,0.0001331,0.000328458,1010.096977,-0.329941049,-0.413349149,-0.848693929
0.000284974,0.0001331,0.000353632,840.8062699,-0.230945774,-0.446185017,-0.864628811
0.000284974,0.0001331,0.000378805,611.1269123,-0.154653333,-0.466076861,-0.87112267
0.000284974,0.0001331,0.000403979,315.0105607,-0.145481493,-0.525090702,-0.838519463
0.000284974,0.0001331,0.000429153,0.70540954,-0.281994305,-0.723721279,-0.629846586
0.000284974,0.0001331,0.000454326,-130.9573212,-0.383591187,-0.914528673,0.128433279
0.000284974,0.0001331,0.0004795,81.69464959,0.135360021,-0.672853623,0.72728651
0.000284974,0.0001587,1.20E-06,196.9876587,0.18776315,-0.893967725,0.406898889
0.000284974,0.0001587,2.64E-05,86.29072447,0.403092586,-0.859377784,-0.31462071
0.000284974,0.0001587,5.15E-05,45.65300127,0.530109938,-0.846564753,0.048078814
0.000284974,0.0001587,7.67E-05,117.317477,0.552879276,-0.76339782,0.333988436
0.000284974,0.0001587,0.000101895,324.1251352,0.526655715,-0.654652538,0.542276508
0.000284974,0.0001587,0.000127068,628.9404862,0.492950483,-0.541346154,0.681134468
0.000284974,0.0001587,0.000152242,947.2660893,0.487121846,-0.442801697,0.752754253
0.000284974,0.0001587,0.000177416,1201.283355,0.540920386,-0.362569688,0.758912615
0.000284974,0.0001587,0.000202589,1349.890551,0.711226803,-0.281462521,0.644154705
0.000284974,0.0001587,0.000227763,1389.454437,0.996175041,-0.072469292,-0.048820984
0.000284974,0.0001587,0.000252937,1343.466818,0.368599484,0.179783707,-0.912037411
0.000284974,0.0001587,0.000278111,1246.210819,-0.025002576,0.142243037,-0.989515937
0.000284974,0.0001587,0.000303284,1121.790953,-0.187487871,0.044842746,-0.981242797
0.000284974,0.0001587,0.000328458,971.9511029,-0.226699812,-0.021812659,-0.973720393
0.000284974,0.0001587,0.000353632,780.8045597,-0.199480369,-0.043643744,-0.978929418
0.000284974,0.0001587,0.000378805,527.9859174,-0.177277637,-0.03768431,-0.983439135
0.000284974,0.0001587,0.000403979,207.2559917,-0.231467385,-0.004345605,-0.972832959
0.000284974,0.0001587,0.000429153,-133.0974035,-0.54720205,0.08919323,-0.832234633
0.000284974,0.0001587,0.000454326,-278.4200836,-0.96639042,0.179392634,0.184140813
0.000284974,0.0001587,0.0004795,-46.3005551,-0.143661117,0.03422886,0.989034817
0.000284974,0.0001843,1.20E-06,74.94043826,0.352325558,-0.580809646,-0.733843891
0.000284974,0.0001843,2.64E-05,-95.33162334,0.615620789,-0.516239328,-0.595405744
0.000284974,0.0001843,5.15E-05,-204.0735813,0.831684128,-0.539820543,-0.129981893
0.000284974,0.0001843,7.67E-05,-179.0664492,0.840768342,-0.466527192,0.27470161
0.000284974,0.0001843,0.000101895,44.02377503,0.751179996,-0.353458577,0.557490492
0.000284974,0.0001843,0.000127068,422.6598352,0.651030447,-0.223642745,0.725357346
0.000284974,0.0001843,0.000152242,828.2360135,0.612646,-0.09699584,0.784382997
0.000284974,0.0001843,0.000177416,1154.671505,0.659932693,0.034424863,0.750535655
0.000284974,0.0001843,0.000202589,1352.604804,0.794346325,0.196293255,0.574876399
0.000284974,0.0001843,0.000227763,1419.021424,0.920545973,0.377970452,0.098658246
0.000284974,0.0001843,0.000252937,1381.825728,0.726757856,0.41154568,-0.549957427
0.000284974,0.0001843,0.000278111,1281.725092,0.376399837,0.314517232,-0.871436787
0.000284974,0.0001843,0.000303284,1151.774758,0.125916288,0.259725848,-0.957438025
0.000284974,0.0001843,0.000328458,1002.32906,-0.001285458,0.281838724,-0.959460933
0.000284974,0.0001843,0.000353632,820.6777094,-0.037037538,0.335900949,-0.941168834
0.000284974,0.0001843,0.000378805,588.7769672,-0.060675486,0.39697681,-0.915820887
0.000284974,0.0001843,0.000403979,312.0075189,-0.126150546,0.517271178,-0.846473017
0.000284974,0.0001843,0.000429153,53.63834774,-0.247388347,0.776679363,-0.579282463
0.000284974,0.0001843,0.000454326,-44.96658039,-0.276891512,0.957710918,0.078236101
0.000284974,0.0001843,0.0004795,98.42635797,-0.053184356,0.955552891,0.289982924
0.000284974,0.0002099,1.20E-06,41.03854054,0.135146382,0.075211834,-0.98796692
0.000284974,0.0002099,2.64E-05,-159.7218341,0.665743454,0.063536604,-0.743470748
0.000284974,0.0002099,5.15E-05,-307.990644,0.973972888,0.027876425,-0.224943811
0.000284974,0.0002099,7.67E-05,-311.1630407,0.9724525,0.020349204,0.232211207
0.000284974,0.0002099,0.000101895,-63.84047226,0.840874001,0.052409056,0.538687485
0.000284974,0.0002099,0.000127068,383.0568643,0.690750108,0.113498174,0.714130558
0.000284974,0.0002099,0.000152242,855.2134749,0.637347922,0.189850489,0.746822882
0.000284974,0.0002099,0.000177416,1225.741917,0.688148694,0.282180263,0.668450204
0.000284974,0.0002099,0.000202589,1441.682219,0.812788053,0.378520233,0.442829554
0.000284974,0.0002099,0.000227763,1503.298814,0.910503394,0.413269522,0.013851758
0.000284974,0.0002099,0.000252937,1447.948726,0.82857448,0.31436939,-0.463288481
0.000284974,0.0002099,0.000278111,1330.646461,0.641092653,0.186248829,-0.744521043
0.000284974,0.0002099,0.000303284,1198.866732,0.484778733,0.185904933,-0.854651353
0.000284974,0.0002099,0.000328458,1070.856926,0.374734867,0.365188464,-0.852180242
0.000284974,0.0002099,0.000353632,930.8998626,0.287965952,0.549351645,-0.7844032
0.000284974,0.0002099,0.000378805,752.2109346,0.196532874,0.650311558,-0.733804952
0.000284974,0.0002099,0.000403979,539.8118792,0.091140676,0.758556922,-0.645201344
0.000284974,0.0002099,0.000429153,353.6249321,0.001922872,0.91323312,-0.407432903
0.000284974,0.0002099,0.000454326,279.1278284,-0.019291138,0.999809285,0.003040555
0.000284974,0.0002099,0.0004795,355.5088479,0.057715893,0.907139582,-0.416853276
0.000284974,0.0002355,1.20E-06,114.8281094,-0.038077331,0.322904695,-0.945665202
0.000284974,0.0002355,2.64E-05,-64.99864584,0.433019217,0.658377832,-0.61565655
0.000284974,0.0002355,5.15E-05,-184.988225,0.780082664,0.611868258,-0.130722117
0.000284974,0.0002355,7.67E-05,-157.3086748,0.829081824,0.489274677,0.270617107
0.000284974,0.0002355,0.000101895,112.7084259,0.735001283,0.421619161,0.531046512
0.000284974,0.0002355,0.000127068,571.2005294,0.629208952,0.394718014,0.669547447
0.000284974,0.0002355,0.000152242,1046.083514,0.616865497,0.401349993,0.677048847
0.000284974,0.0002355,0.000177416,1406.436665,0.705456897,0.432073854,0.561820925
0.000284974,0.0002355,0.000202589,1593.871686,0.854163463,0.438539944,0.2794414
0.000284974,0.0002355,0.000227763,1609.149897,0.931927758,0.323542837,-0.163800752
0.000284974,0.0002355,0.000252937,1500.964862,0.842553306,0.080138193,-0.532617872
0.000284974,0.0002355,0.000278111,1345.090479,0.725148868,-0.148754819,-0.672332599
0.000284974,0.0002355,0.000303284,1209.241525,0.724604714,-0.229278193,-0.649907316
0.000284974,0.0002355,0.000328458,1119.106749,0.839207488,0.013613023,-0.543640946
0.000284974,0.0002355,0.000353632,1047.618581,0.779140571,0.407321538,-0.476475745
0.000284974,0.0002355,0.000378805,941.2358755,0.586172146,0.618102202,-0.523786105
0.000284974,0.0002355,0.000403979,788.5571537,0.361418744,0.769969004,-0.525855707
0.000284974,0.0002355,0.000429153,647.8391062,0.187922934,0.914985305,-0.357053024
0.000284974,0.0002355,0.000454326,585.0021263,0.102377665,0.993928151,-0.040319292
0.000284974,0.0002355,0.0004795,625.3211908,0.076871171,0.733219974,-0.675632513
0.000284974,0.0002611,1.20E-06,280.745415,-0.241476782,0.452220168,-0.858595297
0.000284974,0.0002611,2.64E-05,166.3288908,-0.017027827,0.960378409,-0.278178656
0.000284974,0.0002611,5.15E-05,131.4001191,0.33684469,0.936802551,0.094533776
0.000284974,0.0002611,7.67E-05,236.1863339,0.479788457,0.795318642,0.370501409
0.000284974,0.0002611,0.000101895,524.347322,0.501718241,0.673485851,0.542858743
0.000284974,0.0002611,0.000127068,942.6275814,0.511029763,0.590508373,0.624618638
0.000284974,0.0002611,0.000152242,1358.720713,0.581122274,0.549206304,0.600557523
0.000284974,0.0002611,0.000177416,1654.158144,0.735495839,0.52262335,0.431173636
0.000284974,0.0002611,0.000202589,1765.196674,0.906120286,0.420239712,0.048421196
0.000284974,0.0002611,0.000227763,1689.918176,0.89582078,0.148164053,-0.418989908
0.000284974,0.0002611,0.000252937,1488.352195,0.729748372,-0.196157794,-0.654972849
0.000284974,0.0002611,0.000278111,1265.009081,0.602109088,-0.501244265,-0.62146507
0.000284974,0.0002611,0.000303284,1117.792717,0.622981971,-0.675403502,-0.394618263
0.000284974,0.0002611,0.000328458,1074.972578,0.827291853,-0.555702782,-0.082356588
0.000284974,0.0002611,0.000353632,1085.530164,0.99078538,-0.132421291,-0.028441751
0.000284974,0.0002611,0.000378805,1063.097716,0.938860831,0.249489405,-0.237266467
0.000284974,0.0002611,0.000403979,976.6848372,0.668982333,0.618393224,-0.412374173
0.000284974,0.0002611,0.000429153,884.0895508,0.3500159,0.886429909,-0.302871072
0.000284974,0.0002611,0.000454326,843.6271947,0.160271463,0.986850899,-0.0209371
0.000284974,0.0002611,0.0004795,874.3991544,0.059244218,0.632908074,-0.771956924
0.000284974,0.0002867,1.20E-06,494.0828019,-0.481275687,0.482283491,-0.73196745
0.000284974,0.0002867,2.64E-05,459.3296751,-0.455032877,0.889609193,0.039250026
0.000284974,0.0002867,5.15E-05,519.0024906,-0.133449141,0.941411416,0.309735166
0.000284974,0.0002867,7.67E-05,700.4767958,0.102616732,0.867720225,0.486344958
0.000284974,0.0002867,0.000101895,1003.981679,0.244486462,0.773968886,0.584122019
0.000284974,0.0002867,0.000127068,1373.367456,0.3662107,0.700014431,0.613081984
0.000284974,0.0002867,0.000152242,1707.793436,0.535845189,0.651424649,0.537136723
0.000284974,0.0002867,0.000177416,1907.467742,0.775878601,0.577150294,0.254774281
0.000284974,0.0002867,0.000202589,1909.483067,0.899124495,0.33531734,-0.281313746
0.000284974,0.0002867,0.000227763,1708.706103,0.728666197,-0.02207058,-0.684513303
0.000284974,0.0002867,0.000252937,1371.553775,0.513545874,-0.359623904,-0.779064364
0.000284974,0.0002867,0.000278111,1041.153317,0.367364735,-0.707106142,-0.604188758
0.000284974,0.0002867,0.000303284,878.4789666,0.368074664,-0.90350321,-0.219551797
0.000284974,0.0002867,0.000328458,897.7278928,0.531227759,-0.818921794,0.217173117
0.000284974,0.0002867,0.000353632,991.3943853,0.754379561,-0.559685255,0.343021709
0.000284974,0.0002867,0.000378805,1057.626692,0.952814869,-0.239430414,0.186592877
0.000284974,0.0002867,0.000403979,1061.542472,0.930554645,0.362446803,-0.051965059
0.000284974,0.0002867,0.000429153,1043.861383,0.431921813,0.900931546,-0.042022582
0.000284974,0.0002867,0.000454326,1049.485051,0.115939548,0.983785292,0.13683757
0.000284974,0.0002867,0.0004795,1094.629178,0.006168818,0.592441032,-0.805590199
0.000284974,0.0003123,1.20E-06,706.4245149,-0.696105203,0.411344614,-0.588415801
0.000284974,0.0003123,2.64E-05,740.7033378,-0.739155363,0.637293686,0.21795896
0.000284974,0.0003123,5.15E-05,876.7569059,-0.519527429,0.731504285,0.441579814
0.000284974,0.0003123,7.67E-05,1116.123356,-0.274144417,0.75943475,0.590003135
0.000284974,0.0003123,0.000101895,1431.034785,-0.055481102,0.74834043,0.660990505
0.000284974,0.0003123,0.000127068,1759.845992,0.163697665,0.736911966,0.655868759
0.000284974,0.0003123,0.000152242,2017.432353,0.456186027,0.735553377,0.500854808
0.000284974,0.0003123,0.000177416,2118.79119,0.79262664,0.609399833,-0.019361129
0.000284974,0.0003123,0.000202589,2006.126637,0.740228697,0.219023813,-0.635680774
0.000284974,0.0003123,0.000227763,1672.28014,0.492019666,-0.076126419,-0.867249339
0.000284974,0.0003123,0.000252937,1174.984654,0.286501525,-0.299337377,-0.910117581
0.000284974,0.0003123,0.000278111,678.1714308,0.101200674,-0.668893068,-0.736437701
0.000284974,0.0003123,0.000303284,517.5705494,0.087434738,-0.994309042,-0.060866206
0.000284974,0.0003123,0.000328458,641.9776596,0.25061927,-0.794734617,0.552799123
0.000284974,0.0003123,0.000353632,820.2158706,0.390656295,-0.628572497,0.672520836
0.000284974,0.0003123,0.000378805,971.5614331,0.5252611,-0.46079324,0.715381274
0.000284974,0.0003123,0.000403979,1074.321294,0.564247165,0.063861096,0.823132369
0.000284974,0.0003123,0.000429153,1146.969035,0.157112073,0.782363035,0.602680577
0.000284974,0.0003123,0.000454326,1214.800264,-0.080880147,0.901977141,0.42414106
0.000284974,0.0003123,0.0004795,1289.765949,-0.095349232,0.581165728,-0.808180005
0.000284974,0.0003379,1.20E-06,884.4169484,-0.825805931,0.29019601,-0.483560585
0.000284974,0.0003379,2.64E-05,965.8015301,-0.877420891,0.388366653,0.281609522
0.000284974,0.0003379,5.15E-05,1151.440952,-0.755539134,0.450474774,0.475639669
0.000284974,0.0003379,7.67E-05,1426.009307,-0.591633272,0.505778722,0.627820003
0.000284974,0.0003379,0.000101895,1745.114343,-0.404255203,0.556466523,0.725894441
0.000284974,0.0003379,0.000127068,2043.381661,-0.170311312,0.635510934,0.753073641
0.000284974,0.0003379,0.000152242,2243.866121,0.246700275,0.806308459,0.537592451
0.000284974,0.0003379,0.000177416,2269.346356,0.678822264,0.584164533,-0.444918119
0.000284974,0.0003379,0.000202589,2065.933819,0.48574806,0.128951155,-0.864534801
0.000284974,0.0003379,0.000227763,1634.513634,0.308175575,-0.046392051,-0.95019766
0.000284974,0.0003379,0.000252937,1039.054649,0.148736525,-0.112541219,-0.982451994
0.000284974,0.0003379,0.000278111,433.9237854,-0.128589379,-0.184659555,-0.97435395
0.000284974,0.0003379,0.000303284,277.2053053,-0.491214318,-0.865265884,0.100117149
0.000284974,0.0003379,0.000328458,455.2598239,0.028577199,-0.492988559,0.869566343
0.000284974,0.0003379,0.000353632,678.1317206,0.106442549,-0.418944876,0.901751171
0.000284974,0.0003379,0.000378805,891.1798151,0.093369296,-0.273582847,0.957305907
0.000284974,0.0003379,0.000403979,1075.381586,-0.028701319,0.062129764,0.997655315
0.000284974,0.0003379,0.000429153,1229.310866,-0.212735626,0.483583857,0.849052535
0.000284974,0.0003379,0.000454326,1358.299223,-0.316832227,0.712104091,0.626518239
0.000284974,0.0003379,0.0004795,1466.39538,-0.239355076,0.553771636,-0.797524999
0.000284974,0.0003635,1.20E-06,1011.930159,-0.875244327,0.171494897,-0.452257524
0.000284974,0.0003635,2.64E-05,1115.191493,-0.936592611,0.197870039,0.289208796
0.000284974,0.0003635,5.15E-05,1319.997518,-0.8662445,0.20227174,0.456844186
0.000284974,0.0003635,7.67E-05,1602.492679,-0.775937175,0.200409805,0.598128257
0.000284974,0.0003635,0.000101895,1912.323784,-0.677024196,0.191450518,0.710622921
0.000284974,0.0003635,0.000127068,2187.865164,-0.571758665,0.197750262,0.79623292
0.000284974,0.0003635,0.000152242,2362.085167,-0.462277745,0.428539835,0.776307218
0.000284974,0.0003635,0.000177416,2356.367469,0.259489363,0.347638179,-0.901006641
0.000284974,0.0003635,0.000202589,2102.419754,0.239091505,0.048332921,-0.96979337
0.000284974,0.0003635,0.000227763,1621.295172,0.183607202,-0.054368642,-0.981495006
0.000284974,0.0003635,0.000252937,1035.126391,0.110339749,-0.023747608,-0.993610181
0.000284974,0.0003635,0.000278111,531.3405793,-0.008271172,0.203350648,-0.97907104
0.000284974,0.0003635,0.000303284,330.050341,-0.314547293,0.6306615,-0.709454771
0.000284974,0.0003635,0.000328458,410.8286829,-0.125109064,-0.126199046,0.984084104
0.000284974,0.0003635,0.000353632,614.2619142,-0.076049714,-0.169393499,0.982609935
0.000284974,0.0003635,0.000378805,856.111132,-0.126507095,-0.072747486,0.989294576
0.000284974,0.0003635,0.000403979,1095.735275,-0.238626393,0.112766551,0.964541938
0.000284974,0.0003635,0.000429153,1310.835633,-0.377114804,0.336906434,0.862715758
0.000284974,0.0003635,0.000454326,1488.835327,-0.484707448,0.52452164,0.699954098
0.000284974,0.0003635,0.0004795,1624.384529,-0.385461921,0.467522786,-0.795513389
0.000284974,0.0003891,1.20E-06,1080.771532,-0.866980204,0.059915803,-0.494727625
0.000284974,0.0003891,2.64E-05,1180.143597,-0.961637878,0.034678334,0.272121304
0.000284974,0.0003891,5.15E-05,1370.851632,-0.907733153,-0.021201357,0.419011963
0.000284974,0.0003891,7.67E-05,1627.836101,-0.838008186,-0.107194943,0.535024788
0.000284974,0.0003891,0.000101895,1905.491616,-0.754389929,-0.23297293,0.613693285
0.000284974,0.0003891,0.000127068,2156.974848,-0.65188229,-0.402425286,0.642731179
0.000284974,0.0003891,0.000152242,2338.4586,-0.587809971,-0.627748882,0.510304595
0.000284974,0.0003891,0.000177416,2371.230539,-0.384837222,-0.445936406,-0.808109543
0.000284974,0.0003891,0.000202589,2103.189034,0.003838398,-0.165704646,-0.986167956
0.000284974,0.0003891,0.000227763,1574.391084,0.073323883,-0.213450886,-0.9741983
0.000284974,0.0003891,0.000252937,1012.563218,0.0705244,-0.171854636,-0.982594674
0.000284974,0.0003891,0.000278111,582.8463493,0.024897773,-0.043768802,-0.998731392
0.000284974,0.0003891,0.000303284,386.1471467,-0.156537334,0.137363402,-0.978073289
0.000284974,0.0003891,0.000328458,418.1952682,-0.211115459,-0.05637399,0.975834123
0.000284974,0.0003891,0.000353632,600.06888,-0.154851451,-0.063189375,0.98591487
0.000284974,0.0003891,0.000378805,855.1752302,-0.204614159,-0.003539307,0.978836309
0.000284974,0.0003891,0.000403979,1129.444658,-0.311469587,0.094246538,0.945570879
0.000284974,0.0003891,0.000429153,1385.423432,-0.45498778,0.214734333,0.864219467
0.000284974,0.0003891,0.000454326,1597.241121,-0.595125774,0.336737288,0.72968028
0.000284974,0.0003891,0.0004795,1751.41877,-0.487177755,0.3129249,-0.81531334
0.000284974,0.0004147,1.20E-06,1082.288203,-0.799263664,-0.060902239,-0.597886705
0.000284974,0.0004147,2.64E-05,1152.784477,-0.961667141,-0.153934315,0.226937297
0.000284974,0.0004147,5.15E-05,1296.96135,-0.894128539,-0.272309922,0.355501706
0.000284974,0.0004147,7.67E-05,1493.560796,-0.790133823,-0.430328633,0.436469713
0.000284974,0.0004147,0.000101895,1708.048021,-0.645146742,-0.610816432,0.459008679
0.000284974,0.0004147,0.000127068,1912.186053,-0.466111464,-0.772071569,0.432024994
0.000284974,0.0004147,0.000152242,2094.056023,-0.316449957,-0.879584953,0.355231947
0.000284974,0.0004147,0.000177416,2224.340811,-0.309837862,-0.938029326,-0.155246522
0.000284974,0.0004147,0.000202589,1966.260296,-0.131208178,-0.645456466,-0.752442931
0.000284974,0.0004147,0.000227763,1378.287741,0.01239335,-0.493017252,-0.869931258
0.000284974,0.0004147,0.000252937,858.7695366,0.040006015,-0.458625735,-0.887728536
0.000284974,0.0004147,0.000278111,503.4233679,0.020668389,-0.468946643,-0.882984634
0.000284974,0.0004147,0.000303284,353.566014,-0.078999701,-0.807005956,-0.585235367
0.000284974,0.0004147,0.000328458,398.2611259,-0.130282237,-0.35236467,0.926750062
0.000284974,0.0004147,0.000353632,585.7806443,-0.12819428,-0.128263543,0.983419895
0.000284974,0.0004147,0.000378805,854.1645827,-0.191633793,-0.056623042,0.979831782
0.000284974,0.0004147,0.000403979,1149.480973,-0.310658564,-0.002352321,0.95051866
0.000284974,0.0004147,0.000429153,1429.038378,-0.472979816,0.053389539,0.879454178
0.000284974,0.0004147,0.000454326,1660.597426,-0.644140646,0.112068226,0.756652853
0.000284974,0.0004147,0.0004795,1825.967348,-0.513294174,0.112837185,-0.850762517
0.000284974,0.0004403,1.20E-06,1011.038169,-0.656848131,-0.187374469,-0.730370687
0.000284974,0.0004403,2.64E-05,1032.062209,-0.9049852,-0.407283133,0.122972502
0.000284974,0.0004403,5.15E-05,1105.40063,-0.783162102,-0.57771305,0.230010334
0.000284974,0.0004403,7.67E-05,1215.66958,-0.603596578,-0.748774586,0.273875503
0.000284974,0.0004403,0.000101895,1338.980511,-0.403539291,-0.878724692,0.254948928
0.000284974,0.0004403,0.000127068,1455.457879,-0.22516758,-0.953514862,0.200272238
0.000284974,0.0004403,0.000152242,1552.447064,-0.101770562,-0.98919242,0.105551454
0.000284974,0.0004403,0.000177416,1585.987569,-0.051254919,-0.990519299,-0.127453723
0.000284974,0.0004403,0.000202589,1365.141761,-0.002591495,-0.904134412,-0.427240271
0.000284974,0.0004403,0.000227763,936.1121993,0.055202476,-0.775554093,-0.628862891
0.000284974,0.0004403,0.000252937,552.9292075,0.07073104,-0.73546461,-0.673861208
0.000284974,0.0004403,0.000278111,309.9926531,0.067209168,-0.812408903,-0.579201781
0.000284974,0.0004403,0.000303284,238.6786686,0.068617223,-0.995421774,0.066536978
0.000284974,0.0004403,0.000328458,328.4084674,0.02189903,-0.51219781,0.858588281
0.000284974,0.0004403,0.000353632,539.6002245,-0.032938414,-0.255990344,0.966118008
0.000284974,0.0004403,0.000378805,822.0481507,-0.116555337,-0.178517427,0.977008895
0.000284974,0.0004403,0.000403979,1127.997881,-0.247111426,-0.153747081,0.956711962
0.000284974,0.0004403,0.000429153,1416.977546,-0.418391319,-0.147761966,0.896166896
0.000284974,0.0004403,0.000454326,1657.026062,-0.600608456,-0.148262972,0.785676507
0.000284974,0.0004403,0.0004795,1829.419236,-0.453967049,-0.089922088,-0.886469366
0.000284974,0.0004659,1.20E-06,874.2643712,-0.454986273,-0.285333518,-0.843547435
0.000284974,0.0004659,2.64E-05,834.9647443,-0.711358106,-0.698792078,-0.075228165
0.000284974,0.0004659,5.15E-05,827.9880414,-0.505125369,-0.862938485,0.013621061
0.000284974,0.0004659,7.67E-05,844.1395005,-0.275894051,-0.959869088,0.050336928
0.000284974,0.0004659,0.000101895,867.5807382,-0.092083969,-0.995075699,0.036672831
0.000284974,0.0004659,0.000127068,878.640224,0.031614748,-0.999378173,-0.015613319
0.000284974,0.0004659,0.000152242,850.0598311,0.107885607,-0.989077439,-0.100431644
0.000284974,0.0004659,0.000177416,744.0273967,0.150793878,-0.972129927,-0.179512148
0.000284974,0.0004659,0.000202589,567.6907096,0.175450761,-0.951298383,-0.253472716
0.000284974,0.0004659,0.000227763,359.6517679,0.187715086,-0.919234284,-0.346080016
0.000284974,0.0004659,0.000252937,163.8383996,0.189497294,-0.908726546,-0.371896275
0.000284974,0.0004659,0.000278111,55.17986633,0.206058767,-0.962949448,-0.173977427
0.000284974,0.0004659,0.000303284,73.39179157,0.222312706,-0.880821782,0.418007236
0.000284974,0.0004659,0.000328458,215.7038088,0.15791455,-0.535654199,0.82954058
0.000284974,0.0004659,0.000353632,452.7668576,0.080895303,-0.356221607,0.930893182
0.000284974,0.0004659,0.000378805,744.8328528,-0.011548168,-0.304135531,0.952558774
0.000284974,0.0004659,0.000403979,1052.254555,-0.137380832,-0.309479484,0.940929836
0.000284974,0.0004659,0.000429153,1340.333857,-0.293219852,-0.343533282,0.892192245
0.000284974,0.0004659,0.000454326,1581.448563,-0.455592566,-0.391965268,0.799248799
0.000284974,0.0004659,0.0004795,1759.329615,-0.33394784,-0.250964255,-0.908567985
0.000284974,0.0004915,1.20E-06,693.0727431,-0.247400998,0.346146107,-0.904972717
0.000284974,0.0004915,2.64E-05,594.9231687,-0.312044542,0.903638776,-0.293368654
0.000284974,0.0004915,5.15E-05,514.306548,-0.087270472,0.978121908,-0.188842255
0.000284974,0.0004915,7.67E-05,447.8952827,0.067189826,0.990004047,-0.124006106
0.000284974,0.0004915,0.000101895,386.9890104,0.153017877,0.98293372,-0.102111855
0.000284974,0.0004915,0.000127068,314.9864555,0.19886499,0.972921244,-0.11780055
0.000284974,0.0004915,0.000152242,204.2935256,0.230354735,0.959424138,-0.16261002
0.000284974,0.0004915,0.000177416,30.95010186,0.265800796,0.950325973,-0.161958273
0.000284974,0.0004915,0.000202589,-101.8732901,0.254840585,0.962350748,-0.094537373
0.000284974,0.0004915,0.000227763,-154.7388356,0.18795336,0.980861873,-0.05082835
0.000284974,0.0004915,0.000252937,-203.6454524,0.136534653,0.990394697,-0.021831937
0.000284974,0.0004915,0.000278111,-199.0990924,0.105979214,0.993152337,0.049161393
0.000284974,0.0004915,0.000303284,-105.3045446,0.093849589,0.98459845,0.147506432
0.000284974,0.0004915,0.000328458,79.28832301,0.089875181,0.96158946,0.259361066
0.000284974,0.0004915,0.000353632,333.6912885,0.082534257,0.919887811,0.383398634
0.000284974,0.0004915,0.000378805,627.400647,0.05738315,0.846332387,0.529555157
0.000284974,0.0004915,0.000403979,928.8157811,-0.008294429,0.699975794,0.714118401
0.000284974,0.0004915,0.000429153,1209.76384,-0.143238965,0.376547712,0.915256477
0.000284974,0.0004915,0.000454326,1448.063539,-0.307967843,-0.170833694,0.935933575
0.000284974,0.0004915,0.0004795,1630.773079,-0.200903467,-0.321788231,-0.925251388
0.000310489,5.10E-06,1.20E-06,1106.129748,-0.304086974,0.392314644,-0.868113087
0.000310489,5.10E-06,2.64E-05,1172.254602,-0.606037358,0.706394961,0.365684126
0.000310489,5.10E-06,5.15E-05,1361.796399,-0.459273534,0.742753936,0.487221112
0.000310489,5.10E-06,7.67E-05,1630.796034,-0.36145484,0.814026826,0.454654512
0.000310489,5.10E-06,0.000101895,1900.062702,-0.330833235,0.876839109,0.348858923
0.000310489,5.10E-06,0.000127068,2120.62475,-0.316753734,0.92122706,0.225849013
0.000310489,5.10E-06,0.000152242,2260.517402,-0.29144911,0.950525146,0.107514482
0.000310489,5.10E-06,0.000177416,2309.105219,-0.247347871,0.968869352,0.01054556
0.000310489,5.10E-06,0.000202589,2280.294106,-0.194929908,0.97931623,-0.054240685
0.000310489,5.10E-06,0.000227763,2203.165104,-0.143580656,0.985897228,-0.085972384
0.000310489,5.10E-06,0.000252937,2109.605324,-0.095290872,0.991397678,-0.089723425
0.000310489,5.10E-06,0.000278111,2025.800797,-0.04759823,0.996035122,-0.075156135
0.000310489,5.10E-06,0.000303284,1966.400626,0.008287343,0.998601183,-0.052220658
0.000310489,5.10E-06,0.000328458,1933.807874,0.087618308,0.995768935,-0.02769947
0.000310489,5.10E-06,0.000353632,1923.146548,0.211790811,0.977302522,-0.004942981
0.000310489,5.10E-06,0.000378805,1927.189145,0.3993912,0.916671885,0.014118237
0.000310489,5.10E-06,0.000403979,1939.287731,0.629673743,0.776368169,0.027630489
0.000310489,5.10E-06,0.000429153,1955.592549,0.821187868,0.569476573,0.036700384
0.000310489,5.10E-06,0.000454326,1976.519264,0.924187818,0.37897841,0.047457787
0.000310489,5.10E-06,0.0004795,2005.880857,0.754891898,0.200518789,-0.624444103
0.000310489,3.07E-05,1.20E-06,947.7155283,-0.279700333,-0.308217598,-0.909268737
0.000310489,3.07E-05,2.64E-05,1011.304322,-0.687449658,-0.542807709,0.482465293
0.000310489,3.07E-05,5.15E-05,1195.087671,-0.564349839,-0.465380369,0.681858029
0.000310489,3.07E-05,7.67E-05,1460.259646,-0.508875153,-0.463280137,0.72554641
0.000310489,3.07E-05,0.000101895,1731.844445,-0.561311334,-0.48599766,0.669877497
0.000310489,3.07E-05,0.000127068,1957.713759,-0.666480627,-0.522320019,0.531963694
0.000310489,3.07E-05,0.000152242,2101.704798,-0.761286155,-0.571320485,0.306653377
0.000310489,3.07E-05,0.000177416,2149.588617,-0.778474862,-0.627342489,0.020452162
0.000310489,3.07E-05,0.000202589,2113.212769,-0.691558112,-0.680566689,-0.242025535
0.000310489,3.07E-05,0.000227763,2021.946304,-0.543987839,-0.742227072,-0.391377317
0.000310489,3.07E-05,0.000252937,1912.114163,-0.385546065,-0.828728253,-0.405664534
0.000310489,3.07E-05,0.000278111,1818.360181,-0.22655125,-0.918684499,-0.323563477
0.000310489,3.07E-05,0.000303284,1758.479886,-0.030962822,-0.978862459,-0.202162289
0.000310489,3.07E-05,0.000328458,1729.280868,0.233831932,-0.968596391,-0.084520163
0.000310489,3.07E-05,0.000353632,1721.286499,0.50747602,-0.861648014,-0.005548824
0.000310489,3.07E-05,0.000378805,1726.504461,0.705446768,-0.708146707,0.029548252
0.000310489,3.07E-05,0.000403979,1739.848506,0.819427703,-0.571645404,0.041949644
0.000310489,3.07E-05,0.000429153,1760.341039,0.881409476,-0.469572707,0.0511743
0.000310489,3.07E-05,0.000454326,1790.847858,0.916300655,-0.39514586,0.065213948
0.000310489,3.07E-05,0.0004795,1835.044061,0.769583579,-0.280932106,-0.573426775
0.000310489,5.63E-05,1.20E-06,822.1754966,-0.216342232,-0.328862738,-0.919263476
0.000310489,5.63E-05,2.64E-05,889.2301842,-0.50872662,-0.644602289,0.570688282
0.000310489,5.63E-05,5.15E-05,1050.187098,-0.415485237,-0.560538754,0.716357679
0.000310489,5.63E-05,7.67E-05,1282.258782,-0.381229121,-0.566108524,0.730879947
0.000310489,5.63E-05,0.000101895,1533.046699,-0.421736336,-0.603327356,0.676856384
0.000310489,5.63E-05,0.000127068,1751.319363,-0.511090681,-0.657920698,0.553106383
0.000310489,5.63E-05,0.000152242,1896.984855,-0.60641988,-0.719893751,0.337650582
0.000310489,5.63E-05,0.000177416,1950.135822,-0.644935244,-0.763450318,0.034671948
0.000310489,5.63E-05,0.000202589,1915.290336,-0.584529704,-0.766294008,-0.266680554
0.000310489,5.63E-05,0.000227763,1815.333332,-0.460837558,-0.767354704,-0.445864894
0.000310489,5.63E-05,0.000252937,1686.657825,-0.327493841,-0.831409909,-0.44889347
0.000310489,5.63E-05,0.000278111,1582.204205,-0.214043958,-0.922977367,-0.319840529
0.000310489,5.63E-05,0.000303284,1527.777453,-0.089469059,-0.979291186,-0.181615141
0.000310489,5.63E-05,0.000328458,1500.355453,0.125114431,-0.987619069,-0.094630618
0.000310489,5.63E-05,0.000353632,1484.711549,0.382434389,-0.922698528,-0.04869666
0.000310489,5.63E-05,0.000378805,1474.802722,0.589214693,-0.807693579,-0.021380552
0.000310489,5.63E-05,0.000403979,1470.390075,0.71665792,-0.69740246,0.005588686
0.000310489,5.63E-05,0.000429153,1479.700137,0.790928888,-0.610476179,0.041836922
0.000310489,5.63E-05,0.000454326,1516.211505,0.840494295,-0.535172533,0.084615006
0.000310489,5.63E-05,0.0004795,1585.819883,0.778959698,-0.411311707,-0.473333359
0.000310489,8.19E-05,1.20E-06,694.2931882,-0.123943709,-0.486074293,-0.86508366
0.000310489,8.19E-05,2.64E-05,749.399787,-0.188056765,-0.833761209,0.519111645
0.000310489,8.19E-05,5.15E-05,882.3407366,-0.143470691,-0.729363555,0.668913272
0.000310489,8.19E-05,7.67E-05,1079.92341,-0.137672251,-0.699013888,0.701730672
0.000310489,8.19E-05,0.000101895,1306.658784,-0.172331959,-0.714333619,0.678254507
0.000310489,8.19E-05,0.000127068,1517.477657,-0.243696895,-0.762778705,0.598982864
0.000310489,8.19E-05,0.000152242,1670.636167,-0.343078675,-0.836433044,0.427407049
0.000310489,8.19E-05,0.000177416,1739.689617,-0.437363919,-0.892329879,0.111625217
0.000310489,8.19E-05,0.000202589,1719.304425,-0.45179946,-0.844189242,-0.288481841
0.000310489,8.19E-05,0.000227763,1621.795169,-0.373755983,-0.734564285,-0.566323031
0.000310489,8.19E-05,0.000252937,1473.015987,-0.272386099,-0.737572566,-0.617893618
0.000310489,8.19E-05,0.000278111,1352.107879,-0.209171833,-0.881386172,-0.423562936
0.000310489,8.19E-05,0.000303284,1309.667287,-0.17127245,-0.962197194,-0.211760023
0.000310489,8.19E-05,0.000328458,1272.208947,0.006160255,-0.981225111,-0.192767564
0.000310489,8.19E-05,0.000353632,1228.916968,0.24947794,-0.950188835,-0.186820598
0.000310489,8.19E-05,0.000378805,1176.319599,0.456237301,-0.875084616,-0.161475818
0.000310489,8.19E-05,0.000403979,1118.358965,0.584094525,-0.805101993,-0.103171542
0.000310489,8.19E-05,0.000429153,1080.400677,0.654052072,-0.756402831,-0.008404971
0.000310489,8.19E-05,0.000454326,1108.295746,0.70952456,-0.697128383,0.102892742
0.000310489,8.19E-05,0.0004795,1221.735332,0.754444737,-0.587554318,-0.292562922
0.000310489,0.0001075,1.20E-06,552.2845234,0.080916616,-0.87200448,-0.482763594
0.000310489,0.0001075,2.64E-05,582.0863687,0.172457157,-0.920070492,0.351751076
0.000310489,0.0001075,5.15E-05,683.6905107,0.19405087,-0.817422362,0.542369747
0.000310489,0.0001075,7.67E-05,852.4255059,0.186060904,-0.755536939,0.62812839
0.000310489,0.0001075,0.000101895,1064.413026,0.16190269,-0.732288419,0.661468964
0.000310489,0.0001075,0.000127068,1279.960428,0.12374121,-0.746506172,0.653771098
0.000310489,0.0001075,0.000152242,1454.752904,0.065185664,-0.812104108,0.57986011
0.000310489,0.0001075,0.000177416,1554.494074,-0.037737622,-0.941490342,0.3349206
0.000310489,0.0001075,0.000202589,1564.451328,-0.193179647,-0.946945717,-0.256856832
0.000310489,0.0001075,0.000227763,1490.468429,-0.256660275,-0.633238648,-0.730160474
0.000310489,0.0001075,0.000252937,1359.28343,-0.26731303,-0.448073352,-0.853096721
0.000310489,0.0001075,0.000278111,1236.537817,-0.332549124,-0.534810654,-0.77678095
0.000310489,0.0001075,0.000303284,1158.583761,-0.32707814,-0.769699156,-0.548254593
0.000310489,0.0001075,0.000328458,1082.359451,-0.146476835,-0.86316917,-0.483201325
0.000310489,0.0001075,0.000353632,988.749192,0.105358085,-0.878071722,-0.466786594
0.000310489,0.0001075,0.000378805,865.5100859,0.321708275,-0.844387298,-0.428385197
0.000310489,0.0001075,0.000403979,709.2081755,0.453245768,-0.826733975,-0.333285476
0.000310489,0.0001075,0.000429153,558.7268651,0.508255196,-0.850781284,-0.133595892
0.000310489,0.0001075,0.000454326,542.4112693,0.539401497,-0.833380612,0.120510501
0.000310489,0.0001075,0.0004795,740.2978164,0.68507907,-0.72843087,0.007425367
0.000310489,0.0001331,1.20E-06,403.6800164,0.334814907,-0.814741643,0.473386769
0.000310489,0.0001331,2.64E-05,399.8621009,0.485940142,-0.859529105,0.158341077
0.000310489,0.0001331,5.15E-05,468.0042625,0.508979309,-0.764583173,0.395414511
0.000310489,0.0001331,7.67E-05,614.2204206,0.497589145,-0.680633353,0.537720449
0.000310489,0.0001331,0.000101895,825.3348326,0.479864254,-0.613150753,0.627516097
0.000310489,0.0001331,0.000127068,1064.221416,0.470840708,-0.561105385,0.680786145
0.000310489,0.0001331,0.000152242,1279.635734,0.487162733,-0.530129358,0.693999521
0.000310489,0.0001331,0.000177416,1426.095733,0.565090865,-0.539435901,0.624244521
0.000310489,0.0001331,0.000202589,1479.26581,0.78290236,-0.612598916,0.10856548
0.000310489,0.0001331,0.000227763,1440.848043,0.251305843,-0.11804179,-0.960682835
0.000310489,0.0001331,0.000252937,1337.384949,-0.10263105,0.098823874,-0.989798318
0.000310489,0.0001331,0.000278111,1211.586849,-0.286228606,0.04101956,-0.957282916
0.000310489,0.0001331,0.000303284,1089.54939,-0.373286264,-0.221445918,-0.900899035
0.000310489,0.0001331,0.000328458,963.6862763,-0.273106436,-0.443738786,-0.853527249
0.000310489,0.0001331,0.000353632,814.0938453,-0.039955037,-0.555816201,-0.830344474
0.000310489,0.0001331,0.000378805,615.9869062,0.187883643,-0.58187902,-0.791275264
0.000310489,0.0001331,0.000403979,344.477964,0.331393014,-0.598545488,-0.729329808
0.000310489,0.0001331,0.000429153,0.196133807,0.442490714,-0.743101181,-0.501998609
0.000310489,0.0001331,0.000454326,-168.6076875,0.506705845,-0.838487933,0.200467389
0.000310489,0.0001331,0.0004795,236.7632566,0.609940676,-0.618836517,0.494988624
0.000310489,0.0001587,1.20E-06,266.8228097,0.514298782,-0.632072216,0.579639092
0.000310489,0.0001587,2.64E-05,226.9992785,0.735857673,-0.677053931,-0.010557464
0.000310489,0.0001587,5.15E-05,262.1826655,0.762384047,-0.586469197,0.273540574
0.000310489,0.0001587,7.67E-05,392.4655414,0.738013026,-0.491016231,0.462860492
0.000310489,0.0001587,0.000101895,617.2673302,0.702819828,-0.393786585,0.592432624
0.000310489,0.0001587,0.000127068,899.1835997,0.681324508,-0.288005592,0.672941078
0.000310489,0.0001587,0.000152242,1173.644627,0.698635448,-0.163087056,0.696642752
0.000310489,0.0001587,0.000177416,1379.063911,0.78036498,0.011163014,0.625224667
0.000310489,0.0001587,0.000202589,1479.799243,0.904298482,0.299511925,0.304198722
0.000310489,0.0001587,0.000227763,1472.739898,0.71545284,0.573226642,-0.399422647
0.000310489,0.0001587,0.000252937,1382.561067,0.262260763,0.532299935,-0.804907493
0.000310489,0.0001587,0.000278111,1247.337413,-0.045996553,0.398329544,-0.916088365
0.000310489,0.0001587,0.000303284,1096.616503,-0.224426327,0.242553789,-0.943822273
0.000310489,0.0001587,0.000328458,936.7281584,-0.246121168,0.107978717,-0.963205569
0.000310489,0.0001587,0.000353632,752.0645977,-0.111120855,0.015122113,-0.993691842
0.000310489,0.0001587,0.000378805,514.3209519,0.079596566,-0.037344419,-0.996127392
0.000310489,0.0001587,0.000403979,195.2833937,0.225592788,-0.037062971,-0.973516425
0.000310489,0.0001587,0.000429153,-213.6486407,0.40760769,0.056648802,-0.911398313
0.000310489,0.0001587,0.000454326,-463.8265951,0.847082664,0.243077282,0.472614427
0.000310489,0.0001587,0.0004795,12.70514604,0.567904636,-0.084086955,0.818787951
0.000310489,0.0001843,1.20E-06,166.0438718,0.834858007,-0.501923756,-0.226019138
0.000310489,0.0001843,2.64E-05,97.24860091,0.913211108,-0.386838856,-0.128067062
0.000310489,0.0001843,5.15E-05,107.2378511,0.931066822,-0.305814413,0.198977682
0.000310489,0.0001843,7.67E-05,231.156863,0.881653769,-0.222325678,0.416242627
0.000310489,0.0001843,0.000101895,482.8183165,0.814852815,-0.132139224,0.564405984
0.000310489,0.0001843,0.000127068,822.0703048,0.760500054,-0.024623188,0.64887084
0.000310489,0.0001843,0.000152242,1165.391184,0.748618214,0.108470751,0.654067937
0.000310489,0.0001843,0.000177416,1431.654512,0.788236494,0.277906587,0.549045679
0.000310489,0.0001843,0.000202589,1573.060488,0.836808331,0.476217465,0.270127273
0.000310489,0.0001843,0.000227763,1582.76153,0.765524722,0.615289936,-0.188122817
0.000310489,0.0001843,0.000252937,1488.972078,0.521125284,0.603946773,-0.603056161
0.000310489,0.0001843,0.000278111,1338.025595,0.23516999,0.522700667,-0.819438276
0.000310489,0.0001843,0.000303284,1170.724973,0.006431919,0.470752663,-0.882241782
0.000310489,0.0001843,0.000328458,1002.965873,-0.093624854,0.479469152,-0.872550124
0.000310489,0.0001843,0.000353632,820.6309471,-0.049746324,0.504885591,-0.861751613
0.000310489,0.0001843,0.000378805,594.7599084,0.055106929,0.50884634,-0.859091746
0.000310489,0.0001843,0.000403979,316.2939159,0.161683997,0.568743816,-0.806466835
0.000310489,0.0001843,0.000429153,41.85750809,0.270660188,0.819055441,-0.505856943
0.000310489,0.0001843,0.000454326,-50.21678093,0.337513568,0.930283413,0.143726695
0.000310489,0.0001843,0.0004795,160.4571311,0.611300145,0.694812588,0.378876761
0.000310489,0.0002099,1.20E-06,124.0776425,0.5128418,-0.037632234,-0.857657917
0.000310489,0.0002099,2.64E-05,46.3619001,0.987272396,-0.011775896,-0.158601845
0.000310489,0.0002099,5.15E-05,52.8899358,0.979972168,0.029018963,0.197008755
0.000310489,0.0002099,7.67E-05,188.461274,0.909058904,0.067416769,0.411177442
0.000310489,0.0002099,0.000101895,476.5792841,0.825140101,0.117206947,0.552635816
0.000310489,0.0002099,0.000127068,872.8428435,0.757327924,0.187173404,0.625636102
0.000310489,0.0002099,0.000152242,1276.450205,0.741915208,0.280406511,0.609043523
0.000310489,0.0002099,0.000177416,1588.905497,0.784336396,0.394107565,0.479057037
0.000310489,0.0002099,0.000202589,1750.702798,0.84136749,0.50000255,0.20517845
0.000310489,0.0002099,0.000227763,1752.423926,0.824749256,0.535303719,-0.182314543
0.000310489,0.0002099,0.000252937,1631.809154,0.692963352,0.478748785,-0.539074571
0.000310489,0.0002099,0.000278111,1453.7777,0.504164402,0.413966393,-0.757924852
0.000310489,0.0002099,0.000303284,1278.427678,0.315082883,0.46190029,-0.829078343
0.000310489,0.0002099,0.000328458,1132.363886,0.175904259,0.648659058,-0.740472227
0.000310489,0.0002099,0.000353632,995.275704,0.139066026,0.765325276,-0.628440818
0.000310489,0.0002099,0.000378805,818.1023327,0.144968401,0.772456506,-0.618300177
0.000310489,0.0002099,0.000403979,591.8095463,0.159004318,0.793450239,-0.587498379
0.000310489,0.0002099,0.000429153,389.834892,0.196881123,0.905531768,-0.375832465
0.000310489,0.0002099,0.000454326,316.8197516,0.264673845,0.963603508,0.037630241
0.000310489,0.0002099,0.0004795,416.0164602,0.387355274,0.860991086,-0.329621361
0.000310489,0.0002355,1.20E-06,149.549524,0.220565242,0.168546355,-0.960699277
0.000310489,0.0002355,2.64E-05,91.87353365,0.906341228,0.419132104,-0.053608381
0.000310489,0.0002355,5.15E-05,128.5232457,0.886569379,0.354593703,0.297082552
0.000310489,0.0002355,7.67E-05,301.8015305,0.820872019,0.32298752,0.471007632
0.000310489,0.0002355,0.000101895,630.4249295,0.752434388,0.318881193,0.576330874
0.000310489,0.0002355,0.000127068,1065.422591,0.709426934,0.337963546,0.618461046
0.000310489,0.0002355,0.000152242,1500.652908,0.726408392,0.37836535,0.573733832
0.000310489,0.0002355,0.000177416,1828.416855,0.804322557,0.428066233,0.412097713
0.000310489,0.0002355,0.000202589,1978.289347,0.888291167,0.445461978,0.111814264
0.000310489,0.0002355,0.000227763,1937.763506,0.8887094,0.376042611,-0.26227382
0.000310489,0.0002355,0.000252937,1758.689534,0.795350914,0.227260723,-0.561933704
0.000310489,0.0002355,0.000278111,1534.305529,0.695870355,0.079329061,-0.713772618
0.000310489,0.0002355,0.000303284,1352.825158,0.685618032,0.066926756,-0.72487842
0.000310489,0.0002355,0.000328458,1255.209668,0.738068857,0.451417436,-0.501474486
0.000310489,0.0002355,0.000353632,1209.824924,0.558097757,0.756387326,-0.341181927
0.000310489,0.0002355,0.000378805,1107.355613,0.404683871,0.777372176,-0.481584327
0.000310489,0.0002355,0.000403979,904.4888308,0.261662086,0.778686375,-0.570245983
0.000310489,0.0002355,0.000429153,715.6391296,0.197361097,0.88216005,-0.427600565
0.000310489,0.0002355,0.000454326,631.5725692,0.205241929,0.975771351,-0.075802512
0.000310489,0.0002355,0.0004795,672.4372522,0.191258555,0.690019494,-0.698063939
0.000310489,0.0002611,1.20E-06,227.657421,-0.042334416,0.24453827,-0.968715042
0.000310489,0.0002611,2.64E-05,213.5378613,0.494480133,0.832133304,0.25108477
0.000310489,0.0002611,5.15E-05,307.7004939,0.614564101,0.603069279,0.508545388
0.000310489,0.0002611,7.67E-05,538.4625567,0.624280005,0.501692735,0.598814558
0.000310489,0.0002611,0.000101895,906.2424298,0.619692155,0.450413592,0.642735738
0.000310489,0.0002611,0.000127068,1356.439996,0.640991088,0.425120965,0.639063839
0.000310489,0.0002611,0.000152242,1788.150133,0.720409977,0.416119104,0.554846245
0.000310489,0.0002611,0.000177416,2093.452236,0.851734639,0.398860125,0.33979215
0.000310489,0.0002611,0.000202589,2193.711343,0.946522495,0.322055905,-0.019369066
0.000310489,0.0002611,0.000227763,2072.61356,0.90667132,0.155635103,-0.392077585
0.000310489,0.0002611,0.000252937,1797.741401,0.785758711,-0.073019293,-0.614207971
0.000310489,0.0002611,0.000278111,1499.649581,0.697940861,-0.324055752,-0.638644208
0.000310489,0.0002611,0.000303284,1304.632498,0.725979866,-0.527914087,-0.440749307
0.000310489,0.0002611,0.000328458,1263.269847,0.882427544,-0.466140699,0.063517538
0.000310489,0.0002611,0.000353632,1328.613572,0.991283674,-0.02616844,0.129119672
0.000310489,0.0002611,0.000378805,1319.321855,0.905080338,0.261675271,-0.335194919
0.000310489,0.0002611,0.000403979,1135.767552,0.466622703,0.544234439,-0.697188732
0.000310489,0.0002611,0.000429153,962.4090128,0.229520416,0.807323415,-0.543644444
0.000310489,0.0002611,0.000454326,882.3557692,0.138220741,0.980054027,-0.142790516
0.000310489,0.0002611,0.0004795,900.553681,0.069823986,0.531909609,-0.843917519
0.000310489,0.0002867,1.20E-06,325.9138384,-0.315672547,0.229802458,-0.920620265
0.000310489,0.0002867,2.64E-05,361.6409368,-0.323790667,0.767918093,0.552685631
0.000310489,0.0002867,5.15E-05,520.3674174,0.130254623,0.646324429,0.751863329
0.000310489,0.0002867,7.67E-05,811.7581474,0.32693745,0.550574328,0.768101434
0.000310489,0.0002867,0.000101895,1213.351096,0.440902271,0.490505855,0.751670934
0.000310489,0.0002867,0.000127068,1662.024447,0.558195056,0.446398768,0.699390034
0.000310489,0.0002867,0.000152242,2062.752007,0.725040419,0.401614581,0.559483797
0.000310489,0.0002867,0.000177416,2312.541148,0.915160084,0.316866645,0.249153667
0.000310489,0.0002867,0.000202589,2330.648753,0.967906658,0.153777953,-0.198768819
0.000310489,0.0002867,0.000227763,2097.605522,0.835841213,-0.050933035,-0.546603415
0.000310489,0.0002867,0.000252937,1689.419933,0.67902915,-0.283188263,-0.677291533
0.000310489,0.0002867,0.000278111,1279.85885,0.584191229,-0.575423429,-0.572370933
0.000310489,0.0002867,0.000303284,1064.903033,0.571868146,-0.781907602,-0.248167937
0.000310489,0.0002867,0.000328458,1076.237635,0.581471636,-0.78504595,0.213526561
0.000310489,0.0002867,0.000353632,1198.272589,0.644566564,-0.689737559,0.329842453
0.000310489,0.0002867,0.000378805,1260.453472,0.803517545,-0.594748426,-0.02517667
0.000310489,0.0002867,0.000403979,1187.817825,0.721771481,-0.039104314,-0.69102589
0.000310489,0.0002867,0.000429153,1098.33395,0.217698862,0.812815569,-0.540312924
0.000310489,0.0002867,0.000454326,1063.31127,-0.014707221,0.999677458,-0.020704538
0.000310489,0.0002867,0.0004795,1092.072793,-0.022867151,0.423478009,-0.905617728
0.000310489,0.0003123,1.20E-06,413.0733456,-0.541471949,0.161230614,-0.825113821
0.000310489,0.0003123,2.64E-05,488.2930185,-0.763445536,0.378390808,0.523422687
0.000310489,0.0003123,5.15E-05,701.1875692,-0.383506141,0.433102222,0.815687137
0.000310489,0.0003123,7.67E-05,1043.604666,-0.051184146,0.439526818,0.896769959
0.000310489,0.0003123,0.000101895,1470.483364,0.197213145,0.423156541,0.884333374
0.000310489,0.0003123,0.000127068,1907.767243,0.434169216,0.393327858,0.810425991
0.000310489,0.0003123,0.000152242,2263.018887,0.725288109,0.334016637,0.60198841
0.000310489,0.0003123,0.000177416,2439.92561,0.975025537,0.187814926,0.118535881
0.000310489,0.0003123,0.000202589,2362.812824,0.906145547,-0.013184368,-0.422760477
0.000310489,0.0003123,0.000227763,2011.851368,0.69234953,-0.160792089,-0.703418818
0.000310489,0.0003123,0.000252937,1450.035891,0.546944222,-0.299429585,-0.781788937
0.000310489,0.0003123,0.000278111,861.1695032,0.544062744,-0.568754729,-0.616857997
0.000310489,0.0003123,0.000303284,652.2144369,0.585097424,-0.803523566,-0.109594181
0.000310489,0.0003123,0.000328458,764.6230144,0.460484791,-0.788412388,0.407872117
0.000310489,0.0003123,0.000353632,936.8739728,0.355192871,-0.785523685,0.506745068
0.000310489,0.0003123,0.000378805,1068.166502,0.317797141,-0.832041904,0.454655087
0.000310489,0.0003123,0.000403979,1126.438042,0.258316349,-0.801160233,0.539828626
0.000310489,0.0003123,0.000429153,1152.881416,-0.328090797,0.748744149,0.575967559
0.000310489,0.0003123,0.000454326,1189.782858,-0.311130112,0.868517705,0.385843295
0.000310489,0.0003123,0.0004795,1251.20926,-0.110247188,0.348241561,-0.930899228
0.000310489,0.0003379,1.20E-06,477.5154059,-0.669326636,0.105327045,-0.735464526
0.000310489,0.0003379,2.64E-05,573.4506732,-0.888864354,0.173031204,0.424240926
0.000310489,0.0003379,5.15E-05,820.2123861,-0.667158075,0.207139099,0.715537208
0.000310489,0.0003379,7.67E-05,1195.19237,-0.384714269,0.235236795,0.892557327
0.000310489,0.0003379,0.000101895,1633.858536,-0.101507847,0.240829868,0.965244597
0.000310489,0.0003379,0.000127068,2053.183395,0.213780771,0.221802538,0.951368181
0.000310489,0.0003379,0.000152242,2363.023463,0.67339925,0.157019384,0.722411492
0.000310489,0.0003379,0.000177416,2473.338026,0.996523945,-0.023339537,-0.079970582
0.000310489,0.0003379,0.000202589,2317.072584,0.748047247,-0.149105995,-0.646678218
0.000310489,0.0003379,0.000227763,1885.423524,0.536350102,-0.185135265,-0.823440042
0.000310489,0.0003379,0.000252937,1241.238726,0.436328681,-0.18465103,-0.88063686
0.000310489,0.0003379,0.000278111,531.794916,0.575637617,-0.215652389,-0.78875559
0.000310489,0.0003379,0.000303284,345.0550493,0.860560678,-0.508579898,-0.027960816
0.000310489,0.0003379,0.000328458,516.6754657,0.420672338,-0.601303089,0.679315376
0.000310489,0.0003379,0.000353632,719.7704776,0.178333459,-0.629346953,0.756385874
0.000310489,0.0003379,0.000378805,907.666652,0.005103637,-0.58044176,0.814285771
0.000310489,0.0003379,0.000403979,1059.963173,-0.229383101,-0.312264923,0.921886116
0.000310489,0.0003379,0.000429153,1182.075248,-0.460544031,0.241528381,0.85414474
0.000310489,0.0003379,0.000454326,1288.391535,-0.493464067,0.5795407,0.648556698
0.000310489,0.0003379,0.0004795,1387.553916,-0.19049829,0.29008478,-0.937849253
0.000310489,0.0003635,1.20E-06,531.6367988,-0.715193643,0.088563675,-0.693292528
0.000310489,0.0003635,2.64E-05,630.4326974,-0.929445315,0.10539439,0.353586521
0.000310489,0.0003635,5.15E-05,884.2221039,-0.783382517,0.086432893,0.615500761
0.000310489,0.0003635,7.67E-05,1261.675655,-0.576948315,0.053803577,0.815006636
0.000310489,0.0003635,0.000101895,1688.178587,-0.351222896,-0.007299831,0.936263419
0.000310489,0.0003635,0.000127068,2080.644095,-0.09514027,-0.114217146,0.988889667
0.000310489,0.0003635,0.000152242,2355.887928,0.347882344,-0.343626492,0.872295081
0.000310489,0.0003635,0.000177416,2426.287663,0.790604198,-0.497032507,-0.357636252
0.000310489,0.0003635,0.000202589,2224.960456,0.488884787,-0.297996196,-0.8198719
0.000310489,0.0003635,0.000227763,1765.873765,0.374603253,-0.228980982,-0.898465421
0.000310489,0.0003635,0.000252937,1161.401826,0.349665426,-0.140069471,-0.92634477
0.000310489,0.0003635,0.000278111,611.9958971,0.435115091,0.094825542,-0.895367508
0.000310489,0.0003635,0.000303284,372.5491672,0.805400279,0.156360875,-0.571735662
0.000310489,0.0003635,0.000328458,427.3226963,0.396455933,-0.383754932,0.833999308
0.000310489,0.0003635,0.000353632,606.042455,-0.003764127,-0.353784661,0.935319328
0.000310489,0.0003635,0.000378805,821.562583,-0.180036196,-0.242343069,0.953339816
0.000310489,0.0003635,0.000403979,1031.915188,-0.336979569,-0.045582944,0.940407872
0.000310489,0.0003635,0.000429153,1218.568489,-0.47708728,0.200976693,0.855567704
0.000310489,0.0003635,0.000454326,1376.505043,-0.560580852,0.407288838,0.721016582
0.000310489,0.0003635,0.0004795,1506.267646,-0.255336014,0.234773714,-0.937915147
0.000310489,0.0003891,1.20E-06,591.2924287,-0.702894767,0.086672868,-0.705993456
0.000310489,0.0003891,2.64E-05,680.3264257,-0.944750506,0.08199857,0.317368422
0.000310489,0.0003891,5.15E-05,910.3570842,-0.829818287,0.008585073,0.557967658
0.000310489,0.0003891,7.67E-05,1249.165267,-0.662617026,-0.10762769,0.741184833
0.000310489,0.0003891,0.000101895,1627.365092,-0.478808685,-0.271202021,0.834980064
0.000310489,0.0003891,0.000127068,1974.756666,-0.304168391,-0.485354363,0.819702832
0.000310489,0.0003891,0.000152242,2224.55691,-0.161760347,-0.790204124,0.59111
0.000310489,0.0003891,0.000177416,2288.29734,-0.026451971,-0.941736504,-0.335309783
0.000310489,0.0003891,0.000202589,2072.969028,0.100564655,-0.53529633,-0.838656419
0.000310489,0.0003891,0.000227763,1609.776906,0.162903867,-0.378525551,-0.911142545
0.000310489,0.0003891,0.000252937,1063.810029,0.189597231,-0.281784825,-0.940558452
0.000310489,0.0003891,0.000278111,616.7546379,0.232662005,-0.156988481,-0.95980363
0.000310489,0.0003891,0.000303284,396.4156236,0.409848342,-0.124056857,-0.903678169
0.000310489,0.0003891,0.000328458,407.4168068,0.105795281,-0.257618854,0.96043734
0.000310489,0.0003891,0.000353632,568.123822,-0.125186831,-0.125895208,0.984113131
0.000310489,0.0003891,0.000378805,797.5746187,-0.228487436,-0.043847833,0.972558923
0.000310489,0.0003891,0.000403979,1040.393829,-0.345676497,0.055395661,0.936717183
0.000310489,0.0003891,0.000429153,1264.391765,-0.478241634,0.169923397,0.86163274
0.000310489,0.0003891,0.000454326,1453.659633,-0.59586668,0.282133576,0.751893307
0.000310489,0.0003891,0.0004795,1602.618101,-0.301235607,0.168732469,-0.938502245
0.000310489,0.0004147,1.20E-06,646.781502,-0.640296721,0.061915077,-0.76562826
0.000310489,0.0004147,2.64E-05,714.2655894,-0.955489081,0.025799206,0.29389627
0.000310489,0.0004147,5.15E-05,893.1226649,-0.845339009,-0.112748123,0.522197108
0.000310489,0.0004147,7.67E-05,1155.795471,-0.673174705,-0.316985556,0.668098776
0.000310489,0.0004147,0.000101895,1448.514961,-0.47884877,-0.54842186,0.685519744
0.000310489,0.0004147,0.000127068,1721.052496,-0.320948932,-0.751293091,0.576671896
0.000310489,0.0004147,0.000152242,1929.644144,-0.252825217,-0.909644271,0.329585663
0.000310489,0.0004147,0.000177416,1993.334564,-0.304516079,-0.937255076,-0.169773026
0.000310489,0.0004147,0.000202589,1784.541192,-0.174872092,-0.752935692,-0.634434862
0.000310489,0.0004147,0.000227763,1339.528292,-0.002325426,-0.588914072,-0.808192309
0.000310489,0.0004147,0.000252937,858.8610034,0.033875593,-0.51342924,-0.857463037
0.000310489,0.0004147,0.000278111,500.9861417,0.02785756,-0.511932691,-0.858573746
0.000310489,0.0004147,0.000303284,343.3246134,0.010331392,-0.800399916,-0.599377375
0.000310489,0.0004147,0.000328458,380.4852914,-0.0634863,-0.357372019,0.931801872
0.000310489,0.0004147,0.000353632,555.2852539,-0.097206907,-0.088845619,0.991290711
0.000310489,0.0004147,0.000378805,799.9096983,-0.169672611,-0.013775795,0.985404197
0.000310489,0.0004147,0.000403979,1059.989379,-0.294398814,0.034515255,0.955059179
0.000310489,0.0004147,0.000429153,1301.449234,-0.451400075,0.081288198,0.888611389
0.000310489,0.0004147,0.000454326,1505.567272,-0.602492075,0.130671383,0.78735525
0.000310489,0.0004147,0.0004795,1663.937535,-0.321491003,0.080645856,-0.943472194
0.000310489,0.0004403,1.20E-06,669.3913899,-0.524758766,-0.004949879,-0.851236592
0.000310489,0.0004403,2.64E-05,702.3172974,-0.960698827,-0.138018633,0.240849789
0.000310489,0.0004403,5.15E-05,813.4114746,-0.81057604,-0.362151366,0.460231325
0.000310489,0.0004403,7.67E-05,981.1917755,-0.565773076,-0.620465214,0.543068821
0.000310489,0.0004403,0.000101895,1167.496295,-0.330478822,-0.815362875,0.47536
0.000310489,0.0004403,0.000127068,1337.32227,-0.182421043,-0.925366366,0.332294525
0.000310489,0.0004403,0.000152242,1460.342005,-0.109340962,-0.984922113,0.134063363
0.000310489,0.0004403,0.000177416,1473.670818,-0.094769482,-0.983474731,-0.154260163
0.000310489,0.0004403,0.000202589,1283.903422,-0.048227078,-0.890353682,-0.452707929
0.000310489,0.0004403,0.000227763,923.8286245,0.009648279,-0.768818305,-0.639394498
0.000310489,0.0004403,0.000252937,553.2071322,-0.007566178,-0.71521163,-0.698866995
0.000310489,0.0004403,0.000278111,304.1555039,-0.053733824,-0.787237948,-0.614303744
0.000310489,0.0004403,0.000303284,232.7754297,-0.053110638,-0.994952922,0.085134855
0.000310489,0.0004403,0.000328458,324.7472944,0.023030806,-0.413693142,0.910125028
0.000310489,0.0004403,0.000353632,529.8957965,0.017256907,-0.168728623,0.985511467
0.000310489,0.0004403,0.000378805,790.399447,-0.052409132,-0.102344785,0.993367418
0.000310489,0.0004403,0.000403979,1058.826114,-0.194408467,-0.083447375,0.977364765
0.000310489,0.0004403,0.000429153,1305.84252,-0.377094865,-0.077604653,0.922917645
0.000310489,0.0004403,0.000454326,1514.837867,-0.553225458,-0.072910342,0.829834728
0.000310489,0.0004403,0.0004795,1677.268301,-0.304748111,-0.029165365,-0.951986329
0.000310489,0.0004659,1.20E-06,641.0162241,-0.361880165,-0.094869211,-0.927384806
0.000310489,0.0004659,2.64E-05,630.3374301,-0.867681281,-0.491452016,0.074860605
0.000310489,0.0004659,5.15E-05,669.9628933,-0.576297844,-0.770792744,0.27158671
0.000310489,0.0004659,7.67E-05,744.3966312,-0.238618867,-0.925070187,0.2954762
0.000310489,0.0004659,0.000101895,827.3161046,-0.022563215,-0.976827635,0.21283485
0.000310489,0.0004659,0.000127068,891.7316603,0.088734925,-0.991378592,0.096408504
0.000310489,0.0004659,0.000152242,910.9695421,0.15498856,-0.987092552,-0.040334095
0.000310489,0.0004659,0.000177416,849.413213,0.202004138,-0.961054039,-0.188598678
0.000310489,0.0004659,0.000202589,684.8374409,0.213656141,-0.916915538,-0.337071134
0.000310489,0.0004659,0.000227763,446.0481429,0.179094832,-0.866915355,-0.465169656
0.000310489,0.0004659,0.000252937,213.9558006,0.1130433,-0.858876413,-0.499552319
0.000310489,0.0004659,0.000278111,83.39476594,0.078675655,-0.959446882,-0.270687685
0.000310489,0.0004659,0.000303284,98.59730913,0.149215461,-0.841468227,0.519293721
0.000310489,0.0004659,0.000328458,243.1434482,0.161990813,-0.414383653,0.895569743
0.000310489,0.0004659,0.000353632,474.2112018,0.132585762,-0.261400782,0.956080879
0.000310489,0.0004659,0.000378805,744.4921315,0.059992714,-0.228970933,0.971582825
0.000310489,0.0004659,0.000403979,1015.235581,-0.075497901,-0.239932207,0.967849473
0.000310489,0.0004659,0.000429153,1262.455571,-0.251861708,-0.266195622,0.930433002
0.000310489,0.0004659,0.000454326,1472.380672,-0.426142101,-0.296555973,0.854668044
0.000310489,0.0004659,0.0004795,1637.597521,-0.248686072,-0.143277588,-0.957928374
0.000310489,0.0004915,1.20E-06,564.6061475,-0.172593312,0.395968575,-0.901898241
0.000310489,0.0004915,2.64E-05,509.0672672,-0.213258965,0.966065147,-0.145735189
0.000310489,0.0004915,5.15E-05,484.2169413,-0.016326547,0.998968484,-0.042372301
0.000310489,0.0004915,7.67E-05,480.2110989,0.122804326,0.992418364,-0.004988797
0.000310489,0.0004915,0.000101895,479.8352947,0.206735028,0.978259681,-0.016389777
0.000310489,0.0004915,0.000127068,462.5375869,0.260494938,0.963733357,-0.057968992
0.000310489,0.0004915,0.000152242,407.1477873,0.305130399,0.94540456,-0.114479945
0.000310489,0.0004915,0.000177416,301.8409365,0.343042341,0.92655551,-0.15432705
0.000310489,0.0004915,0.000202589,168.0703151,0.310580117,0.936732713,-0.16146769
0.000310489,0.0004915,0.000227763,31.4066381,0.209317955,0.967854965,-0.139437303
0.000310489,0.0004915,0.000252937,-80.8590756,0.123587002,0.989424166,-0.075934664
0.000310489,0.0004915,0.000278111,-111.6547467,0.083587249,0.996153838,0.02628124
0.000310489,0.0004915,0.000303284,-30.46653326,0.080598784,0.986932755,0.139526245
0.000310489,0.0004915,0.000328458,148.0059987,0.086319297,0.965787081,0.244549162
0.000310489,0.0004915,0.000353632,390.5014007,0.086891719,0.937370294,0.337322934
0.000310489,0.0004915,0.000378805,660.738095,0.069259311,0.905489795,0.418678133
0.000310489,0.0004915,0.000403979,928.2472087,0.020391612,0.870993665,0.490870876
0.000310489,0.0004915,0.000429153,1172.839026,-0.06375609,0.830457608,0.553421469
0.000310489,0.0004915,0.000454326,1382.465289,-0.174919121,0.782965092,0.59696647
0.000310489,0.0004915,0.0004795,1550.81509,-0.157048921,0.399860341,-0.903021231
0.000336005,5.10E-06,1.20E-06,981.2048121,-0.082306907,0.21263924,-0.973658116
0.000336005,5.10E-06,2.64E-05,965.4614562,-0.426207435,0.810760893,0.401265495
0.000336005,5.10E-06,5.15E-05,1164.313137,-0.311441167,0.700071931,0.642575825
0.000336005,5.10E-06,7.67E-05,1444.051319,-0.286170686,0.774531065,0.564099254
0.000336005,5.10E-06,0.000101895,1697.802227,-0.296388666,0.856941142,0.421670058
0.000336005,5.10E-06,0.000127068,1900.676704,-0.301565419,0.911088946,0.281025321
0.000336005,5.10E-06,0.000152242,2036.424351,-0.289383632,0.944970452,0.152603924
0.000336005,5.10E-06,0.000177416,2100.782849,-0.255487805,0.965627839,0.047842006
0.000336005,5.10E-06,0.000202589,2104.036119,-0.204683141,0.978592635,-0.021477132
0.000336005,5.10E-06,0.000227763,2067.925472,-0.148206315,0.987642693,-0.050958802
0.000336005,5.10E-06,0.000252937,2019.368562,-0.094933087,0.994343807,-0.047624596
0.000336005,5.10E-06,0.000278111,1983.56729,-0.045254991,0.99870381,-0.023295629
0.000336005,5.10E-06,0.000303284,1977.88111,0.012753155,0.999799853,0.015414662
0.000336005,5.10E-06,0.000328458,2009.537781,0.095326926,0.993357285,0.064452172
0.000336005,5.10E-06,0.000353632,2077.56814,0.214810807,0.969685458,0.116475018
0.000336005,5.10E-06,0.000378805,2174.888852,0.365624012,0.91753457,0.156363025
0.000336005,5.10E-06,0.000403979,2288.835744,0.515895044,0.840222059,0.166970641
0.000336005,5.10E-06,0.000429153,2401.970327,0.634100223,0.759310463,0.146166093
0.000336005,5.10E-06,0.000454326,2495.919075,0.712239115,0.693723108,0.107068639
0.000336005,5.10E-06,0.0004795,2558.823985,0.525730023,0.451089341,-0.721197858
0.000336005,3.07E-05,1.20E-06,844.8784522,-0.060037526,-0.131056885,-0.989555248
0.000336005,3.07E-05,2.64E-05,851.9260686,-0.513687286,-0.529935972,0.674754206
0.000336005,3.07E-05,5.15E-05,1033.27985,-0.340375784,-0.375508108,0.862054515
0.000336005,3.07E-05,7.67E-05,1302.126731,-0.348181231,-0.408746262,0.84362096
0.000336005,3.07E-05,0.000101895,1556.640762,-0.445555213,-0.458694571,0.768817171
0.000336005,3.07E-05,0.000127068,1762.471124,-0.578320815,-0.516457316,0.631519497
0.000336005,3.07E-05,0.000152242,1898.532118,-0.700570449,-0.587091552,0.405616266
0.000336005,3.07E-05,0.000177416,1957.364792,-0.742839962,-0.660094661,0.111641524
0.000336005,3.07E-05,0.000202589,1947.851668,-0.672016891,-0.725367082,-0.149117054
0.000336005,3.07E-05,0.000227763,1892.771109,-0.532395326,-0.797965065,-0.282501277
0.000336005,3.07E-05,0.000252937,1823.481501,-0.371931656,-0.887916646,-0.27068593
0.000336005,3.07E-05,0.000278111,1772.075679,-0.201241488,-0.969019899,-0.143186239
0.000336005,3.07E-05,0.000303284,1759.710057,0.002739598,-0.99898455,0.044970686
0.000336005,3.07E-05,0.000328458,1792.325146,0.256462294,-0.940826025,0.221525355
0.000336005,3.07E-05,0.000353632,1867.466029,0.51246693,-0.7959406,0.322267291
0.000336005,3.07E-05,0.000378805,1978.273344,0.708562616,-0.620703709,0.335657451
0.000336005,3.07E-05,0.000403979,2112.439246,0.833405963,-0.468431446,0.293268617
0.000336005,3.07E-05,0.000429153,2250.709469,0.906506318,-0.356039561,0.226896731
0.000336005,3.07E-05,0.000454326,2369.309356,0.946736897,-0.281708383,0.155979599
0.000336005,3.07E-05,0.0004795,2450.058472,0.633094617,-0.157288113,-0.75792589
0.000336005,5.63E-05,1.20E-06,765.9634479,-0.023933713,-0.109156692,-0.993736381
0.000336005,5.63E-05,2.64E-05,814.9896598,-0.229995067,-0.463022048,0.855986479
0.000336005,5.63E-05,5.15E-05,964.8861618,-0.191617039,-0.38012184,0.904870321
0.000336005,5.63E-05,7.67E-05,1186.181271,-0.216772414,-0.444227604,0.869293711
0.000336005,5.63E-05,0.000101895,1418.498604,-0.296223667,-0.511012043,0.806918974
0.000336005,5.63E-05,0.000127068,1616.342584,-0.421273678,-0.592751442,0.686421311
0.000336005,5.63E-05,0.000152242,1749.556828,-0.565574683,-0.689727025,0.452108294
0.000336005,5.63E-05,0.000177416,1804.236383,-0.643933198,-0.75950653,0.092194723
0.000336005,5.63E-05,0.000202589,1784.504558,-0.588033087,-0.772286872,-0.240395665
0.000336005,5.63E-05,0.000227763,1710.674955,-0.458388446,-0.793148959,-0.400992221
0.000336005,5.63E-05,0.000252937,1616.75303,-0.314760849,-0.869656511,-0.38029352
0.000336005,5.63E-05,0.000278111,1544.68218,-0.184454107,-0.958569148,-0.217075724
0.000336005,5.63E-05,0.000303284,1520.43912,-0.045300971,-0.998972698,-0.001170465
0.000336005,5.63E-05,0.000328458,1544.144175,0.168140758,-0.96980135,0.176674917
0.000336005,5.63E-05,0.000353632,1610.532967,0.42032892,-0.864981547,0.274099476
0.000336005,5.63E-05,0.000378805,1714.208342,0.628657928,-0.721130143,0.291136611
0.000336005,5.63E-05,0.000403979,1846.310214,0.763780821,-0.590557074,0.260540206
0.000336005,5.63E-05,0.000429153,1992.071405,0.844073386,-0.492265419,0.2126379
0.000336005,5.63E-05,0.000454326,2129.785779,0.892223064,-0.421563051,0.161933932
0.000336005,5.63E-05,0.0004795,2237.109889,0.690410229,-0.279269475,-0.667339701
0.000336005,8.19E-05,1.20E-06,686.0206035,0.035397388,-0.150505219,-0.987975305
0.000336005,8.19E-05,2.64E-05,742.5021336,0.183710174,-0.660260921,0.728221181
0.000336005,8.19E-05,5.15E-05,874.7073706,0.117129966,-0.526686238,0.841951411
0.000336005,8.19E-05,7.67E-05,1066.395487,0.061440745,-0.519217378,0.852430847
0.000336005,8.19E-05,0.000101895,1279.611438,-0.001995955,-0.555496372,0.831516565
0.000336005,8.19E-05,0.000127068,1471.748101,-0.096681422,-0.632416595,0.768571372
0.000336005,8.19E-05,0.000152242,1607.030882,-0.252923817,-0.769009049,0.58707293
0.000336005,8.19E-05,0.000177416,1664.587359,-0.44163652,-0.887263874,0.133116496
0.000336005,8.19E-05,0.000202589,1642.18925,-0.468243985,-0.796420195,-0.38270412
0.000336005,8.19E-05,0.000227763,1555.345158,-0.373767639,-0.706460143,-0.601009
0.000336005,8.19E-05,0.000252937,1437.460262,-0.249576629,-0.763739943,-0.595325797
0.000336005,8.19E-05,0.000278111,1339.567436,-0.165427737,-0.902960294,-0.396606065
0.000336005,8.19E-05,0.000303284,1292.75603,-0.131188286,-0.983367612,-0.125609608
0.000336005,8.19E-05,0.000328458,1289.408274,0.054922636,-0.996592107,0.061544097
0.000336005,8.19E-05,0.000353632,1321.702339,0.323514033,-0.932961534,0.15786528
0.000336005,8.19E-05,0.000378805,1384.375284,0.551647009,-0.814204142,0.18098948
0.000336005,8.19E-05,0.000403979,1471.951053,0.690277262,-0.702837917,0.171860888
0.000336005,8.19E-05,0.000429153,1583.338259,0.763914791,-0.624070133,0.164227468
0.000336005,8.19E-05,0.000454326,1720.597013,0.809842276,-0.563168447,0.164306991
0.000336005,8.19E-05,0.0004795,1869.658357,0.733945775,-0.437994455,-0.519118923
0.000336005,0.0001075,1.20E-06,591.347957,0.163760125,-0.26133638,-0.951254918
0.000336005,0.0001075,2.64E-05,641.0146316,0.507966194,-0.678020998,0.531279467
0.000336005,0.0001075,5.15E-05,758.8420714,0.445752095,-0.564929329,0.694377364
0.000336005,0.0001075,7.67E-05,935.3767352,0.398142291,-0.512207475,0.761003429
0.000336005,0.0001075,0.000101895,1143.116012,0.37011417,-0.492378483,0.787768323
0.000336005,0.0001075,0.000127068,1342.363944,0.355507949,-0.503001878,0.787783732
0.000336005,0.0001075,0.000152242,1492.678165,0.342520853,-0.581074966,0.738262385
0.000336005,0.0001075,0.000177416,1565.926085,0.275596329,-0.86989165,0.409066231
0.000336005,0.0001075,0.000202589,1553.317908,-0.114876168,-0.689914091,-0.714718136
0.000336005,0.0001075,0.000227763,1465.949461,-0.232670572,-0.362255623,-0.902571475
0.000336005,0.0001075,0.000252937,1335.245127,-0.258100737,-0.371132408,-0.891989207
0.000336005,0.0001075,0.000278111,1209.652162,-0.324321273,-0.57205956,-0.753368151
0.000336005,0.0001075,0.000303284,1121.104925,-0.3465209,-0.818183941,-0.458800943
0.000336005,0.0001075,0.000328458,1067.474606,-0.14062273,-0.966055693,-0.216706357
0.000336005,0.0001075,0.000353632,1039.786718,0.201893787,-0.976052505,-0.08099634
0.000336005,0.0001075,0.000378805,1026.848869,0.489163696,-0.871739117,-0.028103227
0.000336005,0.0001075,0.000403979,1018.856741,0.645245162,-0.76396574,0.00387674
0.000336005,0.0001075,0.000429153,1031.206801,0.710880356,-0.699671417,0.071477463
0.000336005,0.0001075,0.000454326,1131.793249,0.741050518,-0.64987088,0.168854876
0.000336005,0.0001075,0.0004795,1349.427693,0.765966275,-0.572210047,-0.293038099
0.000336005,0.0001331,1.20E-06,488.1037849,0.518641842,-0.504444778,-0.690323189
0.000336005,0.0001331,2.64E-05,525.1255051,0.724204728,-0.580512864,0.372199311
0.000336005,0.0001331,5.15E-05,631.1654926,0.683806846,-0.478456506,0.550897059
0.000336005,0.0001331,7.67E-05,803.3726745,0.649203103,-0.398971602,0.647577789
0.000336005,0.0001331,0.000101895,1020.924501,0.636873331,-0.326303123,0.698511726
0.000336005,0.0001331,0.000127068,1244.771969,0.656034722,-0.245542951,0.713671566
0.000336005,0.0001331,0.000152242,1428.088642,0.722529787,-0.133149708,0.678396538
0.000336005,0.0001331,0.000177416,1533.451317,0.878160946,0.090319248,0.469761414
0.000336005,0.0001331,0.000202589,1544.047937,0.762961724,0.488720792,-0.423132834
0.000336005,0.0001331,0.000227763,1466.337335,0.128719466,0.412579674,-0.901781189
0.000336005,0.0001331,0.000252937,1329.01602,-0.163220658,0.264473863,-0.950480191
0.000336005,0.0001331,0.000278111,1174.20937,-0.375996187,0.06799688,-0.924122985
0.000336005,0.0001331,0.000303284,1034.915681,-0.517054178,-0.236727887,-0.822566037
0.000336005,0.0001331,0.000328458,920.760609,-0.42436658,-0.590725449,-0.686262668
0.000336005,0.0001331,0.000353632,823.8480848,-0.005322942,-0.837830872,-0.545903925
0.000336005,0.0001331,0.000378805,724.1497974,0.436609867,-0.803135713,-0.405394684
0.000336005,0.0001331,0.000403979,598.6161543,0.664564371,-0.688755245,-0.289776482
0.000336005,0.0001331,0.000429153,459.1150551,0.783694115,-0.614709688,-0.089193798
0.000336005,0.0001331,0.000454326,475.1210663,0.813354344,-0.55022808,0.188954416
0.000336005,0.0001331,0.0004795,796.469106,0.833475831,-0.55249403,0.008269589
0.000336005,0.0001587,1.20E-06,389.7092345,0.83424185,-0.52714637,-0.161731998
0.000336005,0.0001587,2.64E-05,414.1050301,0.862394787,-0.425995613,0.273501315
0.000336005,0.0001587,5.15E-05,513.0906996,0.826826566,-0.325703418,0.458557645
0.000336005,0.0001587,7.67E-05,691.1802619,0.788018114,-0.234512347,0.569237569
0.000336005,0.0001587,0.000101895,933.4286047,0.762633058,-0.137078667,0.632139429
0.000336005,0.0001587,0.000127068,1199.904323,0.7605781,-0.014302201,0.649088901
0.000336005,0.0001587,0.000152242,1435.059194,0.786042547,0.161991962,0.596569961
0.000336005,0.0001587,0.000177416,1588.598706,0.814415599,0.423943209,0.396231484
0.000336005,0.0001587,0.000202589,1632.147681,0.711987217,0.699888097,-0.05684061
0.000336005,0.0001587,0.000227763,1565.996161,0.38981206,0.744712563,-0.54171003
0.000336005,0.0001587,0.000252937,1417.907146,0.058471217,0.616803661,-0.784942265
0.000336005,0.0001587,0.000278111,1231.658507,-0.212558673,0.457846647,-0.863246928
0.000336005,0.0001587,0.000303284,1046.929164,-0.419050741,0.289414484,-0.86060196
0.000336005,0.0001587,0.000328458,882.7137108,-0.490517672,0.117606688,-0.863458789
0.000336005,0.0001587,0.000353632,732.9264056,-0.276047314,-0.082281107,-0.957615633
0.000336005,0.0001587,0.000378805,573.0806945,0.290278722,-0.261776735,-0.920440766
0.000336005,0.0001587,0.000403979,378.2407491,0.698748459,-0.277351521,-0.659413925
0.000336005,0.0001587,0.000429153,165.6844878,0.940695737,-0.216383641,-0.261284617
0.000336005,0.0001587,0.000454326,132.7947891,0.958042558,-0.175596568,0.226539849
0.000336005,0.0001587,0.0004795,467.35884,0.928821941,-0.29518862,0.223949728
0.000336005,0.0001843,1.20E-06,311.5897928,0.877884395,-0.338829671,-0.33839835
0.000336005,0.0001843,2.64E-05,329.6965924,0.939551775,-0.245251959,0.238943378
0.000336005,0.0001843,5.15E-05,431.032233,0.892989423,-0.147081885,0.425366677
0.000336005,0.0001843,7.67E-05,627.2708322,0.840869823,-0.05858229,0.538057669
0.000336005,0.0001843,0.000101895,908.7401049,0.796640233,0.037640693,0.603280629
0.000336005,0.0001843,0.000127068,1233.531721,0.77014175,0.159468085,0.617617693
0.000336005,0.0001843,0.000152242,1535.421708,0.766500942,0.322945558,0.55514185
0.000336005,0.0001843,0.000177416,1747.894944,0.766563561,0.526276296,0.367985826
0.000336005,0.0001843,0.000202589,1827.070071,0.706310362,0.707409631,0.026406182
0.000336005,0.0001843,0.000227763,1765.850995,0.528808884,0.763165333,-0.371402528
0.000336005,0.0001843,0.000252937,1596.186029,0.273759179,0.697318942,-0.662421471
0.000336005,0.0001843,0.000278111,1374.299799,0.003388545,0.600205904,-0.799838353
0.000336005,0.0001843,0.000303284,1154.250683,-0.238014587,0.535734186,-0.810146862
0.000336005,0.0001843,0.000328458,964.2533776,-0.36943737,0.535503764,-0.759441734
0.000336005,0.0001843,0.000353632,796.7929722,-0.299480641,0.582260559,-0.755833306
0.000336005,0.0001843,0.000378805,621.5675963,0.000196918,0.587567708,-0.809174981
0.000336005,0.0001843,0.000403979,424.362215,0.435840627,0.53692503,-0.72232573
0.000336005,0.0001843,0.000429153,252.405927,0.793539396,0.52876894,-0.301162141
0.000336005,0.0001843,0.000454326,237.3259165,0.871993955,0.417930084,0.254874454
0.000336005,0.0001843,0.0004795,452.0947688,0.98063981,0.164822642,0.105731069
0.000336005,0.0002099,1.20E-06,265.0795975,0.719331318,-0.139557551,-0.680504331
0.000336005,0.0002099,2.64E-05,289.4329113,0.9576678,-0.066067184,0.28019192
0.000336005,0.0002099,5.15E-05,408.4539496,0.889320814,0.024418981,0.456631364
0.000336005,0.0002099,7.67E-05,638.2878826,0.825621392,0.098906643,0.555487887
0.000336005,0.0002099,0.000101895,971.8958391,0.772906164,0.176969527,0.609342143
0.000336005,0.0002099,0.000127068,1364.452919,0.741207675,0.274329203,0.612661955
0.000336005,0.0002099,0.000152242,1739.349727,0.740968821,0.400488616,0.539049233
0.000336005,0.0002099,0.000177416,2012.764309,0.760782868,0.545718225,0.351284853
0.000336005,0.0002099,0.000202589,2121.328461,0.750663119,0.659648943,0.036988557
0.000336005,0.0002099,0.000227763,2048.455682,0.654852493,0.680322196,-0.329135112
0.000336005,0.0002099,0.000252937,1837.066152,0.474786242,0.619703589,-0.624936386
0.000336005,0.0002099,0.000278111,1568.906956,0.245128601,0.561712604,-0.790184105
0.000336005,0.0002099,0.000303284,1322.676813,-0.016564776,0.593650237,-0.804552674
0.000336005,0.0002099,0.000328458,1139.035734,-0.222209982,0.729255206,-0.64715498
0.000336005,0.0002099,0.000353632,1001.387044,-0.219300559,0.837893118,-0.499842363
0.000336005,0.0002099,0.000378805,848.0943117,-0.094095324,0.852337966,-0.514457055
0.000336005,0.0002099,0.000403979,657.296098,0.098859201,0.83488655,-0.541471428
0.000336005,0.0002099,0.000429153,499.6369464,0.363962018,0.872879157,-0.324982502
0.000336005,0.0002099,0.000454326,465.7795124,0.581801899,0.799561424,0.149023753
0.000336005,0.0002099,0.0004795,585.088272,0.72874193,0.570314874,-0.379046361
0.000336005,0.0002355,1.20E-06,249.9300953,0.466251424,-0.027678013,-0.884219168
0.000336005,0.0002355,2.64E-05,295.3174655,0.902284246,0.07647889,0.424304276
0.000336005,0.0002355,5.15E-05,450.003656,0.812383807,0.154122782,0.562386627
0.000336005,0.0002355,7.67E-05,729.2926807,0.751243732,0.210503496,0.625556659
0.000336005,0.0002355,0.000101895,1123.20973,0.71069992,0.264219766,0.651991977
0.000336005,0.0002355,0.000127068,1582.991023,0.699669611,0.328401776,0.634519274
0.000336005,0.0002355,0.000152242,2025.244037,0.731967896,0.410265398,0.543971785
0.000336005,0.0002355,0.000177416,2351.345101,0.798051356,0.498331493,0.338791613
0.000336005,0.0002355,0.000202589,2474.364571,0.837815949,0.545863462,0.009875072
0.000336005,0.0002355,0.000227763,2363.371605,0.784238751,0.507222658,-0.357344031
0.000336005,0.0002355,0.000252937,2079.772482,0.649822726,0.404279877,-0.64365224
0.000336005,0.0002355,0.000278111,1746.152572,0.493421492,0.319672584,-0.808915737
0.000336005,0.0002355,0.000303284,1476.80861,0.315752804,0.390112473,-0.864934925
0.000336005,0.0002355,0.000328458,1332.434334,0.001880461,0.825381148,-0.56457278
0.000336005,0.0002355,0.000353632,1292.761714,-0.129793995,0.960497212,-0.24616788
0.000336005,0.0002355,0.000378805,1201.302084,-0.085963932,0.911635585,-0.401908898
0.000336005,0.0002355,0.000403979,970.7421637,-0.032632303,0.791477726,-0.610326259
0.000336005,0.0002355,0.000429153,775.5167687,0.09391042,0.87188724,-0.480617804
0.000336005,0.0002355,0.000454326,703.5646239,0.282631325,0.958541248,-0.036307148
0.000336005,0.0002355,0.0004795,759.1826946,0.303988546,0.569726388,-0.763546205
0.000336005,0.0002611,1.20E-06,250.3136951,0.180866109,-0.015565813,-0.983384541
0.000336005,0.0002611,2.64E-05,326.1059635,0.69359488,0.121448282,0.710053841
0.000336005,0.0002611,5.15E-05,529.3995202,0.637831932,0.199585803,0.743865535
0.000336005,0.0002611,7.67E-05,868.6620994,0.618165048,0.249318216,0.7454612
0.000336005,0.0002611,0.000101895,1323.715961,0.620231109,0.28588723,0.730466881
0.000336005,0.0002611,0.000127068,1839.215978,0.655985359,0.319509773,0.683810437
0.000336005,0.0002611,0.000152242,2328.658765,0.743194137,0.354478773,0.567456847
0.000336005,0.0002611,0.000177416,2684.567064,0.644060233,0.579659173,0.499180988
0.000336005,0.0002611,0.000202589,2797.374649,0.742688853,0.66349141,-0.090511967
0.000336005,0.0002611,0.000227763,2618.034293,0.655652604,0.383317853,-0.650528313
0.000336005,0.0002611,0.000252937,2231.308557,0.739430883,0.099626834,-0.665820144
0.000336005,0.0002611,0.000278111,1811.225463,0.637763448,-0.061880607,-0.767742519
0.000336005,0.0002611,0.000303284,1512.43663,0.627468376,-0.225667385,-0.745223234
0.000336005,0.0002611,0.000328458,1412.661061,0.895339899,-0.440988377,0.06241568
0.000336005,0.0002611,0.000353632,1521.703331,0.071737909,0.329853763,0.941302378
0.000336005,0.0002611,0.000378805,1590.889484,-0.10698387,0.530896723,-0.840656363
0.000336005,0.0002611,0.000403979,1218.809991,-0.094690499,0.394244965,-0.914114116
0.000336005,0.0002611,0.000429153,992.5310227,-0.091960448,0.703418569,-0.704801811
0.000336005,0.0002611,0.000454326,904.3166481,0.001306884,0.982723345,-0.185075983
0.000336005,0.0002611,0.0004795,929.303676,0.059226043,0.429035118,-0.901344076
0.000336005,0.0002867,1.20E-06,240.2204959,-0.108988717,-0.068416221,-0.991685777
0.000336005,0.0002867,2.64E-05,343.8609624,0.126934269,-0.030914849,0.991429253
0.000336005,0.0002867,5.15E-05,598.0416097,0.318535756,0.116720483,0.940697242
0.000336005,0.0002867,7.67E-05,999.4493569,0.416261516,0.194485167,0.88820148
0.000336005,0.0002867,0.000101895,1509.494034,0.499559842,0.233952419,0.834090061
0.000336005,0.0002867,0.000127068,2060.501551,0.605836786,0.247847138,0.755998403
0.000336005,0.0002867,0.000152242,2562.260615,0.762602905,0.237328643,0.601757363
0.000336005,0.0002867,0.000177416,2904.844984,0.719497822,0.375018814,0.58453723
0.000336005,0.0002867,0.000202589,2970.337647,0.873733812,0.272006153,-0.403239232
0.000336005,0.0002867,0.000227763,2702.569518,0.59954467,-0.035974641,-0.799532372
0.000336005,0.0002867,0.000252937,2202.53993,0.725028385,-0.156149317,-0.670784042
0.000336005,0.0002867,0.000278111,1687.229731,0.655383508,-0.330455778,-0.679169667
0.000336005,0.0002867,0.000303284,1354.072007,0.644354873,-0.566425835,-0.513778719
0.000336005,0.0002867,0.000328458,1265.853109,0.506176724,-0.862418851,0.00434174
0.000336005,0.0002867,0.000353632,1356.274686,0.137292184,-0.955790374,0.260030033
0.000336005,0.0002867,0.000378805,1395.826648,-0.076299543,-0.965447362,-0.24917819
0.000336005,0.0002867,0.000403979,1233.176322,-0.279102022,-0.307209611,-0.909793557
0.000336005,0.0002867,0.000429153,1094.708374,-0.41815661,0.476334985,-0.773466245
0.000336005,0.0002867,0.000454326,1044.977072,-0.345080235,0.93529869,-0.078332572
0.000336005,0.0002867,0.0004795,1075.75661,-0.062720061,0.309788593,-0.948734537
0.000336005,0.0003123,1.20E-06,198.9652437,-0.3367295,-0.111325294,-0.934997285
0.000336005,0.0003123,2.64E-05,314.7593947,-0.493082525,-0.212500589,0.843630917
0.000336005,0.0003123,5.15E-05,612.1216383,-0.100300995,-0.044144724,0.993977341
0.000336005,0.0003123,7.67E-05,1071.618234,0.15013921,0.067983899,0.986324697
0.000336005,0.0003123,0.000101895,1626.368643,0.338487859,0.118308438,0.93350366
0.000336005,0.0003123,0.000127068,2190.200775,0.530669104,0.118104496,0.839310211
0.000336005,0.0003123,0.000152242,2667.300951,0.767178434,0.064828186,0.638149322
0.000336005,0.0003123,0.000177416,2950.808849,0.842291513,-0.106529795,0.528390395
0.000336005,0.0003123,0.000202589,2936.130833,0.706992116,-0.352481408,-0.613122341
0.000336005,0.0003123,0.000227763,2582.902491,0.509544366,-0.300164464,-0.806390621
0.000336005,0.0003123,0.000252937,1990.948688,0.670454949,-0.275072384,-0.689075718
0.000336005,0.0003123,0.000278111,1391.404924,0.681104417,-0.381521145,-0.624930708
0.000336005,0.0003123,0.000303284,1040.014139,0.704025461,-0.578540446,-0.411872678
0.000336005,0.0003123,0.000328458,967.7237715,0.515483661,-0.856876425,-0.006275904
0.000336005,0.0003123,0.000353632,1035.87004,0.140881729,-0.962632774,0.231280091
0.000336005,0.0003123,0.000378805,1105.864578,-0.11439234,-0.980809428,0.157883685
0.000336005,0.0003123,0.000403979,1115.409586,-0.491624838,-0.87062779,0.017671179
0.000336005,0.0003123,0.000429153,1110.395298,-0.989983729,0.063603518,0.126042881
0.000336005,0.0003123,0.000454326,1134.43473,-0.639000637,0.669520822,0.378708403
0.000336005,0.0003123,0.0004795,1196.529504,-0.128944428,0.226988052,-0.965323655
0.000336005,0.0003379,1.20E-06,133.4547207,-0.476501656,-0.083366907,-0.875212049
0.000336005,0.0003379,2.64E-05,238.0293735,-0.787946506,-0.186343504,0.586870005
0.000336005,0.0003379,5.15E-05,563.8585924,-0.435758051,-0.112298189,0.893030816
0.000336005,0.0003379,7.67E-05,1070.541741,-0.10938148,-0.041209304,0.993145249
0.000336005,0.0003379,0.000101895,1653.659394,0.152946323,-0.021702804,0.987996159
0.000336005,0.0003379,0.000127068,2209.458098,0.413885766,-0.061024341,0.908281125
0.000336005,0.0003379,0.000152242,2640.837657,0.725424047,-0.169556708,0.667091055
0.000336005,0.0003379,0.000177416,2849.727815,0.740554111,-0.626820855,0.242229694
0.000336005,0.0003379,0.000202589,2755.247978,0.535077936,-0.545739762,-0.644871859
0.000336005,0.0003379,0.000227763,2344.78421,0.673642893,-0.323012528,-0.664731644
0.000336005,0.0003379,0.000252937,1718.850729,0.609184055,-0.297877776,-0.734958242
0.000336005,0.0003379,0.000278111,1096.851196,0.70297787,-0.306718513,-0.641674269
0.000336005,0.0003379,0.000303284,748.8662202,0.781207697,-0.45803933,-0.424163301
0.000336005,0.0003379,0.000328458,690.4592813,0.587246929,-0.808317753,0.041993496
0.000336005,0.0003379,0.000353632,771.5686637,0.105327686,-0.893876823,0.435764046
0.000336005,0.0003379,0.000378805,893.340991,-0.225521998,-0.790554771,0.569353126
0.000336005,0.0003379,0.000403979,1006.175532,-0.517535718,-0.51913428,0.680188488
0.000336005,0.0003379,0.000429153,1104.471389,-0.698346855,0.020622669,0.715462351
0.000336005,0.0003379,0.000454326,1199.833054,-0.640876521,0.415598689,0.645410733
0.000336005,0.0003379,0.0004795,1299.449851,-0.164586448,0.174325575,-0.970835668
0.000336005,0.0003635,1.20E-06,96.14916206,-0.540524364,0.011294089,-0.841252552
0.000336005,0.0003635,2.64E-05,175.7827892,-0.906345594,-0.020868941,0.422021505
0.000336005,0.0003635,5.15E-05,505.6607253,-0.624025039,-0.045572669,0.78007428
0.000336005,0.0003635,7.67E-05,1025.632531,-0.284686663,-0.079269984,0.955337518
0.000336005,0.0003635,0.000101895,1600.926973,-0.003563302,-0.150547577,0.988596343
0.000336005,0.0003635,0.000127068,2122.752386,0.268753391,-0.278857493,0.92195993
0.000336005,0.0003635,0.000152242,2501.80552,0.589829468,-0.474643851,0.65331035
0.000336005,0.0003635,0.000177416,2649.73402,0.795163926,-0.606394464,-0.000293077
0.000336005,0.0003635,0.000202589,2501.572348,0.669781112,-0.516298838,-0.533693519
0.000336005,0.0003635,0.000227763,2070.758065,0.540037364,-0.413265332,-0.733192616
0.000336005,0.0003635,0.000252937,1476.597323,0.506668116,-0.34065316,-0.791986645
0.000336005,0.0003635,0.000278111,919.9031291,0.577078631,-0.2966503,-0.7609066
0.000336005,0.0003635,0.000303284,593.7336259,0.697525391,-0.395039577,-0.597831131
0.000336005,0.0003635,0.000328458,523.3321386,0.598016522,-0.799177755,0.060754872
0.000336005,0.0003635,0.000353632,612.6537622,-0.047622019,-0.654791115,0.75430812
0.000336005,0.0003635,0.000378805,774.5930106,-0.322335971,-0.379112106,0.867394681
0.000336005,0.0003635,0.000403979,951.5414999,-0.467950257,-0.1292549,0.874251524
0.000336005,0.0003635,0.000429153,1116.071863,-0.563239105,0.125305072,0.816737626
0.000336005,0.0003635,0.000454326,1262.113242,-0.601440944,0.327405833,0.728748387
0.000336005,0.0003635,0.0004795,1391.253682,-0.184888273,0.140608502,-0.972648742
0.000336005,0.0003891,1.20E-06,150.0491597,-0.525386365,0.119708621,-0.842400744
0.000336005,0.0003891,2.64E-05,217.4361097,-0.908990904,0.170166606,0.380498178
0.000336005,0.0003891,5.15E-05,513.3687711,-0.672437263,0.063709171,0.737407125
0.000336005,0.0003891,7.67E-05,978.1219829,-0.362035318,-0.09331829,0.927481604
0.000336005,0.0003891,0.000101895,1483.756009,-0.094976498,-0.287821117,0.952962995
0.000336005,0.0003891,0.000127068,1932.362451,0.134763573,-0.520511797,0.843152565
0.000336005,0.0003891,0.000152242,2251.490519,0.352161885,-0.766544678,0.537020728
0.000336005,0.0003891,0.000177416,2359.109537,0.490526767,-0.867343572,-0.084253308
0.000336005,0.0003891,0.000202589,2185.657223,0.434037858,-0.685600041,-0.584434532
0.000336005,0.0003891,0.000227763,1757.271372,0.363433645,-0.536592313,-0.761567249
0.000336005,0.0003891,0.000252937,1215.456383,0.33801049,-0.465179742,-0.818142235
0.000336005,0.0003891,0.000278111,746.825212,0.373036643,-0.438266561,-0.817781196
0.000336005,0.0003891,0.000303284,482.3791091,0.484086373,-0.527899681,-0.697841178
0.000336005,0.0003891,0.000328458,437.3665223,0.423687244,-0.813250695,0.39888899
0.000336005,0.0003891,0.000353632,549.7633005,-0.138839717,-0.213514192,0.9670239
0.000336005,0.0003891,0.000378805,742.7149926,-0.276872385,-0.019852331,0.960701602
0.000336005,0.0003891,0.000403979,954.8341427,-0.381419553,0.090937958,0.919918155
0.000336005,0.0003891,0.000429153,1152.92668,-0.489254523,0.188690223,0.851484593
0.000336005,0.0003891,0.000454326,1325.558078,-0.577557106,0.278490147,0.767379324
0.000336005,0.0003891,0.0004795,1470.858965,-0.201495316,0.112409944,-0.973017802
0.000336005,0.0004147,1.20E-06,277.2821206,-0.451082836,0.182048801,-0.873717637
0.000336005,0.0004147,2.64E-05,341.0184499,-0.857531084,0.314863875,0.406818363
0.000336005,0.0004147,5.15E-05,572.4940646,-0.642777255,0.11973396,0.756638077
0.000336005,0.0004147,7.67E-05,926.3438537,-0.357718141,-0.167512717,0.918682329
0.000336005,0.0004147,0.000101895,1307.839246,-0.109694843,-0.47544437,0.872880113
0.000336005,0.0004147,0.000127068,1640.772783,0.045693344,-0.737699522,0.673581126
0.000336005,0.0004147,0.000152242,1882.349935,0.151202263,-0.91761608,0.367584828
0.000336005,0.0004147,0.000177416,1960.537636,0.232588832,-0.966345619,-0.109902596
0.000336005,0.0004147,0.000202589,1783.599739,0.234824768,-0.805276243,-0.544414824
0.000336005,0.0004147,0.000227763,1375.588069,0.198309944,-0.653123138,-0.730823736
0.000336005,0.0004147,0.000252937,892.3478308,0.138320131,-0.604038439,-0.784859928
0.000336005,0.0004147,0.000278111,520.3779478,0.1183924,-0.644171204,-0.755663086
0.000336005,0.0004147,0.000303284,355.6712986,0.22200003,-0.857332133,-0.464432558
0.000336005,0.0004147,0.000328458,383.6233905,0.164402779,-0.461149771,0.871959067
0.000336005,0.0004147,0.000353632,544.0925522,0.000164325,-0.004881007,0.999988074
0.000336005,0.0004147,0.000378805,766.0807059,-0.096857343,0.110661054,0.989127285
0.000336005,0.0004147,0.000403979,992.7794646,-0.247076253,0.150345326,0.957261515
0.000336005,0.0004147,0.000429153,1199.616084,-0.415371172,0.17086136,0.893461351
0.000336005,0.0004147,0.000454326,1379.448236,-0.553101488,0.19444166,0.810105662
0.000336005,0.0004147,0.0004795,1529.356665,-0.213363996,0.073220882,-0.974225081
0.000336005,0.0004403,1.20E-06,401.8458229,-0.344538082,0.163331745,-0.924454569
0.000336005,0.0004403,2.64E-05,449.7897058,-0.825604714,0.334330765,0.454532502
0.000336005,0.0004403,5.15E-05,607.5620056,-0.565505725,0.021045508,0.82447581
0.000336005,0.0004403,7.67E-05,841.7683053,-0.227506879,-0.386068301,0.893975328
0.000336005,0.0004403,0.000101895,1088.02751,0.011333209,-0.705293767,0.708824563
0.000336005,0.0004403,0.000127068,1292.508449,0.07845046,-0.883458811,0.461893987
0.000336005,0.0004403,0.000152242,1439.731075,0.129956843,-0.969318724,0.208644266
0.000336005,0.0004403,0.000177416,1476.119748,0.232570056,-0.963147111,-0.135125169
0.000336005,0.0004403,0.000202589,1305.770927,0.231162297,-0.848116184,-0.476721019
0.000336005,0.0004403,0.000227763,947.2880375,0.163392997,-0.723045605,-0.671198765
0.000336005,0.0004403,0.000252937,546.1292391,0.029601999,-0.689682517,-0.723506564
0.000336005,0.0004403,0.000278111,281.5832379,-0.061069067,-0.796295818,-0.601816865
0.000336005,0.0004403,0.000303284,225.6580847,0.097034355,-0.968918113,0.22755664
0.000336005,0.0004403,0.000328458,336.0293053,0.190634499,-0.284067042,0.939661856
0.000336005,0.0004403,0.000353632,547.8648872,0.185032193,-0.043986364,0.981747568
0.000336005,0.0004403,0.000378805,793.7630487,0.134051859,0.025801159,0.99063838
0.000336005,0.0004403,0.000403979,1024.077332,-0.068300222,0.041796859,0.996788896
0.000336005,0.0004403,0.000429153,1228.123655,-0.309377692,0.037403301,0.950203366
0.000336005,0.0004403,0.000454326,1406.042761,-0.496003109,0.032386394,0.867716565
0.000336005,0.0004403,0.0004795,1555.098486,-0.208944914,0.01073511,-0.977868488
0.000336005,0.0004659,1.20E-06,475.8741588,-0.211502716,0.081664117,-0.973959739
0.000336005,0.0004659,2.64E-05,494.8952127,-0.827025397,0.130402916,0.546830936
0.000336005,0.0004659,5.15E-05,582.6691259,-0.235992838,-0.410649339,0.88072385
0.000336005,0.0004659,7.67E-05,715.3382399,0.163941894,-0.711039696,0.683773066
0.000336005,0.0004659,0.000101895,851.7490769,0.320503432,-0.841579407,0.434766204
0.000336005,0.0004659,0.000127068,956.6816621,0.365809428,-0.901478172,0.231345128
0.000336005,0.0004659,0.000152242,1014.883387,0.395674829,-0.917593959,0.038245981
0.000336005,0.0004659,0.000177416,989.52433,0.421352299,-0.88736904,-0.187185541
0.000336005,0.0004659,0.000202589,826.8425723,0.39404298,-0.817000114,-0.420999933
0.000336005,0.0004659,0.000227763,543.4095183,0.310125719,-0.736854569,-0.600722384
0.000336005,0.0004659,0.000252937,247.018187,0.180472295,-0.73141274,-0.657620828
0.000336005,0.0004659,0.000278111,89.1645842,0.152853188,-0.915608766,-0.37188236
0.000336005,0.0004659,0.000303284,119.9182793,0.325522159,-0.632699078,0.702657243
0.000336005,0.0004659,0.000328458,284.5682217,0.297903662,-0.23913758,0.924157252
0.000336005,0.0004659,0.000353632,523.2368727,0.284679606,-0.151276999,0.946611215
0.000336005,0.0004659,0.000378805,778.693694,0.238578877,-0.14736235,0.959877314
0.000336005,0.0004659,0.000403979,1011.301302,0.067682948,-0.163515995,0.984216205
0.000336005,0.0004659,0.000429153,1214.906194,-0.167433465,-0.17886806,0.969521661
0.000336005,0.0004659,0.000454326,1391.85882,-0.371336975,-0.192632642,0.908295941
0.000336005,0.0004659,0.0004795,1540.567505,-0.179529859,-0.072144115,-0.981103591
0.000336005,0.0004915,1.20E-06,491.0076689,-0.060644654,0.440325212,-0.895787884
0.000336005,0.0004915,2.64E-05,475.6884197,0.030110601,0.999209,0.025975502
0.000336005,0.0004915,5.15E-05,503.036826,0.202900184,0.969399917,0.138185807
0.000336005,0.0004915,7.67E-05,557.2197514,0.31218674,0.939039194,0.14403066
0.000336005,0.0004915,0.000101895,612.9461685,0.389322719,0.915894255,0.097803548
0.000336005,0.0004915,0.000127068,646.0608128,0.441115796,0.897112231,0.024627214
0.000336005,0.0004915,0.000152242,638.4288451,0.47847516,0.875568379,-0.066644841
0.000336005,0.0004915,0.000177416,569.5999719,0.48165777,0.860162519,-0.167708779
0.000336005,0.0004915,0.000202589,425.3711622,0.410905258,0.879009455,-0.241866175
0.000336005,0.0004915,0.000227763,224.0227412,0.285383283,0.92708421,-0.243045777
0.000336005,0.0004915,0.000252937,32.35746742,0.160780469,0.976132395,-0.14599722
0.000336005,0.0004915,0.000278111,-36.64798215,0.109309667,0.993978163,0.007668646
0.000336005,0.0004915,0.000303284,46.72959183,0.111418958,0.983363585,0.143463848
0.000336005,0.0004915,0.000328458,229.8980298,0.117199307,0.963886816,0.23913705
0.000336005,0.0004915,0.000353632,467.5619031,0.117568085,0.946076518,0.301855872
0.000336005,0.0004915,0.000378805,717.5654732,0.099065968,0.938727008,0.330117462
0.000336005,0.0004915,0.000403979,950.378429,0.052315126,0.942690074,0.329542943
0.000336005,0.0004915,0.000429153,1156.725207,-0.008162201,0.949543669,0.313528627
0.000336005,0.0004915,0.000454326,1335.806424,-0.063313369,0.954888095,0.290138145
0.000336005,0.0004915,0.0004795,1486.602136,-0.082472577,0.76170568,-0.642652885
0.000361521,5.10E-06,1.20E-06,969.606496,0.026710741,0.15986285,-0.986777789
0.000361521,5.10E-06,2.64E-05,975.1215135,0.27776566,0.870720175,0.405823378
0.000361521,5.10E-06,5.15E-05,1126.68301,0.037981427,0.725427366,0.68724999
0.000361521,5.10E-06,7.67E-05,1356.476085,-0.135537321,0.744950614,0.653206106
0.000361521,5.10E-06,0.000101895,1574.742443,-0.234470776,0.816566056,0.527487755
0.000361521,5.10E-06,0.000127068,1752.314636,-0.29244887,0.879073969,0.376434078
0.000361521,5.10E-06,0.000152242,1875.898239,-0.313050214,0.922775681,0.224687798
0.000361521,5.10E-06,0.000177416,1943.135362,-0.292371241,0.951665465,0.094084536
0.000361521,5.10E-06,0.000202589,1962.898496,-0.234217499,0.972135001,0.00978282
0.000361521,5.10E-06,0.000227763,1953.575351,-0.163663095,0.986342366,-0.018523727
0.000361521,5.10E-06,0.000252937,1939.163673,-0.101548867,0.994810967,-0.006242401
0.000361521,5.10E-06,0.000278111,1944.110392,-0.051949602,0.998183968,0.030495983
0.000361521,5.10E-06,0.000303284,1988.17903,0.004100968,0.996007354,0.089176975
0.000361521,5.10E-06,0.000328458,2083.252025,0.082924263,0.983164449,0.162822703
0.000361521,5.10E-06,0.000353632,2232.241976,0.187289392,0.954364388,0.232618355
0.000361521,5.10E-06,0.000378805,2427.910118,0.300469624,0.914887973,0.26962567
0.000361521,5.10E-06,0.000403979,2650.444223,0.397382296,0.88083823,0.257315609
0.000361521,5.10E-06,0.000429153,2866.173668,0.292999986,0.930086591,0.2215625
0.000361521,5.10E-06,0.000454326,3034.11677,0.272445738,0.950937296,0.146600066
0.000361521,5.10E-06,0.0004795,3125.06435,0.182608428,0.615348272,-0.766812015
0.000361521,3.07E-05,1.20E-06,849.4372074,0.038532784,-0.078955416,-0.996133157
0.000361521,3.07E-05,2.64E-05,865.9260284,0.48591283,-0.559134565,0.671756846
0.000361521,3.07E-05,5.15E-05,1014.913603,0.135051054,-0.37515743,0.917070398
0.000361521,3.07E-05,7.67E-05,1241.321463,-0.090249129,-0.382474989,0.919547702
0.000361521,3.07E-05,0.000101895,1461.43395,-0.267962824,-0.428907986,0.862689901
0.000361521,3.07E-05,0.000127068,1640.36821,-0.455200491,-0.500866542,0.736155704
0.000361521,3.07E-05,0.000152242,1760.514706,-0.629195668,-0.598959113,0.495339068
0.000361521,3.07E-05,0.000177416,1816.966718,-0.701516735,-0.69236916,0.168817111
0.000361521,3.07E-05,0.000202589,1818.156292,-0.641154095,-0.762076159,-0.090340211
0.000361521,3.07E-05,0.000227763,1784.375938,-0.518138606,-0.834137435,-0.189069102
0.000361521,3.07E-05,0.000252937,1744.020819,-0.378601398,-0.915639451,-0.135149463
0.000361521,3.07E-05,0.000278111,1727.51441,-0.224851395,-0.973765374,0.034969213
0.000361521,3.07E-05,0.000303284,1759.73024,-0.041747205,-0.964397464,0.261141152
0.000361521,3.07E-05,0.000328458,1855.726449,0.176068526,-0.867721071,0.464822564
0.000361521,3.07E-05,0.000353632,2020.998285,0.403827494,-0.703537971,0.584771475
0.000361521,3.07E-05,0.000378805,2250.663136,0.607504023,-0.515656658,0.60418298
0.000361521,3.07E-05,0.000403979,2524.574316,0.770832156,-0.341030661,0.538066794
0.000361521,3.07E-05,0.000429153,2800.544753,0.739408959,-0.296641139,0.604382681
0.000361521,3.07E-05,0.000454326,3017.263845,0.847507647,-0.218599701,0.48367857
0.000361521,3.07E-05,0.0004795,3125.704069,0.251260693,-0.047842096,-0.966736364
0.000361521,5.63E-05,1.20E-06,787.4588772,0.04781916,-0.051369527,-0.99753421
0.000361521,5.63E-05,2.64E-05,835.0552712,0.492041472,-0.299782535,0.817328344
0.000361521,5.63E-05,5.15E-05,970.5146498,0.225724995,-0.242456971,0.94353741
0.000361521,5.63E-05,7.67E-05,1167.605983,0.053825733,-0.306113565,0.950472133
0.000361521,5.63E-05,0.000101895,1372.98648,-0.094096613,-0.37407175,0.922613762
0.000361521,5.63E-05,0.000127068,1545.379616,-0.278514911,-0.473435174,0.835636632
0.000361521,5.63E-05,0.000152242,1658.740751,-0.520739194,-0.628542772,0.577723702
0.000361521,5.63E-05,0.000177416,1702.726564,-0.66594533,-0.739977797,0.094602728
0.000361521,5.63E-05,0.000202589,1683.319066,-0.603862482,-0.751200269,-0.266548793
0.000361521,5.63E-05,0.000227763,1620.964588,-0.488851258,-0.78831038,-0.373619048
0.000361521,5.63E-05,0.000252937,1547.402054,-0.377936169,-0.876214474,-0.299019143
0.000361521,5.63E-05,0.000278111,1499.251927,-0.26443286,-0.960092956,-0.091086654
0.000361521,5.63E-05,0.000303284,1506.671884,-0.119618049,-0.977476541,0.173871029
0.000361521,5.63E-05,0.000328458,1587.262595,0.082263632,-0.911455666,0.403089648
0.000361521,5.63E-05,0.000353632,1749.047426,0.317289173,-0.780558706,0.538568182
0.000361521,5.63E-05,0.000378805,1990.84074,0.536890525,-0.623468451,0.568362257
0.000361521,5.63E-05,0.000403979,2296.023079,0.71480229,-0.476658032,0.511717506
0.000361521,5.63E-05,0.000429153,2620.258177,0.658985142,-0.507797254,0.554869833
0.000361521,5.63E-05,0.000454326,2884.671524,0.742177249,-0.512959498,0.431329902
0.000361521,5.63E-05,0.0004795,3015.965575,0.291401671,-0.185416918,-0.93845918
0.000361521,8.19E-05,1.20E-06,735.2259898,0.074536664,-0.057282193,-0.995571713
0.000361521,8.19E-05,2.64E-05,797.6471494,0.591618955,-0.338354298,0.731780965
0.000361521,8.19E-05,5.15E-05,928.0122343,0.416660133,-0.261595706,0.870610142
0.000361521,8.19E-05,7.67E-05,1109.50433,0.299676066,-0.265784003,0.916271313
0.000361521,8.19E-05,0.000101895,1305.672562,0.215794044,-0.287542127,0.933141177
0.000361521,8.19E-05,0.000127068,1475.730633,0.120966315,-0.344138652,0.93109384
0.000361521,8.19E-05,0.000152242,1586.427779,-0.106660838,-0.551755317,0.827157504
0.000361521,8.19E-05,0.000177416,1621.460613,-0.571087943,-0.82063771,-0.02030544
0.000361521,8.19E-05,0.000202589,1583.82862,-0.530325558,-0.60899897,-0.58980934
0.000361521,8.19E-05,0.000227763,1492.743896,-0.456226121,-0.599052702,-0.658022482
0.000361521,8.19E-05,0.000252937,1381.326816,-0.409972835,-0.719366872,-0.560743772
0.000361521,8.19E-05,0.000278111,1290.930278,-0.366144726,-0.876599614,-0.312267763
0.000361521,8.19E-05,0.000303284,1256.568488,-0.26538806,-0.964008761,0.016008969
0.000361521,8.19E-05,0.000328458,1298.392007,-0.058662129,-0.953810736,0.294624905
0.000361521,8.19E-05,0.000353632,1426.178089,0.212194814,-0.863811751,0.456949253
0.000361521,8.19E-05,0.000378805,1640.493724,0.465085256,-0.733603787,0.495500947
0.000361521,8.19E-05,0.000403979,1928.351493,0.654911747,-0.610065925,0.445993465
0.000361521,8.19E-05,0.000429153,2252.711461,0.785057357,-0.514021396,0.345639914
0.000361521,8.19E-05,0.000454326,2538.698922,0.654889477,-0.67713197,0.335577216
0.000361521,8.19E-05,0.0004795,2704.328235,0.374830452,-0.387499826,-0.842226821
0.000361521,0.0001075,1.20E-06,675.8963534,0.137990312,-0.084896846,-0.986788326
0.000361521,0.0001075,2.64E-05,744.406939,0.712437532,-0.347729649,0.609521825
0.000361521,0.0001075,5.15E-05,875.2227856,0.607922222,-0.260105226,0.750183873
0.000361521,0.0001075,7.67E-05,1056.202364,0.542865241,-0.207350973,0.813819946
0.000361521,0.0001075,0.000101895,1258.224814,0.525756642,-0.155243342,0.836348885
0.000361521,0.0001075,0.000127068,1439.85324,0.561124996,-0.086253183,0.823224834
0.000361521,0.0001075,0.000152242,1559.885349,0.665270256,0.022787021,0.746254808
0.000361521,0.0001075,0.000177416,1595.903516,0.895604188,0.399554829,-0.195573713
0.000361521,0.0001075,0.000202589,1548.163776,-0.170533263,0.107319767,-0.979490109
0.000361521,0.0001075,0.000227763,1433.488284,-0.34528508,-0.072429284,-0.935698783
0.000361521,0.0001075,0.000252937,1284.114926,-0.448824038,-0.273113604,-0.850861882
0.000361521,0.0001075,0.000278111,1143.098723,-0.544018468,-0.540350921,-0.641922729
0.000361521,0.0001075,0.000303284,1049.741286,-0.530105503,-0.799424615,-0.28268081
0.000361521,0.0001075,0.000328458,1028.874218,-0.310351131,-0.946736261,0.085864006
0.000361521,0.0001075,0.000353632,1091.390231,0.052787451,-0.945165908,0.322296278
0.000361521,0.0001075,0.000378805,1234.767321,0.391505914,-0.835638058,0.385268939
0.000361521,0.0001075,0.000403979,1444.400109,0.61078068,-0.712173347,0.346057921
0.000361521,0.0001075,0.000429153,1697.203105,0.730727237,-0.62182282,0.281734068
0.000361521,0.0001075,0.000454326,1957.960986,0.792336003,-0.568205107,0.222140979
0.000361521,0.0001075,0.0004795,2172.154427,0.704022729,-0.467765455,-0.534366425
0.000361521,0.0001331,1.20E-06,610.3116947,0.284545892,-0.13832801,-0.948630063
0.000361521,0.0001331,2.64E-05,682.0064952,0.802788613,-0.300132035,0.515219569
0.000361521,0.0001331,5.15E-05,818.0751339,0.734015247,-0.206689844,0.646916474
0.000361521,0.0001331,7.67E-05,1010.2677,0.69123247,-0.124652769,0.711800084
0.000361521,0.0001331,0.000101895,1233.253168,0.688679147,-0.031030373,0.724401925
0.000361521,0.0001331,0.000127068,1443.58897,0.733266708,0.101761628,0.672283055
0.000361521,0.0001331,0.000152242,1591.273497,0.792354258,0.331060456,0.512419462
0.000361521,0.0001331,0.000177416,1645.813195,0.717597344,0.695372427,0.038874651
0.000361521,0.0001331,0.000202589,1601.92533,0.267139192,0.749275858,-0.60598873
0.000361521,0.0001331,0.000227763,1471.95863,-0.106460756,0.517546351,-0.849006409
0.000361521,0.0001331,0.000252937,1286.537705,-0.351788187,0.28423302,-0.891883771
0.000361521,0.0001331,0.000278111,1090.300639,-0.570358326,0.026238765,-0.820976801
0.000361521,0.0001331,0.000303284,928.0697841,-0.731603826,-0.293037383,-0.615536298
0.000361521,0.0001331,0.000328458,831.3939677,-0.690635539,-0.663930163,-0.286739065
0.000361521,0.0001331,0.000353632,812.1507005,-0.271486902,-0.959951568,0.069194281
0.000361521,0.0001331,0.000378805,861.8581205,0.299112443,-0.926029492,0.230219734
0.000361521,0.0001331,0.000403979,960.5605818,0.615091102,-0.755528238,0.225477309
0.000361521,0.0001331,0.000429153,1100.021776,0.746247618,-0.629600344,0.216143238
0.000361521,0.0001331,0.000454326,1303.267227,0.788234189,-0.567932924,0.236936821
0.000361521,0.0001331,0.0004795,1563.048547,0.760018689,-0.544198797,-0.355273502
0.000361521,0.0001587,1.20E-06,545.2482623,0.553727007,-0.206039475,-0.806804893
0.000361521,0.0001587,2.64E-05,621.3284052,0.856622259,-0.22277531,0.465370246
0.000361521,0.0001587,5.15E-05,768.5671833,0.798718777,-0.124517608,0.588679608
0.000361521,0.0001587,7.67E-05,982.2637255,0.756971873,-0.030552915,0.652732796
0.000361521,0.0001587,0.000101895,1239.348787,0.740730845,0.078092009,0.66724767
0.000361521,0.0001587,0.000127068,1494.963538,0.750529633,0.229252116,0.619797335
0.000361521,0.0001587,0.000152242,1692.749575,0.751374739,0.462079889,0.471081922
0.000361521,0.0001587,0.000177416,1789.665466,0.653830686,0.743693578,0.139374661
0.000361521,0.0001587,0.000202589,1766.766956,0.396146413,0.864796229,-0.308537683
0.000361521,0.0001587,0.000227763,1629.001499,0.095370137,0.768930982,-0.63217852
0.000361521,0.0001587,0.000252937,1407.804705,-0.172747839,0.595898408,-0.784259696
0.000361521,0.0001587,0.000278111,1154.74953,-0.424675587,0.40990034,-0.807237485
0.000361521,0.0001587,0.000303284,924.396641,-0.656864182,0.214824216,-0.722758606
0.000361521,0.0001587,0.000328458,755.9238655,-0.823185863,-0.009940571,-0.567684965
0.000361521,0.0001587,0.000353632,661.5951804,-0.82750338,-0.395093854,-0.398922301
0.000361521,0.0001587,0.000378805,627.6980177,0.006660415,-0.994037394,-0.108836108
0.000361521,0.0001587,0.000403979,632.8477732,0.701749857,-0.706293759,0.09325376
0.000361521,0.0001587,0.000429153,682.0325464,0.837387606,-0.514688029,0.184060398
0.000361521,0.0001587,0.000454326,829.299316,0.84629776,-0.450348337,0.284546089
0.000361521,0.0001587,0.0004795,1092.727341,0.841275355,-0.500187769,-0.205104786
0.000361521,0.0001843,1.20E-06,487.8885038,0.767214829,-0.217154592,-0.603510803
0.000361521,0.0001843,2.64E-05,573.2920761,0.874451688,-0.141417423,0.46404241
0.000361521,0.0001843,5.15E-05,740.437133,0.814258552,-0.037135969,0.579313327
0.000361521,0.0001843,7.67E-05,987.8583182,0.766016706,0.062500881,0.639774997
0.000361521,0.0001843,0.000101895,1294.273684,0.733636819,0.176054752,0.656339655
0.000361521,0.0001843,0.000127068,1614.134013,0.715719306,0.32741798,0.616881951
0.000361521,0.0001843,0.000152242,1885.239286,0.693178664,0.534437875,0.483610894
0.000361521,0.0001843,0.000177416,2047.453335,0.621139779,0.754973455,0.21023905
0.000361521,0.0001843,0.000202589,2059.874465,0.464942783,0.870380756,-0.162066493
0.000361521,0.0001843,0.000227763,1915.965398,0.249824863,0.832525154,-0.4944587
0.000361521,0.0001843,0.000252937,1652.987646,0.011788169,0.711533836,-0.702552944
0.000361521,0.0001843,0.000278111,1339.923314,-0.239974009,0.582319369,-0.776734593
0.000361521,0.0001843,0.000303284,1048.619515,-0.490304356,0.480675125,-0.727016549
0.000361521,0.0001843,0.000328458,826.7141934,-0.684923268,0.422489087,-0.59361864
0.000361521,0.0001843,0.000353632,683.0047708,-0.771360691,0.416735898,-0.480971804
0.000361521,0.0001843,0.000378805,594.8517734,-0.691256231,0.478416686,-0.541555442
0.000361521,0.0001843,0.000403979,542.0676715,0.911361274,0.162973732,-0.377968506
0.000361521,0.0001843,0.000429153,541.3813785,0.967673338,-0.149248232,0.20330587
0.000361521,0.0001843,0.000454326,642.2567767,0.893445884,-0.21355127,0.395158584
0.000361521,0.0001843,0.0004795,858.6039165,0.920815471,-0.341774455,-0.187853907
0.000361521,0.0002099,1.20E-06,440.8491152,0.796753958,-0.192838246,-0.572709823
0.000361521,0.0002099,2.64E-05,543.0605475,0.853186419,-0.084466384,0.514721638
0.000361521,0.0002099,5.15E-05,741.5420181,0.785267972,0.028912638,0.618480615
0.000361521,0.0002099,7.67E-05,1037.285384,0.731752153,0.131210773,0.668821739
0.000361521,0.0002099,0.000101895,1410.184179,0.692806066,0.240472523,0.679847571
0.000361521,0.0002099,0.000127068,1813.937953,0.669485594,0.376094375,0.640579472
0.000361521,0.0002099,0.000152242,2179.719782,0.656813017,0.549301489,0.516589329
0.000361521,0.0002099,0.000177416,2427.404819,0.629242175,0.730402969,0.26564222
0.000361521,0.0002099,0.000202589,2484.883847,0.547064689,0.832198271,-0.090367382
0.000361521,0.0002099,0.000227763,2325.68279,0.399033174,0.804476902,-0.439988
0.000361521,0.0002099,0.000252937,2001.090428,0.199908766,0.699971384,-0.685621285
0.000361521,0.0002099,0.000278111,1615.518612,-0.03978559,0.605766382,-0.794647216
0.000361521,0.0002099,0.000303284,1269.456868,-0.317771303,0.571699373,-0.756426616
0.000361521,0.0002099,0.000328458,1020.545198,-0.559475188,0.599002758,-0.572872769
0.000361521,0.0002099,0.000353632,865.8935234,-0.637014835,0.663105453,-0.393069024
0.000361521,0.0002099,0.000378805,754.3120698,-0.566906195,0.742228201,-0.357371884
0.000361521,0.0002099,0.000403979,656.2937632,-0.305417568,0.871340363,-0.384039166
0.000361521,0.0002099,0.000429153,607.2374784,0.504402493,0.863453338,-0.005143863
0.000361521,0.0002099,0.000454326,654.9629627,0.809773581,0.294941029,0.507224346
0.000361521,0.0002099,0.0004795,807.1191888,0.885078639,-0.006643048,-0.465394105
0.000361521,0.0002355,1.20E-06,397.4710841,0.686597319,-0.207662328,-0.69674994
0.000361521,0.0002355,2.64E-05,523.1124018,0.78189199,-0.088104073,0.617156858
0.000361521,0.0002355,5.15E-05,763.9323456,0.710977314,0.043499437,0.701868263
0.000361521,0.0002355,7.67E-05,1121.255316,0.662583796,0.150418779,0.733728086
0.000361521,0.0002355,0.000101895,1573.639896,0.633436628,0.250485969,0.732130328
0.000361521,0.0002355,0.000127068,2073.591913,0.627571071,0.361427149,0.689583184
0.000361521,0.0002355,0.000152242,2548.599839,0.651089973,0.497726423,0.573018547
0.000361521,0.0002355,0.000177416,2900.7342,0.548568488,0.425636887,0.719656762
0.000361521,0.0002355,0.000202589,3012.502392,0.653385151,0.718776761,-0.237587482
0.000361521,0.0002355,0.000227763,2815.516602,0.745647098,0.304599504,-0.592646224
0.000361521,0.0002355,0.000252937,2390.29394,0.394741927,0.557320565,-0.730460539
0.000361521,0.0002355,0.000278111,1907.099002,0.182217017,0.469985616,-0.863661091
0.000361521,0.0002355,0.000303284,1505.909467,-0.115379053,0.489740285,-0.864200282
0.000361521,0.0002355,0.000328458,1255.831016,-0.517353167,0.609219342,-0.600997083
0.000361521,0.0002355,0.000353632,1139.744785,-0.680113973,0.664529633,-0.309589002
0.000361521,0.0002355,0.000378805,1037.543124,-0.64563654,0.683161782,-0.341238097
0.000361521,0.0002355,0.000403979,881.413997,-0.53188916,0.707884608,-0.464750797
0.000361521,0.0002355,0.000429153,768.5538013,-0.291537863,0.890494716,-0.349320532
0.000361521,0.0002355,0.000454326,760.4523857,0.24213112,0.90452884,0.350998715
0.000361521,0.0002355,0.0004795,855.495892,0.384566308,0.321177815,-0.865421034
0.000361521,0.0002611,1.20E-06,340.1064568,0.449743809,-0.280964005,-0.847814682
0.000361521,0.0002611,2.64E-05,489.8593164,0.632681658,-0.193181584,0.74992986
0.000361521,0.0002611,5.15E-05,779.2407008,0.583854265,-0.020675302,0.811595176
0.000361521,0.0002611,7.67E-05,1206.091543,0.562061853,0.10353228,0.820589751
0.000361521,0.0002611,0.000101895,1741.527839,0.562556323,0.198668608,0.802534216
0.000361521,0.0002611,0.000127068,2333.591705,0.592459072,0.28165508,0.754760004
0.000361521,0.0002611,0.000152242,2910.346295,0.494727739,0.734213825,0.464945721
0.000361521,0.0002611,0.000177416,2706.423831,0.602818821,-0.343031139,-0.720374282
0.000361521,0.0002611,0.000202589,2747.059857,0.046270042,-0.971857631,-0.230980147
0.000361521,0.0002611,0.000227763,2650.891944,0.767642082,-0.611899117,-0.190538983
0.000361521,0.0002611,0.000252937,2705.924735,0.772449539,0.378147492,-0.5102217
0.000361521,0.0002611,0.000278111,2104.931618,0.386598695,0.170207055,-0.906405542
0.000361521,0.0002611,0.000303284,1644.779143,0.170551034,0.128613193,-0.976919132
0.000361521,0.0002611,0.000328458,1398.005218,-0.512058629,0.2180087,-0.830823788
0.000361521,0.0002611,0.000353632,1342.381188,-0.947648489,0.233253045,-0.21807191
0.000361521,0.0002611,0.000378805,1280.251104,-0.907168175,0.235193181,-0.348898365
0.000361521,0.0002611,0.000403979,1072.942963,-0.711900459,0.353303987,-0.606938241
0.000361521,0.0002611,0.000429153,920.817209,-0.617420343,0.598453261,-0.510534833
0.000361521,0.0002611,0.000454326,882.8083062,-0.399394915,0.91142541,0.09893141
0.000361521,0.0002611,0.0004795,944.1112913,0.002837055,0.314194486,-0.9493544
0.000361521,0.0002867,1.20E-06,244.3835736,0.161962008,-0.357325929,-0.919829597
0.000361521,0.0002867,2.64E-05,408.0759263,0.370107043,-0.40437398,0.836362637
0.000361521,0.0002867,5.15E-05,745.37741,0.394870735,-0.165141586,0.903772847
0.000361521,0.0002867,7.67E-05,1244.721367,0.430114753,-0.004788801,0.902761523
0.000361521,0.0002867,0.000101895,1857.481133,0.480290855,0.094390297,0.872015577
0.000361521,0.0002867,0.000127068,2517.148422,0.559185681,0.149975824,0.815364106
0.000361521,0.0002867,0.000152242,3147.324043,0.539737526,0.56403952,0.624934255
0.000361521,0.0002867,0.000177416,2821.662942,-0.112370242,0.402626876,-0.908440712
0.000361521,0.0002867,0.000202589,2774.892992,-0.808679867,0.179408042,-0.560222837
0.000361521,0.0002867,0.000227763,2681.17765,0.926411827,-0.292305731,0.237315164
0.000361521,0.0002867,0.000252937,2801.781366,0.530945148,-0.116751384,-0.839324946
0.000361521,0.0002867,0.000278111,2109.738063,0.5037099,-0.134994815,-0.853260064
0.000361521,0.0002867,0.000303284,1600.553729,0.400337785,-0.286201464,-0.870527644
0.000361521,0.0002867,0.000328458,1336.524217,0.006157275,-0.648637944,-0.761072208
0.000361521,0.0002867,0.000353632,1267.829371,-0.689360125,-0.680961591,-0.247131403
0.000361521,0.0002867,0.000378805,1222.247926,-0.831413797,-0.465286016,-0.303743347
0.000361521,0.0002867,0.000403979,1094.186867,-0.851066932,-0.160774361,-0.499836656
0.000361521,0.0002867,0.000429153,995.2056831,-0.88767571,0.260547062,-0.379667042
0.000361521,0.0002867,0.000454326,978.6880491,-0.72950269,0.659746044,0.180446621
0.000361521,0.0002867,0.0004795,1038.147996,-0.126521459,0.232993648,-0.964212777
0.000361521,0.0003123,1.20E-06,91.19747668,-0.0636169,-0.365472727,-0.92864556
0.000361521,0.0003123,2.64E-05,243.5311086,0.023723141,-0.612956009,0.789760814
0.000361521,0.0003123,5.15E-05,623.7759996,0.159784516,-0.3230693,0.932788902
0.000361521,0.0003123,7.67E-05,1200.092358,0.275238941,-0.127525879,0.9528802
0.000361521,0.0003123,0.000101895,1881.592699,0.387256156,-0.029606248,0.921496685
0.000361521,0.0003123,0.000127068,2574.859677,0.521382129,-0.005140217,0.853307831
0.000361521,0.0003123,0.000152242,3189.842809,0.53132449,-0.211694083,0.82029257
0.000361521,0.0003123,0.000177416,2874.283066,-0.152193084,0.015195321,-0.988233964
0.000361521,0.0003123,0.000202589,2792.811336,-0.459673571,-0.111730254,-0.881031531
0.000361521,0.0003123,0.000227763,2617.21214,0.519288343,0.721599365,-0.457858028
0.000361521,0.0003123,0.000252937,2625.090485,0.80260939,-0.346539762,-0.485518651
0.000361521,0.0003123,0.000278111,1911.666192,0.5568309,-0.30686271,-0.771864383
0.000361521,0.0003123,0.000303284,1386.266319,0.505624036,-0.448841972,-0.73680745
0.000361521,0.0003123,0.000328458,1109.632435,0.266023998,-0.773608401,-0.575118487
0.000361521,0.0003123,0.000353632,1022.164469,-0.253633228,-0.947815265,-0.193174554
0.000361521,0.0003123,0.000378805,1009.754105,-0.576417128,-0.815764212,-0.047665968
0.000361521,0.0003123,0.000403979,998.6772177,-0.842424677,-0.538316523,-0.023151328
0.000361521,0.0003123,0.000429153,1001.420729,-0.986231044,-0.017443423,0.16445077
0.000361521,0.0003123,0.000454326,1042.472177,-0.781647891,0.418807519,0.462197832
0.000361521,0.0003123,0.0004795,1124.554508,-0.157849133,0.167166001,-0.973210758
0.000361521,0.0003379,1.20E-06,-108.2191123,-0.210547277,-0.266917622,-0.940438636
0.000361521,0.0003379,2.64E-05,-12.2735974,-0.359973669,-0.646181792,0.672954716
0.000361521,0.0003379,5.15E-05,408.4640066,-0.083538898,-0.360613291,0.928966796
0.000361521,0.0003379,7.67E-05,1073.534452,0.126910625,-0.183794007,0.974737635
0.000361521,0.0003379,0.000101895,1812.564005,0.298234284,-0.1279108,0.945883259
0.000361521,0.0003379,0.000127068,2509.134231,0.480943874,-0.154073753,0.863107333
0.000361521,0.0003379,0.000152242,3068.742808,0.381330484,-0.679785061,0.62648171
0.000361521,0.0003379,0.000177416,2827.871178,0.140327311,0.497449847,-0.856067693
0.000361521,0.0003379,0.000202589,2741.73979,0.392398326,0.740637421,0.545417056
0.000361521,0.0003379,0.000227763,2949.987731,0.648794274,-0.14012452,-0.747951275
0.000361521,0.0003379,0.000252937,2289.668551,0.581594733,-0.378724799,-0.719941034
0.000361521,0.0003379,0.000278111,1608.890034,0.562244355,-0.378572784,-0.73523053
0.000361521,0.0003379,0.000303284,1103.703739,0.532495526,-0.483190009,-0.694964697
0.000361521,0.0003379,0.000328458,838.4662153,0.328118324,-0.777996081,-0.535780237
0.000361521,0.0003379,0.000353632,769.4750423,-0.18097185,-0.981792423,-0.057730647
0.000361521,0.0003379,0.000378805,813.4754899,-0.537973035,-0.779665788,0.320478195
0.000361521,0.0003379,0.000403979,897.1370636,-0.737830527,-0.435525041,0.515678246
0.000361521,0.0003379,0.000429153,990.4816479,-0.784716807,0.000188993,0.619854416
0.000361521,0.0003379,0.000454326,1092.151754,-0.683332234,0.314609187,0.65884605
0.000361521,0.0003379,0.0004795,1204.313237,-0.153768407,0.126099139,-0.980027696
0.000361521,0.0003635,1.20E-06,-259.9447691,-0.291611247,-0.056512275,-0.954866086
0.000361521,0.0003635,2.64E-05,-260.9981232,-0.826877641,-0.210833824,0.521365961
0.000361521,0.0003635,5.15E-05,195.140852,-0.303094768,-0.156056275,0.94009574
0.000361521,0.0003635,7.67E-05,930.8552997,0.028390391,-0.136221917,0.990271465
0.000361521,0.0003635,0.000101895,1684.170382,0.243945436,-0.186125934,0.951760349
0.000361521,0.0003635,0.000127068,2346.821006,0.454826645,-0.293740831,0.840743151
0.000361521,0.0003635,0.000152242,2838.129491,0.264988626,-0.585787727,0.765920209
0.000361521,0.0003635,0.000177416,3067.518221,0.709488881,-0.542253528,0.450096254
0.000361521,0.0003635,0.000202589,2961.445149,0.430242422,-0.331975607,-0.839454379
0.000361521,0.0003635,0.000227763,2531.084828,0.594151536,-0.507296491,-0.624206875
0.000361521,0.0003635,0.000252937,1907.659022,0.520706603,-0.45835029,-0.720263594
0.000361521,0.0003635,0.000278111,1290.66727,0.504698642,-0.445509537,-0.739459623
0.000361521,0.0003635,0.000303284,841.5403388,0.479767312,-0.509768109,-0.714114697
0.000361521,0.0003635,0.000328458,616.086431,0.271913039,-0.783318331,-0.558995251
0.000361521,0.0003635,0.000353632,589.9639333,-0.395943479,-0.874074273,0.281465677
0.000361521,0.0003635,0.000378805,693.9157324,-0.562645762,-0.378047392,0.735193795
0.000361521,0.0003635,0.000403979,846.6519138,-0.584327464,-0.075274934,0.808019244
0.000361521,0.0003635,0.000429153,1001.481195,-0.600037901,0.149576947,0.785863381
0.000361521,0.0003635,0.000454326,1146.309266,-0.592113055,0.310538684,0.743618085
0.000361521,0.0003635,0.0004795,1281.620587,-0.144239976,0.104294695,-0.984031222
0.000361521,0.0003891,1.20E-06,-201.0627409,-0.277963492,0.170274746,-0.945379716
0.000361521,0.0003891,2.64E-05,-199.4210459,-0.75482024,0.418836479,0.504799375
0.000361521,0.0003891,5.15E-05,207.2652993,-0.309238297,0.167713356,0.936079006
0.000361521,0.0003891,7.67E-05,865.2344767,0.022358544,-0.048426623,0.998576466
0.000361521,0.0003891,0.000101895,1530.968834,0.253662253,-0.243690879,0.93609306
0.000361521,0.0003891,0.000127068,2099.133542,0.455952071,-0.45221517,0.766556684
0.000361521,0.0003891,0.000152242,2508.207764,0.630114885,-0.618869449,0.468994495
0.000361521,0.0003891,0.000177416,2676.790684,0.341430274,-0.939700149,0.019723037
0.000361521,0.0003891,0.000202589,2526.006054,0.641858063,-0.640037352,-0.422339217
0.000361521,0.0003891,0.000227763,2079.066309,0.50803211,-0.574671402,-0.64160436
0.000361521,0.0003891,0.000252937,1486.942909,0.42628517,-0.558272104,-0.711767667
0.000361521,0.0003891,0.000278111,955.6973975,0.410215181,-0.566901666,-0.714385054
0.000361521,0.0003891,0.000303284,614.0017381,0.425622784,-0.602679646,-0.674998141
0.000361521,0.0003891,0.000328458,479.9628268,0.315888695,-0.86192196,-0.396616776
0.000361521,0.0003891,0.000353632,523.68787,-0.392668626,-0.154842215,0.906551288
0.000361521,0.0003891,0.000378805,679.2474862,-0.38005444,0.159914366,0.911035684
0.000361521,0.0003891,0.000403979,867.9990844,-0.411942963,0.234320333,0.880566282
0.000361521,0.0003891,0.000429153,1048.482682,-0.477660163,0.280934964,0.83241595
0.000361521,0.0003891,0.000454326,1211.120568,-0.533532074,0.327032205,0.779995809
0.000361521,0.0003891,0.0004795,1355.88221,-0.145417544,0.094400081,-0.984856519
0.000361521,0.0004147,1.20E-06,24.92884615,-0.200887938,0.309859843,-0.929317445
0.000361521,0.0004147,2.64E-05,83.53269944,-0.398448482,0.74851715,0.530057434
0.000361521,0.0004147,5.15E-05,389.1210692,-0.140027284,0.383042063,0.913055933
0.000361521,0.0004147,7.67E-05,865.5743042,0.124387527,-0.008037577,0.992201159
0.000361521,0.0004147,0.000101895,1357.512555,0.348291428,-0.341605621,0.872925358
0.000361521,0.0004147,0.000127068,1760.554886,0.486494057,-0.610722597,0.624773112
0.000361521,0.0004147,0.000152242,2062.963642,0.57251284,-0.737665819,0.35788013
0.000361521,0.0004147,0.000177416,2205.16146,0.653620037,-0.756608668,-0.018004763
0.000361521,0.0004147,0.000202589,2040.278808,0.575681245,-0.687935264,-0.441968524
0.000361521,0.0004147,0.000227763,1584.657211,0.426293699,-0.614314507,-0.663996512
0.000361521,0.0004147,0.000252937,1011.627563,0.297625745,-0.635662875,-0.712286196
0.000361521,0.0004147,0.000278111,586.211817,0.281829064,-0.715141337,-0.639644625
0.000361521,0.0004147,0.000303284,409.582017,0.460148424,-0.799624288,-0.385829529
0.000361521,0.0004147,0.000328458,416.4938034,0.534486351,-0.434904685,0.724694595
0.000361521,0.0004147,0.000353632,555.3489561,0.086461135,0.261256343,0.961389409
0.000361521,0.0004147,0.000378805,755.3762831,-0.045640141,0.40503953,0.913159327
0.000361521,0.0004147,0.000403979,946.5700217,-0.210359431,0.389351206,0.896746646
0.000361521,0.0004147,0.000429153,1119.243554,-0.376614895,0.336827662,0.862964859
0.000361521,0.0004147,0.000454326,1277.376652,-0.491669525,0.30541435,0.815464992
0.000361521,0.0004147,0.0004795,1419.272947,-0.152860074,0.080350075,-0.984975971
0.000361521,0.0004403,1.20E-06,251.8519455,-0.108903503,0.314918346,-0.94285018
0.000361521,0.0004403,2.64E-05,323.5801462,-0.137437425,0.785838744,0.602966353
0.000361521,0.0004403,5.15E-05,540.9007019,0.106814155,0.374941503,0.92087437
0.000361521,0.0004403,7.67E-05,857.2569265,0.347850686,-0.080832575,0.934058882
0.000361521,0.0004403,0.000101895,1174.800998,0.541477463,-0.451370102,0.709272295
0.000361521,0.0004403,0.000127068,1397.869208,0.599088607,-0.664512577,0.446672001
0.000361521,0.0004403,0.000152242,1576.260926,0.610506628,-0.737949921,0.287596196
0.000361521,0.0004403,0.000177416,1707.369033,0.654003935,-0.756012225,-0.026914105
0.000361521,0.0004403,0.000202589,1543.819065,0.571599519,-0.687883406,-0.447314665
0.000361521,0.0004403,0.000227763,1111.264755,0.413217152,-0.590914024,-0.692872428
0.000361521,0.0004403,0.000252937,580.8143396,0.183096984,-0.607424499,-0.772988339
0.000361521,0.0004403,0.000278111,271.1939176,0.153598728,-0.79675072,-0.584461907
0.000361521,0.0004403,0.000303284,256.3077504,0.5942699,-0.702994015,0.39069515
0.000361521,0.0004403,0.000328458,391.0035419,0.439751248,-0.101051547,0.892416621
0.000361521,0.0004403,0.000353632,617.3383078,0.345077586,0.136528883,0.928591042
0.000361521,0.0004403,0.000378805,855.7156098,0.367936157,0.240651105,0.898170379
0.000361521,0.0004403,0.000403979,1028.659151,0.056162245,0.287433859,0.956152487
0.000361521,0.0004403,0.000429153,1179.787913,-0.254622453,0.237925649,0.937314671
0.000361521,0.0004403,0.000454326,1325.392904,-0.43402734,0.185923372,0.881505966
0.000361521,0.0004403,0.0004795,1459.781714,-0.151266167,0.043810153,-0.987521755
0.000361521,0.0004659,1.20E-06,410.8546733,-0.004255942,0.232519434,-0.972582439
0.000361521,0.0004659,2.64E-05,466.6260811,0.27293038,0.675184525,0.685299106
0.000361521,0.0004659,5.15E-05,610.0917347,0.493937321,0.158401976,0.854947213
0.000361521,0.0004659,7.67E-05,809.7881657,0.633795438,-0.245934789,0.733361727
0.000361521,0.0004659,0.000101895,1007.648854,0.718679974,-0.482488957,0.500703008
0.000361521,0.0004659,0.000127068,1153.189745,0.762553976,-0.570912845,0.304253115
0.000361521,0.0004659,0.000152242,1255.361716,0.766348181,-0.628977698,0.130757489
0.000361521,0.0004659,0.000177416,1278.442978,0.718340535,-0.68337094,-0.130349665
0.000361521,0.0004659,0.000202589,1108.061591,0.641161591,-0.631906759,-0.435437323
0.000361521,0.0004659,0.000227763,749.4531029,0.538918472,-0.519724239,-0.662912963
0.000361521,0.0004659,0.000252937,340.3093088,0.485155209,-0.446883507,-0.751611305
0.000361521,0.0004659,0.000278111,136.3460367,0.768575742,-0.482566757,-0.420024587
0.000361521,0.0004659,0.000303284,190.3527664,0.729708977,-0.206724089,0.651759127
0.000361521,0.0004659,0.000328458,374.9206984,0.500716362,-0.066312512,0.863067654
0.000361521,0.0004659,0.000353632,624.8317357,0.434007499,-0.061581093,0.898802125
0.000361521,0.0004659,0.000378805,867.4498087,0.427751644,-0.101000811,0.898235697
0.000361521,0.0004659,0.000403979,1045.640867,0.230761679,-0.08633141,0.96917281
0.000361521,0.0004659,0.000429153,1195.841299,-0.079338367,-0.057415146,0.995192908
0.000361521,0.0004659,0.000454326,1337.431812,-0.30659478,-0.054620086,0.950271691
0.000361521,0.0004659,0.0004795,1467.705784,-0.130681465,-0.019833805,-0.991225996
0.000361521,0.0004915,1.20E-06,495.237431,0.092165474,0.511491782,-0.854331132
0.000361521,0.0004915,2.64E-05,523.2008708,0.347956727,0.915493747,0.201983453
0.000361521,0.0004915,5.15E-05,605.557438,0.486462509,0.813792064,0.317957078
0.000361521,0.0004915,7.67E-05,721.6772958,0.594842875,0.737681392,0.319355785
0.000361521,0.0004915,0.000101895,838.2873745,0.690791976,0.679238857,0.247872994
0.000361521,0.0004915,0.000127068,925.17909,0.753565867,0.642997872,0.136719498
0.000361521,0.0004915,0.000152242,963.5568032,0.791542051,0.6111067,-0.003127867
0.000361521,0.0004915,0.000177416,922.0558495,0.77622876,0.60275498,-0.184811652
0.000361521,0.0004915,0.000202589,763.148339,0.653750993,0.67598265,-0.340083955
0.000361521,0.0004915,0.000227763,499.1529418,0.474744645,0.797430584,-0.372454005
0.000361521,0.0004915,0.000252937,210.1075589,0.327770769,0.91514855,-0.234668817
0.000361521,0.0004915,0.000278111,95.99101752,0.244006837,0.969628436,-0.016773792
0.000361521,0.0004915,0.000303284,179.3554747,0.204435872,0.968378402,0.143000853
0.000361521,0.0004915,0.000328458,357.0556677,0.180273541,0.956392339,0.229815459
0.000361521,0.0004915,0.000353632,583.0213808,0.157536135,0.949687352,0.270695955
0.000361521,0.0004915,0.000378805,807.5970201,0.121619691,0.958013465,0.259651403
0.000361521,0.0004915,0.000403979,998.911499,0.06656662,0.973445312,0.219027646
0.000361521,0.0004915,0.000429153,1162.668685,0.015493695,0.982469332,0.185779323
0.000361521,0.0004915,0.000454326,1309.50194,-0.020608555,0.986166491,0.164471696
0.000361521,0.0004915,0.0004795,1440.927513,-0.039558556,0.893861921,-0.44659376
0.000387037,5.10E-06,1.20E-06,1040.191732,0.081144782,0.166736224,-0.982656886
0.000387037,5.10E-06,2.64E-05,1074.43347,0.511190661,0.773258734,0.375173344
0.000387037,5.10E-06,5.15E-05,1185.675423,0.326553283,0.666473525,0.670205934
0.000387037,5.10E-06,7.67E-05,1349.81756,0.059316327,0.608638931,0.791227038
0.000387037,5.10E-06,0.000101895,1519.458985,-0.16573809,0.597896388,0.784251742
0.000387037,5.10E-06,0.000127068,1663.531432,-0.371336539,0.625057642,0.686594581
0.000387037,5.10E-06,0.000152242,1766.946986,-0.53617734,0.68611803,0.491686799
0.000387037,5.10E-06,0.000177416,1826.752181,-0.554982996,0.798550816,0.233046065
0.000387037,5.10E-06,0.000202589,1850.688086,-0.400808216,0.914365388,0.057347283
0.000387037,5.10E-06,0.000227763,1855.370825,-0.240797924,0.97043266,0.016637682
0.000387037,5.10E-06,0.000252937,1863.303976,-0.141881433,0.989018446,0.041378403
0.000387037,5.10E-06,0.000278111,1898.935412,-0.080564054,0.99197204,0.09747259
0.000387037,5.10E-06,0.000303284,1984.366752,-0.023199924,0.98337981,0.180071964
0.000387037,5.10E-06,0.000328458,2135.526233,0.04822636,0.960887351,0.272708116
0.000387037,5.10E-06,0.000353632,2358.835871,0.131343751,0.930060531,0.34312713
0.000387037,5.10E-06,0.000378805,2647.264966,0.210266057,0.90853956,0.361031928
0.000387037,5.10E-06,0.000403979,2974.860781,0.283778942,0.948589678,0.14016824
0.000387037,5.10E-06,0.000429153,2916.244007,0.07807182,0.996933807,0.005270289
0.000387037,5.10E-06,0.000454326,2983.587352,-0.039434363,0.995458889,0.086640238
0.000387037,5.10E-06,0.0004795,3057.147277,-0.050935583,0.630223012,-0.774741584
0.000387037,3.07E-05,1.20E-06,933.4799374,0.092624681,-0.080185663,-0.992467092
0.000387037,3.07E-05,2.64E-05,973.2494617,0.719587437,-0.473523692,0.507906717
0.000387037,3.07E-05,5.15E-05,1089.313191,0.465194869,-0.385962026,0.796634828
0.000387037,3.07E-05,7.67E-05,1257.707377,0.177962835,-0.368949784,0.912252863
0.000387037,3.07E-05,0.000101895,1431.007152,-0.065436075,-0.397188105,0.915401403
0.000387037,3.07E-05,0.000127068,1575.02186,-0.318444111,-0.480784218,0.816969941
0.000387037,3.07E-05,0.000152242,1671.162516,-0.56722844,-0.618038276,0.544316622
0.000387037,3.07E-05,0.000177416,1714.580981,-0.666136875,-0.728850602,0.158235472
0.000387037,3.07E-05,0.000202589,1713.408109,-0.606072642,-0.790547033,-0.087814241
0.000387037,3.07E-05,0.000227763,1686.843923,-0.502200569,-0.853784116,-0.137285368
0.000387037,3.07E-05,0.000252937,1662.027561,-0.392462763,-0.918905343,-0.039823987
0.000387037,3.07E-05,0.000278111,1669.691663,-0.271361125,-0.949643024,0.156656523
0.000387037,3.07E-05,0.000303284,1738.934957,-0.127909351,-0.910593793,0.393011631
0.000387037,3.07E-05,0.000328458,1892.634873,0.039615378,-0.795195964,0.605057022
0.000387037,3.07E-05,0.000353632,2143.905093,0.221622073,-0.624123408,0.749235363
0.000387037,3.07E-05,0.000378805,2491.49852,0.40708142,-0.424456618,0.808777656
0.000387037,3.07E-05,0.000403979,2910.902738,0.82862534,-0.298608485,0.473511371
0.000387037,3.07E-05,0.000429153,2861.663113,0.583083541,-0.801007948,0.135646056
0.000387037,3.07E-05,0.000454326,2946.800345,-0.346072181,-0.666422284,0.660390328
0.000387037,3.07E-05,0.0004795,3021.14679,-0.081603689,-0.077640518,-0.993636145
0.000387037,5.63E-05,1.20E-06,871.9313112,0.098588094,-0.050969301,-0.993822176
0.000387037,5.63E-05,2.64E-05,926.6890516,0.73906485,-0.256722565,0.622797456
0.000387037,5.63E-05,5.15E-05,1045.524328,0.514378958,-0.184546856,0.837470445
0.000387037,5.63E-05,7.67E-05,1209.283202,0.305577754,-0.181969856,0.934617145
0.000387037,5.63E-05,0.000101895,1379.446186,0.119201416,-0.201806148,0.972144691
0.000387037,5.63E-05,0.000127068,1519.807331,-0.120323686,-0.274771589,0.953951144
0.000387037,5.63E-05,0.000152242,1605.802597,-0.537847636,-0.50581495,0.674441366
0.000387037,5.63E-05,0.000177416,1628.868823,-0.738789401,-0.672092066,-0.049824451
0.000387037,5.63E-05,0.000202589,1596.756724,-0.623438553,-0.690545001,-0.366704201
0.000387037,5.63E-05,0.000227763,1530.421427,-0.52504394,-0.759745434,-0.383556693
0.000387037,5.63E-05,0.000252937,1460.82742,-0.446307454,-0.860152851,-0.246873914
0.000387037,5.63E-05,0.000278111,1424.831878,-0.356328057,-0.934354375,-0.003495355
0.000387037,5.63E-05,0.000303284,1459.067578,-0.230008567,-0.931762541,0.280917472
0.000387037,5.63E-05,0.000328458,1594.28105,-0.061662137,-0.845970089,0.529653084
0.000387037,5.63E-05,0.000353632,1851.525968,0.133081265,-0.704347096,0.697269349
0.000387037,5.63E-05,0.000378805,2237.918183,0.333776506,-0.539829699,0.772772373
0.000387037,5.63E-05,0.000403979,2737.472217,0.729454292,-0.510530694,0.455252508
0.000387037,5.63E-05,0.000429153,2700.674003,0.834026866,0.460217832,0.304300401
0.000387037,5.63E-05,0.000454326,2819.921441,-0.053763037,-0.856149124,0.513924326
0.000387037,5.63E-05,0.0004795,2897.16675,-0.077815645,-0.167658308,-0.982769259
0.000387037,8.19E-05,1.20E-06,830.7103286,0.118664138,-0.042799926,-0.992011587
0.000387037,8.19E-05,2.64E-05,900.4810916,0.744382271,-0.161587606,0.647907771
0.000387037,8.19E-05,5.15E-05,1025.985521,0.583961969,-0.083412227,0.807484253
0.000387037,8.19E-05,7.67E-05,1191.591807,0.4561302,-0.038502122,0.889079764
0.000387037,8.19E-05,0.000101895,1365.454235,0.36530335,0.023439618,0.930593384
0.000387037,8.19E-05,0.000127068,1508.719089,0.283582718,0.130017309,0.950092807
0.000387037,8.19E-05,0.000152242,1587.983824,0.00169126,0.317889691,0.948126196
0.000387037,8.19E-05,0.000177416,1590.492935,-0.73154815,-0.089897624,-0.675837053
0.000387037,8.19E-05,0.000202589,1524.881125,-0.562013673,-0.306878267,-0.768092677
0.000387037,8.19E-05,0.000227763,1413.036756,-0.534153386,-0.474098997,-0.699935927
0.000387037,8.19E-05,0.000252937,1287.904441,-0.529721932,-0.661365397,-0.531027765
0.000387037,8.19E-05,0.000278111,1191.29603,-0.500991687,-0.830249757,-0.244320836
0.000387037,8.19E-05,0.000303284,1167.378507,-0.399752201,-0.910409203,0.10655168
0.000387037,8.19E-05,0.000328458,1255.178737,-0.216708629,-0.882829265,0.416713162
0.000387037,8.19E-05,0.000353632,1482.723991,0.014056903,-0.783153224,0.621669873
0.000387037,8.19E-05,0.000378805,1862.128943,0.248760628,-0.657885534,0.710847926
0.000387037,8.19E-05,0.000403979,2383.169333,0.466758796,-0.543134925,0.69795464
0.000387037,8.19E-05,0.000429153,2988.469369,0.719369179,-0.559763454,0.411306284
0.000387037,8.19E-05,0.000454326,2613.918622,0.653411454,0.070307162,-0.75373097
0.000387037,8.19E-05,0.0004795,2683.196009,0.06816761,0.090036301,-0.993602859
0.000387037,0.0001075,1.20E-06,793.7142748,0.113518975,-0.033411418,-0.992973877
0.000387037,0.0001075,2.64E-05,877.162839,0.769662724,-0.13117266,0.624830397
0.000387037,0.0001075,5.15E-05,1014.943655,0.658316246,-0.040319137,0.751660886
0.000387037,0.0001075,7.67E-05,1194.333351,0.579028506,0.043917248,0.814123617
0.000387037,0.0001075,0.000101895,1387.569203,0.548523363,0.16512228,0.819668685
0.000387037,0.0001075,0.000127068,1550.77554,0.577587813,0.380492652,0.72223103
0.000387037,0.0001075,0.000152242,1633.684211,0.574015171,0.746613106,0.336266937
0.000387037,0.0001075,0.000177416,1620.332962,0.098580463,0.784889277,-0.611743995
0.000387037,0.0001075,0.000202589,1524.656466,-0.286306554,0.33737722,-0.896774871
0.000387037,0.0001075,0.000227763,1367.187829,-0.448849732,0.033667814,-0.892972786
0.000387037,0.0001075,0.000252937,1179.98488,-0.570747053,-0.239875794,-0.785307204
0.000387037,0.0001075,0.000278111,1008.325225,-0.661276636,-0.519566439,-0.541076636
0.000387037,0.0001075,0.000303284,903.9910883,-0.644301947,-0.747866016,-0.159910673
0.000387037,0.0001075,0.000328458,914.890807,-0.465543513,-0.852254753,0.238602334
0.000387037,0.0001075,0.000353632,1073.967299,-0.172695433,-0.837136002,0.51901792
0.000387037,0.0001075,0.000378805,1390.448487,0.134504895,-0.761322398,0.634268586
0.000387037,0.0001075,0.000403979,1846.132234,0.38810569,-0.686778347,0.614580731
0.000387037,0.0001075,0.000429153,2381.319716,0.582638935,-0.64498474,0.494496266
0.000387037,0.0001075,0.000454326,2848.879224,0.575900093,-0.523937873,0.627557318
0.000387037,0.0001075,0.0004795,3061.490399,0.232958569,-0.175816047,-0.956461721
0.000387037,0.0001331,1.20E-06,755.9677572,0.200971167,-0.050620999,-0.978288354
0.000387037,0.0001331,2.64E-05,853.2511767,0.795077112,-0.107763401,0.596857969
0.000387037,0.0001331,5.15E-05,1008.684359,0.709983882,-0.010579357,0.704138456
0.000387037,0.0001331,7.67E-05,1212.033205,0.649594228,0.086803846,0.755309493
0.000387037,0.0001331,0.000101895,1438.475546,0.633841463,0.209709866,0.744490948
0.000387037,0.0001331,0.000127068,1640.57555,0.699368417,0.393544983,0.596662521
0.000387037,0.0001331,0.000152242,1745.0375,0.6678321,0.705251153,0.23795188
0.000387037,0.0001331,0.000177416,1732.748379,0.321705122,0.881649127,-0.345254444
0.000387037,0.0001331,0.000202589,1621.730114,-0.045033816,0.711868026,-0.700867939
0.000387037,0.0001331,0.000227763,1426.252006,-0.289798649,0.467786503,-0.834980557
0.000387037,0.0001331,0.000252937,1176.431815,-0.490953572,0.217151003,-0.84368835
0.000387037,0.0001331,0.000278111,921.786077,-0.685419478,-0.054229194,-0.726126252
0.000387037,0.0001331,0.000303284,723.0067789,-0.824940301,-0.346824734,-0.446302704
0.000387037,0.0001331,0.000328458,637.7653057,-0.787063129,-0.616122323,-0.030412391
0.000387037,0.0001331,0.000353632,702.696245,-0.489993939,-0.789132542,0.370372475
0.000387037,0.0001331,0.000378805,919.5913842,-0.053421784,-0.821394043,0.567853801
0.000387037,0.0001331,0.000403979,1257.144268,0.298600105,-0.777007021,0.554164295
0.000387037,0.0001331,0.000429153,1658.410157,0.506121393,-0.737896166,0.446486712
0.000387037,0.0001331,0.000454326,2036.437902,0.609581133,-0.725385461,0.319729222
0.000387037,0.0001331,0.0004795,2299.019517,0.554076473,-0.612205159,-0.56409583
0.000387037,0.0001587,1.20E-06,717.6368644,0.386837947,-0.084765579,-0.91824354
0.000387037,0.0001587,2.64E-05,830.7618486,0.806841714,-0.081196035,0.585161219
0.000387037,0.0001587,5.15E-05,1009.461831,0.733376645,0.020932846,0.679500193
0.000387037,0.0001587,7.67E-05,1244.563529,0.679189188,0.124086997,0.72339786
0.000387037,0.0001587,0.000101895,1510.326231,0.656542233,0.246289602,0.712947213
0.000387037,0.0001587,0.000127068,1756.401083,0.671990787,0.42701904,0.605048032
0.000387037,0.0001587,0.000152242,1911.49606,0.614469842,0.720539218,0.321325455
0.000387037,0.0001587,0.000177416,1940.545831,0.368537099,0.921524904,-0.122361181
0.000387037,0.0001587,0.000202589,1841.235258,0.088953814,0.871582468,-0.482111212
0.000387037,0.0001587,0.000227763,1620.884954,-0.14104593,0.706324901,-0.693693866
0.000387037,0.0001587,0.000252937,1312.024667,-0.351600143,0.511765755,-0.783883379
0.000387037,0.0001587,0.000278111,973.8886705,-0.573037701,0.310431148,-0.758459159
0.000387037,0.0001587,0.000303284,679.5389059,-0.794693282,0.099202517,-0.598850105
0.000387037,0.0001587,0.000328458,496.4530167,-0.945200213,-0.13639013,-0.296638315
0.000387037,0.0001587,0.000353632,463.3267891,-0.89362332,-0.431975408,0.121797411
0.000387037,0.0001587,0.000378805,574.8638498,-0.440656006,-0.736362086,0.513413247
0.000387037,0.0001587,0.000403979,792.6735434,0.150908008,-0.802442577,0.577332386
0.000387037,0.0001587,0.000429153,1071.591967,0.459241754,-0.749118025,0.477408835
0.000387037,0.0001587,0.000454326,1370.88417,0.576082397,-0.717118394,0.392263026
0.000387037,0.0001587,0.0004795,1648.280279,0.590799881,-0.687213947,-0.422720348
0.000387037,0.0001843,1.20E-06,679.2223507,0.676741625,-0.140069342,-0.722773376
0.000387037,0.0001843,2.64E-05,812.0722603,0.798031112,-0.062201459,0.599397467
0.000387037,0.0001843,5.15E-05,1021.647914,0.727053183,0.048400875,0.684872999
0.000387037,0.0001843,7.67E-05,1299.403218,0.671643439,0.161161419,0.72313352
0.000387037,0.0001843,0.000101895,1618.285625,0.633967107,0.294795697,0.714969373
0.000387037,0.0001843,0.000127068,1928.500192,0.604792366,0.482410441,0.633645296
0.000387037,0.0001843,0.000152242,2164.956005,0.533341522,0.737122375,0.414966775
0.000387037,0.0001843,0.000177416,2270.856692,0.373444214,0.926192705,0.052023955
0.000387037,0.0001843,0.000202589,2209.414193,0.176570533,0.933704931,-0.311477045
0.000387037,0.0001843,0.000227763,1974.224016,-0.012657567,0.817823149,-0.575330412
0.000387037,0.0001843,0.000252937,1605.982818,-0.204504064,0.661077838,-0.721910091
0.000387037,0.0001843,0.000278111,1185.04132,-0.418612356,0.512500424,-0.749737961
0.000387037,0.0001843,0.000303284,803.4357653,-0.652589967,0.385601266,-0.652256084
0.000387037,0.0001843,0.000328458,536.6704835,-0.858658684,0.271108349,-0.434977618
0.000387037,0.0001843,0.000353632,419.8892036,-0.981015264,0.13825083,-0.135999119
0.000387037,0.0001843,0.000378805,439.2268644,-0.953961349,-0.126251402,0.272063095
0.000387037,0.0001843,0.000403979,555.0426521,-0.32255143,-0.609700455,0.724034481
0.000387037,0.0001843,0.000429153,735.755774,0.347187185,-0.6810645,0.644679925
0.000387037,0.0001843,0.000454326,964.3069781,0.535372881,-0.645145928,0.545126234
0.000387037,0.0001843,0.0004795,1219.054659,0.636634702,-0.704370368,-0.313940505
0.000387037,0.0002099,1.20E-06,637.4303294,0.87090123,-0.209367953,-0.444630304
0.000387037,0.0002099,2.64E-05,794.6254362,0.764421774,-0.071459702,0.640743992
0.000387037,0.0002099,5.15E-05,1044.485397,0.691321558,0.051468155,0.720711823
0.000387037,0.0002099,7.67E-05,1379.785254,0.632693558,0.17393523,0.75461606
0.000387037,0.0002099,0.000101895,1774.107822,0.586028753,0.312559531,0.747580659
0.000387037,0.0002099,0.000127068,2179.643526,0.544129214,0.490477932,0.680701694
0.000387037,0.0002099,0.000152242,2529.936715,0.487200399,0.712798266,0.504533847
0.000387037,0.0002099,0.000177416,2745.447698,0.687237063,0.649884226,0.324585448
0.000387037,0.0002099,0.000202589,2745.500383,0.5077754,0.767278353,-0.391724485
0.000387037,0.0002099,0.000227763,2493.179467,0.107376111,0.852277999,-0.511949786
0.000387037,0.0002099,0.000252937,2046.944936,-0.058162551,0.703620294,-0.708191782
0.000387037,0.0002099,0.000278111,1531.778466,-0.25675261,0.582174012,-0.771460638
0.000387037,0.0002099,0.000303284,1069.334539,-0.494023878,0.510996678,-0.703436424
0.000387037,0.0002099,0.000328458,739.5543053,-0.721136705,0.470959439,-0.508093554
0.000387037,0.0002099,0.000353632,564.0612907,-0.859192986,0.438611949,-0.263452027
0.000387037,0.0002099,0.000378805,511.0835005,-0.91766693,0.395510944,-0.038190307
0.000387037,0.0002099,0.000403979,538.7415067,-0.91025723,0.266999146,0.316454153
0.000387037,0.0002099,0.000429153,631.9074498,-0.231933912,-0.232020647,0.944655006
0.000387037,0.0002099,0.000454326,789.2232893,0.36573163,-0.440545408,0.819853717
0.000387037,0.0002099,0.0004795,997.820106,0.664542618,-0.662748905,-0.345176763
0.000387037,0.0002355,1.20E-06,581.9214984,0.880328723,-0.316590367,-0.353258942
0.000387037,0.0002355,2.64E-05,765.9061794,0.703169407,-0.13249081,0.698569231
0.000387037,0.0002355,5.15E-05,1064.14358,0.62982526,0.007770008,0.776697991
0.000387037,0.0002355,7.67E-05,1470.425569,0.573845984,0.139289069,0.80703119
0.000387037,0.0002355,0.000101895,1958.365487,0.531486146,0.273247801,0.801784333
0.000387037,0.0002355,0.000127068,2482.333811,0.500083522,0.428051472,0.752787094
0.000387037,0.0002355,0.000152242,2977.853263,0.482413922,0.574303052,0.661402156
0.000387037,0.0002355,0.000177416,2709.766919,-0.432234128,0.248753437,-0.866772973
0.000387037,0.0002355,0.000202589,2711.904831,-0.500032081,0.119140613,0.857772366
0.000387037,0.0002355,0.000227763,3156.851536,-0.539985586,0.762536766,-0.356304992
0.000387037,0.0002355,0.000252937,2577.354031,0.090744889,0.632757413,-0.769014578
0.000387037,0.0002355,0.000278111,1935.277562,-0.088854116,0.519121219,-0.850069471
0.000387037,0.0002355,0.000303284,1388.676428,-0.335069501,0.488177251,-0.805860659
0.000387037,0.0002355,0.000328458,1012.947157,-0.627734411,0.49291446,-0.602482235
0.000387037,0.0002355,0.000353632,806.7037616,-0.81510461,0.472065302,-0.33579581
0.000387037,0.0002355,0.000378805,705.8872707,-0.876382238,0.446074972,-0.18157999
0.000387037,0.0002355,0.000403979,658.7107871,-0.895807375,0.440646035,-0.057967396
0.000387037,0.0002355,0.000429153,673.1920294,-0.843338876,0.411022889,0.346178748
0.000387037,0.0002355,0.000454326,764.3553588,-0.213416116,0.075919095,0.974007111
0.000387037,0.0002355,0.0004795,922.6723469,0.391007306,-0.312100894,-0.86585583
0.000387037,0.0002611,1.20E-06,494.5573638,0.746465734,-0.466477887,-0.474539028
0.000387037,0.0002611,2.64E-05,701.6182338,0.61260951,-0.259985712,0.746402719
0.000387037,0.0002611,5.15E-05,1051.652694,0.547369151,-0.093609002,0.831639566
0.000387037,0.0002611,7.67E-05,1536.736658,0.504499698,0.052183233,0.86183349
0.000387037,0.0002611,0.000101895,2124.805935,0.479305702,0.179249212,0.859148278
0.000387037,0.0002611,0.000127068,2769.164198,0.691848767,0.440681469,0.571966019
0.000387037,0.0002611,0.000152242,2730.763849,-0.532942063,-0.794133698,0.292103452
0.000387037,0.0002611,0.000177416,2823.06425,0.441481235,0.791560615,0.422523505
0.000387037,0.0002611,0.000202589,2808.649996,0.68844846,0.590695284,-0.420853656
0.000387037,0.0002611,0.000227763,2786.011342,0.281787436,-0.763411738,0.581204232
0.000387037,0.0002611,0.000252937,3069.097274,0.634963204,-0.012389324,-0.77244303
0.000387037,0.0002611,0.000278111,2269.974362,0.08280702,0.306597322,-0.948230499
0.000387037,0.0002611,0.000303284,1637.52939,-0.144626028,0.289732119,-0.946117652
0.000387037,0.0002611,0.000328458,1223.75241,-0.542007838,0.309537748,-0.781289886
0.000387037,0.0002611,0.000353632,1003.039615,-0.860473995,0.27747897,-0.427305424
0.000387037,0.0002611,0.000378805,880.8045291,-0.932873667,0.250484954,-0.258851328
0.000387037,0.0002611,0.000403979,791.4872251,-0.935809316,0.292085892,-0.197349324
0.000387037,0.0002611,0.000429153,759.4649431,-0.926096564,0.374577774,0.045129215
0.000387037,0.0002611,0.000454326,808.9983747,-0.677293165,0.378587642,0.63082911
0.000387037,0.0002611,0.0004795,930.947529,-0.168307181,0.168336297,-0.971254644
0.000387037,0.0002867,1.20E-06,352.6701775,0.504940852,-0.561556284,-0.655506884
0.000387037,0.0002867,2.64E-05,568.5735184,0.497508634,-0.441788401,0.746530755
0.000387037,0.0002867,5.15E-05,968.5511009,0.451045063,-0.238892428,0.859935323
0.000387037,0.0002867,7.67E-05,1536.50443,0.431742785,-0.068461581,0.899394896
0.000387037,0.0002867,0.000101895,2219.848638,0.434289106,0.054244554,0.899138755
0.000387037,0.0002867,0.000127068,2957.111398,0.238747402,0.33970724,0.909724502
0.000387037,0.0002867,0.000152242,2828.835064,-0.871342451,0.391410056,-0.295906237
0.000387037,0.0002867,0.000177416,2858.150795,-0.045338801,0.709829414,-0.702912936
0.000387037,0.0002867,0.000202589,2764.791703,0.551406755,-0.139228718,-0.822536293
0.000387037,0.0002867,0.000227763,2808.960632,0.660409178,-0.038780608,-0.749903848
0.000387037,0.0002867,0.000252937,2568.937073,-0.376905399,0.227925744,-0.89777067
0.000387037,0.0002867,0.000278111,2405.994221,0.404145135,0.028699118,-0.914244535
0.000387037,0.0002867,0.000303284,1714.489505,0.07443589,-0.034164941,-0.996640384
0.000387037,0.0002867,0.000328458,1268.581518,-0.301193068,-0.116548023,-0.946413913
0.000387037,0.0002867,0.000353632,1033.174959,-0.795764503,-0.162005596,-0.583534955
0.000387037,0.0002867,0.000378805,914.068883,-0.947099117,-0.098384211,-0.30548946
0.000387037,0.0002867,0.000403979,841.3401618,-0.983051446,0.031612566,-0.180583779
0.000387037,0.0002867,0.000429153,820.9980317,-0.972328599,0.22170608,0.073644483
0.000387037,0.0002867,0.000454326,869.0122708,-0.774364863,0.368319532,0.514489826
0.000387037,0.0002867,0.0004795,978.093688,-0.241478288,0.197573324,-0.950080533
0.000387037,0.0003123,1.20E-06,137.7904952,0.293867892,-0.541128414,-0.787922396
0.000387037,0.0003123,2.64E-05,330.9746016,0.376628791,-0.633647924,0.675752219
0.000387037,0.0003123,5.15E-05,778.2050791,0.354246141,-0.381363326,0.853856947
0.000387037,0.0003123,7.67E-05,1439.875362,0.363622913,-0.176085232,0.914752627
0.000387037,0.0003123,0.000101895,2211.961787,0.400164583,-0.061878177,0.9143519
0.000387037,0.0003123,0.000127068,3000.421635,0.176794697,-0.056571885,0.982620607
0.000387037,0.0003123,0.000152242,2863.880805,-0.947461972,0.02431118,-0.318943221
0.000387037,0.0003123,0.000177416,2888.833026,-0.395934246,0.530969581,-0.749204496
0.000387037,0.0003123,0.000202589,2800.182691,0.216931126,0.555019416,-0.803053133
0.000387037,0.0003123,0.000227763,2775.71137,0.484576897,-0.151529813,0.8615242
0.000387037,0.0003123,0.000252937,3173.134796,-0.003154591,0.454145285,-0.890922055
0.000387037,0.0003123,0.000278111,2297.25062,0.336968007,-0.222652509,-0.914810594
0.000387037,0.0003123,0.000303284,1597.878453,0.236186026,-0.28913541,-0.927694387
0.000387037,0.0003123,0.000328458,1138.4297,-0.014781429,-0.464428536,-0.885487235
0.000387037,0.0003123,0.000353632,902.9502251,-0.490712643,-0.629934553,-0.601983023
0.000387037,0.0003123,0.000378805,817.9770335,-0.834752572,-0.510257047,-0.206944169
0.000387037,0.0003123,0.000403979,808.055904,-0.970527406,-0.2314492,0.067140319
0.000387037,0.0003123,0.000429153,844.1823843,-0.934538762,0.097038359,0.34237532
0.000387037,0.0003123,0.000454326,923.366584,-0.731097733,0.320473402,0.602322923
0.000387037,0.0003123,0.0004795,1040.141486,-0.204222165,0.157767286,-0.96612773
0.000387037,0.0003379,1.20E-06,-142.6186444,0.169657094,-0.399663991,-0.900824714
0.000387037,0.0003379,2.64E-05,-42.10822183,0.276163192,-0.788597159,0.549407328
0.000387037,0.0003379,5.15E-05,464.8885314,0.276835148,-0.430810382,0.858932311
0.000387037,0.0003379,7.67E-05,1255.83965,0.310385602,-0.205502605,0.928132241
0.000387037,0.0003379,0.000101895,2112.451187,0.382687216,-0.131486464,0.914473512
0.000387037,0.0003379,0.000127068,2918.943203,0.196353335,-0.309099465,0.930539031
0.000387037,0.0003379,0.000152242,2837.484857,-0.906516582,-0.418182491,-0.057888609
0.000387037,0.0003379,0.000177416,2904.058864,0.192254613,-0.968303079,0.159459434
0.000387037,0.0003379,0.000202589,2844.29824,0.534196468,-0.101687225,-0.839222165
0.000387037,0.0003379,0.000227763,2742.252796,-0.334419549,0.938698924,-0.083713176
0.000387037,0.0003379,0.000252937,2816.961584,0.647528305,-0.55591455,-0.521215988
0.000387037,0.0003379,0.000278111,2016.105358,0.396599066,-0.361253867,-0.843922286
0.000387037,0.0003379,0.000303284,1347.202245,0.309262459,-0.410881718,-0.857632174
0.000387037,0.0003379,0.000328458,897.9266312,0.093187535,-0.590794152,-0.801422706
0.000387037,0.0003379,0.000353632,692.1640578,-0.34268506,-0.818940206,-0.460330196
0.000387037,0.0003379,0.000378805,676.1279135,-0.732334184,-0.662092398,0.159123539
0.000387037,0.0003379,0.000403979,749.4740272,-0.819721982,-0.236121904,0.521825946
0.000387037,0.0003379,0.000429153,854.2336462,-0.74786895,0.113983752,0.653987567
0.000387037,0.0003379,0.000454326,975.0404305,-0.621889198,0.312727444,0.717952206
0.000387037,0.0003379,0.0004795,1108.549625,-0.155845132,0.122610851,-0.980142272
0.000387037,0.0003635,1.20E-06,-381.3610091,0.103246737,-0.095692582,-0.990041939
0.000387037,0.0003635,2.64E-05,-555.7838946,0.392932885,-0.532444354,0.749737793
0.000387037,0.0003635,5.15E-05,116.1751003,0.230211596,-0.178346351,0.956658351
0.000387037,0.0003635,7.67E-05,1068.902109,0.283898041,-0.124979766,0.950674477
0.000387037,0.0003635,0.000101895,1968.784846,0.394926826,-0.15305377,0.905873802
0.000387037,0.0003635,0.000127068,2755.50684,0.311450471,-0.423167811,0.850839355
0.000387037,0.0003635,0.000152242,2754.536673,-0.115790914,0.901536353,0.416922857
0.000387037,0.0003635,0.000177416,2846.758709,-0.673926225,-0.734177772,0.082501166
0.000387037,0.0003635,0.000202589,2780.244881,-0.316145156,0.693401769,0.647492261
0.000387037,0.0003635,0.000227763,3087.435965,0.486998604,-0.307617711,-0.817437278
0.000387037,0.0003635,0.000252937,2385.530081,0.484146596,-0.467642556,-0.739535337
0.000387037,0.0003635,0.000278111,1657.44292,0.423639625,-0.443660612,-0.789743458
0.000387037,0.0003635,0.000303284,1053.099698,0.336921266,-0.451159398,-0.82640139
0.000387037,0.0003635,0.000328458,647.3699384,0.042803201,-0.568129002,-0.821825604
0.000387037,0.0003635,0.000353632,501.6818384,-0.665382165,-0.711397411,-0.226230632
0.000387037,0.0003635,0.000378805,575.4793841,-0.673317082,-0.241854975,0.698677521
0.000387037,0.0003635,0.000403979,726.099727,-0.567612068,0.07904509,0.819492779
0.000387037,0.0003635,0.000429153,884.1622246,-0.542196304,0.252100109,0.801541454
0.000387037,0.0003635,0.000454326,1036.018166,-0.516339586,0.353457861,0.780039084
0.000387037,0.0003635,0.0004795,1182.322733,-0.123103024,0.103372024,-0.986995375
0.000387037,0.0003891,1.20E-06,-313.4605011,0.101282962,0.210670529,-0.972296092
0.000387037,0.0003891,2.64E-05,-401.4292333,0.320727453,0.749635809,0.578947368
0.000387037,0.0003891,5.15E-05,156.8748659,0.265249236,0.2192638,0.938917584
0.000387037,0.0003891,7.67E-05,1008.163035,0.327816461,-0.010877655,0.944678805
0.000387037,0.0003891,0.000101895,1822.661563,0.458013842,-0.16953744,0.87262843
0.000387037,0.0003891,0.000127068,2521.528765,0.615433808,-0.324277008,0.718391015
0.000387037,0.0003891,0.000152242,3038.145634,0.754364155,-0.462427046,0.465935562
0.000387037,0.0003891,0.000177416,2671.40721,0.829605876,-0.332727611,0.448382011
0.000387037,0.0003891,0.000202589,3106.405228,0.763367217,-0.58691664,-0.269813546
0.000387037,0.0003891,0.000227763,2591.198357,0.282925362,-0.620290361,-0.731568936
0.000387037,0.0003891,0.000252937,1897.397066,0.486689785,-0.540520455,-0.686273044
0.000387037,0.0003891,0.000278111,1254.89875,0.450769289,-0.543912543,-0.707789653
0.000387037,0.0003891,0.000303284,786.4320676,0.428233025,-0.492535524,-0.75764453
0.000387037,0.0003891,0.000328458,510.2752767,0.218318541,-0.414752969,-0.883355528
0.000387037,0.0003891,0.000353632,462.2709825,-0.756126265,0.417940015,0.503586353
0.000387037,0.0003891,0.000378805,597.1275824,-0.365182682,0.435289286,0.822900265
0.000387037,0.0003891,0.000403979,779.7526027,-0.351807972,0.416829926,0.838143164
0.000387037,0.0003891,0.000429153,953.3596608,-0.401720728,0.409471528,0.819117528
0.000387037,0.0003891,0.000454326,1112.433424,-0.443230088,0.409886627,0.797207653
0.000387037,0.0003891,0.0004795,1259.511449,-0.1153302,0.102225154,-0.988053117
0.000387037,0.0004147,1.20E-06,-15.38505269,0.133836986,0.407633577,-0.903284301
0.000387037,0.0004147,2.64E-05,63.53176727,0.305074332,0.814984243,0.492676705
0.000387037,0.0004147,5.15E-05,450.9293956,0.3600355,0.425254501,0.830381267
0.000387037,0.0004147,7.67E-05,1049.396312,0.447918524,0.052481224,0.892532754
0.000387037,0.0004147,0.000101895,1669.783362,0.580985644,-0.212821081,0.785597142
0.000387037,0.0004147,0.000127068,2197.553705,0.703434405,-0.415205698,0.576874567
0.000387037,0.0004147,0.000152242,2603.267744,0.468374174,-0.740172127,0.482463321
0.000387037,0.0004147,0.000177416,2795.247998,0.785933298,-0.618310872,-0.000719343
0.000387037,0.0004147,0.000202589,2602.814427,0.401338554,-0.735627626,-0.545691635
0.000387037,0.0004147,0.000227763,2044.969256,0.581789668,-0.512273303,-0.631741122
0.000387037,0.0004147,0.000252937,1315.213586,0.483274339,-0.58573852,-0.650658358
0.000387037,0.0004147,0.000278111,789.2456289,0.516833109,-0.647464842,-0.56006501
0.000387037,0.0004147,0.000303284,560.8312781,0.701066955,-0.556235328,-0.446214505
0.000387037,0.0004147,0.000328458,492.5923644,0.99782956,0.025606914,0.060666757
0.000387037,0.0004147,0.000353632,574.9836216,0.169461445,0.700457397,0.693283674
0.000387037,0.0004147,0.000378805,746.2615624,-0.048095435,0.736215973,0.675035459
0.000387037,0.0004147,0.000403979,906.2632618,-0.182767468,0.634264405,0.751202181
0.000387037,0.0004147,0.000429153,1053.283576,-0.308466794,0.521219681,0.795725003
0.000387037,0.0004147,0.000454326,1196.092711,-0.395697743,0.437753854,0.807338132
0.000387037,0.0004147,0.0004795,1332.345747,-0.119511811,0.103321164,-0.98744198
0.000387037,0.0004403,1.20E-06,268.8258743,0.188243456,0.422207628,-0.886738473
0.000387037,0.0004403,2.64E-05,383.0098822,0.443363912,0.700695299,0.558976332
0.000387037,0.0004403,5.15E-05,670.3055374,0.509152537,0.365252485,0.779329401
0.000387037,0.0004403,7.67E-05,1081.045768,0.604913669,0.013291225,0.796180128
0.000387037,0.0004403,0.000101895,1506.354156,0.726989207,-0.262397017,0.634534867
0.000387037,0.0004403,0.000127068,1838.27481,0.808036881,-0.417305328,0.415851731
0.000387037,0.0004403,0.000152242,2105.663074,0.831493907,-0.491624931,0.258694434
0.000387037,0.0004403,0.000177416,2275.159549,0.829946203,-0.557612674,-0.016043861
0.000387037,0.0004403,0.000202589,2077.852499,0.739835732,-0.533384864,-0.410053261
0.000387037,0.0004403,0.000227763,1529.412311,0.587686608,-0.43731748,-0.680718644
0.000387037,0.0004403,0.000252937,747.8201778,0.560439589,-0.407293154,-0.721123952
0.000387037,0.0004403,0.000278111,368.0237155,0.791654351,-0.474003952,-0.385491428
0.000387037,0.0004403,0.000303284,410.3720154,0.917699455,-0.29729874,0.263516925
0.000387037,0.0004403,0.000328458,516.3500211,0.729303962,0.101064721,0.676684308
0.000387037,0.0004403,0.000353632,722.9053455,0.359540305,0.357931581,0.861751561
0.000387037,0.0004403,0.000378805,964.5507869,0.195208247,0.574520248,0.7948712
0.000387037,0.0004403,0.000403979,1043.371295,-0.003220998,0.705841605,0.708362375
0.000387037,0.0004403,0.000429153,1146.420193,-0.217579102,0.507612136,0.833660155
0.000387037,0.0004403,0.000454326,1266.308637,-0.343732476,0.374019277,0.861369587
0.000387037,0.0004403,0.0004795,1388.421369,-0.116385879,0.082357186,-0.989783623
0.000387037,0.0004659,1.20E-06,471.4339832,0.262353948,0.34035329,-0.90295628
0.000387037,0.0004659,2.64E-05,575.3226209,0.639104461,0.514097933,0.572056644
0.000387037,0.0004659,5.15E-05,783.621929,0.686892996,0.197900416,0.699294958
0.000387037,0.0004659,7.67E-05,1063.589449,0.745501301,-0.096459771,0.659487166
0.000387037,0.0004659,0.000101895,1351.346123,0.80893293,-0.302355731,0.504190962
0.000387037,0.0004659,0.000127068,1585.965162,0.85789181,-0.393084509,0.330917228
0.000387037,0.0004659,0.000152242,1758.94814,0.870401413,-0.465344319,0.160798152
0.000387037,0.0004659,0.000177416,1812.308259,0.831970995,-0.546959304,-0.093057956
0.000387037,0.0004659,0.000202589,1616.341304,0.762925098,-0.50950842,-0.397927713
0.000387037,0.0004659,0.000227763,1176.039695,0.694392339,-0.370288758,-0.617013383
0.000387037,0.0004659,0.000252937,648.1489284,0.74893848,-0.114819251,-0.652616037
0.000387037,0.0004659,0.000278111,367.2893149,0.943939688,0.060427363,-0.32454029
0.000387037,0.0004659,0.000303284,390.6562155,0.956432081,0.024261251,0.290945127
0.000387037,0.0004659,0.000328458,540.0605901,0.733120591,0.061493837,0.677312858
0.000387037,0.0004659,0.000353632,764.2980524,0.514921447,0.019878462,0.857006855
0.000387037,0.0004659,0.000378805,981.8118582,0.421004924,-0.133943829,0.897114209
0.000387037,0.0004659,0.000403979,1090.554464,0.29030512,0.073380326,0.954116484
0.000387037,0.0004659,0.000429153,1191.328028,-0.017409545,0.166862902,0.985826394
0.000387037,0.0004659,0.000454326,1302.952697,-0.218550054,0.14381518,0.965169968
0.000387037,0.0004659,0.0004795,1416.749123,-0.095351826,0.029504635,-0.995006284
0.000387037,0.0004915,1.20E-06,591.3577203,0.285292205,0.575330263,-0.766552964
0.000387037,0.0004915,2.64E-05,668.319321,0.574823049,0.746995977,0.334029151
0.000387037,0.0004915,5.15E-05,810.8250762,0.695675246,0.552669108,0.458903921
0.000387037,0.0004915,7.67E-05,996.6014441,0.804591957,0.35527749,0.475825271
0.000387037,0.0004915,0.000101895,1187.788238,0.898844675,0.187483051,0.396141839
0.000387037,0.0004915,0.000127068,1345.899734,0.963502018,0.077622088,0.256200456
0.000387037,0.0004915,0.000152242,1439.541034,0.997381503,0.007360999,0.071944091
0.000387037,0.0004915,0.000177416,1422.776051,0.985735852,0.012535284,-0.167832348
0.000387037,0.0004915,0.000202589,1249.374783,0.897963809,0.189100892,-0.397368659
0.000387037,0.0004915,0.000227763,938.5302754,0.738917389,0.484269504,-0.468491345
0.000387037,0.0004915,0.000252937,603.1214701,0.58172126,0.745426414,-0.325484005
0.000387037,0.0004915,0.000278111,416.7791633,0.458119768,0.882740369,-0.104382557
0.000387037,0.0004915,0.000303284,425.0230006,0.355852297,0.931141146,0.079657451
0.000387037,0.0004915,0.000328458,550.847786,0.269014529,0.945061788,0.18571322
0.000387037,0.0004915,0.000353632,733.3253874,0.193390283,0.955685277,0.221959119
0.000387037,0.0004915,0.000378805,915.0140706,0.123922984,0.973148969,0.193969529
0.000387037,0.0004915,0.000403979,1059.757899,0.063546408,0.987703786,0.142839367
0.000387037,0.0004915,0.000429153,1182.979961,0.028564,0.989676205,0.140446102
0.000387037,0.0004915,0.000454326,1300.466341,-0.001554901,0.990410765,0.138145212
0.000387037,0.0004915,0.0004795,1413.495716,-0.020628753,0.915255506,-0.40234539
0.000412553,5.10E-06,1.20E-06,1135.55791,0.104309614,0.141945164,-0.984363284
0.000412553,5.10E-06,2.64E-05,1176.043506,0.66521422,0.610597762,0.429721323
0.000412553,5.10E-06,5.15E-05,1262.685501,0.576256239,0.270156679,0.771326206
0.000412553,5.10E-06,7.67E-05,1381.839067,0.295047553,-0.219859481,0.929843401
0.000412553,5.10E-06,0.000101895,1507.543446,-0.00228377,-0.648030272,0.761611155
0.000412553,5.10E-06,0.000127068,1616.644678,-0.171554973,-0.858380084,0.483479599
0.000412553,5.10E-06,0.000152242,1695.489528,-0.253595819,-0.928127524,0.272522403
0.000412553,5.10E-06,0.000177416,1741.001633,-0.333592869,-0.931231064,0.146712311
0.000412553,5.10E-06,0.000202589,1760.160544,-0.549946042,-0.82994716,0.093525736
0.000412553,5.10E-06,0.000227763,1768.503638,-0.924651197,0.346523151,0.157929953
0.000412553,5.10E-06,0.000252937,1787.756076,-0.33444473,0.927390151,0.167613339
0.000412553,5.10E-06,0.000278111,1842.68851,-0.167004961,0.957676817,0.234444997
0.000412553,5.10E-06,0.000303284,1957.283149,-0.082001395,0.941337588,0.327351977
0.000412553,5.10E-06,0.000328458,2150.373989,-0.011151564,0.912269551,0.40943853
0.000412553,5.10E-06,0.000353632,2430.789682,0.052256642,0.892077639,0.448850453
0.000412553,5.10E-06,0.000378805,2791.560513,0.103478027,0.895462417,0.432942673
0.000412553,5.10E-06,0.000403979,3202.408812,-0.04286137,0.993979319,0.10083658
0.000412553,5.10E-06,0.000429153,2997.202164,0.066474664,0.988688688,-0.134446259
0.000412553,5.10E-06,0.000454326,2969.113007,-0.003743847,0.999992463,-0.001027893
0.000412553,5.10E-06,0.0004795,2995.558954,-0.037412587,0.639783657,-0.767643908
0.000412553,3.07E-05,1.20E-06,1043.160133,0.116708731,-0.078146919,-0.990086931
0.000412553,3.07E-05,2.64E-05,1089.706398,0.762586161,-0.439948556,0.474244257
0.000412553,3.07E-05,5.15E-05,1183.280179,0.598504585,-0.370446429,0.71032507
0.000412553,3.07E-05,7.67E-05,1308.885193,0.373144565,-0.343931806,0.861669337
0.000412553,3.07E-05,0.000101895,1438.442954,0.120207154,-0.367774632,0.922112824
0.000412553,3.07E-05,0.000127068,1545.486683,-0.194747891,-0.481943632,0.854285429
0.000412553,3.07E-05,0.000152242,1613.104736,-0.533658391,-0.678939739,0.504231645
0.000412553,3.07E-05,0.000177416,1636.705096,-0.62672321,-0.77763628,0.049998347
0.000412553,3.07E-05,0.000202589,1624.120273,-0.55677382,-0.817987398,-0.144566696
0.000412553,3.07E-05,0.000227763,1593.867633,-0.471107343,-0.871588316,-0.135615922
0.000412553,3.07E-05,0.000252937,1572.689281,-0.38860341,-0.921400276,-0.002986973
0.000412553,3.07E-05,0.000278111,1592.484653,-0.300883022,-0.931441104,0.204662839
0.000412553,3.07E-05,0.000303284,1686.185203,-0.201012008,-0.87651964,0.437387121
0.000412553,3.07E-05,0.000328458,1882.601712,-0.088737261,-0.755825091,0.648732711
0.000412553,3.07E-05,0.000353632,2200.548085,0.031664031,-0.584861326,0.810515033
0.000412553,3.07E-05,0.000378805,2641.961829,0.157123838,-0.377776648,0.912467481
0.000412553,3.07E-05,0.000403979,3181.150165,-0.232093583,-0.423307368,0.875753071
0.000412553,3.07E-05,0.000429153,2956.950005,0.408803721,-0.460830746,-0.787727454
0.000412553,3.07E-05,0.000454326,2932.551939,0.031897119,-0.999428371,0.01120289
0.000412553,3.07E-05,0.0004795,2958.110428,-0.04147675,-0.070509277,-0.996648444
0.000412553,5.63E-05,1.20E-06,985.5885586,0.126243128,-0.049250225,-0.990776003
0.000412553,5.63E-05,2.64E-05,1043.855129,0.802605995,-0.219274679,0.554745195
0.000412553,5.63E-05,5.15E-05,1146.444326,0.643621901,-0.132429297,0.753799263
0.000412553,5.63E-05,7.67E-05,1278.267105,0.46472469,-0.074785832,0.882291359
0.000412553,5.63E-05,0.000101895,1411.57944,0.275215551,-0.026150424,0.961026824
0.000412553,5.63E-05,0.000127068,1516.440848,-0.013356427,-0.015043509,0.999797629
0.000412553,5.63E-05,0.000152242,1570.585389,-0.75606468,-0.301178006,0.581083478
0.000412553,5.63E-05,0.000177416,1566.772911,-0.764240201,-0.532043019,-0.364509453
0.000412553,5.63E-05,0.000202589,1513.672827,-0.60254393,-0.624680086,-0.496704743
0.000412553,5.63E-05,0.000227763,1432.364709,-0.522352065,-0.740457781,-0.422930958
0.000412553,5.63E-05,0.000252937,1353.919372,-0.46363998,-0.852918491,-0.23993336
0.000412553,5.63E-05,0.000278111,1317.409739,-0.395073698,-0.918420333,0.020514984
0.000412553,5.63E-05,0.000303284,1366.045458,-0.300791479,-0.903473693,0.305384629
0.000412553,5.63E-05,0.000328458,1540.951727,-0.181337067,-0.810284574,0.557275315
0.000412553,5.63E-05,0.000353632,1873.561852,-0.047417657,-0.665170724,0.745184188
0.000412553,5.63E-05,0.000378805,2378.699657,0.089992308,-0.494043456,0.86476728
0.000412553,5.63E-05,0.000403979,3047.576501,0.47396451,-0.629510908,0.615689581
0.000412553,5.63E-05,0.000429153,2849.30608,0.472172853,-0.744819779,-0.471483079
0.000412553,5.63E-05,0.000454326,2863.83653,0.452887892,-0.888471071,0.074240913
0.000412553,5.63E-05,0.0004795,2859.62765,-0.002897872,-0.067789041,-0.997695469
0.000412553,8.19E-05,1.20E-06,951.371826,0.134728458,-0.030558536,-0.990411237
0.000412553,8.19E-05,2.64E-05,1025.048027,0.790922767,-0.073049564,0.60754007
0.000412553,8.19E-05,5.15E-05,1141.400692,0.651731832,0.02951605,0.757874938
0.000412553,8.19E-05,7.67E-05,1286.030902,0.518275432,0.13316258,0.844782992
0.000412553,8.19E-05,0.000101895,1431.852273,0.395636559,0.294297508,0.869977408
0.000412553,8.19E-05,0.000127068,1543.053674,0.239225448,0.597730156,0.765173082
0.000412553,8.19E-05,0.000152242,1586.575628,-0.202422345,0.975772584,0.08302445
0.000412553,8.19E-05,0.000177416,1552.227942,-0.542437768,0.272951005,-0.794518103
0.000412553,8.19E-05,0.000202589,1452.219311,-0.537724827,-0.159046823,-0.827983163
0.000412553,8.19E-05,0.000227763,1309.438375,-0.542402675,-0.42227368,-0.726281128
0.000412553,8.19E-05,0.000252937,1157.125364,-0.549958515,-0.64625123,-0.529060469
0.000412553,8.19E-05,0.000278111,1040.427383,-0.529562447,-0.816286222,-0.230738854
0.000412553,8.19E-05,0.000303284,1013.641312,-0.452197643,-0.884052917,0.118185154
0.000412553,8.19E-05,0.000328458,1132.170263,-0.318975226,-0.843868838,0.431439671
0.000412553,8.19E-05,0.000353632,1440.088665,-0.15530625,-0.736822762,0.65800622
0.000412553,8.19E-05,0.000378805,1959.886088,0.011430987,-0.609191257,0.792940947
0.000412553,8.19E-05,0.000403979,2691.830702,0.26376622,-0.776616033,0.572096949
0.000412553,8.19E-05,0.000429153,2661.77341,-0.928510595,0.1343608,0.346143395
0.000412553,8.19E-05,0.000454326,2806.937673,0.500942493,-0.735589649,0.456031235
0.000412553,8.19E-05,0.0004795,2828.330478,0.061916863,-0.094833546,-0.993565751
0.000412553,0.0001075,1.20E-06,929.0071281,0.160901774,-0.023405619,-0.986692858
0.000412553,0.0001075,2.64E-05,1020.619444,0.774241604,-0.004977331,0.632870575
0.000412553,0.0001075,5.15E-05,1156.780645,0.654679779,0.104902042,0.748591978
0.000412553,0.0001075,7.67E-05,1324.826139,0.544793812,0.228606439,0.806807783
0.000412553,0.0001075,0.000101895,1499.997992,0.448915396,0.421696337,0.787811632
0.000412553,0.0001075,0.000127068,1639.352922,0.335119673,0.774648407,0.536297166
0.000412553,0.0001075,0.000152242,1680.235022,0.121821971,0.987848917,-0.096508677
0.000412553,0.0001075,0.000177416,1613.711732,-0.186972627,0.682234689,-0.706821806
0.000412553,0.0001075,0.000202589,1466.245713,-0.367637202,0.31388056,-0.875398128
0.000412553,0.0001075,0.000227763,1257.885879,-0.484441117,0.011307328,-0.874750792
0.000412553,0.0001075,0.000252937,1019.755664,-0.5862149,-0.27578682,-0.761770124
0.000412553,0.0001075,0.000278111,801.2090832,-0.661654491,-0.548727372,-0.510990807
0.000412553,0.0001075,0.000303284,668.1652342,-0.653444017,-0.745182075,-0.133096177
0.000412553,0.0001075,0.000328458,692.7220128,-0.527489099,-0.808986612,0.259414558
0.000412553,0.0001075,0.000353632,931.0051646,-0.321716167,-0.769913886,0.551118241
0.000412553,0.0001075,0.000378805,1400.740226,-0.100689712,-0.698589096,0.708403033
0.000412553,0.0001075,0.000403979,2078.635568,0.09213732,-0.655248301,0.749773551
0.000412553,0.0001075,0.000429153,2894.743257,0.57891069,-0.6425191,0.502027508
0.000412553,0.0001075,0.000454326,2590.626103,-0.549123645,-0.645080989,-0.531350864
0.000412553,0.0001075,0.0004795,2679.51885,-0.193248627,0.005537531,-0.981134193
0.000412553,0.0001331,1.20E-06,911.3541947,0.165822596,-0.018526326,-0.985981563
0.000412553,0.0001331,2.64E-05,1023.226322,0.762906026,0.01988658,0.646203466
0.000412553,0.0001331,5.15E-05,1184.751852,0.658125253,0.12997754,0.741604336
0.000412553,0.0001331,7.67E-05,1384.927374,0.560266994,0.249006135,0.789998
0.000412553,0.0001331,0.000101895,1603.06193,0.467854565,0.39830075,0.788966805
0.000412553,0.0001331,0.000127068,1807.803899,0.429975806,0.695090727,0.576168107
0.000412553,0.0001331,0.000152242,1853.479901,0.25065606,0.960560977,-0.12039165
0.000412553,0.0001331,0.000177416,1762.271381,-0.034396362,0.815987231,-0.577045691
0.000412553,0.0001331,0.000202589,1581.96397,-0.232569194,0.604161699,-0.762168099
0.000412553,0.0001331,0.000227763,1315.307598,-0.385893471,0.367690492,-0.84610279
0.000412553,0.0001331,0.000252937,988.9928516,-0.53696084,0.117093725,-0.83544127
0.000412553,0.0001331,0.000278111,656.4781819,-0.698395663,-0.151717479,-0.699446427
0.000412553,0.0001331,0.000303284,395.9549873,-0.819660686,-0.416787685,-0.392994129
0.000412553,0.0001331,0.000328458,298.620525,-0.791486217,-0.610042112,0.037392376
0.000412553,0.0001331,0.000353632,434.2345857,-0.57892283,-0.69646847,0.42400475
0.000412553,0.0001331,0.000378805,808.9886555,-0.28009587,-0.716231595,0.639185893
0.000412553,0.0001331,0.000403979,1364.068042,-0.016313136,-0.736542024,0.676195037
0.000412553,0.0001331,0.000429153,1995.406158,0.170361128,-0.797406494,0.578895474
0.000412553,0.0001331,0.000454326,2541.221765,0.451943221,-0.647095703,0.614015045
0.000412553,0.0001331,0.0004795,2837.86749,0.376043081,-0.34341908,-0.860613117
0.000412553,0.0001587,1.20E-06,894.3330876,0.327901871,-0.034943366,-0.944065318
0.000412553,0.0001587,2.64E-05,1029.175602,0.75087594,0.024146607,0.660001715
0.000412553,0.0001587,5.15E-05,1221.247875,0.657067644,0.135841552,0.741491189
0.000412553,0.0001587,7.67E-05,1458.909711,0.572895116,0.254364451,0.779159748
0.000412553,0.0001587,0.000101895,1717.097658,0.504896384,0.396691792,0.766625896
0.000412553,0.0001587,0.000127068,1946.573963,0.472509823,0.620399129,0.625970756
0.000412553,0.0001587,0.000152242,2049.674607,0.30276682,0.94598499,0.115951073
0.000412553,0.0001587,0.000177416,2004.158347,0.040589806,0.936233786,-0.34902545
0.000412553,0.0001587,0.000202589,1826.548766,-0.142388173,0.788240497,-0.598667293
0.000412553,0.0001587,0.000227763,1519.936986,-0.289293791,0.602497009,-0.743845721
0.000412553,0.0001587,0.000252937,1113.659615,-0.441771133,0.405227695,-0.800392892
0.000412553,0.0001587,0.000278111,670.3943162,-0.626943274,0.203875773,-0.751915421
0.000412553,0.0001587,0.000303284,282.2141059,-0.833178868,-0.004307467,-0.552986816
0.000412553,0.0001587,0.000328458,57.62903938,-0.95952801,-0.212914415,-0.184318882
0.000412553,0.0001587,0.000353632,78.47948237,-0.874194876,-0.412343662,0.256429374
0.000412553,0.0001587,0.000378805,341.1824385,-0.557480484,-0.585720126,0.588342964
0.000412553,0.0001587,0.000403979,764.4512434,-0.190397453,-0.707349371,0.680739066
0.000412553,0.0001587,0.000429153,1245.798979,0.071528663,-0.792987966,0.605023749
0.000412553,0.0001587,0.000454326,1687.740631,0.223176779,-0.852695579,0.472337142
0.000412553,0.0001587,0.0004795,2018.122243,0.294467695,-0.827002261,-0.478911305
0.000412553,0.0001843,1.20E-06,874.1297066,0.677125902,-0.087920463,-0.730595993
0.000412553,0.0001843,2.64E-05,1035.389268,0.730704253,0.010498166,0.682613422
0.000412553,0.0001843,5.15E-05,1264.812602,0.642052623,0.128956428,0.755737169
0.000412553,0.0001843,7.67E-05,1549.543819,0.563749054,0.257425269,0.784805221
0.000412553,0.0001843,0.000101895,1859.677992,0.494982006,0.41552044,0.763109152
0.000412553,0.0001843,0.000127068,2143.002706,0.420006889,0.641856589,0.641571767
0.000412553,0.0001843,0.000152242,2331.237252,0.272205576,0.911314596,0.308884818
0.000412553,0.0001843,0.000177416,2370.925085,0.077010159,0.990405634,-0.114743694
0.000412553,0.0001843,0.000202589,2230.315201,-0.078202967,0.898318156,-0.432329489
0.000412553,0.0001843,0.000227763,1902.50918,-0.204487059,0.743362505,-0.636865157
0.000412553,0.0001843,0.000252937,1426.38832,-0.337450828,0.579350918,-0.741943025
0.000412553,0.0001843,0.000278111,885.7357109,-0.506965734,0.434950252,-0.744180101
0.000412553,0.0001843,0.000303284,391.1010456,-0.721149877,0.31163447,-0.618729999
0.000412553,0.0001843,0.000328458,59.29266199,-0.921165101,0.188049585,-0.340723071
0.000412553,0.0001843,0.000353632,-29.44672848,-0.998268315,0.029248355,0.051038272
0.000412553,0.0001843,0.000378805,114.5098339,-0.85607582,-0.214973269,0.470022004
0.000412553,0.0001843,0.000403979,408.171243,-0.479905939,-0.501297712,0.719993676
0.000412553,0.0001843,0.000429153,764.7826601,-0.102518705,-0.690259638,0.716262205
0.000412553,0.0001843,0.000454326,1123.358939,0.127659226,-0.77559263,0.618190257
0.000412553,0.0001843,0.0004795,1444.578779,0.291161965,-0.921943671,-0.255430183
0.000412553,0.0002099,1.20E-06,844.2570039,0.968765745,-0.188239533,-0.161427414
0.000412553,0.0002099,2.64E-05,1035.285813,0.699141123,-0.030559951,0.714330301
0.000412553,0.0002099,5.15E-05,1310.46723,0.610418347,0.097151252,0.786098643
0.000412553,0.0002099,7.67E-05,1657.336899,0.530801606,0.235409085,0.814145084
0.000412553,0.0002099,0.000101895,2045.7143,0.454245971,0.400723183,0.795664206
0.000412553,0.0002099,0.000127068,2426.33196,0.365505904,0.615782637,0.69800944
0.000412553,0.0002099,0.000152242,2733.510541,0.379489609,0.585596362,0.716285235
0.000412553,0.0002099,0.000177416,2890.015146,0.252448157,0.946377026,0.201594776
0.000412553,0.0002099,0.000202589,2816.332098,-0.080029843,0.772180428,-0.630343248
0.000412553,0.0002099,0.000227763,2474.188591,-0.187850248,0.602058297,-0.776040006
0.000412553,0.0002099,0.000252937,1921.059222,-0.240452443,0.656589312,-0.714893767
0.000412553,0.0002099,0.000278111,1285.73495,-0.379674095,0.542711452,-0.749207489
0.000412553,0.0002099,0.000303284,705.5162156,-0.569414131,0.480203531,-0.667212197
0.000412553,0.0002099,0.000328458,293.6656462,-0.775343148,0.437830666,-0.455134388
0.000412553,0.0002099,0.000353632,110.6585037,-0.918378798,0.3694621,-0.141697356
0.000412553,0.0002099,0.000378805,137.6401726,-0.948591697,0.225156355,0.222437425
0.000412553,0.0002099,0.000403979,304.0294928,-0.798127528,-0.056318133,0.599850579
0.000412553,0.0002099,0.000429153,544.9028465,-0.413140095,-0.400429114,0.817906955
0.000412553,0.0002099,0.000454326,820.4125976,-0.054099799,-0.592216027,0.803961062
0.000412553,0.0002099,0.0004795,1103.326072,0.222387448,-0.97383896,0.046706558
0.000412553,0.0002355,1.20E-06,793.444728,0.94026433,-0.297193746,0.166068865
0.000412553,0.0002355,2.64E-05,1015.106438,0.658689438,-0.109201691,0.744448262
0.000412553,0.0002355,5.15E-05,1342.991689,0.568770522,0.027893163,0.822023154
0.000412553,0.0002355,7.67E-05,1765.739943,0.489181163,0.171317539,0.85519126
0.000412553,0.0002355,0.000101895,2253.528475,0.413127831,0.329694353,0.848897537
0.000412553,0.0002355,0.000127068,2760.050959,0.456307029,0.720582885,0.522057662
0.000412553,0.0002355,0.000152242,2716.739491,-0.930736664,0.364451664,0.0300707
0.000412553,0.0002355,0.000177416,2766.31127,0.619043952,-0.748467949,0.237866169
0.000412553,0.0002355,0.000202589,2748.335872,-0.143111503,-0.048368481,-0.988523944
0.000412553,0.0002355,0.000227763,2608.831691,-0.432521567,0.736088258,-0.520671846
0.000412553,0.0002355,0.000252937,2536.400462,-0.20100482,0.805208518,-0.557885566
0.000412553,0.0002355,0.000278111,1781.163133,-0.260195,0.529285089,-0.807561674
0.000412553,0.0002355,0.000303284,1117.201269,-0.425338209,0.503966367,-0.751734866
0.000412553,0.0002355,0.000328458,641.2254232,-0.636605819,0.510466184,-0.57806341
0.000412553,0.0002355,0.000353632,384.2640545,-0.81553044,0.490383491,-0.307301372
0.000412553,0.0002355,0.000378805,313.5592249,-0.907378123,0.419959323,-0.017294778
0.000412553,0.0002355,0.000403979,369.2870613,-0.910330127,0.283586077,0.301459775
0.000412553,0.0002355,0.000429153,507.6916122,-0.728737926,0.023420713,0.68439207
0.000412553,0.0002355,0.000454326,705.0455175,-0.335707458,-0.256679263,0.906320174
0.000412553,0.0002355,0.0004795,938.9998316,-0.057412068,-0.920722259,0.385971989
0.000412553,0.0002611,1.20E-06,705.7515137,0.888098848,-0.441967724,0.126273381
0.000412553,0.0002611,2.64E-05,953.3086587,0.616951348,-0.224657472,0.754254635
0.000412553,0.0002611,5.15E-05,1336.369322,0.527243662,-0.077662304,0.846157602
0.000412553,0.0002611,7.67E-05,1842.830638,0.452100569,0.069676189,0.889241421
0.000412553,0.0002611,0.000101895,2438.424039,0.384843193,0.214275358,0.897764884
0.000412553,0.0002611,0.000127068,3076.517839,-0.062147251,-0.208608717,0.976022603
0.000412553,0.0002611,0.000152242,2810.669348,0.313796471,0.398449166,-0.861841074
0.000412553,0.0002611,0.000177416,2788.910512,0.145998638,0.988363202,-0.042691671
0.000412553,0.0002611,0.000202589,2808.496129,-0.17854126,0.970010293,-0.164933471
0.000412553,0.0002611,0.000227763,2778.881611,-0.152375191,0.589132525,0.79353933
0.000412553,0.0002611,0.000252937,3135.881864,-0.292582481,0.159111291,-0.942909905
0.000412553,0.0002611,0.000278111,2231.646439,-0.14167312,0.385775258,-0.911650249
0.000412553,0.0002611,0.000303284,1482.677517,-0.280971128,0.384709899,-0.879234621
0.000412553,0.0002611,0.000328458,951.8559122,-0.514452963,0.416981531,-0.749309383
0.000412553,0.0002611,0.000353632,642.3946333,-0.763088672,0.424444802,-0.487383103
0.000412553,0.0002611,0.000378805,507.4769237,-0.899280968,0.390015779,-0.197943004
0.000412553,0.0002611,0.000403979,489.7443784,-0.935407143,0.344097012,0.08130636
0.000412553,0.0002611,0.000429153,556.5874852,-0.857302266,0.25092779,0.44951982
0.000412553,0.0002611,0.000454326,696.1930175,-0.568338043,0.08232817,0.818665952
0.000412553,0.0002611,0.0004795,888.8818116,-0.940807832,-0.325790747,0.093493378
0.000412553,0.0002867,1.20E-06,564.1263769,0.812391593,-0.567286633,-0.134928781
0.000412553,0.0002867,2.64E-05,824.093714,0.587035639,-0.357259904,0.72646715
0.000412553,0.0002867,5.15E-05,1259.96669,0.49693658,-0.198723086,0.844726684
0.000412553,0.0002867,7.67E-05,1853.553394,0.428633338,-0.044649427,0.902374584
0.000412553,0.0002867,0.000101895,2552.967128,0.576898337,0.13006922,0.806393395
0.000412553,0.0002867,0.000127068,2679.142301,-0.322878927,-0.741081965,0.588682189
0.000412553,0.0002867,0.000152242,2851.958848,-0.083042103,0.292421876,0.952676994
0.000412553,0.0002867,0.000177416,2817.475924,-0.472196128,0.666377636,-0.577036969
0.000412553,0.0002867,0.000202589,2808.316922,0.730005651,0.248444762,0.636684341
0.000412553,0.0002867,0.000227763,2856.002672,-0.017783067,0.270903046,-0.962442363
0.000412553,0.0002867,0.000252937,2630.307467,-0.001687208,-0.811106508,-0.584896047
0.000412553,0.0002867,0.000278111,2492.582755,-0.021844175,0.269053863,-0.962877381
0.000412553,0.0002867,0.000303284,1686.657904,-0.110253006,0.142454961,-0.983641631
0.000412553,0.0002867,0.000328458,1116.751514,-0.333841072,0.147099657,-0.931081001
0.000412553,0.0002867,0.000353632,777.8118205,-0.679614037,0.162651267,-0.71531065
0.000412553,0.0002867,0.000378805,619.4263073,-0.917719444,0.196725448,-0.345094363
0.000412553,0.0002867,0.000403979,580.6478724,-0.967011244,0.254482748,0.01130418
0.000412553,0.0002867,0.000429153,624.8855446,-0.873333017,0.299860355,0.383892185
0.000412553,0.0002867,0.000454326,739.0282147,-0.63216243,0.268306284,0.726899168
0.000412553,0.0002867,0.0004795,905.1278466,-0.592615842,0.285275034,-0.753275925
0.000412553,0.0003123,1.20E-06,359.286708,0.69954598,-0.561180146,-0.442393791
0.000412553,0.0003123,2.64E-05,605.3152108,0.59070717,-0.466650012,0.6582574
0.000412553,0.0003123,5.15E-05,1090.086208,0.490533585,-0.294105006,0.82029205
0.000412553,0.0003123,7.67E-05,1777.769614,0.423805428,-0.13158346,0.896144381
0.000412553,0.0003123,0.000101895,2573.8446,0.598945556,-0.030044167,0.800225949
0.000412553,0.0003123,0.000127068,2693.748013,-0.594073093,-0.042145869,0.803306221
0.000412553,0.0003123,0.000152242,2853.849595,-0.435474924,-0.116705074,0.892603785
0.000412553,0.0003123,0.000177416,2840.162872,-0.866095696,0.261039904,-0.42630554
0.000412553,0.0003123,0.000202589,2823.7845,0.576591822,0.78723906,-0.218624184
0.000412553,0.0003123,0.000227763,2829.835274,0.218303393,-0.07971744,-0.972619534
0.000412553,0.0003123,0.000252937,2623.37332,-0.626462621,0.672789589,-0.39357179
0.000412553,0.0003123,0.000278111,2499.792966,0.238583575,-0.183532519,-0.953621357
0.000412553,0.0003123,0.000303284,1685.305316,0.067533513,-0.121050377,-0.99034642
0.000412553,0.0003123,0.000328458,1097.874358,-0.087646919,-0.207615532,-0.974276043
0.000412553,0.0003123,0.000353632,757.3942562,-0.43089462,-0.307827086,-0.848276082
0.000412553,0.0003123,0.000378805,621.7761712,-0.898142664,-0.198264039,-0.392467993
0.000412553,0.0003123,0.000403979,614.7255064,-0.978899846,0.09622507,0.180265992
0.000412553,0.0003123,0.000429153,682.394322,-0.797530114,0.290179991,0.528905747
0.000412553,0.0003123,0.000454326,801.3852204,-0.579079622,0.34450994,0.738904387
0.000412553,0.0003123,0.0004795,956.2410606,-0.306928093,0.243640325,-0.92001877
0.000412553,0.0003379,1.20E-06,111.4354184,0.624482865,-0.396444288,-0.672943592
0.000412553,0.0003379,2.64E-05,297.2437461,0.673882105,-0.46882952,0.571035716
0.000412553,0.0003379,5.15E-05,832.479543,0.525098033,-0.293476656,0.79883885
0.000412553,0.0003379,7.67E-05,1631.999346,0.437583869,-0.148064598,0.886903169
0.000412553,0.0003379,0.000101895,2517.994687,0.617486402,-0.107186235,0.779244284
0.000412553,0.0003379,0.000127068,2664.202912,-0.417477455,-0.155075342,0.895357031
0.000412553,0.0003379,0.000152242,2832.491385,-0.281013012,-0.221089761,0.933890253
0.000412553,0.0003379,0.000177416,2836.197469,-0.966521118,0.185381907,0.177399203
0.000412553,0.0003379,0.000202589,2846.135127,-0.613272157,0.778699866,0.132377413
0.000412553,0.0003379,0.000227763,2839.298479,0.225202459,-0.159496148,0.961168472
0.000412553,0.0003379,0.000252937,3204.051393,-0.307033838,0.37769068,-0.873544488
0.000412553,0.0003379,0.000278111,2308.986185,0.261028305,-0.261772729,-0.929160515
0.000412553,0.0003379,0.000303284,1512.398994,0.204844603,-0.282037742,-0.937279788
0.000412553,0.0003379,0.000328458,915.6675891,0.096826804,-0.437235848,-0.894119334
0.000412553,0.0003379,0.000353632,602.1168532,-0.138171275,-0.70580673,-0.694798934
0.000412553,0.0003379,0.000378805,546.1334341,-0.758658506,-0.649460949,0.051359008
0.000412553,0.0003379,0.000403979,613.5535095,-0.745701632,0.054323974,0.66406173
0.000412553,0.0003379,0.000429153,729.0292339,-0.590982825,0.306371449,0.746241138
0.000412553,0.0003379,0.000454326,868.8699377,-0.473979566,0.382756549,0.792994827
0.000412553,0.0003379,0.0004795,1024.18753,-0.180232844,0.183415852,-0.966371951
0.000412553,0.0003635,1.20E-06,-76.22267354,0.590852757,-0.098241481,-0.800775643
0.000412553,0.0003635,2.64E-05,3.301052721,0.868049735,-0.160885233,0.469686704
0.000412553,0.0003635,5.15E-05,591.42071,0.596930087,-0.116220033,0.793830823
0.000412553,0.0003635,7.67E-05,1491.614923,0.463882102,-0.08532001,0.881778822
0.000412553,0.0003635,0.000101895,2429.458984,0.640613918,-0.118351742,0.758687467
0.000412553,0.0003635,0.000127068,2638.354899,-0.006460414,0.783047955,0.621927779
0.000412553,0.0003635,0.000152242,2812.441936,0.218804374,-0.327323895,0.919229957
0.000412553,0.0003635,0.000177416,2854.662016,-0.594286477,-0.577783662,0.559454756
0.000412553,0.0003635,0.000202589,2842.334872,0.157851185,-0.71171971,-0.684498399
0.000412553,0.0003635,0.000227763,2769.436892,-0.707193178,-0.706121505,0.035640279
0.000412553,0.0003635,0.000252937,2856.545172,0.164105825,-0.692686155,-0.702321272
0.000412553,0.0003635,0.000278111,2015.132082,0.369864772,-0.338741817,-0.865132378
0.000412553,0.0003635,0.000303284,1258.940267,0.304928525,-0.305491402,-0.902049665
0.000412553,0.0003635,0.000328458,645.1962589,0.201589071,-0.359565544,-0.911084226
0.000412553,0.0003635,0.000353632,375.6483206,-0.004131715,-0.772037561,-0.635563478
0.000412553,0.0003635,0.000378805,474.7046207,-0.262016115,-0.036140675,0.964386544
0.000412553,0.0003635,0.000403979,629.9407882,-0.3298369,0.28927933,0.898623997
0.000412553,0.0003635,0.000429153,788.9903566,-0.366686967,0.401896377,0.839058979
0.000412553,0.0003635,0.000454326,946.2625578,-0.367141901,0.43716702,0.82103095
0.000412553,0.0003635,0.0004795,1102.435492,-0.122986159,0.153689864,-0.980435531
0.000412553,0.0003891,1.20E-06,-25.69318322,0.557348391,0.205563887,-0.804429151
0.000412553,0.0003891,2.64E-05,64.67805255,0.83403084,0.275386824,0.478073902
0.000412553,0.0003891,5.15E-05,610.8943424,0.613498328,0.127656699,0.779309675
0.000412553,0.0003891,7.67E-05,1451.140827,0.508518641,-0.002966736,0.86104587
0.000412553,0.0003891,0.000101895,2336.079112,0.538354599,-0.10203287,0.83651875
0.000412553,0.0003891,0.000127068,3154.569681,0.379390543,0.503720201,0.776098431
0.000412553,0.0003891,0.000152242,2754.163295,-0.522696101,-0.3521874,-0.776371575
0.000412553,0.0003891,0.000177416,2804.802356,0.554933332,-0.831826656,0.01064946
0.000412553,0.0003891,0.000202589,2756.020066,-0.703355965,-0.489036213,-0.515881739
0.000412553,0.0003891,0.000227763,2552.989639,0.276496229,0.052378656,-0.959586532
0.000412553,0.0003891,0.000252937,2447.495972,0.664936834,-0.529464878,-0.526807318
0.000412553,0.0003891,0.000278111,1672.851879,0.48775045,-0.393867247,-0.779081568
0.000412553,0.0003891,0.000303284,1040.594633,0.461707924,-0.280572721,-0.841489597
0.000412553,0.0003891,0.000328458,561.1669716,0.435065085,0.009867987,-0.900344931
0.000412553,0.0003891,0.000353632,391.5084157,0.375175009,0.92201324,-0.095578749
0.000412553,0.0003891,0.000378805,536.4423626,0.014162216,0.613496926,0.789570107
0.000412553,0.0003891,0.000403979,716.4397379,-0.128715923,0.559521834,0.81875975
0.000412553,0.0003891,0.000429153,883.1083822,-0.229907741,0.536345717,0.812081094
0.000412553,0.0003891,0.000454326,1038.593673,-0.290714885,0.505623138,0.812299267
0.000412553,0.0003891,0.0004795,1187.183329,-0.103409654,0.152757194,-0.982838584
0.000412553,0.0004147,1.20E-06,215.4801268,0.526669249,0.405626746,-0.747051835
0.000412553,0.0004147,2.64E-05,376.2071038,0.694699166,0.493342278,0.523456269
0.000412553,0.0004147,5.15E-05,822.3797367,0.609216273,0.260426759,0.749021653
0.000412553,0.0004147,7.67E-05,1485.57013,0.577054838,0.028724015,0.816200125
0.000412553,0.0004147,0.000101895,2218.167687,0.624949634,-0.148707224,0.766370743
0.000412553,0.0004147,0.000127068,2914.30432,0.587534799,-0.643060639,0.491198406
0.000412553,0.0004147,0.000152242,2651.089098,0.569986603,0.623489301,-0.535141444
0.000412553,0.0004147,0.000177416,2707.173996,0.034191408,0.989045061,-0.143599491
0.000412553,0.0004147,0.000202589,2599.583492,0.688482072,0.640133817,0.340912207
0.000412553,0.0004147,0.000227763,2786.562756,0.616177165,-0.308188882,-0.724807088
0.000412553,0.0004147,0.000252937,1956.987118,0.613465981,-0.419114876,-0.669329673
0.000412553,0.0004147,0.000278111,1291.823254,0.656174947,-0.406612295,-0.635689296
0.000412553,0.0004147,0.000303284,882.0008206,0.740102004,-0.250280801,-0.624186306
0.000412553,0.0004147,0.000328458,652.4308704,0.818933552,0.308789121,-0.483732484
0.000412553,0.0004147,0.000353632,618.1967297,0.438238861,0.882494894,0.170732137
0.000412553,0.0004147,0.000378805,731.4522583,0.105265636,0.836114022,0.538360927
0.000412553,0.0004147,0.000403979,870.8564382,-0.049098751,0.744407798,0.66591767
0.000412553,0.0004147,0.000429153,1005.362847,-0.157535947,0.649251529,0.744079886
0.000412553,0.0004147,0.000454326,1138.742156,-0.240581928,0.556752429,0.79507677
0.000412553,0.0004147,0.0004795,1270.653063,-0.098132608,0.160785989,-0.9820987
0.000412553,0.0004403,1.20E-06,468.1887492,0.537706977,0.448116438,-0.714186856
0.000412553,0.0004403,2.64E-05,646.349804,0.687613892,0.459058409,0.562541121
0.000412553,0.0004403,5.15E-05,1003.139965,0.655759395,0.226853159,0.720081426
0.000412553,0.0004403,7.67E-05,1501.093774,0.660561511,-0.017759921,0.75056184
0.000412553,0.0004403,0.000101895,2054.151395,0.711173092,-0.220064476,0.667685898
0.000412553,0.0004403,0.000127068,2578.205174,0.550171561,-0.486913904,0.678399664
0.000412553,0.0004403,0.000152242,2999.576139,0.710669629,-0.175516795,0.68128007
0.000412553,0.0004403,0.000177416,3165.556107,0.947826038,-0.262954225,-0.180224517
0.000412553,0.0004403,0.000202589,2907.613511,0.547311471,-0.226914212,-0.805580594
0.000412553,0.0004403,0.000227763,2275.129664,0.68685725,-0.395912108,-0.609492183
0.000412553,0.0004403,0.000252937,1495.682835,0.73188287,-0.309929209,-0.606870126
0.000412553,0.0004403,0.000278111,973.6030917,0.848388966,-0.253155672,-0.464917593
0.000412553,0.0004403,0.000303284,779.8748757,0.954120025,-0.127993012,-0.270689429
0.000412553,0.0004403,0.000328458,732.4173149,0.968447732,0.244024516,0.050606574
0.000412553,0.0004403,0.000353632,806.8780688,0.569007702,0.658139018,0.493034753
0.000412553,0.0004403,0.000378805,935.4866989,0.045275312,0.79089812,0.610270686
0.000412553,0.0004403,0.000403979,1027.820933,-0.003585095,0.785731809,0.618556926
0.000412553,0.0004403,0.000429153,1120.812202,-0.088827164,0.674091147,0.733287707
0.000412553,0.0004403,0.000454326,1227.509122,-0.184797676,0.539401835,0.821520225
0.000412553,0.0004403,0.0004795,1340.896551,-0.087359868,0.1483449,-0.985069563
0.000412553,0.0004659,1.20E-06,658.6535299,0.583859894,0.382768835,-0.71595785
0.000412553,0.0004659,2.64E-05,820.1437911,0.750631818,0.333006072,0.570665252
0.000412553,0.0004659,5.15E-05,1096.216942,0.733616052,0.110059151,0.670592627
0.000412553,0.0004659,7.67E-05,1460.279761,0.740462093,-0.114123695,0.662338034
0.000412553,0.0004659,0.000101895,1857.147451,0.771091892,-0.298613414,0.562358714
0.000412553,0.0004659,0.000127068,2224.244562,0.809524231,-0.428038611,0.401812726
0.000412553,0.0004659,0.000152242,2497.208507,0.641741851,-0.719581195,0.265274011
0.000412553,0.0004659,0.000177416,2570.724843,0.604662834,-0.788820657,-0.110203581
0.000412553,0.0004659,0.000202589,2344.522565,0.771285231,-0.520420745,-0.366444185
0.000412553,0.0004659,0.000227763,1853.873007,0.74139985,-0.379937122,-0.553149207
0.000412553,0.0004659,0.000252937,1281.039606,0.800180181,-0.197755739,-0.566219344
0.000412553,0.0004659,0.000278111,895.4526934,0.911027501,-0.066316287,-0.406977939
0.000412553,0.0004659,0.000303284,766.0270324,0.991303772,0.007640909,-0.131371415
0.000412553,0.0004659,0.000328458,784.8451515,0.964970714,0.134087999,0.225503726
0.000412553,0.0004659,0.000353632,893.8592631,0.755469817,0.245537656,0.607434453
0.000412553,0.0004659,0.000378805,1022.638734,0.434356,0.319531107,0.842160755
0.000412553,0.0004659,0.000403979,1110.255826,0.277928677,0.452225253,0.847495116
0.000412553,0.0004659,0.000429153,1192.039404,0.10126618,0.453912031,0.88527342
0.000412553,0.0004659,0.000454326,1285.694495,-0.05823703,0.371095865,0.926766587
0.000412553,0.0004659,0.0004795,1386.938133,-0.05722262,0.09843667,-0.993496751
0.000412553,0.0004915,1.20E-06,776.3427467,0.532638436,0.580180628,-0.616187257
0.000412553,0.0004915,2.64E-05,906.0097177,0.73988779,0.486920593,0.464192195
0.000412553,0.0004915,5.15E-05,1109.9797,0.796637132,0.20197101,0.569716589
0.000412553,0.0004915,7.67E-05,1367.761799,0.822529102,-0.081660433,0.562829858
0.000412553,0.0004915,0.000101895,1641.614859,0.831174959,-0.307846232,0.463010675
0.000412553,0.0004915,0.000127068,1884.821124,0.833422105,-0.458449209,0.30859669
0.000412553,0.0004915,0.000152242,2043.798621,0.832546664,-0.541603829,0.116324306
0.000412553,0.0004915,0.000177416,2054.144814,0.836002492,-0.536992094,-0.112868617
0.000412553,0.0004915,0.000202589,1872.306028,0.852063227,-0.387494596,-0.351903674
0.000412553,0.0004915,0.000227763,1532.293301,0.860474534,-0.059245602,-0.506037088
0.000412553,0.0004915,0.000252937,1155.27967,0.81498379,0.354598873,-0.458324188
0.000412553,0.0004915,0.000278111,888.2615758,0.703580845,0.660696107,-0.261638391
0.000412553,0.0004915,0.000303284,786.4170494,0.549651549,0.833522376,-0.055889389
0.000412553,0.0004915,0.000328458,809.7155789,0.38052451,0.921208117,0.081096869
0.000412553,0.0004915,0.000353632,904.6269959,0.232409111,0.963426363,0.133400333
0.000412553,0.0004915,0.000378805,1018.981934,0.124943381,0.984662751,0.121771992
0.000412553,0.0004915,0.000403979,1119.744299,0.06341281,0.993610876,0.093360824
0.000412553,0.0004915,0.000429153,1212.289385,0.040946177,0.993655376,0.104749248
0.000412553,0.0004915,0.000454326,1306.872097,0.018333912,0.993188483,0.115067396
0.000412553,0.0004915,0.0004795,1404.076542,0.000227217,0.948096938,-0.317981358
0.000438068,5.10E-06,1.20E-06,1235.619787,0.114726821,0.074223316,-0.990620339
0.000438068,5.10E-06,2.64E-05,1273.903048,0.871181196,-0.026013569,0.490271983
0.000438068,5.10E-06,5.15E-05,1341.514292,0.535709128,-0.64872887,0.54052436
0.000438068,5.10E-06,7.67E-05,1428.569024,0.213344062,-0.895908026,0.389657697
0.000438068,5.10E-06,0.000101895,1518.745328,0.04992156,-0.967684113,0.247174624
0.000438068,5.10E-06,0.000127068,1595.935483,-0.027218571,-0.989150708,0.144360751
0.000438068,5.10E-06,0.000152242,1649.653961,-0.066781346,-0.994900738,0.075582887
0.000438068,5.10E-06,0.000177416,1677.705566,-0.095129266,-0.994915426,0.033071397
0.000438068,5.10E-06,0.000202589,1686.77428,-0.131748832,-0.991180808,0.014242562
0.000438068,5.10E-06,0.000227763,1691.608334,-0.207073469,-0.977531982,0.039392923
0.000438068,5.10E-06,0.000252937,1713.268705,-0.433085049,-0.862421408,0.262043231
0.000438068,5.10E-06,0.000278111,1776.533079,-0.537902648,0.312711295,0.782861666
0.000438068,5.10E-06,0.000303284,1906.244366,-0.216757407,0.729679873,0.648524101
0.000438068,5.10E-06,0.000328458,2122.454437,-0.101116778,0.792665038,0.601213385
0.000438068,5.10E-06,0.000353632,2434.499375,-0.041777187,0.827839901,0.559406619
0.000438068,5.10E-06,0.000378805,2834.196668,-0.007725352,0.95740956,0.28862996
0.000438068,5.10E-06,0.000403979,2886.263324,-0.222627803,0.967509275,0.119844329
0.000438068,5.10E-06,0.000429153,3033.160718,-0.020012334,0.998373059,0.053392327
0.000438068,5.10E-06,0.000454326,2977.521031,0.003540689,0.999119836,-0.041797324
0.000438068,5.10E-06,0.0004795,2966.571072,-0.014348235,0.652994935,-0.757226348
0.000438068,3.07E-05,1.20E-06,1156.715328,0.125553404,-0.072243152,-0.989453015
0.000438068,3.07E-05,2.64E-05,1201.624871,0.79587662,-0.408454134,0.446929107
0.000438068,3.07E-05,5.15E-05,1276.498218,0.680850017,-0.350393305,0.643170107
0.000438068,3.07E-05,7.67E-05,1369.706863,0.51208164,-0.326842719,0.794321239
0.000438068,3.07E-05,0.000101895,1462.269814,0.282423131,-0.37016561,0.884994122
0.000438068,3.07E-05,0.000127068,1534.663837,-0.085337878,-0.567654596,0.818831916
0.000438068,3.07E-05,0.000152242,1573.30865,-0.497475362,-0.813924973,0.300073995
0.000438068,3.07E-05,0.000177416,1574.626097,-0.542054951,-0.829468016,-0.134756229
0.000438068,3.07E-05,0.000202589,1546.184913,-0.475425507,-0.848403922,-0.232768925
0.000438068,3.07E-05,0.000227763,1505.753147,-0.41053585,-0.896256398,-0.167883249
0.000438068,3.07E-05,0.000252937,1479.657474,-0.351782515,-0.936024741,-0.010331824
0.000438068,3.07E-05,0.000278111,1500.569245,-0.293629094,-0.934650712,0.200524318
0.000438068,3.07E-05,0.000303284,1603.792595,-0.233375347,-0.874369175,0.42545798
0.000438068,3.07E-05,0.000328458,1821.32132,-0.172412641,-0.756609366,0.630726683
0.000438068,3.07E-05,0.000353632,2173.973826,-0.115008318,-0.593227716,0.796777236
0.000438068,3.07E-05,0.000378805,2662.649631,-0.098196759,-0.577306595,0.810601315
0.000438068,3.07E-05,0.000403979,2826.289572,-0.103487135,0.542800056,0.833461764
0.000438068,3.07E-05,0.000429153,2992.430401,-0.096023715,-0.753617027,0.650262119
0.000438068,3.07E-05,0.000454326,2950.149229,0.169326184,-0.862528233,-0.476837175
0.000438068,3.07E-05,0.0004795,2941.448871,-0.00757817,-0.041050776,-0.999128323
0.000438068,5.63E-05,1.20E-06,1106.43838,0.134946143,-0.043554667,-0.989895211
0.000438068,5.63E-05,2.64E-05,1162.578067,0.833879189,-0.181911045,0.521108309
0.000438068,5.63E-05,5.15E-05,1248.394002,0.713758419,-0.083656443,0.695377968
0.000438068,5.63E-05,7.67E-05,1350.834286,0.565379471,0.010124247,0.824768788
0.000438068,5.63E-05,0.000101895,1448.580486,0.3826142,0.117003624,0.916469599
0.000438068,5.63E-05,0.000127068,1517.654282,0.015942326,0.242407746,0.970043467
0.000438068,5.63E-05,0.000152242,1539.424106,-0.978706967,-0.12900827,-0.159654436
0.000438068,5.63E-05,0.000177416,1507.92284,-0.644955843,-0.43930884,-0.625331674
0.000438068,5.63E-05,0.000202589,1431.492668,-0.524410035,-0.603120911,-0.601031847
0.000438068,5.63E-05,0.000227763,1330.432325,-0.464364827,-0.749339592,-0.472075719
0.000438068,5.63E-05,0.000252937,1235.673131,-0.419517162,-0.868376228,-0.264439176
0.000438068,5.63E-05,0.000278111,1188.136485,-0.37047812,-0.928841136,0.000326756
0.000438068,5.63E-05,0.000303284,1235.895583,-0.309801147,-0.909064639,0.27861215
0.000438068,5.63E-05,0.000328458,1426.891213,-0.240386191,-0.81579025,0.526023523
0.000438068,5.63E-05,0.000353632,1797.493843,-0.170917815,-0.673067723,0.719560241
0.000438068,5.63E-05,0.000378805,2361.75275,-0.112768666,-0.503919727,0.856357482
0.000438068,5.63E-05,0.000403979,3104.673423,-0.24277368,-0.204307752,0.948324461
0.000438068,5.63E-05,0.000429153,2887.183425,-0.087595035,-0.81266406,-0.576111305
0.000438068,5.63E-05,0.000454326,2883.74124,0.099235601,-0.994615383,0.029875329
0.000438068,5.63E-05,0.0004795,2891.637115,0.018699421,-0.077788168,-0.996794529
0.000438068,8.19E-05,1.20E-06,1079.349623,0.149601595,-0.022708525,-0.988485552
0.000438068,8.19E-05,2.64E-05,1151.231101,0.810354462,-0.009842292,0.5858573
0.000438068,8.19E-05,5.15E-05,1253.466783,0.682660274,0.116243861,0.721430742
0.000438068,8.19E-05,7.67E-05,1372.205818,0.538365686,0.267358299,0.799175781
0.000438068,8.19E-05,0.000101895,1483.928023,0.363045164,0.501952728,0.785010616
0.000438068,8.19E-05,0.000127068,1557.74953,0.069244523,0.869689101,0.488718798
0.000438068,8.19E-05,0.000152242,1565.312021,-0.37669319,0.834448634,-0.40224087
0.000438068,8.19E-05,0.000177416,1497.517879,-0.489138821,0.227553977,-0.84199905
0.000438068,8.19E-05,0.000202589,1365.061232,-0.484797775,-0.160123768,-0.859843879
0.000438068,8.19E-05,0.000227763,1189.659169,-0.485885696,-0.440339857,-0.754993974
0.000438068,8.19E-05,0.000252937,1004.467225,-0.488343889,-0.674781612,-0.553344398
0.000438068,8.19E-05,0.000278111,857.5144922,-0.472247854,-0.8429134,-0.257835151
0.000438068,8.19E-05,0.000303284,811.5834014,-0.421234533,-0.903211527,0.08228248
0.000438068,8.19E-05,0.000328458,935.6098198,-0.33962036,-0.855590629,0.390669535
0.000438068,8.19E-05,0.000353632,1284.707016,-0.246131722,-0.741780624,0.623843475
0.000438068,8.19E-05,0.000378805,1880.419206,-0.162092923,-0.608612808,0.776734404
0.000438068,8.19E-05,0.000403979,2711.173357,-0.174489457,-0.786242874,0.592769409
0.000438068,8.19E-05,0.000429153,2675.505162,-0.551811462,0.598930077,0.580333415
0.000438068,8.19E-05,0.000454326,2799.365096,-0.158082753,-0.887423199,0.433001049
0.000438068,8.19E-05,0.0004795,2800.402304,-0.010516439,-0.092146043,-0.995689967
0.000438068,0.0001075,1.20E-06,1067.910285,0.16882766,-0.008671056,-0.985607444
0.000438068,0.0001075,2.64E-05,1159.603395,0.767916829,0.084083795,0.635006818
0.000438068,0.0001075,5.15E-05,1284.602553,0.637803937,0.217120921,0.738961869
0.000438068,0.0001075,7.67E-05,1429.239047,0.492044175,0.380214912,0.783153338
0.000438068,0.0001075,0.000101895,1569.230317,0.308670672,0.624645194,0.717314992
0.000438068,0.0001075,0.000127068,1664.932047,0.037663491,0.93922691,0.341224667
0.000438068,0.0001075,0.000152242,1666.490693,-0.214538262,0.914231416,-0.34373573
0.000438068,0.0001075,0.000177416,1562.958002,-0.327963628,0.558816961,-0.761684622
0.000438068,0.0001075,0.000202589,1373.19102,-0.393366311,0.232079798,-0.88960773
0.000438068,0.0001075,0.000227763,1116.559207,-0.454570081,-0.059690761,-0.888708644
0.000438068,0.0001075,0.000252937,823.7765329,-0.519844468,-0.34667848,-0.780753329
0.000438068,0.0001075,0.000278111,546.8828723,-0.574154449,-0.617025185,-0.538169666
0.000438068,0.0001075,0.000303284,364.1287675,-0.574514232,-0.801178454,-0.167470841
0.000438068,0.0001075,0.000328458,373.1734898,-0.495562681,-0.839726821,0.221983096
0.000438068,0.0001075,0.000353632,655.0437634,-0.366959785,-0.771927655,0.519103276
0.000438068,0.0001075,0.000378805,1225.111902,-0.236385987,-0.680429409,0.693640746
0.000438068,0.0001075,0.000403979,2032.220575,-0.142042928,-0.632707194,0.76125253
0.000438068,0.0001075,0.000429153,2979.742634,-0.275987253,-0.71343673,0.644080017
0.000438068,0.0001075,0.000454326,2623.43324,-0.147744476,-0.462287087,-0.874335301
0.000438068,0.0001075,0.0004795,2729.762743,0.000637503,0.138034578,-0.990427205
0.000438068,0.0001331,1.20E-06,1065.301933,0.158432569,-0.001115746,-0.987369169
0.000438068,0.0001331,2.64E-05,1180.410109,0.730914106,0.118397355,0.672120998
0.000438068,0.0001331,5.15E-05,1334.032476,0.605352307,0.248057425,0.756317459
0.000438068,0.0001331,7.67E-05,1512.730557,0.465644607,0.400128753,0.78934915
0.000438068,0.0001331,0.000101895,1692.647686,0.286698258,0.610293177,0.738475692
0.000438068,0.0001331,0.000127068,1829.994109,-0.019539291,0.91632284,0.399963334
0.000438068,0.0001331,0.000152242,1841.124745,-0.192462222,0.942266516,-0.274029389
0.000438068,0.0001331,0.000177416,1716.343997,-0.247962622,0.719910608,-0.648261718
0.000438068,0.0001331,0.000202589,1483.489394,-0.320209054,0.494686843,-0.807930126
0.000438068,0.0001331,0.000227763,1152.132415,-0.399025212,0.262064753,-0.878692748
0.000438068,0.0001331,0.000252937,747.2296523,-0.495869532,0.013340857,-0.868294552
0.000438068,0.0001331,0.000278111,321.5919638,-0.61926433,-0.257539186,-0.741744739
0.000438068,0.0001331,0.000303284,-33.51352306,-0.733681815,-0.523379214,-0.43334189
0.000438068,0.0001331,0.000328458,-183.5121334,-0.73003582,-0.683060394,0.021821998
0.000438068,0.0001331,0.000353632,-3.614368487,-0.573515996,-0.70274879,0.420979264
0.000438068,0.0001331,0.000378805,506.5943591,-0.364911888,-0.672693449,0.643679142
0.000438068,0.0001331,0.000403979,1228.133099,-0.203591455,-0.684842065,0.699672684
0.000438068,0.0001331,0.000429153,2009.538401,-0.105478377,-0.771642461,0.62724973
0.000438068,0.0001331,0.000454326,2664.954963,-0.078793296,-0.649251251,0.756481613
0.000438068,0.0001331,0.0004795,3020.864911,0.012223984,-0.339402263,-0.940561895
0.000438068,0.0001587,1.20E-06,1065.795315,0.330185479,-0.001671312,-0.943914591
0.000438068,0.0001587,2.64E-05,1207.743247,0.70181095,0.116460454,0.702779022
0.000438068,0.0001587,5.15E-05,1395.443023,0.584558264,0.244093991,0.773763374
0.000438068,0.0001587,7.67E-05,1614.103116,0.4604931,0.391056123,0.796882183
0.000438068,0.0001587,0.000101895,1835.864408,0.314884272,0.585012705,0.74740085
0.000438068,0.0001587,0.000127068,2010.85619,0.107581069,0.866083898,0.48818541
0.000438068,0.0001587,0.000152242,2063.901495,-0.093704762,0.992034828,-0.084180269
0.000438068,0.0001587,0.000177416,1966.846814,-0.195944321,0.857828537,-0.475116852
0.000438068,0.0001587,0.000202589,1724.502013,-0.27135704,0.681874207,-0.67927382
0.000438068,0.0001587,0.000227763,1339.862852,-0.345046907,0.495043976,-0.797417139
0.000438068,0.0001587,0.000252937,836.7534233,-0.439297174,0.303452265,-0.845538122
0.000438068,0.0001587,0.000278111,271.2124159,-0.582253952,0.107722567,-0.805838808
0.000438068,0.0001587,0.000303284,-256.2542119,-0.788977254,-0.097839775,-0.606582452
0.000438068,0.0001587,0.000328458,-578.5629129,-0.757861034,-0.556421544,-0.340648965
0.000438068,0.0001587,0.000353632,-516.4735217,-0.541281646,-0.672866302,0.504247081
0.000438068,0.0001587,0.000378805,-83.9573607,-0.56457818,-0.52243789,0.638991494
0.000438068,0.0001587,0.000403979,536.2208791,-0.315710528,-0.620308943,0.718013703
0.000438068,0.0001587,0.000429153,1182.230844,-0.157721969,-0.737931736,0.656186356
0.000438068,0.0001587,0.000454326,1740.76196,-0.059299256,-0.845819195,0.530163642
0.000438068,0.0001587,0.0004795,2142.751618,0.020638192,-0.910561707,-0.412857654
0.000438068,0.0001843,1.20E-06,1063.618354,0.800087004,-0.031490926,-0.599056849
0.000438068,0.0001843,2.64E-05,1235.962522,0.675494768,0.088689968,0.732011549
0.000438068,0.0001843,5.15E-05,1464.395047,0.56409269,0.218610916,0.796246636
0.000438068,0.0001843,7.67E-05,1732.519863,0.450664198,0.369484058,0.812639718
0.000438068,0.0001843,0.000101895,2008.457192,0.324562194,0.562905778,0.760129244
0.000438068,0.0001843,0.000127068,2241.403156,0.162259788,0.813712731,0.558160687
0.000438068,0.0001843,0.000152242,2368.542823,-0.029315008,0.989979802,0.138132622
0.000438068,0.0001843,0.000177416,2339.510951,-0.165617807,0.949185085,-0.267616175
0.000438068,0.0001843,0.000202589,2123.532175,-0.243992044,0.809770372,-0.533610183
0.000438068,0.0001843,0.000227763,1712.588244,-0.303386442,0.649243887,-0.69745182
0.000438068,0.0001843,0.000252937,1137.248903,-0.376858938,0.497737157,-0.781175437
0.000438068,0.0001843,0.000278111,470.1769386,-0.498283818,0.37359627,-0.782393164
0.000438068,0.0001843,0.000303284,-172.9007275,-0.70171376,0.277710503,-0.65610569
0.000438068,0.0001843,0.000328458,-615.7567263,-0.703120812,0.352173946,-0.617733467
0.000438068,0.0001843,0.000353632,-674.7921307,-0.915122332,0.08702688,0.393671741
0.000438068,0.0001843,0.000378805,-368.6616233,-0.773785832,-0.181765855,0.606808586
0.000438068,0.0001843,0.000403979,115.7182987,-0.48243531,-0.414562722,0.77161773
0.000438068,0.0001843,0.000429153,631.9997455,-0.265617194,-0.606137824,0.749696235
0.000438068,0.0001843,0.000454326,1106.595858,-0.125221185,-0.737753503,0.663354674
0.000438068,0.0001843,0.0004795,1507.009005,-0.008662253,-0.999063227,-0.042398515
0.000438068,0.0002099,1.20E-06,1051.305783,0.935547816,-0.103458618,0.33770786
0.000438068,0.0002099,2.64E-05,1257.123374,0.64967816,0.035253883,0.759391501
0.000438068,0.0002099,5.15E-05,1534.082472,0.539608805,0.168204836,0.824942102
0.000438068,0.0002099,7.67E-05,1865.661823,0.428461789,0.322136201,0.844185266
0.000438068,0.0002099,0.000101895,2219.094535,0.305390324,0.5120128,0.802857174
0.000438068,0.0002099,0.000127068,2544.69586,0.152586879,0.744086433,0.650424957
0.000438068,0.0002099,0.000152242,2778.935638,-0.050621626,0.797700091,0.600925965
0.000438068,0.0002099,0.000177416,2850.570893,-0.398360748,0.900284411,-0.175489865
0.000438068,0.0002099,0.000202589,2691.988614,-0.406564166,0.633829601,-0.658001228
0.000438068,0.0002099,0.000227763,2273.52233,-0.285679967,0.73245061,-0.617983058
0.000438068,0.0002099,0.000252937,1641.779714,-0.326051567,0.599007169,-0.731355445
0.000438068,0.0002099,0.000278111,907.4093449,-0.407062203,0.517968061,-0.752335996
0.000438068,0.0002099,0.000303284,211.1740673,-0.554076879,0.498214301,-0.666919278
0.000438068,0.0002099,0.000328458,-287.5856631,-0.748562219,0.506909666,-0.427430924
0.000438068,0.0002099,0.000353632,-460.9244892,-0.88834609,0.458266095,-0.028868833
0.000438068,0.0002099,0.000378805,-324.7600742,-0.862957758,0.26222357,0.431905902
0.000438068,0.0002099,0.000403979,-10.50341051,-0.66277219,-0.054319114,0.74684835
0.000438068,0.0002099,0.000429153,367.5279972,-0.413641094,-0.348740882,0.840999907
0.000438068,0.0002099,0.000454326,751.13545,-0.210011025,-0.541470481,0.814067004
0.000438068,0.0002099,0.0004795,1112.895151,-0.07112029,-0.888311882,0.453700236
0.000438068,0.0002355,1.20E-06,1018.684989,0.773881033,-0.167535991,0.610769873
0.000438068,0.0002355,2.64E-05,1258.754431,0.628062795,-0.0436498,0.776937463
0.000438068,0.0002355,5.15E-05,1590.576701,0.51714441,0.089819842,0.851172165
0.000438068,0.0002355,7.67E-05,1998.343239,0.40646143,0.24129602,0.881229446
0.000438068,0.0002355,0.000101895,2448.836855,0.28555019,0.41869633,0.862064076
0.000438068,0.0002355,0.000127068,2892.70777,0.35351523,0.476883587,0.80474159
0.000438068,0.0002355,0.000152242,2781.453285,0.967976932,0.124703434,-0.217875454
0.000438068,0.0002355,0.000177416,2793.113615,-0.094531613,-0.206438548,-0.973882385
0.000438068,0.0002355,0.000202589,2688.79622,0.835899382,0.26845169,0.478754544
0.000438068,0.0002355,0.000227763,2978.404463,0.011641749,0.729499344,-0.683882429
0.000438068,0.0002355,0.000252937,2275.09448,-0.298081907,0.6049279,-0.738382971
0.000438068,0.0002355,0.000278111,1471.799872,-0.330542993,0.543139825,-0.771842251
0.000438068,0.0002355,0.000303284,734.92439,-0.426033495,0.556049978,-0.713655298
0.000438068,0.0002355,0.000328458,194.8137502,-0.574875101,0.611661733,-0.54349659
0.000438068,0.0002355,0.000353632,-74.68914233,-0.730863487,0.637483979,-0.243829325
0.000438068,0.0002355,0.000378805,-90.56579242,-0.820310868,0.550501134,0.155043804
0.000438068,0.0002355,0.000403979,64.51472331,-0.768180585,0.313576409,0.558183145
0.000438068,0.0002355,0.000429153,310.819228,-0.560461569,-0.010812762,0.828109844
0.000438068,0.0002355,0.000454326,602.4246162,-0.310061114,-0.264032543,0.913317536
0.000438068,0.0002355,0.0004795,909.3445606,-0.152061661,-0.544512269,0.824853708
0.000438068,0.0002611,1.20E-06,953.8384988,0.76090762,-0.256964874,0.595809238
0.000438068,0.0002611,2.64E-05,1224.449308,0.618686895,-0.138632981,0.773309397
0.000438068,0.0002611,5.15E-05,1613.449184,0.506299594,-0.007884248,0.86232161
0.000438068,0.0002611,7.67E-05,2104.648282,0.397483821,0.136886862,0.907341501
0.000438068,0.0002611,0.000101895,2660.835179,0.427909876,0.446122865,0.7860455
0.000438068,0.0002611,0.000127068,2745.139745,-0.756335314,-0.323368677,0.568673537
0.000438068,0.0002611,0.000152242,2836.904816,0.613651723,0.296127875,0.731942515
0.000438068,0.0002611,0.000177416,2830.597308,0.829719861,0.326850016,-0.452475436
0.000438068,0.0002611,0.000202589,2797.646128,-0.11662962,0.733835633,-0.669240461
0.000438068,0.0002611,0.000227763,2722.292513,-0.634691949,-0.667106061,0.390045681
0.000438068,0.0002611,0.000252937,2896.984005,-0.609599851,0.296906114,-0.735006654
0.000438068,0.0002611,0.000278111,2009.57017,-0.260830107,0.456081153,-0.850857001
0.000438068,0.0002611,0.000303284,1222.997415,-0.316879591,0.482364379,-0.81664676
0.000438068,0.0002611,0.000328458,638.9996914,-0.44526072,0.555153575,-0.702529287
0.000438068,0.0002611,0.000353632,297.8266577,-0.621451,0.628084308,-0.468304128
0.000438068,0.0002611,0.000378805,177.8697856,-0.76924359,0.629936213,-0.106979747
0.000438068,0.0002611,0.000403979,218.8055418,-0.79643487,0.515885094,0.315521898
0.000438068,0.0002611,0.000429153,360.3854777,-0.648703165,0.282666512,0.706600203
0.000438068,0.0002611,0.000454326,575.1764906,-0.390572153,0.03739287,0.919812571
0.000438068,0.0002611,0.0004795,833.4548798,-0.245133676,-0.175118784,0.953542287
0.000438068,0.0002867,1.20E-06,847.1983528,0.830781883,-0.355884335,0.427957712
0.000438068,0.0002867,2.64E-05,1138.501924,0.631772954,-0.226795655,0.741233206
0.000438068,0.0002867,5.15E-05,1582.392712,0.515603812,-0.102128837,0.850718761
0.000438068,0.0002867,7.67E-05,2159.034013,0.408864976,0.033708651,0.911972126
0.000438068,0.0002867,0.000101895,2818.506107,0.542894316,0.300288611,0.784278338
0.000438068,0.0002867,0.000127068,2790.892578,0.97548164,0.219883188,-0.009324952
0.000438068,0.0002867,0.000152242,2816.613054,-0.0167817,-0.820913745,0.570805568
0.000438068,0.0002867,0.000177416,2821.952766,0.748656843,-0.30254224,-0.589899249
0.000438068,0.0002867,0.000202589,2809.565779,-0.20470937,0.857383782,-0.472215126
0.000438068,0.0002867,0.000227763,2805.62685,-0.35936784,0.348699904,-0.865599868
0.000438068,0.0002867,0.000252937,2567.874495,0.622660129,-0.401723075,-0.67150051
0.000438068,0.0002867,0.000278111,2384.295326,-0.261998373,0.439715614,-0.859073356
0.000438068,0.0002867,0.000303284,1558.181603,-0.185031851,0.300217082,-0.935752594
0.000438068,0.0002867,0.000328458,938.2843335,-0.288938097,0.360371681,-0.886931242
0.000438068,0.0002867,0.000353632,554.2468241,-0.493945296,0.467181326,-0.733320976
0.000438068,0.0002867,0.000378805,382.6196247,-0.731985377,0.580963154,-0.355920247
0.000438068,0.0002867,0.000403979,367.9854954,-0.791949575,0.586246617,0.170677402
0.000438068,0.0002867,0.000429153,455.7952172,-0.634213209,0.471133748,0.613030666
0.000438068,0.0002867,0.000454326,621.9818536,-0.404617973,0.290966239,0.866961904
0.000438068,0.0002867,0.0004795,838.6253027,-0.407414704,0.221260411,0.886034474
0.000438068,0.0003123,1.20E-06,700.2416756,0.911405153,-0.388524694,0.135606815
0.000438068,0.0003123,2.64E-05,995.6918743,0.678242781,-0.270964727,0.683055522
0.000438068,0.0003123,5.15E-05,1488.859459,0.550619134,-0.159155558,0.819443761
0.000438068,0.0003123,7.67E-05,2151.111716,0.440534343,-0.037499112,0.896952234
0.000438068,0.0003123,0.000101895,2906.861574,0.662785067,0.139171097,0.735763115
0.000438068,0.0003123,0.000127068,2790.534045,0.84892916,-0.091312284,-0.520558688
0.000438068,0.0003123,0.000152242,2791.478597,-0.568563349,-0.534079151,0.625695756
0.000438068,0.0003123,0.000177416,2826.921757,-0.505877006,0.155351869,0.848501179
0.000438068,0.0003123,0.000202589,2827.790492,-0.375729861,0.891665441,-0.252507054
0.000438068,0.0003123,0.000227763,2821.304738,-0.150475776,0.111624624,-0.9822917
0.000438068,0.0003123,0.000252937,2640.655107,-0.016937645,0.202411477,-0.979154079
0.000438068,0.0003123,0.000278111,2535.13237,-0.030563738,0.11713131,-0.992646017
0.000438068,0.0003123,0.000303284,1694.776994,-0.009010035,0.064699462,-0.997864118
0.000438068,0.0003123,0.000328458,1053.819405,-0.054905698,0.056305099,-0.996902754
0.000438068,0.0003123,0.000353632,657.8224028,-0.215355457,0.106825913,-0.970675152
0.000438068,0.0003123,0.000378805,487.0500591,-0.638731441,0.421837375,-0.643486888
0.000438068,0.0003123,0.000403979,474.407254,-0.733020201,0.626790213,0.264226066
0.000438068,0.0003123,0.000429153,558.8956148,-0.513977789,0.544770759,0.662609729
0.000438068,0.0003123,0.000454326,705.8362434,-0.3511448,0.429662115,0.831918143
0.000438068,0.0003123,0.0004795,890.6483546,-0.610123226,0.791509455,-0.035530702
0.000438068,0.0003379,1.20E-06,541.1432936,0.947852205,-0.277120255,-0.157418431
0.000438068,0.0003379,2.64E-05,820.3632213,0.761918339,-0.221433558,0.608644086
0.000438068,0.0003379,5.15E-05,1354.182191,0.610315604,-0.142837396,0.779174141
0.000438068,0.0003379,7.67E-05,2098.747283,0.484221601,-0.055242932,0.873199668
0.000438068,0.0003379,0.000101895,2941.502399,0.226731499,0.061707533,0.972000518
0.000438068,0.0003379,0.000127068,2770.310253,0.748832563,-0.157993951,-0.64365185
0.000438068,0.0003379,0.000152242,2785.027365,-0.337521523,0.23403831,0.911759448
0.000438068,0.0003379,0.000177416,2828.713691,-0.435089525,-0.235994534,0.86890948
0.000438068,0.0003379,0.000202589,2829.736783,-0.721803828,-0.691098599,-0.037174727
0.000438068,0.0003379,0.000227763,2827.252473,-0.276716118,-0.091725346,-0.956563982
0.000438068,0.0003379,0.000252937,2628.0341,-0.848327979,-0.117830359,-0.51619342
0.000438068,0.0003379,0.000278111,2497.798226,0.278005229,-0.177044361,-0.944123078
0.000438068,0.0003379,0.000303284,1655.853421,0.177796099,-0.110449601,-0.977849392
0.000438068,0.0003379,0.000328458,997.8433963,0.2095731,-0.189316158,-0.959290628
0.000438068,0.0003379,0.000353632,617.6779233,0.251530463,-0.289706074,-0.923473236
0.000438068,0.0003379,0.000378805,504.8935183,0.203390493,0.22571632,-0.95272475
0.000438068,0.0003379,0.000403979,541.3018887,-0.308425087,0.64320534,0.700828693
0.000438068,0.0003379,0.000429153,649.2889594,-0.291977908,0.555865741,0.778307252
0.000438068,0.0003379,0.000454326,796.224384,-0.253611744,0.488585484,0.834844482
0.000438068,0.0003379,0.0004795,965.3648162,-0.25856368,0.510941224,-0.819807227
0.000438068,0.0003635,1.20E-06,440.6572366,0.941934496,-0.060261981,-0.33034512
0.000438068,0.0003635,2.64E-05,694.8872272,0.84141122,-0.062650754,0.536751379
0.000438068,0.0003635,5.15E-05,1250.538671,0.669766924,-0.048968107,0.740955054
0.000438068,0.0003635,7.67E-05,2048.989345,0.525436034,-0.028472484,0.850356568
0.000438068,0.0003635,0.000101895,2950.217815,0.305903848,-0.010227616,0.952007475
0.000438068,0.0003635,0.000127068,2751.474455,0.739959842,-0.184520249,-0.646847516
0.000438068,0.0003635,0.000152242,2806.723978,-0.260309039,0.211914646,0.941982689
0.000438068,0.0003635,0.000177416,2814.573103,-0.661923265,-0.74486542,-0.08386357
0.000438068,0.0003635,0.000202589,2800.165613,-0.55431653,-0.818496172,-0.150987422
0.000438068,0.0003635,0.000227763,2801.635832,-0.011419898,-0.51957567,-0.85434812
0.000438068,0.0003635,0.000252937,2564.177721,-0.32084242,0.617709916,-0.717979527
0.000438068,0.0003635,0.000278111,2349.739232,0.475906355,-0.27600332,-0.83506605
0.000438068,0.0003635,0.000303284,1522.485615,0.334996968,-0.152661449,-0.929769602
0.000438068,0.0003635,0.000328458,845.4655969,0.449252771,-0.143942066,-0.881732743
0.000438068,0.0003635,0.000353632,500.5584324,0.76604405,-0.104616779,-0.634217505
0.000438068,0.0003635,0.000378805,505.4512447,0.780681539,0.415082841,0.467164393
0.000438068,0.0003635,0.000403979,609.174525,0.138799405,0.596766205,0.790319443
0.000438068,0.0003635,0.000429153,744.0441063,-0.079617372,0.588138857,0.80483151
0.000438068,0.0003635,0.000454326,893.9495373,-0.152549427,0.542553502,0.826053491
0.000438068,0.0003635,0.0004795,1052.318806,-0.127614799,0.361882894,-0.923447472
0.000438068,0.0003891,1.20E-06,474.8359518,0.908684456,0.163914061,-0.383959294
0.000438068,0.0003891,2.64E-05,724.2312693,0.836599205,0.123197076,0.533782962
0.000438068,0.0003891,5.15E-05,1263.177024,0.680792192,0.062655126,0.729791975
0.000438068,0.0003891,7.67E-05,2040.87316,0.55577461,0.000314194,0.831332956
0.000438068,0.0003891,0.000101895,2933.827647,0.412023708,-0.128345791,0.902088589
0.000438068,0.0003891,0.000127068,2728.683882,-0.933868695,-0.074380902,-0.349795286
0.000438068,0.0003891,0.000152242,2799.462847,0.571238133,0.358749678,0.738231443
0.000438068,0.0003891,0.000177416,2769.476667,-0.241487453,-0.158148554,-0.957430334
0.000438068,0.0003891,0.000202589,2758.416715,0.100517591,-0.360383841,-0.927372472
0.000438068,0.0003891,0.000227763,2681.304911,0.494375595,-0.522946347,0.694348535
0.000438068,0.0003891,0.000252937,3023.405064,0.278833738,0.239316667,-0.930042623
0.000438068,0.0003891,0.000278111,2147.670876,0.463663951,-0.226744461,-0.856506095
0.000438068,0.0003891,0.000303284,1404.679778,0.489064601,-0.124319072,-0.863342681
0.000438068,0.0003891,0.000328458,828.1894758,0.60961365,0.091554104,-0.787393831
0.000438068,0.0003891,0.000353632,560.6413333,0.81196923,0.451866621,-0.369489548
0.000438068,0.0003891,0.000378805,603.0349542,0.603462915,0.69189093,0.39638296
0.000438068,0.0003891,0.000403979,724.5131592,0.246740497,0.703268767,0.666732456
0.000438068,0.0003891,0.000429153,860.9154191,0.035406565,0.665132697,0.745885293
0.000438068,0.0003891,0.000454326,1002.128709,-0.078217851,0.603986441,0.793147116
0.000438068,0.0003891,0.0004795,1146.010416,-0.0819791,0.327426598,-0.941313577
0.000438068,0.0004147,1.20E-06,623.7660784,0.870026917,0.32729296,-0.368690225
0.000438068,0.0004147,2.64E-05,879.9176033,0.780337631,0.245237948,0.575266486
0.000438068,0.0004147,5.15E-05,1365.49116,0.668093973,0.12103177,0.734167388
0.000438068,0.0004147,7.67E-05,2049.631445,0.587296204,-0.011934366,0.809284091
0.000438068,0.0004147,0.000101895,2850.701435,0.511686277,-0.30992497,0.801326193
0.000438068,0.0004147,0.000127068,2722.4191,-0.752668539,-0.64384233,-0.137684874
0.000438068,0.0004147,0.000152242,2826.883282,0.703434704,-0.45698726,0.544373274
0.000438068,0.0004147,0.000177416,2807.678275,0.712723132,-0.045840959,-0.699945958
0.000438068,0.0004147,0.000202589,2765.321149,0.61611995,-0.238055237,-0.75081683
0.000438068,0.0004147,0.000227763,2598.680916,-0.06605647,0.988752529,-0.134182633
0.000438068,0.0004147,0.000252937,2703.816743,0.536150549,-0.591804302,-0.601922135
0.000438068,0.0004147,0.000278111,1913.953942,0.61776422,-0.243723374,-0.747640479
0.000438068,0.0004147,0.000303284,1329.266091,0.671819512,-0.098835018,-0.734091399
0.000438068,0.0004147,0.000328458,945.268051,0.743365597,0.237505661,-0.625298849
0.000438068,0.0004147,0.000353632,780.5738614,0.711906109,0.656732425,-0.248781458
0.000438068,0.0004147,0.000378805,796.3354498,0.502725121,0.831785173,0.235373913
0.000438068,0.0004147,0.000403979,885.7931149,0.260497827,0.813811532,0.519472494
0.000438068,0.0004147,0.000429153,995.7962788,0.091929413,0.74307911,0.662859275
0.000438068,0.0004147,0.000454326,1114.727754,-0.024396288,0.654379924,0.755772278
0.000438068,0.0004147,0.0004795,1238.83847,-0.057464595,0.328811396,-0.942645684
0.000438068,0.0004403,1.20E-06,798.8523084,0.860745126,0.381660812,-0.33682763
0.000438068,0.0004403,2.64E-05,1045.785887,0.754127722,0.251775001,0.606548207
0.000438068,0.0004403,5.15E-05,1459.276806,0.679886453,0.09405657,0.727260457
0.000438068,0.0004403,7.67E-05,2018.600121,0.63250949,-0.077539224,0.770661673
0.000438068,0.0004403,0.000101895,2669.210229,0.83682866,-0.320177182,0.444076983
0.000438068,0.0004403,0.000127068,2615.419184,0.707989281,0.66810507,0.228881615
0.000438068,0.0004403,0.000152242,2726.677894,-0.690344665,-0.593143215,0.414252785
0.000438068,0.0004403,0.000177416,2765.376552,-0.933933808,-0.34694348,-0.086010833
0.000438068,0.0004403,0.000202589,2691.029467,-0.213330279,0.688245001,0.693403931
0.000438068,0.0004403,0.000227763,3142.187936,0.782169075,0.038441987,-0.62187921
0.000438068,0.0004403,0.000252937,2338.786888,0.677144717,-0.309172757,-0.667747886
0.000438068,0.0004403,0.000278111,1691.992617,0.751256958,-0.217242148,-0.623232566
0.000438068,0.0004403,0.000303284,1272.051273,0.8223959,-0.078743317,-0.563439859
0.000438068,0.0004403,0.000328458,1040.127232,0.883025462,0.199974007,-0.42458972
0.000438068,0.0004403,0.000353632,960.4511113,0.800677415,0.586128481,-0.123972097
0.000438068,0.0004403,0.000378805,981.1650528,0.509669618,0.828787051,0.230973818
0.000438068,0.0004403,0.000403979,1042.282569,0.298267595,0.836965216,0.458830762
0.000438068,0.0004403,0.000429153,1121.902138,0.161700562,0.763482331,0.625258073
0.000438068,0.0004403,0.000454326,1216.128756,0.043457573,0.656595236,0.752990129
0.000438068,0.0004403,0.0004795,1320.166702,-0.026693965,0.315826158,-0.948441495
0.000438068,0.0004659,1.20E-06,939.9332602,0.883957819,0.333299919,-0.327917274
0.000438068,0.0004659,2.64E-05,1158.698906,0.771230583,0.175609947,0.61185336
0.000438068,0.0004659,5.15E-05,1493.43585,0.71861101,0.005341789,0.695391747
0.000438068,0.0004659,7.67E-05,1925.83381,0.686675934,-0.176802153,0.705136271
0.000438068,0.0004659,0.000101895,2413.110833,0.681405474,-0.352545603,0.641403288
0.000438068,0.0004659,0.000127068,2893.007932,0.887992203,-0.297484445,0.350674853
0.000438068,0.0004659,0.000152242,2608.532312,0.718712799,-0.168442171,-0.674595543
0.000438068,0.0004659,0.000177416,2661.447381,0.370055835,-0.093266602,0.924315974
0.000438068,0.0004659,0.000202589,3145.66287,0.933961286,-0.346150369,-0.08886078
0.000438068,0.0004659,0.000227763,2620.823833,0.47745349,-0.567590537,-0.670730309
0.000438068,0.0004659,0.000252937,2020.993366,0.737782926,-0.311917751,-0.598651544
0.000438068,0.0004659,0.000278111,1535.821509,0.819031461,-0.183841849,-0.543497599
0.000438068,0.0004659,0.000303284,1236.622103,0.898094211,-0.062147782,-0.435389988
0.000438068,0.0004659,0.000328458,1094.511382,0.95912253,0.108599322,-0.26132386
0.000438068,0.0004659,0.000353632,1064.062453,0.940041162,0.341059427,0.001039284
0.000438068,0.0004659,0.000378805,1094.938114,0.759040683,0.574198127,0.306844833
0.000438068,0.0004659,0.000403979,1146.862905,0.531695672,0.665076038,0.524379229
0.000438068,0.0004659,0.000429153,1211.669134,0.344317298,0.637694947,0.689050618
0.000438068,0.0004659,0.000454326,1290.539031,0.179890991,0.549250219,0.816065824
0.000438068,0.0004659,0.0004795,1380.14252,0.031368883,0.254079196,-0.966674586
0.000438068,0.0004915,1.20E-06,1027.74254,0.828582074,0.456432505,-0.324223867
0.000438068,0.0004915,2.64E-05,1207.33873,0.806229753,0.148289222,0.57271624
0.000438068,0.0004915,5.15E-05,1465.269501,0.764194245,-0.161725887,0.624381208
0.000438068,0.0004915,7.67E-05,1784.10055,0.697845661,-0.424997087,0.576531794
0.000438068,0.0004915,0.000101895,2128.602845,0.63784056,-0.61508326,0.463499735
0.000438068,0.0004915,0.000127068,2446.831781,0.595730102,-0.739778835,0.312782546
0.000438068,0.0004915,0.000152242,2667.879546,0.75431672,-0.632298135,0.176650373
0.000438068,0.0004915,0.000177416,2710.260419,0.606392747,-0.787221065,-0.112119719
0.000438068,0.0004915,0.000202589,2530.103652,0.614880156,-0.738755991,-0.275974599
0.000438068,0.0004915,0.000227763,2174.344031,0.703423415,-0.544630848,-0.456697645
0.000438068,0.0004915,0.000252937,1763.89016,0.813135577,-0.217250181,-0.540011938
0.000438068,0.0004915,0.000278111,1422.180401,0.858481447,0.200915085,-0.47185033
0.000438068,0.0004915,0.000303284,1207.991665,0.748055879,0.600730316,-0.28202037
0.000438068,0.0004915,0.000328458,1113.052911,0.513887139,0.853255497,-0.088741567
0.000438068,0.0004915,0.000353632,1102.862342,0.294420283,0.955502567,0.018208262
0.000438068,0.0004915,0.000378805,1138.733353,0.153480643,0.986786974,0.051914933
0.000438068,0.0004915,0.000403979,1192.841071,0.099397632,0.9926728,0.068708241
0.000438068,0.0004915,0.000429153,1257.121737,0.062107835,0.995094807,0.076999621
0.000438068,0.0004915,0.000454326,1331.439437,0.041920706,0.99468978,0.09399413
0.000438068,0.0004915,0.0004795,1413.879963,0.024913098,0.98126807,-0.19102961
0.000463584,5.10E-06,1.20E-06,1334.255107,0.119097671,-0.027175069,-0.992510585
0.000463584,5.10E-06,2.64E-05,1366.768263,0.603295512,-0.745558309,0.283156024
0.000463584,5.10E-06,5.15E-05,1418.056798,0.301853442,-0.92494469,0.231001774
0.000463584,5.10E-06,7.67E-05,1480.194716,0.137116503,-0.976944988,0.163638488
0.000463584,5.10E-06,0.000101895,1541.805621,0.049640523,-0.993255898,0.104778527
0.000463584,5.10E-06,0.000127068,1591.627017,0.00258962,-0.99827413,0.058669037
0.000463584,5.10E-06,0.000152242,1622.259642,-0.023914295,-0.999387965,0.025530415
0.000463584,5.10E-06,0.000177416,1632.774654,-0.056226449,-0.998400185,0.005971372
0.000463584,5.10E-06,0.000202589,1629.807203,-0.059659138,-0.99821286,-0.003445809
0.000463584,5.10E-06,0.000227763,1627.339955,-0.085173723,-0.996291075,0.012228276
0.000463584,5.10E-06,0.000252937,1645.491516,-0.131160366,-0.987324514,0.089371489
0.000463584,5.10E-06,0.000278111,1708.293415,-0.228296921,-0.9065124,0.355127842
0.000463584,5.10E-06,0.000303284,1840.09399,-0.333830515,-0.276097193,0.901292143
0.000463584,5.10E-06,0.000328458,2060.320522,-0.219088129,0.467311922,0.856516176
0.000463584,5.10E-06,0.000353632,2376.913531,-0.143529477,0.70952357,0.689909843
0.000463584,5.10E-06,0.000378805,2779.304459,-0.127818009,0.933139203,0.336026462
0.000463584,5.10E-06,0.000403979,2827.782087,0.104611365,0.989486968,0.099859918
0.000463584,5.10E-06,0.000429153,2962.532417,-0.037070359,0.995044668,0.092259949
0.000463584,5.10E-06,0.000454326,2974.830534,-0.0124145,0.999922899,-0.000276823
0.000463584,5.10E-06,0.0004795,2962.104147,-0.003813787,0.668609802,-0.74360365
0.000463584,3.07E-05,1.20E-06,1266.929619,0.128122715,-0.065186886,-0.989613682
0.000463584,3.07E-05,2.64E-05,1305.910597,0.830769443,-0.381742052,0.405086581
0.000463584,3.07E-05,5.15E-05,1363.627218,0.752573353,-0.338377683,0.564919367
0.000463584,3.07E-05,7.67E-05,1430.275657,0.636274849,-0.335004719,0.694928885
0.000463584,3.07E-05,0.000101895,1491.800124,0.458390928,-0.438176432,0.773226469
0.000463584,3.07E-05,0.000127068,1533.757056,0.069700796,-0.799013494,0.597259772
0.000463584,3.07E-05,0.000152242,1545.953272,-0.351896631,-0.933800672,-0.064692081
0.000463584,3.07E-05,0.000177416,1526.11755,-0.391743929,-0.86393746,-0.316462889
0.000463584,3.07E-05,0.000202589,1481.537063,-0.355925543,-0.878786706,-0.317885095
0.000463584,3.07E-05,0.000227763,1428.97291,-0.315421062,-0.925070826,-0.211550279
0.000463584,3.07E-05,0.000252937,1393.786842,-0.278494234,-0.959650749,-0.038876744
0.000463584,3.07E-05,0.000278111,1408.242526,-0.246032397,-0.954028072,0.171168039
0.000463584,3.07E-05,0.000303284,1507.852904,-0.219308343,-0.895345654,0.387633861
0.000463584,3.07E-05,0.000328458,1724.62137,-0.20132407,-0.786213201,0.584240893
0.000463584,3.07E-05,0.000353632,2077.458851,-0.197278613,-0.637313704,0.74492442
0.000463584,3.07E-05,0.000378805,2561.865992,-0.215932286,-0.458855755,0.861872754
0.000463584,3.07E-05,0.000403979,3139.646329,0.212563932,0.208076903,0.954735868
0.000463584,3.07E-05,0.000429153,2938.411182,-0.275556545,-0.585175605,-0.762652019
0.000463584,3.07E-05,0.000454326,2950.901645,-0.172796319,-0.983031961,0.061559688
0.000463584,3.07E-05,0.0004795,2944.322765,-0.001248924,-0.040074252,-0.999195924
0.000463584,5.63E-05,1.20E-06,1224.503499,0.138571148,-0.037604449,-0.989638289
0.000463584,5.63E-05,2.64E-05,1274.1,0.863727568,-0.14781066,0.481795285
0.000463584,5.63E-05,5.15E-05,1342.302581,0.775545924,-0.044459252,0.629723666
0.000463584,5.63E-05,7.67E-05,1417.359953,0.664681964,0.068600754,0.743970311
0.000463584,5.63E-05,0.000101895,1482.171094,0.524542935,0.217473065,0.823140434
0.000463584,5.63E-05,0.000127068,1517.954121,0.091907332,0.591456039,0.801082266
0.000463584,5.63E-05,0.000152242,1510.119403,-0.605048868,-0.196183647,-0.771639711
0.000463584,5.63E-05,0.000177416,1453.94157,-0.465388779,-0.448872955,-0.762840976
0.000463584,5.63E-05,0.000202589,1356.704913,-0.399068388,-0.62476213,-0.671130913
0.000463584,5.63E-05,0.000227763,1237.126011,-0.355981563,-0.778538962,-0.516869627
0.000463584,5.63E-05,0.000252937,1125.107597,-0.322023895,-0.897942733,-0.299999098
0.000463584,5.63E-05,0.000278111,1061.764258,-0.290300359,-0.956192226,-0.037711117
0.000463584,5.63E-05,0.000303284,1096.955693,-0.259637649,-0.937383992,0.23216275
0.000463584,5.63E-05,0.000328458,1280.820593,-0.234132805,-0.849814983,0.472224866
0.000463584,5.63E-05,0.000353632,1648.485588,-0.221359505,-0.715894736,0.662189321
0.000463584,5.63E-05,0.000378805,2204.225611,-0.233347248,-0.559629425,0.795213159
0.000463584,5.63E-05,0.000403979,2911.236811,-0.477667433,-0.650721346,0.590250417
0.000463584,5.63E-05,0.000429153,2815.257868,-0.278681875,-0.956420631,-0.087154974
0.000463584,5.63E-05,0.000454326,2878.831204,-0.135319515,-0.914166864,0.382083202
0.000463584,5.63E-05,0.0004795,2893.422163,-0.003850327,-0.07963772,-0.996816437
0.000463584,8.19E-05,1.20E-06,1204.356301,0.153600905,-0.014430224,-0.988027596
0.000463584,8.19E-05,2.64E-05,1269.158823,0.829634048,0.044547742,0.556527488
0.000463584,8.19E-05,5.15E-05,1353.341606,0.714323457,0.191346831,0.673148119
0.000463584,8.19E-05,7.67E-05,1443.391205,0.567637623,0.383951972,0.728263972
0.000463584,8.19E-05,0.000101895,1518.827105,0.348248681,0.683451659,0.641573601
0.000463584,8.19E-05,0.000127068,1554.741336,-0.072365157,0.994097926,0.080824486
0.000463584,8.19E-05,0.000152242,1529.402946,-0.397416548,0.599266676,-0.694938514
0.000463584,8.19E-05,0.000177416,1434.316216,-0.414129345,0.11148232,-0.903365141
0.000463584,8.19E-05,0.000202589,1276.283321,-0.39050649,-0.220938015,-0.89369518
0.000463584,8.19E-05,0.000227763,1074.219935,-0.374751709,-0.490717086,-0.786611657
0.000463584,8.19E-05,0.000252937,860.0136549,-0.363604797,-0.722599744,-0.587912547
0.000463584,8.19E-05,0.000278111,682.3425676,-0.346675844,-0.888671376,-0.300131714
0.000463584,8.19E-05,0.000303284,608.4091803,-0.31708343,-0.947899262,0.030742282
0.000463584,8.19E-05,0.000328458,715.2806942,-0.280592391,-0.900096817,0.333307112
0.000463584,8.19E-05,0.000353632,1062.256974,-0.250664166,-0.784853792,0.56672039
0.000463584,8.19E-05,0.000378805,1658.158327,-0.243114698,-0.650256835,0.719764747
0.000463584,8.19E-05,0.000403979,2454.606104,-0.379033044,-0.721811206,0.579070405
0.000463584,8.19E-05,0.000429153,2576.776473,0.403311345,-0.452855293,0.795149069
0.000463584,8.19E-05,0.000454326,2760.719766,-0.1632102,-0.802082103,0.57447953
0.000463584,8.19E-05,0.0004795,2809.916858,-0.007655832,-0.133303517,-0.991045691
0.000463584,0.0001075,1.20E-06,1201.619516,0.179822192,0.00439099,-0.98368933
0.000463584,0.0001075,2.64E-05,1286.227623,0.767383351,0.160634192,0.620741048
0.000463584,0.0001075,5.15E-05,1392.668028,0.630881439,0.319449216,0.707064925
0.000463584,0.0001075,7.67E-05,1506.083972,0.456961586,0.524383002,0.718476566
0.000463584,0.0001075,0.000101895,1602.798291,0.201870926,0.801941152,0.562261965
0.000463584,0.0001075,0.000127068,1650.23416,-0.144665969,0.988067642,0.052859171
0.000463584,0.0001075,0.000152242,1615.724291,-0.330131901,0.777643483,-0.535054709
0.000463584,0.0001075,0.000177416,1485.707507,-0.351370136,0.440067329,-0.826365399
0.000463584,0.0001075,0.000202589,1266.174843,-0.352418597,0.140254237,-0.925272869
0.000463584,0.0001075,0.000227763,973.0440404,-0.363142098,-0.140412722,-0.921092875
0.000463584,0.0001075,0.000252937,635.2967009,-0.384187792,-0.424110437,-0.820079312
0.000463584,0.0001075,0.000278111,304.1627175,-0.405876085,-0.697732979,-0.590282384
0.000463584,0.0001075,0.000303284,64.15110659,-0.402535892,-0.887201457,-0.225473791
0.000463584,0.0001075,0.000328458,34.44751672,-0.360485113,-0.917642953,0.167277896
0.000463584,0.0001075,0.000353632,320.5761998,-0.304829633,-0.826410433,0.473418094
0.000463584,0.0001075,0.000378805,925.0337507,-0.262414472,-0.706067524,0.657728893
0.000463584,0.0001075,0.000403979,1746.787855,-0.261222083,-0.637901172,0.72446195
0.000463584,0.0001075,0.000429153,2637.966826,-0.564682137,-0.587721046,0.57941182
0.000463584,0.0001075,0.000454326,2547.81065,0.547125359,-0.829779285,0.110091686
0.000463584,0.0001075,0.0004795,2680.533693,-0.062314565,0.035717157,-0.997417255
0.000463584,0.0001331,1.20E-06,1210.685602,0.176032473,0.015232242,-0.984266502
0.000463584,0.0001331,2.64E-05,1319.435246,0.709027591,0.208304137,0.673713041
0.000463584,0.0001331,5.15E-05,1454.354015,0.566107618,0.363271275,0.739970368
0.000463584,0.0001331,7.67E-05,1599.352842,0.389323558,0.556286762,0.734147264
0.000463584,0.0001331,0.000101895,1727.906961,0.139299267,0.803323507,0.579022501
0.000463584,0.0001331,0.000127068,1800.451819,-0.181049506,0.975167523,0.127551476
0.000463584,0.0001331,0.000152242,1772.573953,-0.31417195,0.859876288,-0.40237887
0.000463584,0.0001331,0.000177416,1623.615429,-0.316313326,0.629684813,-0.709537114
0.000463584,0.0001331,0.000202589,1355.309634,-0.320345833,0.399916224,-0.858746506
0.000463584,0.0001331,0.000227763,976.4192942,-0.338167487,0.169301078,-0.925732086
0.000463584,0.0001331,0.000252937,508.2383408,-0.374614719,-0.078189114,-0.923877846
0.000463584,0.0001331,0.000278111,-4.203121602,-0.438329278,-0.359318887,-0.823867333
0.000463584,0.0001331,0.000303284,-470.8476082,-0.518373403,-0.667309524,-0.534777537
0.000463584,0.0001331,0.000328458,-715.2226731,-0.836349976,-0.546163872,-0.047156586
0.000463584,0.0001331,0.000353632,-518.7001855,-0.60012528,-0.547792218,0.582900793
0.000463584,0.0001331,0.000378805,101.2018142,-0.318542288,-0.684180024,0.656070504
0.000463584,0.0001331,0.000403979,920.7966851,-0.257873227,-0.654980274,0.710283211
0.000463584,0.0001331,0.000429153,1750.506535,-0.250519424,-0.714885983,0.652823138
0.000463584,0.0001331,0.000454326,2434.452927,-0.364361622,-0.607061299,0.706199113
0.000463584,0.0001331,0.0004795,2858.939862,-0.318683141,-0.427138709,-0.846164038
0.000463584,0.0001587,1.20E-06,1225.847947,0.400550462,0.039647079,-0.915416537
0.000463584,0.0001587,2.64E-05,1362.842898,0.664265832,0.209053515,0.717668122
0.000463584,0.0001587,5.15E-05,1532.414262,0.524453413,0.358312201,0.772373604
0.000463584,0.0001587,7.67E-05,1716.874029,0.360170912,0.540539207,0.760325115
0.000463584,0.0001587,0.000101895,1886.523601,0.146015654,0.768456757,0.623019776
0.000463584,0.0001587,0.000127068,1997.509252,-0.112741105,0.962291867,0.247555661
0.000463584,0.0001587,0.000152242,2000.020085,-0.26065668,0.935312436,-0.239267093
0.000463584,0.0001587,0.000177416,1862.28342,-0.293323897,0.771393091,-0.564724526
0.000463584,0.0001587,0.000202589,1572.676722,-0.303700937,0.588520263,-0.749272741
0.000463584,0.0001587,0.000227763,1130.582849,-0.31738164,0.405304563,-0.857319722
0.000463584,0.0001587,0.000252937,550.8997535,-0.348541912,0.220720205,-0.910934206
0.000463584,0.0001587,0.000278111,-130.0842219,-0.42036259,0.028380377,-0.90691226
0.000463584,0.0001587,0.000303284,-838.103057,-0.382770169,-0.566741585,-0.729582739
0.000463584,0.0001587,0.000328458,-529.1630565,-0.18073354,0.445424589,0.876887862
0.000463584,0.0001587,0.000353632,-459.6677681,-0.597541381,-0.628538305,-0.4978794
0.000463584,0.0001587,0.000378805,-601.5610796,-0.579822271,-0.678310935,0.451331817
0.000463584,0.0001587,0.000403979,200.1424405,-0.29375842,-0.561426815,0.773631645
0.000463584,0.0001587,0.000429153,952.3390282,-0.235125876,-0.671967055,0.702264978
0.000463584,0.0001587,0.000454326,1578.845541,-0.204586991,-0.780607205,0.590590005
0.000463584,0.0001587,0.0004795,2052.321435,-0.182544549,-0.953341586,-0.240452299
0.000463584,0.0001843,1.20E-06,1241.052916,0.994779342,0.068457943,-0.075680719
0.000463584,0.0001843,2.64E-05,1410.24896,0.631313116,0.177775161,0.754877302
0.000463584,0.0001843,5.15E-05,1621.374143,0.496131041,0.323160051,0.805866969
0.000463584,0.0001843,7.67E-05,1855.363727,0.344145846,0.499364988,0.795108952
0.000463584,0.0001843,0.000101895,2079.915311,0.160109012,0.715250825,0.680280355
0.000463584,0.0001843,0.000127068,2249.103756,-0.054050273,0.921742916,0.384016359
0.000463584,0.0001843,0.000152242,2310.133508,-0.220821296,0.974292377,-0.044635408
0.000463584,0.0001843,0.000177416,2217.236413,-0.290780369,0.870860129,-0.396294604
0.000463584,0.0001843,0.000202589,1939.760581,-0.307986812,0.719904344,-0.621998279
0.000463584,0.0001843,0.000227763,1467.652791,-0.311098235,0.568779235,-0.761385625
0.000463584,0.0001843,0.000252937,818.872116,-0.325186347,0.43531885,-0.839494693
0.000463584,0.0001843,0.000278111,39.99961884,-0.377821246,0.33398279,-0.863543052
0.000463584,0.0001843,0.000303284,-786.1029183,-0.250333177,0.664586162,-0.704030208
0.000463584,0.0001843,0.000328458,-519.7369964,-0.017368694,-0.901664704,0.432086901
0.000463584,0.0001843,0.000353632,-611.6454965,-0.076554943,-0.828770256,-0.554327705
0.000463584,0.0001843,0.000378805,-907.2266238,-0.41978998,-0.366260474,0.830439425
0.000463584,0.0001843,0.000403979,-225.9703703,-0.367760212,-0.336091539,0.867061073
0.000463584,0.0001843,0.000429153,408.944043,-0.270761696,-0.527399234,0.805318664
0.000463584,0.0001843,0.000454326,955.9391104,-0.228415142,-0.656446054,0.718961126
0.000463584,0.0001843,0.0004795,1435.678909,-0.173509615,-0.945632113,0.275089658
0.000463584,0.0002099,1.20E-06,1249.240481,0.684941351,0.002034474,0.728595365
0.000463584,0.0002099,2.64E-05,1453.926136,0.608394436,0.121886727,0.784219252
0.000463584,0.0002099,5.15E-05,1713.93218,0.475647956,0.262971425,0.83940756
0.000463584,0.0002099,7.67E-05,2009.735989,0.329723656,0.43307057,0.838887473
0.000463584,0.0002099,0.000101895,2307.51497,0.158234724,0.6384841,0.753193087
0.000463584,0.0002099,0.000127068,2559.453092,-0.042540248,0.850263345,0.524635656
0.000463584,0.0002099,0.000152242,2707.393656,-0.225761817,0.96265602,0.149415491
0.000463584,0.0002099,0.000177416,2689.963813,-0.519480518,0.771697683,-0.366909631
0.000463584,0.0002099,0.000202589,2454.941385,-0.34365016,0.793344426,-0.502502925
0.000463584,0.0002099,0.000227763,1982.102441,-0.328349744,0.661426959,-0.674315077
0.000463584,0.0002099,0.000252937,1303.74449,-0.315713845,0.560006682,-0.765974728
0.000463584,0.0002099,0.000278111,501.1660246,-0.335966783,0.517378262,-0.787048953
0.000463584,0.0002099,0.000303284,-300.7782361,-0.417440855,0.564979207,-0.711717379
0.000463584,0.0002099,0.000328458,-899.3802667,-0.251476554,0.347847485,-0.903195256
0.000463584,0.0002099,0.000353632,-1048.810926,-0.733333427,0.484342031,0.477110974
0.000463584,0.0002099,0.000378805,-774.5414849,-0.624311445,0.420511059,0.658335529
0.000463584,0.0002099,0.000403979,-318.6734668,-0.454722522,0.032929597,0.890024196
0.000463584,0.0002099,0.000429153,165.2041943,-0.317362818,-0.256930738,0.912834836
0.000463584,0.0002099,0.000454326,625.511438,-0.215254633,-0.439880301,0.871877723
0.000463584,0.0002099,0.0004795,1055.633086,-0.135843488,-0.665060977,0.734329929
0.000463584,0.0002355,1.20E-06,1242.183914,0.564036762,-0.048655685,0.824314961
0.000463584,0.0002355,2.64E-05,1483.69646,0.597710237,0.048488882,0.800244526
0.000463584,0.0002355,5.15E-05,1798.448271,0.46580098,0.18226029,0.865916066
0.000463584,0.0002355,7.67E-05,2166.986687,0.322895312,0.342472846,0.882298683
0.000463584,0.0002355,0.000101895,2553.803841,0.156808931,0.533902465,0.830878521
0.000463584,0.0002355,0.000127068,2908.151829,-0.060979673,0.409490025,0.910274354
0.000463584,0.0002355,0.000152242,3165.229513,0.688818299,0.546177067,-0.476675951
0.000463584,0.0002355,0.000177416,2757.195123,0.701707091,0.630463239,-0.331848251
0.000463584,0.0002355,0.000202589,3076.247862,0.153302603,0.907992358,-0.389933571
0.000463584,0.0002355,0.000227763,2615.969853,-0.469028477,0.418592827,-0.777683955
0.000463584,0.0002355,0.000252937,1919.925475,-0.324725699,0.593755285,-0.736211846
0.000463584,0.0002355,0.000278111,1112.61863,-0.305307818,0.574013107,-0.759800032
0.000463584,0.0002355,0.000303284,344.5141753,-0.33426247,0.635703722,-0.695808436
0.000463584,0.0002355,0.000328458,-226.7684591,-0.406647012,0.759210646,-0.508170644
0.000463584,0.0002355,0.000353632,-482.7684842,-0.502074365,0.848711156,-0.166164694
0.000463584,0.0002355,0.000378805,-432.954123,-0.564263159,0.760973725,0.320196935
0.000463584,0.0002355,0.000403979,-190.612335,-0.499238447,0.438836503,0.74711679
0.000463584,0.0002355,0.000429153,138.6888197,-0.350224473,0.079526915,0.933283606
0.000463584,0.0002355,0.000454326,499.0914973,-0.209993703,-0.174047196,0.962086388
0.000463584,0.0002355,0.0004795,861.2194447,-0.096194964,-0.329850728,0.939119282
0.000463584,0.0002611,1.20E-06,1211.876176,0.575708757,-0.100605342,0.811441922
0.000463584,0.0002611,2.64E-05,1488.202431,0.603794482,-0.029555289,0.796591933
0.000463584,0.0002611,5.15E-05,1860.188504,0.472188221,0.093010724,0.87657703
0.000463584,0.0002611,7.67E-05,2307.899939,0.33246491,0.239082856,0.91230832
0.000463584,0.0002611,0.000101895,2791.83515,0.257652311,0.612241411,0.747513038
0.000463584,0.0002611,0.000127068,2839.163016,0.977985619,-0.060720145,0.199642662
0.000463584,0.0002611,0.000152242,2883.289595,0.266652196,-0.961198409,0.070669827
0.000463584,0.0002611,0.000177416,2861.878856,0.494191157,0.510754385,-0.703494888
0.000463584,0.0002611,0.000202589,2789.365177,-0.059925391,-0.737376093,-0.672819028
0.000463584,0.0002611,0.000227763,2615.039845,0.426640728,0.428760977,-0.796330154
0.000463584,0.0002611,0.000252937,2536.731007,-0.435881469,0.692371701,-0.57500328
0.000463584,0.0002611,0.000278111,1711.512314,-0.277342847,0.528748642,-0.802188144
0.000463584,0.0002611,0.000303284,943.6342454,-0.270283292,0.584626438,-0.764956777
0.000463584,0.0002611,0.000328458,357.5171194,-0.312352447,0.697035747,-0.645427855
0.000463584,0.0002611,0.000353632,22.14798761,-0.394074245,0.824810089,-0.405455061
0.000463584,0.0002611,0.000378805,-68.45043258,-0.480889115,0.876781009,0.000849332
0.000463584,0.0002611,0.000403979,22.78059285,-0.477520714,0.720257843,0.503192416
0.000463584,0.0002611,0.000429153,224.9704876,-0.340211108,0.393097671,0.854242719
0.000463584,0.0002611,0.000454326,492.587743,-0.189760639,0.099978911,0.976726736
0.000463584,0.0002611,0.0004795,790.2136617,-0.074222612,-0.082953725,0.993785532
0.000463584,0.0002867,1.20E-06,1154.179345,0.659330161,-0.150574306,0.736621421
0.000463584,0.0002867,2.64E-05,1459.235316,0.630305322,-0.092262711,0.770845505
0.000463584,0.0002867,5.15E-05,1886.896621,0.497912036,0.015005001,0.867097719
0.000463584,0.0002867,7.67E-05,2415.272102,0.361808967,0.143520179,0.921138551
0.000463584,0.0002867,0.000101895,2996.297191,0.40972873,0.558486927,0.721259121
0.000463584,0.0002867,0.000127068,2879.865443,0.684107418,0.213878099,-0.697318578
0.000463584,0.0002867,0.000152242,2851.033267,0.682254345,-0.553945056,-0.477151845
0.000463584,0.0002867,0.000177416,2826.541353,0.299497612,-0.622333298,-0.723189081
0.000463584,0.0002867,0.000202589,2801.143314,-0.065791029,0.332301809,-0.940875681
0.000463584,0.0002867,0.000227763,2754.296983,-0.184665286,0.619140862,0.763258361
0.000463584,0.0002867,0.000252937,3026.303554,0.261773777,0.133696853,-0.955824064
0.000463584,0.0002867,0.000278111,2180.463994,-0.218512658,0.406266306,-0.887242868
0.000463584,0.0002867,0.000303284,1396.84396,-0.180659358,0.449054375,-0.875049921
0.000463584,0.0002867,0.000328458,785.2522379,-0.192813846,0.547396005,-0.81435891
0.000463584,0.0002867,0.000353632,398.44461,-0.256482278,0.708803351,-0.657126054
0.000463584,0.0002867,0.000378805,231.1555905,-0.355721069,0.888652713,-0.289411258
0.000463584,0.0002867,0.000403979,236.4961208,-0.381688718,0.877149409,0.291414888
0.000463584,0.0002867,0.000429153,358.5416151,-0.268641829,0.620724174,0.73656844
0.000463584,0.0002867,0.000454326,557.9303015,-0.149867094,0.344356743,0.926800026
0.000463584,0.0002867,0.0004795,800.1618792,-0.062938065,0.112282963,0.991681066
0.000463584,0.0003123,1.20E-06,1074.87209,0.78552438,-0.170855446,0.594777155
0.000463584,0.0003123,2.64E-05,1399.018116,0.67644673,-0.116235565,0.72726138
0.000463584,0.0003123,5.15E-05,1877.012756,0.54041805,-0.030088416,0.840858501
0.000463584,0.0003123,7.67E-05,2483.679988,0.405699558,0.076173818,0.910826777
0.000463584,0.0003123,0.000101895,3157.672347,-0.221458234,-0.601644601,0.76745034
0.000463584,0.0003123,0.000127068,2884.472179,0.290241252,-0.086520597,-0.953034208
0.000463584,0.0003123,0.000152242,2820.335104,0.632192139,-0.398862623,-0.664260271
0.000463584,0.0003123,0.000177416,2818.219486,0.11330784,-0.925088768,-0.362452901
0.000463584,0.0003123,0.000202589,2815.312805,-0.702675888,0.480404581,-0.524840962
0.000463584,0.0003123,0.000227763,2800.77871,-0.075551815,0.127681005,-0.988933508
0.000463584,0.0003123,0.000252937,2618.355768,0.699891,-0.529361422,-0.479509201
0.000463584,0.0003123,0.000278111,2470.273434,-0.157970507,0.393831314,-0.905506607
0.000463584,0.0003123,0.000303284,1671.7483,-0.033153829,0.260071835,-0.965019929
0.000463584,0.0003123,0.000328458,1039.986618,0.004527482,0.321972624,-0.946738153
0.000463584,0.0003123,0.000353632,629.9411123,0.008196088,0.48479238,-0.87459086
0.000463584,0.0003123,0.000378805,437.2423288,-0.057062657,0.830792439,-0.553649507
0.000463584,0.0003123,0.000403979,412.7017585,-0.142519695,0.969521396,0.199289737
0.000463584,0.0003123,0.000429153,500.4382587,-0.130723978,0.730601445,0.670173686
0.000463584,0.0003123,0.000454326,659.4525435,-0.090848661,0.503530758,0.859187579
0.000463584,0.0003123,0.0004795,858.8671681,-0.052176983,0.31914679,0.946267874
0.000463584,0.0003379,1.20E-06,996.3881098,0.903626246,-0.123315893,0.410186297
0.000463584,0.0003379,2.64E-05,1328.860945,0.731296763,-0.085147743,0.676723656
0.000463584,0.0003379,5.15E-05,1847.426908,0.589117204,-0.029861902,0.807495627
0.000463584,0.0003379,7.67E-05,2524.189391,0.658301563,0.064418309,0.749992889
0.000463584,0.0003379,0.000101895,2676.774152,-0.277512111,-0.801524052,0.529666142
0.000463584,0.0003379,0.000127068,2848.721866,0.344998967,-0.474547445,0.809802713
0.000463584,0.0003379,0.000152242,2810.577375,0.72423886,-0.400653621,-0.561208295
0.000463584,0.0003379,0.000177416,2813.505858,-0.595588113,-0.737543626,0.318283206
0.000463584,0.0003379,0.000202589,2817.377795,-0.530645816,-0.448055998,-0.719486512
0.000463584,0.0003379,0.000227763,2780.156707,-0.227602763,-0.199666067,-0.953063714
0.000463584,0.0003379,0.000252937,2655.258262,0.345852731,0.168030249,-0.923120645
0.000463584,0.0003379,0.000278111,2599.143529,0.142333616,0.162444558,-0.976397925
0.000463584,0.0003379,0.000303284,1788.832491,0.155182875,0.090868983,-0.983697669
0.000463584,0.0003379,0.000328458,1145.556668,0.26358643,0.119134019,-0.957250897
0.000463584,0.0003379,0.000353632,738.208438,0.401120746,0.241456555,-0.883629379
0.000463584,0.0003379,0.000378805,562.6599969,0.503133978,0.652556578,-0.566591663
0.000463584,0.0003379,0.000403979,549.1434748,0.283204566,0.925462539,0.251623256
0.000463584,0.0003379,0.000429153,632.0967579,0.072178772,0.752516698,0.654605869
0.000463584,0.0003379,0.000454326,771.5465239,0.001233363,0.587215397,0.809429772
0.000463584,0.0003379,0.0004795,942.6427293,-0.020374657,0.618588789,0.785450688
0.000463584,0.0003635,1.20E-06,956.7954885,0.966718899,-0.010334485,0.255632097
0.000463584,0.0003635,2.64E-05,1290.124021,0.769630267,-0.008480349,0.638433502
0.000463584,0.0003635,5.15E-05,1832.059854,0.624808554,0.005093377,0.780761377
0.000463584,0.0003635,7.67E-05,2556.120542,0.72136247,0.048527689,0.690855448
0.000463584,0.0003635,0.000101895,2658.252618,-0.629819326,-0.068161889,0.773745161
0.000463584,0.0003635,0.000127068,2804.735127,0.117104827,-0.381427797,0.916951087
0.000463584,0.0003635,0.000152242,2794.76819,0.008397437,-0.994413739,-0.105217867
0.000463584,0.0003635,0.000177416,2802.194306,-0.521298711,-0.852978564,-0.025985059
0.000463584,0.0003635,0.000202589,2794.193112,-0.136168777,-0.808694416,-0.572251173
0.000463584,0.0003635,0.000227763,2766.239622,-0.364131988,-0.224393629,-0.903911165
0.000463584,0.0003635,0.000252937,2651.862524,0.641685888,-0.220513839,-0.734583465
0.000463584,0.0003635,0.000278111,2616.862934,0.445329884,-0.039723685,-0.894484948
0.000463584,0.0003635,0.000303284,1808.297197,0.328732692,0.00603104,-0.94440375
0.000463584,0.0003635,0.000328458,1172.95566,0.499157662,0.065172368,-0.864056821
0.000463584,0.0003635,0.000353632,791.9182104,0.708270916,0.200373928,-0.67690664
0.000463584,0.0003635,0.000378805,658.6803706,0.797372162,0.531858292,-0.28517432
0.000463584,0.0003635,0.000403979,672.4129741,0.536299365,0.785829209,0.307986113
0.000463584,0.0003635,0.000429153,760.4363553,0.240931209,0.746286175,0.620491014
0.000463584,0.0003635,0.000454326,888.5590088,0.093640764,0.641379397,0.761487936
0.000463584,0.0003635,0.0004795,1038.94197,0.052294852,0.942427312,0.330296851
0.000463584,0.0003891,1.20E-06,986.0615598,0.976084631,0.118878965,0.182007102
0.000463584,0.0003891,2.64E-05,1317.037869,0.770246357,0.075809744,0.63322463
0.000463584,0.0003891,5.15E-05,1855.82563,0.63337171,0.04154547,0.772731681
0.000463584,0.0003891,7.67E-05,2583.206372,0.756169366,0.017647393,0.654137952
0.000463584,0.0003891,0.000101895,2654.501934,-0.665338556,-0.01638563,0.746361921
0.000463584,0.0003891,0.000127068,2790.973255,0.158564063,-0.162959325,0.973807833
0.000463584,0.0003891,0.000152242,2786.15742,-0.386356355,-0.917214332,0.097193806
0.000463584,0.0003891,0.000177416,2794.30882,0.423180576,-0.755990244,-0.499396587
0.000463584,0.0003891,0.000202589,2765.706849,0.309992262,-0.359092962,-0.880316444
0.000463584,0.0003891,0.000227763,2744.225136,0.274029933,-0.062688743,-0.95967584
0.000463584,0.0003891,0.000252937,2609.657646,-0.859059883,-0.194843721,-0.473341359
0.000463584,0.0003891,0.000278111,2561.046738,0.631679408,-0.159802105,-0.758580525
0.000463584,0.0003891,0.000303284,1798.209557,0.462111107,-0.018079218,-0.886637731
0.000463584,0.0003891,0.000328458,1223.516351,0.616402112,0.118921493,-0.778399714
0.000463584,0.0003891,0.000353632,893.0192467,0.776995627,0.317812387,-0.543390359
0.000463584,0.0003891,0.000378805,789.3151719,0.791061318,0.590564391,-0.159548397
0.000463584,0.0003891,0.000403979,813.1715922,0.578788696,0.766431673,0.278542879
0.000463584,0.0003891,0.000429153,896.4656541,0.328616778,0.765491444,0.553203274
0.000463584,0.0003891,0.000454326,1010.096357,0.164243188,0.688812466,0.70608892
0.000463584,0.0003891,0.0004795,1140.637276,0.120749968,0.985450743,-0.119608854
0.000463584,0.0004147,1.20E-06,1073.963728,0.960950138,0.2138591,0.1756107
0.000463584,0.0004147,2.64E-05,1396.01571,0.747026617,0.125386196,0.65286257
0.000463584,0.0004147,5.15E-05,1901.287515,0.628856606,0.044634603,0.776239087
0.000463584,0.0004147,7.67E-05,2578.032198,0.768275921,-0.062931819,0.637017814
0.000463584,0.0004147,0.000101895,2653.614058,-0.133071869,0.924916983,0.356118594
0.000463584,0.0004147,0.000127068,2782.33048,0.467881072,-0.248993061,0.847991602
0.000463584,0.0004147,0.000152242,2762.757512,-0.782571645,-0.59691166,-0.17685613
0.000463584,0.0004147,0.000177416,2770.711804,-0.802281619,-0.530945797,0.27283835
0.000463584,0.0004147,0.000202589,2773.417323,0.022283289,0.850315451,-0.525801378
0.000463584,0.0004147,0.000227763,2755.873419,0.585722504,-0.080182319,-0.806535768
0.000463584,0.0004147,0.000252937,2575.183,-0.056039142,0.762716128,-0.644300956
0.000463584,0.0004147,0.000278111,2443.02893,0.719405865,-0.230380658,-0.655270901
0.000463584,0.0004147,0.000303284,1780.562063,0.577909848,-0.038286281,-0.815202042
0.000463584,0.0004147,0.000328458,1313.589802,0.680220063,0.159644113,-0.715412065
0.000463584,0.0004147,0.000353632,1050.169843,0.761607179,0.414497489,-0.498142888
0.000463584,0.0004147,0.000378805,959.2396625,0.735327188,0.658887792,-0.158621575
0.000463584,0.0004147,0.000403979,972.238565,0.572613152,0.793626572,0.205599226
0.000463584,0.0004147,0.000429153,1037.544392,0.376712432,0.795247321,0.475046779
0.000463584,0.0004147,0.000454326,1130.79015,0.222051763,0.724585589,0.652432939
0.000463584,0.0004147,0.0004795,1240.316828,0.1773318,0.940864772,-0.288664015
0.000463584,0.0004403,1.20E-06,1178.883054,0.950907211,0.241430957,0.193614484
0.000463584,0.0004403,2.64E-05,1478.621236,0.732017719,0.116167835,0.671308493
0.000463584,0.0004403,5.15E-05,1924.943904,0.636095535,-0.001141145,0.771609466
0.000463584,0.0004403,7.67E-05,2507.62439,0.551950998,-0.133908191,0.823054489
0.000463584,0.0004403,0.000101895,3194.094559,0.240801817,0.672418207,0.69990588
0.000463584,0.0004403,0.000127068,2758.383088,0.368494263,-0.114473239,-0.922555069
0.000463584,0.0004403,0.000152242,2746.27883,0.887481985,-0.33021218,0.321458617
0.000463584,0.0004403,0.000177416,2773.213435,0.103274083,0.372077626,0.922438456
0.000463584,0.0004403,0.000202589,2790.109566,0.809134003,0.045553972,-0.585855785
0.000463584,0.0004403,0.000227763,2724.183784,-0.866965723,-0.205962333,0.453817091
0.000463584,0.0004403,0.000252937,2986.271114,0.559508504,0.110519667,-0.821422935
0.000463584,0.0004403,0.000278111,2276.942101,0.60282537,-0.212782451,-0.768976724
0.000463584,0.0004403,0.000303284,1744.266702,0.684497673,-0.073802122,-0.725269731
0.000463584,0.0004403,0.000328458,1389.263463,0.762300812,0.128072809,-0.6344248
0.000463584,0.0004403,0.000353632,1192.862142,0.802436159,0.38731852,-0.453960984
0.000463584,0.0004403,0.000378805,1118.510897,0.752214055,0.635924317,-0.172552249
0.000463584,0.0004403,0.000403979,1120.551802,0.613004242,0.77637789,0.146503143
0.000463584,0.0004403,0.000429153,1166.382264,0.448062201,0.789754586,0.41896057
0.000463584,0.0004403,0.000454326,1239.107133,0.299113833,0.723893465,0.621698614
0.000463584,0.0004403,0.0004795,1328.992668,0.265150986,0.899143833,-0.348188631
0.000463584,0.0004659,1.20E-06,1263.705442,0.96070309,0.197354042,0.195194659
0.000463584,0.0004659,2.64E-05,1527.305572,0.740370861,0.053536706,0.670063287
0.000463584,0.0004659,5.15E-05,1899.739935,0.663356586,-0.086466388,0.743291062
0.000463584,0.0004659,7.67E-05,2368.048819,0.598042601,-0.244941098,0.763117885
0.000463584,0.0004659,0.000101895,2898.604429,0.382331588,-0.799559113,0.463171438
0.000463584,0.0004659,0.000127068,2725.823227,-0.251634161,0.712690389,-0.654792073
0.000463584,0.0004659,0.000152242,2747.265334,0.428409361,0.894096389,0.130602702
0.000463584,0.0004659,0.000177416,2788.69091,0.963710913,0.204068186,0.172097217
0.000463584,0.0004659,0.000202589,2777.294249,-0.724501398,0.633463613,-0.271701261
0.000463584,0.0004659,0.000227763,2665.338937,0.750062165,0.019832777,-0.661069897
0.000463584,0.0004659,0.000252937,2636.37691,0.752457624,-0.501508264,-0.42696251
0.000463584,0.0004659,0.000278111,2093.535564,0.685199163,-0.257070216,-0.681481483
0.000463584,0.0004659,0.000303284,1688.703794,0.766960904,-0.117912719,-0.630767439
0.000463584,0.0004659,0.000328458,1426.78821,0.84099111,0.049241299,-0.538803533
0.000463584,0.0004659,0.000353632,1285.087414,0.885721037,0.256701123,-0.386785182
0.000463584,0.0004659,0.000378805,1230.245344,0.863705638,0.478893579,-0.157078039
0.000463584,0.0004659,0.000403979,1230.224029,0.757538453,0.639688724,0.130130044
0.000463584,0.0004659,0.000429153,1264.809769,0.599931725,0.687637441,0.408945809
0.000463584,0.0004659,0.000454326,1323.336934,0.434283775,0.643187599,0.6306404
0.000463584,0.0004659,0.0004795,1398.470011,0.426635598,0.800356209,-0.421203044
0.000463584,0.0004915,1.20E-06,1311.349851,0.980941819,0.121927342,0.151284073
0.000463584,0.0004915,2.64E-05,1530.29971,0.75543909,-0.192321692,0.626357843
0.000463584,0.0004915,5.15E-05,1825.4847,0.640729045,-0.451578558,0.620921169
0.000463584,0.0004915,7.67E-05,2181.585212,0.530516043,-0.646451292,0.548318754
0.000463584,0.0004915,0.000101895,2566.019911,0.444259105,-0.782387139,0.436467881
0.000463584,0.0004915,0.000127068,2925.893501,0.284806509,-0.838489969,0.464564122
0.000463584,0.0004915,0.000152242,3183.954921,0.15906349,-0.981841915,-0.103369535
0.000463584,0.0004915,0.000177416,2809.423915,0.136840574,-0.986676105,-0.08800523
0.000463584,0.0004915,0.000202589,3082.571472,0.26212149,-0.962561636,-0.069046523
0.000463584,0.0004915,0.000227763,2728.483045,0.582940007,-0.645804113,-0.49306997
0.000463584,0.0004915,0.000252937,2303.259249,0.587944943,-0.620445614,-0.519006729
0.000463584,0.0004915,0.000278111,1913.404406,0.741580782,-0.32439823,-0.587216938
0.000463584,0.0004915,0.000303284,1617.517312,0.826336533,0.164749478,-0.538540196
0.000463584,0.0004915,0.000328458,1426.77467,0.653993288,0.68498763,-0.321068102
0.000463584,0.0004915,0.000353632,1325.512495,0.37841745,0.918064341,-0.118144402
0.000463584,0.0004915,0.000378805,1288.608944,0.20219597,0.979126716,-0.020680031
0.000463584,0.0004915,0.000403979,1293.339826,0.139734521,0.989914581,0.023310636
0.000463584,0.0004915,0.000429153,1325.60197,0.094026012,0.994300042,0.050264662
0.000463584,0.0004915,0.000454326,1377.735243,0.068917718,0.994971732,0.072674619
0.000463584,0.0004915,0.0004795,1444.221373,0.051618684,0.997737376,-0.043077135
0.0004891,5.10E-06,1.20E-06,1429.655864,0.31255318,-0.136370037,-0.940060489
0.0004891,5.10E-06,2.64E-05,1454.878348,0.686525147,-0.719504483,0.104864302
0.0004891,5.10E-06,5.15E-05,1491.744544,0.413112362,-0.904805913,0.103268761
0.0004891,5.10E-06,7.67E-05,1533.6702,0.228056853,-0.970536385,0.077776585
0.0004891,5.10E-06,0.000101895,1572.255629,0.125378839,-0.99092886,0.048375001
0.0004891,5.10E-06,0.000127068,1599.534941,0.089647494,-0.995518973,0.030088239
0.0004891,5.10E-06,0.000152242,1610.587251,0.04655774,-0.998904408,0.004728698
0.0004891,5.10E-06,0.000177416,1605.67192,0.001951782,-0.999897622,-0.01417516
0.0004891,5.10E-06,0.000202589,1591.401701,-0.04909957,-0.998633233,-0.017913632
0.0004891,5.10E-06,0.000227763,1580.877618,-0.095374626,-0.995441093,0.000843798
0.0004891,5.10E-06,0.000252937,1592.84797,-0.216611666,-0.974986471,0.049807304
0.0004891,5.10E-06,0.000278111,1649.731132,-0.454856721,-0.87477129,0.166974708
0.0004891,5.10E-06,0.000303284,1774.084745,-0.771554084,-0.539396042,0.337277637
0.0004891,5.10E-06,0.000328458,1983.275401,-0.907339271,-0.074800882,0.413691039
0.0004891,5.10E-06,0.000353632,2282.888561,-0.891673028,0.226456481,0.391965142
0.0004891,5.10E-06,0.000378805,2660.36426,-0.853595159,0.393497218,0.341372588
0.0004891,5.10E-06,0.000403979,3080.817983,-0.805809273,0.579177734,0.123387873
0.0004891,5.10E-06,0.000429153,2973.273209,-0.822289187,0.567124991,-0.047007847
0.0004891,5.10E-06,0.000454326,2958.0537,-0.823172084,0.567761207,-0.005910321
0.0004891,5.10E-06,0.0004795,2958.042558,-0.704414,0.483254308,-0.519871321
0.0004891,3.07E-05,1.20E-06,1371.718979,0.319126204,-0.056539229,-0.946024197
0.0004891,3.07E-05,2.64E-05,1402.631592,0.966586566,-0.186318988,0.176055802
0.0004891,3.07E-05,5.15E-05,1444.426169,0.937155389,-0.207096431,0.280803927
0.0004891,3.07E-05,7.67E-05,1488.656427,0.898678785,-0.249168064,0.360959441
0.0004891,3.07E-05,0.000101895,1524.450259,0.868095246,-0.367502953,0.333694806
0.0004891,3.07E-05,0.000127068,1541.069446,0.759693166,-0.647826522,0.056454327
0.0004891,3.07E-05,0.000152242,1531.188351,0.40064777,-0.852490127,-0.335770677
0.0004891,3.07E-05,0.000177416,1493.802741,0.131809184,-0.885596999,-0.445358613
0.0004891,3.07E-05,0.000202589,1435.937079,-0.008353627,-0.921199934,-0.38899987
0.0004891,3.07E-05,0.000227763,1373.139709,-0.11786293,-0.960244268,-0.253059825
0.0004891,3.07E-05,0.000252937,1329.136883,-0.238792727,-0.968568776,-0.069660319
0.0004891,3.07E-05,0.000278111,1334.385591,-0.37861793,-0.916718551,0.127575709
0.0004891,3.07E-05,0.000303284,1422.365096,-0.524079604,-0.798132148,0.297196303
0.0004891,3.07E-05,0.000328458,1622.372901,-0.655791516,-0.635063681,0.40820535
0.0004891,3.07E-05,0.000353632,1949.232784,-0.761500295,-0.462554656,0.454048997
0.0004891,3.07E-05,0.000378805,2392.914298,-0.841152441,-0.306869514,0.445301778
0.0004891,3.07E-05,0.000403979,2911.263495,-0.958484557,-0.188975902,0.213530938
0.0004891,3.07E-05,0.000429153,2923.30761,-0.996127566,-0.087319828,0.010252822
0.0004891,3.07E-05,0.000454326,2933.330077,-0.998831958,-0.04771938,0.007588235
0.0004891,3.07E-05,0.0004795,2939.315422,-0.796260017,-0.027734606,-0.60431844
0.0004891,5.63E-05,1.20E-06,1336.260494,0.34153516,-0.030362694,-0.939378433
0.0004891,5.63E-05,2.64E-05,1376.629615,0.973389245,-0.062634313,0.220432122
0.0004891,5.63E-05,5.15E-05,1427.225716,0.934083617,-0.012373989,0.356839853
0.0004891,5.63E-05,7.67E-05,1477.494577,0.875994391,0.077479402,0.476057526
0.0004891,5.63E-05,0.000101895,1513.554866,0.876818432,0.204460942,0.435184053
0.0004891,5.63E-05,0.000127068,1520.904338,0.854480751,0.139380339,-0.500435577
0.0004891,5.63E-05,0.000152242,1488.549243,0.194298689,-0.30347327,-0.932819379
0.0004891,5.63E-05,0.000177416,1413.056858,0.111322471,-0.509168854,-0.853436808
0.0004891,5.63E-05,0.000202589,1300.817593,0.122095904,-0.674840498,-0.727793166
0.0004891,5.63E-05,0.000227763,1168.757558,0.124319926,-0.821683475,-0.556220121
0.0004891,5.63E-05,0.000252937,1044.878891,0.08414682,-0.938410619,-0.335119118
0.0004891,5.63E-05,0.000278111,968.4779005,-0.015574172,-0.997039221,-0.075300982
0.0004891,5.63E-05,0.000303284,987.5861737,-0.173566829,-0.96698228,0.186600715
0.0004891,5.63E-05,0.000328458,1149.722181,-0.36495794,-0.842399744,0.396444665
0.0004891,5.63E-05,0.000353632,1484.619131,-0.551947779,-0.65675992,0.513828821
0.0004891,5.63E-05,0.000378805,1986.175608,-0.706836547,-0.46410989,0.533839027
0.0004891,5.63E-05,0.000403979,2603.468074,-0.887444637,-0.325932906,0.325898385
0.0004891,5.63E-05,0.000429153,2782.156914,-0.9914008,-0.043511402,0.123414799
0.0004891,5.63E-05,0.000454326,2855.682179,-0.993984656,-0.097132766,0.05059376
0.0004891,5.63E-05,0.0004795,2885.160231,-0.792630705,-0.059339281,-0.60680756
0.0004891,8.19E-05,1.20E-06,1322.134354,0.39425154,-0.006401765,-0.918980272
0.0004891,8.19E-05,2.64E-05,1376.346712,0.963599269,0.048691081,0.262879492
0.0004891,8.19E-05,5.15E-05,1440.869283,0.890086679,0.182378801,0.417712434
0.0004891,8.19E-05,7.67E-05,1502.944625,0.701490422,0.452559991,0.550545768
0.0004891,8.19E-05,0.000101895,1545.190699,0.266206266,0.887074201,0.377138682
0.0004891,8.19E-05,0.000127068,1548.151907,-0.256708355,0.87567911,-0.409007233
0.0004891,8.19E-05,0.000152242,1495.50825,-0.262906712,0.387553641,-0.883562243
0.0004891,8.19E-05,0.000177416,1379.903417,-0.078622821,-0.00252546,-0.996901236
0.0004891,8.19E-05,0.000202589,1205.576283,0.105118855,-0.299239871,-0.948369931
0.0004891,8.19E-05,0.000227763,988.6479774,0.242184023,-0.539923767,-0.806119858
0.0004891,8.19E-05,0.000252937,758.8101438,0.315341347,-0.73972456,-0.594447147
0.0004891,8.19E-05,0.000278111,562.9419356,0.310303025,-0.893941626,-0.323388934
0.0004891,8.19E-05,0.000303284,467.2346082,0.214692044,-0.976594755,-0.013038817
0.0004891,8.19E-05,0.000328458,548.3488147,0.030696202,-0.957285716,0.287509655
0.0004891,8.19E-05,0.000353632,861.9985189,-0.217112895,-0.830900849,0.512314132
0.0004891,8.19E-05,0.000378805,1403.734715,-0.474399438,-0.640660305,0.603737978
0.0004891,8.19E-05,0.000403979,2101.716519,-0.685343129,-0.46302823,0.562058408
0.0004891,8.19E-05,0.000429153,2832.880555,-0.903190746,-0.2916254,0.314962065
0.0004891,8.19E-05,0.000454326,2732.229557,-0.999682001,-0.009213734,-0.023473494
0.0004891,8.19E-05,0.0004795,2788.216001,-0.792909543,-0.100847134,-0.600936196
0.0004891,0.0001075,1.20E-06,1326.258624,0.48744661,0.015331832,-0.873018177
0.0004891,0.0001075,2.64E-05,1398.994383,0.947647864,0.118677208,0.296444339
0.0004891,0.0001075,5.15E-05,1483.436118,0.838055077,0.298647768,0.456588655
0.0004891,0.0001075,7.67E-05,1564.701183,0.504868135,0.642725284,0.57620515
0.0004891,0.0001075,0.000101895,1621.688412,-0.151056269,0.937845835,0.312453506
0.0004891,0.0001075,0.000127068,1629.075173,-0.521189528,0.823622916,-0.223621932
0.0004891,0.0001075,0.000152242,1563.597228,-0.500038486,0.590779653,-0.633198953
0.0004891,0.0001075,0.000177416,1412.309931,-0.301146357,0.334442566,-0.893005623
0.0004891,0.0001075,0.000202589,1175.273797,-0.038423792,0.059446337,-0.997491727
0.0004891,0.0001075,0.000227763,864.4545391,0.209829429,-0.210689219,-0.954767859
0.0004891,0.0001075,0.000252937,506.1629958,0.394163086,-0.454940022,-0.798539315
0.0004891,0.0001075,0.000278111,148.8282224,0.492629123,-0.668685526,-0.556934659
0.0004891,0.0001075,0.000303284,-123.9345834,0.488532808,-0.839197686,-0.238920363
0.0004891,0.0001075,0.000328458,-186.9341923,0.372044813,-0.920897945,0.116316948
0.0004891,0.0001075,0.000353632,73.81039558,0.156311786,-0.885352123,0.43785642
0.0004891,0.0001075,0.000378805,648.3626046,-0.150470658,-0.755531268,0.637597901
0.0004891,0.0001075,0.000403979,1406.187998,-0.462240591,-0.609155647,0.644409057
0.0004891,0.0001075,0.000429153,2188.474267,-0.69523588,-0.500432697,0.515959482
0.0004891,0.0001075,0.000454326,2837.853706,-0.91351334,-0.330631179,0.237015616
0.0004891,0.0001075,0.0004795,2644.515244,-0.764569485,-0.09720519,-0.637169251
0.0004891,0.0001331,1.20E-06,1344.37846,0.590390457,0.032284845,-0.80647182
0.0004891,0.0001331,2.64E-05,1440.336062,0.934121315,0.148742203,0.324489022
0.0004891,0.0001331,5.15E-05,1551.091127,0.798806914,0.344188863,0.493397954
0.0004891,0.0001331,7.67E-05,1659.769078,0.369327398,0.696491808,0.615220639
0.0004891,0.0001331,0.000101895,1741.684866,-0.334438801,0.879873305,0.337599845
0.0004891,0.0001331,0.000127068,1765.731138,-0.639242923,0.763060772,-0.095429255
0.0004891,0.0001331,0.000152242,1701.176934,-0.638342301,0.633753443,-0.436893214
0.0004891,0.0001331,0.000177416,1527.798636,-0.490295513,0.50020573,-0.713725814
0.0004891,0.0001331,0.000202589,1238.779099,-0.243701391,0.324194689,-0.914060959
0.0004891,0.0001331,0.000227763,838.4943778,0.055246362,0.100466466,-0.99340542
0.0004891,0.0001331,0.000252937,344.2024764,0.331571008,-0.139032643,-0.933129461
0.0004891,0.0001331,0.000278111,-206.3987028,0.530068204,-0.369661262,-0.763137111
0.0004891,0.0001331,0.000303284,-732.088985,0.772797611,-0.238043069,-0.588319088
0.0004891,0.0001331,0.000328458,-1043.739504,0.934872065,-0.342985555,-0.091515739
0.0004891,0.0001331,0.000353632,-855.5867733,0.6890299,-0.450068402,0.568045975
0.0004891,0.0001331,0.000378805,-201.8235586,0.181682633,-0.715199708,0.674893175
0.0004891,0.0001331,0.000403979,621.2041712,-0.176810453,-0.654215456,0.735350393
0.0004891,0.0001331,0.000429153,1420.782393,-0.49054844,-0.613105902,0.619244201
0.0004891,0.0001331,0.000454326,2085.289715,-0.691770919,-0.570299289,0.442957918
0.0004891,0.0001331,0.0004795,2553.704955,-0.894953427,-0.319573777,-0.311337381
0.0004891,0.0001587,1.20E-06,1371.584038,0.930028409,0.055186736,-0.363320221
0.0004891,0.0001587,2.64E-05,1495.353869,0.92475063,0.151457625,0.349137308
0.0004891,0.0001587,5.15E-05,1639.102426,0.771485042,0.346978956,0.533307073
0.0004891,0.0001587,7.67E-05,1784.126599,0.275159014,0.687333546,0.67220541
0.0004891,0.0001587,0.000101895,1902.530039,-0.437882334,0.8068376,0.396575527
0.0004891,0.0001587,0.000127068,1958.465507,-0.711288753,0.702630738,0.019451391
0.0004891,0.0001587,0.000152242,1914.585002,-0.73420464,0.622809461,-0.27028119
0.0004891,0.0001587,0.000177416,1741.863665,-0.6431901,0.560558641,-0.521613368
0.0004891,0.0001587,0.000202589,1423.893121,-0.458891882,0.477196547,-0.749467609
0.0004891,0.0001587,0.000227763,956.4582469,-0.180515762,0.345006655,-0.921077884
0.0004891,0.0001587,0.000252937,347.8414889,0.14714978,0.166632232,-0.974977252
0.0004891,0.0001587,0.000278111,-381.3531306,0.668128699,-0.031506116,-0.743378374
0.0004891,0.0001587,0.000303284,-468.4733069,0.947152617,0.252207703,-0.198225113
0.0004891,0.0001587,0.000328458,-657.6214099,0.90667842,0.400719904,-0.131749011
0.0004891,0.0001587,0.000353632,-604.544489,0.935468491,0.141211549,-0.323972221
0.0004891,0.0001587,0.000378805,-943.129536,0.826705144,-0.310037778,0.469505252
0.0004891,0.0001587,0.000403979,-61.83453317,0.094896514,-0.533990095,0.840148338
0.0004891,0.0001587,0.000429153,714.3530873,-0.266112843,-0.61443751,0.742731783
0.0004891,0.0001587,0.000454326,1354.537395,-0.523663125,-0.633719292,0.569365253
0.0004891,0.0001587,0.0004795,1871.124009,-0.772131675,-0.63539936,0.008962658
0.0004891,0.0001843,1.20E-06,1402.422896,0.978225859,0.050213291,0.201377242
0.0004891,0.0001843,2.64E-05,1558.352284,0.918776221,0.136374473,0.37047572
0.0004891,0.0001843,5.15E-05,1742.153495,0.751953655,0.322624062,0.57487339
0.0004891,0.0001843,7.67E-05,1933.68673,0.199828163,0.642325397,0.739923502
0.0004891,0.0001843,0.000101895,2102.386181,-0.515667971,0.720128862,0.464220816
0.0004891,0.0001843,0.000127068,2208.559609,-0.768236195,0.628277507,0.122802777
0.0004891,0.0001843,0.000152242,2208.74549,-0.809329176,0.573498399,-0.126830087
0.0004891,0.0001843,0.000177416,2064.057392,-0.763818014,0.546428218,-0.343508724
0.0004891,0.0001843,0.000202589,1747.326574,-0.64767059,0.521028239,-0.555924797
0.0004891,0.0001843,0.000227763,1248.375025,-0.441975997,0.477652234,-0.759279633
0.0004891,0.0001843,0.000252937,576.7183454,-0.134428231,0.403361734,-0.905112348
0.0004891,0.0001843,0.000278111,-241.5819399,0.334167568,0.493470853,-0.803005949
0.0004891,0.0001843,0.000303284,-374.6319241,0.936512263,-0.128681619,-0.326168396
0.0004891,0.0001843,0.000328458,-622.8647318,0.889466894,0.184394743,-0.41814737
0.0004891,0.0001843,0.000353632,-729.0332899,0.995625483,-0.061877603,0.070007565
0.0004891,0.0001843,0.000378805,-566.2711916,0.966408492,-0.07253503,0.246562965
0.0004891,0.0001843,0.000403979,-450.1162877,0.445873822,-0.424155672,0.788218561
0.0004891,0.0001843,0.000429153,229.2215902,-0.087258478,-0.476728062,0.874709273
0.0004891,0.0001843,0.000454326,775.9675593,-0.398152337,-0.546437139,0.736804702
0.0004891,0.0001843,0.0004795,1324.73289,-0.680752273,-0.592226894,0.43109587
0.0004891,0.0002099,1.20E-06,1430.823401,0.904407705,0.032036729,0.425464864
0.0004891,0.0002099,2.64E-05,1622.528705,0.915140754,0.109724679,0.387914804
0.0004891,0.0002099,5.15E-05,1853.310658,0.737743271,0.278601131,0.6149116
0.0004891,0.0002099,7.67E-05,2102.139379,0.134021518,0.569550375,0.810956598
0.0004891,0.0002099,0.000101895,2336.151416,-0.585760452,0.616519911,0.526106351
0.0004891,0.0002099,0.000127068,2511.83093,-0.819926607,0.534351618,0.205398899
0.0004891,0.0002099,0.000152242,2579.058425,-0.87041117,0.492101668,-0.014843974
0.0004891,0.0002099,0.000177416,2488.284799,-0.854796483,0.478876834,-0.199999877
0.0004891,0.0002099,0.000202589,2201.319863,-0.790784717,0.478432028,-0.381788327
0.0004891,0.0002099,0.000227763,1705.342711,-0.665163858,0.484889667,-0.56783717
0.0004891,0.0002099,0.000252937,1023.082973,-0.449373978,0.500473218,-0.739992963
0.0004891,0.0002099,0.000278111,213.1804291,-0.137399624,0.534441272,-0.833962751
0.0004891,0.0002099,0.000303284,-621.4463935,0.43364553,0.481293609,-0.761779506
0.0004891,0.0002099,0.000328458,-498.6907313,0.987359158,0.154278534,-0.036332163
0.0004891,0.0002099,0.000353632,-655.4129449,0.891391772,0.019298289,-0.452822576
0.0004891,0.0002099,0.000378805,-1026.572193,0.978232492,-0.057188151,0.199476081
0.0004891,0.0002099,0.000403979,-497.1539617,0.325728057,0.110875941,0.938939699
0.0004891,0.0002099,0.000429153,34.80476815,-0.038575885,-0.170641685,0.984577735
0.0004891,0.0002099,0.000454326,528.3132796,-0.37227737,-0.299627401,0.878426423
0.0004891,0.0002099,0.0004795,995.9436512,-0.583570189,-0.383996102,0.715536741
0.0004891,0.0002355,1.20E-06,1450.402613,0.876787204,0.013917793,0.48067712
0.0004891,0.0002355,2.64E-05,1679.87984,0.91271223,0.076962838,0.401289305
0.0004891,0.0002355,5.15E-05,1963.133111,0.727333025,0.221583494,0.649528618
0.0004891,0.0002355,7.67E-05,2278.537848,0.078710692,0.4758589,0.875992543
0.0004891,0.0002355,0.000101895,2590.615388,-0.648583128,0.50162309,0.572463276
0.0004891,0.0002355,0.000127068,2851.191466,-0.864700051,0.428915978,0.261390332
0.0004891,0.0002355,0.000152242,3002.557018,-0.983403819,0.168957389,0.066108467
0.0004891,0.0002355,0.000177416,2983.826054,-0.969544644,0.206293106,-0.132008858
0.0004891,0.0002355,0.000202589,2745.073558,-0.939231142,0.213214865,-0.269043275
0.0004891,0.0002355,0.000227763,2271.538229,-0.816125677,0.407331509,-0.40990233
0.0004891,0.0002355,0.000252937,1602.99038,-0.694148855,0.451315337,-0.560777882
0.0004891,0.0002355,0.000278111,830.154888,-0.504355128,0.53977459,-0.673995028
0.0004891,0.0002355,0.000303284,82.74620558,-0.250229989,0.692477356,-0.676653577
0.0004891,0.0002355,0.000328458,-476.1887893,0.021599948,0.649561705,-0.760001996
0.0004891,0.0002355,0.000353632,-706.1551702,0.43285186,0.872540701,-0.226521505
0.0004891,0.0002355,0.000378805,-612.4111058,0.251873167,0.878029203,0.406970055
0.0004891,0.0002355,0.000403979,-322.6596496,0.077070882,0.540619841,0.837729232
0.0004891,0.0002355,0.000429153,48.48333053,-0.216941784,0.167973312,0.961624266
0.0004891,0.0002355,0.000454326,442.5753332,-0.469192412,-0.071176822,0.880222893
0.0004891,0.0002355,0.0004795,832.194435,-0.536973215,-0.174694542,0.825313021
0.0004891,0.0002611,1.20E-06,1455.783414,0.881393187,-0.002593674,0.47237625
0.0004891,0.0002611,2.64E-05,1722.530046,0.909522927,0.044247778,0.413291881
0.0004891,0.0002611,5.15E-05,2060.998511,0.715532781,0.161683264,0.679611184
0.0004891,0.0002611,7.67E-05,2448.774399,0.033351596,0.37386008,0.926885274
0.0004891,0.0002611,0.000101895,2846.439094,-0.704591539,0.386369598,0.595205256
0.0004891,0.0002611,0.000127068,3199.234166,-0.996924204,0.057255946,0.053515315
0.0004891,0.0002611,0.000152242,2923.781285,-0.986829033,-0.053996162,-0.152488934
0.0004891,0.0002611,0.000177416,2897.473998,-0.996200916,-0.059433216,-0.063650831
0.0004891,0.0002611,0.000202589,2775.36236,-0.99963107,0.022765506,-0.014814004
0.0004891,0.0002611,0.000227763,2859.482833,-0.962605036,0.172074902,-0.209240944
0.0004891,0.0002611,0.000252937,2202.756679,-0.836986282,0.33790257,-0.430436776
0.0004891,0.0002611,0.000278111,1451.299111,-0.74263154,0.408688021,-0.530539818
0.0004891,0.0002611,0.000303284,738.0868375,-0.623051342,0.529728053,-0.575495626
0.0004891,0.0002611,0.000328458,186.9894225,-0.495027724,0.697003357,-0.518781142
0.0004891,0.0002611,0.000353632,-121.8106333,-0.400444532,0.861191456,-0.313039058
0.0004891,0.0002611,0.000378805,-185.1770781,-0.390718164,0.917943145,0.068700072
0.0004891,0.0002611,0.000403979,-63.42982479,-0.467989328,0.7260241,0.503860095
0.0004891,0.0002611,0.000429153,170.7371332,-0.564634414,0.391028585,0.726831909
0.0004891,0.0002611,0.000454326,463.867405,-0.655038713,0.128818984,0.74453338
0.0004891,0.0002611,0.0004795,779.0035026,-0.567229186,-0.026051938,0.823147828
0.0004891,0.0002867,1.20E-06,1445.134264,0.899090444,-0.014773624,0.437513559
0.0004891,0.0002867,2.64E-05,1745.772574,0.901203504,0.018043404,0.433020416
0.0004891,0.0002867,5.15E-05,2138.836648,0.679933694,0.112059716,0.724660467
0.0004891,0.0002867,7.67E-05,2600.711214,-0.014244104,0.279586037,0.960014976
0.0004891,0.0002867,0.000101895,3086.016285,-0.963630218,-0.043999527,0.263592194
0.0004891,0.0002867,0.000127068,2935.341086,-0.98119991,-0.162444219,-0.104204662
0.0004891,0.0002867,0.000152242,2893.894526,-0.998828397,-0.028468327,-0.039132955
0.0004891,0.0002867,0.000177416,2842.894702,-0.999183144,-0.024413436,-0.032202932
0.0004891,0.0002867,0.000202589,2804.445417,-0.999503352,0.009215281,-0.030135148
0.0004891,0.0002867,0.000227763,2750.410508,-0.999584283,-0.016210321,-0.023842964
0.0004891,0.0002867,0.000252937,2727.167212,-0.950355276,0.237325795,-0.201249388
0.0004891,0.0002867,0.000278111,1977.533761,-0.860214519,0.267715283,-0.434004042
0.0004891,0.0002867,0.000303284,1266.217142,-0.80984129,0.335558511,-0.481204292
0.0004891,0.0002867,0.000328458,698.6831905,-0.771338777,0.431079698,-0.468195243
0.0004891,0.0002867,0.000353632,335.0388095,-0.762774856,0.537101999,-0.360133255
0.0004891,0.0002867,0.000378805,180.860447,-0.788613006,0.60137541,-0.128207426
0.0004891,0.0002867,0.000403979,198.8707006,-0.814771451,0.551773141,0.178027761
0.0004891,0.0002867,0.000429153,336.968304,-0.814756594,0.399672046,0.420040412
0.0004891,0.0002867,0.000454326,549.5997046,-0.814260991,0.230230184,0.532891266
0.0004891,0.0002867,0.0004795,800.2694811,-0.652771057,0.073212979,0.754009156
0.0004891,0.0003123,1.20E-06,1423.315703,0.918382756,-0.01828232,0.39527063
0.0004891,0.0003123,2.64E-05,1751.92525,0.878649368,0.004109255,0.477449896
0.0004891,0.0003123,5.15E-05,2195.443023,0.519461867,0.084914797,0.850263986
0.0004891,0.0003123,7.67E-05,2729.293868,-0.512768928,0.312198404,0.799750076
0.0004891,0.0003123,0.000101895,2789.635821,-0.983052835,-0.161928925,0.085942693
0.0004891,0.0003123,0.000127068,2894.664357,-0.998719154,-0.042935817,0.026768769
0.0004891,0.0003123,0.000152242,2855.389739,-0.999551905,-0.020426778,-0.02188005
0.0004891,0.0003123,0.000177416,2828.513134,-0.999860364,-0.007702648,-0.014829749
0.0004891,0.0003123,0.000202589,2804.122829,-0.99998186,9.52E-05,-0.00602258
0.0004891,0.0003123,0.000227763,2806.053273,-0.996437247,0.009518905,0.083798586
0.0004891,0.0003123,0.000252937,3129.615961,-0.991152929,-0.009029407,-0.132417301
0.0004891,0.0003123,0.000278111,2367.747367,-0.892850622,0.17768786,-0.41381734
0.0004891,0.0003123,0.000303284,1644.970867,-0.888454209,0.194322833,-0.415797733
0.0004891,0.0003123,0.000328458,1058.869232,-0.878266111,0.244064745,-0.411194648
0.0004891,0.0003123,0.000353632,663.5476862,-0.891136261,0.305585939,-0.335400354
0.0004891,0.0003123,0.000378805,464.3557061,-0.917497788,0.358088055,-0.173120632
0.0004891,0.0003123,0.000403979,428.5992585,-0.929187137,0.367379474,0.040541168
0.0004891,0.0003123,0.000429153,510.1103509,-0.91757992,0.322581381,0.232353918
0.0004891,0.0003123,0.000454326,667.4216889,-0.901409573,0.243469651,0.358026969
0.0004891,0.0003123,0.0004795,867.4309309,-0.758898911,0.13205248,0.637679062
0.0004891,0.0003379,1.20E-06,1403.53123,0.933907809,-0.008800731,0.357405584
0.0004891,0.0003379,2.64E-05,1752.530562,0.825910679,0.008256736,0.563740523
0.0004891,0.0003379,5.15E-05,2238.098224,0.049476219,0.074071859,0.996024831
0.0004891,0.0003379,7.67E-05,2836.594386,-0.926817963,0.127005382,0.353380951
0.0004891,0.0003379,0.000101895,2769.156831,-0.999833006,-0.017939388,-0.00348397
0.0004891,0.0003379,0.000127068,2828.0889,-0.999194783,-0.03586068,0.017994343
0.0004891,0.0003379,0.000152242,2831.091202,-0.999864838,-0.01592137,-0.004100668
0.0004891,0.0003379,0.000177416,2815.815456,-0.99993787,-0.007715427,-0.008045374
0.0004891,0.0003379,0.000202589,2804.806392,-0.999962211,-0.003545246,-0.007937725
0.0004891,0.0003379,0.000227763,2788.010289,-0.999398158,-0.017159738,-0.030147401
0.0004891,0.0003379,0.000252937,2696.77341,-0.991590023,-0.120947776,-0.04605282
0.0004891,0.0003379,0.000278111,2625.817166,-0.967735653,0.111932755,-0.225740481
0.0004891,0.0003379,0.000303284,1888.279777,-0.890865478,0.124538923,-0.436862401
0.0004891,0.0003379,0.000328458,1291.07234,-0.89191458,0.158583379,-0.423485174
0.0004891,0.0003379,0.000353632,885.877929,-0.916200225,0.208798204,-0.34202406
0.0004891,0.0003379,0.000378805,675.0649891,-0.95975027,0.228944519,-0.162677063
0.0004891,0.0003379,0.000403979,620.5157452,-0.96638331,0.25710475,-0.00066782
0.0004891,0.0003379,0.000429153,674.1450349,-0.956642095,0.253950976,0.14263521
0.0004891,0.0003379,0.000454326,796.704007,-0.943031644,0.222620983,0.247247279
0.0004891,0.0003379,0.0004795,959.4531454,-0.852215703,0.158256916,0.498681405
0.0004891,0.0003635,1.20E-06,1403.456301,0.943198274,0.014050203,0.331933137
0.0004891,0.0003635,2.64E-05,1764.355605,0.707480995,0.034983264,0.705866002
0.0004891,0.0003635,5.15E-05,2277.427403,-0.507441841,0.056173603,0.859853071
0.0004891,0.0003635,7.67E-05,2923.388993,-0.982150716,0.05314356,0.180432076
0.0004891,0.0003635,0.000101895,2745.098352,-0.999137383,-0.006039726,-0.041085415
0.0004891,0.0003635,0.000127068,2769.14594,-0.999521215,-0.024049064,0.019467485
0.0004891,0.0003635,0.000152242,2806.929517,-0.999852963,-0.01364479,0.010386153
0.0004891,0.0003635,0.000177416,2802.879407,-0.999953107,-0.008501477,-0.004637846
0.0004891,0.0003635,0.000202589,2791.493827,-0.99981482,-0.008219166,-0.017400291
0.0004891,0.0003635,0.000227763,2743.520121,-0.999482479,-0.017275317,-0.027135543
0.0004891,0.0003635,0.000252937,2696.437075,-0.999953243,-0.002934666,0.009214125
0.0004891,0.0003635,0.000278111,2775.425611,-0.980597468,0.057348471,-0.187456018
0.0004891,0.0003635,0.000303284,2031.918209,-0.895224709,0.072233754,-0.43972151
0.0004891,0.0003635,0.000328458,1440.597658,-0.901551834,0.110038247,-0.418444591
0.0004891,0.0003635,0.000353632,1045.975245,-0.934334501,0.159716261,-0.318605959
0.0004891,0.0003635,0.000378805,844.1392523,-0.966097513,0.202151496,-0.1605938
0.0004891,0.0003635,0.000403979,788.7712198,-0.979872361,0.199410922,-0.009243376
0.0004891,0.0003635,0.000429153,829.1122718,-0.973469458,0.20741003,0.096634844
0.0004891,0.0003635,0.000454326,928.6630136,-0.96455717,0.195606778,0.177108596
0.0004891,0.0003635,0.0004795,1063.269291,-0.91591383,0.160821924,0.367747419
0.0004891,0.0003891,1.20E-06,1433.709662,0.944735975,0.042827402,0.325022694
0.0004891,0.0003891,2.64E-05,1796.578778,0.424377312,0.075580987,0.902325557
0.0004891,0.0003891,5.15E-05,2315.099367,-0.795034029,0.029617302,0.605841322
0.0004891,0.0003891,7.67E-05,2976.672561,-0.985317654,0.017788867,0.169801876
0.0004891,0.0003891,0.000101895,2746.098473,-0.997187035,0.009125983,-0.074395786
0.0004891,0.0003891,0.000127068,2750.412529,-0.999922537,0.004137848,0.011738753
0.0004891,0.0003891,0.000152242,2786.023408,-0.999890919,-0.009651575,0.011180206
0.0004891,0.0003891,0.000177416,2787.041653,-0.999963698,-0.007999403,-0.002934784
0.0004891,0.0003891,0.000202589,2776.292723,-0.999810277,-0.00745921,-0.017993636
0.0004891,0.0003891,0.000227763,2726.469414,-0.999657958,0.000308792,-0.026150926
0.0004891,0.0003891,0.000252937,2686.439538,-0.999491961,-0.005865807,0.031327504
0.0004891,0.0003891,0.000278111,2832.556425,-0.985951868,0.006499883,-0.166903163
0.0004891,0.0003891,0.000303284,2111.267499,-0.902720955,0.035930908,-0.428723509
0.0004891,0.0003891,0.000328458,1554.736247,-0.915876774,0.087234518,-0.391867164
0.0004891,0.0003891,0.000353632,1189.944438,-0.947958768,0.143950515,-0.283993704
0.0004891,0.0003891,0.000378805,1004.309947,-0.974237779,0.179050247,-0.137119503
0.0004891,0.0003891,0.000403979,950.1886211,-0.986213138,0.164961206,-0.0130938
0.0004891,0.0003891,0.000429153,979.4834364,-0.98277344,0.172840184,0.065441853
0.0004891,0.0003891,0.000454326,1059.697272,-0.977629942,0.167526091,0.127179815
0.0004891,0.0003891,0.0004795,1170.604259,-0.95250189,0.147706653,0.266313527
0.0004891,0.0004147,1.20E-06,1487.336196,0.935464634,0.066434773,0.347120066
0.0004891,0.0004147,2.64E-05,1839.433219,-0.167347477,0.083982493,0.982314493
0.0004891,0.0004147,5.15E-05,2336.094731,-0.908660039,0.001449879,0.417534227
0.0004891,0.0004147,7.67E-05,2969.306189,-0.987291668,-0.033337751,0.155382614
0.0004891,0.0004147,0.000101895,2773.323248,-0.998150325,0.003390714,-0.060699517
0.0004891,0.0004147,0.000127068,2783.4576,-0.999901855,0.014002919,0.000445834
0.0004891,0.0004147,0.000152242,2774.773064,-0.999983097,-0.005340851,-0.002297998
0.0004891,0.0004147,0.000177416,2775.907108,-0.999984105,-0.004967249,-0.002667594
0.0004891,0.0004147,0.000202589,2765.958541,-0.999944742,-0.004866446,-0.009318268
0.0004891,0.0004147,0.000227763,2744.599081,-0.999602518,0.010317763,-0.026236431
0.0004891,0.0004147,0.000252937,2676.236795,-0.999803131,-0.011520684,0.016154655
0.0004891,0.0004147,0.000278111,2798.204468,-0.985696685,-0.045780441,-0.162191852
0.0004891,0.0004147,0.000303284,2140.824713,-0.917517604,0.00338482,-0.397680763
0.0004891,0.0004147,0.000328458,1649.168992,-0.937492927,0.065045932,-0.341871378
0.0004891,0.0004147,0.000353632,1329.699767,-0.96362774,0.12263625,-0.237448792
0.0004891,0.0004147,0.000378805,1162.513573,-0.982015485,0.14997522,-0.114686621
0.0004891,0.0004147,0.000403979,1106.842884,-0.987165501,0.158257718,-0.021418892
0.0004891,0.0004147,0.000429153,1123.236464,-0.98940141,0.139379796,0.040720051
0.0004891,0.0004147,0.000454326,1184.67804,-0.986586008,0.136785044,0.089094899
0.0004891,0.0004147,0.0004795,1274.222437,-0.972655258,0.124775042,0.195890118
0.0004891,0.0004403,1.20E-06,1543.716418,0.880609743,0.086678972,0.465846795
0.0004891,0.0004403,2.64E-05,1870.371843,-0.734536964,0.02716192,0.678024836
0.0004891,0.0004403,5.15E-05,2319.08927,-0.832021757,-0.044180152,0.552980932
0.0004891,0.0004403,7.67E-05,2881.27538,-0.984240647,-0.086626981,0.154162624
0.0004891,0.0004403,0.000101895,2756.655908,-0.999568665,-0.016968059,-0.023970159
0.0004891,0.0004403,0.000127068,2796.720103,-0.999871948,0.015590212,0.003610055
0.0004891,0.0004403,0.000152242,2768.177884,-0.999882322,0.012998545,-0.008147369
0.0004891,0.0004403,0.000177416,2770.350428,-0.999858101,0.01664783,-0.002574355
0.0004891,0.0004403,0.000202589,2759.665276,-0.999905813,0.013517683,-0.002374449
0.0004891,0.0004403,0.000227763,2762.351003,-0.999383661,0.011175722,-0.03327764
0.0004891,0.0004403,0.000252937,2647.563481,-0.995036539,0.096939043,-0.02247459
0.0004891,0.0004403,0.000278111,2678.871137,-0.981238208,-0.093444282,-0.168640878
0.0004891,0.0004403,0.000303284,2121.213021,-0.936474039,-0.029307565,-0.349510288
0.0004891,0.0004403,0.000328458,1711.677944,-0.958163301,0.034686844,-0.284112499
0.0004891,0.0004403,0.000353632,1445.546084,-0.977867358,0.086793358,-0.190374219
0.0004891,0.0004403,0.000378805,1300.674315,-0.98893102,0.112781642,-0.096414409
0.0004891,0.0004403,0.000403979,1245.309946,-0.992577977,0.119026008,-0.024935298
0.0004891,0.0004403,0.000429153,1250.415557,-0.994311093,0.10392526,0.023345055
0.0004891,0.0004403,0.000454326,1295.427655,-0.992712081,0.103631417,0.061508157
0.0004891,0.0004403,0.0004795,1366.651512,-0.984532047,0.096709817,0.146095377
0.0004891,0.0004659,1.20E-06,1582.649452,0.194043844,0.11098519,0.974694452
0.0004891,0.0004659,2.64E-05,1871.020965,-0.924465351,-0.019252765,0.380779655
0.0004891,0.0004659,5.15E-05,2253.961303,-0.905280918,-0.083360476,0.416554307
0.0004891,0.0004659,7.67E-05,2719.265049,-0.975237118,-0.137691974,0.17307075
0.0004891,0.0004659,0.000101895,2712.454388,-0.998449175,0.042736479,0.035676851
0.0004891,0.0004659,0.000127068,2834.05851,-0.999375592,0.01073724,0.033662102
0.0004891,0.0004659,0.000152242,2817.556468,-0.999689307,0.024916533,-0.000675778
0.0004891,0.0004659,0.000177416,2831.888668,-0.999558916,0.029654955,-0.001599035
0.0004891,0.0004659,0.000202589,2812.270308,-0.999603057,0.024067021,-0.014646034
0.0004891,0.0004659,0.000227763,2782.884096,-0.992308762,0.102522368,0.069372081
0.0004891,0.0004659,0.000252937,3042.406051,-0.996329356,0.015373425,-0.084210882
0.0004891,0.0004659,0.000278111,2501.613401,-0.938351623,-0.12240908,-0.323283541
0.0004891,0.0004659,0.000303284,2058.348978,-0.954626478,-0.058431327,-0.292017238
0.0004891,0.0004659,0.000328458,1733.05708,-0.973650395,0.001771733,-0.228038964
0.0004891,0.0004659,0.000353632,1520.253384,-0.987572712,0.046982187,-0.149976038
0.0004891,0.0004659,0.000378805,1400.708283,-0.994461472,0.07076077,-0.077712897
0.0004891,0.0004659,0.000403979,1350.810539,-0.996638026,0.07850649,-0.023438783
0.0004891,0.0004659,0.000429153,1350.123984,-0.99748815,0.069438909,0.013986756
0.0004891,0.0004659,0.000454326,1383.833584,-0.996504205,0.071052294,0.043942475
0.0004891,0.0004659,0.0004795,1441.363954,-0.991934004,0.067748495,0.107131101
0.0004891,0.0004915,1.20E-06,1593.468542,-0.903216398,-0.173094383,0.392732062
0.0004891,0.0004915,2.64E-05,1835.854539,-0.9585524,-0.169479248,0.229028561
0.0004891,0.0004915,5.15E-05,2146.464712,-0.89145979,-0.336808022,0.303083814
0.0004891,0.0004915,7.67E-05,2510.329179,-0.860390263,-0.42860219,0.275733127
0.0004891,0.0004915,0.000101895,2896.493059,-0.924887005,-0.365600034,0.104501882
0.0004891,0.0004915,0.000127068,2830.812375,-0.937870856,-0.346725242,-0.013411363
0.0004891,0.0004915,0.000152242,2849.536783,-0.949960858,-0.312198441,0.01031997
0.0004891,0.0004915,0.000177416,2870.045303,-0.939379329,-0.34287217,-0.002269503
0.0004891,0.0004915,0.000202589,2841.555503,-0.947564319,-0.313456064,0.062186466
0.0004891,0.0004915,0.000227763,3108.219629,-0.941869427,-0.333588065,-0.040012307
0.0004891,0.0004915,0.000252937,2699.781464,-0.876173026,-0.419281229,-0.237747933
0.0004891,0.0004915,0.000278111,2299.954643,-0.922085771,-0.290896437,-0.255219696
0.0004891,0.0004915,0.000303284,1964.824043,-0.9660083,-0.111605543,-0.2331784
0.0004891,0.0004915,0.000328458,1715.929441,-0.978415082,0.105691117,-0.177576222
0.0004891,0.0004915,0.000353632,1551.422359,-0.94152965,0.318556135,-0.109744737
0.0004891,0.0004915,0.000378805,1457.571761,-0.870308757,0.489657523,-0.052897799
0.0004891,0.0004915,0.000403979,1417.607624,-0.794548694,0.607029012,-0.014427465
0.0004891,0.0004915,0.000429153,1417.138818,-0.801481729,0.597928263,0.010432204
0.0004891,0.0004915,0.000454326,1445.455512,-0.822459937,0.568113881,0.028394897
0.0004891,0.0004915,0.0004795,1494.509632,-0.799850497,0.597265213,0.059274349