X,Y,Z,stress
5.00E-05,5.00E-05,5.00E-05,638.8381252
5.00E-05,5.00E-05,0.0001,603.5814089
5.00E-05,5.00E-05,0.00015,588.366896
5.00E-05,5.00E-05,0.0002,598.6437863
5.00E-05,5.00E-05,0.00025,617.7531878
5.00E-05,5.00E-05,0.0003,625.1489311
5.00E-05,5.00E-05,0.00035,632.5446744
5.00E-05,5.00E-05,0.0004,639.9404178
5.00E-05,5.00E-05,0.00045,648.2299618
5.00E-05,5.00E-05,0.0005,657.049912
5.00E-05,5.00E-05,0.00055,665.8698622
5.00E-05,5.00E-05,0.0006,674.6898124
5.00E-05,5.00E-05,0.00065,683.5097626
5.00E-05,5.00E-05,0.0007,692.3297128
5.00E-05,5.00E-05,0.00075,723.4266001
5.00E-05,5.00E-05,0.0008,714.5297536
5.00E-05,5.00E-05,0.00085,675.9297501
5.00E-05,0.0001,5.00E-05,595.6727821
5.00E-05,0.0001,0.0001,461.6700574
5.00E-05,0.0001,0.00015,445.7402657
5.00E-05,0.0001,0.0002,460.7126627
5.00E-05,0.0001,0.00025,488.3767541
5.00E-05,0.0001,0.0003,550.7550069
5.00E-05,0.0001,0.00035,573.4909397
5.00E-05,0.0001,0.0004,582.1133053
5.00E-05,0.0001,0.00045,590.7356709
5.00E-05,0.0001,0.0005,599.3580365
5.00E-05,0.0001,0.00055,607.9804021
5.00E-05,0.0001,0.0006,616.6027677
5.00E-05,0.0001,0.00065,625.2251333
5.00E-05,0.0001,0.0007,633.8474989
5.00E-05,0.0001,0.00075,667.6718245
5.00E-05,0.0001,0.0008,657.0100087
5.00E-05,0.0001,0.00085,633.4709394
5.00E-05,0.0001,0.0009,630.165168
5.00E-05,0.0001,0.00095,632.9488542
5.00E-05,0.00015,5.00E-05,468.1628445
5.00E-05,0.00015,0.0001,422.5941818
5.00E-05,0.00015,0.00015,432.9615919
5.00E-05,0.00015,0.0002,457.2693588
5.00E-05,0.00015,0.00025,489.9525897
5.00E-05,0.00015,0.0003,478.7365307
5.00E-05,0.00015,0.00035,475.8550244
5.00E-05,0.00015,0.0004,525.6747523
5.00E-05,0.00015,0.00045,534.2971179
5.00E-05,0.00015,0.0005,542.9194835
5.00E-05,0.00015,0.00055,551.5418491
5.00E-05,0.00015,0.0006,560.1642147
5.00E-05,0.00015,0.00065,568.7865803
5.00E-05,0.00015,0.0007,610.2625849
5.00E-05,0.00015,0.00075,631.7860608
5.00E-05,0.00015,0.0008,614.1060264
5.00E-05,0.00015,0.00085,598.314928
5.00E-05,0.00015,0.0009,587.4595861
5.00E-05,0.00015,0.00095,589.5702171
5.00E-05,0.0002,5.00E-05,460.3308792
5.00E-05,0.0002,0.0001,412.159576
5.00E-05,0.0002,0.00015,422.9368353
5.00E-05,0.0002,0.0002,445.6787656
5.00E-05,0.0002,0.00025,486.2642853
5.00E-05,0.0002,0.0003,480.5866625
5.00E-05,0.0002,0.00035,471.1182082
5.00E-05,0.0002,0.0004,459.9021492
5.00E-05,0.0002,0.00045,463.3332947
5.00E-05,0.0002,0.0005,486.4809305
5.00E-05,0.0002,0.00055,495.1032961
5.00E-05,0.0002,0.0006,503.7256617
5.00E-05,0.0002,0.00065,544.4438562
5.00E-05,0.0002,0.0007,587.2872534
5.00E-05,0.0002,0.00075,572.9918478
5.00E-05,0.0002,0.0008,562.3827136
5.00E-05,0.0002,0.00085,561.3510354
5.00E-05,0.0002,0.0009,545.9446394
5.00E-05,0.0002,0.00095,545.6930317
5.00E-05,0.00025,5.00E-05,451.4402123
5.00E-05,0.00025,0.0001,401.7249702
5.00E-05,0.00025,0.00015,413.2912481
5.00E-05,0.00025,0.0002,469.9627054
5.00E-05,0.00025,0.00025,512.129356
5.00E-05,0.00025,0.0003,474.3693515
5.00E-05,0.00025,0.00035,467.7751847
5.00E-05,0.00025,0.0004,462.0975618
5.00E-05,0.00025,0.00045,452.2838266
5.00E-05,0.00025,0.0005,441.0677677
5.00E-05,0.00025,0.00055,438.664743
5.00E-05,0.00025,0.0006,479.3586318
5.00E-05,0.00025,0.00065,532.4006146
5.00E-05,0.00025,0.0007,534.9155956
5.00E-05,0.00025,0.00075,516.1901487
5.00E-05,0.00025,0.0008,509.800839
5.00E-05,0.00025,0.00085,511.4761838
5.00E-05,0.00025,0.0009,508.5960444
5.00E-05,0.00025,0.00095,501.6409276
5.00E-05,0.0003,5.00E-05,390.0544732
5.00E-05,0.0003,0.0001,386.1685217
5.00E-05,0.0003,0.00015,385.5084911
5.00E-05,0.0003,0.0002,491.6604451
5.00E-05,0.0003,0.00025,532.9956474
5.00E-05,0.0003,0.0003,539.8577159
5.00E-05,0.0003,0.00035,521.4875674
5.00E-05,0.0003,0.0004,503.1174189
5.00E-05,0.0003,0.00045,479.7449118
5.00E-05,0.0003,0.0005,443.6084611
5.00E-05,0.0003,0.00055,434.3040613
5.00E-05,0.0003,0.0006,467.7558451
5.00E-05,0.0003,0.00065,490.4167882
5.00E-05,0.0003,0.0007,477.231097
5.00E-05,0.0003,0.00075,459.3884495
5.00E-05,0.0003,0.0008,457.2189644
5.00E-05,0.0003,0.00085,458.8943092
5.00E-05,0.0003,0.0009,458.3608229
5.00E-05,0.0003,0.00095,447.6902939
5.00E-05,0.00035,5.00E-05,494.2737838
5.00E-05,0.00035,0.0001,432.446506
5.00E-05,0.00035,0.00015,458.215968
5.00E-05,0.00035,0.0002,459.9697025
5.00E-05,0.00035,0.00025,492.0711072
5.00E-05,0.00035,0.0003,503.3636078
5.00E-05,0.00035,0.00035,488.6871304
5.00E-05,0.00035,0.0004,470.3169819
5.00E-05,0.00035,0.00045,451.9468333
5.00E-05,0.00035,0.0005,433.5766848
5.00E-05,0.00035,0.00055,415.9372245
5.00E-05,0.00035,0.0006,433.1795414
5.00E-05,0.00035,0.00065,432.8291777
5.00E-05,0.00035,0.0007,418.2830519
5.00E-05,0.00035,0.00075,402.961745
5.00E-05,0.00035,0.0008,404.018057
5.00E-05,0.00035,0.00085,403.1555329
5.00E-05,0.00035,0.0009,402.2930087
5.00E-05,0.00035,0.00095,393.7396602
5.00E-05,0.0004,5.00E-05,532.7739039
5.00E-05,0.0004,0.0001,495.4264079
5.00E-05,0.0004,0.00015,455.335781
5.00E-05,0.0004,0.0002,429.5455829
5.00E-05,0.0004,0.00025,418.8873197
5.00E-05,0.0004,0.0003,424.8144572
5.00E-05,0.0004,0.00035,413.4911496
5.00E-05,0.0004,0.0004,402.167842
5.00E-05,0.0004,0.00045,390.8445344
5.00E-05,0.0004,0.0005,379.5212268
5.00E-05,0.0004,0.00055,368.953862
5.00E-05,0.0004,0.0006,375.7442071
5.00E-05,0.0004,0.00065,368.5653169
5.00E-05,0.0004,0.0007,345.3467067
5.00E-05,0.0004,0.00075,340.2421889
5.00E-05,0.0004,0.0008,331.5181677
5.00E-05,0.0004,0.00085,330.7636371
5.00E-05,0.0004,0.0009,330.0091066
5.00E-05,0.0004,0.00095,340.7754334
5.00E-05,0.00045,5.00E-05,547.0936895
5.00E-05,0.00045,0.0001,517.8185773
5.00E-05,0.00045,0.00015,482.8733342
5.00E-05,0.00045,0.0002,440.3824081
5.00E-05,0.00045,0.00025,417.5967112
5.00E-05,0.00045,0.0003,402.2584072
5.00E-05,0.00045,0.00035,350.8625779
5.00E-05,0.00045,0.0004,333.2607855
5.00E-05,0.00045,0.00045,318.888028
5.00E-05,0.00045,0.0005,304.5152705
5.00E-05,0.00045,0.00055,291.7284903
5.00E-05,0.00045,0.0006,299.3577
5.00E-05,0.00045,0.00065,268.0961838
5.00E-05,0.00045,0.0007,246.7006898
5.00E-05,0.00045,0.00075,260.7156885
5.00E-05,0.00045,0.0008,251.4468019
5.00E-05,0.00045,0.00085,239.4326889
5.00E-05,0.00045,0.0009,309.290276
5.00E-05,0.00045,0.00095,367.0003267
5.00E-05,0.0005,5.00E-05,447.2705617
5.00E-05,0.0005,0.0001,439.9564055
5.00E-05,0.0005,0.00015,462.9245831
5.00E-05,0.0005,0.0002,474.8199401
5.00E-05,0.0005,0.00025,432.329014
5.00E-05,0.0005,0.0003,421.2620879
5.00E-05,0.0005,0.00035,390.7049472
5.00E-05,0.0005,0.0004,339.3091179
5.00E-05,0.0005,0.00045,287.9132886
5.00E-05,0.0005,0.0005,252.685765
5.00E-05,0.0005,0.00055,255.0215855
5.00E-05,0.0005,0.0006,272.6101258
5.00E-05,0.0005,0.00065,366.1075279
5.00E-05,0.0005,0.0007,398.1318958
5.00E-05,0.0005,0.00075,219.588132
5.00E-05,0.0005,0.0008,174.665528
5.00E-05,0.0005,0.00085,162.651415
5.00E-05,0.0005,0.0009,288.7709543
5.00E-05,0.0005,0.00095,363.6641659
5.00E-05,0.00055,5.00E-05,348.9819509
5.00E-05,0.00055,0.0001,371.9501285
5.00E-05,0.00055,0.00015,394.9183061
5.00E-05,0.00055,0.0002,417.8864838
5.00E-05,0.00055,0.00025,440.8546614
5.00E-05,0.00055,0.0003,435.6984624
5.00E-05,0.00055,0.00035,424.9274645
5.00E-05,0.00055,0.0004,378.9707403
5.00E-05,0.00055,0.00045,308.3818176
5.00E-05,0.00055,0.0005,237.7928949
5.00E-05,0.00055,0.00055,211.8253744
5.00E-05,0.00055,0.0006,261.1416928
5.00E-05,0.00055,0.00065,358.7910281
5.00E-05,0.00055,0.0007,393.4718499
5.00E-05,0.00055,0.00075,441.7342858
5.00E-05,0.00055,0.0008,356.1208465
5.00E-05,0.00055,0.00085,166.3157505
5.00E-05,0.00055,0.0009,270.3395544
5.00E-05,0.00055,0.00095,479.8651405
5.00E-05,0.0006,5.00E-05,309.9059962
5.00E-05,0.0006,0.0001,339.6697526
5.00E-05,0.0006,0.00015,369.433509
5.00E-05,0.0006,0.0002,399.1972654
5.00E-05,0.0006,0.00025,428.9610218
5.00E-05,0.0006,0.0003,486.7756646
5.00E-05,0.0006,0.00035,381.8947922
5.00E-05,0.0006,0.0004,344.5381333
5.00E-05,0.0006,0.00045,280.174472
5.00E-05,0.0006,0.0005,215.8108108
5.00E-05,0.0006,0.00055,167.6353836
5.00E-05,0.0006,0.0006,245.9547437
5.00E-05,0.0006,0.00065,350.2191004
5.00E-05,0.0006,0.0007,411.1756226
5.00E-05,0.0006,0.00075,471.0115708
5.00E-05,0.0006,0.0008,372.8118935
5.00E-05,0.0006,0.00085,319.3789339
5.00E-05,0.0006,0.0009,405.3076651
5.00E-05,0.0006,0.00095,644.4436443
5.00E-05,0.00065,5.00E-05,268.866273
5.00E-05,0.00065,0.0001,289.8175632
5.00E-05,0.00065,0.00015,384.7735844
5.00E-05,0.00065,0.0002,414.5373408
5.00E-05,0.00065,0.00025,523.3496219
5.00E-05,0.00065,0.0003,597.1730963
5.00E-05,0.00065,0.00035,411.1105722
5.00E-05,0.00065,0.0004,296.2531389
5.00E-05,0.00065,0.00045,231.8894776
5.00E-05,0.00065,0.0005,190.3532143
5.00E-05,0.00065,0.00055,209.0296296
5.00E-05,0.00065,0.0006,198.7260245
5.00E-05,0.00065,0.00065,247.8183144
5.00E-05,0.00065,0.0007,416.3434524
5.00E-05,0.00065,0.00075,506.9643404
5.00E-05,0.00065,0.0008,483.7891976
5.00E-05,0.00065,0.00085,574.4515336
5.00E-05,0.00065,0.0009,619.8478153
5.00E-05,0.00065,0.00095,604.0640715
5.00E-05,0.0007,5.00E-05,302.1089419
5.00E-05,0.0007,0.0001,164.1101312
5.00E-05,0.0007,0.00015,250.8175055
5.00E-05,0.0007,0.0002,433.9201883
5.00E-05,0.0007,0.00025,617.022871
5.00E-05,0.0007,0.0003,670.4015049
5.00E-05,0.0007,0.00035,496.903858
5.00E-05,0.0007,0.0004,407.5577095
5.00E-05,0.0007,0.00045,318.211561
5.00E-05,0.0007,0.0005,304.2643755
5.00E-05,0.0007,0.00055,335.4896956
5.00E-05,0.0007,0.0006,307.7462553
5.00E-05,0.0007,0.00065,291.8154306
5.00E-05,0.0007,0.0007,321.7338556
5.00E-05,0.0007,0.00075,486.0266089
5.00E-05,0.0007,0.0008,494.3851574
5.00E-05,0.0007,0.00085,514.8375396
5.00E-05,0.0007,0.0009,571.3956512
5.00E-05,0.0007,0.00095,561.9686098
5.00E-05,0.00075,5.00E-05,332.5767546
5.00E-05,0.00075,0.0001,254.3609263
5.00E-05,0.00075,0.00015,159.6427561
5.00E-05,0.00075,0.0002,410.0676973
5.00E-05,0.00075,0.00025,591.3291317
5.00E-05,0.00075,0.0003,622.9298814
5.00E-05,0.00075,0.00035,602.3253069
5.00E-05,0.00075,0.0004,580.5191578
5.00E-05,0.00075,0.00045,523.1327652
5.00E-05,0.00075,0.0005,455.2107193
5.00E-05,0.00075,0.00055,452.0872781
5.00E-05,0.00075,0.0006,424.3184149
5.00E-05,0.00075,0.00065,404.1064126
5.00E-05,0.00075,0.0007,396.7050863
5.00E-05,0.00075,0.00075,417.7379402
5.00E-05,0.00075,0.0008,479.0883643
5.00E-05,0.00075,0.00085,487.2301966
5.00E-05,0.00075,0.0009,509.5760212
5.00E-05,0.00075,0.00095,523.2786373
5.00E-05,0.0008,0.0001,373.380188
5.00E-05,0.0008,0.00015,300.1327506
5.00E-05,0.0008,0.0002,499.636563
5.00E-05,0.0008,0.00025,552.9937895
5.00E-05,0.0008,0.0003,608.6815359
5.00E-05,0.0008,0.00035,589.7440887
5.00E-05,0.0008,0.0004,567.9379396
5.00E-05,0.0008,0.00045,546.1317906
5.00E-05,0.0008,0.0005,514.331764
5.00E-05,0.0008,0.00055,510.8539227
5.00E-05,0.0008,0.0006,499.0935894
5.00E-05,0.0008,0.00065,492.1313609
5.00E-05,0.0008,0.0007,490.0897307
5.00E-05,0.0008,0.00075,486.0892769
5.00E-05,0.0008,0.0008,478.1959572
5.00E-05,0.0008,0.00085,492.8548336
5.00E-05,0.0008,0.0009,508.7259831
5.00E-05,0.0008,0.00095,543.6228512
5.00E-05,0.00085,0.0001,391.8807325
5.00E-05,0.00085,0.00015,409.690412
5.00E-05,0.00085,0.0002,465.6293237
5.00E-05,0.00085,0.00025,514.6584473
5.00E-05,0.00085,0.0003,578.3636063
5.00E-05,0.00085,0.00035,567.281239
5.00E-05,0.00085,0.0004,547.1554187
5.00E-05,0.00085,0.00045,507.2016341
5.00E-05,0.00085,0.0005,497.5947867
5.00E-05,0.00085,0.00055,507.8940688
5.00E-05,0.00085,0.0006,511.1524858
5.00E-05,0.00085,0.00065,508.450263
5.00E-05,0.00085,0.0007,505.0391467
5.00E-05,0.00085,0.00075,497.145827
5.00E-05,0.00085,0.0008,517.7504441
5.00E-05,0.00085,0.00085,544.997226
5.00E-05,0.00085,0.0009,561.8065134
5.00E-05,0.00085,0.00095,599.7034835
5.00E-05,0.0009,0.00015,442.4864621
5.00E-05,0.0009,0.0002,518.1738095
5.00E-05,0.0009,0.00025,521.4575576
5.00E-05,0.0009,0.0003,548.0456767
5.00E-05,0.0009,0.00035,539.090691
5.00E-05,0.0009,0.0004,523.4181851
5.00E-05,0.0009,0.00045,476.9540185
5.00E-05,0.0009,0.0005,480.8578093
5.00E-05,0.0009,0.00055,491.1570915
5.00E-05,0.0009,0.0006,495.8096124
5.00E-05,0.0009,0.00065,494.5679093
5.00E-05,0.0009,0.0007,516.5417339
5.00E-05,0.0009,0.00075,541.136674
5.00E-05,0.0009,0.0008,565.7316142
5.00E-05,0.0009,0.00085,589.0994395
5.00E-05,0.0009,0.0009,608.824648
5.00E-05,0.0009,0.00095,609.3049202
5.00E-05,0.00095,0.00025,572.8814476
5.00E-05,0.00095,0.0003,563.8702907
5.00E-05,0.00095,0.00035,554.8591337
5.00E-05,0.00095,0.0004,529.507772
5.00E-05,0.00095,0.00045,524.1852915
5.00E-05,0.00095,0.0005,465.5001716
5.00E-05,0.00095,0.00055,450.0325779
5.00E-05,0.00095,0.0006,468.5206023
5.00E-05,0.00095,0.00065,494.6752653
5.00E-05,0.00095,0.0007,526.0932196
5.00E-05,0.00095,0.00075,557.5111738
5.00E-05,0.00095,0.0008,587.227179
5.00E-05,0.00095,0.00085,597.2667795
5.00E-05,0.00095,0.0009,606.4871529
5.00E-05,0.00095,0.00095,635.3805887
0.0001,5.00E-05,5.00E-05,616.2582131
0.0001,5.00E-05,0.0001,579.1946449
0.0001,5.00E-05,0.00015,565.2747359
0.0001,5.00E-05,0.0002,550.3929356
0.0001,5.00E-05,0.00025,535.5111354
0.0001,5.00E-05,0.0003,520.6293352
0.0001,5.00E-05,0.00035,508.6542738
0.0001,5.00E-05,0.0004,539.7332171
0.0001,5.00E-05,0.00045,569.7585273
0.0001,5.00E-05,0.0005,609.768817
0.0001,5.00E-05,0.00055,653.604538
0.0001,5.00E-05,0.0006,676.7303144
0.0001,5.00E-05,0.00065,697.8233318
0.0001,5.00E-05,0.0007,702.2348875
0.0001,5.00E-05,0.00075,706.2577242
0.0001,5.00E-05,0.0008,676.2631487
0.0001,5.00E-05,0.00085,675.9690025
0.0001,5.00E-05,0.0009,678.9489914
0.0001,0.0001,5.00E-05,596.3744509
0.0001,0.0001,0.0001,446.0799113
0.0001,0.0001,0.00015,442.9620177
0.0001,0.0001,0.0002,454.5538617
0.0001,0.0001,0.00025,466.1457058
0.0001,0.0001,0.0003,473.1284228
0.0001,0.0001,0.00035,505.004366
0.0001,0.0001,0.0004,536.9119912
0.0001,0.0001,0.00045,572.3122175
0.0001,0.0001,0.0005,614.2364911
0.0001,0.0001,0.00055,659.8427034
0.0001,0.0001,0.0006,666.6004346
0.0001,0.0001,0.00065,680.5317152
0.0001,0.0001,0.0007,698.5939112
0.0001,0.0001,0.00075,665.1663583
0.0001,0.0001,0.0008,650.6105281
0.0001,0.0001,0.00085,628.4065365
0.0001,0.0001,0.0009,621.9448371
0.0001,0.0001,0.00095,622.8527007
0.0001,0.00015,5.00E-05,576.4906888
0.0001,0.00015,0.0001,432.5295901
0.0001,0.00015,0.00015,439.0909555
0.0001,0.00015,0.0002,449.1128925
0.0001,0.00015,0.00025,459.1348294
0.0001,0.00015,0.0003,465.942504
0.0001,0.00015,0.00035,497.8234545
0.0001,0.00015,0.0004,534.9626837
0.0001,0.00015,0.00045,575.3956336
0.0001,0.00015,0.0005,607.4819198
0.0001,0.00015,0.00055,648.6680414
0.0001,0.00015,0.0006,655.3476997
0.0001,0.00015,0.00065,647.4242415
0.0001,0.00015,0.0007,656.4175428
0.0001,0.00015,0.00075,631.646244
0.0001,0.00015,0.0008,606.2705983
0.0001,0.00015,0.00085,575.7955064
0.0001,0.00015,0.0009,568.3646506
0.0001,0.00015,0.00095,567.4209018
0.0001,0.0002,5.00E-05,566.9465434
0.0001,0.0002,0.0001,425.2082338
0.0001,0.0002,0.00015,429.8213503
0.0001,0.0002,0.0002,440.5986096
0.0001,0.0002,0.00025,451.3758689
0.0001,0.0002,0.0003,459.0237457
0.0001,0.0002,0.00035,495.2570697
0.0001,0.0002,0.0004,537.5048647
0.0001,0.0002,0.00045,577.0385773
0.0001,0.0002,0.0005,609.1545009
0.0001,0.0002,0.00055,640.4160167
0.0001,0.0002,0.0006,634.5023146
0.0001,0.0002,0.00065,626.8193284
0.0001,0.0002,0.0007,612.3565616
0.0001,0.0002,0.00075,583.7949534
0.0001,0.0002,0.0008,543.9155038
0.0001,0.0002,0.00085,520.102455
0.0001,0.0002,0.0009,515.3885745
0.0001,0.0002,0.00095,515.0787641
0.0001,0.00025,5.00E-05,456.5864139
0.0001,0.00025,0.0001,410.5035336
0.0001,0.00025,0.00015,422.5253344
0.0001,0.00025,0.0002,435.6483543
0.0001,0.00025,0.00025,440.6340722
0.0001,0.00025,0.0003,445.3936091
0.0001,0.00025,0.00035,475.7864832
0.0001,0.00025,0.0004,518.0467485
0.0001,0.00025,0.00045,549.521979
0.0001,0.00025,0.0005,565.1970235
0.0001,0.00025,0.00055,594.2021598
0.0001,0.00025,0.0006,569.1586647
0.0001,0.00025,0.00065,558.6139068
0.0001,0.00025,0.0007,545.6570093
0.0001,0.00025,0.00075,504.0746882
0.0001,0.00025,0.0008,478.5466221
0.0001,0.00025,0.00085,471.9327877
0.0001,0.00025,0.0009,467.0684357
0.0001,0.00025,0.00095,462.2040836
0.0001,0.0003,5.00E-05,416.6242714
0.0001,0.0003,0.0001,408.8099577
0.0001,0.0003,0.00015,409.7333944
0.0001,0.0003,0.0002,410.899211
0.0001,0.0003,0.00025,412.0650276
0.0001,0.0003,0.0003,416.8432958
0.0001,0.0003,0.00035,447.2303393
0.0001,0.0003,0.0004,485.7353355
0.0001,0.0003,0.00045,516.7394255
0.0001,0.0003,0.0005,524.833798
0.0001,0.0003,0.00055,536.7044611
0.0001,0.0003,0.0006,511.5083139
0.0001,0.0003,0.00065,499.9606722
0.0001,0.0003,0.0007,484.292228
0.0001,0.0003,0.00075,456.6764502
0.0001,0.0003,0.0008,441.3585078
0.0001,0.0003,0.00085,434.7441667
0.0001,0.0003,0.0009,431.5155553
0.0001,0.0003,0.00095,432.6690551
0.0001,0.00035,5.00E-05,420.7403023
0.0001,0.00035,0.0001,393.8476388
0.0001,0.00035,0.00015,390.9672703
0.0001,0.00035,0.0002,390.2854522
0.0001,0.00035,0.00025,389.8455883
0.0001,0.00035,0.0003,379.3416957
0.0001,0.00035,0.00035,397.4541113
0.0001,0.00035,0.0004,435.5176786
0.0001,0.00035,0.00045,448.8359563
0.0001,0.00035,0.0005,452.1854647
0.0001,0.00035,0.00055,458.6548476
0.0001,0.00035,0.0006,430.5634551
0.0001,0.00035,0.00065,419.0618422
0.0001,0.00035,0.0007,397.0689793
0.0001,0.00035,0.00075,385.4537634
0.0001,0.00035,0.0008,369.8665983
0.0001,0.00035,0.00085,381.7055575
0.0001,0.00035,0.0009,389.5278187
0.0001,0.00035,0.00095,396.4977993
0.0001,0.0004,5.00E-05,504.5693335
0.0001,0.0004,0.0001,403.883478
0.0001,0.0004,0.00015,374.0616104
0.0001,0.0004,0.0002,369.5892448
0.0001,0.0004,0.00025,358.426227
0.0001,0.0004,0.0003,347.2632092
0.0001,0.0004,0.00035,342.6844944
0.0001,0.0004,0.0004,357.6113909
0.0001,0.0004,0.00045,370.8241276
0.0001,0.0004,0.0005,372.2324315
0.0001,0.0004,0.00055,378.7235294
0.0001,0.0004,0.0006,349.5720124
0.0001,0.0004,0.00065,331.2311825
0.0001,0.0004,0.0007,288.7431374
0.0001,0.0004,0.00075,271.9447219
0.0001,0.0004,0.0008,267.9583054
0.0001,0.0004,0.00085,361.264129
0.0001,0.0004,0.0009,288.9423797
0.0001,0.0004,0.00095,311.633731
0.0001,0.00045,5.00E-05,513.6414134
0.0001,0.00045,0.0001,424.0666341
0.0001,0.00045,0.00015,348.9730976
0.0001,0.00045,0.0002,355.5625664
0.0001,0.00045,0.00025,328.5168026
0.0001,0.00045,0.0003,317.162939
0.0001,0.00045,0.00035,312.6126099
0.0001,0.00045,0.0004,302.071951
0.0001,0.00045,0.00045,292.4500345
0.0001,0.00045,0.0005,293.7962216
0.0001,0.00045,0.00055,301.4501612
0.0001,0.00045,0.0006,265.5464996
0.0001,0.00045,0.00065,224.3948348
0.0001,0.00045,0.0007,182.4730761
0.0001,0.00045,0.00075,158.4372841
0.0001,0.00045,0.0008,185.5122369
0.0001,0.00045,0.00085,199.699014
0.0001,0.00045,0.0009,506.2005781
0.0001,0.00045,0.00095,422.5610624
0.0001,0.0005,5.00E-05,490.2184845
0.0001,0.0005,0.0001,333.4606978
0.0001,0.0005,0.00015,363.4629298
0.0001,0.0005,0.0002,425.1412848
0.0001,0.0005,0.00025,381.4090023
0.0001,0.0005,0.0003,384.7218543
0.0001,0.0005,0.00035,380.6699667
0.0001,0.0005,0.0004,369.981783
0.0001,0.0005,0.00045,261.5373139
0.0001,0.0005,0.0005,242.917666
0.0001,0.0005,0.00055,250.398523
0.0001,0.0005,0.0006,306.5567608
0.0001,0.0005,0.00065,226.1820684
0.0001,0.0005,0.0007,147.9816786
0.0001,0.0005,0.00075,75.26863371
0.0001,0.0005,0.0008,103.0661685
0.0001,0.0005,0.00085,124.2983814
0.0001,0.0005,0.0009,607.7572112
0.0001,0.0005,0.00095,565.9126691
0.0001,0.00055,5.00E-05,392.3507751
0.0001,0.00055,0.0001,291.4950656
0.0001,0.00055,0.00015,395.14755
0.0001,0.00055,0.0002,456.8259051
0.0001,0.00055,0.00025,463.0480762
0.0001,0.00055,0.0003,482.8150581
0.0001,0.00055,0.00035,498.0128439
0.0001,0.00055,0.0004,487.2262236
0.0001,0.00055,0.00045,288.791131
0.0001,0.00055,0.0005,234.0294817
0.0001,0.00055,0.00055,296.9363449
0.0001,0.00055,0.0006,432.7028448
0.0001,0.00055,0.00065,385.323739
0.0001,0.00055,0.0007,348.4044118
0.0001,0.00055,0.00075,427.4784683
0.0001,0.00055,0.0008,361.267884
0.0001,0.00055,0.00085,269.7399038
0.0001,0.00055,0.0009,602.2952983
0.0001,0.00055,0.00095,558.4080047
0.0001,0.0006,5.00E-05,308.3039041
0.0001,0.0006,0.0001,266.7874043
0.0001,0.0006,0.00015,422.46236
0.0001,0.0006,0.0002,488.5105253
0.0001,0.0006,0.00025,544.68715
0.0001,0.0006,0.0003,585.2427069
0.0001,0.0006,0.00035,622.87987
0.0001,0.0006,0.0004,513.3986175
0.0001,0.0006,0.00045,277.9244036
0.0001,0.0006,0.0005,194.3360275
0.0001,0.0006,0.00055,275.7562207
0.0001,0.0006,0.0006,414.8918443
0.0001,0.0006,0.00065,515.4704787
0.0001,0.0006,0.0007,531.5516776
0.0001,0.0006,0.00075,527.3180046
0.0001,0.0006,0.0008,437.905064
0.0001,0.0006,0.00085,354.5626812
0.0001,0.0006,0.0009,610.024442
0.0001,0.0006,0.00095,625.1010011
0.0001,0.00065,5.00E-05,287.2841229
0.0001,0.00065,0.0001,276.1997534
0.0001,0.00065,0.00015,427.8807841
0.0001,0.00065,0.0002,520.1951455
0.0001,0.00065,0.00025,610.6885144
0.0001,0.00065,0.0003,680.7404881
0.0001,0.00065,0.00035,693.7944813
0.0001,0.00065,0.0004,506.4770921
0.0001,0.00065,0.00045,272.865992
0.0001,0.00065,0.0005,216.1846227
0.0001,0.00065,0.00055,324.0187207
0.0001,0.00065,0.0006,305.1486835
0.0001,0.00065,0.00065,382.0190661
0.0001,0.00065,0.0007,512.0372545
0.0001,0.00065,0.00075,517.5467275
0.0001,0.00065,0.0008,523.1212092
0.0001,0.00065,0.00085,571.4424724
0.0001,0.00065,0.0009,601.7134339
0.0001,0.00065,0.00095,575.0659714
0.0001,0.0007,5.00E-05,286.7318361
0.0001,0.0007,0.0001,243.0875275
0.0001,0.0007,0.00015,387.5784843
0.0001,0.0007,0.0002,542.2489658
0.0001,0.0007,0.00025,692.5081316
0.0001,0.0007,0.0003,723.5630974
0.0001,0.0007,0.00035,722.3128666
0.0001,0.0007,0.0004,532.6126795
0.0001,0.0007,0.00045,375.5231679
0.0001,0.0007,0.0005,370.59753
0.0001,0.0007,0.00055,389.0537569
0.0001,0.0007,0.0006,364.723757
0.0001,0.0007,0.00065,337.0829846
0.0001,0.0007,0.0007,439.808334
0.0001,0.0007,0.00075,500.6117339
0.0001,0.0007,0.0008,505.3726134
0.0001,0.0007,0.00085,507.7433882
0.0001,0.0007,0.0009,554.5289227
0.0001,0.0007,0.00095,544.5073702
0.0001,0.00075,5.00E-05,327.3602785
0.0001,0.00075,0.0001,317.9984151
0.0001,0.00075,0.00015,351.0579209
0.0001,0.00075,0.0002,557.5911243
0.0001,0.00075,0.00025,629.0999296
0.0001,0.00075,0.0003,664.2803886
0.0001,0.00075,0.00035,634.4311258
0.0001,0.00075,0.0004,616.006449
0.0001,0.00075,0.00045,572.6254514
0.0001,0.00075,0.0005,531.4319834
0.0001,0.00075,0.00055,506.6406337
0.0001,0.00075,0.0006,481.4240074
0.0001,0.00075,0.00065,453.6551443
0.0001,0.00075,0.0007,425.8862811
0.0001,0.00075,0.00075,483.71012
0.0001,0.00075,0.0008,487.2072779
0.0001,0.00075,0.00085,489.9610887
0.0001,0.00075,0.0009,506.8469154
0.0001,0.00075,0.00095,540.2315592
0.0001,0.0008,5.00E-05,382.2674248
0.0001,0.0008,0.0001,382.0506637
0.0001,0.0008,0.00015,379.5115602
0.0001,0.0008,0.0002,551.2513666
0.0001,0.0008,0.00025,589.4135532
0.0001,0.0008,0.0003,630.6425707
0.0001,0.0008,0.00035,623.1196885
0.0001,0.0008,0.0004,603.4252308
0.0001,0.0008,0.00045,564.3589382
0.0001,0.0008,0.0005,529.8746173
0.0001,0.0008,0.00055,524.873818
0.0001,0.0008,0.0006,510.8733617
0.0001,0.0008,0.00065,498.767849
0.0001,0.0008,0.0007,487.0075157
0.0001,0.0008,0.00075,472.8070172
0.0001,0.0008,0.0008,478.5373037
0.0001,0.0008,0.00085,495.9701175
0.0001,0.0008,0.0009,515.422766
0.0001,0.0008,0.00095,554.3671705
0.0001,0.00085,5.00E-05,390.9740779
0.0001,0.00085,0.0001,395.9510649
0.0001,0.00085,0.00015,446.860181
0.0001,0.00085,0.0002,558.2312599
0.0001,0.00085,0.00025,567.8591611
0.0001,0.00085,0.0003,603.770103
0.0001,0.00085,0.00035,611.8082511
0.0001,0.00085,0.0004,572.9748287
0.0001,0.00085,0.00045,534.1113226
0.0001,0.00085,0.0005,524.7669591
0.0001,0.00085,0.00055,525.9339517
0.0001,0.00085,0.0006,519.041275
0.0001,0.00085,0.00065,505.7165938
0.0001,0.00085,0.0007,491.4442881
0.0001,0.00085,0.00075,473.1886374
0.0001,0.00085,0.0008,482.7682089
0.0001,0.00085,0.00085,532.4626896
0.0001,0.00085,0.0009,556.8016166
0.0001,0.00085,0.00095,583.6655848
0.0001,0.0009,0.0001,410.4315105
0.0001,0.0009,0.00015,523.3528216
0.0001,0.0009,0.0002,602.598396
0.0001,0.0009,0.00025,605.010488
0.0001,0.0009,0.0003,607.4225801
0.0001,0.0009,0.00035,593.504734
0.0001,0.0009,0.0004,548.2345014
0.0001,0.0009,0.00045,503.863707
0.0001,0.0009,0.0005,508.0299818
0.0001,0.0009,0.00055,518.3292639
0.0001,0.0009,0.0006,521.9731173
0.0001,0.0009,0.00065,509.2110885
0.0001,0.0009,0.0007,491.8259083
0.0001,0.0009,0.00075,485.958746
0.0001,0.0009,0.0008,483.8784379
0.0001,0.0009,0.00085,528.1722342
0.0001,0.0009,0.0009,581.9093709
0.0001,0.0009,0.00095,606.008189
0.0001,0.00095,0.00015,523.3979437
0.0001,0.00095,0.0002,627.7259078
0.0001,0.00095,0.00025,653.6972502
0.0001,0.00095,0.0003,653.3236975
0.0001,0.00095,0.00035,609.2233492
0.0001,0.00095,0.0004,585.4580559
0.0001,0.00095,0.00045,592.14248
0.0001,0.00095,0.0005,581.6409623
0.0001,0.00095,0.00055,560.551148
0.0001,0.00095,0.0006,503.3830418
0.0001,0.00095,0.00065,485.9754376
0.0001,0.00095,0.0007,504.4634619
0.0001,0.00095,0.00075,499.3475144
0.0001,0.00095,0.0008,493.8622251
0.0001,0.00095,0.00085,523.8817788
0.0001,0.00095,0.0009,565.0112129
0.0001,0.00095,0.00095,599.777815
0.00015,5.00E-05,5.00E-05,612.8911631
0.00015,5.00E-05,0.0001,564.7979106
0.00015,5.00E-05,0.00015,539.7369554
0.00015,5.00E-05,0.0002,527.3007755
0.00015,5.00E-05,0.00025,512.4189753
0.00015,5.00E-05,0.0003,500.4811519
0.00015,5.00E-05,0.00035,520.252333
0.00015,5.00E-05,0.0004,549.4658188
0.00015,5.00E-05,0.00045,569.2484577
0.00015,5.00E-05,0.0005,578.2699048
0.00015,5.00E-05,0.00055,614.8593909
0.00015,5.00E-05,0.0006,642.0883313
0.00015,5.00E-05,0.00065,665.5626426
0.00015,5.00E-05,0.0007,669.9741983
0.00015,5.00E-05,0.00075,674.3032887
0.00015,5.00E-05,0.0008,674.9928911
0.00015,5.00E-05,0.00085,679.4235459
0.00015,5.00E-05,0.0009,687.7900341
0.00015,0.0001,5.00E-05,573.7945389
0.00015,0.0001,0.0001,531.1485835
0.00015,0.0001,0.00015,446.3755218
0.00015,0.0001,0.0002,457.9673658
0.00015,0.0001,0.00025,465.666704
0.00015,0.0001,0.0003,481.6191663
0.00015,0.0001,0.00035,514.9957779
0.00015,0.0001,0.0004,544.8010263
0.00015,0.0001,0.00045,564.5836653
0.00015,0.0001,0.0005,582.8547453
0.00015,0.0001,0.00055,627.2068228
0.00015,0.0001,0.0006,664.7061581
0.00015,0.0001,0.00065,657.8093507
0.00015,0.0001,0.0007,671.4056565
0.00015,0.0001,0.00075,666.6555428
0.00015,0.0001,0.0008,632.3680549
0.00015,0.0001,0.00085,627.1758771
0.00015,0.0001,0.0009,620.1164438
0.00015,0.0001,0.00095,619.417298
0.00015,0.00015,5.00E-05,554.8279516
0.00015,0.00015,0.0001,519.7254733
0.00015,0.00015,0.00015,443.4705581
0.00015,0.00015,0.0002,455.0624022
0.00015,0.00015,0.00025,462.0442778
0.00015,0.00015,0.0003,464.7096178
0.00015,0.00015,0.00035,498.1037862
0.00015,0.00015,0.0004,531.7687507
0.00015,0.00015,0.00045,567.12388
0.00015,0.00015,0.0005,604.103944
0.00015,0.00015,0.00055,646.1303274
0.00015,0.00015,0.0006,653.4526377
0.00015,0.00015,0.00065,645.9120871
0.00015,0.00015,0.0007,628.5203291
0.00015,0.00015,0.00075,623.4784932
0.00015,0.00015,0.0008,598.6184404
0.00015,0.00015,0.00085,582.7653475
0.00015,0.00015,0.0009,573.4113315
0.00015,0.00015,0.00095,563.6232821
0.00015,0.0002,5.00E-05,549.950467
0.00015,0.0002,0.0001,514.7797927
0.00015,0.0002,0.00015,436.7058652
0.00015,0.0002,0.0002,447.4831246
0.00015,0.0002,0.00025,455.1267751
0.00015,0.0002,0.0003,457.7904383
0.00015,0.0002,0.00035,491.5045639
0.00015,0.0002,0.0004,529.2345349
0.00015,0.0002,0.00045,568.759814
0.00015,0.0002,0.0005,605.7727839
0.00015,0.0002,0.00055,637.871044
0.00015,0.0002,0.0006,631.9687059
0.00015,0.0002,0.00065,612.5961124
0.00015,0.0002,0.0007,580.4807841
0.00015,0.0002,0.00075,579.4577311
0.00015,0.0002,0.0008,550.8853546
0.00015,0.0002,0.00085,527.0847633
0.00015,0.0002,0.0009,514.6088734
0.00015,0.0002,0.00095,502.1329836
0.00015,0.00025,5.00E-05,444.0328521
0.00015,0.00025,0.0001,433.9291364
0.00015,0.00025,0.00015,431.7594207
0.00015,0.00025,0.0002,444.8824407
0.00015,0.00025,0.00025,453.3954425
0.00015,0.00025,0.0003,462.6430565
0.00015,0.00025,0.00035,489.8226751
0.00015,0.00025,0.0004,520.9425777
0.00015,0.00025,0.00045,554.703078
0.00015,0.00025,0.0005,578.300733
0.00015,0.00025,0.00055,602.9575041
0.00015,0.00025,0.0006,578.1968643
0.00015,0.00025,0.00065,531.5115229
0.00015,0.00025,0.0007,516.836428
0.00015,0.00025,0.00075,479.3385816
0.00015,0.00025,0.0008,466.0154617
0.00015,0.00025,0.00085,454.7240574
0.00015,0.00025,0.0009,444.9691414
0.00015,0.00025,0.00095,444.659331
0.00015,0.0003,5.00E-05,428.3242438
0.00015,0.0003,0.0001,432.2355606
0.00015,0.0003,0.00015,430.0441154
0.00015,0.0003,0.0002,435.1241143
0.00015,0.0003,0.00025,439.9023969
0.00015,0.0003,0.0003,449.2281773
0.00015,0.0003,0.00035,470.4832893
0.00015,0.0003,0.0004,501.5982719
0.00015,0.0003,0.00045,533.0594928
0.00015,0.0003,0.0005,543.3822713
0.00015,0.0003,0.00055,554.9009545
0.00015,0.0003,0.0006,519.3244968
0.00015,0.0003,0.00065,455.2381709
0.00015,0.0003,0.0007,438.7085537
0.00015,0.0003,0.00075,410.4975226
0.00015,0.0003,0.0008,402.2977627
0.00015,0.0003,0.00085,406.1344431
0.00015,0.0003,0.0009,404.6390697
0.00015,0.0003,0.00095,405.7925694
0.00015,0.00035,5.00E-05,431.366561
0.00015,0.00035,0.0001,411.8993796
0.00015,0.00035,0.00015,413.353497
0.00015,0.00035,0.0002,412.9238559
0.00015,0.00035,0.00025,422.2342913
0.00015,0.00035,0.0003,411.7001271
0.00015,0.00035,0.00035,422.6207678
0.00015,0.00035,0.0004,451.8533649
0.00015,0.00035,0.00045,465.1169308
0.00015,0.00035,0.0005,470.1050755
0.00015,0.00035,0.00055,476.8569914
0.00015,0.00035,0.0006,420.8042507
0.00015,0.00035,0.00065,370.8093504
0.00015,0.00035,0.0007,348.8524219
0.00015,0.00035,0.00075,345.5937375
0.00015,0.00035,0.0008,333.0885557
0.00015,0.00035,0.00085,341.3982095
0.00015,0.00035,0.0009,346.1069205
0.00015,0.00035,0.00095,354.6512765
0.00015,0.0004,5.00E-05,515.1955922
0.00015,0.0004,0.0001,414.5097367
0.00015,0.0004,0.00015,392.7790689
0.00015,0.0004,0.0002,393.0891338
0.00015,0.0004,0.00025,379.2096939
0.00015,0.0004,0.0003,358.939582
0.00015,0.0004,0.00035,359.3230472
0.00015,0.0004,0.0004,378.8221262
0.00015,0.0004,0.00045,391.9221669
0.00015,0.0004,0.0005,358.7508515
0.00015,0.0004,0.00055,362.5524804
0.00015,0.0004,0.0006,308.3181825
0.00015,0.0004,0.00065,284.5761579
0.00015,0.0004,0.0007,240.4570316
0.00015,0.0004,0.00075,231.9031393
0.00015,0.0004,0.0008,228.8015779
0.00015,0.0004,0.00085,236.274378
0.00015,0.0004,0.0009,265.0822364
0.00015,0.0004,0.00095,280.1919387
0.00015,0.00045,5.00E-05,479.8924666
0.00015,0.00045,0.0001,411.7544333
0.00015,0.00045,0.00015,364.4372262
0.00015,0.00045,0.0002,350.4390041
0.00015,0.00045,0.00025,338.0872523
0.00015,0.00045,0.0003,326.7338506
0.00015,0.00045,0.00035,327.5497902
0.00015,0.00045,0.0004,323.6003174
0.00015,0.00045,0.00045,313.9510767
0.00015,0.00045,0.0005,280.7921434
0.00015,0.00045,0.00055,282.2325514
0.00015,0.00045,0.0006,210.0221607
0.00015,0.00045,0.00065,178.913948
0.00015,0.00045,0.0007,175.1230249
0.00015,0.00045,0.00075,190.5048948
0.00015,0.00045,0.0008,139.9436735
0.00015,0.00045,0.00085,150.510912
0.00015,0.00045,0.0009,372.0760154
0.00015,0.00045,0.00095,303.9193534
0.00015,0.0005,5.00E-05,464.3287601
0.00015,0.0005,0.0001,409.7682503
0.00015,0.0005,0.00015,385.9486641
0.00015,0.0005,0.0002,337.0422986
0.00015,0.0005,0.00025,360.9987702
0.00015,0.0005,0.0003,394.3362981
0.00015,0.0005,0.00035,394.2527361
0.00015,0.0005,0.0004,391.4915123
0.00015,0.0005,0.00045,282.9848583
0.00015,0.0005,0.0005,222.0049562
0.00015,0.0005,0.00055,161.025054
0.00015,0.0005,0.0006,186.7251132
0.00015,0.0005,0.00065,72.06716296
0.00015,0.0005,0.0007,177.1068977
0.00015,0.0005,0.00075,215.7717611
0.00015,0.0005,0.0008,307.5460928
0.00015,0.0005,0.00085,359.5048803
0.00015,0.0005,0.0009,582.5244022
0.00015,0.0005,0.00095,407.6213019
0.00015,0.00055,5.00E-05,428.7746183
0.00015,0.00055,0.0001,324.6203964
0.00015,0.00055,0.00015,391.3670882
0.00015,0.00055,0.0002,418.6813725
0.00015,0.00055,0.00025,452.2680425
0.00015,0.00055,0.0003,486.0192871
0.00015,0.00055,0.00035,493.5826898
0.00015,0.00055,0.0004,481.271802
0.00015,0.00055,0.00045,348.7922927
0.00015,0.00055,0.0005,213.69181
0.00015,0.00055,0.00055,157.3390448
0.00015,0.00055,0.0006,358.2020189
0.00015,0.00055,0.00065,134.9393901
0.00015,0.00055,0.0007,182.9234115
0.00015,0.00055,0.00075,523.3009693
0.00015,0.00055,0.0008,558.3263633
0.00015,0.00055,0.00085,494.0335022
0.00015,0.00055,0.0009,662.7391065
0.00015,0.00055,0.00095,613.3988084
0.00015,0.0006,5.00E-05,369.5059818
0.00015,0.0006,0.0001,266.9073512
0.00015,0.0006,0.00015,398.6561761
0.00015,0.0006,0.0002,505.7656198
0.00015,0.0006,0.00025,541.5239048
0.00015,0.0006,0.0003,577.2821897
0.00015,0.0006,0.00035,619.3567016
0.00015,0.0006,0.0004,571.0520917
0.00015,0.0006,0.00045,419.9353746
0.00015,0.0006,0.0005,244.1799777
0.00015,0.0006,0.00055,364.7289365
0.00015,0.0006,0.0006,502.7812676
0.00015,0.0006,0.00065,264.2135983
0.00015,0.0006,0.0007,489.4981397
0.00015,0.0006,0.00075,590.3348088
0.00015,0.0006,0.0008,556.4820516
0.00015,0.0006,0.00085,454.0955146
0.00015,0.0006,0.0009,596.2063319
0.00015,0.0006,0.00095,578.8520324
0.00015,0.00065,5.00E-05,253.5385125
0.00015,0.00065,0.0001,289.7675846
0.00015,0.00065,0.00015,449.5441207
0.00015,0.00065,0.0002,581.9753945
0.00015,0.00065,0.00025,630.7797671
0.00015,0.00065,0.0003,674.705477
0.00015,0.00065,0.00035,708.8931973
0.00015,0.00065,0.0004,686.6411202
0.00015,0.00065,0.00045,482.9299766
0.00015,0.00065,0.0005,321.2803374
0.00015,0.00065,0.00055,504.5855513
0.00015,0.00065,0.0006,485.7155142
0.00015,0.00065,0.00065,512.5110503
0.00015,0.00065,0.0007,538.7532397
0.00015,0.00065,0.00075,540.9190136
0.00015,0.00065,0.0008,528.9008164
0.00015,0.00065,0.00085,534.1901388
0.00015,0.00065,0.0009,554.3639547
0.00015,0.00065,0.00095,524.6183426
0.00015,0.0007,5.00E-05,235.3892929
0.00015,0.0007,0.0001,269.520085
0.00015,0.0007,0.00015,453.0104476
0.00015,0.0007,0.0002,612.4497844
0.00015,0.0007,0.00025,694.1326953
0.00015,0.0007,0.0003,717.0976302
0.00015,0.0007,0.00035,701.9140949
0.00015,0.0007,0.0004,650.5225142
0.00015,0.0007,0.00045,546.5888727
0.00015,0.0007,0.0005,446.1069407
0.00015,0.0007,0.00055,442.9302358
0.00015,0.0007,0.0006,424.0601986
0.00015,0.0007,0.00065,405.1901615
0.00015,0.0007,0.0007,505.9488457
0.00015,0.0007,0.00075,511.424939
0.00015,0.0007,0.0008,513.0113465
0.00015,0.0007,0.00085,508.3710564
0.00015,0.0007,0.0009,503.4944071
0.00015,0.0007,0.00095,476.0661824
0.00015,0.00075,5.00E-05,270.0745602
0.00015,0.00075,0.0001,284.00725
0.00015,0.00075,0.00015,453.7853768
0.00015,0.00075,0.0002,622.4011843
0.00015,0.00075,0.00025,676.0697077
0.00015,0.00075,0.0003,689.3866493
0.00015,0.00075,0.00035,664.27531
0.00015,0.00075,0.0004,637.5702162
0.00015,0.00075,0.00045,588.9507405
0.00015,0.00075,0.0005,542.3000448
0.00015,0.00075,0.00055,530.9273707
0.00015,0.00075,0.0006,516.9269145
0.00015,0.00075,0.00065,503.2536971
0.00015,0.00075,0.0007,482.9918736
0.00015,0.00075,0.00075,491.5043185
0.00015,0.00075,0.0008,486.6883644
0.00015,0.00075,0.00085,486.2134248
0.00015,0.00075,0.0009,486.1697587
0.00015,0.00075,0.00095,554.8355311
0.00015,0.0008,5.00E-05,385.9055314
0.00015,0.0008,0.0001,377.304842
0.00015,0.0008,0.00015,445.6865749
0.00015,0.0008,0.0002,591.7330065
0.00015,0.0008,0.00025,639.8784015
0.00015,0.0008,0.0003,654.5188161
0.00015,0.0008,0.00035,644.0868451
0.00015,0.0008,0.0004,617.7974397
0.00015,0.0008,0.00045,579.3574055
0.00015,0.0008,0.0005,541.770449
0.00015,0.0008,0.00055,535.5763472
0.00015,0.0008,0.0006,523.103338
0.00015,0.0008,0.00065,510.6303289
0.00015,0.0008,0.0007,494.71256
0.00015,0.0008,0.00075,486.8489331
0.00015,0.0008,0.0008,503.2487857
0.00015,0.0008,0.00085,502.249038
0.00015,0.0008,0.0009,530.1189192
0.00015,0.0008,0.00095,566.562708
0.00015,0.00085,5.00E-05,408.6066528
0.00015,0.00085,0.0001,427.7787689
0.00015,0.00085,0.00015,453.3715643
0.00015,0.00085,0.0002,639.7668923
0.00015,0.00085,0.00025,640.3898471
0.00015,0.00085,0.0003,650.3882781
0.00015,0.00085,0.00035,623.9592037
0.00015,0.00085,0.0004,597.6697983
0.00015,0.00085,0.00045,561.0210112
0.00015,0.00085,0.0005,541.2408531
0.00015,0.00085,0.00055,534.8054694
0.00015,0.00085,0.0006,522.3324603
0.00015,0.00085,0.00065,508.4891248
0.00015,0.00085,0.0007,495.0941802
0.00015,0.00085,0.00075,476.8385296
0.00015,0.00085,0.0008,491.2031443
0.00015,0.00085,0.00085,512.9759653
0.00015,0.00085,0.0009,550.357165
0.00015,0.00085,0.00095,582.1525001
0.00015,0.0009,5.00E-05,411.1844957
0.00015,0.0009,0.0001,434.3745495
0.00015,0.0009,0.00015,513.5575298
0.00015,0.0009,0.0002,622.3656648
0.00015,0.0009,0.00025,645.8697234
0.00015,0.0009,0.0003,640.3069601
0.00015,0.0009,0.00035,608.7589759
0.00015,0.0009,0.0004,577.2905682
0.00015,0.0009,0.00045,532.0203355
0.00015,0.0009,0.0005,535.2021543
0.00015,0.0009,0.00055,533.8472173
0.00015,0.0009,0.0006,519.7474364
0.00015,0.0009,0.00065,506.8623838
0.00015,0.0009,0.0007,495.4758005
0.00015,0.0009,0.00075,477.2201498
0.00015,0.0009,0.0008,487.1876915
0.00015,0.0009,0.00085,514.0861944
0.00015,0.0009,0.0009,554.9940937
0.00015,0.0009,0.00095,589.9454901
0.00015,0.00095,0.0001,417.0852892
0.00015,0.00095,0.00015,499.5449603
0.00015,0.00095,0.0002,587.1003798
0.00015,0.00095,0.00025,669.5313804
0.00015,0.00095,0.0003,666.4730982
0.00015,0.00095,0.00035,640.538219
0.00015,0.00095,0.0004,617.9156778
0.00015,0.00095,0.00045,596.8258635
0.00015,0.00095,0.0005,575.7360492
0.00015,0.00095,0.00055,554.6462349
0.00015,0.00095,0.0006,533.5564206
0.00015,0.00095,0.00065,512.4666064
0.00015,0.00095,0.0007,495.6524426
0.00015,0.00095,0.00075,487.588879
0.00015,0.00095,0.0008,488.2979205
0.00015,0.00095,0.00085,514.1958656
0.00015,0.00095,0.0009,545.5476161
0.00015,0.00095,0.00095,585.5757472
0.0002,5.00E-05,5.00E-05,625.5621363
0.0002,5.00E-05,0.0001,550.4011763
0.0002,5.00E-05,0.00015,515.9305102
0.0002,5.00E-05,0.0002,500.4114271
0.0002,5.00E-05,0.00025,490.8518997
0.0002,5.00E-05,0.0003,510.627606
0.0002,5.00E-05,0.00035,529.6515791
0.0002,5.00E-05,0.0004,545.9102462
0.0002,5.00E-05,0.00045,564.0168308
0.0002,5.00E-05,0.0005,575.0761276
0.0002,5.00E-05,0.00055,587.4461398
0.0002,5.00E-05,0.0006,620.909815
0.0002,5.00E-05,0.00065,645.1934921
0.0002,5.00E-05,0.0007,660.9665644
0.0002,5.00E-05,0.00075,671.2412537
0.0002,5.00E-05,0.0008,670.2327635
0.0002,5.00E-05,0.00085,678.8254436
0.0002,5.00E-05,0.0009,688.6364345
0.0002,5.00E-05,0.00095,697.1908491
0.0002,0.0001,5.00E-05,551.2146268
0.0002,0.0001,0.0001,508.5686714
0.0002,0.0001,0.00015,472.5044031
0.0002,0.0001,0.0002,457.4815085
0.0002,0.0001,0.00025,473.4458005
0.0002,0.0001,0.0003,493.2172257
0.0002,0.0001,0.00035,524.5083178
0.0002,0.0001,0.0004,542.9025371
0.0002,0.0001,0.00045,561.0091217
0.0002,0.0001,0.0005,569.0302793
0.0002,0.0001,0.00055,589.6908096
0.0002,0.0001,0.0006,626.3434782
0.0002,0.0001,0.00065,656.256469
0.0002,0.0001,0.0007,644.2174018
0.0002,0.0001,0.00075,639.6857089
0.0002,0.0001,0.0008,635.6042875
0.0002,0.0001,0.00085,629.5637987
0.0002,0.0001,0.0009,635.4963014
0.0002,0.0001,0.00095,641.4288041
0.0002,0.00015,5.00E-05,538.8271773
0.0002,0.00015,0.0001,503.5336618
0.0002,0.00015,0.00015,469.5694184
0.0002,0.00015,0.0002,454.5628685
0.0002,0.00015,0.00025,457.23019
0.0002,0.00015,0.0003,473.2795861
0.0002,0.00015,0.00035,507.6099526
0.0002,0.00015,0.0004,539.6261643
0.0002,0.00015,0.00045,557.0296897
0.0002,0.00015,0.0005,577.5543438
0.0002,0.00015,0.00055,614.510999
0.0002,0.00015,0.0006,650.875434
0.0002,0.00015,0.00065,625.7948597
0.0002,0.00015,0.0007,596.6445516
0.0002,0.00015,0.00075,595.6214986
0.0002,0.00015,0.0008,591.5637775
0.0002,0.00015,0.00085,585.7384366
0.0002,0.00015,0.0009,591.6709393
0.0002,0.00015,0.00095,573.120775
0.0002,0.0002,5.00E-05,532.5443151
0.0002,0.0002,0.0001,497.3736408
0.0002,0.0002,0.00015,462.2029665
0.0002,0.0002,0.0002,451.2298045
0.0002,0.0002,0.00025,453.8934677
0.0002,0.0002,0.0003,456.5571309
0.0002,0.0002,0.00035,490.3205888
0.0002,0.0002,0.0004,525.4551358
0.0002,0.0002,0.00045,560.4810506
0.0002,0.0002,0.0005,597.4940205
0.0002,0.0002,0.00055,634.5069904
0.0002,0.0002,0.0006,617.9520572
0.0002,0.0002,0.00065,580.6782317
0.0002,0.0002,0.0007,548.6050066
0.0002,0.0002,0.00075,547.5819536
0.0002,0.0002,0.0008,546.5589006
0.0002,0.0002,0.00085,533.0379713
0.0002,0.0002,0.0009,515.9133027
0.0002,0.0002,0.00095,498.7886341
0.0002,0.00025,5.00E-05,448.08026
0.0002,0.00025,0.0001,440.7153386
0.0002,0.00025,0.00015,445.2082816
0.0002,0.00025,0.0002,449.4984719
0.0002,0.00025,0.00025,452.1621351
0.0002,0.00025,0.0003,461.4194355
0.0002,0.00025,0.00035,495.2065127
0.0002,0.00025,0.0004,523.7376783
0.0002,0.00025,0.00045,550.9899599
0.0002,0.00025,0.0005,587.9822312
0.0002,0.00025,0.00055,602.3559251
0.0002,0.00025,0.0006,578.0336583
0.0002,0.00025,0.00065,540.7431458
0.0002,0.00025,0.0007,478.6570667
0.0002,0.00025,0.00075,473.0639024
0.0002,0.00025,0.0008,465.024411
0.0002,0.00025,0.00085,458.6901753
0.0002,0.00025,0.0009,447.0128183
0.0002,0.00025,0.00095,437.6262044
0.0002,0.0003,5.00E-05,434.5024112
0.0002,0.0003,0.0001,438.9953542
0.0002,0.0003,0.00015,443.4882971
0.0002,0.0003,0.0002,447.7671393
0.0002,0.0003,0.00025,457.0000483
0.0002,0.0003,0.0003,466.3052683
0.0002,0.0003,0.00035,493.5720274
0.0002,0.0003,0.0004,515.476693
0.0002,0.0003,0.00045,542.7381012
0.0002,0.0003,0.0005,557.2261817
0.0002,0.0003,0.00055,565.4777802
0.0002,0.0003,0.0006,537.4536414
0.0002,0.0003,0.00065,459.370582
0.0002,0.0003,0.0007,393.1995894
0.0002,0.0003,0.00075,388.406396
0.0002,0.0003,0.0008,382.6967144
0.0002,0.0003,0.00085,377.2955059
0.0002,0.0003,0.0009,375.0952182
0.0002,0.0003,0.00095,412.4506776
0.0002,0.00035,5.00E-05,441.9928196
0.0002,0.00035,0.0001,421.2301903
0.0002,0.00035,0.00015,428.9100227
0.0002,0.00035,0.0002,429.0281428
0.0002,0.00035,0.00025,438.3688519
0.0002,0.00035,0.0003,444.0585586
0.0002,0.00035,0.00035,455.0085332
0.0002,0.00035,0.0004,476.9829384
0.0002,0.00035,0.00045,481.3979052
0.0002,0.00035,0.0005,486.4179503
0.0002,0.00035,0.00055,494.7809727
0.0002,0.00035,0.0006,438.9409358
0.0002,0.00035,0.00065,360.9104977
0.0002,0.00035,0.0007,332.9152913
0.0002,0.00035,0.00075,323.5754447
0.0002,0.00035,0.0008,303.5540302
0.0002,0.00035,0.00085,309.7645214
0.0002,0.00035,0.0009,318.053139
0.0002,0.00035,0.00095,347.7812733
0.0002,0.0004,5.00E-05,478.8464646
0.0002,0.0004,0.0001,401.4284155
0.0002,0.0004,0.00015,403.2832072
0.0002,0.0004,0.0002,393.8276215
0.0002,0.0004,0.00025,385.5406144
0.0002,0.0004,0.0003,391.2980134
0.0002,0.0004,0.00035,391.6981931
0.0002,0.0004,0.0004,403.9638849
0.0002,0.0004,0.00045,408.2031413
0.0002,0.0004,0.0005,375.0318259
0.0002,0.0004,0.00055,380.4735807
0.0002,0.0004,0.0006,324.6477993
0.0002,0.0004,0.00065,244.6518645
0.0002,0.0004,0.0007,339.4070325
0.0002,0.0004,0.00075,341.656545
0.0002,0.0004,0.0008,320.5136842
0.0002,0.0004,0.00085,204.5514253
0.0002,0.0004,0.0009,242.5290276
0.0002,0.0004,0.00095,262.3583369
0.0002,0.00045,5.00E-05,461.3295384
0.0002,0.00045,0.0001,399.4422325
0.0002,0.00045,0.00015,377.6563918
0.0002,0.00045,0.0002,364.709806
0.0002,0.00045,0.00025,350.239744
0.0002,0.00045,0.0003,338.5374683
0.0002,0.00045,0.00035,338.9709592
0.0002,0.00045,0.0004,340.4563764
0.0002,0.00045,0.00045,335.0083775
0.0002,0.00045,0.0005,301.8370621
0.0002,0.00045,0.00055,268.6657467
0.0002,0.00045,0.0006,208.2009939
0.0002,0.00045,0.00065,260.9545743
0.0002,0.00045,0.0007,341.3909052
0.0002,0.00045,0.00075,359.7376453
0.0002,0.00045,0.0008,321.5252402
0.0002,0.00045,0.00085,166.1449988
0.0002,0.00045,0.0009,296.0459863
0.0002,0.00045,0.00095,379.7619175
0.0002,0.0005,5.00E-05,425.7753966
0.0002,0.0005,0.0001,386.9891417
0.0002,0.0005,0.00015,350.0430087
0.0002,0.0005,0.0002,337.2756861
0.0002,0.0005,0.00025,370.613214
0.0002,0.0005,0.0003,403.9507419
0.0002,0.0005,0.00035,406.5893168
0.0002,0.0005,0.0004,407.8679567
0.0002,0.0005,0.00045,371.256304
0.0002,0.0005,0.0005,338.0193053
0.0002,0.0005,0.00055,306.0894861
0.0002,0.0005,0.0006,114.439749
0.0002,0.0005,0.00065,280.2257595
0.0002,0.0005,0.0007,343.3747779
0.0002,0.0005,0.00075,375.902323
0.0002,0.0005,0.0008,394.1252798
0.0002,0.0005,0.00085,347.4393328
0.0002,0.0005,0.0009,558.3620973
0.0002,0.0005,0.00095,484.9891157
0.0002,0.00055,5.00E-05,384.7070565
0.0002,0.00055,0.0001,345.1108718
0.0002,0.00055,0.00015,387.9763584
0.0002,0.00055,0.0002,431.1179005
0.0002,0.00055,0.00025,464.3301593
0.0002,0.00055,0.0003,497.5424182
0.0002,0.00055,0.00035,502.5293597
0.0002,0.00055,0.0004,503.7952554
0.0002,0.00055,0.00045,500.2651596
0.0002,0.00055,0.0005,430.3959263
0.0002,0.00055,0.00055,325.9829055
0.0002,0.00055,0.0006,21.36916266
0.0002,0.00055,0.00065,6.621151005
0.0002,0.00055,0.0007,140.0169815
0.0002,0.00055,0.00075,554.5427094
0.0002,0.00055,0.0008,564.3949331
0.0002,0.00055,0.00085,469.3987965
0.0002,0.00055,0.0009,616.258809
0.0002,0.00055,0.00095,630.4167082
0.0002,0.0006,5.00E-05,336.1630583
0.0002,0.0006,0.0001,295.9871961
0.0002,0.0006,0.00015,432.4804565
0.0002,0.0006,0.0002,518.2505346
0.0002,0.0006,0.00025,559.0011336
0.0002,0.0006,0.0003,592.2133925
0.0002,0.0006,0.00035,598.55401
0.0002,0.0006,0.0004,599.7225541
0.0002,0.0006,0.00045,607.7984862
0.0002,0.0006,0.0005,522.7725472
0.0002,0.0006,0.00055,422.0125196
0.0002,0.0006,0.0006,155.5322258
0.0002,0.0006,0.00065,-44.34844373
0.0002,0.0006,0.0007,315.6727007
0.0002,0.0006,0.00075,565.2647402
0.0002,0.0006,0.0008,553.2857578
0.0002,0.0006,0.00085,549.324105
0.0002,0.0006,0.0009,564.82032
0.0002,0.0006,0.00095,561.2096522
0.0002,0.00065,5.00E-05,220.316623
0.0002,0.00065,0.0001,331.415669
0.0002,0.00065,0.00015,476.9845545
0.0002,0.00065,0.0002,600.3272449
0.0002,0.00065,0.00025,644.5769103
0.0002,0.00065,0.0003,686.8843667
0.0002,0.00065,0.00035,694.5786604
0.0002,0.00065,0.0004,680.8125484
0.0002,0.00065,0.00045,652.3513835
0.0002,0.00065,0.0005,612.1587291
0.0002,0.00065,0.00055,583.0201346
0.0002,0.00065,0.0006,430.2242195
0.0002,0.00065,0.00065,193.6624072
0.0002,0.00065,0.0007,431.8161843
0.0002,0.00065,0.00075,532.751578
0.0002,0.00065,0.0008,524.155188
0.0002,0.00065,0.00085,523.6352619
0.0002,0.00065,0.0009,500.2827028
0.0002,0.00065,0.00095,504.3814173
0.0002,0.0007,5.00E-05,192.0528278
0.0002,0.0007,0.0001,202.4666678
0.0002,0.0007,0.00015,429.1113852
0.0002,0.0007,0.0002,668.5196736
0.0002,0.0007,0.00025,691.9953256
0.0002,0.0007,0.0003,714.7815389
0.0002,0.0007,0.00035,688.8810964
0.0002,0.0007,0.0004,659.0960465
0.0002,0.0007,0.00045,609.2189261
0.0002,0.0007,0.0005,577.914492
0.0002,0.0007,0.00055,552.5520832
0.0002,0.0007,0.0006,540.1747324
0.0002,0.0007,0.00065,449.3781736
0.0002,0.0007,0.0007,516.910911
0.0002,0.0007,0.00075,507.70273
0.0002,0.0007,0.0008,499.4234613
0.0002,0.0007,0.00085,498.1999663
0.0002,0.0007,0.0009,446.4129118
0.0002,0.0007,0.00095,421.7847579
0.0002,0.00075,5.00E-05,213.2299428
0.0002,0.00075,0.0001,178.4405294
0.0002,0.00075,0.00015,511.0095878
0.0002,0.00075,0.0002,653.3490124
0.0002,0.00075,0.00025,677.89648
0.0002,0.00075,0.0003,701.788733
0.0002,0.00075,0.00035,670.8129952
0.0002,0.00075,0.0004,645.2682575
0.0002,0.00075,0.00045,596.8258632
0.0002,0.00075,0.0005,555.1945351
0.0002,0.00075,0.00055,541.5736664
0.0002,0.00075,0.0006,527.9527978
0.0002,0.00075,0.00065,514.3319291
0.0002,0.00075,0.0007,504.6180797
0.0002,0.00075,0.00075,495.5998763
0.0002,0.00075,0.0008,473.5436192
0.0002,0.00075,0.00085,482.822331
0.0002,0.00075,0.0009,419.713031
0.0002,0.00075,0.00095,434.3319396
0.0002,0.0008,5.00E-05,332.7761141
0.0002,0.0008,0.0001,357.5795201
0.0002,0.0008,0.00015,512.3902526
0.0002,0.0008,0.0002,637.9560111
0.0002,0.0008,0.00025,669.3649497
0.0002,0.0008,0.0003,675.7463105
0.0002,0.0008,0.00035,654.5133936
0.0002,0.0008,0.0004,625.548224
0.0002,0.0008,0.00045,586.1613248
0.0002,0.0008,0.0005,551.1718007
0.0002,0.0008,0.00055,537.550932
0.0002,0.0008,0.0006,522.4003674
0.0002,0.0008,0.00065,508.3005865
0.0002,0.0008,0.0007,497.3694741
0.0002,0.0008,0.00075,506.2785327
0.0002,0.0008,0.0008,517.9179451
0.0002,0.0008,0.00085,510.3164697
0.0002,0.0008,0.0009,483.152338
0.0002,0.0008,0.00095,495.4056937
0.0002,0.00085,5.00E-05,421.5404074
0.0002,0.00085,0.0001,432.1910626
0.0002,0.00085,0.00015,510.928942
0.0002,0.00085,0.0002,640.2903053
0.0002,0.00085,0.00025,671.5221658
0.0002,0.00085,0.0003,672.1165383
0.0002,0.00085,0.00035,641.279291
0.0002,0.00085,0.0004,607.499789
0.0002,0.00085,0.00045,575.4967863
0.0002,0.00085,0.0005,547.1490663
0.0002,0.00085,0.00055,533.658679
0.0002,0.00085,0.0006,519.5588981
0.0002,0.00085,0.00065,505.8689245
0.0002,0.00085,0.0007,496.0142287
0.0002,0.00085,0.00075,493.5187828
0.0002,0.00085,0.0008,508.6377338
0.0002,0.00085,0.00085,527.3129033
0.0002,0.00085,0.0009,533.1651125
0.0002,0.00085,0.00095,579.9248495
0.0002,0.0009,5.00E-05,439.1948315
0.0002,0.0009,0.0001,443.2231564
0.0002,0.0009,0.00015,488.5859938
0.0002,0.0009,0.0002,596.6176247
0.0002,0.0009,0.00025,674.4482436
0.0002,0.0009,0.0003,655.8338564
0.0002,0.0009,0.00035,623.7900053
0.0002,0.0009,0.0004,591.7492623
0.0002,0.0009,0.00045,560.7102701
0.0002,0.0009,0.0005,544.9169906
0.0002,0.0009,0.00055,530.8172097
0.0002,0.0009,0.0006,516.7174289
0.0002,0.0009,0.00065,504.5136791
0.0002,0.0009,0.0007,494.6589834
0.0002,0.0009,0.00075,482.2470956
0.0002,0.0009,0.0008,497.8582649
0.0002,0.0009,0.00085,514.7981876
0.0002,0.0009,0.0009,534.6741578
0.0002,0.0009,0.00095,572.7504744
0.0002,0.00095,0.0001,463.6384714
0.0002,0.00095,0.00015,430.5577126
0.0002,0.00095,0.0002,528.6488546
0.0002,0.00095,0.00025,624.8892022
0.0002,0.00095,0.0003,680.3158132
0.0002,0.00095,0.00035,654.5588928
0.0002,0.00095,0.0004,628.4902887
0.0002,0.00095,0.00045,602.1353316
0.0002,0.00095,0.0005,575.7803744
0.0002,0.00095,0.00055,549.4254173
0.0002,0.00095,0.0006,527.6515075
0.0002,0.00095,0.00065,507.3193144
0.0002,0.00095,0.0007,493.303738
0.0002,0.00095,0.00075,481.2516622
0.0002,0.00095,0.0008,491.6071741
0.0002,0.00095,0.00085,516.2459311
0.0002,0.00095,0.0009,541.7913948
0.0002,0.00095,0.00095,573.410614
0.00025,5.00E-05,5.00E-05,650.7271612
0.00025,5.00E-05,0.0001,536.004442
0.00025,5.00E-05,0.00015,501.5337759
0.00025,5.00E-05,0.0002,476.1292683
0.00025,5.00E-05,0.00025,495.9049746
0.00025,5.00E-05,0.0003,514.930064
0.00025,5.00E-05,0.00035,529.8498799
0.00025,5.00E-05,0.0004,540.8336105
0.00025,5.00E-05,0.00045,556.8097294
0.00025,5.00E-05,0.0005,571.8941377
0.00025,5.00E-05,0.00055,600.6288953
0.00025,5.00E-05,0.0006,621.9346927
0.00025,5.00E-05,0.00065,648.6488789
0.00025,5.00E-05,0.0007,663.8441721
0.00025,5.00E-05,0.00075,668.8493372
0.00025,5.00E-05,0.0008,667.8408471
0.00025,5.00E-05,0.00085,676.4503447
0.00025,5.00E-05,0.0009,686.2613357
0.00025,5.00E-05,0.00095,695.8947681
0.00025,0.0001,5.00E-05,528.6347147
0.00025,0.0001,0.0001,491.9808673
0.00025,0.0001,0.00015,467.8646451
0.00025,0.0001,0.0002,473.2671605
0.00025,0.0001,0.00025,492.5764799
0.00025,0.0001,0.0003,511.7410019
0.00025,0.0001,0.00035,519.3232218
0.00025,0.0001,0.0004,535.6954358
0.00025,0.0001,0.00045,552.8282021
0.00025,0.0001,0.0005,560.467166
0.00025,0.0001,0.00055,568.6456093
0.00025,0.0001,0.0006,599.6437391
0.00025,0.0001,0.00065,632.1549078
0.00025,0.0001,0.0007,631.0698202
0.00025,0.0001,0.00075,620.4291074
0.00025,0.0001,0.0008,617.6085771
0.00025,0.0001,0.00085,613.2119063
0.00025,0.0001,0.0009,612.6954779
0.00025,0.0001,0.00095,620.8142764
0.00025,0.00015,5.00E-05,522.8264029
0.00025,0.00015,0.0001,487.3418504
0.00025,0.00015,0.00015,465.2185311
0.00025,0.00015,0.0002,463.5515238
0.00025,0.00015,0.00025,476.2553302
0.00025,0.00015,0.0003,495.5735539
0.00025,0.00015,0.00035,505.1379868
0.00025,0.00015,0.0004,534.4113687
0.00025,0.00015,0.00045,548.4629347
0.00025,0.00015,0.0005,558.002771
0.00025,0.00015,0.00055,579.8490033
0.00025,0.00015,0.0006,615.2047985
0.00025,0.00015,0.00065,620.4277348
0.00025,0.00015,0.0007,591.7609027
0.00025,0.00015,0.00075,581.0404493
0.00025,0.00015,0.0008,570.6926034
0.00025,0.00015,0.00085,563.8934534
0.00025,0.00015,0.0009,554.3019417
0.00025,0.00015,0.00095,550.9656443
0.00025,0.0002,5.00E-05,515.1381633
0.00025,0.0002,0.0001,479.9674889
0.00025,0.0002,0.00015,461.5891406
0.00025,0.0002,0.0002,468.1611853
0.00025,0.0002,0.00025,475.1459289
0.00025,0.0002,0.0003,477.7881121
0.00025,0.0002,0.00035,486.1278942
0.00025,0.0002,0.0004,521.2640681
0.00025,0.0002,0.00045,543.3645121
0.00025,0.0002,0.0005,563.6657613
0.00025,0.0002,0.00055,600.7160525
0.00025,0.0002,0.0006,601.5078025
0.00025,0.0002,0.00065,579.7545567
0.00025,0.0002,0.0007,548.2968679
0.00025,0.0002,0.00075,546.4478724
0.00025,0.0002,0.0008,531.1344788
0.00025,0.0002,0.00085,516.4244416
0.00025,0.0002,0.0009,503.1269837
0.00025,0.0002,0.00095,492.596679
0.00025,0.00025,5.00E-05,458.4496761
0.00025,0.00025,0.0001,451.047798
0.00025,0.00025,0.00015,447.8254811
0.00025,0.00025,0.0002,465.9862381
0.00025,0.00025,0.00025,479.912595
0.00025,0.00025,0.0003,483.2416588
0.00025,0.00025,0.00035,486.5358011
0.00025,0.00025,0.0004,521.670354
0.00025,0.00025,0.00045,523.0739908
0.00025,0.00025,0.0005,509.6398992
0.00025,0.00025,0.00055,546.6324183
0.00025,0.00025,0.0006,522.1384194
0.00025,0.00025,0.00065,490.9117014
0.00025,0.00025,0.0007,472.8413701
0.00025,0.00025,0.00075,467.5819376
0.00025,0.00025,0.0008,451.2920937
0.00025,0.00025,0.00085,439.4296714
0.00025,0.00025,0.0009,429.2443289
0.00025,0.00025,0.00095,418.2278861
0.00025,0.0003,5.00E-05,440.7012904
0.00025,0.0003,0.0001,445.1735216
0.00025,0.0003,0.00015,446.0931596
0.00025,0.0003,0.0002,464.253963
0.00025,0.0003,0.00025,478.8817348
0.00025,0.0003,0.0003,488.1869184
0.00025,0.0003,0.00035,491.4024193
0.00025,0.0003,0.0004,520.0026678
0.00025,0.0003,0.00045,514.7339603
0.00025,0.0003,0.0005,501.1579394
0.00025,0.0003,0.00055,512.5076417
0.00025,0.0003,0.0006,482.6055979
0.00025,0.0003,0.00065,408.1569478
0.00025,0.0003,0.0007,394.8206129
0.00025,0.0003,0.00075,380.4970314
0.00025,0.0003,0.0008,375.2542915
0.00025,0.0003,0.00085,368.9053417
0.00025,0.0003,0.0009,347.6289413
0.00025,0.0003,0.00095,394.5008447
0.00025,0.00035,5.00E-05,452.6190783
0.00025,0.00035,0.0001,430.5930612
0.00025,0.00035,0.00015,434.5253562
0.00025,0.00035,0.0002,444.8808608
0.00025,0.00035,0.00025,463.3298074
0.00025,0.00035,0.0003,472.6639147
0.00025,0.00035,0.00035,448.3433438
0.00025,0.00035,0.0004,470.3508887
0.00025,0.00035,0.00045,465.0968944
0.00025,0.00035,0.0005,465.8668215
0.00025,0.00035,0.00055,460.7930873
0.00025,0.00035,0.0006,429.3441635
0.00025,0.00035,0.00065,358.3055594
0.00025,0.00035,0.0007,301.063748
0.00025,0.00035,0.00075,290.943524
0.00025,0.00035,0.0008,285.5299396
0.00025,0.00035,0.00085,288.1050203
0.00025,0.00035,0.0009,285.9459693
0.00025,0.00035,0.00095,303.1836534
0.00025,0.0004,5.00E-05,457.254248
0.00025,0.0004,0.0001,404.9662457
0.00025,0.0004,0.00015,407.2030598
0.00025,0.0004,0.0002,398.7173231
0.00025,0.0004,0.00025,415.5564951
0.00025,0.0004,0.0003,424.8971305
0.00025,0.0004,0.00035,370.5318069
0.00025,0.0004,0.0004,382.8054568
0.00025,0.0004,0.00045,385.3583794
0.00025,0.0004,0.0005,386.5609294
0.00025,0.0004,0.00055,346.1363631
0.00025,0.0004,0.0006,314.7588109
0.00025,0.0004,0.00065,242.4436008
0.00025,0.0004,0.0007,361.8080143
0.00025,0.0004,0.00075,341.9705937
0.00025,0.0004,0.0008,323.9319739
0.00025,0.0004,0.00085,200.8134001
0.00025,0.0004,0.0009,211.7541614
0.00025,0.0004,0.00095,230.9691967
0.00025,0.00045,5.00E-05,422.7761748
0.00025,0.00045,0.0001,383.9877413
0.00025,0.00045,0.00015,379.8465535
0.00025,0.00045,0.0002,368.6464773
0.00025,0.00045,0.00025,355.4118377
0.00025,0.00045,0.0003,372.1888146
0.00025,0.00045,0.00035,317.6677248
0.00025,0.00045,0.0004,319.1074441
0.00025,0.00045,0.00045,312.0304147
0.00025,0.00045,0.0005,278.8258234
0.00025,0.00045,0.00055,258.3955029
0.00025,0.00045,0.0006,220.0475868
0.00025,0.00045,0.00065,213.5163051
0.00025,0.00045,0.0007,385.5089291
0.00025,0.00045,0.00075,421.2285964
0.00025,0.00045,0.0008,329.8788626
0.00025,0.00045,0.00085,151.1497598
0.00025,0.00045,0.0009,170.6053933
0.00025,0.00045,0.00095,196.6329829
0.00025,0.0005,5.00E-05,376.0379932
0.00025,0.0005,0.0001,349.674429
0.00025,0.0005,0.00015,352.1973112
0.00025,0.0005,0.0002,372.9400647
0.00025,0.0005,0.00025,407.0710977
0.00025,0.0005,0.0003,442.6439295
0.00025,0.0005,0.00035,408.1863665
0.00025,0.0005,0.0004,402.1814312
0.00025,0.0005,0.00045,241.89117
0.00025,0.0005,0.0005,198.6139108
0.00025,0.0005,0.00055,177.5903027
0.00025,0.0005,0.0006,148.0442871
0.00025,0.0005,0.00065,193.7532102
0.00025,0.0005,0.0007,409.209844
0.00025,0.0005,0.00075,500.5535323
0.00025,0.0005,0.0008,340.724035
0.00025,0.0005,0.00085,170.2979481
0.00025,0.0005,0.0009,295.1562745
0.00025,0.0005,0.00095,348.7460059
0.00025,0.00055,5.00E-05,328.4920604
0.00025,0.00055,0.0001,319.417001
0.00025,0.00055,0.00015,432.6221752
0.00025,0.00055,0.0002,475.2616686
0.00025,0.00055,0.00025,505.3910375
0.00025,0.00055,0.0003,542.2278681
0.00025,0.00055,0.00035,534.6755676
0.00025,0.00055,0.0004,515.7753341
0.00025,0.00055,0.00045,306.9185238
0.00025,0.00055,0.0005,271.8947274
0.00025,0.00055,0.00055,117.2127342
0.00025,0.00055,0.0006,9.746386924
0.00025,0.00055,0.00065,61.58674938
0.00025,0.00055,0.0007,336.0336993
0.00025,0.00055,0.00075,572.4430489
0.00025,0.00055,0.0008,440.7483648
0.00025,0.00055,0.00085,309.0536807
0.00025,0.00055,0.0009,470.0481528
0.00025,0.00055,0.00095,526.2944834
0.00025,0.0006,5.00E-05,286.6366909
0.00025,0.0006,0.0001,391.3381294
0.00025,0.0006,0.00015,518.1277993
0.00025,0.0006,0.0002,568.2957336
0.00025,0.0006,0.00025,603.7109772
0.00025,0.0006,0.0003,630.63565
0.00025,0.0006,0.00035,644.4298243
0.00025,0.0006,0.0004,561.6645288
0.00025,0.0006,0.00045,468.0899862
0.00025,0.0006,0.0005,419.3714448
0.00025,0.0006,0.00055,100.2609723
0.00025,0.0006,0.0006,-44.58073591
0.00025,0.0006,0.00065,12.03412151
0.00025,0.0006,0.0007,324.0266923
0.00025,0.0006,0.00075,553.9628187
0.00025,0.0006,0.0008,554.5650026
0.00025,0.0006,0.00085,513.5234212
0.00025,0.0006,0.0009,506.5718335
0.00025,0.0006,0.00095,545.2266838
0.00025,0.00065,5.00E-05,325.4681464
0.00025,0.00065,0.0001,441.6635106
0.00025,0.00065,0.00015,564.232517
0.00025,0.00065,0.0002,650.9175833
0.00025,0.00065,0.00025,693.7008251
0.00025,0.00065,0.0003,725.4751958
0.00025,0.00065,0.00035,733.8825285
0.00025,0.00065,0.0004,705.2995368
0.00025,0.00065,0.00045,612.9455855
0.00025,0.00065,0.0005,564.2831368
0.00025,0.00065,0.00055,346.163656
0.00025,0.00065,0.0006,203.7441177
0.00025,0.00065,0.00065,227.9689526
0.00025,0.00065,0.0007,461.6914853
0.00025,0.00065,0.00075,531.7392455
0.00025,0.00065,0.0008,519.8516056
0.00025,0.00065,0.00085,530.0525385
0.00025,0.00065,0.0009,523.4007269
0.00025,0.00065,0.00095,511.7614888
0.00025,0.0007,5.00E-05,233.9418636
0.00025,0.0007,0.0001,273.827893
0.00025,0.0007,0.00015,492.4463462
0.00025,0.0007,0.0002,706.8932231
0.00025,0.0007,0.00025,725.6473006
0.00025,0.0007,0.0003,732.6408229
0.00025,0.0007,0.00035,700.0714668
0.00025,0.0007,0.0004,671.129843
0.00025,0.0007,0.00045,641.7348302
0.00025,0.0007,0.0005,609.3653775
0.00025,0.0007,0.00055,574.6142141
0.00025,0.0007,0.0006,459.9860239
0.00025,0.0007,0.00065,471.9335293
0.00025,0.0007,0.0007,524.6098331
0.00025,0.0007,0.00075,509.5156723
0.00025,0.0007,0.0008,494.4215116
0.00025,0.0007,0.00085,492.4081044
0.00025,0.0007,0.0009,443.1678431
0.00025,0.0007,0.00095,446.5804505
0.00025,0.00075,5.00E-05,297.4408659
0.00025,0.00075,0.0001,269.4715764
0.00025,0.00075,0.00015,575.5546499
0.00025,0.00075,0.0002,679.8115819
0.00025,0.00075,0.00025,709.3628766
0.00025,0.00075,0.0003,712.3596499
0.00025,0.00075,0.00035,683.4245587
0.00025,0.00075,0.0004,652.9662988
0.00025,0.00075,0.00045,614.4841247
0.00025,0.00075,0.0005,586.2139797
0.00025,0.00075,0.00055,564.268802
0.00025,0.00075,0.0006,542.5193594
0.00025,0.00075,0.00065,532.2529935
0.00025,0.00075,0.0007,521.5125552
0.00025,0.00075,0.00075,502.0641332
0.00025,0.00075,0.0008,483.8271066
0.00025,0.00075,0.00085,478.8331137
0.00025,0.00075,0.0009,466.0165627
0.00025,0.00075,0.00095,469.8475559
0.00025,0.0008,5.00E-05,348.907867
0.00025,0.0008,0.0001,374.13981
0.00025,0.0008,0.00015,564.4617283
0.00025,0.0008,0.0002,659.2862314
0.00025,0.0008,0.00025,686.2987136
0.00025,0.0008,0.0003,688.703502
0.00025,0.0008,0.00035,672.665461
0.00025,0.0008,0.0004,638.2621506
0.00025,0.0008,0.00045,605.1315491
0.00025,0.0008,0.0005,574.5118296
0.00025,0.0008,0.00055,550.1512465
0.00025,0.0008,0.0006,528.4018039
0.00025,0.0008,0.00065,506.6523612
0.00025,0.0008,0.0007,513.1487
0.00025,0.0008,0.00075,513.8168697
0.00025,0.0008,0.0008,507.6595628
0.00025,0.0008,0.00085,498.426652
0.00025,0.0008,0.0009,513.9590228
0.00025,0.0008,0.00095,545.6642421
0.00025,0.00085,5.00E-05,461.3642979
0.00025,0.00085,0.0001,473.4169914
0.00025,0.00085,0.00015,566.4926744
0.00025,0.00085,0.0002,679.1500928
0.00025,0.00085,0.00025,682.0948206
0.00025,0.00085,0.0003,678.8843078
0.00025,0.00085,0.00035,661.0481538
0.00025,0.00085,0.0004,626.1483499
0.00025,0.00085,0.00045,589.8371615
0.00025,0.00085,0.0005,559.4401745
0.00025,0.00085,0.00055,536.033691
0.00025,0.00085,0.0006,516.5288906
0.00025,0.00085,0.00065,503.5202198
0.00025,0.00085,0.0007,502.4085223
0.00025,0.00085,0.00075,511.4603198
0.00025,0.00085,0.0008,527.7216961
0.00025,0.00085,0.00085,520.1279445
0.00025,0.00085,0.0009,516.7779608
0.00025,0.00085,0.00095,541.8269506
0.00025,0.0009,5.00E-05,501.7567355
0.00025,0.0009,0.0001,451.5427713
0.00025,0.0009,0.00015,553.922052
0.00025,0.0009,0.0002,704.620349
0.00025,0.0009,0.00025,702.6854073
0.00025,0.0009,0.0003,678.5882013
0.00025,0.0009,0.00035,647.7432058
0.00025,0.0009,0.0004,616.8982103
0.00025,0.0009,0.00045,582.4912154
0.00025,0.0009,0.0005,545.3272634
0.00025,0.0009,0.00055,527.7872022
0.00025,0.0009,0.0006,513.6874213
0.00025,0.0009,0.00065,502.1649744
0.00025,0.0009,0.0007,492.3102787
0.00025,0.0009,0.00075,500.4392006
0.00025,0.0009,0.0008,515.2928544
0.00025,0.0009,0.00085,516.7181482
0.00025,0.0009,0.0009,518.9888556
0.00025,0.0009,0.00095,536.2303599
0.00025,0.00095,0.0001,493.9322639
0.00025,0.00095,0.00015,498.3982683
0.00025,0.00095,0.0002,627.7852612
0.00025,0.00095,0.00025,607.6252484
0.00025,0.00095,0.0003,676.1960975
0.00025,0.00095,0.00035,668.5795666
0.00025,0.00095,0.0004,642.6652607
0.00025,0.00095,0.00045,616.3103036
0.00025,0.00095,0.0005,589.9553465
0.00025,0.00095,0.00055,563.6003893
0.00025,0.00095,0.0006,536.3771158
0.00025,0.00095,0.00065,506.4230907
0.00025,0.00095,0.0007,490.9550333
0.00025,0.00095,0.00075,489.956678
0.00025,0.00095,0.0008,496.4315374
0.00025,0.00095,0.00085,501.9159595
0.00025,0.00095,0.0009,533.2122676
0.00025,0.00095,0.00095,566.8860026
0.0003,5.00E-05,5.00E-05,682.4593281
0.0003,5.00E-05,0.0001,521.6077076
0.0003,5.00E-05,0.00015,489.1854867
0.0003,5.00E-05,0.0002,485.2685157
0.0003,5.00E-05,0.00025,504.5258707
0.0003,5.00E-05,0.0003,516.1616065
0.0003,5.00E-05,0.00035,526.3904052
0.0003,5.00E-05,0.0004,541.0325472
0.0003,5.00E-05,0.00045,551.8619505
0.0003,5.00E-05,0.0005,581.2517568
0.0003,5.00E-05,0.00055,609.7344365
0.0003,5.00E-05,0.0006,630.423439
0.0003,5.00E-05,0.00065,651.7123305
0.0003,5.00E-05,0.0007,667.2944763
0.0003,5.00E-05,0.00075,670.3036054
0.0003,5.00E-05,0.0008,663.2217197
0.0003,5.00E-05,0.00085,670.6434617
0.0003,5.00E-05,0.0009,679.3751812
0.0003,5.00E-05,0.00095,686.3161247
0.0003,0.0001,5.00E-05,512.0457844
0.0003,0.0001,0.0001,487.2194983
0.0003,0.0001,0.00015,477.5843678
0.0003,0.0001,0.0002,483.0041312
0.0003,0.0001,0.00025,501.7401799
0.0003,0.0001,0.0003,515.7618504
0.0003,0.0001,0.00035,522.612769
0.0003,0.0001,0.0004,530.2139809
0.0003,0.0001,0.00045,544.2655452
0.0003,0.0001,0.0005,552.443987
0.0003,0.0001,0.00055,581.1148419
0.0003,0.0001,0.0006,612.6832418
0.0003,0.0001,0.00065,621.208764
0.0003,0.0001,0.0007,636.0441885
0.0003,0.0001,0.00075,625.9634691
0.0003,0.0001,0.0008,611.4236728
0.0003,0.0001,0.00085,607.0225815
0.0003,0.0001,0.0009,606.5271643
0.0003,0.0001,0.00095,609.8270469
0.0003,0.00015,5.00E-05,506.8256285
0.0003,0.00015,0.0001,482.7384389
0.0003,0.00015,0.00015,475.7743528
0.0003,0.00015,0.0002,481.1941426
0.0003,0.00015,0.00025,496.6869697
0.0003,0.00015,0.0003,515.3620943
0.0003,0.00015,0.00035,522.4373174
0.0003,0.00015,0.0004,530.1127897
0.0003,0.00015,0.00045,544.1618308
0.0003,0.00015,0.0005,552.3220695
0.0003,0.00015,0.00055,558.2769684
0.0003,0.00015,0.0006,589.1989988
0.0003,0.00015,0.00065,589.2717107
0.0003,0.00015,0.0007,591.3843051
0.0003,0.00015,0.00075,568.5468307
0.0003,0.00015,0.0008,553.9798383
0.0003,0.00015,0.00085,549.5721305
0.0003,0.00015,0.0009,543.8693664
0.0003,0.00015,0.00095,544.7542975
0.0003,0.0002,5.00E-05,497.7320114
0.0003,0.0002,0.0001,479.360435
0.0003,0.0002,0.00015,472.4012489
0.0003,0.0002,0.0002,478.9850801
0.0003,0.0002,0.00025,494.4740984
0.0003,0.0002,0.0003,501.4292517
0.0003,0.0002,0.00035,508.0599823
0.0003,0.0002,0.0004,516.9809494
0.0003,0.0002,0.00045,539.0874245
0.0003,0.0002,0.0005,545.0853737
0.0003,0.0002,0.00055,565.4820355
0.0003,0.0002,0.0006,566.2766959
0.0003,0.0002,0.00065,566.9030438
0.0003,0.0002,0.0007,549.514201
0.0003,0.0002,0.00075,534.039465
0.0003,0.0002,0.0008,511.4981233
0.0003,0.0002,0.00085,496.7208679
0.0003,0.0002,0.0009,483.42341
0.0003,0.0002,0.00095,476.048658
0.0003,0.00025,5.00E-05,468.8190923
0.0003,0.00025,0.0001,461.6130662
0.0003,0.00025,0.00015,456.6828035
0.0003,0.00025,0.0002,474.8783159
0.0003,0.00025,0.00025,500.4006886
0.0003,0.00025,0.0003,507.3754339
0.0003,0.00025,0.00035,508.2828272
0.0003,0.00025,0.0004,516.5754326
0.0003,0.00025,0.00045,519.9232452
0.0003,0.00025,0.0005,483.0286121
0.0003,0.00025,0.00055,503.354461
0.0003,0.00025,0.0006,488.9097555
0.0003,0.00025,0.00065,487.7362353
0.0003,0.00025,0.0007,474.3432894
0.0003,0.00025,0.00075,460.05996
0.0003,0.00025,0.0008,442.2957289
0.0003,0.00025,0.00085,418.980158
0.0003,0.00025,0.0009,397.7785545
0.0003,0.00025,0.00095,389.5325397
0.0003,0.0003,5.00E-05,451.0707066
0.0003,0.0003,0.0001,447.7721928
0.0003,0.0003,0.00015,444.2139799
0.0003,0.0003,0.0002,462.405075
0.0003,0.0003,0.00025,498.2867922
0.0003,0.0003,0.0003,512.8456347
0.0003,0.0003,0.00035,514.0798161
0.0003,0.0003,0.0004,516.9447827
0.0003,0.0003,0.00045,518.3004323
0.0003,0.0003,0.0005,462.1770671
0.0003,0.0003,0.00055,448.8160693
0.0003,0.0003,0.0006,425.5888551
0.0003,0.0003,0.00065,399.6614163
0.0003,0.0003,0.0007,386.2451965
0.0003,0.0003,0.00075,369.2348157
0.0003,0.0003,0.0008,363.9920757
0.0003,0.0003,0.00085,341.8008442
0.0003,0.0003,0.0009,317.412297
0.0003,0.0003,0.00095,354.061175
0.0003,0.00035,5.00E-05,446.9282301
0.0003,0.00035,0.0001,436.1992116
0.0003,0.00035,0.00015,432.6548276
0.0003,0.00035,0.0002,443.0475191
0.0003,0.00035,0.00025,478.9603289
0.0003,0.00035,0.0003,497.3479643
0.0003,0.00035,0.00035,471.8792453
0.0003,0.00035,0.0004,474.014025
0.0003,0.00035,0.00045,468.7002211
0.0003,0.00035,0.0005,412.746207
0.0003,0.00035,0.00055,400.251749
0.0003,0.00035,0.0006,368.8385794
0.0003,0.00035,0.00065,308.9103239
0.0003,0.00035,0.0007,293.831389
0.0003,0.00035,0.00075,281.5564611
0.0003,0.00035,0.0008,273.4412814
0.0003,0.00035,0.00085,271.5742258
0.0003,0.00035,0.0009,270.6007757
0.0003,0.00035,0.00095,275.1223724
0.0003,0.0004,5.00E-05,414.9148626
0.0003,0.0004,0.0001,408.878616
0.0003,0.0004,0.00015,408.4225219
0.0003,0.0004,0.0002,416.7104619
0.0003,0.0004,0.00025,436.8075907
0.0003,0.0004,0.0003,455.2560175
0.0003,0.0004,0.00035,397.3826868
0.0003,0.0004,0.0004,370.2223525
0.0003,0.0004,0.00045,364.7296049
0.0003,0.0004,0.0005,352.0741947
0.0003,0.0004,0.00055,312.5327784
0.0003,0.0004,0.0006,274.1951835
0.0003,0.0004,0.00065,236.082421
0.0003,0.0004,0.0007,301.1291546
0.0003,0.0004,0.00075,309.1118495
0.0003,0.0004,0.0008,316.4953271
0.0003,0.0004,0.00085,208.7279813
0.0003,0.0004,0.0009,219.6687426
0.0003,0.0004,0.00095,223.7842796
0.0003,0.00045,5.00E-05,376.7017097
0.0003,0.00045,0.0001,379.2245919
0.0003,0.00045,0.00015,381.1277029
0.0003,0.00045,0.0002,372.9031355
0.0003,0.00045,0.00025,390.807018
0.0003,0.00045,0.0003,407.5734922
0.0003,0.00045,0.00035,349.6437318
0.0003,0.00045,0.0004,291.8609443
0.0003,0.00045,0.00045,284.7730153
0.0003,0.00045,0.0005,264.3377151
0.0003,0.00045,0.00055,255.086567
0.0003,0.00045,0.0006,206.4942372
0.0003,0.00045,0.00065,165.4158647
0.0003,0.00045,0.0007,328.6092727
0.0003,0.00045,0.00075,393.4130073
0.0003,0.00045,0.0008,322.4422158
0.0003,0.00045,0.00085,159.064341
0.0003,0.00045,0.0009,163.2276224
0.0003,0.00045,0.00095,163.9159898
0.0003,0.0005,5.00E-05,347.3390073
0.0003,0.0005,0.0001,348.9671639
0.0003,0.0005,0.00015,372.882197
0.0003,0.0005,0.0002,430.4814011
0.0003,0.0005,0.00025,448.1886222
0.0003,0.0005,0.0003,477.9857245
0.0003,0.0005,0.00035,443.4339108
0.0003,0.0005,0.0004,381.8825809
0.0003,0.0005,0.00045,214.5836322
0.0003,0.0005,0.0005,183.4560431
0.0003,0.0005,0.00055,197.6403556
0.0003,0.0005,0.0006,147.0074893
0.0003,0.0005,0.00065,89.80791993
0.0003,0.0005,0.0007,316.6929158
0.0003,0.0005,0.00075,504.2745884
0.0003,0.0005,0.0008,344.8161986
0.0003,0.0005,0.00085,149.9158812
0.0003,0.0005,0.0009,103.4068391
0.0003,0.0005,0.00095,220.5405414
0.0003,0.00055,5.00E-05,321.1253655
0.0003,0.00055,0.0001,333.1868901
0.0003,0.00055,0.00015,458.3878212
0.0003,0.00055,0.0002,526.5664082
0.0003,0.00055,0.00025,550.5102261
0.0003,0.00055,0.0003,577.5696631
0.0003,0.00055,0.00035,499.011814
0.0003,0.00055,0.0004,431.5277502
0.0003,0.00055,0.00045,163.7483039
0.0003,0.00055,0.0005,89.57310737
0.0003,0.00055,0.00055,93.17857102
0.0003,0.00055,0.0006,61.93210459
0.0003,0.00055,0.00065,68.39098674
0.0003,0.00055,0.0007,319.244879
0.0003,0.00055,0.00075,593.8268545
0.0003,0.00055,0.0008,440.8450615
0.0003,0.00055,0.00085,263.3643895
0.0003,0.00055,0.0009,379.2588604
0.0003,0.00055,0.00095,550.6657128
0.0003,0.0006,5.00E-05,329.0892466
0.0003,0.0006,0.0001,424.0779491
0.0003,0.0006,0.00015,543.8934454
0.0003,0.0006,0.0002,613.54912
0.0003,0.0006,0.00025,652.326251
0.0003,0.0006,0.0003,677.1536017
0.0003,0.0006,0.00035,691.6688893
0.0003,0.0006,0.0004,330.1400809
0.0003,0.0006,0.00045,139.7834412
0.0003,0.0006,0.0005,104.2027533
0.0003,0.0006,0.00055,15.60958048
0.0003,0.0006,0.0006,89.10236556
0.0003,0.0006,0.00065,124.5716348
0.0003,0.0006,0.0007,407.6428948
0.0003,0.0006,0.00075,573.527341
0.0003,0.0006,0.0008,577.2427007
0.0003,0.0006,0.00085,475.5730268
0.0003,0.0006,0.0009,534.8803589
0.0003,0.0006,0.00095,561.7294492
0.0003,0.00065,5.00E-05,401.7917254
0.0003,0.00065,0.0001,514.9690082
0.0003,0.00065,0.00015,629.3990696
0.0003,0.00065,0.0002,700.7283336
0.0003,0.00065,0.00025,745.5063186
0.0003,0.00065,0.0003,776.8400106
0.0003,0.00065,0.00035,773.3858974
0.0003,0.00065,0.0004,477.876169
0.0003,0.00065,0.00045,285.6623646
0.0003,0.00065,0.0005,259.4949579
0.0003,0.00065,0.00055,283.5270527
0.0003,0.00065,0.0006,350.9040099
0.0003,0.00065,0.00065,349.7571924
0.0003,0.00065,0.0007,526.7535062
0.0003,0.00065,0.00075,541.4874504
0.0003,0.00065,0.0008,544.6963572
0.0003,0.00065,0.00085,550.3186121
0.0003,0.00065,0.0009,548.8032054
0.0003,0.00065,0.00095,530.9411371
0.0003,0.0007,5.00E-05,505.6580563
0.0003,0.0007,0.0001,591.0744679
0.0003,0.0007,0.00015,688.6590264
0.0003,0.0007,0.0002,741.2946713
0.0003,0.0007,0.00025,750.0445869
0.0003,0.0007,0.0003,746.70015
0.0003,0.0007,0.00035,725.0235708
0.0003,0.0007,0.0004,600.0443424
0.0003,0.0007,0.00045,500.1168806
0.0003,0.0007,0.0005,491.2395424
0.0003,0.0007,0.00055,538.6757645
0.0003,0.0007,0.0006,572.5179617
0.0003,0.0007,0.00065,556.792694
0.0003,0.0007,0.0007,540.2968409
0.0003,0.0007,0.00075,520.2053024
0.0003,0.0007,0.0008,511.0511683
0.0003,0.0007,0.00085,513.6796565
0.0003,0.0007,0.0009,505.2139307
0.0003,0.0007,0.00095,498.5643324
0.0003,0.00075,5.00E-05,556.2848393
0.0003,0.00075,0.0001,553.467773
0.0003,0.00075,0.00015,606.5715192
0.0003,0.00075,0.0002,717.7655132
0.0003,0.00075,0.00025,723.5018349
0.0003,0.00075,0.0003,721.7224933
0.0003,0.00075,0.00035,697.4609713
0.0003,0.00075,0.0004,667.1743204
0.0003,0.00075,0.00045,633.580386
0.0003,0.00075,0.0005,602.9606665
0.0003,0.00075,0.00055,573.9347118
0.0003,0.00075,0.0006,567.7725147
0.0003,0.00075,0.00065,558.7502615
0.0003,0.00075,0.0007,542.3758595
0.0003,0.00075,0.00075,522.2843209
0.0003,0.00075,0.0008,500.4582065
0.0003,0.00075,0.00085,477.6881602
0.0003,0.00075,0.0009,490.1596574
0.0003,0.00075,0.00095,502.303086
0.0003,0.0008,5.00E-05,526.7125176
0.0003,0.0008,0.0001,559.8954132
0.0003,0.0008,0.00015,632.9605987
0.0003,0.0008,0.0002,688.1046369
0.0003,0.0008,0.00025,698.6485983
0.0003,0.0008,0.0003,701.6606935
0.0003,0.0008,0.00035,688.6100709
0.0003,0.0008,0.0004,655.3583202
0.0003,0.0008,0.00045,618.6918775
0.0003,0.0008,0.0005,587.0621599
0.0003,0.0008,0.00055,559.1353256
0.0003,0.0008,0.0006,542.2033741
0.0003,0.0008,0.00065,535.3894184
0.0003,0.0008,0.0007,537.6627156
0.0003,0.0008,0.00075,528.5152108
0.0003,0.0008,0.0008,508.4303622
0.0003,0.0008,0.00085,491.4759545
0.0003,0.0008,0.0009,505.1137047
0.0003,0.0008,0.00095,535.9250205
0.0003,0.00085,5.00E-05,530.5581345
0.0003,0.00085,0.0001,609.5905227
0.0003,0.00085,0.00015,688.71542
0.0003,0.00085,0.0002,716.9731983
0.0003,0.00085,0.00025,705.3716791
0.0003,0.00085,0.0003,687.6899713
0.0003,0.00085,0.00035,679.1369387
0.0003,0.00085,0.0004,642.8743259
0.0003,0.00085,0.00045,607.8822915
0.0003,0.00085,0.0005,572.8902571
0.0003,0.00085,0.00055,544.3359395
0.0003,0.00085,0.0006,520.4149259
0.0003,0.00085,0.00065,514.4736462
0.0003,0.00085,0.0007,522.9062549
0.0003,0.00085,0.00075,531.3388635
0.0003,0.00085,0.0008,521.1480552
0.0003,0.00085,0.00085,505.5963639
0.0003,0.00085,0.0009,505.6359937
0.0003,0.00085,0.00095,541.1411797
0.0003,0.0009,5.00E-05,532.8359853
0.0003,0.0009,0.0001,614.4193096
0.0003,0.0009,0.00015,727.6998802
0.0003,0.0009,0.0002,748.2716606
0.0003,0.0009,0.00025,730.8019286
0.0003,0.0009,0.0003,703.1100205
0.0003,0.0009,0.00035,674.4710731
0.0003,0.0009,0.0004,641.4665983
0.0003,0.0009,0.00045,603.7770884
0.0003,0.0009,0.0005,566.0875785
0.0003,0.0009,0.00055,530.1550818
0.0003,0.0009,0.0006,510.6574138
0.0003,0.0009,0.00065,502.8098657
0.0003,0.0009,0.0007,511.3230665
0.0003,0.0009,0.00075,519.8362673
0.0003,0.0009,0.0008,525.5106321
0.0003,0.0009,0.00085,521.0265556
0.0003,0.0009,0.0009,506.9397144
0.0003,0.0009,0.00095,540.3511821
0.0003,0.00095,0.0001,542.2080606
0.0003,0.00095,0.00015,636.6486476
0.0003,0.00095,0.0002,661.0138641
0.0003,0.00095,0.00025,662.1892798
0.0003,0.00095,0.0003,655.2206075
0.0003,0.00095,0.00035,682.6002404
0.0003,0.00095,0.0004,656.8402328
0.0003,0.00095,0.00045,630.4852756
0.0003,0.00095,0.0005,604.1303185
0.0003,0.00095,0.00055,575.4700616
0.0003,0.00095,0.0006,545.5160364
0.0003,0.00095,0.00065,515.5620113
0.0003,0.00095,0.0007,491.3639568
0.0003,0.00095,0.00075,494.0949283
0.0003,0.00095,0.0008,491.8796504
0.0003,0.00095,0.00085,494.8471066
0.0003,0.00095,0.0009,531.9577717
0.0003,0.00095,0.00095,567.4533818
0.00035,5.00E-05,0.0001,509.2520187
0.00035,5.00E-05,0.00015,498.9082442
0.00035,5.00E-05,0.0002,494.4897428
0.00035,5.00E-05,0.00025,510.9599332
0.00035,5.00E-05,0.0003,520.182455
0.00035,5.00E-05,0.00035,527.0333736
0.00035,5.00E-05,0.0004,537.3029601
0.00035,5.00E-05,0.00045,552.0695127
0.00035,5.00E-05,0.0005,581.459319
0.00035,5.00E-05,0.00055,609.9302791
0.00035,5.00E-05,0.0006,628.3981639
0.00035,5.00E-05,0.00065,649.0917347
0.00035,5.00E-05,0.0007,670.3806262
0.00035,5.00E-05,0.00075,666.9026044
0.00035,5.00E-05,0.0008,657.0123347
0.00035,5.00E-05,0.00085,662.4346684
0.00035,5.00E-05,0.0009,669.3756119
0.00035,5.00E-05,0.00095,672.8972736
0.00035,0.0001,5.00E-05,509.1077361
0.00035,0.0001,0.0001,500.3529672
0.00035,0.0001,0.00015,490.0059515
0.00035,0.0001,0.0002,494.6061348
0.00035,0.0001,0.00025,508.1742423
0.00035,0.0001,0.0003,519.7826989
0.00035,0.0001,0.00035,527.102702
0.00035,0.0001,0.0004,537.6882205
0.00035,0.0001,0.00045,537.3466614
0.00035,0.0001,0.0005,559.4991402
0.00035,0.0001,0.00055,588.898294
0.00035,0.0001,0.0006,604.2680501
0.00035,0.0001,0.00065,625.5723961
0.00035,0.0001,0.0007,633.3521137
0.00035,0.0001,0.00075,629.2714118
0.00035,0.0001,0.0008,615.7765531
0.00035,0.0001,0.00085,603.7213801
0.00035,0.0001,0.0009,604.8296677
0.00035,0.0001,0.00095,606.9020175
0.00035,0.00015,5.00E-05,503.9264981
0.00035,0.00015,0.0001,495.190683
0.00035,0.00015,0.00015,487.9664186
0.00035,0.00015,0.0002,493.39976
0.00035,0.00015,0.00025,508.2786697
0.00035,0.00015,0.0003,519.8755328
0.00035,0.00015,0.00035,530.4941833
0.00035,0.00015,0.0004,535.5159691
0.00035,0.00015,0.00045,537.233822
0.00035,0.00015,0.0005,543.185672
0.00035,0.00015,0.00055,565.4906384
0.00035,0.00015,0.0006,572.990136
0.00035,0.00015,0.00065,581.1456748
0.00035,0.00015,0.0007,588.775223
0.00035,0.00015,0.00075,581.1410075
0.00035,0.00015,0.0008,558.3036847
0.00035,0.00015,0.00085,546.287318
0.00035,0.00015,0.0009,547.3710385
0.00035,0.00015,0.00095,543.8891507
0.00035,0.0002,5.00E-05,498.8884608
0.00035,0.0002,0.0001,492.6677294
0.00035,0.0002,0.00015,485.7065463
0.00035,0.0002,0.0002,491.6163739
0.00035,0.0002,0.00025,507.1024123
0.00035,0.0002,0.0003,520.8081307
0.00035,0.0002,0.00035,527.6826395
0.00035,0.0002,0.0004,534.8518376
0.00035,0.0002,0.00045,537.6035972
0.00035,0.0002,0.0005,543.5474345
0.00035,0.0002,0.00055,549.4912718
0.00035,0.0002,0.0006,549.1654661
0.00035,0.0002,0.00065,549.2581665
0.00035,0.0002,0.0007,547.4488157
0.00035,0.0002,0.00075,522.4925433
0.00035,0.0002,0.0008,499.5429222
0.00035,0.0002,0.00085,486.2944981
0.00035,0.0002,0.0009,482.2298179
0.00035,0.0002,0.00095,477.2731328
0.00035,0.00025,5.00E-05,483.4518797
0.00035,0.00025,0.0001,476.4926837
0.00035,0.00025,0.00015,471.5573893
0.00035,0.00025,0.0002,480.3430005
0.00035,0.00025,0.00025,495.8240546
0.00035,0.00025,0.0003,522.4514027
0.00035,0.00025,0.00035,524.3344486
0.00035,0.00025,0.0004,531.4979777
0.00035,0.00025,0.00045,535.8353774
0.00035,0.00025,0.0005,499.0099617
0.00035,0.00025,0.00055,503.6848952
0.00035,0.00025,0.0006,495.0884806
0.00035,0.00025,0.00065,486.3491228
0.00035,0.00025,0.0007,466.4858082
0.00035,0.00025,0.00075,459.01237
0.00035,0.00025,0.0008,436.2338544
0.00035,0.00025,0.00085,403.5502491
0.00035,0.00025,0.0009,392.7633487
0.00035,0.00025,0.00095,395.3397518
0.00035,0.0003,5.00E-05,465.7369072
0.00035,0.0003,0.0001,460.7896767
0.00035,0.0003,0.00015,457.2186199
0.00035,0.0003,0.0002,466.0140249
0.00035,0.0003,0.00025,501.6927574
0.00035,0.0003,0.0003,528.3228522
0.00035,0.0003,0.00035,528.9737796
0.00035,0.0003,0.0004,531.0789973
0.00035,0.0003,0.00045,535.5221296
0.00035,0.0003,0.0005,479.4328761
0.00035,0.0003,0.00055,441.7038481
0.00035,0.0003,0.0006,424.5381504
0.00035,0.0003,0.00065,391.8102881
0.00035,0.0003,0.0007,378.2887033
0.00035,0.0003,0.00075,402.5124442
0.00035,0.0003,0.0008,356.9519323
0.00035,0.0003,0.00085,326.2473379
0.00035,0.0003,0.0009,313.5915163
0.00035,0.0003,0.00095,352.4607198
0.00035,0.00035,5.00E-05,442.9844592
0.00035,0.00035,0.0001,445.2974804
0.00035,0.00035,0.00015,441.7241814
0.00035,0.00035,0.0002,441.3077372
0.00035,0.00035,0.00025,477.2067626
0.00035,0.00035,0.0003,511.4150807
0.00035,0.00035,0.00035,505.9024388
0.00035,0.00035,0.0004,506.7634974
0.00035,0.00035,0.00045,479.1402851
0.00035,0.00035,0.0005,423.2041419
0.00035,0.00035,0.00055,372.7324004
0.00035,0.00035,0.0006,340.6832344
0.00035,0.00035,0.00065,301.2494651
0.00035,0.00035,0.0007,290.0915983
0.00035,0.00035,0.00075,281.9652081
0.00035,0.00035,0.0008,268.8263706
0.00035,0.00035,0.00085,264.0353868
0.00035,0.00035,0.0009,275.3066046
0.00035,0.00035,0.00095,285.7073111
0.00035,0.0004,5.00E-05,416.5508848
0.00035,0.0004,0.0001,415.404533
0.00035,0.0004,0.00015,417.5780266
0.00035,0.0004,0.0002,417.0748066
0.00035,0.0004,0.00025,451.3785608
0.00035,0.0004,0.0003,469.2224199
0.00035,0.0004,0.00035,463.621364
0.00035,0.0004,0.0004,434.5658852
0.00035,0.0004,0.00045,375.2591884
0.00035,0.0004,0.0005,324.7229825
0.00035,0.0004,0.00055,309.9789884
0.00035,0.0004,0.0006,276.3698996
0.00035,0.0004,0.00065,235.4719652
0.00035,0.0004,0.0007,185.2318283
0.00035,0.0004,0.00075,245.337562
0.00035,0.0004,0.0008,316.910739
0.00035,0.0004,0.00085,185.3339459
0.00035,0.0004,0.0009,204.167494
0.00035,0.0004,0.00095,221.1467353
0.00035,0.00045,5.00E-05,390.337243
0.00035,0.00045,0.0001,388.8161872
0.00035,0.00045,0.00015,387.8246068
0.00035,0.00045,0.0002,391.3420409
0.00035,0.00045,0.00025,409.1859
0.00035,0.00045,0.0003,427.0297592
0.00035,0.00045,0.00035,391.8225728
0.00035,0.00045,0.0004,330.6728218
0.00035,0.00045,0.00045,276.7135647
0.00035,0.00045,0.0005,261.8582205
0.00035,0.00045,0.00055,251.7776312
0.00035,0.00045,0.0006,213.1912893
0.00035,0.00045,0.00065,177.3647272
0.00035,0.00045,0.0007,310.620777
0.00035,0.00045,0.00075,414.6133899
0.00035,0.00045,0.0008,434.6432633
0.00035,0.00045,0.00085,317.1860731
0.00035,0.00045,0.0009,114.0404669
0.00035,0.00045,0.00095,153.980293
0.00035,0.0005,5.00E-05,364.1236013
0.00035,0.0005,0.0001,362.6025455
0.00035,0.0005,0.00015,432.6569106
0.00035,0.0005,0.0002,419.7282931
0.00035,0.0005,0.00025,437.0683098
0.00035,0.0005,0.0003,432.4065259
0.00035,0.0005,0.00035,351.1688684
0.00035,0.0005,0.0004,289.8819999
0.00035,0.0005,0.00045,192.7915663
0.00035,0.0005,0.0005,203.5825679
0.00035,0.0005,0.00055,194.3314198
0.00035,0.0005,0.0006,148.6332494
0.00035,0.0005,0.00065,122.7596881
0.00035,0.0005,0.0007,313.0636741
0.00035,0.0005,0.00075,539.7653531
0.00035,0.0005,0.0008,497.2183458
0.00035,0.0005,0.00085,441.732941
0.00035,0.0005,0.0009,152.3306132
0.00035,0.0005,0.00095,351.9659926
0.00035,0.00055,5.00E-05,350.7829287
0.00035,0.00055,0.0001,429.3234475
0.00035,0.00055,0.00015,510.9688218
0.00035,0.00055,0.0002,580.5603488
0.00035,0.00055,0.00025,594.6997
0.00035,0.00055,0.0003,563.3837528
0.00035,0.00055,0.00035,374.0723651
0.00035,0.00055,0.0004,252.7329442
0.00035,0.00055,0.00045,125.3512496
0.00035,0.00055,0.0005,103.1424191
0.00035,0.00055,0.00055,127.4965783
0.00035,0.00055,0.0006,87.14613044
0.00035,0.00055,0.00065,68.15464894
0.00035,0.00055,0.0007,323.3051615
0.00035,0.00055,0.00075,609.5321712
0.00035,0.00055,0.0008,574.8537699
0.00035,0.00055,0.00085,566.7271272
0.00035,0.00055,0.0009,418.4945132
0.00035,0.00055,0.00095,565.9994249
0.00035,0.0006,5.00E-05,413.8578906
0.00035,0.0006,0.0001,504.5305032
0.00035,0.0006,0.00015,601.8598809
0.00035,0.0006,0.0002,668.3357478
0.00035,0.0006,0.00025,703.9259827
0.00035,0.0006,0.0003,694.4004415
0.00035,0.0006,0.00035,567.5286189
0.00035,0.0006,0.0004,213.5441009
0.00035,0.0006,0.00045,72.03364695
0.00035,0.0006,0.0005,9.968080941
0.00035,0.0006,0.00055,124.5796504
0.00035,0.0006,0.0006,173.2186544
0.00035,0.0006,0.00065,233.8988484
0.00035,0.0006,0.0007,455.7620444
0.00035,0.0006,0.00075,589.7654695
0.00035,0.0006,0.0008,589.9443621
0.00035,0.0006,0.00085,634.2525698
0.00035,0.0006,0.0009,574.3035092
0.00035,0.0006,0.00095,574.9966481
0.00035,0.00065,5.00E-05,362.3706054
0.00035,0.00065,0.0001,579.7375589
0.00035,0.00065,0.00015,692.75094
0.00035,0.00065,0.0002,756.1111469
0.00035,0.00065,0.00025,804.5877448
0.00035,0.00065,0.0003,820.2047367
0.00035,0.00065,0.00035,679.7379233
0.00035,0.00065,0.0004,351.1938887
0.00035,0.00065,0.00045,238.842254
0.00035,0.00065,0.0005,219.0321638
0.00035,0.00065,0.00055,364.2800046
0.00035,0.00065,0.0006,435.516081
0.00035,0.00065,0.00065,468.1353573
0.00035,0.00065,0.0007,566.3298159
0.00035,0.00065,0.00075,569.7705788
0.00035,0.00065,0.0008,567.7013946
0.00035,0.00065,0.00085,563.4673855
0.00035,0.00065,0.0009,560.9824442
0.00035,0.00065,0.00095,549.671525
0.00035,0.0007,5.00E-05,439.8205327
0.00035,0.0007,0.0001,696.6069749
0.00035,0.0007,0.00015,740.1977565
0.00035,0.0007,0.0002,772.2151827
0.00035,0.0007,0.00025,780.8905172
0.00035,0.0007,0.0003,776.7254035
0.00035,0.0007,0.00035,649.2869184
0.00035,0.0007,0.0004,535.3617935
0.00035,0.0007,0.00045,470.8417244
0.00035,0.0007,0.0005,440.8525392
0.00035,0.0007,0.00055,594.111928
0.00035,0.0007,0.0006,601.3404468
0.00035,0.0007,0.00065,580.7761132
0.00035,0.0007,0.0007,561.1601452
0.00035,0.0007,0.00075,538.2414464
0.00035,0.0007,0.0008,532.8504693
0.00035,0.0007,0.00085,535.4114773
0.00035,0.0007,0.0009,541.3555302
0.00035,0.0007,0.00095,553.0628168
0.00035,0.00075,5.00E-05,584.4827782
0.00035,0.00075,0.0001,628.3369536
0.00035,0.00075,0.00015,666.4955953
0.00035,0.00075,0.0002,726.5611224
0.00035,0.00075,0.00025,728.6970988
0.00035,0.00075,0.0003,730.186968
0.00035,0.00075,0.00035,712.0315668
0.00035,0.00075,0.0004,679.525612
0.00035,0.00075,0.00045,647.0196572
0.00035,0.00075,0.0005,614.9572421
0.00035,0.00075,0.00055,600.3819989
0.00035,0.00075,0.0006,592.1059582
0.00035,0.00075,0.00065,583.1505439
0.00035,0.00075,0.0007,561.1771132
0.00035,0.00075,0.00075,539.3299064
0.00035,0.00075,0.0008,516.2326388
0.00035,0.00075,0.00085,495.2683046
0.00035,0.00075,0.0009,490.0771525
0.00035,0.00075,0.00095,518.2423085
0.00035,0.0008,5.00E-05,556.8392128
0.00035,0.0008,0.0001,617.5575458
0.00035,0.0008,0.00015,687.0380182
0.00035,0.0008,0.0002,722.6667499
0.00035,0.0008,0.00025,718.9072418
0.00035,0.0008,0.0003,729.4658873
0.00035,0.0008,0.00035,705.7357843
0.00035,0.0008,0.0004,670.4044672
0.00035,0.0008,0.00045,635.4452852
0.00035,0.0008,0.0005,600.4532508
0.00035,0.0008,0.00055,575.2528215
0.00035,0.0008,0.0006,569.2325488
0.00035,0.0008,0.00065,565.0215573
0.00035,0.0008,0.0007,554.2861008
0.00035,0.0008,0.00075,541.7704859
0.00035,0.0008,0.0008,521.4238016
0.00035,0.0008,0.00085,499.6109617
0.00035,0.0008,0.0009,504.2419299
0.00035,0.0008,0.00095,545.1660002
0.00035,0.00085,5.00E-05,519.905767
0.00035,0.00085,0.0001,675.3157271
0.00035,0.00085,0.00015,729.567282
0.00035,0.00085,0.0002,741.9199101
0.00035,0.00085,0.00025,734.2167985
0.00035,0.00085,0.0003,732.296698
0.00035,0.00085,0.00035,703.9495211
0.00035,0.00085,0.0004,668.547704
0.00035,0.00085,0.00045,631.2713068
0.00035,0.00085,0.0005,593.9949096
0.00035,0.00085,0.00055,557.7180755
0.00035,0.00085,0.0006,544.6846109
0.00035,0.00085,0.00065,532.5131269
0.00035,0.00085,0.0007,536.8829085
0.00035,0.00085,0.00075,541.9486861
0.00035,0.00085,0.0008,525.7597808
0.00035,0.00085,0.00085,508.1570886
0.00035,0.00085,0.0009,506.6891059
0.00035,0.00085,0.00095,553.8839602
0.00035,0.0009,5.00E-05,505.4789309
0.00035,0.0009,0.0001,715.6959692
0.00035,0.0009,0.00015,746.8062874
0.00035,0.0009,0.0002,764.6369173
0.00035,0.0009,0.00025,756.4073347
0.00035,0.0009,0.0003,728.4679776
0.00035,0.0009,0.00035,700.5532105
0.00035,0.0009,0.0004,665.6583653
0.00035,0.0009,0.00045,628.3819682
0.00035,0.0009,0.0005,591.105571
0.00035,0.0009,0.00055,553.8291738
0.00035,0.0009,0.0006,523.2911497
0.00035,0.0009,0.00065,513.5791916
0.00035,0.0009,0.0007,517.1943261
0.00035,0.0009,0.00075,520.347227
0.00035,0.0009,0.0008,520.4401507
0.00035,0.0009,0.00085,508.7967818
0.00035,0.0009,0.0009,502.5439063
0.00035,0.0009,0.00095,553.2330902
0.00035,0.00095,5.00E-05,454.9931528
0.00035,0.00095,0.0001,675.075081
0.00035,0.00095,0.00015,686.5457496
0.00035,0.00095,0.0002,677.4738092
0.00035,0.00095,0.00025,689.2740724
0.00035,0.00095,0.0003,696.5932984
0.00035,0.00095,0.00035,697.7684922
0.00035,0.00095,0.0004,670.8639938
0.00035,0.00095,0.00045,644.5170324
0.00035,0.00095,0.0005,614.5630073
0.00035,0.00095,0.00055,584.6089821
0.00035,0.00095,0.0006,547.903461
0.00035,0.00095,0.00065,509.3819118
0.00035,0.00095,0.0007,486.4500089
0.00035,0.00095,0.00075,487.5421034
0.00035,0.00095,0.0008,488.560413
0.00035,0.00095,0.00085,492.2422424
0.00035,0.00095,0.0009,528.3153047
0.00035,0.00095,0.00095,564.3883671
0.0004,5.00E-05,0.0001,520.2793812
0.0004,5.00E-05,0.00015,511.5216998
0.0004,5.00E-05,0.0002,511.3148151
0.0004,5.00E-05,0.00025,520.3623761
0.0004,5.00E-05,0.0003,532.2360155
0.0004,5.00E-05,0.00035,542.8652258
0.0004,5.00E-05,0.0004,555.0520433
0.0004,5.00E-05,0.00045,569.8731217
0.0004,5.00E-05,0.0005,575.7795729
0.0004,5.00E-05,0.00055,602.1027275
0.0004,5.00E-05,0.0006,599.5032095
0.0004,5.00E-05,0.00065,618.0142021
0.0004,5.00E-05,0.0007,638.7540661
0.0004,5.00E-05,0.00075,662.1960049
0.0004,5.00E-05,0.0008,665.2275229
0.0004,5.00E-05,0.00085,663.8915789
0.0004,5.00E-05,0.0009,660.0885371
0.0004,5.00E-05,0.00095,661.9754277
0.0004,0.0001,5.00E-05,519.5772314
0.0004,0.0001,0.0001,515.4727048
0.0004,0.0001,0.00015,506.912894
0.0004,0.0001,0.0002,509.6808245
0.0004,0.0001,0.00025,521.9000517
0.0004,0.0001,0.0003,534.3992204
0.0004,0.0001,0.00035,546.2672669
0.0004,0.0001,0.0004,556.8485144
0.0004,0.0001,0.00045,552.4040472
0.0004,0.0001,0.0005,553.3536653
0.0004,0.0001,0.00055,582.7527647
0.0004,0.0001,0.0006,588.8819289
0.0004,0.0001,0.00065,610.1939723
0.0004,0.0001,0.0007,599.5874268
0.0004,0.0001,0.00075,620.2378095
0.0004,0.0001,0.0008,615.0992753
0.0004,0.0001,0.00085,599.8155514
0.0004,0.0001,0.0009,594.8740451
0.0004,0.0001,0.00095,596.4441195
0.0004,0.00015,5.00E-05,513.337148
0.0004,0.00015,0.0001,515.39455
0.0004,0.00015,0.00015,506.6301592
0.0004,0.00015,0.0002,511.2177577
0.0004,0.00015,0.00025,523.4377272
0.0004,0.00015,0.0003,535.936896
0.0004,0.00015,0.00035,546.9012136
0.0004,0.00015,0.0004,549.1862957
0.0004,0.00015,0.00045,547.5720767
0.0004,0.00015,0.0005,536.8934877
0.0004,0.00015,0.00055,559.2361434
0.0004,0.00015,0.0006,574.7328334
0.0004,0.00015,0.00065,575.2998118
0.0004,0.00015,0.0007,558.4742617
0.0004,0.00015,0.00075,564.5181447
0.0004,0.00015,0.0008,551.5575585
0.0004,0.00015,0.00085,542.3814893
0.0004,0.00015,0.0009,540.6769251
0.0004,0.00015,0.00095,537.3551639
0.0004,0.0002,5.00E-05,508.2977796
0.0004,0.0002,0.0001,510.3540732
0.0004,0.0002,0.00015,504.1201421
0.0004,0.0002,0.0002,510.0419704
0.0004,0.0002,0.00025,523.7476924
0.0004,0.0002,0.0003,531.6302956
0.0004,0.0002,0.00035,539.5128989
0.0004,0.0002,0.0004,546.3977611
0.0004,0.0002,0.00045,547.9625163
0.0004,0.0002,0.0005,537.2464361
0.0004,0.0002,0.00055,543.1902734
0.0004,0.0002,0.0006,542.8958393
0.0004,0.0002,0.00065,545.8971937
0.0004,0.0002,0.0007,550.8719322
0.0004,0.0002,0.00075,514.2863603
0.0004,0.0002,0.0008,489.4247127
0.0004,0.0002,0.00085,476.2849269
0.0004,0.0002,0.0009,473.679945
0.0004,0.0002,0.00095,471.0749631
0.0004,0.00025,5.00E-05,506.0031295
0.0004,0.00025,0.0001,499.8292421
0.0004,0.00025,0.00015,497.3568772
0.0004,0.00025,0.0002,507.4132951
0.0004,0.00025,0.00025,522.2011507
0.0004,0.00025,0.0003,522.2012497
0.0004,0.00025,0.00035,526.5172931
0.0004,0.00025,0.0004,538.5254032
0.0004,0.00025,0.00045,550.8461973
0.0004,0.00025,0.0005,547.5589434
0.0004,0.00025,0.00055,522.935686
0.0004,0.00025,0.0006,510.7565761
0.0004,0.00025,0.00065,513.4592525
0.0004,0.00025,0.0007,466.6340482
0.0004,0.00025,0.00075,498.4833054
0.0004,0.00025,0.0008,442.1633928
0.0004,0.00025,0.00085,393.4893956
0.0004,0.00025,0.0009,393.1111092
0.0004,0.00025,0.00095,400.5349075
0.0004,0.0003,5.00E-05,490.6522012
0.0004,0.0003,0.0001,485.7054984
0.0004,0.0003,0.00015,485.6044943
0.0004,0.0003,0.0002,495.6628833
0.0004,0.0003,0.00025,505.0882991
0.0004,0.0003,0.0003,521.1569361
0.0004,0.0003,0.00035,523.0886633
0.0004,0.0003,0.0004,536.7788692
0.0004,0.0003,0.00045,536.7739876
0.0004,0.0003,0.0005,519.5734139
0.0004,0.0003,0.00055,471.7933253
0.0004,0.0003,0.0006,459.3385988
0.0004,0.0003,0.00065,395.7241264
0.0004,0.0003,0.0007,375.8493362
0.0004,0.0003,0.00075,396.323593
0.0004,0.0003,0.0008,364.2442468
0.0004,0.0003,0.00085,324.1441409
0.0004,0.0003,0.0009,333.6629371
0.0004,0.0003,0.00095,372.9009038
0.0004,0.00035,5.00E-05,469.4649291
0.0004,0.00035,0.0001,471.7491193
0.0004,0.00035,0.00015,469.8694828
0.0004,0.00035,0.0002,457.8367168
0.0004,0.00035,0.00025,467.0549599
0.0004,0.00035,0.0003,502.9702279
0.0004,0.00035,0.00035,494.8947055
0.0004,0.00035,0.0004,495.133325
0.0004,0.00035,0.00045,487.6665354
0.0004,0.00035,0.0005,458.4881699
0.0004,0.00035,0.00055,402.6658574
0.0004,0.00035,0.0006,372.1305639
0.0004,0.00035,0.00065,319.3327019
0.0004,0.00035,0.0007,278.9821996
0.0004,0.00035,0.00075,266.7487264
0.0004,0.00035,0.0008,255.7272016
0.0004,0.00035,0.00085,269.8186347
0.0004,0.00035,0.0009,281.2666474
0.0004,0.00035,0.00095,301.1684672
0.0004,0.0004,5.00E-05,433.7000877
0.0004,0.0004,0.0001,451.0962939
0.0004,0.0004,0.00015,453.2569789
0.0004,0.0004,0.0002,435.9707287
0.0004,0.0004,0.00025,424.5354857
0.0004,0.0004,0.0003,458.8556586
0.0004,0.0004,0.00035,436.9367613
0.0004,0.0004,0.0004,429.4588146
0.0004,0.0004,0.00045,402.2826119
0.0004,0.0004,0.0005,354.5618387
0.0004,0.0004,0.00055,326.0125314
0.0004,0.0004,0.0006,291.7011284
0.0004,0.0004,0.00065,285.4273793
0.0004,0.0004,0.0007,176.9308335
0.0004,0.0004,0.00075,144.7997082
0.0004,0.0004,0.0008,167.0692469
0.0004,0.0004,0.00085,201.4560753
0.0004,0.0004,0.0009,198.5096546
0.0004,0.0004,0.00095,224.2409646
0.0004,0.00045,5.00E-05,407.1218371
0.0004,0.00045,0.0001,406.1201615
0.0004,0.00045,0.00015,423.5163677
0.0004,0.00045,0.0002,411.7867075
0.0004,0.00045,0.00025,398.8191387
0.0004,0.00045,0.0003,416.6629978
0.0004,0.00045,0.00035,394.7120659
0.0004,0.00045,0.0004,357.6922539
0.0004,0.00045,0.00045,304.1309423
0.0004,0.00045,0.0005,278.0955313
0.0004,0.00045,0.00055,264.5547015
0.0004,0.00045,0.0006,225.339299
0.0004,0.00045,0.00065,236.0220442
0.0004,0.00045,0.0007,125.1854335
0.0004,0.00045,0.00075,43.73968285
0.0004,0.00045,0.0008,276.1052351
0.0004,0.00045,0.00085,433.6814159
0.0004,0.00045,0.0009,102.6359111
0.0004,0.00045,0.00095,177.2254014
0.0004,0.0005,5.00E-05,380.9081953
0.0004,0.0005,0.0001,451.0171297
0.0004,0.0005,0.00015,487.8155767
0.0004,0.0005,0.0002,379.9030245
0.0004,0.0005,0.00025,371.5501808
0.0004,0.0005,0.0003,376.1453722
0.0004,0.0005,0.00035,358.1396361
0.0004,0.0005,0.0004,316.8180951
0.0004,0.0005,0.00045,220.1280894
0.0004,0.0005,0.0005,216.4339336
0.0004,0.0005,0.00055,202.8931038
0.0004,0.0005,0.0006,174.8091152
0.0004,0.0005,0.00065,180.6792587
0.0004,0.0005,0.0007,139.4397241
0.0004,0.0005,0.00075,213.0155108
0.0004,0.0005,0.0008,540.9710618
0.0004,0.0005,0.00085,686.3914675
0.0004,0.0005,0.0009,377.1702442
0.0004,0.0005,0.00095,438.7898046
0.0004,0.00055,5.00E-05,425.9240557
0.0004,0.00055,0.0001,526.2241853
0.0004,0.00055,0.00015,575.759222
0.0004,0.00055,0.0002,372.1719597
0.0004,0.00055,0.00025,347.5822784
0.0004,0.00055,0.0003,332.7233436
0.0004,0.00055,0.00035,322.2007551
0.0004,0.00055,0.0004,290.3304085
0.0004,0.00055,0.00045,132.1529883
0.0004,0.00055,0.0005,134.9610857
0.0004,0.00055,0.00055,141.2315061
0.0004,0.00055,0.0006,135.2683922
0.0004,0.00055,0.00065,137.2906356
0.0004,0.00055,0.0007,270.5040943
0.0004,0.00055,0.00075,329.5091022
0.0004,0.00055,0.0008,592.8515986
0.0004,0.00055,0.00085,739.3641245
0.0004,0.00055,0.0009,656.5742926
0.0004,0.00055,0.00095,564.8552506
0.0004,0.0006,5.00E-05,374.4367705
0.0004,0.0006,0.0001,601.431241
0.0004,0.0006,0.00015,663.7028672
0.0004,0.0006,0.0002,459.4930601
0.0004,0.0006,0.00025,426.1661864
0.0004,0.0006,0.0003,351.3701614
0.0004,0.0006,0.00035,274.0596334
0.0004,0.0006,0.0004,291.5214884
0.0004,0.0006,0.00045,142.0593314
0.0004,0.0006,0.0005,105.2712754
0.0004,0.0006,0.00055,208.7370845
0.0004,0.0006,0.0006,284.0454297
0.0004,0.0006,0.00065,346.7213072
0.0004,0.0006,0.0007,327.8563624
0.0004,0.0006,0.00075,407.0008446
0.0004,0.0006,0.0008,570.8143991
0.0004,0.0006,0.00085,633.7853879
0.0004,0.0006,0.0009,575.3041045
0.0004,0.0006,0.00095,557.492809
0.0004,0.00065,5.00E-05,322.9494853
0.0004,0.00065,0.0001,599.3962169
0.0004,0.00065,0.00015,743.4302312
0.0004,0.00065,0.0002,657.4732433
0.0004,0.00065,0.00025,576.2108654
0.0004,0.00065,0.0003,460.2345854
0.0004,0.00065,0.00035,351.8473904
0.0004,0.00065,0.0004,401.8309658
0.0004,0.00065,0.00045,308.0883144
0.0004,0.00065,0.0005,300.7291672
0.0004,0.00065,0.00055,427.0558436
0.0004,0.00065,0.0006,528.1597094
0.0004,0.00065,0.00065,570.5137451
0.0004,0.00065,0.0007,564.6115079
0.0004,0.00065,0.00075,554.8225754
0.0004,0.00065,0.0008,548.5679264
0.0004,0.00065,0.00085,544.3339173
0.0004,0.00065,0.0009,539.4376579
0.0004,0.00065,0.00095,524.6224827
0.0004,0.0007,5.00E-05,299.1927682
0.0004,0.0007,0.0001,575.1600182
0.0004,0.0007,0.00015,779.700037
0.0004,0.0007,0.0002,623.82912
0.0004,0.0007,0.00025,534.5492064
0.0004,0.0007,0.0003,528.086302
0.0004,0.0007,0.00035,590.3633218
0.0004,0.0007,0.0004,585.1972167
0.0004,0.0007,0.00045,527.4797473
0.0004,0.0007,0.0005,486.422942
0.0004,0.0007,0.00055,636.8112503
0.0004,0.0007,0.0006,627.855836
0.0004,0.0007,0.00065,606.2965129
0.0004,0.0007,0.0007,565.4227131
0.0004,0.0007,0.00075,547.4953751
0.0004,0.0007,0.0008,531.9605276
0.0004,0.0007,0.00085,521.1210523
0.0004,0.0007,0.0009,533.7696914
0.0004,0.0007,0.00095,547.7957329
0.0004,0.00075,5.00E-05,474.5829424
0.0004,0.00075,0.0001,656.5907996
0.0004,0.00075,0.00015,733.4376442
0.0004,0.00075,0.0002,628.4624015
0.0004,0.00075,0.00025,716.1464184
0.0004,0.00075,0.0003,757.342719
0.0004,0.00075,0.00035,736.5527236
0.0004,0.00075,0.0004,700.999803
0.0004,0.00075,0.00045,665.4468823
0.0004,0.00075,0.0005,636.9458949
0.0004,0.00075,0.00055,630.7846787
0.0004,0.00075,0.0006,624.6234624
0.0004,0.00075,0.00065,613.352302
0.0004,0.00075,0.0007,564.4191265
0.0004,0.00075,0.00075,540.7659533
0.0004,0.00075,0.0008,522.4496966
0.0004,0.00075,0.00085,506.9148492
0.0004,0.00075,0.0009,506.4654942
0.0004,0.00075,0.00095,532.5722322
0.0004,0.0008,5.00E-05,562.7092309
0.0004,0.0008,0.0001,634.3289209
0.0004,0.0008,0.00015,707.1402919
0.0004,0.0008,0.0002,745.24057
0.0004,0.0008,0.00025,766.0731317
0.0004,0.0008,0.0003,764.589606
0.0004,0.0008,0.00035,734.4587692
0.0004,0.0008,0.0004,698.9058486
0.0004,0.0008,0.00045,663.3529279
0.0004,0.0008,0.0005,633.0907771
0.0004,0.0008,0.00055,615.5011571
0.0004,0.0008,0.0006,614.4446422
0.0004,0.0008,0.00065,603.8967909
0.0004,0.0008,0.0007,559.3937585
0.0004,0.0008,0.00075,539.1462749
0.0004,0.0008,0.0008,520.43953
0.0004,0.0008,0.00085,500.7497515
0.0004,0.0008,0.0009,502.8900405
0.0004,0.0008,0.00095,554.8419971
0.0004,0.00085,5.00E-05,532.9203727
0.0004,0.00085,0.0001,659.2209868
0.0004,0.00085,0.00015,743.4896814
0.0004,0.00085,0.0002,762.4646341
0.0004,0.00085,0.00025,784.9025892
0.0004,0.00085,0.0003,759.7736897
0.0004,0.00085,0.00035,731.0165513
0.0004,0.00085,0.0004,696.8118942
0.0004,0.00085,0.00045,661.2521923
0.0004,0.00085,0.0005,630.5536252
0.0004,0.00085,0.00055,603.7782086
0.0004,0.00085,0.0006,593.051181
0.0004,0.00085,0.00065,551.0441957
0.0004,0.00085,0.0007,531.976492
0.0004,0.00085,0.00075,536.8458505
0.0004,0.00085,0.0008,521.238234
0.0004,0.00085,0.00085,500.484946
0.0004,0.00085,0.0009,500.1105633
0.0004,0.00085,0.00095,544.388868
0.0004,0.0009,5.00E-05,498.5736437
0.0004,0.0009,0.0001,666.1028543
0.0004,0.0009,0.00015,732.7868809
0.0004,0.0009,0.0002,762.4367065
0.0004,0.0009,0.00025,784.4673987
0.0004,0.0009,0.0003,754.9577734
0.0004,0.0009,0.00035,726.2951663
0.0004,0.0009,0.0004,694.9861149
0.0004,0.0009,0.00045,658.3628537
0.0004,0.0009,0.0005,628.0164733
0.0004,0.0009,0.00055,597.3449604
0.0004,0.0009,0.0006,541.8346867
0.0004,0.0009,0.00065,506.2014603
0.0004,0.0009,0.0007,508.3596205
0.0004,0.0009,0.00075,511.9747549
0.0004,0.0009,0.0008,514.9741008
0.0004,0.0009,0.00085,500.2201404
0.0004,0.0009,0.0009,498.3467448
0.0004,0.0009,0.00095,549.4677796
0.0004,0.00095,5.00E-05,425.3708447
0.0004,0.00095,0.0001,745.7321511
0.0004,0.00095,0.00015,771.2094398
0.0004,0.00095,0.0002,748.7211503
0.0004,0.00095,0.00025,729.0364514
0.0004,0.00095,0.0003,720.5085624
0.0004,0.00095,0.00035,722.5030136
0.0004,0.00095,0.0004,693.380077
0.0004,0.00095,0.00045,655.6905671
0.0004,0.00095,0.0005,617.7336267
0.0004,0.00095,0.00055,579.2120775
0.0004,0.00095,0.0006,540.6905284
0.0004,0.00095,0.00065,506.9930414
0.0004,0.00095,0.0007,481.6862182
0.0004,0.00095,0.00075,482.28488
0.0004,0.00095,0.0008,483.72025
0.0004,0.00095,0.00085,498.4406249
0.0004,0.00095,0.0009,534.5136873
0.0004,0.00095,0.00095,546.3052636
0.00045,5.00E-05,0.0001,532.3095777
0.00045,5.00E-05,0.00015,528.8553305
0.00045,5.00E-05,0.0002,525.4010833
0.00045,5.00E-05,0.00025,530.4421182
0.00045,5.00E-05,0.0003,544.9296489
0.00045,5.00E-05,0.00035,559.4171796
0.00045,5.00E-05,0.0004,574.0649923
0.00045,5.00E-05,0.00045,588.8431234
0.00045,5.00E-05,0.0005,592.905943
0.00045,5.00E-05,0.00055,598.1292776
0.00045,5.00E-05,0.0006,616.6060919
0.00045,5.00E-05,0.00065,617.0865219
0.00045,5.00E-05,0.0007,610.7402248
0.00045,5.00E-05,0.00075,630.598649
0.00045,5.00E-05,0.0008,656.6105987
0.00045,5.00E-05,0.00085,652.8111242
0.00045,5.00E-05,0.0009,653.6752082
0.00045,5.00E-05,0.00095,652.2471089
0.00045,0.0001,5.00E-05,530.6857507
0.00045,0.0001,0.0001,528.3581187
0.00045,0.0001,0.00015,527.4702553
0.00045,0.0001,0.0002,524.0160081
0.00045,0.0001,0.00025,535.9137169
0.00045,0.0001,0.0003,549.837477
0.00045,0.0001,0.00035,562.3366458
0.00045,0.0001,0.0004,573.2875322
0.00045,0.0001,0.00045,571.5555624
0.00045,0.0001,0.0005,570.7138803
0.00045,0.0001,0.00055,576.6734526
0.00045,0.0001,0.0006,579.2776425
0.00045,0.0001,0.00065,576.3930455
0.00045,0.0001,0.0007,569.3902578
0.00045,0.0001,0.00075,575.3128226
0.00045,0.0001,0.0008,590.1112149
0.00045,0.0001,0.00085,595.9097228
0.00045,0.0001,0.0009,585.3308383
0.00045,0.0001,0.00095,584.4666722
0.00045,0.00015,5.00E-05,523.8150899
0.00045,0.00015,0.0001,525.8718361
0.00045,0.00015,0.00015,523.5424283
0.00045,0.00015,0.0002,526.3768152
0.00045,0.00015,0.00025,538.8759839
0.00045,0.00015,0.0003,549.8417167
0.00045,0.00015,0.00035,557.7271448
0.00045,0.00015,0.0004,565.612573
0.00045,0.00015,0.00045,563.8845671
0.00045,0.00015,0.0005,551.9733919
0.00045,0.00015,0.00055,553.0918193
0.00045,0.00015,0.0006,559.0116902
0.00045,0.00015,0.00065,556.7733932
0.00045,0.00015,0.0007,561.7481317
0.00045,0.00015,0.00075,525.2885981
0.00045,0.00015,0.0008,531.8481744
0.00045,0.00015,0.00085,533.9899475
0.00045,0.00015,0.0009,528.4300501
0.00045,0.00015,0.00095,532.0464708
0.00045,0.0002,5.00E-05,517.7070984
0.00045,0.0002,0.0001,519.7633921
0.00045,0.0002,0.00015,521.8196857
0.00045,0.0002,0.0002,526.687254
0.00045,0.0002,0.00025,534.5698573
0.00045,0.0002,0.0003,542.4524606
0.00045,0.0002,0.00035,550.3350638
0.00045,0.0002,0.0004,558.2176671
0.00045,0.0002,0.00045,559.4796299
0.00045,0.0002,0.0005,547.550444
0.00045,0.0002,0.00055,536.889275
0.00045,0.0002,0.0006,539.5564028
0.00045,0.0002,0.00065,544.5311413
0.00045,0.0002,0.0007,549.5058798
0.00045,0.0002,0.00075,517.9303054
0.00045,0.0002,0.0008,481.1239049
0.00045,0.0002,0.00085,466.2753557
0.00045,0.0002,0.0009,472.9180562
0.00045,0.0002,0.00095,481.2085564
0.00045,0.00025,5.00E-05,515.4124483
0.00045,0.00025,0.0001,517.4687419
0.00045,0.00025,0.00015,515.7722172
0.00045,0.00025,0.0002,521.5569985
0.00045,0.00025,0.00025,527.0974073
0.00045,0.00025,0.0003,534.3722219
0.00045,0.00025,0.00035,540.9042879
0.00045,0.00025,0.0004,548.6976654
0.00045,0.00025,0.00045,548.6927986
0.00045,0.00025,0.0005,537.4491652
0.00045,0.00025,0.00055,516.350805
0.00045,0.00025,0.0006,507.083604
0.00045,0.00025,0.00065,515.1147003
0.00045,0.00025,0.0007,480.2383077
0.00045,0.00025,0.00075,479.008997
0.00045,0.00025,0.0008,428.8200329
0.00045,0.00025,0.00085,396.0433121
0.00045,0.00025,0.0009,436.1135798
0.00045,0.00025,0.00095,447.9212088
0.00045,0.0003,5.00E-05,513.1177981
0.00045,0.0003,0.0001,511.454281
0.00045,0.0003,0.00015,512.0054709
0.00045,0.0003,0.0002,517.7487387
0.00045,0.0003,0.00025,517.3825178
0.00045,0.0003,0.0003,521.0919284
0.00045,0.0003,0.00035,528.7848841
0.00045,0.0003,0.0004,529.3373593
0.00045,0.0003,0.00045,529.3601684
0.00045,0.0003,0.0005,509.8115325
0.00045,0.0003,0.00055,486.7043881
0.00045,0.0003,0.0006,474.1719754
0.00045,0.0003,0.00065,430.3980869
0.00045,0.0003,0.0007,376.1039905
0.00045,0.0003,0.00075,376.3955764
0.00045,0.0003,0.0008,359.3014656
0.00045,0.0003,0.00085,326.8797203
0.00045,0.0003,0.0009,367.3670488
0.00045,0.0003,0.00095,400.1676523
0.00045,0.00035,5.00E-05,494.4091068
0.00045,0.00035,0.0001,498.3595301
0.00045,0.00035,0.00015,498.9110288
0.00045,0.00035,0.0002,486.8946399
0.00045,0.00035,0.00025,486.5539456
0.00045,0.00035,0.0003,495.8279153
0.00045,0.00035,0.00035,487.1195174
0.00045,0.00035,0.0004,484.9610999
0.00045,0.00035,0.00045,477.7259752
0.00045,0.00035,0.0005,459.888938
0.00045,0.00035,0.00055,439.1391281
0.00045,0.00035,0.0006,405.2824455
0.00045,0.00035,0.00065,343.8566151
0.00045,0.00035,0.0007,265.63798
0.00045,0.00035,0.00075,254.5213841
0.00045,0.00035,0.0008,243.6381216
0.00045,0.00035,0.00085,262.19825
0.00045,0.00035,0.0009,291.8996056
0.00045,0.00035,0.00095,322.1517094
0.00045,0.0004,5.00E-05,460.114754
0.00045,0.0004,0.0001,477.4986445
0.00045,0.0004,0.00015,481.3593551
0.00045,0.0004,0.0002,465.8860255
0.00045,0.0004,0.00025,441.2331276
0.00045,0.0004,0.0003,450.4795596
0.00045,0.0004,0.00035,429.3679978
0.00045,0.0004,0.0004,418.0679179
0.00045,0.0004,0.00045,410.5555748
0.00045,0.0004,0.0005,381.725959
0.00045,0.0004,0.00055,355.1602686
0.00045,0.0004,0.0006,355.8318166
0.00045,0.0004,0.00065,303.6424799
0.00045,0.0004,0.0007,199.3003787
0.00045,0.0004,0.00075,132.2865391
0.00045,0.0004,0.0008,162.8071512
0.00045,0.0004,0.00085,296.069827
0.00045,0.0004,0.0009,192.5821863
0.00045,0.0004,0.00095,225.2051717
0.00045,0.00045,5.00E-05,424.4157163
0.00045,0.00045,0.0001,441.8119224
0.00045,0.00045,0.00015,459.2081286
0.00045,0.00045,0.0002,447.465683
0.00045,0.00045,0.00025,419.148548
0.00045,0.00045,0.0003,406.2962365
0.00045,0.00045,0.00035,384.2813895
0.00045,0.00045,0.0004,360.4925154
0.00045,0.00045,0.00045,331.1490167
0.00045,0.00045,0.0005,305.0196137
0.00045,0.00045,0.00055,274.9819308
0.00045,0.00045,0.0006,287.1280068
0.00045,0.00045,0.00065,248.7727294
0.00045,0.00045,0.0007,141.6122576
0.00045,0.00045,0.00075,10.05169409
0.00045,0.00045,0.0008,238.8322802
0.00045,0.00045,0.00085,345.5316279
0.00045,0.00045,0.0009,93.01834797
0.00045,0.00045,0.00095,202.605056
0.00045,0.0005,5.00E-05,437.9902208
0.00045,0.0005,0.0001,506.1826486
0.00045,0.0005,0.00015,523.4256037
0.00045,0.0005,0.0002,415.58777
0.00045,0.0005,0.00025,387.2879712
0.00045,0.0005,0.0003,365.6864762
0.00045,0.0005,0.00035,386.7487431
0.00045,0.0005,0.0004,362.9175229
0.00045,0.0005,0.00045,258.5719955
0.00045,0.0005,0.0005,241.9208394
0.00045,0.0005,0.00055,215.2066328
0.00045,0.0005,0.0006,218.4241969
0.00045,0.0005,0.00065,191.3200656
0.00045,0.0005,0.0007,77.64311883
0.00045,0.0005,0.00075,-112.0376759
0.00045,0.0005,0.0008,235.9500568
0.00045,0.0005,0.00085,447.6097143
0.00045,0.0005,0.0009,265.1128737
0.00045,0.0005,0.00095,471.351784
0.00045,0.00055,5.00E-05,401.3480768
0.00045,0.00055,0.0001,591.693498
0.00045,0.00055,0.00015,608.9409194
0.00045,0.00055,0.0002,407.8041329
0.00045,0.00055,0.00025,353.7207078
0.00045,0.00055,0.0003,350.9766914
0.00045,0.00055,0.00035,514.3182213
0.00045,0.00055,0.0004,515.9823238
0.00045,0.00055,0.00045,314.4101106
0.00045,0.00055,0.0005,207.6651774
0.00045,0.00055,0.00055,268.7899238
0.00045,0.00055,0.0006,357.7353929
0.00045,0.00055,0.00065,254.5966626
0.00045,0.00055,0.0007,158.8084406
0.00045,0.00055,0.00075,24.72238199
0.00045,0.00055,0.0008,187.4379776
0.00045,0.00055,0.00085,519.2125505
0.00045,0.00055,0.0009,625.5341327
0.00045,0.00055,0.00095,543.9961894
0.00045,0.0006,5.00E-05,387.8769121
0.00045,0.0006,0.0001,675.7633635
0.00045,0.0006,0.00015,656.2054223
0.00045,0.0006,0.0002,428.3284954
0.00045,0.0006,0.00025,323.9508703
0.00045,0.0006,0.0003,399.7255398
0.00045,0.0006,0.00035,532.4439509
0.00045,0.0006,0.0004,656.2524531
0.00045,0.0006,0.00045,401.3415553
0.00045,0.0006,0.0005,247.8698965
0.00045,0.0006,0.00055,386.8897227
0.00045,0.0006,0.0006,498.4242772
0.00045,0.0006,0.00065,406.3129578
0.00045,0.0006,0.0007,399.6393742
0.00045,0.0006,0.00075,316.3445315
0.00045,0.0006,0.0008,307.1428591
0.00045,0.0006,0.00085,477.0905926
0.00045,0.0006,0.0009,548.8809642
0.00045,0.0006,0.00095,536.4215719
0.00045,0.00065,5.00E-05,374.4057475
0.00045,0.00065,0.0001,673.7048724
0.00045,0.00065,0.00015,662.5421014
0.00045,0.00065,0.0002,433.6985929
0.00045,0.00065,0.00025,352.5710452
0.00045,0.00065,0.0003,441.088173
0.00045,0.00065,0.00035,491.4309011
0.00045,0.00065,0.0004,488.1732356
0.00045,0.00065,0.00045,467.4860655
0.00045,0.00065,0.0005,493.3307323
0.00045,0.00065,0.00055,558.5131585
0.00045,0.00065,0.0006,621.7981167
0.00045,0.00065,0.00065,611.4865818
0.00045,0.00065,0.0007,582.2859017
0.00045,0.00065,0.00075,552.4497351
0.00045,0.00065,0.0008,542.170935
0.00045,0.00065,0.00085,526.7018753
0.00045,0.00065,0.0009,520.7837367
0.00045,0.00065,0.00095,503.813013
0.00045,0.0007,5.00E-05,367.3759525
0.00045,0.0007,0.0001,690.3492113
0.00045,0.0007,0.00015,677.5047594
0.00045,0.0007,0.0002,462.8442109
0.00045,0.0007,0.00025,520.6329576
0.00045,0.0007,0.0003,580.2230638
0.00045,0.0007,0.00035,644.616709
0.00045,0.0007,0.0004,705.5353625
0.00045,0.0007,0.00045,676.9139979
0.00045,0.0007,0.0005,677.9105282
0.00045,0.0007,0.00055,670.0048784
0.00045,0.0007,0.0006,661.884764
0.00045,0.0007,0.00065,612.4328425
0.00045,0.0007,0.0007,576.124261
0.00045,0.0007,0.00075,548.5078306
0.00045,0.0007,0.0008,538.2290306
0.00045,0.0007,0.00085,505.8669366
0.00045,0.0007,0.0009,510.9269968
0.00045,0.0007,0.00095,535.6267332
0.00045,0.00075,5.00E-05,478.010352
0.00045,0.00075,0.0001,686.6326257
0.00045,0.00075,0.00015,698.5988622
0.00045,0.00075,0.0002,603.1443895
0.00045,0.00075,0.00025,729.0700542
0.00045,0.00075,0.0003,792.9853268
0.00045,0.00075,0.00035,765.978817
0.00045,0.00075,0.0004,730.6276509
0.00045,0.00075,0.00045,695.8752858
0.00045,0.00075,0.0005,681.5612873
0.00045,0.00075,0.00055,675.3327843
0.00045,0.00075,0.0006,669.171568
0.00045,0.00075,0.00065,619.5718542
0.00045,0.00075,0.0007,569.9626203
0.00045,0.00075,0.00075,544.5659262
0.00045,0.00075,0.0008,527.0396565
0.00045,0.00075,0.00085,485.6719196
0.00045,0.00075,0.0009,474.1531674
0.00045,0.00075,0.00095,528.2378074
0.00045,0.0008,5.00E-05,531.0584807
0.00045,0.0008,0.0001,657.9212886
0.00045,0.0008,0.00015,722.842525
0.00045,0.0008,0.0002,765.5219641
0.00045,0.0008,0.00025,791.9687574
0.00045,0.0008,0.0003,794.572852
0.00045,0.0008,0.00035,763.8848626
0.00045,0.0008,0.0004,728.5682165
0.00045,0.0008,0.00045,693.4880299
0.00045,0.0008,0.0005,685.9566537
0.00045,0.0008,0.00055,663.8677271
0.00045,0.0008,0.0006,662.8112123
0.00045,0.0008,0.00065,622.4278597
0.00045,0.0008,0.0007,577.2589444
0.00045,0.0008,0.00075,537.0583997
0.00045,0.0008,0.0008,513.8534914
0.00045,0.0008,0.00085,490.2751174
0.00045,0.0008,0.0009,483.9269675
0.00045,0.0008,0.00095,555.3875289
0.00045,0.00085,5.00E-05,553.090959
0.00045,0.00085,0.0001,644.6009266
0.00045,0.00085,0.00015,730.4093965
0.00045,0.00085,0.0002,798.2402069
0.00045,0.00085,0.00025,822.4689468
0.00045,0.00085,0.0003,791.2673795
0.00045,0.00085,0.00035,760.9997972
0.00045,0.00085,0.0004,726.5117129
0.00045,0.00085,0.00045,697.7423641
0.00045,0.00085,0.0005,683.4195018
0.00045,0.00085,0.00055,656.6440852
0.00045,0.00085,0.0006,613.8047469
0.00045,0.00085,0.00065,569.1461735
0.00045,0.00085,0.0007,527.2641829
0.00045,0.00085,0.00075,528.011145
0.00045,0.00085,0.0008,517.1366835
0.00045,0.00085,0.00085,498.3724823
0.00045,0.00085,0.0009,482.2258751
0.00045,0.00085,0.00095,539.7328514
0.00045,0.0009,5.00E-05,534.9840121
0.00045,0.0009,0.0001,616.2968188
0.00045,0.0009,0.00015,701.477466
0.00045,0.0009,0.0002,823.8046902
0.00045,0.0009,0.00025,819.8678738
0.00045,0.0009,0.0003,788.7139429
0.00045,0.0009,0.00035,757.8069853
0.00045,0.0009,0.0004,724.4552092
0.00045,0.0009,0.00045,707.6577666
0.00045,0.0009,0.0005,670.8576963
0.00045,0.0009,0.00055,612.4612429
0.00045,0.0009,0.0006,559.4190056
0.00045,0.0009,0.00065,519.7100616
0.00045,0.0009,0.0007,501.6725223
0.00045,0.0009,0.00075,503.1400494
0.00045,0.0009,0.0008,506.7551838
0.00045,0.0009,0.00085,492.2240412
0.00045,0.0009,0.0009,471.8977768
0.00045,0.0009,0.00095,538.7291943
0.00045,0.00095,5.00E-05,395.7485365
0.00045,0.00095,0.0001,586.8964952
0.00045,0.00095,0.00015,661.3061618
0.00045,0.00095,0.0002,735.7158284
0.00045,0.00095,0.00025,799.5419418
0.00045,0.00095,0.0003,784.1695027
0.00045,0.00095,0.00035,755.2535487
0.00045,0.00095,0.0004,722.6497201
0.00045,0.00095,0.00045,676.7020404
0.00045,0.00095,0.0005,618.305587
0.00045,0.00095,0.00055,571.999145
0.00045,0.00095,0.0006,533.4775958
0.00045,0.00095,0.00065,505.1212997
0.00045,0.00095,0.0007,477.4871704
0.00045,0.00095,0.00075,477.5210893
0.00045,0.00095,0.0008,478.1197511
0.00045,0.00095,0.00085,497.1733925
0.00045,0.00095,0.0009,526.1231572
0.00045,0.00095,0.00095,500.0644844
0.0005,5.00E-05,0.0001,544.9198731
0.0005,5.00E-05,0.00015,537.078955
0.0005,5.00E-05,0.0002,533.6247078
0.0005,5.00E-05,0.00025,538.4246176
0.0005,5.00E-05,0.0003,550.4738873
0.0005,5.00E-05,0.00035,565.1220885
0.0005,5.00E-05,0.0004,579.9545389
0.0005,5.00E-05,0.00045,590.7807664
0.0005,5.00E-05,0.0005,594.8435859
0.0005,5.00E-05,0.00055,599.3420185
0.0005,5.00E-05,0.0006,609.0880343
0.0005,5.00E-05,0.00065,609.5607673
0.0005,5.00E-05,0.0007,603.2144702
0.0005,5.00E-05,0.00075,631.3043385
0.0005,5.00E-05,0.0008,648.9736993
0.0005,5.00E-05,0.00085,639.5869579
0.0005,5.00E-05,0.0009,609.452182
0.0005,5.00E-05,0.00095,596.1292446
0.0005,0.0001,5.00E-05,540.1074776
0.0005,0.0001,0.0001,540.4226827
0.0005,0.0001,0.00015,535.6938798
0.0005,0.0001,0.0002,534.2192623
0.0005,0.0001,0.00025,541.4579554
0.0005,0.0001,0.0003,555.9454861
0.0005,0.0001,0.00035,569.0080259
0.0005,0.0001,0.0004,579.4248333
0.0005,0.0001,0.00045,585.9613357
0.0005,0.0001,0.0005,583.8477198
0.0005,0.0001,0.00055,587.9142522
0.0005,0.0001,0.0006,590.9215622
0.0005,0.0001,0.00065,584.5156889
0.0005,0.0001,0.0007,579.6891917
0.0005,0.0001,0.00075,583.7753369
0.0005,0.0001,0.0008,587.861482
0.0005,0.0001,0.00085,591.9476272
0.0005,0.0001,0.0009,576.3680589
0.0005,0.0001,0.00095,564.0383321
0.0005,0.00015,5.00E-05,532.1964072
0.0005,0.00015,0.0001,535.7680578
0.0005,0.00015,0.00015,535.5586383
0.0005,0.00015,0.0002,534.9240554
0.0005,0.00015,0.00025,545.5182461
0.0005,0.00015,0.0003,555.7542376
0.0005,0.00015,0.00035,563.693592
0.0005,0.00015,0.0004,571.8466553
0.0005,0.00015,0.00045,578.3722612
0.0005,0.00015,0.0005,576.0565369
0.0005,0.00015,0.00055,568.5415516
0.0005,0.00015,0.0006,567.1506654
0.0005,0.00015,0.00065,562.1016531
0.0005,0.00015,0.0007,566.8355756
0.0005,0.00015,0.00075,570.8724103
0.0005,0.00015,0.0008,564.0522668
0.0005,0.00015,0.00085,535.6909889
0.0005,0.00015,0.0009,523.1373711
0.0005,0.00015,0.00095,530.1958598
0.0005,0.0002,5.00E-05,525.7683753
0.0005,0.0002,0.0001,527.8246216
0.0005,0.0002,0.00015,531.8246551
0.0005,0.0002,0.0002,533.5435434
0.0005,0.0002,0.00025,540.1774993
0.0005,0.0002,0.0003,548.0661746
0.0005,0.0002,0.00035,555.9548499
0.0005,0.0002,0.0004,563.5257123
0.0005,0.0002,0.00045,570.0646395
0.0005,0.0002,0.0005,556.9718302
0.0005,0.0002,0.00055,545.0742947
0.0005,0.0002,0.0006,544.3296915
0.0005,0.0002,0.00065,549.6728568
0.0005,0.0002,0.0007,554.4290236
0.0005,0.0002,0.00075,531.208046
0.0005,0.0002,0.0008,504.6194151
0.0005,0.0002,0.00085,465.9672287
0.0005,0.0002,0.0009,475.1049303
0.0005,0.0002,0.00095,485.7596504
0.0005,0.00025,5.00E-05,526.5042719
0.0005,0.00025,0.0001,528.5586735
0.0005,0.00025,0.00015,526.1654787
0.0005,0.00025,0.0002,530.5639325
0.0005,0.00025,0.00025,529.8734783
0.0005,0.00025,0.0003,536.917683
0.0005,0.00025,0.00035,543.228246
0.0005,0.00025,0.0004,543.3694997
0.0005,0.00025,0.00045,548.3715115
0.0005,0.00025,0.0005,535.6611863
0.0005,0.00025,0.00055,500.1781284
0.0005,0.00025,0.0006,511.827269
0.0005,0.00025,0.00065,519.4287719
0.0005,0.00025,0.0007,495.6776445
0.0005,0.00025,0.00075,470.2930849
0.0005,0.00025,0.0008,421.5247454
0.0005,0.00025,0.00085,396.7502246
0.0005,0.00025,0.0009,404.4785962
0.0005,0.00025,0.00095,415.2454506
0.0005,0.0003,5.00E-05,524.2152689
0.0005,0.0003,0.0001,521.8488494
0.0005,0.0003,0.00015,521.8665351
0.0005,0.0003,0.0002,526.7685269
0.0005,0.0003,0.00025,527.5374396
0.0005,0.0003,0.0003,525.7183634
0.0005,0.0003,0.00035,524.7743312
0.0005,0.0003,0.0004,523.9414458
0.0005,0.0003,0.00045,526.5628016
0.0005,0.0003,0.0005,493.4346415
0.0005,0.0003,0.00055,470.5409162
0.0005,0.0003,0.0006,478.0918335
0.0005,0.0003,0.00065,446.479889
0.0005,0.0003,0.0007,383.0161385
0.0005,0.0003,0.00075,369.6162302
0.0005,0.0003,0.0008,352.1784511
0.0005,0.0003,0.00085,327.972935
0.0005,0.0003,0.0009,335.2434599
0.0005,0.0003,0.00095,357.4617209
0.0005,0.00035,5.00E-05,510.4444171
0.0005,0.00035,0.0001,509.7099523
0.0005,0.00035,0.00015,510.2817745
0.0005,0.00035,0.0002,512.8170909
0.0005,0.00035,0.00025,513.6211682
0.0005,0.00035,0.0003,513.269328
0.0005,0.00035,0.00035,502.138327
0.0005,0.00035,0.0004,498.5049188
0.0005,0.00035,0.00045,473.9170489
0.0005,0.00035,0.0005,446.7314398
0.0005,0.00035,0.00055,427.8334225
0.0005,0.00035,0.0006,398.3384515
0.0005,0.00035,0.00065,344.3600398
0.0005,0.00035,0.0007,377.1203832
0.0005,0.00035,0.00075,363.4734124
0.0005,0.00035,0.0008,351.5468816
0.0005,0.00035,0.00085,273.0446723
0.0005,0.00035,0.0009,297.8012914
0.0005,0.00035,0.00095,309.2371351
0.0005,0.0004,5.00E-05,478.9389868
0.0005,0.0004,0.0001,478.6267626
0.0005,0.0004,0.00015,484.1333589
0.0005,0.0004,0.0002,493.4410211
0.0005,0.0004,0.00025,473.0061716
0.0005,0.0004,0.0003,472.6654699
0.0005,0.0004,0.00035,457.0756124
0.0005,0.0004,0.0004,450.9851412
0.0005,0.0004,0.00045,420.9350696
0.0005,0.0004,0.0005,381.0798312
0.0005,0.0004,0.00055,362.181814
0.0005,0.0004,0.0006,315.7562622
0.0005,0.0004,0.00065,268.8992036
0.0005,0.0004,0.0007,323.7810624
0.0005,0.0004,0.00075,333.98567
0.0005,0.0004,0.0008,323.2804115
0.0005,0.0004,0.00085,181.9370727
0.0005,0.0004,0.0009,215.3743949
0.0005,0.0004,0.00095,242.4364091
0.0005,0.00045,5.00E-05,444.6198018
0.0005,0.00045,0.0001,449.1465932
0.0005,0.00045,0.00015,466.5112612
0.0005,0.00045,0.0002,475.8077938
0.0005,0.00045,0.00025,451.7368739
0.0005,0.00045,0.0003,427.3566741
0.0005,0.00045,0.00035,411.7059422
0.0005,0.00045,0.0004,389.4756221
0.0005,0.00045,0.00045,358.2836663
0.0005,0.00045,0.0005,321.2662611
0.0005,0.00045,0.00055,289.8488326
0.0005,0.00045,0.0006,243.9252288
0.0005,0.00045,0.00065,198.8042634
0.0005,0.00045,0.0007,157.8485721
0.0005,0.00045,0.00075,243.11424
0.0005,0.00045,0.0008,63.49615213
0.0005,0.00045,0.00085,77.60212195
0.0005,0.00045,0.0009,121.7809965
0.0005,0.00045,0.00095,252.3374559
0.0005,0.0005,5.00E-05,475.7637284
0.0005,0.0005,0.0001,518.3454573
0.0005,0.0005,0.00015,535.5882983
0.0005,0.0005,0.0002,557.6991831
0.0005,0.0005,0.00025,583.3923054
0.0005,0.0005,0.0003,554.7255891
0.0005,0.0005,0.00035,483.0281209
0.0005,0.0005,0.0004,458.273981
0.0005,0.0005,0.00045,365.7458547
0.0005,0.0005,0.0005,306.128585
0.0005,0.0005,0.00055,246.0569059
0.0005,0.0005,0.0006,178.7246891
0.0005,0.0005,0.00065,137.5031111
0.0005,0.0005,0.0007,39.65838281
0.0005,0.0005,0.00075,182.9902454
0.0005,0.0005,0.0008,-3.187236397
0.0005,0.0005,0.00085,147.5408566
0.0005,0.0005,0.0009,216.1323511
0.0005,0.0005,0.00095,473.4073953
0.0005,0.00055,5.00E-05,407.3919826
0.0005,0.00055,0.0001,606.3880666
0.0005,0.00055,0.00015,655.1916737
0.0005,0.00055,0.0002,432.3440649
0.0005,0.00055,0.00025,745.8163967
0.0005,0.00055,0.0003,719.7524293
0.0005,0.00055,0.00035,651.2082905
0.0005,0.00055,0.0004,622.0830751
0.0005,0.00055,0.00045,314.9877447
0.0005,0.00055,0.0005,379.5616358
0.0005,0.00055,0.00055,522.7745917
0.0005,0.00055,0.0006,437.2604497
0.0005,0.00055,0.00065,241.0851434
0.0005,0.00055,0.0007,176.4618609
0.0005,0.00055,0.00075,96.93509524
0.0005,0.00055,0.0008,149.3795157
0.0005,0.00055,0.00085,287.1684125
0.0005,0.00055,0.0009,490.6426931
0.0005,0.00055,0.00095,545.9293343
0.0005,0.0006,5.00E-05,370.9778078
0.0005,0.0006,0.0001,694.430676
0.0005,0.0006,0.00015,547.4407625
0.0005,0.0006,0.0002,300.1624841
0.0005,0.0006,0.00025,635.4807447
0.0005,0.0006,0.0003,823.6244548
0.0005,0.0006,0.00035,836.2698693
0.0005,0.0006,0.0004,638.92554
0.0005,0.0006,0.00045,322.3826964
0.0005,0.0006,0.0005,511.6453544
0.0005,0.0006,0.00055,638.8809091
0.0005,0.0006,0.0006,566.5708141
0.0005,0.0006,0.00065,399.9833165
0.0005,0.0006,0.0007,416.3684934
0.0005,0.0006,0.00075,425.8913783
0.0005,0.0006,0.0008,361.4020474
0.0005,0.0006,0.00085,516.398815
0.0005,0.0006,0.0009,522.3010248
0.0005,0.0006,0.00095,518.2914501
0.0005,0.00065,5.00E-05,334.563633
0.0005,0.00065,0.0001,780.3222371
0.0005,0.00065,0.00015,535.3323481
0.0005,0.00065,0.0002,256.1882377
0.0005,0.00065,0.00025,505.0981891
0.0005,0.00065,0.0003,861.8093212
0.0005,0.00065,0.00035,874.0118981
0.0005,0.00065,0.0004,810.3584321
0.0005,0.00065,0.00045,581.6229202
0.0005,0.00065,0.0005,700.3662886
0.0005,0.00065,0.00055,690.3700683
0.0005,0.00065,0.0006,643.4665651
0.0005,0.00065,0.00065,630.0457742
0.0005,0.00065,0.0007,592.9874496
0.0005,0.00065,0.00075,556.6788682
0.0005,0.00065,0.0008,539.5632094
0.0005,0.00065,0.00085,507.135709
0.0005,0.00065,0.0009,488.0373955
0.0005,0.00065,0.00095,485.7921692
0.0005,0.0007,5.00E-05,411.1471502
0.0005,0.0007,0.0001,798.0544193
0.0005,0.0007,0.00015,557.3430406
0.0005,0.0007,0.0002,408.0041567
0.0005,0.0007,0.00025,520.2077139
0.0005,0.0007,0.0003,824.6931482
0.0005,0.0007,0.00035,819.6393392
0.0005,0.0007,0.0004,762.4050461
0.0005,0.0007,0.00045,729.8265101
0.0005,0.0007,0.0005,723.2645858
0.0005,0.0007,0.00055,710.1985162
0.0005,0.0007,0.0006,674.7017206
0.0005,0.0007,0.00065,624.6823241
0.0005,0.0007,0.0007,587.2514062
0.0005,0.0007,0.00075,550.5172275
0.0005,0.0007,0.0008,523.8924287
0.0005,0.0007,0.00085,479.25465
0.0005,0.0007,0.0009,471.2553027
0.0005,0.0007,0.00095,499.9404318
0.0005,0.00075,5.00E-05,569.9492324
0.0005,0.00075,0.0001,736.6837021
0.0005,0.00075,0.00015,620.6235788
0.0005,0.00075,0.0002,643.2770829
0.0005,0.00075,0.00025,755.4806401
0.0005,0.00075,0.0003,830.3687124
0.0005,0.00075,0.00035,796.238249
0.0005,0.00075,0.0004,761.4858839
0.0005,0.00075,0.00045,726.7335189
0.0005,0.00075,0.0005,725.5193892
0.0005,0.00075,0.00055,719.8808899
0.0005,0.00075,0.0006,686.9726925
0.0005,0.00075,0.00065,631.0597065
0.0005,0.00075,0.0007,581.8879561
0.0005,0.00075,0.00075,544.4570382
0.0005,0.00075,0.0008,500.5203392
0.0005,0.00075,0.00085,456.8535694
0.0005,0.00075,0.0009,452.4197755
0.0005,0.00075,0.00095,510.6311383
0.0005,0.0008,5.00E-05,532.6530011
0.0005,0.0008,0.0001,664.9758548
0.0005,0.0008,0.00015,766.3464519
0.0005,0.0008,0.0002,806.0669417
0.0005,0.0008,0.00025,838.5055206
0.0005,0.0008,0.0003,829.1201035
0.0005,0.0008,0.00035,793.9785173
0.0005,0.0008,0.0004,758.8983307
0.0005,0.0008,0.00045,725.3110153
0.0005,0.0008,0.0005,729.4453811
0.0005,0.0008,0.00055,712.2342972
0.0005,0.0008,0.0006,685.4619609
0.0005,0.0008,0.00065,640.9589284
0.0005,0.0008,0.0007,579.9112668
0.0005,0.0008,0.00075,521.7111449
0.0005,0.0008,0.0008,489.6027951
0.0005,0.0008,0.00085,469.5655453
0.0005,0.0008,0.0009,456.677731
0.0005,0.0008,0.00095,539.8154404
0.0005,0.00085,5.00E-05,587.4807455
0.0005,0.00085,0.0001,704.7361486
0.0005,0.00085,0.00015,794.2369123
0.0005,0.00085,0.0002,845.3913662
0.0005,0.00085,0.00025,858.0099643
0.0005,0.00085,0.0003,826.5190305
0.0005,0.00085,0.00035,792.9592497
0.0005,0.00085,0.0004,756.8418271
0.0005,0.00085,0.00045,737.5675532
0.0005,0.00085,0.0005,736.2853784
0.0005,0.00085,0.00055,680.1296346
0.0005,0.00085,0.0006,631.3890658
0.0005,0.00085,0.00065,586.7304924
0.0005,0.00085,0.0007,543.1543709
0.0005,0.00085,0.00075,520.317117
0.0005,0.00085,0.0008,498.5678871
0.0005,0.00085,0.00085,480.6548151
0.0005,0.00085,0.0009,462.5481787
0.0005,0.00085,0.00095,540.7946076
0.0005,0.0009,5.00E-05,563.4202256
0.0005,0.0009,0.0001,657.9288927
0.0005,0.0009,0.00015,762.8454497
0.0005,0.0009,0.0002,881.5797181
0.0005,0.0009,0.00025,855.4088913
0.0005,0.0009,0.0003,823.9179575
0.0005,0.0009,0.00035,792.0068921
0.0005,0.0009,0.0004,754.9303533
0.0005,0.0009,0.00045,728.8630378
0.0005,0.0009,0.0005,685.9739788
0.0005,0.0009,0.00055,627.5775254
0.0005,0.0009,0.0006,577.0033245
0.0005,0.0009,0.00065,535.6002496
0.0005,0.0009,0.0007,503.0615
0.0005,0.0009,0.00075,497.1435844
0.0005,0.0009,0.0008,497.9204783
0.0005,0.0009,0.00085,483.2366493
0.0005,0.0009,0.0009,452.0797452
0.0005,0.0009,0.00095,511.2615918
0.0005,0.00095,5.00E-05,475.5391489
0.0005,0.00095,0.0001,572.9872822
0.0005,0.00095,0.00015,653.1103149
0.0005,0.00095,0.0002,725.8507863
0.0005,0.00095,0.00025,798.5912578
0.0005,0.00095,0.0003,821.3168844
0.0005,0.00095,0.00035,790.4070506
0.0005,0.00095,0.0004,744.3673133
0.0005,0.00095,0.00045,680.9259775
0.0005,0.00095,0.0005,633.4218695
0.0005,0.00095,0.00055,575.0254161
0.0005,0.00095,0.0006,530.8836873
0.0005,0.00095,0.00065,503.249558
0.0005,0.00095,0.0007,475.6154288
0.0005,0.00095,0.00075,472.7572987
0.0005,0.00095,0.0008,473.3559604
0.0005,0.00095,0.00085,486.5323063
0.0005,0.00095,0.0009,485.397096
0.0005,0.00095,0.00095,494.4400759
0.00055,5.00E-05,0.0001,557.916336
0.00055,5.00E-05,0.00015,549.4478521
0.00055,5.00E-05,0.0002,543.8568272
0.00055,5.00E-05,0.00025,548.7669011
0.00055,5.00E-05,0.0003,555.8205629
0.00055,5.00E-05,0.00035,570.7321722
0.00055,5.00E-05,0.0004,581.8984732
0.00055,5.00E-05,0.00045,592.8819482
0.00055,5.00E-05,0.0005,594.8251061
0.00055,5.00E-05,0.00055,603.7010242
0.00055,5.00E-05,0.0006,620.4690715
0.00055,5.00E-05,0.00065,628.0787098
0.00055,5.00E-05,0.0007,621.5729607
0.00055,5.00E-05,0.00075,660.3626043
0.00055,5.00E-05,0.0008,645.1974332
0.00055,5.00E-05,0.00085,636.5756906
0.00055,5.00E-05,0.0009,606.4409147
0.00055,5.00E-05,0.00095,576.3061387
0.00055,0.0001,5.00E-05,550.7867526
0.00055,0.0001,0.0001,544.9137764
0.00055,0.0001,0.00015,545.1645809
0.00055,0.0001,0.0002,544.5399654
0.00055,0.0001,0.00025,549.4501139
0.00055,0.0001,0.0003,560.0666898
0.00055,0.0001,0.00035,570.4834914
0.00055,0.0001,0.0004,586.2134068
0.00055,0.0001,0.00045,594.6793801
0.00055,0.0001,0.0005,582.7671188
0.00055,0.0001,0.00055,586.9242514
0.00055,0.0001,0.0006,610.1046731
0.00055,0.0001,0.00065,617.7464677
0.00055,0.0001,0.0007,612.9360583
0.00055,0.0001,0.00075,617.0222035
0.00055,0.0001,0.0008,609.599005
0.00055,0.0001,0.00085,591.6212677
0.00055,0.0001,0.0009,538.7275381
0.00055,0.0001,0.00095,525.0426249
0.00055,0.00015,5.00E-05,540.2706564
0.00055,0.00015,0.0001,550.627454
0.00055,0.00015,0.00015,550.9262948
0.00055,0.00015,0.0002,544.0440858
0.00055,0.00015,0.00025,547.4551927
0.00055,0.00015,0.0003,557.048893
0.00055,0.00015,0.00035,567.4908353
0.00055,0.00015,0.0004,585.9396801
0.00055,0.00015,0.00045,592.418957
0.00055,0.00015,0.0005,576.7752115
0.00055,0.00015,0.00055,574.7756639
0.00055,0.00015,0.0006,578.7315188
0.00055,0.00015,0.00065,581.061373
0.00055,0.00015,0.0007,576.2750531
0.00055,0.00015,0.00075,580.3611983
0.00055,0.00015,0.0008,590.7762159
0.00055,0.00015,0.00085,589.0673147
0.00055,0.00015,0.0009,536.8679622
0.00055,0.00015,0.00095,515.9999399
0.00055,0.0002,5.00E-05,532.8623407
0.00055,0.0002,0.0001,536.8687391
0.00055,0.0002,0.00015,547.2106899
0.00055,0.0002,0.0002,548.9294876
0.00055,0.0002,0.00025,545.0526329
0.00055,0.0002,0.0003,551.7088791
0.00055,0.0002,0.00035,559.2818318
0.00055,0.0002,0.0004,577.7366244
0.00055,0.0002,0.00045,584.2490814
0.00055,0.0002,0.0005,568.6265594
0.00055,0.0002,0.00055,555.5473688
0.00055,0.0002,0.0006,554.4970498
0.00055,0.0002,0.00065,557.9737482
0.00055,0.0002,0.0007,563.2115589
0.00055,0.0002,0.00075,545.3682348
0.00055,0.0002,0.0008,560.4964651
0.00055,0.0002,0.00085,516.7045464
0.00055,0.0002,0.0009,468.4003557
0.00055,0.0002,0.00095,469.2169401
0.00055,0.00025,5.00E-05,535.321526
0.00055,0.00025,0.0001,539.3406209
0.00055,0.00025,0.00015,540.2800274
0.00055,0.00025,0.0002,535.7336651
0.00055,0.00025,0.00025,543.0962353
0.00055,0.00025,0.0003,541.3710617
0.00055,0.00025,0.00035,540.4288222
0.00055,0.00025,0.0004,556.7577991
0.00055,0.00025,0.00045,560.4396296
0.00055,0.00025,0.0005,544.8890061
0.00055,0.00025,0.00055,506.7309855
0.00055,0.00025,0.0006,518.4389403
0.00055,0.00025,0.00065,521.6768229
0.00055,0.00025,0.0007,486.4027448
0.00055,0.00025,0.00075,495.4286481
0.00055,0.00025,0.0008,464.6901352
0.00055,0.00025,0.00085,402.7112889
0.00055,0.00025,0.0009,400.8452658
0.00055,0.00025,0.00095,406.4209905
0.00055,0.0003,5.00E-05,536.0833537
0.00055,0.0003,0.0001,533.7163448
0.00055,0.0003,0.00015,528.3318413
0.00055,0.0003,0.0002,532.7027092
0.00055,0.0003,0.00025,541.0921595
0.00055,0.0003,0.0003,540.3900248
0.00055,0.0003,0.00035,539.4477907
0.00055,0.0003,0.0004,540.5766624
0.00055,0.0003,0.00045,516.5265942
0.00055,0.0003,0.0005,489.3457159
0.00055,0.0003,0.00055,454.9766899
0.00055,0.0003,0.0006,445.0011063
0.00055,0.0003,0.00065,434.952949
0.00055,0.0003,0.0007,394.6319957
0.00055,0.0003,0.00075,379.6210165
0.00055,0.0003,0.0008,359.5945373
0.00055,0.0003,0.00085,333.4866555
0.00055,0.0003,0.0009,336.1836904
0.00055,0.0003,0.00095,339.1465308
0.00055,0.00035,5.00E-05,522.3231583
0.00055,0.00035,0.0001,516.9486595
0.00055,0.00035,0.00015,516.2223474
0.00055,0.00035,0.0002,518.767477
0.00055,0.00035,0.00025,527.1767287
0.00055,0.00035,0.0003,527.9673172
0.00055,0.00035,0.00035,516.8501102
0.00055,0.00035,0.0004,501.29132
0.00055,0.00035,0.00045,470.6939434
0.00055,0.00035,0.0005,439.0502724
0.00055,0.00035,0.00055,410.6635858
0.00055,0.00035,0.0006,378.9037815
0.00055,0.00035,0.00065,350.7278853
0.00055,0.00035,0.0007,388.3555235
0.00055,0.00035,0.00075,372.2053111
0.00055,0.00035,0.0008,358.5835133
0.00055,0.00035,0.00085,280.6609494
0.00055,0.00035,0.0009,305.2241678
0.00055,0.00035,0.00095,290.3984038
0.00055,0.0004,5.00E-05,496.3517344
0.00055,0.0004,0.0001,494.8122752
0.00055,0.0004,0.00015,494.4956431
0.00055,0.0004,0.0002,496.3484006
0.00055,0.0004,0.00025,499.9618199
0.00055,0.0004,0.0003,500.772442
0.00055,0.0004,0.00035,471.954148
0.00055,0.0004,0.0004,462.2657272
0.00055,0.0004,0.00045,418.4879442
0.00055,0.0004,0.0005,383.7471796
0.00055,0.0004,0.00055,343.6891072
0.00055,0.0004,0.0006,295.6963593
0.00055,0.0004,0.00065,266.3714027
0.00055,0.0004,0.0007,336.4566754
0.00055,0.0004,0.00075,510.1536595
0.00055,0.0004,0.0008,445.6112259
0.00055,0.0004,0.00085,189.752242
0.00055,0.0004,0.0009,227.8225616
0.00055,0.0004,0.00095,228.9070211
0.00055,0.00045,5.00E-05,464.9081752
0.00055,0.00045,0.0001,463.8235563
0.00055,0.00045,0.00015,468.340215
0.00055,0.00045,0.0002,477.6256231
0.00055,0.00045,0.00025,480.4895546
0.00055,0.00045,0.0003,460.3473747
0.00055,0.00045,0.00035,440.0951164
0.00055,0.00045,0.0004,423.2401343
0.00055,0.00045,0.00045,358.4068633
0.00055,0.00045,0.0005,328.0328844
0.00055,0.00045,0.00055,267.4976022
0.00055,0.00045,0.0006,215.4059528
0.00055,0.00045,0.00065,182.01492
0.00055,0.00045,0.0007,282.6121413
0.00055,0.00045,0.00075,648.7658443
0.00055,0.00045,0.0008,392.4255099
0.00055,0.00045,0.00085,143.6003284
0.00055,0.00045,0.0009,145.6851226
0.00055,0.00045,0.00095,300.7290825
0.00055,0.0005,5.00E-05,496.7236712
0.00055,0.0005,0.0001,530.4739361
0.00055,0.0005,0.00015,537.2954249
0.00055,0.0005,0.0002,559.9003695
0.00055,0.0005,0.00025,598.6746511
0.00055,0.0005,0.0003,587.5061157
0.00055,0.0005,0.00035,487.7297834
0.00055,0.0005,0.0004,423.3948738
0.00055,0.0005,0.00045,311.65512
0.00055,0.0005,0.0005,256.9192219
0.00055,0.0005,0.00055,191.3764378
0.00055,0.0005,0.0006,135.1155463
0.00055,0.0005,0.00065,101.0576313
0.00055,0.0005,0.0007,255.483206
0.00055,0.0005,0.00075,544.9422079
0.00055,0.0005,0.0008,402.0772529
0.00055,0.0005,0.00085,201.8788113
0.00055,0.0005,0.0009,255.0257372
0.00055,0.0005,0.00095,493.1509559
0.00055,0.00055,5.00E-05,392.3992128
0.00055,0.00055,0.0001,619.2054187
0.00055,0.00055,0.00015,683.2142236
0.00055,0.00055,0.0002,434.5452513
0.00055,0.00055,0.00025,744.2238215
0.00055,0.00055,0.0003,746.8434783
0.00055,0.00055,0.00035,632.0526456
0.00055,0.00055,0.0004,434.6629257
0.00055,0.00055,0.00045,252.4789052
0.00055,0.00055,0.0005,563.5026747
0.00055,0.00055,0.00055,407.6698294
0.00055,0.00055,0.0006,203.9096164
0.00055,0.00055,0.00065,158.1048542
0.00055,0.00055,0.0007,196.5143666
0.00055,0.00055,0.00075,440.6253243
0.00055,0.00055,0.0008,434.1172086
0.00055,0.00055,0.00085,344.7857988
0.00055,0.00055,0.0009,490.1136831
0.00055,0.00055,0.00095,531.152921
0.00055,0.0006,5.00E-05,318.5222173
0.00055,0.0006,0.0001,740.863864
0.00055,0.0006,0.00015,874.0979929
0.00055,0.0006,0.0002,295.1631767
0.00055,0.0006,0.00025,508.4632179
0.00055,0.0006,0.0003,694.3877219
0.00055,0.0006,0.00035,797.9777586
0.00055,0.0006,0.0004,477.4823448
0.00055,0.0006,0.00045,284.6017163
0.00055,0.0006,0.0005,673.1340532
0.00055,0.0006,0.00055,674.5252626
0.00055,0.0006,0.0006,553.391013
0.00055,0.0006,0.00065,424.1508625
0.00055,0.0006,0.0007,428.1409183
0.00055,0.0006,0.00075,432.1309741
0.00055,0.0006,0.0008,466.1571643
0.00055,0.0006,0.00085,527.0277199
0.00055,0.0006,0.0009,496.9887413
0.00055,0.0006,0.00095,504.3236456
0.00055,0.00065,5.00E-05,275.6201109
0.00055,0.00065,0.0001,790.1441344
0.00055,0.00065,0.00015,772.3124115
0.00055,0.00065,0.0002,439.6623695
0.00055,0.00065,0.00025,541.7568043
0.00055,0.00065,0.0003,939.3105157
0.00055,0.00065,0.00035,881.9124239
0.00055,0.00065,0.0004,770.4866708
0.00055,0.00065,0.00045,615.7775691
0.00055,0.00065,0.0005,726.0775139
0.00055,0.00065,0.00055,704.289813
0.00055,0.00065,0.0006,678.6645724
0.00055,0.00065,0.00065,643.4359392
0.00055,0.00065,0.0007,606.0050212
0.00055,0.00065,0.00075,568.5741032
0.00055,0.00065,0.0008,523.1700388
0.00055,0.00065,0.00085,491.5729417
0.00055,0.00065,0.0009,464.2526944
0.00055,0.00065,0.00095,515.4604525
0.00055,0.0007,5.00E-05,424.3492835
0.00055,0.0007,0.0001,766.4056032
0.00055,0.0007,0.00015,610.5547444
0.00055,0.0007,0.0002,510.8308299
0.00055,0.0007,0.00025,635.5018276
0.00055,0.0007,0.0003,878.9611778
0.00055,0.0007,0.00035,824.0154288
0.00055,0.0007,0.0004,777.2566234
0.00055,0.0007,0.00045,760.2588966
0.00055,0.0007,0.0005,746.3755784
0.00055,0.0007,0.00055,721.1742555
0.00055,0.0007,0.0006,693.3339919
0.00055,0.0007,0.00065,638.658811
0.00055,0.0007,0.0007,593.2263457
0.00055,0.0007,0.00075,545.3095563
0.00055,0.0007,0.0008,499.7261069
0.00055,0.0007,0.00085,461.6648222
0.00055,0.0007,0.0009,444.0796971
0.00055,0.0007,0.00095,523.6965328
0.00055,0.00075,5.00E-05,637.4994554
0.00055,0.00075,0.0001,777.9837646
0.00055,0.00075,0.00015,623.3197657
0.00055,0.00075,0.0002,739.4212404
0.00055,0.00075,0.00025,844.3416251
0.00055,0.00075,0.0003,853.1627618
0.00055,0.00075,0.00035,817.0581924
0.00055,0.00075,0.0004,786.1683157
0.00055,0.00075,0.00045,767.0075669
0.00055,0.00075,0.0005,766.0869263
0.00055,0.00075,0.00055,750.6596603
0.00055,0.00075,0.0006,703.7904643
0.00055,0.00075,0.00065,633.0463031
0.00055,0.00075,0.0007,568.5452165
0.00055,0.00075,0.00075,520.8851927
0.00055,0.00075,0.0008,476.282175
0.00055,0.00075,0.00085,434.1593463
0.00055,0.00075,0.0009,450.134834
0.00055,0.00075,0.00095,532.7727075
0.00055,0.0008,5.00E-05,621.2708777
0.00055,0.0008,0.0001,725.8762016
0.00055,0.0008,0.00015,811.4466543
0.00055,0.0008,0.0002,846.6852869
0.00055,0.0008,0.00025,885.0121479
0.00055,0.0008,0.0003,858.6070424
0.00055,0.0008,0.00035,824.5775934
0.00055,0.0008,0.0004,789.2511258
0.00055,0.0008,0.00045,766.9933685
0.00055,0.0008,0.0005,769.2705702
0.00055,0.0008,0.00055,748.0176994
0.00055,0.0008,0.0006,687.7663083
0.00055,0.0008,0.00065,621.6617184
0.00055,0.0008,0.0007,552.8268566
0.00055,0.0008,0.00075,499.2071742
0.00055,0.0008,0.0008,465.1226138
0.00055,0.0008,0.00085,431.0380534
0.00055,0.0008,0.0009,448.0853681
0.00055,0.0008,0.00095,544.4583978
0.00055,0.00085,5.00E-05,686.064406
0.00055,0.00085,0.0001,751.0899676
0.00055,0.00085,0.00015,847.8893369
0.00055,0.00085,0.0002,892.4609335
0.00055,0.00085,0.00025,893.5509819
0.00055,0.00085,0.0003,859.1080138
0.00055,0.00085,0.00035,824.0237997
0.00055,0.00085,0.0004,787.2109865
0.00055,0.00085,0.00045,770.392707
0.00055,0.00085,0.0005,736.3136052
0.00055,0.00085,0.00055,695.2459171
0.00055,0.00085,0.0006,644.9729914
0.00055,0.00085,0.00065,578.8684015
0.00055,0.00085,0.0007,523.5760272
0.00055,0.00085,0.00075,502.0354126
0.00055,0.00085,0.0008,470.4796334
0.00055,0.00085,0.00085,437.9333619
0.00055,0.00085,0.0009,446.6315395
0.00055,0.00085,0.00095,531.3045095
0.00055,0.0009,5.00E-05,708.2124973
0.00055,0.0009,0.0001,724.5671284
0.00055,0.0009,0.00015,824.9313686
0.00055,0.0009,0.0002,922.4408427
0.00055,0.0009,0.00025,890.9499089
0.00055,0.0009,0.0003,858.5542201
0.00055,0.0009,0.00035,823.3351676
0.00055,0.0009,0.0004,781.3023504
0.00055,0.0009,0.00045,720.3532952
0.00055,0.0009,0.0005,686.2741934
0.00055,0.0009,0.00055,642.6938078
0.00055,0.0009,0.0006,594.5876434
0.00055,0.0009,0.00065,543.8522415
0.00055,0.0009,0.0007,515.3112494
0.00055,0.0009,0.00075,490.1490629
0.00055,0.0009,0.0008,479.0128518
0.00055,0.0009,0.00085,444.6817456
0.00055,0.0009,0.0009,410.9634775
0.00055,0.0009,0.00095,495.6502073
0.00055,0.00095,5.00E-05,575.3249231
0.00055,0.00095,0.0001,587.9081095
0.00055,0.00095,0.00015,685.5945872
0.00055,0.00095,0.0002,770.2381961
0.00055,0.00095,0.00025,847.2443526
0.00055,0.00095,0.0003,856.857902
0.00055,0.00095,0.00035,822.38281
0.00055,0.00095,0.0004,763.3429089
0.00055,0.00095,0.00045,699.9015732
0.00055,0.00095,0.0005,636.4602375
0.00055,0.00095,0.00055,590.1416986
0.00055,0.00095,0.0006,543.9363162
0.00055,0.00095,0.00065,511.3975666
0.00055,0.00095,0.0007,478.858817
0.00055,0.00095,0.00075,467.9935081
0.00055,0.00095,0.0008,469.3294761
0.00055,0.00095,0.00085,470.7297077
0.00055,0.00095,0.0009,439.1563168
0.00055,0.00095,0.00095,493.8292694
0.0006,5.00E-05,0.0001,568.4690663
0.0006,5.00E-05,0.00015,560.0005824
0.0006,5.00E-05,0.0002,554.4188186
0.0006,5.00E-05,0.00025,559.3288925
0.0006,5.00E-05,0.0003,564.6375351
0.0006,5.00E-05,0.00035,572.6779718
0.0006,5.00E-05,0.0004,583.9389109
0.0006,5.00E-05,0.00045,594.9726256
0.0006,5.00E-05,0.0005,593.7445051
0.0006,5.00E-05,0.00055,607.4193146
0.0006,5.00E-05,0.0006,630.5997362
0.0006,5.00E-05,0.00065,647.2004738
0.0006,5.00E-05,0.0007,654.7508325
0.0006,5.00E-05,0.00075,652.7809228
0.0006,5.00E-05,0.0008,637.6157517
0.0006,5.00E-05,0.00085,626.8499567
0.0006,5.00E-05,0.0009,602.4067941
0.0006,5.00E-05,0.00095,568.1885668
0.0006,0.0001,5.00E-05,565.3825206
0.0006,0.0001,0.0001,556.8976153
0.0006,0.0001,0.00015,552.4022413
0.0006,0.0001,0.0002,554.5812939
0.0006,0.0001,0.00025,558.7145248
0.0006,0.0001,0.0003,563.6101233
0.0006,0.0001,0.00035,577.2703695
0.0006,0.0001,0.0004,588.3040841
0.0006,0.0001,0.00045,599.3377988
0.0006,0.0001,0.0005,587.7536791
0.0006,0.0001,0.00055,590.6425418
0.0006,0.0001,0.0006,613.8229634
0.0006,0.0001,0.00065,637.3287721
0.0006,0.0001,0.0007,641.6835494
0.0006,0.0001,0.00075,626.9757323
0.0006,0.0001,0.0008,611.8549879
0.0006,0.0001,0.00085,585.7386847
0.0006,0.0001,0.0009,535.1523317
0.0006,0.0001,0.00095,499.5205701
0.0006,0.00015,5.00E-05,552.4395824
0.0006,0.00015,0.0001,547.8735656
0.0006,0.00015,0.00015,558.2016385
0.0006,0.00015,0.0002,560.3729373
0.0006,0.00015,0.00025,556.4787815
0.0006,0.00015,0.0003,560.6541361
0.0006,0.00015,0.00035,577.2613294
0.0006,0.00015,0.0004,592.6692574
0.0006,0.00015,0.00045,601.1370014
0.0006,0.00015,0.0005,585.493256
0.0006,0.00015,0.00055,573.865769
0.0006,0.00015,0.0006,597.4115216
0.0006,0.00015,0.00065,604.2458235
0.0006,0.00015,0.0007,604.8952692
0.0006,0.00015,0.00075,590.2180263
0.0006,0.00015,0.0008,604.1258846
0.0006,0.00015,0.00085,571.3694122
0.0006,0.00015,0.0009,513.2087393
0.0006,0.00015,0.00095,477.5935807
0.0006,0.0002,5.00E-05,543.0218863
0.0006,0.0002,0.0001,553.3526143
0.0006,0.0002,0.00015,563.6833423
0.0006,0.0002,0.0002,566.2316815
0.0006,0.0002,0.00025,562.3369601
0.0006,0.0002,0.0003,558.4867193
0.0006,0.0002,0.00035,576.531212
0.0006,0.0002,0.0004,594.9644526
0.0006,0.0002,0.00045,596.2256902
0.0006,0.0002,0.0005,580.6463246
0.0006,0.0002,0.00055,565.0669589
0.0006,0.0002,0.0006,562.7003586
0.0006,0.0002,0.00065,565.9224041
0.0006,0.0002,0.0007,568.0066193
0.0006,0.0002,0.00075,584.6717533
0.0006,0.0002,0.0008,601.3368874
0.0006,0.0002,0.00085,568.2822111
0.0006,0.0002,0.0009,495.5614338
0.0006,0.0002,0.00095,458.1105875
0.0006,0.00025,5.00E-05,545.3987705
0.0006,0.00025,0.0001,555.730907
0.0006,0.00025,0.00015,557.8978127
0.0006,0.00025,0.0002,553.7351785
0.0006,0.00025,0.00025,549.8325107
0.0006,0.00025,0.0003,558.2544795
0.0006,0.00025,0.00035,576.2710466
0.0006,0.00025,0.0004,579.632449
0.0006,0.00025,0.00045,552.0557978
0.0006,0.00025,0.0005,525.538677
0.0006,0.00025,0.00055,509.9647282
0.0006,0.00025,0.0006,506.3741354
0.0006,0.00025,0.00065,506.0204065
0.0006,0.00025,0.0007,480.0285534
0.0006,0.00025,0.00075,496.5891148
0.0006,0.00025,0.0008,494.707504
0.0006,0.00025,0.00085,454.2935824
0.0006,0.00025,0.0009,401.2014317
0.0006,0.00025,0.00095,397.0177836
0.0006,0.0003,5.00E-05,547.8901877
0.0006,0.0003,0.0001,550.1497816
0.0006,0.0003,0.00015,544.7673868
0.0006,0.0003,0.0002,540.6163808
0.0006,0.0003,0.00025,548.8918053
0.0006,0.0003,0.0003,557.3880155
0.0006,0.0003,0.00035,560.4839144
0.0006,0.0003,0.0004,540.2612856
0.0006,0.0003,0.00045,512.5361894
0.0006,0.0003,0.0005,480.8680839
0.0006,0.0003,0.00055,454.5363388
0.0006,0.0003,0.0006,447.6083227
0.0006,0.0003,0.00065,419.4629373
0.0006,0.0003,0.0007,393.3061782
0.0006,0.0003,0.00075,391.5548172
0.0006,0.0003,0.0008,376.6409062
0.0006,0.0003,0.00085,340.994063
0.0006,0.0003,0.0009,343.1734338
0.0006,0.0003,0.00095,345.3082027
0.0006,0.00035,5.00E-05,536.8700936
0.0006,0.00035,0.0001,531.4955346
0.0006,0.00035,0.00015,526.1209755
0.0006,0.00035,0.0002,526.6783305
0.0006,0.00035,0.00025,535.0829497
0.0006,0.00035,0.0003,541.8327643
0.0006,0.00035,0.00035,522.6394242
0.0006,0.00035,0.0004,502.399076
0.0006,0.00035,0.00045,476.3396089
0.0006,0.00035,0.0005,444.6732727
0.0006,0.00035,0.00055,416.395492
0.0006,0.00035,0.0006,450.1942151
0.0006,0.00035,0.00065,421.4444727
0.0006,0.00035,0.0007,359.1815962
0.0006,0.00035,0.00075,377.4471028
0.0006,0.00035,0.0008,361.3565744
0.0006,0.00035,0.00085,304.7892538
0.0006,0.00035,0.0009,282.6725549
0.0006,0.00035,0.00095,284.7938585
0.0006,0.0004,5.00E-05,510.996687
0.0006,0.0004,0.0001,505.622128
0.0006,0.0004,0.00015,504.4550972
0.0006,0.0004,0.0002,504.9424152
0.0006,0.0004,0.00025,511.7277475
0.0006,0.0004,0.0003,514.6115056
0.0006,0.0004,0.00035,495.382756
0.0006,0.0004,0.0004,465.8926389
0.0006,0.0004,0.00045,430.6034174
0.0006,0.0004,0.0005,404.2350565
0.0006,0.0004,0.00055,337.8695607
0.0006,0.0004,0.0006,477.1897379
0.0006,0.0004,0.00065,449.188313
0.0006,0.0004,0.0007,507.5852572
0.0006,0.0004,0.00075,510.5997033
0.0006,0.0004,0.0008,494.5091749
0.0006,0.0004,0.00085,373.7715557
0.0006,0.0004,0.0009,289.9079358
0.0006,0.0004,0.00095,228.6383282
0.0006,0.00045,5.00E-05,485.1232805
0.0006,0.00045,0.0001,483.9434626
0.0006,0.00045,0.00015,482.8432159
0.0006,0.00045,0.0002,481.6227308
0.0006,0.00045,0.00025,484.5064889
0.0006,0.00045,0.0003,487.3902469
0.0006,0.00045,0.00035,458.9282877
0.0006,0.00045,0.0004,436.6906669
0.0006,0.00045,0.00045,388.4448451
0.0006,0.00045,0.0005,422.227484
0.0006,0.00045,0.00055,246.5800112
0.0006,0.00045,0.0006,460.0770255
0.0006,0.00045,0.00065,468.6642317
0.0006,0.00045,0.0007,655.2991814
0.0006,0.00045,0.00075,589.4511058
0.0006,0.00045,0.0008,618.4929523
0.0006,0.00045,0.00085,448.1175774
0.0006,0.00045,0.0009,344.6585412
0.0006,0.00045,0.00095,454.0869386
0.0006,0.0005,5.00E-05,475.8519727
0.0006,0.0005,0.0001,601.5012987
0.0006,0.0005,0.00015,600.1640481
0.0006,0.0005,0.0002,384.0719764
0.0006,0.0005,0.00025,387.537277
0.0006,0.0005,0.0003,452.1996526
0.0006,0.0005,0.00035,571.4189915
0.0006,0.0005,0.0004,442.3276919
0.0006,0.0005,0.00045,489.9392329
0.0006,0.0005,0.0005,457.6017878
0.0006,0.0005,0.00055,169.7386884
0.0006,0.0005,0.0006,359.1759205
0.0006,0.0005,0.00065,538.5907322
0.0006,0.0005,0.0007,752.1642576
0.0006,0.0005,0.00075,658.0222179
0.0006,0.0005,0.0008,697.5890954
0.0006,0.0005,0.00085,527.0100483
0.0006,0.0005,0.0009,456.7435775
0.0006,0.0005,0.00095,503.7437786
0.0006,0.00055,5.00E-05,403.3323138
0.0006,0.00055,0.0001,772.6031761
0.0006,0.00055,0.00015,771.2659255
0.0006,0.00055,0.0002,465.4091817
0.0006,0.00055,0.00025,304.2192213
0.0006,0.00055,0.0003,416.1035162
0.0006,0.00055,0.00035,722.7489398
0.0006,0.00055,0.0004,673.896973
0.0006,0.00055,0.00045,690.7318891
0.0006,0.00055,0.0005,538.3447315
0.0006,0.00055,0.00055,218.4794701
0.0006,0.00055,0.0006,331.4798196
0.0006,0.00055,0.00065,644.8267596
0.0006,0.00055,0.0007,368.2824941
0.0006,0.00055,0.00075,634.1784088
0.0006,0.00055,0.0008,629.4869569
0.0006,0.00055,0.00085,561.9850017
0.0006,0.00055,0.0009,515.9807918
0.0006,0.00055,0.00095,523.4653201
0.0006,0.0006,5.00E-05,338.3218071
0.0006,0.0006,0.0001,726.3616008
0.0006,0.0006,0.00015,933.2118224
0.0006,0.0006,0.0002,580.6428413
0.0006,0.0006,0.00025,176.3640443
0.0006,0.0006,0.0003,380.0073798
0.0006,0.0006,0.00035,829.5756465
0.0006,0.0006,0.0004,742.7730886
0.0006,0.0006,0.00045,625.9996565
0.0006,0.0006,0.0005,689.1257169
0.0006,0.0006,0.00055,502.9252816
0.0006,0.0006,0.0006,487.4882623
0.0006,0.0006,0.00065,594.0255857
0.0006,0.0006,0.0007,510.7668924
0.0006,0.0006,0.00075,524.245662
0.0006,0.0006,0.0008,563.6965905
0.0006,0.0006,0.00085,517.4855382
0.0006,0.0006,0.0009,488.7244373
0.0006,0.0006,0.00095,510.8134343
0.0006,0.00065,5.00E-05,283.7086008
0.0006,0.00065,0.0001,657.8219411
0.0006,0.00065,0.00015,1051.003125
0.0006,0.00065,0.0002,758.4393204
0.0006,0.00065,0.00025,378.1855067
0.0006,0.00065,0.0003,529.3023983
0.0006,0.00065,0.00035,590.2815857
0.0006,0.00065,0.0004,738.2847673
0.0006,0.00065,0.00045,703.7090708
0.0006,0.00065,0.0005,747.7211706
0.0006,0.00065,0.00055,721.7437095
0.0006,0.00065,0.0006,699.4967788
0.0006,0.00065,0.00065,652.6813929
0.0006,0.00065,0.0007,610.4994144
0.0006,0.00065,0.00075,568.3174359
0.0006,0.00065,0.0008,528.2573018
0.0006,0.00065,0.00085,492.4247483
0.0006,0.00065,0.0009,463.8390451
0.0006,0.00065,0.00095,510.5187125
0.0006,0.0007,5.00E-05,444.8400167
0.0006,0.0007,0.0001,644.4878292
0.0006,0.0007,0.00015,970.132078
0.0006,0.0007,0.0002,821.1936427
0.0006,0.0007,0.00025,753.4530286
0.0006,0.0007,0.0003,881.5453258
0.0006,0.0007,0.00035,829.2907545
0.0006,0.0007,0.0004,792.8646163
0.0006,0.0007,0.00045,786.5416856
0.0006,0.0007,0.0005,776.6186947
0.0006,0.0007,0.00055,755.8661922
0.0006,0.0007,0.0006,691.0023695
0.0006,0.0007,0.00065,616.3092335
0.0006,0.0007,0.0007,573.7050507
0.0006,0.0007,0.00075,531.5230722
0.0006,0.0007,0.0008,495.0627132
0.0006,0.0007,0.00085,464.2038241
0.0006,0.0007,0.0009,454.6058418
0.0006,0.0007,0.00095,539.7093829
0.0006,0.00075,5.00E-05,683.2429943
0.0006,0.00075,0.0001,662.1461661
0.0006,0.00075,0.00015,864.3782443
0.0006,0.00075,0.0002,856.6631064
0.0006,0.00075,0.00025,897.5262652
0.0006,0.00075,0.0003,875.9568112
0.0006,0.00075,0.00035,839.6324302
0.0006,0.00075,0.0004,802.1492177
0.0006,0.00075,0.00045,802.2312912
0.0006,0.00075,0.0005,807.1278435
0.0006,0.00075,0.00055,764.498338
0.0006,0.00075,0.0006,682.2026863
0.0006,0.00075,0.00065,606.2197587
0.0006,0.00075,0.0007,543.7113149
0.0006,0.00075,0.00075,498.4161264
0.0006,0.00075,0.0008,467.5572373
0.0006,0.00075,0.00085,439.3774932
0.0006,0.00075,0.0009,457.217977
0.0006,0.00075,0.00095,547.8955742
0.0006,0.0008,5.00E-05,740.1314294
0.0006,0.0008,0.0001,817.978654
0.0006,0.0008,0.00015,856.4704706
0.0006,0.0008,0.0002,897.3336293
0.0006,0.0008,0.00025,914.9338683
0.0006,0.0008,0.0003,881.4010918
0.0006,0.0008,0.00035,847.8683153
0.0006,0.0008,0.0004,812.4908934
0.0006,0.0008,0.00045,809.0927954
0.0006,0.0008,0.0005,771.9900487
0.0006,0.0008,0.00055,734.0867131
0.0006,0.0008,0.0006,665.5734883
0.0006,0.0008,0.00065,593.7128613
0.0006,0.0008,0.0007,525.7424464
0.0006,0.0008,0.00075,478.0892122
0.0006,0.0008,0.0008,449.6408358
0.0006,0.0008,0.00085,425.5889429
0.0006,0.0008,0.0009,450.2608077
0.0006,0.0008,0.00095,524.9998488
0.0006,0.00085,5.00E-05,862.3218836
0.0006,0.00085,0.0001,899.4253369
0.0006,0.00085,0.00015,895.3984882
0.0006,0.00085,0.0002,938.0041522
0.0006,0.00085,0.00025,920.378149
0.0006,0.00085,0.0003,886.8453725
0.0006,0.00085,0.00035,853.1417036
0.0006,0.00085,0.0004,808.8612641
0.0006,0.00085,0.00045,760.3751817
0.0006,0.00085,0.0005,723.4975272
0.0006,0.00085,0.00055,686.6198726
0.0006,0.00085,0.0006,620.3211804
0.0006,0.00085,0.00065,550.1588342
0.0006,0.00085,0.0007,502.6725982
0.0006,0.00085,0.00075,478.6316327
0.0006,0.00085,0.0008,440.8168536
0.0006,0.00085,0.00085,408.3848148
0.0006,0.00085,0.0009,434.7148165
0.0006,0.00085,0.00095,529.041415
0.0006,0.0009,5.00E-05,949.5623635
0.0006,0.0009,0.0001,945.5355148
0.0006,0.0009,0.00015,941.5086661
0.0006,0.0009,0.0002,957.8405522
0.0006,0.0009,0.00025,921.2139855
0.0006,0.0009,0.0003,876.1035269
0.0006,0.0009,0.00035,830.9930683
0.0006,0.0009,0.0004,781.5443139
0.0006,0.0009,0.00045,726.0096199
0.0006,0.0009,0.0005,676.0306867
0.0006,0.0009,0.00055,639.1530322
0.0006,0.0009,0.0006,575.0688726
0.0006,0.0009,0.00065,522.9488125
0.0006,0.0009,0.0007,494.4078203
0.0006,0.0009,0.00075,469.1469082
0.0006,0.0009,0.0008,432.7570883
0.0006,0.0009,0.00085,422.9494119
0.0006,0.0009,0.0009,419.5911255
0.0006,0.0009,0.00095,491.4581804
0.0006,0.00095,5.00E-05,792.1381548
0.0006,0.00095,0.0001,771.2290759
0.0006,0.00095,0.00015,799.6415521
0.0006,0.00095,0.0002,876.833101
0.0006,0.00095,0.00025,869.390417
0.0006,0.00095,0.0003,853.1248724
0.0006,0.00095,0.00035,808.0144138
0.0006,0.00095,0.0004,753.4380219
0.0006,0.00095,0.00045,697.9033278
0.0006,0.00095,0.0005,642.3686337
0.0006,0.00095,0.00055,591.5080699
0.0006,0.00095,0.0006,543.1377418
0.0006,0.00095,0.00065,514.6840346
0.0006,0.00095,0.0007,486.1430425
0.0006,0.00095,0.00075,459.6621837
0.0006,0.00095,0.0008,451.0471667
0.0006,0.00095,0.00085,451.7416358
0.0006,0.00095,0.0009,427.5893877
0.0006,0.00095,0.00095,521.5581037
0.00065,5.00E-05,0.0001,591.1188751
0.00065,5.00E-05,0.00015,582.633838
0.00065,5.00E-05,0.0002,573.1285597
0.00065,5.00E-05,0.00025,578.1891757
0.00065,5.00E-05,0.0003,589.005081
0.00065,5.00E-05,0.00035,595.2618562
0.00065,5.00E-05,0.0004,596.3498901
0.00065,5.00E-05,0.00045,602.1167898
0.00065,5.00E-05,0.0005,601.7314789
0.00065,5.00E-05,0.00055,616.3125522
0.00065,5.00E-05,0.0006,644.361741
0.00065,5.00E-05,0.00065,655.1961505
0.00065,5.00E-05,0.0007,658.2760862
0.00065,5.00E-05,0.00075,631.8109253
0.00065,5.00E-05,0.0008,616.7033486
0.00065,5.00E-05,0.00085,609.4783294
0.00065,5.00E-05,0.0009,589.2060182
0.00065,5.00E-05,0.00095,559.9947888
0.00065,0.0001,5.00E-05,595.2338505
0.00065,0.0001,0.0001,586.7514621
0.00065,0.0001,0.00015,579.299139
0.00065,0.0001,0.0002,581.0982872
0.00065,0.0001,0.00025,585.2913028
0.00065,0.0001,0.0003,593.0712958
0.00065,0.0001,0.00035,594.466361
0.00065,0.0001,0.0004,606.001425
0.00065,0.0001,0.00045,611.7683247
0.00065,0.0001,0.0005,611.6153821
0.00065,0.0001,0.00055,604.4444905
0.00065,0.0001,0.0006,632.4936793
0.00065,0.0001,0.00065,637.6566563
0.00065,0.0001,0.0007,640.5120111
0.00065,0.0001,0.00075,621.765605
0.00065,0.0001,0.0008,591.8895974
0.00065,0.0001,0.00085,580.9671755
0.00065,0.0001,0.0009,541.4359002
0.00065,0.0001,0.00095,502.3401748
0.00065,0.00015,5.00E-05,584.2343112
0.00065,0.00015,0.0001,579.6510335
0.00065,0.00015,0.00015,587.8537159
0.00065,0.00015,0.0002,588.7739127
0.00065,0.00015,0.00025,586.4267337
0.00065,0.00015,0.0003,590.65109
0.00065,0.00015,0.00035,592.376248
0.00065,0.00015,0.0004,608.0445275
0.00065,0.00015,0.00045,616.0642428
0.00065,0.00015,0.0005,616.0497666
0.00065,0.00015,0.00055,600.4595375
0.00065,0.00015,0.0006,598.8869182
0.00065,0.00015,0.00065,606.8423292
0.00065,0.00015,0.0007,609.1018983
0.00065,0.00015,0.00075,596.3613047
0.00065,0.00015,0.0008,580.2765737
0.00065,0.00015,0.00085,554.7500814
0.00065,0.00015,0.0009,480.0079351
0.00065,0.00015,0.00095,459.2073938
0.00065,0.0002,5.00E-05,574.8057285
0.00065,0.0002,0.0001,585.1364565
0.00065,0.0002,0.00015,593.4853644
0.00065,0.0002,0.0002,594.6311858
0.00065,0.0002,0.00025,590.7797261
0.00065,0.0002,0.0003,588.467139
0.00065,0.0002,0.00035,590.8739742
0.00065,0.0002,0.0004,608.0760233
0.00065,0.0002,0.00045,605.1753551
0.00065,0.0002,0.0005,578.7855806
0.00065,0.0002,0.00055,563.2062149
0.00065,0.0002,0.0006,568.0681344
0.00065,0.0002,0.00065,570.2130512
0.00065,0.0002,0.0007,570.0216507
0.00065,0.0002,0.00075,562.5036019
0.00065,0.0002,0.0008,579.1687359
0.00065,0.0002,0.00085,541.8465142
0.00065,0.0002,0.0009,464.2476022
0.00065,0.0002,0.00095,440.6094836
0.00065,0.00025,5.00E-05,576.8933477
0.00065,0.00025,0.0001,584.0144812
0.00065,0.00025,0.00015,594.3452092
0.00065,0.00025,0.0002,599.4503462
0.00065,0.00025,0.00025,598.0518065
0.00065,0.00025,0.0003,610.3657091
0.00065,0.00025,0.00035,626.8863888
0.00065,0.00025,0.0004,627.6097818
0.00065,0.00025,0.00045,579.3353723
0.00065,0.00025,0.0005,533.5542628
0.00065,0.00025,0.00055,553.772594
0.00065,0.00025,0.0006,510.4537045
0.00065,0.00025,0.00065,490.3413699
0.00065,0.00025,0.0007,484.8992228
0.00065,0.00025,0.00075,443.4179075
0.00065,0.00025,0.0008,432.0528247
0.00065,0.00025,0.00085,415.793285
0.00065,0.00025,0.0009,409.0642339
0.00065,0.00025,0.00095,404.2595181
0.00065,0.0003,5.00E-05,584.1620528
0.00065,0.0003,0.0001,586.3669055
0.00065,0.0003,0.00015,588.633556
0.00065,0.0003,0.0002,586.8986717
0.00065,0.0003,0.00025,595.4428047
0.00065,0.0003,0.0003,609.4992451
0.00065,0.0003,0.00035,611.7566194
0.00065,0.0003,0.0004,588.1595412
0.00065,0.0003,0.00045,540.7518188
0.00065,0.0003,0.0005,512.2280606
0.00065,0.0003,0.00055,500.9956858
0.00065,0.0003,0.0006,453.9327714
0.00065,0.0003,0.00065,430.3566808
0.00065,0.0003,0.0007,398.6143736
0.00065,0.0003,0.00075,368.5666922
0.00065,0.0003,0.0008,355.1077408
0.00065,0.0003,0.00085,350.7352663
0.00065,0.0003,0.0009,351.4393859
0.00065,0.0003,0.00095,351.9550514
0.00065,0.00035,5.00E-05,580.232468
0.00065,0.00035,0.0001,575.3844529
0.00065,0.00035,0.00015,570.0098849
0.00065,0.00035,0.0002,555.7530857
0.00065,0.00035,0.00025,564.1936833
0.00065,0.00035,0.0003,570.9406551
0.00065,0.00035,0.00035,548.3857392
0.00065,0.00035,0.0004,528.187857
0.00065,0.00035,0.00045,514.0216747
0.00065,0.00035,0.0005,498.4032154
0.00065,0.00035,0.00055,470.0313555
0.00065,0.00035,0.0006,483.0198468
0.00065,0.00035,0.00065,444.1698199
0.00065,0.00035,0.0007,320.6503234
0.00065,0.00035,0.00075,304.9073946
0.00065,0.00035,0.0008,289.7635533
0.00065,0.00035,0.00085,354.732284
0.00065,0.00035,0.0009,334.2169137
0.00065,0.00035,0.00095,313.7015433
0.00065,0.0004,5.00E-05,554.8952442
0.00065,0.0004,0.0001,549.5206852
0.00065,0.0004,0.00015,548.3399062
0.00065,0.0004,0.0002,528.5749858
0.00065,0.0004,0.00025,514.3185758
0.00065,0.0004,0.0003,521.1101779
0.00065,0.0004,0.00035,501.8637033
0.00065,0.0004,0.0004,496.8174223
0.00065,0.0004,0.00045,466.4029298
0.00065,0.0004,0.0005,452.7632742
0.00065,0.0004,0.00055,598.2156664
0.00065,0.0004,0.0006,630.2677032
0.00065,0.0004,0.00065,600.3864991
0.00065,0.0004,0.0007,333.3186864
0.00065,0.0004,0.00075,225.6566519
0.00065,0.0004,0.0008,321.4620094
0.00065,0.0004,0.00085,479.3870438
0.00065,0.0004,0.0009,463.7879569
0.00065,0.0004,0.00095,438.6535605
0.00065,0.00045,5.00E-05,529.0218377
0.00065,0.00045,0.0001,527.8348191
0.00065,0.00045,0.00015,514.4408355
0.00065,0.00045,0.0002,498.1161703
0.00065,0.00045,0.00025,491.0051612
0.00065,0.00045,0.0003,493.8889192
0.00065,0.00045,0.00035,465.4119276
0.00065,0.00045,0.0004,523.1027614
0.00065,0.00045,0.00045,564.3094229
0.00065,0.00045,0.0005,543.935137
0.00065,0.00045,0.00055,726.3999773
0.00065,0.00045,0.0006,763.7187332
0.00065,0.00045,0.00065,720.5385823
0.00065,0.00045,0.0007,364.9245457
0.00065,0.00045,0.00075,227.4684865
0.00065,0.00045,0.0008,420.099086
0.00065,0.00045,0.00085,602.7719072
0.00065,0.00045,0.0009,560.5061628
0.00065,0.00045,0.00095,473.8167824
0.00065,0.0005,5.00E-05,485.7283614
0.00065,0.0005,0.0001,494.9737635
0.00065,0.0005,0.00015,555.1022661
0.00065,0.0005,0.0002,678.757471
0.00065,0.0005,0.00025,685.4425154
0.00065,0.0005,0.0003,678.181815
0.00065,0.0005,0.00035,584.1173624
0.00065,0.0005,0.0004,588.594755
0.00065,0.0005,0.00045,681.3339572
0.00065,0.0005,0.0005,682.266764
0.00065,0.0005,0.00055,666.5321615
0.00065,0.0005,0.0006,806.5684496
0.00065,0.0005,0.00065,834.8143866
0.00065,0.0005,0.0007,435.3834052
0.00065,0.0005,0.00075,358.4486283
0.00065,0.0005,0.0008,538.9923664
0.00065,0.0005,0.00085,612.4667315
0.00065,0.0005,0.0009,557.7996717
0.00065,0.0005,0.00095,510.8489441
0.00065,0.00055,5.00E-05,422.5484603
0.00065,0.00055,0.0001,607.9017097
0.00065,0.00055,0.00015,739.1363696
0.00065,0.00055,0.0002,819.3824971
0.00065,0.00055,0.00025,685.9010049
0.00065,0.00055,0.0003,781.3884831
0.00065,0.00055,0.00035,825.7724663
0.00065,0.00055,0.0004,645.914914
0.00065,0.00055,0.00045,775.4779497
0.00065,0.00055,0.0005,634.0018603
0.00065,0.00055,0.00055,408.4072613
0.00065,0.00055,0.0006,610.1554741
0.00065,0.00055,0.00065,817.857596
0.00065,0.00055,0.0007,726.7550024
0.00065,0.00055,0.00075,652.6404096
0.00065,0.00055,0.0008,644.1840246
0.00065,0.00055,0.00085,560.2150123
0.00065,0.00055,0.0009,512.4712516
0.00065,0.00055,0.00095,523.5205001
0.00065,0.0006,5.00E-05,365.4590412
0.00065,0.0006,0.0001,673.6790857
0.00065,0.0006,0.00015,919.2009176
0.00065,0.0006,0.0002,869.4360639
0.00065,0.0006,0.00025,571.8166479
0.00065,0.0006,0.0003,679.0159246
0.00065,0.0006,0.00035,993.3365775
0.00065,0.0006,0.0004,878.3862372
0.00065,0.0006,0.00045,826.0549875
0.00065,0.0006,0.0005,691.3593312
0.00065,0.0006,0.00055,531.545211
0.00065,0.0006,0.0006,638.2249779
0.00065,0.0006,0.00065,743.2153433
0.00065,0.0006,0.0007,622.043743
0.00065,0.0006,0.00075,618.9774508
0.00065,0.0006,0.0008,559.0429501
0.00065,0.0006,0.00085,516.8331068
0.00065,0.0006,0.0009,487.4063065
0.00065,0.0006,0.00095,512.1250304
0.00065,0.00065,5.00E-05,327.3709225
0.00065,0.00065,0.0001,809.4780915
0.00065,0.00065,0.00015,1091.550128
0.00065,0.00065,0.0002,1079.936047
0.00065,0.00065,0.00025,755.4925946
0.00065,0.00065,0.0003,967.1311166
0.00065,0.00065,0.00035,930.4705523
0.00065,0.00065,0.0004,858.8961584
0.00065,0.00065,0.00045,831.0340998
0.00065,0.00065,0.0005,799.7995096
0.00065,0.00065,0.00055,779.5065877
0.00065,0.00065,0.0006,750.9161002
0.00065,0.00065,0.00065,676.973497
0.00065,0.00065,0.0007,624.3342341
0.00065,0.00065,0.00075,583.1526236
0.00065,0.00065,0.0008,543.8320699
0.00065,0.00065,0.00085,491.6340107
0.00065,0.00065,0.0009,470.8665655
0.00065,0.00065,0.00095,499.4550068
0.00065,0.0007,5.00E-05,671.0905222
0.00065,0.0007,0.0001,770.9027367
0.00065,0.0007,0.00015,981.0965337
0.00065,0.0007,0.0002,964.1716909
0.00065,0.0007,0.00025,953.6180242
0.00065,0.0007,0.0003,908.1209788
0.00065,0.0007,0.00035,866.4042116
0.00065,0.0007,0.0004,844.175257
0.00065,0.0007,0.00045,838.1534468
0.00065,0.0007,0.0005,825.1882494
0.00065,0.0007,0.00055,771.7440561
0.00065,0.0007,0.0006,696.082128
0.00065,0.0007,0.00065,625.29498
0.00065,0.0007,0.0007,586.3317148
0.00065,0.0007,0.00075,547.0495396
0.00065,0.0007,0.0008,507.7289858
0.00065,0.0007,0.00085,468.4084321
0.00065,0.0007,0.0009,464.889037
0.00065,0.0007,0.00095,520.5144092
0.00065,0.00075,5.00E-05,719.351157
0.00065,0.00075,0.0001,821.052221
0.00065,0.00075,0.00015,882.0037695
0.00065,0.00075,0.0002,885.2126082
0.00065,0.00075,0.00025,924.312505
0.00065,0.00075,0.0003,899.4345847
0.00065,0.00075,0.00035,863.510729
0.00065,0.00075,0.0004,844.8487105
0.00065,0.00075,0.00045,850.1408328
0.00065,0.00075,0.0005,833.9767731
0.00065,0.00075,0.00055,752.7988216
0.00065,0.00075,0.0006,667.6157772
0.00065,0.00075,0.00065,601.0540921
0.00065,0.00075,0.0007,548.3291954
0.00065,0.00075,0.00075,509.852975
0.00065,0.00075,0.0008,471.393501
0.00065,0.00075,0.00085,443.6914555
0.00065,0.00075,0.0009,450.9114114
0.00065,0.00075,0.00095,517.9848708
0.00065,0.0008,5.00E-05,721.4261825
0.00065,0.0008,0.0001,835.4635599
0.00065,0.0008,0.00015,898.1825917
0.00065,0.0008,0.0002,925.3554063
0.00065,0.0008,0.00025,938.5053492
0.00065,0.0008,0.0003,905.1087967
0.00065,0.0008,0.00035,871.7122441
0.00065,0.0008,0.0004,841.0818068
0.00065,0.0008,0.00045,803.0964856
0.00065,0.0008,0.0005,755.0153889
0.00065,0.0008,0.00055,714.3834831
0.00065,0.0008,0.0006,651.5193096
0.00065,0.0008,0.00065,579.6586827
0.00065,0.0008,0.0007,514.8664123
0.00065,0.0008,0.00075,474.5921956
0.00065,0.0008,0.0008,444.0656023
0.00065,0.0008,0.00085,418.7475365
0.00065,0.0008,0.0009,440.7861554
0.00065,0.0008,0.00095,493.9621346
0.00065,0.00085,5.00E-05,789.7241872
0.00065,0.00085,0.0001,816.55359
0.00065,0.00085,0.00015,948.0888441
0.00065,0.00085,0.0002,956.6766373
0.00065,0.00085,0.00025,942.669842
0.00065,0.00085,0.0003,893.4562887
0.00065,0.00085,0.00035,844.2427353
0.00065,0.00085,0.0004,789.9938067
0.00065,0.00085,0.00045,737.0385561
0.00065,0.00085,0.0005,701.968509
0.00065,0.00085,0.00055,666.9166426
0.00065,0.00085,0.0006,606.2670018
0.00065,0.00085,0.00065,528.9844915
0.00065,0.00085,0.0007,480.5346649
0.00065,0.00085,0.00075,451.0715093
0.00065,0.00085,0.0008,419.5017327
0.00065,0.00085,0.00085,401.9393424
0.00065,0.00085,0.0009,434.8278358
0.00065,0.00085,0.00095,495.1882944
0.00065,0.0009,5.00E-05,860.2910219
0.00065,0.0009,0.0001,864.429213
0.00065,0.0009,0.00015,917.5350105
0.00065,0.0009,0.0002,908.8079551
0.00065,0.0009,0.00025,892.9443182
0.00065,0.0009,0.0003,853.6101994
0.00065,0.0009,0.00035,804.3966461
0.00065,0.0009,0.0004,753.1617696
0.00065,0.0009,0.00045,702.4216896
0.00065,0.0009,0.0005,651.6913897
0.00065,0.0009,0.00055,617.3075157
0.00065,0.0009,0.0006,554.2626872
0.00065,0.0009,0.00065,501.3381788
0.00065,0.0009,0.0007,472.0404265
0.00065,0.0009,0.00075,442.8418707
0.00065,0.0009,0.0008,412.1881816
0.00065,0.0009,0.00085,410.449069
0.00065,0.0009,0.0009,437.8258448
0.00065,0.0009,0.00095,515.4512561
0.00065,0.00095,5.00E-05,828.8404417
0.00065,0.00095,0.0001,810.165712
0.00065,0.00095,0.00015,817.5285081
0.00065,0.00095,0.0002,807.5604846
0.00065,0.00095,0.00025,797.5491779
0.00065,0.00095,0.0003,787.0202339
0.00065,0.00095,0.00035,775.8525246
0.00065,0.00095,0.0004,722.0537565
0.00065,0.00095,0.00045,669.6016045
0.00065,0.00095,0.0005,618.8615245
0.00065,0.00095,0.00055,568.1214445
0.00065,0.00095,0.0006,523.3468441
0.00065,0.00095,0.00065,491.9776348
0.00065,0.00095,0.0007,463.546188
0.00065,0.00095,0.00075,444.4788637
0.00065,0.00095,0.0008,440.6533492
0.00065,0.00095,0.00085,434.8792041
0.00065,0.00095,0.0009,449.1559328
0.00065,0.00095,0.00095,541.9998342
0.0007,5.00E-05,0.0001,618.2390137
0.0007,5.00E-05,0.00015,604.6991511
0.0007,5.00E-05,0.0002,595.0464325
0.0007,5.00E-05,0.00025,607.7705488
0.0007,5.00E-05,0.0003,618.5715698
0.0007,5.00E-05,0.00035,624.828345
0.0007,5.00E-05,0.0004,624.5773227
0.0007,5.00E-05,0.00045,625.1887434
0.0007,5.00E-05,0.0005,631.2895172
0.0007,5.00E-05,0.00055,639.5266482
0.0007,5.00E-05,0.0006,650.4106549
0.0007,5.00E-05,0.00065,653.4786429
0.0007,5.00E-05,0.0007,651.2609713
0.0007,5.00E-05,0.00075,622.9257375
0.0007,5.00E-05,0.0008,590.3893562
0.0007,5.00E-05,0.00085,583.1935397
0.0007,5.00E-05,0.0009,574.5504235
0.0007,5.00E-05,0.00095,562.7009876
0.0007,0.0001,5.00E-05,622.3619496
0.0007,0.0001,0.0001,610.5151565
0.0007,0.0001,0.00015,601.0491053
0.0007,0.0001,0.0002,602.8482535
0.0007,0.0001,0.00025,609.9380428
0.0007,0.0001,0.0003,622.6632061
0.0007,0.0001,0.00035,624.0358163
0.0007,0.0001,0.0004,623.2935831
0.0007,0.0001,0.00045,629.4849746
0.0007,0.0001,0.0005,635.66065
0.0007,0.0001,0.00055,635.5129168
0.0007,0.0001,0.0006,632.8216682
0.0007,0.0001,0.00065,630.6728665
0.0007,0.0001,0.0007,633.4963843
0.0007,0.0001,0.00075,614.2196419
0.0007,0.0001,0.0008,579.6385941
0.0007,0.0001,0.00085,532.5097972
0.0007,0.0001,0.0009,529.0352301
0.0007,0.0001,0.00095,505.4061414
0.0007,0.00015,5.00E-05,614.0592275
0.0007,0.00015,0.0001,606.5015515
0.0007,0.00015,0.00015,613.4525953
0.0007,0.00015,0.0002,615.2517435
0.0007,0.00015,0.00025,612.936788
0.0007,0.00015,0.0003,620.1214156
0.0007,0.00015,0.00035,622.1940045
0.0007,0.00015,0.0004,623.0532895
0.0007,0.00015,0.00045,620.465267
0.0007,0.00015,0.0005,598.703355
0.0007,0.00015,0.00055,598.5885686
0.0007,0.00015,0.0006,595.9022329
0.0007,0.00015,0.00065,602.8214377
0.0007,0.00015,0.0007,607.8095014
0.0007,0.00015,0.00075,592.3665548
0.0007,0.00015,0.0008,577.6806452
0.0007,0.00015,0.00085,542.5677128
0.0007,0.00015,0.0009,487.2727332
0.0007,0.00015,0.00095,466.764401
0.0007,0.0002,5.00E-05,606.5895706
0.0007,0.0002,0.0001,614.9392721
0.0007,0.0002,0.00015,621.8898924
0.0007,0.0002,0.0002,623.072733
0.0007,0.0002,0.00025,620.7601459
0.0007,0.0002,0.0003,618.4475587
0.0007,0.0002,0.00035,620.8321875
0.0007,0.0002,0.0004,622.3918774
0.0007,0.0002,0.00045,618.3185803
0.0007,0.0002,0.0005,587.6657196
0.0007,0.0002,0.00055,561.345471
0.0007,0.0002,0.0006,566.1899577
0.0007,0.0002,0.00065,575.3189178
0.0007,0.0002,0.0007,574.3460692
0.0007,0.0002,0.00075,564.3135186
0.0007,0.0002,0.0008,557.0005845
0.0007,0.0002,0.00085,521.6581353
0.0007,0.0002,0.0009,471.2117276
0.0007,0.0002,0.00095,439.1104117
0.0007,0.00025,5.00E-05,613.4455777
0.0007,0.00025,0.0001,615.7983234
0.0007,0.00025,0.00015,624.1206259
0.0007,0.00025,0.0002,627.7489665
0.0007,0.00025,0.00025,625.4387144
0.0007,0.00025,0.0003,644.7550943
0.0007,0.00025,0.00035,651.5221183
0.0007,0.00025,0.0004,644.4216288
0.0007,0.00025,0.00045,592.4024236
0.0007,0.00025,0.0005,556.8539659
0.0007,0.00025,0.00055,551.9260582
0.0007,0.00025,0.0006,566.029957
0.0007,0.00025,0.00065,517.5656989
0.0007,0.00025,0.0007,489.1088554
0.0007,0.00025,0.00075,464.5915952
0.0007,0.00025,0.0008,452.2446488
0.0007,0.00025,0.00085,445.3415895
0.0007,0.00025,0.0009,403.9251061
0.0007,0.00025,0.00095,401.2564434
0.0007,0.0003,5.00E-05,629.2773163
0.0007,0.0003,0.0001,622.5859812
0.0007,0.0003,0.00015,625.0070761
0.0007,0.0003,0.0002,629.9619591
0.0007,0.0003,0.00025,645.8148093
0.0007,0.0003,0.0003,660.7112837
0.0007,0.0003,0.00035,663.0293243
0.0007,0.0003,0.0004,623.9299381
0.0007,0.0003,0.00045,575.4250038
0.0007,0.0003,0.0005,553.2700179
0.0007,0.0003,0.00055,551.7976597
0.0007,0.0003,0.0006,509.076355
0.0007,0.0003,0.00065,437.7490063
0.0007,0.0003,0.0007,409.0349633
0.0007,0.0003,0.00075,381.5603918
0.0007,0.0003,0.0008,366.8670127
0.0007,0.0003,0.00085,359.7384994
0.0007,0.0003,0.0009,359.4356017
0.0007,0.0003,0.00095,359.4302251
0.0007,0.00035,5.00E-05,623.0480866
0.0007,0.00035,0.0001,618.7411952
0.0007,0.00035,0.00015,613.8936569
0.0007,0.00035,0.0002,599.7005972
0.0007,0.00035,0.00025,606.4460961
0.0007,0.00035,0.0003,612.1146895
0.0007,0.00035,0.00035,592.7741676
0.0007,0.00035,0.0004,563.9909875
0.0007,0.00035,0.00045,549.8211872
0.0007,0.00035,0.0005,536.1815315
0.0007,0.00035,0.00055,523.667219
0.0007,0.00035,0.0006,536.3726894
0.0007,0.00035,0.00065,464.1686436
0.0007,0.00035,0.0007,331.5547872
0.0007,0.00035,0.00075,315.6743798
0.0007,0.00035,0.0008,299.9364044
0.0007,0.00035,0.00085,364.3272839
0.0007,0.00035,0.0009,353.1310629
0.0007,0.00035,0.00095,347.3280856
0.0007,0.0004,5.00E-05,598.2494161
0.0007,0.0004,0.0001,593.4094805
0.0007,0.0004,0.00015,579.9400001
0.0007,0.0004,0.0002,563.6151066
0.0007,0.0004,0.00025,543.8526226
0.0007,0.0004,0.0003,550.5659325
0.0007,0.0004,0.00035,527.8988827
0.0007,0.0004,0.0004,565.2085135
0.0007,0.0004,0.00045,641.251186
0.0007,0.0004,0.0005,627.3018996
0.0007,0.0004,0.00055,657.5590231
0.0007,0.0004,0.0006,683.6205458
0.0007,0.0004,0.00065,611.4165
0.0007,0.0004,0.0007,342.8305312
0.0007,0.0004,0.00075,236.2501717
0.0007,0.0004,0.0008,340.9081367
0.0007,0.0004,0.00085,503.3674992
0.0007,0.0004,0.0009,482.0516148
0.0007,0.0004,0.00095,460.2368599
0.0007,0.00045,5.00E-05,572.9203949
0.0007,0.00045,0.0001,559.4649312
0.0007,0.00045,0.00015,531.910216
0.0007,0.00045,0.0002,516.5791666
0.0007,0.00045,0.00025,507.5335681
0.0007,0.00045,0.0003,500.3875916
0.0007,0.00045,0.00035,528.9139571
0.0007,0.00045,0.0004,630.700507
0.0007,0.00045,0.00045,732.487057
0.0007,0.00045,0.0005,734.2405956
0.0007,0.00045,0.00055,803.3100605
0.0007,0.00045,0.0006,825.481677
0.0007,0.00045,0.00065,766.8988887
0.0007,0.00045,0.0007,385.3888035
0.0007,0.00045,0.00075,286.2518078
0.0007,0.00045,0.0008,487.2132344
0.0007,0.00045,0.00085,656.038983
0.0007,0.00045,0.0009,605.620088
0.0007,0.00045,0.00095,437.4900751
0.0007,0.0005,5.00E-05,529.6950932
0.0007,0.0005,0.0001,520.9327623
0.0007,0.0005,0.00015,565.5584085
0.0007,0.0005,0.0002,673.9873571
0.0007,0.0005,0.00025,687.4184056
0.0007,0.0005,0.0003,684.3641605
0.0007,0.0005,0.00035,462.5109498
0.0007,0.0005,0.0004,696.1925006
0.0007,0.0005,0.00045,719.0031499
0.0007,0.0005,0.0005,898.7627255
0.0007,0.0005,0.00055,949.0610979
0.0007,0.0005,0.0006,966.3777254
0.0007,0.0005,0.00065,905.3568875
0.0007,0.0005,0.0007,479.7428634
0.0007,0.0005,0.00075,201.789008
0.0007,0.0005,0.0008,485.9966321
0.0007,0.0005,0.00085,634.1471458
0.0007,0.0005,0.0009,565.9760903
0.0007,0.0005,0.00095,495.1780733
0.0007,0.00055,5.00E-05,463.4747357
0.0007,0.00055,0.0001,563.2700084
0.0007,0.00055,0.00015,752.0100076
0.0007,0.00055,0.0002,892.9149889
0.0007,0.00055,0.00025,934.4144561
0.0007,0.00055,0.0003,913.5498176
0.0007,0.00055,0.00035,686.450712
0.0007,0.00055,0.0004,381.5618687
0.0007,0.00055,0.00045,649.6672041
0.0007,0.00055,0.0005,951.3580583
0.0007,0.00055,0.00055,990.8257032
0.0007,0.00055,0.0006,966.3260483
0.0007,0.00055,0.00065,860.1103298
0.0007,0.00055,0.0007,733.4882181
0.0007,0.00055,0.00075,425.6774257
0.0007,0.00055,0.0008,376.5247902
0.0007,0.00055,0.00085,563.9172124
0.0007,0.00055,0.0009,513.6696048
0.0007,0.00055,0.00095,513.9900688
0.0007,0.0006,5.00E-05,411.4890317
0.0007,0.0006,0.0001,687.9622872
0.0007,0.0006,0.00015,883.2176721
0.0007,0.0006,0.0002,1105.984707
0.0007,0.0006,0.00025,1066.510071
0.0007,0.0006,0.0003,1124.703695
0.0007,0.0006,0.00035,996.31079
0.0007,0.0006,0.0004,624.5284861
0.0007,0.0006,0.00045,698.6370049
0.0007,0.0006,0.0005,836.236673
0.0007,0.0006,0.00055,764.2507946
0.0007,0.0006,0.0006,809.4364475
0.0007,0.0006,0.00065,781.5061542
0.0007,0.0006,0.0007,699.5587527
0.0007,0.0006,0.00075,625.6692588
0.0007,0.0006,0.0008,569.1775476
0.0007,0.0006,0.00085,516.1149643
0.0007,0.0006,0.0009,509.7393655
0.0007,0.0006,0.00095,510.246658
0.0007,0.00065,5.00E-05,562.4812364
0.0007,0.00065,0.0001,1013.099519
0.0007,0.00065,0.00015,1039.304783
0.0007,0.00065,0.0002,1137.06172
0.0007,0.00065,0.00025,1086.780236
0.0007,0.00065,0.0003,1049.655901
0.0007,0.00065,0.00035,985.367744
0.0007,0.00065,0.0004,930.0163668
0.0007,0.00065,0.00045,894.7890285
0.0007,0.00065,0.0005,862.8868955
0.0007,0.00065,0.00055,840.3069048
0.0007,0.00065,0.0006,791.9883442
0.0007,0.00065,0.00065,718.0993718
0.0007,0.00065,0.0007,644.9657582
0.0007,0.00065,0.00075,594.517072
0.0007,0.00065,0.0008,553.2881943
0.0007,0.00065,0.00085,496.908487
0.0007,0.00065,0.0009,480.18552
0.0007,0.00065,0.00095,477.8674462
0.0007,0.0007,5.00E-05,581.5609675
0.0007,0.0007,0.0001,971.1717731
0.0007,0.0007,0.00015,1010.19833
0.0007,0.0007,0.0002,1005.257841
0.0007,0.0007,0.00025,973.7618775
0.0007,0.0007,0.0003,981.7866406
0.0007,0.0007,0.00035,922.0920543
0.0007,0.0007,0.0004,912.5653704
0.0007,0.0007,0.00045,898.0684384
0.0007,0.0007,0.0005,871.2482546
0.0007,0.0007,0.00055,812.8724527
0.0007,0.0007,0.0006,737.0985377
0.0007,0.0007,0.00065,660.8389481
0.0007,0.0007,0.0007,595.0486988
0.0007,0.0007,0.00075,556.5732987
0.0007,0.0007,0.0008,518.0557803
0.0007,0.0007,0.00085,479.3717737
0.0007,0.0007,0.0009,455.2815506
0.0007,0.0007,0.00095,474.9136596
0.0007,0.00075,5.00E-05,865.0021924
0.0007,0.00075,0.0001,920.6720277
0.0007,0.00075,0.00015,903.6020067
0.0007,0.00075,0.0002,901.8088101
0.0007,0.00075,0.00025,921.5653441
0.0007,0.00075,0.0003,920.6122547
0.0007,0.00075,0.00035,887.9120381
0.0007,0.00075,0.0004,892.3775831
0.0007,0.00075,0.00045,860.1290338
0.0007,0.00075,0.0005,817.5658481
0.0007,0.00075,0.00055,758.0973437
0.0007,0.00075,0.0006,682.2087312
0.0007,0.00075,0.00065,611.1168999
0.0007,0.00075,0.0007,557.0461794
0.0007,0.00075,0.00075,518.5774114
0.0007,0.00075,0.0008,481.6656652
0.0007,0.00075,0.00085,442.7936253
0.0007,0.00075,0.0009,454.8417478
0.0007,0.00075,0.00095,506.4417917
0.0007,0.0008,5.00E-05,804.5623577
0.0007,0.0008,0.0001,890.5200988
0.0007,0.0008,0.00015,935.9765778
0.0007,0.0008,0.0002,938.2239549
0.0007,0.0008,0.00025,937.2708655
0.0007,0.0008,0.0003,924.144259
0.0007,0.0008,0.00035,874.9307056
0.0007,0.0008,0.0004,822.4454171
0.0007,0.0008,0.00045,786.8895254
0.0007,0.0008,0.0005,740.0953476
0.0007,0.0008,0.00055,693.6850704
0.0007,0.0008,0.0006,642.3650248
0.0007,0.0008,0.00065,580.9726211
0.0007,0.0008,0.0007,519.5802173
0.0007,0.0008,0.00075,485.2749325
0.0007,0.0008,0.0008,449.5623292
0.0007,0.0008,0.00085,417.267745
0.0007,0.0008,0.0009,447.6539733
0.0007,0.0008,0.00095,498.7359516
0.0007,0.00085,5.00E-05,744.122523
0.0007,0.00085,0.0001,859.9662652
0.0007,0.00085,0.00015,936.4687463
0.0007,0.00085,0.0002,910.0851242
0.0007,0.00085,0.00025,888.1385162
0.0007,0.00085,0.0003,867.2856932
0.0007,0.00085,0.00035,835.0846164
0.0007,0.00085,0.0004,772.8437178
0.0007,0.00085,0.00045,714.8037819
0.0007,0.00085,0.0005,678.649193
0.0007,0.00085,0.00055,643.1069616
0.0007,0.00085,0.0006,581.2637111
0.0007,0.00085,0.00065,528.2574379
0.0007,0.00085,0.0007,476.6142233
0.0007,0.00085,0.00075,445.5643616
0.0007,0.00085,0.0008,417.3324799
0.0007,0.00085,0.00085,413.7977589
0.0007,0.00085,0.0009,443.5723816
0.0007,0.00085,0.00095,503.6116156
0.0007,0.0009,5.00E-05,740.1777608
0.0007,0.0009,0.0001,829.4124315
0.0007,0.0009,0.00015,831.8016651
0.0007,0.0009,0.0002,821.1873616
0.0007,0.0009,0.00025,830.3820308
0.0007,0.0009,0.0003,806.4337672
0.0007,0.0009,0.00035,780.3227354
0.0007,0.0009,0.0004,732.4460719
0.0007,0.0009,0.00045,681.1045244
0.0007,0.0009,0.0005,630.7238376
0.0007,0.0009,0.00055,592.8298423
0.0007,0.0009,0.0006,529.0391525
0.0007,0.0009,0.00065,484.1255702
0.0007,0.0009,0.0007,449.3117662
0.0007,0.0009,0.00075,419.7779744
0.0007,0.0009,0.0008,409.3522333
0.0007,0.0009,0.00085,424.7864245
0.0007,0.0009,0.0009,456.2845103
0.0007,0.0009,0.00095,525.9821953
0.0007,0.00095,5.00E-05,736.8161079
0.0007,0.00095,0.0001,661.7892232
0.0007,0.00095,0.00015,706.0612525
0.0007,0.00095,0.0002,736.8651011
0.0007,0.00095,0.00025,731.0247301
0.0007,0.00095,0.0003,725.3829458
0.0007,0.00095,0.00035,724.5203187
0.0007,0.00095,0.0004,688.8561516
0.0007,0.00095,0.00045,641.1674242
0.0007,0.00095,0.0005,593.4786967
0.0007,0.00095,0.00055,545.7899692
0.0007,0.00095,0.0006,514.2165868
0.0007,0.00095,0.00065,486.6153587
0.0007,0.00095,0.0007,454.3417588
0.0007,0.00095,0.00075,432.9531254
0.0007,0.00095,0.0008,446.7880461
0.0007,0.00095,0.00085,436.2816744
0.0007,0.00095,0.0009,472.5912348
0.0007,0.00095,0.00095,556.9838517
0.00075,5.00E-05,0.0001,652.5312584
0.00075,5.00E-05,0.00015,638.6284352
0.00075,5.00E-05,0.0002,628.3668448
0.00075,5.00E-05,0.00025,641.0226826
0.00075,5.00E-05,0.0003,647.2067435
0.00075,5.00E-05,0.00035,646.438941
0.00075,5.00E-05,0.0004,651.8288153
0.00075,5.00E-05,0.00045,651.1717718
0.00075,5.00E-05,0.0005,657.3021373
0.00075,5.00E-05,0.00055,655.6674171
0.00075,5.00E-05,0.0006,659.3714421
0.00075,5.00E-05,0.00065,668.3166839
0.00075,5.00E-05,0.0007,667.0294445
0.00075,5.00E-05,0.00075,656.516034
0.00075,5.00E-05,0.0008,622.0928144
0.00075,5.00E-05,0.00085,613.4231025
0.00075,5.00E-05,0.0009,586.1637929
0.00075,5.00E-05,0.00095,588.9304735
0.00075,0.0001,5.00E-05,662.3330234
0.00075,0.0001,0.0001,648.4675394
0.00075,0.0001,0.00015,638.5218902
0.00075,0.0001,0.0002,640.3002147
0.00075,0.0001,0.00025,653.0181625
0.00075,0.0001,0.0003,660.887321
0.00075,0.0001,0.00035,658.8599587
0.00075,0.0001,0.0004,658.1090333
0.00075,0.0001,0.00045,650.4157996
0.00075,0.0001,0.0005,653.7199393
0.00075,0.0001,0.00055,659.8607064
0.00075,0.0001,0.0006,657.1334682
0.00075,0.0001,0.00065,654.9321025
0.00075,0.0001,0.0007,646.6568402
0.00075,0.0001,0.00075,606.3411029
0.00075,0.0001,0.0008,571.7897173
0.00075,0.0001,0.00085,544.7079906
0.00075,0.0001,0.0009,538.4714599
0.00075,0.0001,0.00095,511.5040811
0.00075,0.00015,5.00E-05,654.0791426
0.00075,0.00015,0.0001,644.4946377
0.00075,0.00015,0.00015,650.9494214
0.00075,0.00015,0.0002,652.7277749
0.00075,0.00015,0.00025,660.6929057
0.00075,0.00015,0.0003,658.3848299
0.00075,0.00015,0.00035,657.0494104
0.00075,0.00015,0.0004,657.8946741
0.00075,0.00015,0.00045,650.1864434
0.00075,0.00015,0.0005,653.4503491
0.00075,0.00015,0.00055,625.0956487
0.00075,0.00015,0.0006,620.4211936
0.00075,0.00015,0.00065,622.0410841
0.00075,0.00015,0.0007,621.0583508
0.00075,0.00015,0.00075,580.7283767
0.00075,0.00015,0.0008,563.8898724
0.00075,0.00015,0.00085,535.3529581
0.00075,0.00015,0.0009,494.4344759
0.00075,0.00015,0.00095,455.8738642
0.00075,0.0002,5.00E-05,647.0176165
0.00075,0.0002,0.0001,648.3398539
0.00075,0.0002,0.00015,655.275847
0.00075,0.0002,0.0002,660.9640587
0.00075,0.0002,0.00025,658.6509024
0.00075,0.0002,0.0003,656.337746
0.00075,0.0002,0.00035,655.8744888
0.00075,0.0002,0.0004,657.4259803
0.00075,0.0002,0.00045,650.4952375
0.00075,0.0002,0.0005,620.909329
0.00075,0.0002,0.00055,590.1754886
0.00075,0.0002,0.0006,587.1325838
0.00075,0.0002,0.00065,596.3056696
0.00075,0.0002,0.0007,595.2005631
0.00075,0.0002,0.00075,572.8751989
0.00075,0.0002,0.0008,562.3110992
0.00075,0.0002,0.00085,531.0550149
0.00075,0.0002,0.0009,448.2041817
0.00075,0.0002,0.00095,442.9725848
0.00075,0.00025,5.00E-05,660.2558057
0.00075,0.00025,0.0001,667.1917988
0.00075,0.00025,0.00015,671.072503
0.00075,0.00025,0.0002,665.3237397
0.00075,0.00025,0.00025,663.0134498
0.00075,0.00025,0.0003,675.8445012
0.00075,0.00025,0.00035,686.1358144
0.00075,0.00025,0.0004,690.9662533
0.00075,0.00025,0.00045,649.6285314
0.00075,0.00025,0.0005,617.2021015
0.00075,0.00025,0.00055,591.9065811
0.00075,0.00025,0.0006,572.1141069
0.00075,0.00025,0.00065,581.2298943
0.00075,0.00025,0.0007,542.8297135
0.00075,0.00025,0.00075,532.6322865
0.00075,0.00025,0.0008,515.1045503
0.00075,0.00025,0.00085,450.2306619
0.00075,0.00025,0.0009,399.974246
0.00075,0.00025,0.00095,393.7063483
0.00075,0.0003,5.00E-05,674.3925798
0.00075,0.0003,0.0001,674.8491088
0.00075,0.0003,0.00015,673.3926633
0.00075,0.0003,0.0002,667.6185603
0.00075,0.0003,0.00025,680.3056158
0.00075,0.0003,0.0003,700.9019462
0.00075,0.0003,0.00035,719.4362842
0.00075,0.0003,0.0004,677.9840437
0.00075,0.0003,0.00045,632.9174277
0.00075,0.0003,0.0005,605.7151063
0.00075,0.0003,0.00055,591.965419
0.00075,0.0003,0.0006,572.0185495
0.00075,0.0003,0.00065,524.2307746
0.00075,0.0003,0.0007,463.3237939
0.00075,0.0003,0.00075,449.8360667
0.00075,0.0003,0.0008,429.2225399
0.00075,0.0003,0.00085,368.3782754
0.00075,0.0003,0.0009,350.6155994
0.00075,0.0003,0.00095,350.8593429
0.00075,0.00035,5.00E-05,665.8637052
0.00075,0.00035,0.0001,648.8686673
0.00075,0.00035,0.00015,648.3465941
0.00075,0.00035,0.0002,643.6242564
0.00075,0.00035,0.00025,641.5868462
0.00075,0.00035,0.0003,647.5694334
0.00075,0.00035,0.00035,662.6009265
0.00075,0.00035,0.0004,631.7722142
0.00075,0.00035,0.00045,573.9344738
0.00075,0.00035,0.0005,560.4844294
0.00075,0.00035,0.00055,580.4326868
0.00075,0.00035,0.0006,603.6397471
0.00075,0.00035,0.00065,531.4913656
0.00075,0.00035,0.0007,460.4909448
0.00075,0.00035,0.00075,439.5714133
0.00075,0.00035,0.0008,422.8090781
0.00075,0.00035,0.00085,331.089459
0.00075,0.00035,0.0009,384.6854581
0.00075,0.00035,0.00095,379.4335864
0.00075,0.0004,5.00E-05,643.3799608
0.00075,0.0004,0.0001,603.0032995
0.00075,0.0004,0.00015,599.1643045
0.00075,0.0004,0.0002,611.9259216
0.00075,0.0004,0.00025,587.6372439
0.00075,0.0004,0.0003,585.6582583
0.00075,0.0004,0.00035,596.0112678
0.00075,0.0004,0.0004,529.3143455
0.00075,0.0004,0.00045,606.0365521
0.00075,0.0004,0.0005,691.1884697
0.00075,0.0004,0.00055,691.0085031
0.00075,0.0004,0.0006,726.2038609
0.00075,0.0004,0.00065,668.9891652
0.00075,0.0004,0.0007,563.8524174
0.00075,0.0004,0.00075,584.1497331
0.00075,0.0004,0.0008,566.9499472
0.00075,0.0004,0.00085,468.1263994
0.00075,0.0004,0.0009,497.6313018
0.00075,0.0004,0.00095,482.555442
0.00075,0.00045,5.00E-05,637.2432605
0.00075,0.00045,0.0001,596.6325634
0.00075,0.00045,0.00015,555.9470914
0.00075,0.00045,0.0002,559.0771448
0.00075,0.00045,0.00025,556.169695
0.00075,0.00045,0.0003,550.8631364
0.00075,0.00045,0.00035,493.4478834
0.00075,0.00045,0.0004,442.5449086
0.00075,0.00045,0.00045,560.0091807
0.00075,0.00045,0.0005,838.2130058
0.00075,0.00045,0.00055,814.8510707
0.00075,0.00045,0.0006,855.7292477
0.00075,0.00045,0.00065,816.5457985
0.00075,0.00045,0.0007,641.2544769
0.00075,0.00045,0.00075,668.6303917
0.00075,0.00045,0.0008,722.4332483
0.00075,0.00045,0.00085,652.8402665
0.00075,0.00045,0.0009,601.8582199
0.00075,0.00045,0.00095,506.7082678
0.00075,0.0005,5.00E-05,568.6759266
0.00075,0.0005,0.0001,539.5279137
0.00075,0.0005,0.00015,482.4771803
0.00075,0.0005,0.0002,436.8777824
0.00075,0.0005,0.00025,426.6410963
0.00075,0.0005,0.0003,514.9437673
0.00075,0.0005,0.00035,467.1422084
0.00075,0.0005,0.0004,355.7754717
0.00075,0.0005,0.00045,513.9818092
0.00075,0.0005,0.0005,975.6489415
0.00075,0.0005,0.00055,938.6936383
0.00075,0.0005,0.0006,992.036852
0.00075,0.0005,0.00065,947.5717514
0.00075,0.0005,0.0007,764.1073205
0.00075,0.0005,0.00075,522.1249264
0.00075,0.0005,0.0008,550.48431
0.00075,0.0005,0.00085,647.867473
0.00075,0.0005,0.0009,572.5295836
0.00075,0.0005,0.00095,507.8565031
0.00075,0.00055,5.00E-05,534.4893687
0.00075,0.00055,0.0001,468.239264
0.00075,0.00055,0.00015,437.9419203
0.00075,0.00055,0.0002,527.4350241
0.00075,0.00055,0.00025,486.4062905
0.00075,0.00055,0.0003,769.6355324
0.00075,0.00055,0.00035,741.9189419
0.00075,0.00055,0.0004,347.023609
0.00075,0.00055,0.00045,519.826711
0.00075,0.00055,0.0005,1024.075249
0.00075,0.00055,0.00055,1013.20843
0.00075,0.00055,0.0006,965.4014989
0.00075,0.00055,0.00065,883.7349192
0.00075,0.00055,0.0007,787.1838957
0.00075,0.00055,0.00075,686.7609509
0.00075,0.00055,0.0008,449.5321958
0.00075,0.00055,0.00085,575.8702594
0.00075,0.00055,0.0009,521.5088858
0.00075,0.00055,0.00095,496.6934956
0.00075,0.0006,5.00E-05,727.6852873
0.00075,0.0006,0.0001,380.1449058
0.00075,0.0006,0.00015,483.2291847
0.00075,0.0006,0.0002,528.721023
0.00075,0.0006,0.00025,746.4165388
0.00075,0.0006,0.0003,1048.690273
0.00075,0.0006,0.00035,966.8700562
0.00075,0.0006,0.0004,552.8880985
0.00075,0.0006,0.00045,600.8396485
0.00075,0.0006,0.0005,904.8302382
0.00075,0.0006,0.00055,904.9436789
0.00075,0.0006,0.0006,884.7759885
0.00075,0.0006,0.00065,802.4288196
0.00075,0.0006,0.0007,722.0315774
0.00075,0.0006,0.00075,647.292603
0.00075,0.0006,0.0008,578.7595586
0.00075,0.0006,0.00085,524.5199446
0.00075,0.0006,0.0009,496.1810318
0.00075,0.0006,0.00095,486.5814304
0.00075,0.00065,5.00E-05,899.1216646
0.00075,0.00065,0.0001,650.0799334
0.00075,0.00065,0.00015,562.616672
0.00075,0.00065,0.0002,637.974502
0.00075,0.00065,0.00025,1117.360827
0.00075,0.00065,0.0003,1088.049812
0.00075,0.00065,0.00035,993.9954729
0.00075,0.00065,0.0004,885.6704996
0.00075,0.00065,0.00045,871.2216546
0.00075,0.00065,0.0005,842.1183223
0.00075,0.00065,0.00055,832.9423254
0.00075,0.00065,0.0006,797.3091497
0.00075,0.00065,0.00065,746.4616626
0.00075,0.00065,0.0007,669.1682742
0.00075,0.00065,0.00075,602.5638846
0.00075,0.00065,0.0008,549.6851603
0.00075,0.00065,0.00085,475.9787889
0.00075,0.00065,0.0009,472.7982955
0.00075,0.00065,0.00095,471.3430405
0.00075,0.0007,5.00E-05,989.4715236
0.00075,0.0007,0.0001,812.2025939
0.00075,0.0007,0.00015,678.239364
0.00075,0.0007,0.0002,773.3680999
0.00075,0.0007,0.00025,998.7855671
0.00075,0.0007,0.0003,1001.702056
0.00075,0.0007,0.00035,945.8460425
0.00075,0.0007,0.0004,893.7687796
0.00075,0.0007,0.00045,865.7815409
0.00075,0.0007,0.0005,832.6972771
0.00075,0.0007,0.00055,792.7544202
0.00075,0.0007,0.0006,738.1553068
0.00075,0.0007,0.00065,685.5668922
0.00075,0.0007,0.0007,619.2219909
0.00075,0.0007,0.00075,564.7865994
0.00075,0.0007,0.0008,525.5162442
0.00075,0.0007,0.00085,461.9363066
0.00075,0.0007,0.0009,458.5736047
0.00075,0.0007,0.00095,481.3111221
0.00075,0.00075,5.00E-05,897.8305955
0.00075,0.00075,0.0001,924.7567632
0.00075,0.00075,0.00015,923.9892981
0.00075,0.00075,0.0002,919.8584931
0.00075,0.00075,0.00025,919.3690828
0.00075,0.00075,0.0003,920.485154
0.00075,0.00075,0.00035,897.4372559
0.00075,0.00075,0.0004,867.7485345
0.00075,0.00075,0.00045,829.6370938
0.00075,0.00075,0.0005,787.3049302
0.00075,0.00075,0.00055,732.9792053
0.00075,0.00075,0.0006,679.0113368
0.00075,0.00075,0.00065,626.0982566
0.00075,0.00075,0.0007,569.2757077
0.00075,0.00075,0.00075,525.9044789
0.00075,0.00075,0.0008,485.2680646
0.00075,0.00075,0.00085,444.6316504
0.00075,0.00075,0.0009,463.1701771
0.00075,0.00075,0.00095,507.6000543
0.00075,0.0008,5.00E-05,845.224248
0.00075,0.0008,0.0001,888.5310123
0.00075,0.0008,0.00015,916.0995345
0.00075,0.0008,0.0002,895.5277131
0.00075,0.0008,0.00025,864.6821632
0.00075,0.0008,0.0003,860.221924
0.00075,0.0008,0.00035,840.469021
0.00075,0.0008,0.0004,803.8090273
0.00075,0.0008,0.00045,767.3370627
0.00075,0.0008,0.0005,720.8416232
0.00075,0.0008,0.00055,668.878479
0.00075,0.0008,0.0006,620.4172081
0.00075,0.0008,0.00065,573.8460871
0.00075,0.0008,0.0007,524.2940223
0.00075,0.0008,0.00075,496.7759877
0.00075,0.0008,0.0008,451.4042626
0.00075,0.0008,0.00085,419.5867674
0.00075,0.0008,0.0009,454.0230476
0.00075,0.0008,0.00095,501.5312221
0.00075,0.00085,5.00E-05,779.0466145
0.00075,0.00085,0.0001,850.1889407
0.00075,0.00085,0.00015,916.591703
0.00075,0.00085,0.0002,870.2193851
0.00075,0.00085,0.00025,815.6568478
0.00075,0.00085,0.0003,806.7495502
0.00075,0.00085,0.00035,779.4525543
0.00075,0.00085,0.0004,751.7113991
0.00075,0.00085,0.00045,695.0136273
0.00075,0.00085,0.0005,656.4144187
0.00075,0.00085,0.00055,617.3325741
0.00075,0.00085,0.0006,576.5700251
0.00075,0.00085,0.00065,534.4353396
0.00075,0.00085,0.0007,481.3280283
0.00075,0.00085,0.00075,470.8478674
0.00075,0.00085,0.0008,439.6588283
0.00075,0.00085,0.00085,421.7389645
0.00075,0.00085,0.0009,449.359087
0.00075,0.00085,0.00095,509.7057178
0.00075,0.0009,5.00E-05,712.868981
0.00075,0.0009,0.0001,762.5488124
0.00075,0.0009,0.00015,743.9929022
0.00075,0.0009,0.0002,733.5667682
0.00075,0.0009,0.00025,743.6515822
0.00075,0.0009,0.0003,745.8976242
0.00075,0.0009,0.00035,718.4936506
0.00075,0.0009,0.0004,690.9479098
0.00075,0.0009,0.00045,658.665722
0.00075,0.0009,0.0005,609.0187294
0.00075,0.0009,0.00055,569.0693636
0.00075,0.0009,0.0006,529.818983
0.00075,0.0009,0.00065,487.400526
0.00075,0.0009,0.0007,438.3620343
0.00075,0.0009,0.00075,421.8249646
0.00075,0.0009,0.0008,421.3197894
0.00075,0.0009,0.00085,437.3682988
0.00075,0.0009,0.0009,471.837121
0.00075,0.0009,0.00095,518.512136
0.00075,0.00095,5.00E-05,610.0913577
0.00075,0.00095,0.0001,511.6201742
0.00075,0.00095,0.00015,604.5579056
0.00075,0.00095,0.0002,686.6618857
0.00075,0.00095,0.00025,681.8978984
0.00075,0.00095,0.0003,680.8489865
0.00075,0.00095,0.00035,673.5754971
0.00075,0.00095,0.0004,650.3636714
0.00075,0.00095,0.00045,607.8355951
0.00075,0.00095,0.0005,560.1468677
0.00075,0.00095,0.00055,512.4581402
0.00075,0.00095,0.0006,508.5452685
0.00075,0.00095,0.00065,478.7864785
0.00075,0.00095,0.0007,446.5128786
0.00075,0.00095,0.00075,427.6082056
0.00075,0.00095,0.0008,435.3581178
0.00075,0.00095,0.00085,447.7397306
0.00075,0.00095,0.0009,473.2978246
0.00075,0.00095,0.00095,497.7747702
0.0008,5.00E-05,0.0001,689.3749835
0.0008,5.00E-05,0.00015,672.8408137
0.0008,5.00E-05,0.0002,662.5162321
0.0008,5.00E-05,0.00025,674.6112971
0.0008,5.00E-05,0.0003,680.7620724
0.0008,5.00E-05,0.00035,673.0984149
0.0008,5.00E-05,0.0004,672.3840718
0.0008,5.00E-05,0.00045,677.8620661
0.0008,5.00E-05,0.0005,675.0861592
0.0008,5.00E-05,0.00055,673.2314603
0.0008,5.00E-05,0.0006,674.7193796
0.0008,5.00E-05,0.00065,678.4577839
0.0008,5.00E-05,0.0007,687.4030257
0.0008,5.00E-05,0.00075,677.9204233
0.0008,5.00E-05,0.0008,665.4534615
0.0008,5.00E-05,0.00085,650.0567742
0.0008,5.00E-05,0.0009,623.6569555
0.0008,5.00E-05,0.00095,613.9396234
0.0008,0.0001,5.00E-05,702.8216531
0.0008,0.0001,0.0001,688.9004799
0.0008,0.0001,0.00015,673.3196064
0.0008,0.0001,0.0002,674.7682288
0.0008,0.0001,0.00025,687.3286156
0.0008,0.0001,0.0003,696.5326289
0.0008,0.0001,0.00035,691.6883428
0.0008,0.0001,0.0004,687.4561658
0.0008,0.0001,0.00045,679.7417145
0.0008,0.0001,0.0005,678.1199943
0.0008,0.0001,0.00055,680.3608602
0.0008,0.0001,0.0006,679.6197869
0.0008,0.0001,0.00065,683.6352345
0.0008,0.0001,0.0007,673.11225
0.0008,0.0001,0.00075,640.8144636
0.0008,0.0001,0.0008,612.7471725
0.0008,0.0001,0.00085,588.0839163
0.0008,0.0001,0.0009,577.8958414
0.0008,0.0001,0.00095,542.1020275
0.0008,0.00015,5.00E-05,710.4212623
0.0008,0.00015,0.0001,700.3463216
0.0008,0.00015,0.00015,688.4055579
0.0008,0.00015,0.0002,690.2028504
0.0008,0.00015,0.00025,699.4359825
0.0008,0.00015,0.0003,705.0994857
0.0008,0.00015,0.00035,700.897993
0.0008,0.00015,0.0004,698.7701179
0.0008,0.00015,0.00045,691.0468843
0.0008,0.00015,0.0005,670.7322899
0.0008,0.00015,0.00055,674.0978085
0.0008,0.00015,0.0006,674.5374346
0.0008,0.00015,0.00065,679.060839
0.0008,0.00015,0.0007,670.4295043
0.0008,0.00015,0.00075,616.5743002
0.0008,0.00015,0.0008,576.4073666
0.0008,0.00015,0.00085,549.5886804
0.0008,0.00015,0.0009,517.3108538
0.0008,0.00015,0.00095,475.654693
0.0008,0.0002,5.00E-05,703.3394056
0.0008,0.0002,0.0001,691.3844554
0.0008,0.0002,0.00015,692.7376001
0.0008,0.0002,0.0002,699.2705026
0.0008,0.0002,0.00025,705.3503476
0.0008,0.0002,0.0003,703.0371912
0.0008,0.0002,0.00035,699.744704
0.0008,0.0002,0.0004,698.2563788
0.0008,0.0002,0.00045,691.334993
0.0008,0.0002,0.0005,671.009016
0.0008,0.0002,0.00055,641.3831132
0.0008,0.0002,0.0006,639.5072447
0.0008,0.0002,0.00065,645.8325246
0.0008,0.0002,0.0007,644.5825121
0.0008,0.0002,0.00075,590.763647
0.0008,0.0002,0.0008,568.5738188
0.0008,0.0002,0.00085,537.2629337
0.0008,0.0002,0.0009,491.3343075
0.0008,0.0002,0.00095,458.2943007
0.0008,0.00025,5.00E-05,715.3577427
0.0008,0.00025,0.0001,704.6535519
0.0008,0.00025,0.00015,730.7989923
0.0008,0.00025,0.0002,711.2875086
0.0008,0.00025,0.00025,713.8557745
0.0008,0.00025,0.0003,715.7781891
0.0008,0.00025,0.00035,728.7755042
0.0008,0.00025,0.0004,731.7901878
0.0008,0.00025,0.00045,721.9265406
0.0008,0.00025,0.0005,684.2402302
0.0008,0.00025,0.00055,654.6379502
0.0008,0.00025,0.0006,637.5503979
0.0008,0.00025,0.00065,611.7099742
0.0008,0.00025,0.0007,610.2673824
0.0008,0.00025,0.00075,587.5655082
0.0008,0.00025,0.0008,521.26452
0.0008,0.00025,0.00085,493.2411075
0.0008,0.00025,0.0009,439.1836573
0.0008,0.00025,0.00095,425.2575102
0.0008,0.0003,5.00E-05,736.6835652
0.0008,0.0003,0.0001,731.3532192
0.0008,0.0003,0.00015,728.1832964
0.0008,0.0003,0.0002,717.3542738
0.0008,0.0003,0.00025,716.9684917
0.0008,0.0003,0.0003,736.4570145
0.0008,0.0003,0.00035,754.8861814
0.0008,0.0003,0.0004,770.7074475
0.0008,0.0003,0.00045,729.8397407
0.0008,0.0003,0.0005,683.7424033
0.0008,0.0003,0.00055,656.583193
0.0008,0.0003,0.0006,622.1898917
0.0008,0.0003,0.00065,596.1481646
0.0008,0.0003,0.0007,558.7772271
0.0008,0.0003,0.00075,540.8727701
0.0008,0.0003,0.0008,456.1561154
0.0008,0.0003,0.00085,412.2563488
0.0008,0.0003,0.0009,387.300617
0.0008,0.0003,0.00095,345.1144946
0.0008,0.00035,5.00E-05,754.4708504
0.0008,0.00035,0.0001,713.2968523
0.0008,0.00035,0.00015,697.9300178
0.0008,0.00035,0.0002,693.1986321
0.0008,0.00035,0.00025,681.0350491
0.0008,0.00035,0.0003,680.7044647
0.0008,0.00035,0.00035,760.1051614
0.0008,0.00035,0.0004,728.993511
0.0008,0.00035,0.00045,665.8845164
0.0008,0.00035,0.0005,625.3265762
0.0008,0.00035,0.00055,645.1753425
0.0008,0.00035,0.0006,670.3809353
0.0008,0.00035,0.00065,626.4419234
0.0008,0.00035,0.0007,555.4558069
0.0008,0.00035,0.00075,534.6665154
0.0008,0.00035,0.0008,400.3280555
0.0008,0.00035,0.00085,325.8112288
0.0008,0.00035,0.0009,310.4211266
0.0008,0.00035,0.00095,379.5901432
0.0008,0.0004,5.00E-05,734.9909436
0.0008,0.0004,0.0001,707.5911907
0.0008,0.0004,0.00015,666.4171926
0.0008,0.0004,0.0002,677.1301125
0.0008,0.0004,0.00025,656.2592262
0.0008,0.0004,0.0003,658.1059483
0.0008,0.0004,0.00035,693.8358773
0.0008,0.0004,0.0004,620.6782423
0.0008,0.0004,0.00045,540.3679963
0.0008,0.0004,0.0005,549.5335601
0.0008,0.0004,0.00055,725.6694297
0.0008,0.0004,0.0006,785.8990019
0.0008,0.0004,0.00065,746.3533235
0.0008,0.0004,0.0007,687.546151
0.0008,0.0004,0.00075,636.5274769
0.0008,0.0004,0.0008,489.0719928
0.0008,0.0004,0.00085,216.9815617
0.0008,0.0004,0.0009,317.5071447
0.0008,0.0004,0.00095,335.8824766
0.0008,0.00045,5.00E-05,703.8049086
0.0008,0.00045,0.0001,699.5785395
0.0008,0.00045,0.00015,657.4129655
0.0008,0.00045,0.0002,650.1979617
0.0008,0.00045,0.00025,644.8353576
0.0008,0.00045,0.0003,643.4461873
0.0008,0.00045,0.00035,643.9830516
0.0008,0.00045,0.0004,586.1762409
0.0008,0.00045,0.00045,447.4164457
0.0008,0.00045,0.0005,659.3711754
0.0008,0.00045,0.00055,806.163517
0.0008,0.00045,0.0006,900.2940465
0.0008,0.00045,0.00065,862.0554507
0.0008,0.00045,0.0007,819.955159
0.0008,0.00045,0.00075,768.7373263
0.0008,0.00045,0.0008,671.6736214
0.0008,0.00045,0.00085,366.1286119
0.0008,0.00045,0.0009,402.8178278
0.0008,0.00045,0.00095,536.3469654
0.0008,0.0005,5.00E-05,607.5372449
0.0008,0.0005,0.0001,598.042045
0.0008,0.0005,0.00015,533.9980245
0.0008,0.0005,0.0002,527.8553366
0.0008,0.0005,0.00025,518.0307522
0.0008,0.0005,0.0003,503.4430752
0.0008,0.0005,0.00035,838.7655509
0.0008,0.0005,0.0004,623.4681506
0.0008,0.0005,0.00045,306.0237956
0.0008,0.0005,0.0005,905.0088229
0.0008,0.0005,0.00055,953.3388027
0.0008,0.0005,0.0006,1014.689091
0.0008,0.0005,0.00065,954.5333221
0.0008,0.0005,0.0007,870.2258914
0.0008,0.0005,0.00075,792.3619319
0.0008,0.0005,0.0008,717.8181104
0.0008,0.0005,0.00085,494.8762581
0.0008,0.0005,0.0009,445.3425462
0.0008,0.0005,0.00095,530.4896354
0.0008,0.00055,5.00E-05,538.1086137
0.0008,0.00055,0.0001,440.3956087
0.0008,0.00055,0.00015,347.8115853
0.0008,0.00055,0.0002,357.8568827
0.0008,0.00055,0.00025,374.2777905
0.0008,0.00055,0.0003,450.6308008
0.0008,0.00055,0.00035,898.7257773
0.0008,0.00055,0.0004,649.6647259
0.0008,0.00055,0.00045,182.2669983
0.0008,0.00055,0.0005,899.9948412
0.0008,0.00055,0.00055,980.9713529
0.0008,0.00055,0.0006,971.4141712
0.0008,0.00055,0.00065,895.6486798
0.0008,0.00055,0.0007,809.434368
0.0008,0.00055,0.00075,732.3620637
0.0008,0.00055,0.0008,625.3474535
0.0008,0.00055,0.00085,585.9816394
0.0008,0.00055,0.0009,538.593481
0.0008,0.00055,0.00095,502.7534832
0.0008,0.0006,5.00E-05,676.9803118
0.0008,0.0006,0.0001,355.9005759
0.0008,0.0006,0.00015,255.1712856
0.0008,0.0006,0.0002,177.6667852
0.0008,0.0006,0.00025,333.7097566
0.0008,0.0006,0.0003,683.7552629
0.0008,0.0006,0.00035,1055.213742
0.0008,0.0006,0.0004,828.5719038
0.0008,0.0006,0.00045,578.2874
0.0008,0.0006,0.0005,761.7912945
0.0008,0.0006,0.00055,883.6153033
0.0008,0.0006,0.0006,881.5503553
0.0008,0.0006,0.00065,822.1672016
0.0008,0.0006,0.0007,748.0734792
0.0008,0.0006,0.00075,673.4640002
0.0008,0.0006,0.0008,594.9298666
0.0008,0.0006,0.00085,542.0327028
0.0008,0.0006,0.0009,513.3796802
0.0008,0.0006,0.00095,480.5630812
0.0008,0.00065,5.00E-05,1128.715219
0.0008,0.00065,0.0001,696.3271499
0.0008,0.00065,0.00015,472.1819871
0.0008,0.00065,0.0002,455.1734632
0.0008,0.00065,0.00025,729.109838
0.0008,0.00065,0.0003,1087.304413
0.0008,0.00065,0.00035,995.7614169
0.0008,0.00065,0.0004,898.3155477
0.0008,0.00065,0.00045,863.415383
0.0008,0.00065,0.0005,842.7918032
0.0008,0.00065,0.00055,801.9198675
0.0008,0.00065,0.0006,781.1070715
0.0008,0.00065,0.00065,741.290062
0.0008,0.00065,0.0007,689.0412794
0.0008,0.00065,0.00075,614.5659366
0.0008,0.00065,0.0008,537.6523641
0.0008,0.00065,0.00085,473.3851669
0.0008,0.00065,0.0009,466.6160536
0.0008,0.00065,0.00095,478.8436967
0.0008,0.0007,5.00E-05,1043.082861
0.0008,0.0007,0.0001,827.3519885
0.0008,0.0007,0.00015,705.1427016
0.0008,0.0007,0.0002,764.8888858
0.0008,0.0007,0.00025,1001.131358
0.0008,0.0007,0.0003,984.8541759
0.0008,0.0007,0.00035,904.841414
0.0008,0.0007,0.0004,837.6313318
0.0008,0.0007,0.00045,824.5573641
0.0008,0.0007,0.0005,805.1363557
0.0008,0.0007,0.00055,766.3748548
0.0008,0.0007,0.0006,712.0793181
0.0008,0.0007,0.00065,660.24353
0.0008,0.0007,0.0007,610.8349205
0.0008,0.0007,0.00075,570.9015359
0.0008,0.0007,0.0008,516.6235279
0.0008,0.0007,0.00085,445.4428029
0.0008,0.0007,0.0009,457.3341853
0.0008,0.0007,0.00095,494.8352057
0.0008,0.00075,5.00E-05,963.8062521
0.0008,0.00075,0.0001,929.2118645
0.0008,0.00075,0.00015,929.2843916
0.0008,0.00075,0.0002,933.0145983
0.0008,0.00075,0.00025,860.7907856
0.0008,0.00075,0.0003,861.9068568
0.0008,0.00075,0.00035,832.4558615
0.0008,0.00075,0.0004,802.3620176
0.0008,0.00075,0.00045,784.6150936
0.0008,0.00075,0.0005,757.0671488
0.0008,0.00075,0.00055,705.6977389
0.0008,0.00075,0.0006,652.4529657
0.0008,0.00075,0.00065,599.4977759
0.0008,0.00075,0.0007,562.4312487
0.0008,0.00075,0.00075,527.9041895
0.0008,0.00075,0.0008,490.3637085
0.0008,0.00075,0.00085,432.6286666
0.0008,0.00075,0.0009,460.8899345
0.0008,0.00075,0.00095,499.0300008
0.0008,0.0008,5.00E-05,862.4710189
0.0008,0.0008,0.0001,899.5132432
0.0008,0.0008,0.00015,907.6154582
0.0008,0.0008,0.0002,885.1439934
0.0008,0.0008,0.00025,845.5051029
0.0008,0.0008,0.0003,799.4655253
0.0008,0.0008,0.00035,775.7478354
0.0008,0.0008,0.0004,747.9931425
0.0008,0.0008,0.00045,722.6773847
0.0008,0.0008,0.0005,691.6696182
0.0008,0.0008,0.00055,641.0529985
0.0008,0.0008,0.0006,589.3778366
0.0008,0.0008,0.00065,538.6300688
0.0008,0.0008,0.0007,517.2719996
0.0008,0.0008,0.00075,497.1965732
0.0008,0.0008,0.0008,461.065658
0.0008,0.0008,0.00085,425.2571828
0.0008,0.0008,0.0009,462.0092734
0.0008,0.0008,0.00095,506.6563629
0.0008,0.00085,5.00E-05,692.1213844
0.0008,0.00085,0.0001,828.915754
0.0008,0.00085,0.00015,884.9161832
0.0008,0.00085,0.0002,837.2733885
0.0008,0.00085,0.00025,800.9873888
0.0008,0.00085,0.0003,746.0367022
0.0008,0.00085,0.00035,715.4306194
0.0008,0.00085,0.0004,688.1201073
0.0008,0.00085,0.00045,660.8095952
0.0008,0.00085,0.0005,626.2720876
0.0008,0.00085,0.00055,583.3749876
0.0008,0.00085,0.0006,541.8057172
0.0008,0.00085,0.00065,499.2193213
0.0008,0.00085,0.0007,474.0933334
0.0008,0.00085,0.00075,483.7593777
0.0008,0.00085,0.0008,457.4833759
0.0008,0.00085,0.00085,438.094172
0.0008,0.00085,0.0009,464.8856486
0.0008,0.00085,0.00095,494.1508352
0.0008,0.0009,5.00E-05,595.4468295
0.0008,0.0009,0.0001,663.7952159
0.0008,0.0009,0.00015,656.3723087
0.0008,0.0009,0.0002,663.9566295
0.0008,0.0009,0.00025,682.2278361
0.0008,0.0009,0.0003,675.1258139
0.0008,0.0009,0.00035,657.7952224
0.0008,0.0009,0.0004,630.2494815
0.0008,0.0009,0.00045,598.7713636
0.0008,0.0009,0.0005,571.7160973
0.0008,0.0009,0.00055,536.8097129
0.0008,0.0009,0.0006,495.054675
0.0008,0.0009,0.00065,456.7258746
0.0008,0.0009,0.0007,432.025865
0.0008,0.0009,0.00075,440.3610966
0.0008,0.0009,0.0008,453.9010938
0.0008,0.0009,0.00085,451.2907836
0.0008,0.0009,0.0009,483.3220568
0.0008,0.0009,0.00095,499.4978326
0.0008,0.00095,5.00E-05,496.1296454
0.0008,0.00095,0.0001,401.3138728
0.0008,0.00095,0.00015,542.3882619
0.0008,0.00095,0.0002,638.4128509
0.0008,0.00095,0.00025,637.363939
0.0008,0.00095,0.0003,635.2682572
0.0008,0.00095,0.00035,620.0801783
0.0008,0.00095,0.0004,602.1675786
0.0008,0.00095,0.00045,564.667914
0.0008,0.00095,0.0005,526.8150386
0.0008,0.00095,0.00055,493.5597123
0.0008,0.00095,0.0006,502.8739503
0.0008,0.00095,0.00065,470.9575984
0.0008,0.00095,0.0007,438.6839985
0.0008,0.00095,0.00075,428.8563354
0.0008,0.00095,0.0008,439.1209954
0.0008,0.00095,0.00085,463.0239899
0.0008,0.00095,0.0009,479.6324804
0.0008,0.00095,0.00095,502.3808125
0.00085,5.00E-05,0.0001,717.6637301
0.00085,5.00E-05,0.00015,701.1270474
0.00085,5.00E-05,0.0002,695.957843
0.00085,5.00E-05,0.00025,708.0528836
0.00085,5.00E-05,0.0003,706.5889694
0.00085,5.00E-05,0.00035,699.0079195
0.00085,5.00E-05,0.0004,691.3489026
0.00085,5.00E-05,0.00045,695.3067622
0.00085,5.00E-05,0.0005,691.8721165
0.00085,5.00E-05,0.00055,690.7955035
0.00085,5.00E-05,0.0006,692.2834227
0.00085,5.00E-05,0.00065,686.6800553
0.00085,5.00E-05,0.0007,692.0278105
0.00085,5.00E-05,0.00075,679.5308633
0.00085,5.00E-05,0.0008,670.438647
0.00085,5.00E-05,0.00085,662.5646225
0.00085,5.00E-05,0.0009,662.2538959
0.00085,0.0001,5.00E-05,739.6367053
0.00085,0.0001,0.0001,723.0896397
0.00085,0.0001,0.00015,707.5091332
0.00085,0.0001,0.0002,708.9761998
0.00085,0.0001,0.00025,721.0683712
0.00085,0.0001,0.0003,730.1147727
0.00085,0.0001,0.00035,725.2561962
0.00085,0.0001,0.0004,717.5935751
0.00085,0.0001,0.00045,706.3845539
0.00085,0.0001,0.0005,700.9299926
0.00085,0.0001,0.00055,700.1889193
0.00085,0.0001,0.0006,699.447846
0.00085,0.0001,0.00065,698.7067727
0.00085,0.0001,0.0007,694.3360406
0.00085,0.0001,0.00075,662.1053483
0.00085,0.0001,0.0008,649.7932479
0.00085,0.0001,0.00085,616.6907039
0.00085,0.0001,0.0009,564.6427127
0.00085,0.0001,0.00095,522.7354277
0.00085,0.00015,5.00E-05,750.7229467
0.00085,0.00015,0.0001,735.1230499
0.00085,0.00015,0.00015,723.1823023
0.00085,0.00015,0.0002,724.6494113
0.00085,0.00015,0.00025,733.7218798
0.00085,0.00015,0.0003,740.6625638
0.00085,0.00015,0.00035,736.8422507
0.00085,0.00015,0.0004,731.4889901
0.00085,0.00015,0.00045,720.2587963
0.00085,0.00015,0.0005,699.9432039
0.00085,0.00015,0.00055,694.6285011
0.00085,0.00015,0.0006,693.8874278
0.00085,0.00015,0.00065,700.7215104
0.00085,0.00015,0.0007,696.5904983
0.00085,0.00015,0.00075,642.640886
0.00085,0.00015,0.0008,611.2323475
0.00085,0.00015,0.00085,577.9300336
0.00085,0.00015,0.0009,525.8820424
0.00085,0.00015,0.00095,497.8651453
0.00085,0.0002,5.00E-05,759.6611946
0.00085,0.0002,0.0001,747.7062445
0.00085,0.0002,0.00015,735.7512944
0.00085,0.0002,0.0002,736.7458389
0.00085,0.0002,0.00025,743.6842296
0.00085,0.0002,0.0003,749.7366364
0.00085,0.0002,0.00035,746.4105867
0.00085,0.0002,0.0004,742.1058666
0.00085,0.0002,0.00045,732.1747484
0.00085,0.0002,0.0005,711.8487715
0.00085,0.0002,0.00055,691.5227945
0.00085,0.0002,0.0006,690.743954
0.00085,0.0002,0.00065,698.0206927
0.00085,0.0002,0.0007,693.9644611
0.00085,0.0002,0.00075,640.145596
0.00085,0.0002,0.0008,586.326731
0.00085,0.0002,0.00085,547.4333464
0.00085,0.0002,0.0009,513.7368664
0.00085,0.0002,0.00095,482.0081012
0.00085,0.00025,5.00E-05,783.3946932
0.00085,0.00025,0.0001,786.6340139
0.00085,0.00025,0.00015,787.8842865
0.00085,0.00025,0.0002,748.7523075
0.00085,0.00025,0.00025,752.712311
0.00085,0.00025,0.0003,759.6527487
0.00085,0.00025,0.00035,755.3612451
0.00085,0.00025,0.0004,768.7228267
0.00085,0.00025,0.00045,762.7069578
0.00085,0.00025,0.0005,725.0799857
0.00085,0.00025,0.00055,704.7540087
0.00085,0.00025,0.0006,704.085865
0.00085,0.00025,0.00065,695.9440678
0.00085,0.00025,0.0007,659.6493314
0.00085,0.00025,0.00075,605.8304664
0.00085,0.00025,0.0008,548.1976845
0.00085,0.00025,0.00085,504.2979179
0.00085,0.00025,0.0009,484.2896954
0.00085,0.00025,0.00095,451.5456148
0.00085,0.0003,5.00E-05,805.7709627
0.00085,0.0003,0.0001,794.5051575
0.00085,0.0003,0.00015,777.7075254
0.00085,0.0003,0.0002,762.9822252
0.00085,0.0003,0.00025,765.5642469
0.00085,0.0003,0.0003,771.851008
0.00085,0.0003,0.00035,789.9105722
0.00085,0.0003,0.0004,807.6279183
0.00085,0.0003,0.00045,801.5807336
0.00085,0.0003,0.0005,755.2815412
0.00085,0.0003,0.00055,717.985223
0.00085,0.0003,0.0006,702.5621167
0.00085,0.0003,0.00065,661.8960399
0.00085,0.0003,0.0007,625.3342017
0.00085,0.0003,0.00075,567.481261
0.00085,0.0003,0.0008,515.6387366
0.00085,0.0003,0.00085,471.7389701
0.00085,0.0003,0.0009,432.8709509
0.00085,0.0003,0.00095,392.6582717
0.00085,0.00035,5.00E-05,825.9861002
0.00085,0.00035,0.0001,805.8955593
0.00085,0.00035,0.00015,776.8872939
0.00085,0.00035,0.0002,761.6480402
0.00085,0.00035,0.00025,763.5378796
0.00085,0.00035,0.0003,765.3487602
0.00085,0.00035,0.00035,803.4218751
0.00085,0.00035,0.0004,826.0251229
0.00085,0.00035,0.00045,762.6007334
0.00085,0.00035,0.0005,716.8304712
0.00085,0.00035,0.00055,708.0711615
0.00085,0.00035,0.0006,733.8010885
0.00085,0.00035,0.00065,692.6053425
0.00085,0.00035,0.0007,650.4206691
0.00085,0.00035,0.00075,526.9795553
0.00085,0.00035,0.0008,459.9633988
0.00085,0.00035,0.00085,385.4465721
0.00085,0.00035,0.0009,347.2724836
0.00085,0.00035,0.00095,327.4623473
0.00085,0.0004,5.00E-05,788.9047335
0.00085,0.0004,0.0001,812.3556304
0.00085,0.0004,0.00015,767.2620082
0.00085,0.0004,0.0002,750.2241716
0.00085,0.0004,0.00025,759.5414101
0.00085,0.0004,0.0003,765.0846349
0.00085,0.0004,0.00035,791.4558972
0.00085,0.0004,0.0004,717.1031109
0.00085,0.0004,0.00045,630.7860508
0.00085,0.0004,0.0005,601.2603304
0.00085,0.0004,0.00055,715.1192151
0.00085,0.0004,0.0006,839.5586547
0.00085,0.0004,0.00065,798.3744597
0.00085,0.0004,0.0007,750.43168
0.00085,0.0004,0.00075,663.92186
0.00085,0.0004,0.0008,335.3842517
0.00085,0.0004,0.00085,260.867425
0.00085,0.0004,0.0009,250.3058883
0.00085,0.0004,0.00095,306.8220585
0.00085,0.00045,5.00E-05,751.7398905
0.00085,0.00045,0.0001,760.1589566
0.00085,0.00045,0.00015,755.7709102
0.00085,0.00045,0.0002,738.800303
0.00085,0.00045,0.00025,737.5868324
0.00085,0.00045,0.0003,722.5290413
0.00085,0.00045,0.00035,803.694368
0.00085,0.00045,0.0004,746.8920808
0.00085,0.00045,0.00045,679.3412429
0.00085,0.00045,0.0005,538.8132748
0.00085,0.00045,0.00055,722.1672687
0.00085,0.00045,0.0006,939.3900694
0.00085,0.00045,0.00065,903.6577399
0.00085,0.00045,0.0007,852.8760128
0.00085,0.00045,0.00075,800.8320878
0.00085,0.00045,0.0008,607.9818041
0.00085,0.00045,0.00085,237.6411482
0.00085,0.00045,0.0009,341.0769307
0.00085,0.00045,0.00095,389.3094517
0.00085,0.0005,5.00E-05,628.8168667
0.00085,0.0005,0.0001,618.6083827
0.00085,0.0005,0.00015,617.4230097
0.00085,0.0005,0.0002,605.7508971
0.00085,0.0005,0.00025,610.2907137
0.00085,0.0005,0.0003,582.5259292
0.00085,0.0005,0.00035,924.3499001
0.00085,0.0005,0.0004,943.2709714
0.00085,0.0005,0.00045,720.4266386
0.00085,0.0005,0.0005,881.3931731
0.00085,0.0005,0.00055,797.5029328
0.00085,0.0005,0.0006,942.6163377
0.00085,0.0005,0.00065,965.295077
0.00085,0.0005,0.0007,876.7258482
0.00085,0.0005,0.00075,791.0673126
0.00085,0.0005,0.0008,715.7144973
0.00085,0.0005,0.00085,388.7571628
0.00085,0.0005,0.0009,426.605187
0.00085,0.0005,0.00095,532.5239751
0.00085,0.00055,5.00E-05,651.8734909
0.00085,0.00055,0.0001,430.1294054
0.00085,0.00055,0.00015,429.9330607
0.00085,0.00055,0.0002,381.135046
0.00085,0.00055,0.00025,608.6857841
0.00085,0.00055,0.0003,482.0008538
0.00085,0.00055,0.00035,805.9273336
0.00085,0.00055,0.0004,1106.415771
0.00085,0.00055,0.00045,580.8226168
0.00085,0.00055,0.0005,882.2093294
0.00085,0.00055,0.00055,983.6402997
0.00085,0.00055,0.0006,885.5565471
0.00085,0.00055,0.00065,902.9517024
0.00085,0.00055,0.0007,815.1708162
0.00085,0.00055,0.00075,732.7975334
0.00085,0.00055,0.0008,656.6698247
0.00085,0.00055,0.00085,571.1694545
0.00085,0.00055,0.0009,553.6526124
0.00085,0.00055,0.00095,509.2559822
0.00085,0.0006,5.00E-05,879.2093139
0.00085,0.0006,0.0001,407.0047597
0.00085,0.0006,0.00015,244.1429878
0.00085,0.0006,0.0002,171.6032551
0.00085,0.0006,0.00025,351.4718593
0.00085,0.0006,0.0003,526.6457605
0.00085,0.0006,0.00035,1040.976498
0.00085,0.0006,0.0004,995.9020248
0.00085,0.0006,0.00045,554.6659136
0.00085,0.0006,0.0005,682.4087682
0.00085,0.0006,0.00055,875.8904284
0.00085,0.0006,0.0006,871.2083733
0.00085,0.0006,0.00065,843.2319016
0.00085,0.0006,0.0007,758.8598207
0.00085,0.0006,0.00075,674.7428132
0.00085,0.0006,0.0008,612.0204068
0.00085,0.0006,0.00085,547.9799767
0.00085,0.0006,0.0009,510.6037429
0.00085,0.0006,0.00095,482.1912419
0.00085,0.00065,5.00E-05,1230.923758
0.00085,0.00065,0.0001,756.1071639
0.00085,0.00065,0.00015,461.7668966
0.00085,0.00065,0.0002,538.6182837
0.00085,0.00065,0.00025,763.6572091
0.00085,0.00065,0.0003,972.4620436
0.00085,0.00065,0.00035,966.248977
0.00085,0.00065,0.0004,896.2941794
0.00085,0.00065,0.00045,856.0518017
0.00085,0.00065,0.0005,829.3888868
0.00085,0.00065,0.00055,777.5907083
0.00085,0.00065,0.0006,769.811857
0.00085,0.00065,0.00065,741.809438
0.00085,0.00065,0.0007,663.8333883
0.00085,0.00065,0.00075,595.4988642
0.00085,0.00065,0.0008,561.188005
0.00085,0.00065,0.00085,490.5087345
0.00085,0.00065,0.0009,468.7048341
0.00085,0.00065,0.00095,470.69991
0.00085,0.0007,5.00E-05,1108.036569
0.00085,0.0007,0.0001,891.978624
0.00085,0.0007,0.00015,802.0492698
0.00085,0.0007,0.0002,887.1177638
0.00085,0.0007,0.00025,977.2199727
0.00085,0.0007,0.0003,937.5901199
0.00085,0.0007,0.00035,852.4551634
0.00085,0.0007,0.0004,800.0270356
0.00085,0.0007,0.00045,794.7100054
0.00085,0.0007,0.0005,759.285984
0.00085,0.0007,0.00055,729.5896943
0.00085,0.0007,0.0006,679.6093868
0.00085,0.0007,0.00065,637.6699456
0.00085,0.0007,0.0007,587.0372852
0.00085,0.0007,0.00075,549.1308492
0.00085,0.0007,0.0008,512.7434684
0.00085,0.0007,0.00085,451.4964996
0.00085,0.0007,0.0009,457.0947304
0.00085,0.0007,0.00095,483.6604848
0.00085,0.00075,5.00E-05,979.7543901
0.00085,0.00075,0.0001,933.6669658
0.00085,0.00075,0.00015,941.4502162
0.00085,0.00075,0.0002,945.0740046
0.00085,0.00075,0.00025,891.1972118
0.00085,0.00075,0.0003,803.3285597
0.00085,0.00075,0.00035,771.0416976
0.00085,0.00075,0.0004,727.8226551
0.00085,0.00075,0.00045,717.0694853
0.00085,0.00075,0.0005,665.6692683
0.00085,0.00075,0.00055,651.895556
0.00085,0.00075,0.0006,624.5498945
0.00085,0.00075,0.00065,583.718794
0.00085,0.00075,0.0007,557.9165069
0.00085,0.00075,0.00075,525.411748
0.00085,0.00075,0.0008,486.2001293
0.00085,0.00075,0.00085,440.6689537
0.00085,0.00075,0.0009,451.7661857
0.00085,0.00075,0.00095,491.6612589
0.00085,0.0008,5.00E-05,816.0136289
0.00085,0.0008,0.0001,852.5089681
0.00085,0.0008,0.00015,888.8310748
0.00085,0.0008,0.0002,862.5514801
0.00085,0.0008,0.00025,808.8505063
0.00085,0.0008,0.0003,757.6227011
0.00085,0.0008,0.00035,714.9675364
0.00085,0.0008,0.0004,681.9974677
0.00085,0.0008,0.00045,655.2653397
0.00085,0.0008,0.0005,597.5466989
0.00085,0.0008,0.00055,598.556162
0.00085,0.0008,0.0006,561.4236581
0.00085,0.0008,0.00065,525.6521606
0.00085,0.0008,0.0007,512.0227023
0.00085,0.0008,0.00075,482.7600539
0.00085,0.0008,0.0008,451.2384518
0.00085,0.0008,0.00085,451.4184557
0.00085,0.0008,0.0009,464.6519064
0.00085,0.0008,0.00095,507.7357887
0.00085,0.00085,5.00E-05,667.9161292
0.00085,0.00085,0.0001,781.3782534
0.00085,0.00085,0.00015,793.7897661
0.00085,0.00085,0.0002,772.4464018
0.00085,0.00085,0.00025,720.8246783
0.00085,0.00085,0.0003,676.326164
0.00085,0.00085,0.00035,646.7006873
0.00085,0.00085,0.0004,624.0432753
0.00085,0.00085,0.00045,605.3614571
0.00085,0.00085,0.0005,568.3380386
0.00085,0.00085,0.00055,550.170208
0.00085,0.00085,0.0006,507.0414093
0.00085,0.00085,0.00065,478.2882732
0.00085,0.00085,0.0007,466.5685097
0.00085,0.00085,0.00075,470.6156621
0.00085,0.00085,0.0008,459.8870684
0.00085,0.00085,0.00085,468.7057358
0.00085,0.00085,0.0009,476.6061168
0.00085,0.00085,0.00095,494.1935253
0.00085,0.0009,5.00E-05,631.6082629
0.00085,0.0009,0.0001,770.5539274
0.00085,0.0009,0.00015,760.3635518
0.00085,0.0009,0.0002,685.9362228
0.00085,0.0009,0.00025,637.4677255
0.00085,0.0009,0.0003,602.4263964
0.00085,0.0009,0.00035,589.4136252
0.00085,0.0009,0.0004,569.5510533
0.00085,0.0009,0.00045,543.6553114
0.00085,0.0009,0.0005,550.2648002
0.00085,0.0009,0.00055,506.1303138
0.00085,0.0009,0.0006,495.1567003
0.00085,0.0009,0.00065,461.6725311
0.00085,0.0009,0.0007,451.5004764
0.00085,0.0009,0.00075,457.0808286
0.00085,0.0009,0.0008,463.5919357
0.00085,0.0009,0.00085,481.4918384
0.00085,0.0009,0.0009,497.2297106
0.00085,0.0009,0.00095,504.0889316
0.00085,0.00095,5.00E-05,439.9608948
0.00085,0.00095,0.0001,573.7000807
0.00085,0.00095,0.00015,468.7926516
0.00085,0.00095,0.0002,593.8788915
0.00085,0.00095,0.00025,592.8299797
0.00085,0.00095,0.0003,582.2213655
0.00085,0.00095,0.00035,566.2454265
0.00085,0.00095,0.0004,549.6307185
0.00085,0.00095,0.00045,516.4718212
0.00085,0.00095,0.0005,478.9721566
0.00085,0.00095,0.00055,477.6647201
0.00085,0.00095,0.0006,489.6096297
0.00085,0.00095,0.00065,469.5591864
0.00085,0.00095,0.0007,433.5569234
0.00085,0.00095,0.00075,432.619213
0.00085,0.00095,0.0008,446.4713849
0.00085,0.00095,0.00085,480.6754965
0.00085,0.00095,0.0009,500.6481114
0.00085,0.00095,0.00095,497.9187932
0.0009,5.00E-05,0.0001,745.2151045
0.0009,5.00E-05,0.00015,728.6784218
0.0009,5.00E-05,0.0002,729.381286
0.0009,5.00E-05,0.00025,738.8944914
0.0009,5.00E-05,0.0003,731.4044663
0.0009,5.00E-05,0.00035,723.9144411
0.0009,5.00E-05,0.0004,716.3091197
0.0009,5.00E-05,0.00045,711.5834866
0.0009,5.00E-05,0.0005,709.7958243
0.0009,5.00E-05,0.00055,709.0310368
0.0009,5.00E-05,0.0006,709.8474659
0.0009,5.00E-05,0.00065,694.6716631
0.0009,5.00E-05,0.0007,691.4974892
0.0009,5.00E-05,0.00075,681.9437892
0.0009,5.00E-05,0.0008,688.3152956
0.0009,5.00E-05,0.00085,741.2612133
0.0009,0.0001,5.00E-05,779.4305068
0.0009,0.0001,0.0001,767.398861
0.0009,0.0001,0.00015,750.8427675
0.0009,0.0001,0.0002,743.9581656
0.0009,0.0001,0.00025,756.0496449
0.0009,0.0001,0.0003,767.5606765
0.0009,0.0001,0.00035,770.4075748
0.0009,0.0001,0.0004,762.740001
0.0009,0.0001,0.00045,735.8596344
0.0009,0.0001,0.0005,699.4751474
0.0009,0.0001,0.00055,698.7436601
0.0009,0.0001,0.0006,698.0121728
0.0009,0.0001,0.00065,727.5194557
0.0009,0.0001,0.0007,739.4549206
0.0009,0.0001,0.00075,709.0612771
0.0009,0.0001,0.0008,694.3959983
0.0009,0.0001,0.00085,645.0580435
0.0009,0.0001,0.0009,586.7986445
0.0009,0.00015,5.00E-05,790.5277403
0.0009,0.00015,0.0001,778.512031
0.0009,0.00015,0.00015,766.5195545
0.0009,0.00015,0.0002,759.6334394
0.0009,0.00015,0.00025,767.8436747
0.0009,0.00015,0.0003,778.1206867
0.0009,0.00015,0.00035,781.3885628
0.0009,0.00015,0.0004,776.4302142
0.0009,0.00015,0.00045,749.7439725
0.0009,0.00015,0.0005,729.3414864
0.0009,0.00015,0.00055,693.1168486
0.0009,0.00015,0.0006,722.4348121
0.0009,0.00015,0.00065,743.0729161
0.0009,0.00015,0.0007,741.3557364
0.0009,0.00015,0.00075,707.5619221
0.0009,0.00015,0.0008,655.7758384
0.0009,0.00015,0.00085,609.9869761
0.0009,0.00015,0.0009,553.7356196
0.0009,0.00015,0.00095,503.9245847
0.0009,0.0002,5.00E-05,812.0712735
0.0009,0.0002,0.0001,817.2910714
0.0009,0.0002,0.00015,807.6277635
0.0009,0.0002,0.0002,783.0677183
0.0009,0.0002,0.00025,789.9909318
0.0009,0.0002,0.0003,796.1746838
0.0009,0.0002,0.00035,794.049071
0.0009,0.0002,0.0004,789.7562167
0.0009,0.0002,0.00045,765.6729226
0.0009,0.0002,0.0005,744.0561578
0.0009,0.0002,0.00055,724.966208
0.0009,0.0002,0.0006,733.9026357
0.0009,0.0002,0.00065,741.2580775
0.0009,0.0002,0.0007,727.5765537
0.0009,0.0002,0.00075,678.2160623
0.0009,0.0002,0.0008,624.7423957
0.0009,0.0002,0.00085,573.9890911
0.0009,0.0002,0.0009,533.1078247
0.0009,0.0002,0.00095,495.6456981
0.0009,0.00025,5.00E-05,827.163202
0.0009,0.00025,0.0001,840.018588
0.0009,0.00025,0.00015,841.4999691
0.0009,0.00025,0.0002,829.6116986
0.0009,0.00025,0.00025,800.5661019
0.0009,0.00025,0.0003,805.6965126
0.0009,0.00025,0.00035,803.1169087
0.0009,0.00025,0.0004,811.7340674
0.0009,0.00025,0.00045,800.7603053
0.0009,0.00025,0.0005,779.9894265
0.0009,0.00025,0.00055,740.212372
0.0009,0.00025,0.0006,733.5060588
0.0009,0.00025,0.00065,740.7831084
0.0009,0.00025,0.0007,710.8889081
0.0009,0.00025,0.00075,664.051762
0.0009,0.00025,0.0008,609.581982
0.0009,0.00025,0.00085,563.3776997
0.0009,0.00025,0.0009,508.3430339
0.0009,0.00025,0.00095,473.1025194
0.0009,0.0003,5.00E-05,849.4781416
0.0009,0.0003,0.0001,841.132631
0.0009,0.0003,0.00015,827.9054445
0.0009,0.0003,0.0002,823.7545085
0.0009,0.0003,0.00025,818.8472396
0.0009,0.0003,0.0003,815.3924987
0.0009,0.0003,0.00035,833.2852696
0.0009,0.0003,0.0004,850.6662865
0.0009,0.0003,0.00045,839.3079098
0.0009,0.0003,0.0005,793.0663389
0.0009,0.0003,0.00055,753.3762266
0.0009,0.0003,0.0006,746.7328231
0.0009,0.0003,0.00065,711.1719742
0.0009,0.0003,0.0007,676.6458375
0.0009,0.0003,0.00075,623.7125558
0.0009,0.0003,0.0008,575.916509
0.0009,0.0003,0.00085,531.8507212
0.0009,0.0003,0.0009,487.7849334
0.0009,0.0003,0.00095,436.8927763
0.0009,0.00035,5.00E-05,867.8350571
0.0009,0.00035,0.0001,861.1214654
0.0009,0.00035,0.00015,842.2902198
0.0009,0.00035,0.0002,834.2406697
0.0009,0.00035,0.00025,821.325268
0.0009,0.00035,0.0003,836.3788555
0.0009,0.00035,0.00035,842.3241115
0.0009,0.00035,0.0004,871.1887708
0.0009,0.00035,0.00045,860.5850809
0.0009,0.00035,0.0005,781.7879721
0.0009,0.00035,0.00055,763.8477538
0.0009,0.00035,0.0006,730.3871229
0.0009,0.00035,0.00065,689.1528767
0.0009,0.00035,0.0007,632.9790152
0.0009,0.00035,0.00075,586.9456428
0.0009,0.00035,0.0008,576.9578511
0.0009,0.00035,0.00085,573.8040579
0.0009,0.00035,0.0009,551.9990966
0.0009,0.00035,0.00095,498.2835466
0.0009,0.0004,5.00E-05,863.0497054
0.0009,0.0004,0.0001,895.1038479
0.0009,0.0004,0.00015,836.1430391
0.0009,0.0004,0.0002,859.7968878
0.0009,0.0004,0.00025,865.6117548
0.0009,0.0004,0.0003,835.0667091
0.0009,0.0004,0.00035,851.6406805
0.0009,0.0004,0.0004,794.20063
0.0009,0.0004,0.00045,740.5941478
0.0009,0.0004,0.0005,681.9207049
0.0009,0.0004,0.00055,683.7709857
0.0009,0.0004,0.0006,862.7818187
0.0009,0.0004,0.00065,808.3922199
0.0009,0.0004,0.0007,718.6178115
0.0009,0.0004,0.00075,696.6246475
0.0009,0.0004,0.0008,633.2537379
0.0009,0.0004,0.00085,598.4976953
0.0009,0.0004,0.0009,548.9007506
0.0009,0.0004,0.00095,479.5119672
0.0009,0.00045,5.00E-05,842.3444537
0.0009,0.00045,0.0001,899.3650945
0.0009,0.00045,0.00015,847.006879
0.0009,0.00045,0.0002,848.4079947
0.0009,0.00045,0.00025,845.8759155
0.0009,0.00045,0.0003,878.5555755
0.0009,0.00045,0.00035,877.2724549
0.0009,0.00045,0.0004,850.4445245
0.0009,0.00045,0.00045,763.3733951
0.0009,0.00045,0.0005,626.846171
0.0009,0.00045,0.00055,602.4447517
0.0009,0.00045,0.0006,826.1994643
0.0009,0.00045,0.00065,927.631563
0.0009,0.00045,0.0007,859.3685946
0.0009,0.00045,0.00075,839.4351955
0.0009,0.00045,0.0008,702.2262398
0.0009,0.00045,0.00085,589.8833039
0.0009,0.00045,0.0009,618.6183105
0.0009,0.00045,0.00095,536.3262395
0.0009,0.0005,5.00E-05,843.2749809
0.0009,0.0005,0.0001,1044.599578
0.0009,0.0005,0.00015,951.5006504
0.0009,0.0005,0.0002,994.1893805
0.0009,0.0005,0.00025,1015.855219
0.0009,0.0005,0.0003,956.2089548
0.0009,0.0005,0.00035,730.7814504
0.0009,0.0005,0.0004,1007.57544
0.0009,0.0005,0.00045,1010.07031
0.0009,0.0005,0.0005,762.2214728
0.0009,0.0005,0.00055,559.704175
0.0009,0.0005,0.0006,775.4649921
0.0009,0.0005,0.00065,981.8553153
0.0009,0.0005,0.0007,888.552999
0.0009,0.0005,0.00075,797.6156028
0.0009,0.0005,0.0008,721.3951158
0.0009,0.0005,0.00085,543.1178149
0.0009,0.0005,0.0009,556.5678493
0.0009,0.0005,0.00095,532.6172277
0.0009,0.00055,5.00E-05,978.3510017
0.0009,0.00055,0.0001,1115.463333
0.0009,0.00055,0.00015,1118.011029
0.0009,0.00055,0.0002,1140.420839
0.0009,0.00055,0.00025,1151.155084
0.0009,0.00055,0.0003,852.9543457
0.0009,0.00055,0.00035,605.9234491
0.0009,0.00055,0.0004,868.663383
0.0009,0.00055,0.00045,1093.73634
0.0009,0.00055,0.0005,902.5083894
0.0009,0.00055,0.00055,677.5023731
0.0009,0.00055,0.0006,810.7949008
0.0009,0.00055,0.00065,921.2565978
0.0009,0.00055,0.0007,833.228772
0.0009,0.00055,0.00075,728.9170707
0.0009,0.00055,0.0008,660.3020056
0.0009,0.00055,0.00085,600.3711933
0.0009,0.00055,0.0009,557.3294581
0.0009,0.00055,0.00095,508.2983234
0.0009,0.0006,5.00E-05,1051.047863
0.0009,0.0006,0.0001,1033.107257
0.0009,0.0006,0.00015,980.5655792
0.0009,0.0006,0.0002,832.6846435
0.0009,0.0006,0.00025,1054.167137
0.0009,0.0006,0.0003,946.6488636
0.0009,0.0006,0.00035,732.5740044
0.0009,0.0006,0.0004,773.7679836
0.0009,0.0006,0.00045,954.567837
0.0009,0.0006,0.0005,900.9265348
0.0009,0.0006,0.00055,826.5390712
0.0009,0.0006,0.0006,816.3964579
0.0009,0.0006,0.00065,778.9655207
0.0009,0.0006,0.0007,704.4075633
0.0009,0.0006,0.00075,642.1776123
0.0009,0.0006,0.0008,626.7358152
0.0009,0.0006,0.00085,571.397845
0.0009,0.0006,0.0009,524.6337765
0.0009,0.0006,0.00095,496.4753968
0.0009,0.00065,5.00E-05,1064.781011
0.0009,0.00065,0.0001,1015.030548
0.0009,0.00065,0.00015,795.2385941
0.0009,0.00065,0.0002,1076.639895
0.0009,0.00065,0.00025,1083.692107
0.0009,0.00065,0.0003,1010.479644
0.0009,0.00065,0.00035,947.453208
0.0009,0.00065,0.0004,882.1576863
0.0009,0.00065,0.00045,826.4099789
0.0009,0.00065,0.0005,780.7862493
0.0009,0.00065,0.00055,746.0922731
0.0009,0.00065,0.0006,718.3308096
0.0009,0.00065,0.00065,670.5588928
0.0009,0.00065,0.0007,607.5102911
0.0009,0.00065,0.00075,551.8178021
0.0009,0.00065,0.0008,555.5052154
0.0009,0.00065,0.00085,527.9342854
0.0009,0.00065,0.0009,481.1705279
0.0009,0.00065,0.00095,454.8271943
0.0009,0.0007,5.00E-05,1005.271574
0.0009,0.0007,0.0001,1039.903722
0.0009,0.0007,0.00015,1026.300714
0.0009,0.0007,0.0002,946.0630993
0.0009,0.0007,0.00025,880.6939686
0.0009,0.0007,0.0003,856.3626171
0.0009,0.0007,0.00035,824.0108483
0.0009,0.0007,0.0004,770.4859885
0.0009,0.0007,0.00045,730.8450717
0.0009,0.0007,0.0005,677.7164964
0.0009,0.0007,0.00055,645.3076906
0.0009,0.0007,0.0006,621.4166123
0.0009,0.0007,0.00065,580.0637992
0.0009,0.0007,0.0007,538.1105682
0.0009,0.0007,0.00075,505.1328987
0.0009,0.0007,0.0008,507.4387645
0.0009,0.0007,0.00085,479.9723839
0.0009,0.0007,0.0009,444.8474505
0.0009,0.0007,0.00095,475.2167507
0.0009,0.00075,5.00E-05,805.0677689
0.0009,0.00075,0.0001,824.1035095
0.0009,0.00075,0.00015,841.0583092
0.0009,0.00075,0.0002,830.5200701
0.0009,0.00075,0.00025,801.5395941
0.0009,0.00075,0.0003,746.5679193
0.0009,0.00075,0.00035,708.9168467
0.0009,0.00075,0.0004,686.5017044
0.0009,0.00075,0.00045,643.8220995
0.0009,0.00075,0.0005,576.2996913
0.0009,0.00075,0.00055,545.9009778
0.0009,0.00075,0.0006,554.6159443
0.0009,0.00075,0.00065,555.1770152
0.0009,0.00075,0.0007,519.9210711
0.0009,0.00075,0.00075,488.6382726
0.0009,0.00075,0.0008,475.3069292
0.0009,0.00075,0.00085,461.502541
0.0009,0.00075,0.0009,461.3651896
0.0009,0.00075,0.00095,487.8885222
0.0009,0.0008,5.00E-05,829.1399907
0.0009,0.0008,0.0001,785.7877956
0.0009,0.0008,0.00015,753.4424444
0.0009,0.0008,0.0002,737.8165797
0.0009,0.0008,0.00025,708.5629331
0.0009,0.0008,0.0003,664.2682252
0.0009,0.0008,0.00035,640.599891
0.0009,0.0008,0.0004,607.5942471
0.0009,0.0008,0.00045,570.564805
0.0009,0.0008,0.0005,525.830399
0.0009,0.0008,0.00055,501.674813
0.0009,0.0008,0.0006,505.8090044
0.0009,0.0008,0.00065,502.9352039
0.0009,0.0008,0.0007,494.9073303
0.0009,0.0008,0.00075,472.4871838
0.0009,0.0008,0.0008,477.2924446
0.0009,0.0008,0.00085,477.5227546
0.0009,0.0008,0.0009,477.1488634
0.0009,0.0008,0.00095,503.9722053
0.0009,0.00085,5.00E-05,795.5773021
0.0009,0.00085,0.0001,704.6833252
0.0009,0.00085,0.00015,642.3016502
0.0009,0.00085,0.0002,647.3627468
0.0009,0.00085,0.00025,615.5862722
0.0009,0.00085,0.0003,599.2950258
0.0009,0.00085,0.00035,572.7932899
0.0009,0.00085,0.0004,553.9666262
0.0009,0.00085,0.00045,552.4711834
0.0009,0.00085,0.0005,514.9138041
0.0009,0.00085,0.00055,489.3878988
0.0009,0.00085,0.0006,488.1089607
0.0009,0.00085,0.00065,477.925047
0.0009,0.00085,0.0007,473.1306461
0.0009,0.00085,0.00075,480.248391
0.0009,0.00085,0.0008,491.673426
0.0009,0.00085,0.00085,494.1179405
0.0009,0.00085,0.0009,489.1353409
0.0009,0.00085,0.00095,475.2701886
0.0009,0.0009,5.00E-05,783.3142237
0.0009,0.0009,0.0001,698.5350941
0.0009,0.0009,0.00015,588.9403683
0.0009,0.0009,0.0002,554.3138701
0.0009,0.0009,0.00025,548.5295286
0.0009,0.0009,0.0003,530.1240047
0.0009,0.0009,0.00035,508.909705
0.0009,0.0009,0.0004,499.3217099
0.0009,0.0009,0.00045,496.9081427
0.0009,0.0009,0.0005,503.9972091
0.0009,0.0009,0.00055,478.4847156
0.0009,0.0009,0.0006,478.3753319
0.0009,0.0009,0.00065,475.3380746
0.0009,0.0009,0.0007,474.1280503
0.0009,0.0009,0.00075,478.3559702
0.0009,0.0009,0.0008,488.0846201
0.0009,0.0009,0.00085,501.0645395
0.0009,0.0009,0.0009,495.7953545
0.0009,0.0009,0.00095,478.2283134
0.0009,0.00095,5.00E-05,616.0553879
0.0009,0.00095,0.0001,707.3647446
0.0009,0.00095,0.00015,630.5549312
0.0009,0.00095,0.0002,524.9994059
0.0009,0.00095,0.00025,543.9141256
0.0009,0.00095,0.0003,529.0253828
0.0009,0.00095,0.00035,512.4106748
0.0009,0.00095,0.0004,495.7959667
0.0009,0.00095,0.00045,468.2757284
0.0009,0.00095,0.0005,452.0991085
0.0009,0.00095,0.00055,463.288071
0.0009,0.00095,0.0006,473.650598
0.0009,0.00095,0.00065,473.5982022
0.0009,0.00095,0.0007,451.56975
0.0009,0.00095,0.00075,460.8707805
0.0009,0.00095,0.0008,473.6380503
0.0009,0.00095,0.00085,501.1387659
0.0009,0.00095,0.0009,495.529801
0.0009,0.00095,0.00095,493.4567739
0.00095,5.00E-05,0.0001,772.7353594
0.00095,5.00E-05,0.00015,758.6306548
0.00095,5.00E-05,0.0002,763.6497256
0.00095,5.00E-05,0.00025,769.4031185
0.00095,5.00E-05,0.0003,761.9215939
0.00095,5.00E-05,0.00035,754.4400693
0.00095,5.00E-05,0.0004,746.9585446
0.00095,5.00E-05,0.00045,738.8438783
0.00095,5.00E-05,0.0005,719.1322061
0.00095,5.00E-05,0.00055,718.4181758
0.00095,5.00E-05,0.0006,715.7773885
0.00095,5.00E-05,0.00065,702.6632709
0.00095,5.00E-05,0.0007,693.4489314
0.00095,0.0001,0.0001,808.2065164
0.00095,0.0001,0.00015,793.4436023
0.00095,0.0001,0.0002,789.6572501
0.00095,0.0001,0.00025,791.156489
0.00095,0.0001,0.0003,805.488451
0.00095,0.0001,0.00035,809.3463808
0.00095,0.0001,0.0004,796.5699506
0.00095,0.0001,0.00045,764.0992323
0.00095,0.0001,0.0005,721.587815
0.00095,0.0001,0.00055,693.7440003
0.00095,0.0001,0.0006,716.726437
0.00095,0.0001,0.00065,761.4202075
0.00095,0.0001,0.0007,801.017788
0.00095,0.0001,0.00075,765.1762906
0.00095,0.0001,0.0008,722.2055975
0.00095,0.00015,5.00E-05,829.5057764
0.00095,0.00015,0.0001,822.1426104
0.00095,0.00015,0.00015,811.2950488
0.00095,0.00015,0.0002,808.1737392
0.00095,0.00015,0.00025,810.7304694
0.00095,0.00015,0.0003,817.5949824
0.00095,0.00015,0.00035,831.4538233
0.00095,0.00015,0.0004,812.4122328
0.00095,0.00015,0.00045,781.8842966
0.00095,0.00015,0.0005,753.2848666
0.00095,0.00015,0.00055,733.1568317
0.00095,0.00015,0.0006,764.9467509
0.00095,0.00015,0.00065,791.4802509
0.00095,0.00015,0.0007,779.1318886
0.00095,0.00015,0.00075,731.5283312
0.00095,0.00015,0.0008,692.8162777
0.00095,0.00015,0.00085,647.8283555
0.00095,0.00015,0.0009,589.6651937
0.00095,0.0002,5.00E-05,853.508793
0.00095,0.0002,0.0001,881.9948787
0.00095,0.0002,0.00015,871.4041894
0.00095,0.0002,0.0002,837.2754909
0.00095,0.0002,0.00025,836.9072866
0.00095,0.0002,0.0003,842.7109342
0.00095,0.0002,0.00035,842.8068919
0.00095,0.0002,0.0004,831.8946163
0.00095,0.0002,0.00045,801.3255175
0.00095,0.0002,0.0005,774.7346937
0.00095,0.0002,0.00055,767.269541
0.00095,0.0002,0.0006,776.9375504
0.00095,0.0002,0.00065,782.8576226
0.00095,0.0002,0.0007,751.9833026
0.00095,0.0002,0.00075,713.0267549
0.00095,0.0002,0.0008,664.4237415
0.00095,0.0002,0.00085,612.6825489
0.00095,0.0002,0.0009,560.984525
0.00095,0.0002,0.00095,520.4523707
0.00095,0.00025,5.00E-05,869.525071
0.00095,0.00025,0.0001,890.6644519
0.00095,0.00025,0.00015,899.6676617
0.00095,0.00025,0.0002,874.5604798
0.00095,0.00025,0.00025,853.3967069
0.00095,0.00025,0.0003,852.7702542
0.00095,0.00025,0.00035,852.4649183
0.00095,0.00025,0.0004,841.8570316
0.00095,0.00025,0.00045,827.6540091
0.00095,0.00025,0.0005,803.1535163
0.00095,0.00025,0.00055,771.8273891
0.00095,0.00025,0.0006,764.3861885
0.00095,0.00025,0.00065,768.4299136
0.00095,0.00025,0.0007,756.6808543
0.00095,0.00025,0.00075,723.6435154
0.00095,0.00025,0.0008,670.2689436
0.00095,0.00025,0.00085,604.2089592
0.00095,0.00025,0.0009,539.9626119
0.00095,0.00025,0.00095,505.0049926
0.00095,0.0003,5.00E-05,899.1879763
0.00095,0.0003,0.0001,891.1701145
0.00095,0.0003,0.00015,895.6963877
0.00095,0.0003,0.0002,872.7947647
0.00095,0.0003,0.00025,860.2545511
0.00095,0.0003,0.0003,860.6725932
0.00095,0.0003,0.00035,875.8267931
0.00095,0.0003,0.0004,879.1342245
0.00095,0.0003,0.00045,864.6195631
0.00095,0.0003,0.0005,818.7003475
0.00095,0.0003,0.00055,789.763588
0.00095,0.0003,0.0006,780.0482243
0.00095,0.0003,0.00065,753.4401679
0.00095,0.0003,0.0007,719.1003998
0.00095,0.0003,0.00075,684.2800631
0.00095,0.0003,0.0008,637.8919891
0.00095,0.0003,0.00085,593.2968579
0.00095,0.0003,0.0009,532.6582703
0.00095,0.0003,0.00095,478.791907
0.00095,0.00035,5.00E-05,902.9825563
0.00095,0.00035,0.0001,912.5360156
0.00095,0.00035,0.00015,893.9102046
0.00095,0.00035,0.0002,886.1627787
0.00095,0.00035,0.00025,865.4790804
0.00095,0.00035,0.0003,892.5281737
0.00095,0.00035,0.00035,885.0762032
0.00095,0.00035,0.0004,917.6654192
0.00095,0.00035,0.00045,907.2400744
0.00095,0.00035,0.0005,858.4369136
0.00095,0.00035,0.00055,805.2949101
0.00095,0.00035,0.0006,768.865108
0.00095,0.00035,0.00065,727.6722017
0.00095,0.00035,0.0007,704.9924201
0.00095,0.00035,0.00075,692.0481456
0.00095,0.00035,0.0008,658.0673836
0.00095,0.00035,0.00085,650.1130644
0.00095,0.00035,0.0009,579.5112339
0.00095,0.00035,0.00095,512.7782148
0.00095,0.0004,5.00E-05,961.044491
0.00095,0.0004,0.0001,931.7925272
0.00095,0.0004,0.00015,899.7035224
0.00095,0.0004,0.0002,956.5879023
0.00095,0.0004,0.00025,923.819331
0.00095,0.0004,0.0003,901.9944096
0.00095,0.0004,0.00035,914.0265757
0.00095,0.0004,0.0004,891.6858257
0.00095,0.0004,0.00045,865.5895242
0.00095,0.0004,0.0005,778.5205941
0.00095,0.0004,0.00055,732.1175335
0.00095,0.0004,0.0006,874.3384645
0.00095,0.0004,0.00065,793.2133204
0.00095,0.0004,0.0007,773.5999771
0.00095,0.0004,0.00075,817.254972
0.00095,0.0004,0.0008,772.9106095
0.00095,0.0004,0.00085,725.9569083
0.00095,0.0004,0.0009,626.0325151
0.00095,0.0004,0.00095,567.7092723
0.00095,0.00045,5.00E-05,950.2440689
0.00095,0.00045,0.0001,966.4398381
0.00095,0.00045,0.00015,952.4575166
0.00095,0.00045,0.0002,958.6271747
0.00095,0.00045,0.00025,953.9877761
0.00095,0.00045,0.0003,926.6663985
0.00095,0.00045,0.00035,872.455199
0.00095,0.00045,0.0004,885.3379039
0.00095,0.00045,0.00045,847.4055474
0.00095,0.00045,0.0005,751.1489765
0.00095,0.00045,0.00055,664.7533934
0.00095,0.00045,0.0006,851.6939074
0.00095,0.00045,0.00065,908.662701
0.00095,0.00045,0.0007,924.5861244
0.00095,0.00045,0.00075,897.9981585
0.00095,0.00045,0.0008,791.1321498
0.00095,0.00045,0.00085,707.8262776
0.00095,0.00045,0.0009,704.3035461
0.00095,0.00045,0.00095,565.6123677
0.00095,0.0005,5.00E-05,858.9029498
0.00095,0.0005,0.0001,894.2933163
0.00095,0.0005,0.00015,910.1426745
0.00095,0.0005,0.0002,1078.933893
0.00095,0.0005,0.00025,1011.389558
0.00095,0.0005,0.0003,878.4436442
0.00095,0.0005,0.00035,746.6253587
0.00095,0.0005,0.0004,1001.475411
0.00095,0.0005,0.00045,1020.065044
0.00095,0.0005,0.0005,739.6840305
0.00095,0.0005,0.00055,588.7396144
0.00095,0.0005,0.0006,791.2826004
0.00095,0.0005,0.00065,899.7529784
0.00095,0.0005,0.0007,933.7958486
0.00095,0.0005,0.00075,828.5152532
0.00095,0.0005,0.0008,727.7088046
0.00095,0.0005,0.00085,626.8105129
0.00095,0.0005,0.0009,514.6686096
0.00095,0.0005,0.00095,488.4511722
0.00095,0.00055,5.00E-05,989.0421043
0.00095,0.00055,0.0001,1063.144771
0.00095,0.00055,0.00015,1133.561503
0.00095,0.00055,0.0002,1162.98804
0.00095,0.00055,0.00025,1167.743107
0.00095,0.00055,0.0003,801.1310566
0.00095,0.00055,0.00035,651.7510886
0.00095,0.00055,0.0004,974.0654209
0.00095,0.00055,0.00045,935.6634145
0.00095,0.00055,0.0005,765.3928923
0.00095,0.00055,0.00055,824.5672064
0.00095,0.00055,0.0006,841.3307994
0.00095,0.00055,0.00065,838.8845945
0.00095,0.00055,0.0007,760.9389122
0.00095,0.00055,0.00075,686.4328245
0.00095,0.00055,0.0008,623.0870801
0.00095,0.00055,0.00085,560.279527
0.00095,0.00055,0.0009,511.9465088
0.00095,0.00055,0.00095,464.4407161
0.00095,0.0006,5.00E-05,1087.406576
0.00095,0.0006,0.0001,1183.086931
0.00095,0.0006,0.00015,1229.850983
0.00095,0.0006,0.0002,1126.781311
0.00095,0.0006,0.00025,1052.05517
0.00095,0.0006,0.0003,929.5958067
0.00095,0.0006,0.00035,951.6854598
0.00095,0.0006,0.0004,886.2694149
0.00095,0.0006,0.00045,820.2524939
0.00095,0.0006,0.0005,769.1769871
0.00095,0.0006,0.00055,755.3807803
0.00095,0.0006,0.0006,736.9576269
0.00095,0.0006,0.00065,705.7252756
0.00095,0.0006,0.0007,642.7881468
0.00095,0.0006,0.00075,594.2109167
0.00095,0.0006,0.0008,584.0011317
0.00095,0.0006,0.00085,509.8689588
0.00095,0.0006,0.0009,492.6377816
0.00095,0.0006,0.00095,471.9467606
0.00095,0.00065,5.00E-05,995.7672174
0.00095,0.00065,0.0001,1106.182666
0.00095,0.00065,0.00015,1097.782005
0.00095,0.00065,0.0002,1038.213903
0.00095,0.00065,0.00025,960.7739167
0.00095,0.00065,0.0003,908.1732973
0.00095,0.00065,0.00035,832.4234624
0.00095,0.00065,0.0004,777.9489658
0.00095,0.00065,0.00045,706.2128594
0.00095,0.00065,0.0005,670.2127761
0.00095,0.00065,0.00055,653.4988754
0.00095,0.00065,0.0006,632.9937633
0.00095,0.00065,0.00065,582.4487336
0.00095,0.00065,0.0007,538.3288465
0.00095,0.00065,0.00075,499.7116335
0.00095,0.00065,0.0008,517.7037704
0.00095,0.00065,0.00085,507.247861
0.00095,0.00065,0.0009,464.771461
0.00095,0.00065,0.00095,456.6087568
0.00095,0.0007,5.00E-05,823.2514011
0.00095,0.0007,0.0001,899.3642894
0.00095,0.0007,0.00015,855.6469361
0.00095,0.0007,0.0002,810.1296844
0.00095,0.0007,0.00025,732.9942582
0.00095,0.0007,0.0003,653.7719096
0.00095,0.0007,0.00035,658.4240562
0.00095,0.0007,0.0004,634.9030292
0.00095,0.0007,0.00045,598.8022597
0.00095,0.0007,0.0005,571.2592201
0.00095,0.0007,0.00055,554.7277022
0.00095,0.0007,0.0006,542.9036565
0.00095,0.0007,0.00065,524.9236893
0.00095,0.0007,0.0007,484.4768467
0.00095,0.0007,0.00075,469.3492894
0.00095,0.0007,0.0008,471.109844
0.00095,0.0007,0.00085,460.461036
0.00095,0.0007,0.0009,447.5080642
0.00095,0.0007,0.00095,452.4071302
0.00095,0.00075,5.00E-05,541.3096153
0.00095,0.00075,0.0001,590.1147191
0.00095,0.00075,0.00015,616.3897668
0.00095,0.00075,0.0002,647.5046818
0.00095,0.00075,0.00025,646.4843061
0.00095,0.00075,0.0003,571.1165845
0.00095,0.00075,0.00035,557.1781329
0.00095,0.00075,0.0004,540.0158918
0.00095,0.00075,0.00045,493.9155533
0.00095,0.00075,0.0005,464.0530589
0.00095,0.00075,0.00055,484.4607756
0.00095,0.00075,0.0006,494.2994896
0.00095,0.00075,0.00065,498.649532
0.00095,0.00075,0.0007,467.4273025
0.00095,0.00075,0.00075,447.8964754
0.00095,0.00075,0.0008,439.8684624
0.00095,0.00075,0.00085,457.4635564
0.00095,0.00075,0.0009,470.0224017
0.00095,0.00075,0.00095,484.7231324
0.00095,0.0008,5.00E-05,534.8745538
0.00095,0.0008,0.0001,570.4045013
0.00095,0.0008,0.00015,615.2684541
0.00095,0.0008,0.0002,596.0498199
0.00095,0.0008,0.00025,569.1276082
0.00095,0.0008,0.0003,544.1033441
0.00095,0.0008,0.00035,518.5983403
0.00095,0.0008,0.0004,481.4064771
0.00095,0.0008,0.00045,433.5142065
0.00095,0.0008,0.0005,438.1496228
0.00095,0.0008,0.00055,449.5123811
0.00095,0.0008,0.0006,445.9579978
0.00095,0.0008,0.00065,455.2239348
0.00095,0.0008,0.0007,447.3348841
0.00095,0.0008,0.00075,436.7103826
0.00095,0.0008,0.0008,447.3614637
0.00095,0.0008,0.00085,450.7545184
0.00095,0.0008,0.0009,463.4427435
0.00095,0.0008,0.00095,487.9287227
0.00095,0.00085,5.00E-05,606.1107505
0.00095,0.00085,0.0001,554.8238004
0.00095,0.00085,0.00015,490.8135344
0.00095,0.00085,0.0002,496.7722061
0.00095,0.00085,0.00025,498.7163952
0.00095,0.00085,0.0003,480.1286614
0.00095,0.00085,0.00035,454.7472254
0.00095,0.00085,0.0004,476.1475574
0.00095,0.00085,0.00045,474.3593549
0.00095,0.00085,0.0005,450.9624422
0.00095,0.00085,0.00055,431.8029311
0.00095,0.00085,0.0006,458.2685471
0.00095,0.00085,0.00065,439.1460697
0.00095,0.00085,0.0007,445.9355429
0.00095,0.00085,0.00075,459.990779
0.00095,0.00085,0.0008,467.8863709
0.00095,0.00085,0.00085,480.5394423
0.00095,0.00085,0.0009,496.369624
0.00095,0.00085,0.00095,495.5737989
0.00095,0.0009,5.00E-05,693.8336487
0.00095,0.0009,0.0001,538.828753
0.00095,0.0009,0.00015,484.8060768
0.00095,0.0009,0.0002,473.9113731
0.00095,0.0009,0.00025,455.0760985
0.00095,0.0009,0.0003,449.5592965
0.00095,0.0009,0.00035,442.8091855
0.00095,0.0009,0.0004,439.6416863
0.00095,0.0009,0.00045,432.7281659
0.00095,0.0009,0.0005,428.9974179
0.00095,0.0009,0.00055,446.7532635
0.00095,0.0009,0.0006,457.6485814
0.00095,0.0009,0.00065,448.5005068
0.00095,0.0009,0.0007,475.8411301
0.00095,0.0009,0.00075,463.0010236
0.00095,0.0009,0.0008,474.7301199
0.00095,0.0009,0.00085,485.0708875
0.00095,0.0009,0.0009,497.3382429
0.00095,0.0009,0.00095,509.7874444
0.00095,0.00095,5.00E-05,493.6173055
0.00095,0.00095,0.0001,495.6816803
0.00095,0.00095,0.00015,422.8913207
0.00095,0.00095,0.0002,457.7971805
0.00095,0.00095,0.00025,482.5302609
0.00095,0.00095,0.0003,467.2083067
0.00095,0.00095,0.00035,451.2305628
0.00095,0.00095,0.0004,437.0083462
0.00095,0.00095,0.00045,429.5881367
0.00095,0.00095,0.0005,439.7518192
0.00095,0.00095,0.00055,454.5930332
0.00095,0.00095,0.0006,459.4279
0.00095,0.00095,0.00065,458.6717893
0.00095,0.00095,0.0007,465.5683631
0.00095,0.00095,0.00075,462.1676938
0.00095,0.00095,0.0008,479.8145253
0.00095,0.00095,0.00085,487.0959506
0.00095,0.00095,0.0009,485.3331266
0.00095,0.00095,0.00095,491.8809388